# Restart data (ECEF, cartesian system)
# X, Y, Z, U, V, W, q0, q1, q2, q3, P, Q, R
# --Quaternion: ECEF to body. Angular velocity: body axes, relative to the inertial frame
# Output frequency: 20
# Iteration, Elapsed time
# 20000 1000.0
-3772365.4475379265 3000674.967768374 4388053.261258401 -4637.7340429502665 -5830.430768550484 0.0 0.02989696013621541 -0.3281041830194497 0.8418061336639883 -0.4275701698966388 1.678938261867179e-05 -5.392380627525427e-05 -4.612844963138464e-05
-3777000.9043524545 2994842.732246464 4388050.100087783 -4633.1785682888585 -5834.038993844649 -6.322339625859644 0.03195858688171774 -0.3291501126938736 0.8417304574315848 -0.42676537941842124 1.678938261867206e-05 -0.00983361034773396 -4.470435775290435e-05
-3781631.8026381047 2989006.8923457535 4388040.61658352 -4628.616984397703 -5837.639523873468 -12.644666096692832 0.03809716987050721 -0.332252206696631 0.8414754688071671 -0.4243537583064813 1.6789382618672332e-05 -0.019386919032676576 -4.046578794301538e-05
-3786258.1362831267 2983167.455768725 4388024.81076248 -4624.049286096737 -5841.232343765687 -18.966971827901595 0.04816091955936658 -0.3372998248408841 0.8409608932571359 -0.420350008923118 1.6789382618672603e-05 -0.028463168225033593 -3.351355950019356e-05
-3790879.8991701417 2977324.4302342637 4388002.68264968 -4619.475467288893 -5844.817435382121 -25.289248027373617 0.061890558841121004 -0.3441109602199054 0.8400648417006559 -0.41478701464886814 1.6789382618672763e-05 -0.03682425409943416 -2.4006712798294215e-05
-3795497.085175223 2971477.8234815276 4387974.232279812 -4614.895521020163 -5848.394776131878 -31.61148397462534 0.07892421852406709 -0.35244112076508294 0.8386407548781659 -0.40772283279404115 1.6789382618672898e-05 -0.04425082173088906 -1.2146797975163996e-05
-3800109.6881672777 2965627.6432747752 4387939.459699579 -4610.309440065839 -5851.964338396873 -37.93366626376167 0.09880549103255244 -0.361995486304683 0.8365387744975418 -0.3992488216626357 1.6789382618673034e-05 -0.05054801662556117 1.8538279011015362e-06
-3804717.702011488 2959773.8974028016 4387898.3649698505 -4605.717232586739 -5855.526115218295 -44.25578223320149 0.12099159420424381 -0.3724420596130385 0.833629671697778 -0.3894990588283473 1.6789382618673088e-05 -0.055510133610682924 1.7699713270666385e-05
-3809321.1206053738 2953916.593619115 4387850.94815735 -4601.1189411568475 -5859.08016313572 -50.57783083738194 0.1448276049186299 -0.3834097368635417 0.8298352844161916 -0.37867577063982 1.6789382618673088e-05 -0.058863308743970756 3.4643313193703014e-05
-3813919.937864304 2948055.739659002 4387797.209333997 -4596.514561262963 -5862.62646353752 -56.89980189440658 0.16958005227476994 -0.39451458833245595 0.8251519912495593 -0.36704909317453205 1.6789382618673088e-05 -0.06049660517703471 5.2145167829584014e-05
-3818514.1476988946 2942191.3432799475 4387737.148583766 -4591.904101016957 -5866.165009021812 -63.22168256629947 0.1944925791681223 -0.405392859932038 0.8196617251864672 -0.354942138987468 1.6789382618673088e-05 -0.060361216099009685 6.968516340460664e-05
-3823103.744061303 2936323.4122014595 4387670.766001554 -4587.287620613871 -5869.695866626475 -69.54346515516669 0.21881567512165012 -0.4157177905711969 0.8135355879776006 -0.34272184934374805 1.6789382618673088e-05 -0.05846107522681409 8.674749045642576e-05
-3827688.7209314196 2930451.9541131943 4387598.06168788 -4582.665114206302 -5873.219024739758 -75.86514440905852 0.24183460826830797 -0.4252115592533505 0.807026904051583 -0.3307850181884991 1.6789382618673088e-05 -0.05485274572476111 0.00010283566386359851
-3832269.0722791203 2924576.9767240775 4387519.035749926 -4578.036581889943 -5876.734472488842 -82.18671128299492 0.262895266152304 -0.43365224013376924 0.8004537713757481 -0.3195396275143578 1.6789382618673162e-05 -0.04966616926760823 0.00011742931891767787
-3836844.7921074387 2918698.4877200103 4387433.688308139 -4573.4020802195955 -5880.242258893763 -88.50815061595621 0.2814548881798321 -0.4408867211655322 0.7941625019570975 -0.309367040107423 1.6789382618673298e-05 -0.04318378017279664 0.00012989125759714035
-3841415.874447621 2912816.4947635178 4387342.019492577 -4568.76160289965 -5883.742373637805 -94.82945819432507 0.2970876504517767 -0.44682188941351886 0.7884963949894849 -0.3006036629493434 1.6789382618673434e-05 -0.03559930771573734 0.00014003772199980781
-3845982.3133167136 2906931.005537192 4387244.029437418 -4564.115136164199 -5887.2347950649055 -101.15062868373536 0.30945314307931704 -0.45140144254384856 0.78377790542575 -0.29354332708152037 1.6789382618673613e-05 -0.027111688060818942 0.00014771908153331793
-3850544.1027204413 2901042.027744527 4387139.71828349 -4559.4626710440125 -5890.7195031370575 -107.47165425703352 0.3182952899510259 -0.45459591635198227 0.7802832637287677 -0.28842449545050136 1.6789382618673884e-05 -0.01794358045987819 0.00015280191267477084
-3855101.236657651 2895149.5691080876 4387029.08618039 -4554.80420256646 -5894.196479755395 -113.79252533918459 0.3234405214158448 -0.45639352669649247 0.7782203529817117 -0.2854194459051534 1.6789382618674155e-05 -0.008335532080108933 0.00015519267186580937
-3859653.7091237004 2889253.637367679 4386912.133287846 -4550.139728504771 -5897.665708421392 -120.113231302315 0.32479516102431955 -0.4567926724591741 0.7777121729813674 -0.2846266567969205 1.6789382618674426e-05 0.001460319302009623 0.00015484810632530996
-3864201.5141124655 2883354.240279138 4386788.859776511 -4545.469247844868 -5901.127173396757 -126.43376107787964 0.32234337597539947 -0.45579728687115567 0.7787871958859014 -0.2860665740170468 1.6789382618674697e-05 0.01118688789651205 0.00015177945479142026
-3868744.645616742 2877451.385614108 4386659.265828085 -4540.7927591692705 -5904.580858652385 -132.75410370790703 0.31614654997187663 -0.45341574955695846 0.7813773362452822 -0.2896808164114575 1.678938261867497e-05 0.02058883424919556 0.0001460527202098851
-3873283.0976270325 2871545.081160825 4386523.351634924 -4536.110259058936 -5908.026746873497 -139.07424891522203 0.30634428801619307 -0.4496635119414228 0.7853236627482191 -0.29533480654348776 1.678938261867521e-05 0.029419295633875048 0.00013778533599218213
-3877816.8641288285 2865635.3347257595 4386381.117399072 -4531.421740702299 -5911.464818837768 -145.39418773923475 0.29315652560359745 -0.4445689938242306 0.7903894066900728 -0.30282378872580895 1.6789382618675344e-05 0.037446356770168755 0.0001271380025802806
-3882345.9390986683 2859722.1541356104 4386232.563330579 -4526.727192867932 -5914.895053375745 -151.71391324750405 0.27688564665476934 -0.43818179624517395 0.7962792281574169 -0.3118820977884934 1.678938261867548e-05 0.04445913905186323 0.0001142974673574359
-3886870.31649942 2853805.547238972 4386077.68964511 -4522.0265995337695 -5918.317428123695 -158.03342124018508 0.2579171370636244 -0.4305818800934353 0.8026631444145248 -0.3221953934225221 1.6789382618675615e-05 0.050273137415800036 9.943738621343901e-05
-3891389.990294335 2847885.521888765 4385916.496563923 -4517.319994517815 -5921.731972694013 -164.35270167883124 0.23673188361763164 -0.42189413047216445 0.8091987782493324 -0.3334077012184512 1.6789382618675622e-05 0.05463176478892665 8.303544329326961e-05
-3895904.954495148 2841962.0858965204 4385748.984322033 -4512.60740944954 -5925.138708395116 -170.67174133003022 0.21393860565044978 -0.4123118997903837 0.8155500900406464 -0.3451191402085368 1.6789382618675622e-05 0.057323603510290644 6.576387614769243e-05
-3900415.203115567 2836035.247082627 4385575.153163794 -4507.888831309087 -5928.537612169645 -176.99053343617456 0.19022450886063613 -0.4020866239293428 0.8214286625694427 -0.356925672087635 1.6789382618675622e-05 0.058267986682759815 4.812435029478564e-05
-3904920.730169758 2830105.0132715954 4385395.003339088 -4503.164290931814 -5931.928719250045 -183.3090733698975 0.16632338700095387 -0.39152028402932526 0.8266182147170692 -0.36844365271787866 1.6789382618675622e-05 0.05743639708663113 3.06347698658327e-05
-3909421.529724122 2824171.3922299957 4385208.5351046305 -4498.433830496936 -5935.312068693208 -189.62735066144452 0.1429895984487304 -0.3809562097842423 0.8309864229899316 -0.3793255933478438 1.6789382618675622e-05 0.05485333748696491 1.3814317168586542e-05
-3913917.595854777 2818234.391729059 4385015.748729505 -4493.697442133609 -5938.687633722676 -195.94535279627328 0.12096956290645494 -0.3707647929625324 0.8344864083181655 -0.38927145731728113 1.6789382618675622e-05 0.050595618860775654 -1.832166305717715e-06
-3918408.9226376154 2812294.019551805 4384816.644492237 -4488.955144444445 -5942.055435602164 -202.26307582859332 0.10096426219923584 -0.36132113802362026 0.8371490868176255 -0.3980385149910694 1.678938261867575e-05 0.04486087269670373 -1.5666553254364175e-05
-3922895.504185256 2806350.2834324143 4384611.222672393 -4484.206971126675 -5945.415513319554 -208.58051525628915 0.08356478293325507 -0.35296609413895524 0.839068570272559 -0.40545751666774155 1.6789382618675887e-05 0.037913799370769115 -2.7193847764178362e-05
-3927377.3346193316 2800403.1911096014 4384399.483561312 -4479.4529161948385 -5948.767837909269 -214.89765602979278 0.06926935800702909 -0.3460040469238657 0.8403715563368372 -0.4114105040632816 1.6789382618676022e-05 0.029937849318898382 -3.624733781480111e-05
-3931854.4080548976 2794452.7503492646 4384181.427463981 -4474.692973045543 -5952.112384662511 -221.21448593097642 0.05848717604217611 -0.34069540778978974 0.84119142225265 -0.4158159213860435 1.6789382618676256e-05 0.02114243394665423 -4.265444749865129e-05
-3936326.71860067 2788498.968939584 4383957.05469641 -4469.927135676676 -5955.449133627223 -227.53099501047504 0.05152816622259995 -0.3372432087946644 0.8416462345178267 -0.4186209289196825 1.6789382618676527e-05 0.011758569111836604 -4.627845129388663e-05
-3940794.2603598004 2782541.8546866775 4383726.365583714 -4465.15539898282 -5958.778068670501 -233.8471748520901 0.048596152604808235 -0.33578272093703 0.8418201551569371 -0.4197942408414928 1.6789382618676798e-05 0.0020328157552951948 -4.703870213910404e-05
-3945257.0274307244 2776581.4154114807 4383489.360458978 -4460.377758572972 -5962.099176015426 -240.16301787173765 0.049784781239595316 -0.33637456001230415 0.8417503712702362 -0.4193208120280628 1.678938261867707e-05 -0.007779190916385829 -4.492021417155397e-05
-3949715.013907652 2770617.6589482613 4383246.039662712 -4455.594210272607 -5965.412442474378 -246.47851666409306 0.05507567166278052 -0.33900153419955886 0.8414210231841696 -0.4171993431741525 1.678938261867734e-05 -0.017419454236735202 -3.997684502789642e-05
-3954168.2138804724 2764650.593144944 4382996.403543012 -4450.80474954791 -5968.717853605822 -252.79366335823406 0.06433851695241287 -0.343569343058971 0.8407648255771257 -0.4134430672035229 1.678938261867761e-05 -0.02663439498707192 -3.232930777898331e-05
-3958616.621434186 2758680.22586524 4382740.452456353 -4446.0093711089075 -5972.015392023501 -259.1084489306759 0.07733323265946622 -0.3499111240890695 0.8396722372208818 -0.4080837051459421 1.6789382618677797e-05 -0.035181518649444556 -2.2157821964376423e-05
-3963060.2306481046 2752706.5649922914 4382478.186769134 -4441.208068907017 -5975.305036089242 -265.4228624543438 0.09371460507659266 -0.3577957177999634 0.8380072044964285 -0.40117791854914975 1.6789382618677933e-05 -0.042835795992897996 -9.687508507734595e-06
-3967499.0355953025 2746729.6184333204 4382209.606859953 -4436.400836646551 -5978.5867592146715 -271.7368903253184 0.11304009006541857 -0.3669393458526614 0.8356277501109477 -0.3928151190416921 1.678938261867807e-05 -0.04939558926165881 4.839787364860541e-06
-3971933.0303438464 2740749.3941227673 4381934.713122299 -4431.587675417244 -5981.860542210815 -278.0505178993242 0.13478016828977196 -0.3770195971959461 0.8324092713690123 -0.3831257424200275 1.6789382618678157e-05 -0.05466866998719083 2.115967250274261e-05
-3976362.2089856053 2734765.8999733147 4381653.505956976 -4426.768628082092 -5985.126444102996 -284.3637457011276 0.15829950156899336 -0.38767670577858954 0.8282741524729008 -0.372303596470632 1.6789382618678157e-05 -0.058369851725412196 3.852520570469549e-05
-3980786.5656386684 2728779.143864065 4381365.985766997 -4421.943696747023 -5988.384457371249 -290.67656511643173 0.1828704648186328 -0.3985305918213714 0.8232185206728423 -0.3606147912950075 1.6789382618678157e-05 -0.06036071361803002 5.6335402142243816e-05
-3985206.0944162384 2722789.133696248 4381072.152967391 -4417.112880970832 -5991.634563238736 -296.988962873309 0.20773661662629353 -0.4092178593262299 0.8173233988563877 -0.34838011338616987 1.6789382618678157e-05 -0.060581153226817515 7.405825420683865e-05
-3989620.789461134 2716795.877347982 4380772.007983846 -4412.276239741553 -5994.876828771432 -303.3009326043825 0.23214430612825546 -0.4194100151963143 0.8107596170585557 -0.33596592629658506 1.6789382618678157e-05 -0.05902402460726842 9.116961357471809e-05
-3994030.644955256 2710799.3826516215 4380465.551246455 -4407.433777212253 -5998.111255536895 -309.61246943400374 0.2553711853160765 -0.4288262462346316 0.8037823472460194 -0.3237708240503719 1.6789382618678157e-05 -0.05573538494799366 0.00010716863996949623
-3998435.6550716716 2704799.657457084 4380152.783191915 -4402.585486047664 -6001.337824920905 -315.9235651066972 0.27675165558389214 -0.43724076229092834 0.7967152498254946 -0.31220801978540286 1.678938261867821e-05 -0.05082139339929243 0.00012157094405391968
-4002835.8140046475 2698796.709602718 4379833.704268096 -4397.731419585183 -6004.5565842502965 -322.2342061528102 0.29572084836779267 -0.4444933648811342 0.7899170508190211 -0.30167181048725794 1.6789382618678346e-05 -0.044552786832483426 0.00013373283407561076
-4007231.1159872767 2692790.5468915394 4379508.3149329545 -4392.871582585605 -6007.76753473719 -328.54438707284424 0.31183913428130244 -0.45048834986222025 0.7837442116706002 -0.29250916505629565 1.6789382618678482e-05 -0.03714077784222337 0.00014343460173817766
-4011621.555241543 2686781.1771436404 4379176.61564916 -4388.005960929254 -6010.970654092434 -334.8541022921202 0.32475474139526955 -0.4551689171104296 0.7785347383108664 -0.28502504465580075 1.678938261867864e-05 -0.028780300992079344 0.00015055179808414474
-4016007.125977801 2680768.6082006255 4378838.606886282 -4383.134545411876 -6014.165921709341 -341.16334371912296 0.3342000381991167 -0.4585059421581178 0.7745829644874057 -0.2794706900540879 1.6789382618678912e-05 -0.01969138298618866 0.00015497212329088232
-4020387.8223993788 2674752.847923657 4378494.289122928 -4378.257331020192 -6017.35331908457 -347.4721014914141 0.339989561614804 -0.4604884069122458 0.7721163645839269 -0.2760323253426959 1.6789382618679183e-05 -0.010113363710316847 0.00015662310117872625
-4024763.638706195 2668733.904191441 4378143.662848158 -4373.374315732455 -6020.532829538805 -353.7803646627839 0.3420170751209549 -0.46111529655509215 0.7712777198514644 -0.27482300207468585 1.6789382618679454e-05 -0.0002986038499017098 0.0001554836155452315
-4029134.569097038 2662711.784898779 4377786.728562282 -4368.485499028202 -6023.704437392354 -360.088121785965 0.3402531193498108 -0.46039024141790286 0.7721140419183963 -0.2758777748430015 1.6789382618679725e-05 0.009494155858921308 0.00015158827127373213
-4033500.6077702516 2656686.4979561092 4377423.486777079 -4363.590880268604 -6026.868126852336 -366.3953614219082 0.3347440548660701 -0.45831972548525646 0.7745730809181248 -0.2791522689858432 1.6789382618679996e-05 0.01900660941771527 0.000145027473287517
-4037861.7489228053 2650658.051290184 4377053.938015578 -4358.6904570904335 -6030.023880918993 -372.7020726501447 0.32561293040753 -0.45491512081138147 0.778507662163511 -0.28452464280144873 1.6789382618680264e-05 0.027987695303901147 0.00013594387054217174
-4042217.986747825 2644626.4528457024 4376678.0828112075 -4353.784223957431 -6033.171680614526 -379.00824565297256 0.3130617771744712 -0.4501982131346521 0.7836875136967955 -0.2918009140466546 1.67893826186804e-05 0.03620022196433135 0.0001245242469554052
-4046569.3154308405 2638591.710587444 4376295.921706389 -4348.872171032396 -6036.311504779249 -385.31387240026635 0.2973742794403874 -0.44420933521113803 0.7898176662084224 -0.30072355841149223 1.6789382618680535e-05 0.043427134430547416 0.00011098332089177251
-4050915.7291450957 2632553.8325022594 4375907.455250367 -4343.9542835556895 -6039.443330571374 -391.61894738648493 0.27891733703722543 -0.4370167949230471 0.7965619365965595 -0.3109831526317609 1.678938261868067e-05 0.04947725651049165 9.552825537668577e-05
-4055257.222057791 2626512.826588667 4375512.683997644 -4339.030580223294 -6042.567173771279 -397.9234635794855 0.25814877361248373 -0.4287295576613991 0.8035666564475566 -0.32222787855107543 1.6789382618680698e-05 0.05411532942093938 7.856986999442181e-05
-4059593.788381889 2620468.700802967 4375111.608513785 -4334.101105259273 -6045.683071578283 -404.2274081312497 0.23565546978880042 -0.4195226917371726 0.8104767581099276 -0.33405783217855994 1.6789382618680698e-05 0.05709464594384462 6.0866153946873725e-05
-4063925.4223407153 2614421.4631015556 4374704.229374603 -4329.165847422487 -6048.791001269124 -410.53077308906467 0.21211362579521106 -0.4096318548553645 0.8169769450231694 -0.34606101274251067 1.6789382618680698e-05 0.058323828467940174 4.293743132271203e-05
-4068252.1181527073 2608371.121452767 4374290.547162172 -4324.224823535256 -6051.890981675394 -416.83355454658493 0.1882520282822829 -0.3993449181859459 0.8228207445030989 -0.3578419100413377 1.6789382618680698e-05 0.057765202159866906 2.5312329304637813e-05
-4072573.8700835276 2602317.683768388 4373870.56246225 -4319.2780854903785 -6054.9830697138195 -423.13574572458737 0.16482657421992253 -0.38899390781171445 0.82784464318548 -0.3690381916081331 1.6789382618680698e-05 0.05543476649384961 8.516303141786991e-06
-4076890.672417238 2596261.157952527 4373444.275872025 -4314.325628084427 -6058.067240308489 -429.43733307179434 0.14259169595441654 -0.37894156751582325 0.8319719019026346 -0.3793331663564459 1.6789382618680698e-05 0.051401761660573475 -6.944170519948781e-06
-4081202.519435069 2590201.551927166 4373011.687999768 -4309.367461410402 -6061.143500879368 -435.73831086188176 0.12226593460621522 -0.36956132107508566 0.8352066505394161 -0.3884653422054996 1.6789382618680813e-05 0.045835943880783846 -2.0485670190711895e-05
-4085509.4054503813 2584138.873568977 4372572.7994533 -4304.403624074427 -6064.211903915701 -442.0386791320572 0.10446506465774857 -0.36119827913990965 0.837622358029436 -0.3962469416180112 1.678938261868095e-05 0.03901832925964402 -3.156206555549388e-05
-4089811.3247919884 2578073.1307473294 4372127.610849952 -4299.434113049209 -6067.27242312784 -448.338422149118 0.08970663969626633 -0.35416096587922824 0.8393322938913452 -0.4025469282866147 1.6789382618681084e-05 0.031135141671569277 -4.0020150624981454e-05
-4094108.2717833193 2572004.331359226 4371676.122821915 -4294.458922566381 -6070.325032984925 -454.63752651823967 0.0784199894323582 -0.34871641564316647 0.8404617394117785 -0.40727291992389925 1.6789382618681304e-05 0.02239444276165103 -4.570939350384011e-05
-4098400.240742142 2565932.4833247517 4371218.336013443 -4289.478047181585 -6073.369712788625 -460.93598137330383 0.07093499702497122 -0.34507617029050436 0.8411256232031225 -0.4103636788092546 1.6789382618681575e-05 0.013027127652717406 -4.851435420977285e-05
-4102687.225981134 2559857.594582595 4370754.251078717 -4284.491482187565 -6076.406445843523 -467.2337776179279 0.06747422734157914 -0.3433851574068006 0.8414092201401042 -0.41178196485589974 1.6789382618681846e-05 0.0032808392275458834 -4.8376822064445974e-05
-4106969.2218086272 2553779.6730866926 4370283.868680441 -4279.499223543978 -6079.4352180461365 -473.5309071689114 0.06814808060923974 -0.34371408596961045 0.8413541402397658 -0.41150902410124157 1.6789382618682117e-05 -0.0065865675240043935 -4.5305888244831644e-05
-4111246.222529081 2547698.7268045307 4369807.189489202 -4274.501267467757 -6082.456016121307 -479.82736223356375 0.07295242936210951 -0.3460556675397052 0.8409512297493857 -0.40954175269050586 1.678938261868239e-05 -0.016313839066506124 -3.938108929890765e-05
-4115518.2224430814 2541614.7637172327 4369324.214183529 -4269.497609913715 -6085.468825745554 -486.12313459703756 0.08176843472005972 -0.35032480658184656 0.8401412151856958 -0.4058930789298153 1.678938261868266e-05 -0.025643235195341122 -3.075016431660169e-05
-4119785.215846867 2535527.7918215157 4368834.943450682 -4264.488246202787 -6088.473629800718 -492.4182148775191 0.0943645969892823 -0.3563627734147606 0.8388230569843376 -0.40059552622394756 1.6789382618682873e-05 -0.03432735674435824 -1.9621411582510756e-05
-4124047.197031666 2529437.819133194 4368339.377988223 -4259.473171020524 -6091.4704070023745 -498.71259173220125 0.11040144532282027 -0.3639452367018751 0.8368691140484696 -0.39370734245677735 1.678938261868301e-05 -0.042135708520898436 -6.248985595679485e-06
-4128304.1602832587 2523344.8536918093 4367837.518506359 -4254.452378915017 -6094.459131139334 -505.00625105681553 0.12943948331483693 -0.37279384904603413 0.8341454270005442 -0.385320091465149 1.6789382618683144e-05 -0.04886082346435251 9.094550711379299e-06
-4132556.099882765 2517248.903564671 4367329.3657309 -4249.425869194271 -6097.439778848498 -511.29917698969615 0.15095039288277104 -0.38259056042465645 0.830534893478732 -0.3755665489320847 1.6789382618683246e-05 -0.05431172450606985 2.6134100516919774e-05
-4136803.010130815 2511149.9768041125 4366814.920395661 -4244.393682300714 -6100.4124079366975 -517.5913714366283 0.17430278601745083 -0.39298117148903516 0.8259667733374357 -0.3646412305050071 1.6789382618683246e-05 -0.05820023864025472 4.411056384792977e-05
-4141044.885356974 2505048.0814217594 4366294.183234262 -4239.355824257095 -6103.377018017606 -523.8828271118282 0.19876681735430296 -0.4035884262684286 0.82044541723083 -0.35281362196766725 1.6789382618683246e-05 -0.060370430760165274 6.236724690760604e-05
-4145281.7198872003 2498943.225449821 4365767.154992453 -4234.31229252429 -6106.333586668702 -530.1735300543367 0.22358091610008365 -0.41405043771342726 0.8140610121414867 -0.3404092793922414 1.6789382618683246e-05 -0.060755870717221154 8.035398715758313e-05
-4149513.508071557 2492835.4169040653 4365233.83642639 -4229.26314253178 -6109.282179050925 -536.463475772909 0.2479853365669024 -0.4240399318839675 0.8069946985981626 -0.3278001913515322 1.6789382618683246e-05 -0.059343925274670785 9.753383191684088e-05
-4153740.244302697 2486724.663747254 4364694.228294649 -4224.208383933897 -6112.22280482037 -542.7526601886223 0.27125129184585 -0.4332774257344888 0.7995133885491883 -0.31539142434671064 1.6789382618683246e-05 -0.056176199755906916 0.000113399064785857
-4157961.9229662665 2480610.9739576476 4364148.331362582 -4219.148007651313 -6115.155442850436 -549.0410747357944 0.2927067342208624 -0.44153878500732213 0.7919540202089581 -0.3036035226259477 1.6789382618683286e-05 -0.05135163914162108 0.00012747510380448887
-4162178.5384640675 2474494.355506717 4363596.146405819 -4214.0820631040115 -6118.080138580092 -555.3287079812965 0.3117771527381904 -0.448664392176221 0.7846907941937276 -0.29284061830836644 1.6789382618683422e-05 -0.045133866244179525 0.00013913841664443653
-4166390.0852398323 2468374.816325299 4363037.674208917 -4209.01056080833 -6120.996899899871 -561.615554246499 0.32801731506815335 -0.45456063889752507 0.7780944571982749 -0.28345772569798805 1.6789382618683557e-05 -0.037746494864829304 0.00014815915097202422
-4170596.5577283716 2462252.364359387 4362472.915561681 -4203.933486751022 -6123.905703876429 -567.9016073829996 0.34107233709395635 -0.459173762138109 0.7725165392526047 -0.27576677394925725 1.6789382618683717e-05 -0.029385232527564392 0.0001544364586322276
-4174797.950353032 2456127.0075770505 4361901.8712613825 -4198.850831934514 -6126.806529420241 -574.1868587699471 0.35067188670394434 -0.46247760474870453 0.7682641612364617 -0.2700256868170752 1.6789382618683988e-05 -0.02027185406171522 0.0001578821053276589
-4178994.2575303838 2449998.7539663096 4361324.542114822 -4193.76259165156 -6129.699357727342 -580.4712980715287 0.3566278495130086 -0.464463653673109 0.765576132021459 -0.2664268707308158 1.678938261868426e-05 -0.010648337059986874 0.0001584501040916016
-4183185.4736739527 2443867.611532954 4360740.928939717 -4188.668764280521 -6132.584171985469 -586.7549139147181 0.35883101057326056 -0.4651325355278399 0.7646044269451503 -0.26508885404764554 1.678938261868453e-05 -0.0007704517799600069 0.00015614849053287956
-4187371.5931965713 2437733.588298918 4360151.03256543 -4183.5693497880875 -6135.460956502407 -593.0376944419672 0.35724830307878946 -0.46448830742627 0.7654025003019626 -0.2660512633743894 1.67893826186848e-05 0.00909902520762846 0.00015104330166745099
-4191552.6105111493 2431596.6923017674 4359554.853833229 -4178.464348099322 -6138.32969551988 -599.3196277761934 0.3519217025454228 -0.46253641787373584 0.767921301555212 -0.2692731921967225 1.6789382618685072e-05 0.018697294073673362 0.00014325799107530154
-4195728.520029825 2425456.931595358 4358952.393596094 -4173.353757473036 -6141.190372030594 -605.6007024836184 0.3429691532346148 -0.45928563740812345 0.7720132767251101 -0.27463496456260555 1.6789382618685343e-05 0.027768526368062825 0.00013296906052312002
-4199899.316161528 2419314.3142515575 4358343.652717971 -4168.2375730206595 -6144.042966915318 -611.8809081206216 0.3305871443709473 -0.4547536463698232 0.7774440503073904 -0.2819432739606535 1.678938261868549e-05 0.036070685403828275 0.00012039705064942012
-4204064.993308239 2413168.848362554 4357728.632072504 -4163.115785528798 -6146.887458660479 -618.1602359040975 0.3150538618528981 -0.44897539649746626 0.7839108950722025 -0.2909396261402293 1.6789382618685624e-05 0.04338199072236006 0.00010578937360611424
-4208225.545860224 2407020.542043092 4357107.332540942 -4157.988380774228 -6149.723823809063 -624.4386794655584 0.29673136729853655 -0.4420129104977116 0.7910665138883306 -0.30131188695278327 1.678938261868576e-05 0.04950685390648001 8.938375968772484e-05
-4212380.968201616 2400869.4034202658 4356479.755010211 -4152.85537633236 -6152.552077997434 -630.716232609332 0.2760737060057636 -0.4339682502084004 0.7985431607270804 -0.3127038329143197 1.6789382618685793e-05 0.054206948117673265 7.162396503446693e-05
-4216531.25476138 2394715.4405771703 4355845.900376254 -4147.716816606644 -6155.372261199808 -636.9928842552088 0.25366607722609513 -0.42500923129550067 0.8059682429780778 -0.3247088940715402 1.6789382618685793e-05 0.057229287421621436 5.331695400643655e-05
-4220676.399979578 2388558.661595882 4355205.769545127 -4142.572691036501 -6158.184350366567 -643.2686256629083 0.2301861816696029 -0.4153649717874616 0.8130069830406509 -0.33690637795611544 1.6789382618685793e-05 0.05847960752047333 3.5007420727726514e-05
-4224816.398291607 2382399.0745707 4354559.363429519 -4137.423015827791 -6160.988364797018 -649.5434537687131 0.20636712619126835 -0.4053179209243822 0.8193931347267298 -0.3488909327681026 1.6789382618685793e-05 0.057918746446387843 1.7241080193419352e-05
-4228951.244178828 2376236.6875373875 4353906.682943402 -4132.267841996781 -6163.784363990694 -655.8173643041923 0.18297170507739655 -0.39519603110590656 0.824944088146255 -0.36028974946805425 1.6789382618685793e-05 0.05556248209240986 5.533882437861756e-07
-4233080.932141288 2370071.508522898 4353247.729011581 -4127.107165212493 -6166.572322782008 -662.090342938769 0.16076324619079815 -0.3853593327291234 0.8295654545890417 -0.3707755654101792 1.6789382618685793e-05 0.05148112908372636 -1.454674701756487e-05
-4237205.456676876 2363903.545571965 4352582.502570476 -4121.940995664121 -6169.352249456832 -668.3623844492674 0.14047018912723452 -0.3761796767899541 0.8332458030622335 -0.3800768454088441 1.678938261868591e-05 0.04584798333490314 -2.7485458431489047e-05
-4241324.812314632 2357732.806682435 4351911.004554153 -4116.769370627054 -6172.124197892089 -674.6334909571735 0.12271775092489053 -0.3680015194534704 0.8360462611968584 -0.38799727373607656 1.6789382618686044e-05 0.038948398480827866 -3.774601700756052e-05
-4245438.993598912 2351559.2998444787 4351233.235905776 -4111.592287902913 -6174.888141607963 -680.9036459238046 0.10803206379549862 -0.36113321434278517 0.8380701882597993 -0.3943985728178005 1.678938261868618e-05 0.030972343878508203 -4.519620298659959e-05
-4249547.995069557 2345383.0330760726 4350549.197584222 -4106.4097425216105 -6177.644054925247 -687.1728351904201 0.09684932758402218 -0.3558414453379342 0.8394346272667239 -0.39918238948118584 1.6789382618686413e-05 0.02213244262085278 -4.971002135074816e-05
-4253651.811261456 2339204.014418413 4349858.890561133 -4101.221729654293 -6180.391917014858 -693.4410472879784 0.08950382834333424 -0.35233682315940534 0.8402477321958328 -0.402282955514629 1.6789382618686685e-05 0.012664664093500406 -5.1201372762134887e-05
-4257750.436704953 2333022.251931418 4349162.315818576 -4096.028245062848 -6183.131711059156 -699.70827264478 0.08621947415707998 -0.35076246423670354 0.840589332360495 -0.4036600925040882 1.6789382618686956e-05 0.0028220442365135983 -4.9645678568780284e-05
-4261843.865926451 2326837.753690402 4348459.474347593 -4090.8292850724824 -6185.8634228046085 -705.9745027723241 0.08710454959431152 -0.3511862244891764 0.8404969344123 -0.4032938586347873 1.6789382618687227e-05 -0.007132062054695008 -4.5089155452855905e-05
-4265932.093448813 2320650.5277843946 4347750.367147505 -4085.624846212605 -6188.58703874721 -712.2397294687116 0.09214917671689618 -0.3535969254434191 0.8399588304656564 -0.40118188726577153 1.6789382618687498e-05 -0.01693101703724812 -3.765094108784325e-05
-4270015.113791348 2314460.5823163656 4347034.995226021 -4080.414924759537 -6191.302544207907 -718.5039440246674 0.101225205804612 -0.3579047304819622 0.8389151477790973 -0.3973399507162896 1.678938261868777e-05 -0.026312037274760385 -2.7519621818223104e-05
-4274092.92146938 2308267.9254053016 4346313.359600156 -4075.1995164413156 -6194.00992156034 -724.7671364010109 0.11408861348028111 -0.3639456812975228 0.8372667653668481 -0.391805682642767 1.6789382618687982e-05 -0.035023241198225176 -1.4944092681233506e-05
-4278165.510993697 2302072.565189873 4345585.461297988 -4069.9786165245882 -6196.709148873081 -731.0292943739606 0.13038482421293562 -0.3714902476702237 0.8348911140964747 -0.3846447986176661 1.6789382618688118e-05 -0.04283041829875549 -2.1686869316182922e-07
-4282232.876870345 2295874.5098331585 4344851.301361245 -4064.752220402242 -6199.400199214242 -737.2904027063572 0.1496575610202479 -0.38025553789613165 0.8316630499938072 -0.37595865677464113 1.6789382618688253e-05 -0.049523338036174896 1.6356634271598043e-05
-4286295.013602171 2289673.7675257074 4344110.880848223 -4059.520330632886 -6202.083053671209 -743.5504457386065 0.17136053506710436 -0.38991999829864044 0.8274785880927398 -0.3658922630998777 1.6789382618688348e-05 -0.05490154380891634 3.444859784201636e-05
-4290351.915715068 2283470.346434194 4343364.200822435 -4054.2829871685003 -6204.757774807421 -749.8094288628779 0.1948395454769685 -0.4001258350943335 0.8222865416984866 -0.3546571738311994 1.6789382618688348e-05 -0.058669812576178516 5.3209233250907174e-05
-4294403.577759481 2277264.2546896148 4342611.262346751 -4049.040192655477 -6207.42435527006 -756.0673431487894 0.2193479505789619 -0.4104970847254319 0.8161157862549646 -0.3425399880804751 1.6789382618688348e-05 -0.06068402686017746 7.197572880673184e-05
-4298449.9942824915 2271055.5004452732 4341852.066497431 -4043.791948583382 -6210.08277719656 -762.324174351054 0.24411269157352472 -0.4206768926062592 0.8090841840537831 -0.3298829018817057 1.6789382618688348e-05 -0.060881216183265925 9.017580654150949e-05
-4302491.159861165 2264844.0918272277 4341086.614358867 -4038.53831151143 -6212.733113435186 -768.5799220878375 0.26836750314505886 -0.43034600158688563 0.8014022613162924 -0.31707352101839104 1.6789382618688348e-05 -0.05925387029897652 0.00010725942117790498
-4306527.069108897 2258630.0369133977 4340314.907015943 -4033.2792846797333 -6215.375364697515 -774.8345816874349 0.29138247300767595 -0.4392354098793012 0.7933660783267761 -0.3045304170234643 1.6789382618688348e-05 -0.0558502593597963 0.00012271534384163962
-4310557.7166310195 2252413.343800171 4339536.945561349 -4028.0148626944897 -6218.00951289349 -781.0881436551847 0.3124899868137058 -0.4471332032246351 0.7853392590631162 -0.29268439468041807 1.6789382618688416e-05 -0.050783275860928734 0.00013606279411654425
-4314583.0970558 2246194.02056824 4338752.731097564 -4022.7450982998284 -6220.635611269306 -787.3405990985934 0.33112989926170733 -0.4538942716800819 0.7777154410231663 -0.2819426763458875 1.678938261868855e-05 -0.04433541572569998 0.0001467105428573763
-4318603.205047721 2239972.0752611095 4337962.2647336805 -4017.469994375236 -6223.253659258064 -793.5919428642567 0.3468703030991251 -0.4594367420424759 0.7708792178277153 -0.2726611531015126 1.6789382618688687e-05 -0.036722836429187916 0.00015449514400395147
-4322618.035260331 2233747.5159410173 4337165.547584802 -4012.189537965151 -6225.863633449853 -799.8421676607527 0.3593690335536784 -0.4637161996855761 0.7651905137684895 -0.26515026213559983 1.6789382618688873e-05 -0.028149692317938683 0.00015933749694270499
-4326627.582336809 2227520.3506925767 4336362.580774521 -4006.9037211688365 -6228.465512617787 -806.0912639132862 0.3683692007066557 -0.46671379861681617 0.7609582629772579 -0.2596630203899586 1.6789382618689144e-05 -0.018846287790072195 0.00016118106386100214
-4330631.840914611 2221290.5876203906 4335553.36543684 -4001.6125402869825 -6231.059278019133 -812.3392205305785 0.3736961080737111 -0.4684259830929528 0.7584165416586173 -0.2563838265424417 1.6789382618689415e-05 -0.009062914557603174 0.00016001819511634243
-4334630.805629073 2215058.234846712 4334737.902717324 -3996.315994520711 -6233.644912937811 -818.5860255510864 0.3752535274957437 -0.46885599904371017 0.7577065400856223 -0.2554205187023955 1.6789382618689686e-05 0.0009368627577698412 0.00015590001362704634
-4338624.471115535 2208823.3005099115 4333916.19377372 -3991.0140844100015 -6236.22240165837 -824.8316666435139 0.37302091677847077 -0.4680085253144731 0.7588657726947178 -0.2567998343285492 1.6789382618689957e-05 0.010883293240234109 0.00014893883010938712
-4342612.832009863 2202585.792764119 4333088.23977612 -3985.706810165579 -6238.791728162647 -831.076131520985 0.3670526157643127 -0.4658882467826169 0.7618253224927927 -0.26046630641821594 1.678938261869023e-05 0.020507708579093682 0.00013930597057396286
-4346595.8829472745 2196345.7197801536 4332254.041906705 -3980.3941700267205 -6241.352874887124 -837.3194083721559 0.3574792954699077 -0.4625025780128332 0.7664153138229767 -0.26628459470921356 1.6789382618690496e-05 0.029549778867121478 0.0001272255665585032
-4350573.618559602 2190103.08974756 4331413.601359007 -3975.076158782635 -6243.905821868896 -843.5614864041947 0.3445111180943731 -0.4578681067510943 0.7723782068896193 -0.2740452368706847 1.678938261869063e-05 0.037764559652374664 0.00011296305991155693
-4354546.033471256 2183857.91087716 4330566.919336558 -3969.75276662441 -6246.450546541327 -849.8023565347798 0.3284413571474951 -0.4520197436266076 0.7793889014432756 -0.28347374939117664 1.6789382618690767e-05 0.04492913955451979 9.680381111530491e-05
-4358513.122294274 2177610.1914034113 4329713.997050804 -3964.42397900077 -6248.987024885477 -856.0420121774251 0.30964878463567874 -0.4450211225599215 0.7870800291281299 -0.2942428561525614 1.6789382618690903e-05 0.050847699592064775 7.901023270710779e-05
-4362474.879644075 2171359.939561677 4328854.8357188925 -3959.0898326682436 -6251.5152960281075 -862.2804474559414 0.28861438039071363 -0.4369811538424538 0.795064009556708 -0.3059778281604944 1.678938261869091e-05 0.05524165651426886 6.023281134110708e-05
-4366431.300182259 2165107.1635404234 4327989.436565981 -3953.750354129454 -6254.03537989908 -868.5176524994145 0.26595326252089774 -0.428077268096123 0.8029524036533855 -0.31825485410453874 1.678938261869091e-05 0.05789975490370014 4.1246693048505505e-05
-4370382.378571104 2158851.8715391825 4327117.800827014 -3948.405531902989 -6256.5472520527355 -874.75361828452 0.2423641218826087 -0.418546469366787 0.8104030895800253 -0.33064379293103124 1.678938261869091e-05 0.05873849622370255 2.262219298973573e-05
-4374328.109477045 2152594.0717560756 4326239.929741808 -3943.0554012996786 -6259.050961884598 -880.9883460500077 0.21859857361155213 -0.40867932666888057 0.8171473349011434 -0.342733284978894 1.678938261869091e-05 0.05773031831129683 4.924630811949941e-06
-4378268.487615619 2146333.772324794 4325355.82454985 -3937.6999963783787 -6261.5465436297445 -887.2218290910774 0.1954338554597208 -0.3988108519241792 0.8230035691884336 -0.3541477624251754 1.678938261869091e-05 0.05490455048907016 -1.1302616913720218e-05
-4382203.507709878 2140070.981387339 4324465.486503535 -3932.339311669438 -6264.033969950159 -893.4540524971165 0.17364224541824852 -0.3893057023066497 0.8278801173754319 -0.36455994296147815 1.678938261869093e-05 0.05034661727667789 -2.555508504036526e-05
-4386133.164486416 2133805.7070917264 4323568.916864076 -3926.9733697903953 -6266.513275929759 -899.6850180206036 0.15394727640555814 -0.3805334187956177 0.8317692901954168 -0.37370362743067187 1.6789382618691065e-05 0.04428583716859439 -3.7216265096711866e-05
-4390057.452705842 2127537.957531641 4322666.116887674 -3921.60219697841 -6268.984493562584 -905.9147231402341 0.13695831640472816 -0.37282992228129525 0.834734356039938 -0.38139064417719515 1.67893826186912e-05 0.03698651008652863 -4.593012844036891e-05
-4393976.36713555 2121267.7408106774 4321757.087843824 -3916.225789662917 -6271.447593143163 -912.1431502829575 0.12319121268320113 -0.366495868303713 0.8368749370865121 -0.38748553948553544 1.6789382618691353e-05 0.028645786753103676 -5.1592648735529086e-05
-4397889.902538895 2114995.065059669 4320841.831017856 -3910.8441435255713 -6273.902549945597 -918.3702852721412 0.11306596226403999 -0.36178580830710827 0.8383002522152702 -0.39189259270965254 1.6789382618691624e-05 0.019489394023881106 -5.4111091924943844e-05
-4401798.053674925 2108719.938431743 4319920.347707857 -3905.4572543685604 -6276.3493440003385 -924.596116605505 0.10689463127322853 -0.3588938788564861 0.8391067352588831 -0.3945486134400741 1.6789382618691895e-05 0.009765572853309413 -5.344523363222481e-05
-4405700.815298723 2102442.3690980277 4318992.63922244 -3900.0651184811295 -6278.7879590520215 -930.8206345981938 0.1048731196391978 -0.35794289569638854 0.8393595310208164 -0.39541635004402903 1.6789382618692167e-05 -0.0002616279132128604 -4.9624530380258516e-05
-4409598.182161876 2096162.3652446985 4318058.70687936 -3894.6677325574356 -6281.218380935582 -937.0438304966117 0.10707625664722607 -0.3589774081938543 0.8390801634643272 -0.39447987901731857 1.6789382618692438e-05 -0.010319504084198905 -4.275443993605505e-05
-4413490.149012749 2089879.9350718637 4317118.5520050395 -3889.2650933432633 -6283.640595637058 -943.2656955952226 0.11345578409920735 -0.36196103179542805 0.8382418982691646 -0.3917429214448306 1.678938261869271e-05 -0.020134101970221238 -3.301587532012836e-05
-4417376.710596289 2083595.0867943915 4316172.175934935 -3883.8571972654804 -6286.054587321601 -949.4862203435414 0.12384106138536848 -0.36677818763370007 0.8367734014461593 -0.3872304575098765 1.678938261869298e-05 -0.02943767699214292 -2.0658856663325304e-05
-4421257.861653654 2077307.8286446317 4315219.580014879 -3878.444040304879 -6288.460336616031 -955.7053934280298 0.13794268807044988 -0.37324020970677707 0.8345703149160915 -0.3809933728121732 1.678938261869316e-05 -0.037976002365469955 -5.989800710632137e-06
-4425133.596921882 2071018.1688765963 4314260.765603264 -3873.0256183079587 -6290.857819426986 -961.9232008548048 0.15535953838500627 -0.3810955876675902 0.8315134168779484 -0.37311526964873876 1.6789382618693295e-05 -0.045515328486446495 1.0650621769580419e-05
-4429003.911134084 2064726.115770956 4313295.734074176 -3867.6019278072235 -6293.247006546622 -968.1396251281119 0.17558980769883356 -0.39004386202788677 0.8274912017523441 -0.36372010688044015 1.678938261869343e-05 -0.051848802314651186 2.8929585266377517e-05
-4432868.799025961 2058431.677627673 4312324.486817648 -3862.1729858378517 -6295.62790892793 -974.3546578521681 0.19803874064363183 -0.39974907407205457 0.8224259513593889 -0.35298284591949136 1.6789382618693478e-05 -0.05673366093898535 4.832075351917058e-05
-4436728.255365964 2052134.8626962353 4311347.025219965 -3856.7388238354138 -6298.000580254816 -980.5683056120151 0.22199330586934538 -0.4098400269364921 0.8163098764706702 -0.34115730982397846 1.6789382618693478e-05 -0.05989858374649146 6.788131832783425e-05
-4440582.274932098 2045835.6792192606 4310363.350672867 -3851.2994373017104 -6300.364995216403 -986.7805539620249 0.24667672485273404 -0.41994481130195516 0.8092228384856678 -0.32856558941814484 1.6789382618693478e-05 -0.061240598239389266 8.699175349332769e-05
-4444430.852504456 2039534.1354565069 4309373.464582411 -3845.8548477573436 -6302.721167578683 -992.9913930308813 0.2713010053821638 -0.42972019620683616 0.8013389177625359 -0.3155824081436627 1.6789382618693478e-05 -0.06071601243256319 0.00010506077221062976
-4448273.982909377 2033230.239608089 4308377.368355029 -3840.4051019547305 -6305.069165304661 -999.2008269495732 0.29509900390535515 -0.43886781975201716 0.7929255281951492 -0.302623068216258 1.6789382618693478e-05 -0.058339133344623754 0.00012153424456141863
-4452111.660986277 2026923.9998579826 4307375.063399697 -3834.950190010515 -6307.408966820221 -1005.4088472523615 0.31735352521088933 -0.447144643395339 0.784330942583859 -0.2901264903875408 1.6789382618693478e-05 -0.0541819470946881 0.00013591198273148452
-4455943.881570185 2020615.4244072938 4306366.551135091 -3829.490126442675 -6309.740577725599 -1011.6154442973755 0.3374258712510505 -0.45436860691819214 0.775959320590139 -0.2785320147612857 1.6789382618693606e-05 -0.048422311410115285 0.00014766804969893615
-4459770.63953828 2014304.5214142196 4305351.832987035 -3824.024958001587 -6312.064050623754 -1017.8206133830549 0.35480968313456007 -0.46042888211560434 0.7682221956343073 -0.2682349555940315 1.6789382618693742e-05 -0.0413576069163615 0.00015636530032180377
-4463591.929780305 2007991.2990257868 4304330.910386404 -3818.5546721191677 -6314.379364367308 -1024.024348145065 0.36911146231179226 -0.4652663792891076 0.7615129232892075 -0.25958041597312415 1.6789382618693878e-05 -0.033187323844298997 0.00016194290969249913
-4467407.747173171 2001675.7654129984 4303303.784771869 -3813.079258371881 -6316.686495661186 -1030.2266394696198 0.3800259055966113 -0.46885354904959264 0.7561862510623553 -0.2528616505588331 1.678938261869414e-05 -0.02413447651372256 0.00016435186702253601
-4471218.086585871 1995357.9287688548 4302270.457592253 -3807.5987112085886 -6318.985423867648 -1036.4274763826465 0.387333195291128 -0.47118314637988756 0.752531100943722 -0.24830702870749372 1.678938261869441e-05 -0.014446684159307164 0.00016358516920017568
-4475022.942883828 1989037.7973056706 4301230.93030794 -3802.1130288170107 -6321.276130907674 -1042.626846781003 0.3908949084672552 -0.4722580673608554 0.750748305190904 -0.246070052220808 1.678938261869468e-05 -0.00438942678510948 0.00015969526130730962
-4478822.310931903 1982715.379252884 4300185.204391753 -3796.6222116306303 -6323.558600430465 -1048.8247379905222 0.3906501805938314 -0.47208379142803786 0.750935187519999 -0.24622281457500983 1.678938261869495e-05 0.005761208199287112 0.00015279945571156542
-4482616.185595836 1976390.6828559462 4299133.281329301 -3791.126260651974 -6325.832816512373 -1055.0211371777782 0.38661359195305894 -0.4706646080955946 0.753078159969369 -0.2487529742144278 1.6789382618695223e-05 0.015726091218184246 0.0001430791451937614
-4486404.561741927 1970063.7163766234 4298075.162618954 -3785.6251757324862 -6328.098762226867 -1061.2160317165358 0.3788755260508062 -0.4680042059392087 0.7570538758294797 -0.25356424841546227 1.6789382618695494e-05 0.02523072102611343 0.00013077456823269373
-4490187.434235059 1963734.4880946246 4297010.849771428 -3780.118953938095 -6330.356418448879 -1067.4094096317249 0.36760487692037697 -0.46411052611892 0.7626388538544823 -0.2604804265227921 1.6789382618695707e-05 0.03401279013915913 0.00011617486680687247
-4493964.7979352 1957403.0063101787 4295940.344308827 -3774.607588151024 -6332.605763218377 -1073.6012602076596 0.35305313279921635 -0.45900411994557516 0.7695268597128248 -0.2692528838734427 1.6789382618695843e-05 0.041829436881865724 9.960073831490492e-05
-4497736.647692673 1951069.2793468668 4294863.647763043 -3769.0910660994186 -6334.846771890786 -1079.791574764175 0.33555820893897104 -0.45272868744656347 0.7773526922217919 -0.2795714861571432 1.6789382618695978e-05 0.04846398339440259 8.137075785613747e-05
-4501502.97834696 1944733.3155486935 4293780.761673162 -3763.569389512168 -6337.079442104319 -1085.9803479021955 0.31554965329067197 -0.44536340230085025 0.7857189715619878 -0.29107654307195596 1.678938261869606e-05 0.05368978273075388 6.189723690627192e-05
-4505263.784772223 1938395.1232214419 4292691.68758294 -3758.0426109084556 -6339.303831387875 -1092.1675737629928 0.2935887312708283 -0.43704877619542204 0.7942112587111674 -0.3033521066900515 1.678938261869606e-05 0.05720768286440502 4.212164572390439e-05
-4509019.061866746 1932054.7106521996 4291596.427044895 -3752.5107261210546 -6341.519921816862 -1098.3532419127816 0.27035063109351054 -0.42799188343362626 0.8024382379009074 -0.3159530951530061 1.678938261869606e-05 0.05889324663369699 2.26878954844938e-05
-4512768.804521329 1925712.086147278 4290494.98162041 -3746.9737382493736 -6343.727714073943 -1104.5373477870103 0.24657834089486927 -0.41845741991228086 0.8100726365498974 -0.3284430438218909 1.678938261869606e-05 0.058691294935574456 4.195282730249148e-06
-4516513.007661851 1919367.2579619838 4289387.352868201 -3741.4317022448154 -6345.9272858206905 -1110.7198958477513 0.22305633561759855 -0.4087613093253016 0.8168711471633942 -0.3404138541121307 1.678938261869606e-05 0.05660588286633438 -1.2779556265922245e-05
-4520251.666243936 1913020.234321775 4288273.542353 -3735.884620548866 -6348.1186192637315 -1116.9008711550337 0.2005800141728761 -0.39925808661328466 0.822683105291515 -0.3515012751843409 1.678938261869606e-05 0.052700316394120664 -2.770071051549563e-05
-4523984.775220942 1906671.0234744442 4287153.5516538685 -3730.332496647873 -6350.301708519534 -1123.0802650087398 0.1799205482036947 -0.3903219006527643 0.8274479740701524 -0.36139626507767886 1.6789382618696168e-05 0.04712584551629214 -4.003064902299936e-05
-4527712.329569945 1900319.6336285088 4286027.3823462 -3724.775367976816 -6352.476619567843 -1129.2580872046422 0.16175511225473047 -0.38230811239297635 0.8311885980390186 -0.3698666048022042 1.6789382618696303e-05 0.0401895991794237 -4.9226694619739406e-05
-4531434.324289685 1893966.0729680231 4284895.036008892 -3719.213237631019 -6354.643332642696 -1135.4343212401905 0.14665109103566057 -0.3755351821133455 0.8339830119254591 -0.3767480860109131 1.678938261869644e-05 0.03210124495463084 -5.517465571483212e-05
-4535150.754376851 1887610.3497050467 4283756.514238618 -3713.6461021953955 -6356.801820422237 -1141.608950691371 0.1350820181963917 -0.37028099856352514 0.8359310550823738 -0.38192159092103933 1.6789382618696693e-05 0.023083739838955425 -5.7795026329024015e-05
-4538861.6148244385 1881252.4720764188 4282611.818646801 -3708.073957861449 -6358.952060626137 -1147.7819623509238 0.12741380425597562 -0.3667671509782239 0.8371303060322445 -0.3853056321554324 1.6789382618696964e-05 0.013386248235716186 -5.705434177905569e-05
-4542566.900621735 1874892.448339015 4281460.950856814 -3702.496801053568 -6361.094035261069 -1153.953345358322 0.12389411237892117 -0.3651459809521202 0.837655184605125 -0.38684939345500713 1.6789382618697235e-05 0.0032772911674927977 -5.298968523356624e-05
-4546266.606754645 1868530.286766158 4280303.912502129 -3696.9146285676434 -6363.2277291376195 -1160.123090236329 0.12464558628680973 -0.3654916398940887 0.8375416479378642 -0.3865272654758963 1.6789382618697506e-05 -0.006962663348786027 -4.5717989626502154e-05
-4549960.728205961 1862165.9956457529 4279140.7052254025 -3691.3274373561835 -6365.353127934438 -1166.2911879047315 0.12966245433123477 -0.3677956066855241 0.836779441903198 -0.3843360576992487 1.6789382618697777e-05 -0.017048965256165116 -3.543688059152918e-05
-4553649.259955377 1855799.5832804572 4277971.330678594 -3685.735224200816 -6367.470216116079 -1172.4576286837525 0.1388102406553265 -0.3719668885140628 0.8353129227603551 -0.3802955061632076 1.6789382618698048e-05 -0.026700688540543655 -2.241907340543847e-05
-4557332.196979195 1849431.0579898925 4276795.790524066 -3680.13798554814 -6369.578975021973 -1178.6224012808696 0.15182866166428877 -0.3778369286723453 0.833050412485346 -0.3744520304213545 1.678938261869829e-05 -0.035648459379128916 -7.000332002599011e-06
-4561009.534250076 1843060.428114517 4275614.086436687 -3674.5357177402184 -6371.679381440259 -1184.785491783252 0.16833812075085486 -0.3851690362907578 0.8298809953184344 -0.366885028577352 1.6789382618698424e-05 -0.043641988434594 1.0441180707671583e-05
-4564681.266737266 1836687.7020205918 4274426.220106959 -3668.9284177536556 -6373.771406953724 -1190.9468827425678 0.18785038522938907 -0.3936718931995125 0.8256967058333501 -0.3577144437254892 1.678938261869856e-05 -0.05045709650965883 2.9521948321322844e-05
-4568347.389409353 1830312.8881012555 4273232.193243605 -3663.31609272518 -6375.85503971547 -1197.106559342019 0.20978138592817708 -0.4030152988584362 0.8204179543878554 -0.34710923226290824 1.6789382618698655e-05 -0.055869242045495524 4.979568363532435e-05
-4572007.897260882 1823935.9947139649 4272032.00755526 -3657.698779350516 -6377.93034719483 -1203.2645329298246 0.23343003597816067 -0.41283251197584175 0.8140297741563287 -0.3353136772425895 1.6789382618698655e-05 -0.05956753035501381 7.024932898343675e-05
-4575662.785305291 1817557.030186898 4270825.6647492675 -3652.076477760045 -6379.997314480952 -1209.4207918602694 0.2580089444549709 -0.4227452753972527 0.8066071952046664 -0.3226494217484262 1.6789382618698655e-05 -0.061414042892378014 9.016783947074162e-05
-4579312.0485546375 1811176.0028712018 4269613.166548323 -3646.4491962848983 -6382.055932913068 -1215.575322407658 0.2827109931696127 -0.4324002545849781 0.7983216662805123 -0.3094948001550329 1.6789382618698655e-05 -0.06134759029914861 0.0001089195541655923
-4582955.682057566 1804792.9210740607 4268394.514677611 -3640.8169890187246 -6384.1062839567585 -1221.7281319417425 0.3067443185176893 -0.441487447663045 0.7894422895415488 -0.2962728946368297 1.6789382618698655e-05 -0.05936769895735594 0.00012591455070034424
-4586593.68088964 1798407.7930624604 4267169.710860242 -3635.1798527795377 -6386.148357514028 -1227.8792139735087 0.32936363621244247 -0.4497523768562978 0.7803250310071126 -0.2834347202386774 1.6789382618698655e-05 -0.05553479057243422 0.00014062313221757924
-4590226.040118982 1792020.627124132 4265938.7568291025 -3629.537789505827 -6388.182143060005 -1234.0285582062083 0.3498978355948207 -0.4570020151691618 0.7713898638675177 -0.27143754474987 1.6789382618698756e-05 -0.04999280492969243 0.00015254614919341916
-4593852.754845766 1785631.4315159216 4264701.654323962 -3623.890851995487 -6390.207702536131 -1240.1761615958349 0.3678016722114844 -0.46311445100379256 0.763073622423166 -0.2607020942606311 1.6789382618698892e-05 -0.043053370990031155 0.00016117773450647952
-4597473.820196298 1779240.2144650996 4263458.405088133 -3618.239034647293 -6392.225023959692 -1246.3220182185694 0.38265830660903716 -0.4680270286504871 0.7557938122598715 -0.25159299311664135 1.6789382618699027e-05 -0.034934710580278125 0.00016644503070390883
-4601089.231284622 1772846.9842222945 4262209.010872907 -3612.582326151586 -6394.234082604613 -1252.4661186276926 0.394143350936809 -0.471711463076084 0.7499312345044798 -0.24442270358849763 1.678938261869928e-05 -0.025863144360705703 0.00016832089987087472
-4604698.983216138 1766451.7490614715 4260953.473440071 -3606.9207204017234 -6396.234856601871 -1258.6084514283343 0.40202072077832707 -0.4741614045298257 0.745801319744649 -0.2394382884718256 1.6789382618699553e-05 -0.01609223378210857 0.00016681993861395887
-4608303.071092303 1760054.5172769963 4259691.794563438 -3601.25421537564 -6398.227326947264 -1264.749004056093 0.4061381202335082 -0.47538134689882894 0.7436297373486659 -0.23681050661784822 1.6789382618699824e-05 -0.00589573215445176 0.00016202021050040608
-4611901.490013972 1753655.297181119 4258423.976029739 -3595.582811618249 -6400.211476686447 -1270.8877633537352 0.40642260194965296 -0.47537807946161437 0.7435349777442953 -0.23662647160166048 1.6789382618700095e-05 0.004440056266675106 0.00015406974217509612
-4615494.235083106 1747254.0971025736 4257150.019638972 -3589.906510514724 -6402.187289543221 -1277.0247159665007 0.402877896067869 -0.4741560356370314 0.7455192516000747 -0.23888595652019057 1.6789382618700366e-05 0.014624296977658019 0.00014318558306431394
-4619081.301402733 1740850.9253866887 4255869.927204459 -3584.225312500772 -6404.1547483523045 -1283.1598486659213 0.3955844548119742 -0.47171726425055577 0.7494683808698756 -0.24350135070543605 1.6789382618700637e-05 0.024369801871525213 0.00012964784239173936
-4622662.684075108 1734445.7903969907 4254583.700552527 -3578.539215337866 -6406.1138336904705 -1289.2931487455173 0.3847022161852196 -0.4680660256540679 0.7551606941399541 -0.2503012715042585 1.6789382618700884e-05 0.03340113251467003 0.00011378872590025518
-4626238.378198273 1728038.7005179245 4253291.341521727 -3572.848212602003 -6408.06452306854 -1295.4246046005048 0.3704751429243051 -0.46321729095806574 0.7622842721576119 -0.25903783170383904 1.678938261870102e-05 0.04146240162397577 9.597405835429392e-05
-4629808.378861275 1721629.6641579946 4251992.851961338 -3567.1522925819936 -6410.006790951637 -1301.5542065168802 0.35323583435256095 -0.45720779360093877 0.77046120810346 -0.26939748626809484 1.6789382618701155e-05 0.04832455155570528 7.656864327201632e-05
-4633372.681141851 1715218.689748089 4250688.233728763 -3561.4514543079054 -6411.940631253804 -1307.6819487926173 0.33341098222040516 -0.4501088673851536 0.7792756434103296 -0.28101351573099814 1.678938261870125e-05 0.05375480321229533 5.601329795449348e-05
-4636931.28014946 1708805.7856821287 4249377.488684499 -3555.7457505106995 -6413.866105894243 -1313.8078284099956 0.3115617520560394 -0.4420525839959144 0.7882894556731813 -0.29345957423942715 1.678938261870125e-05 0.05743783126752354 3.531919969196209e-05
-4640484.171020358 1702390.9603302493 4248060.618696493 -3550.035179045841 -6415.78319866268 -1319.9318344683563 0.28837141123433807 -0.43323978497603083 0.797082736596615 -0.30627492374709686 1.678938261870125e-05 0.05923671189657927 1.5189052655983108e-05
-4644031.348883479 1695974.2220828969 4246737.625642405 -3544.3197413259254 -6417.691907537626 -1326.0539620080995 0.26459672212511764 -0.4239313878057248 0.8052989987643636 -0.31900513422650256 1.678938261870125e-05 0.05909073508052224 -3.7405711148641327e-06
-4647572.8089004075 1689555.5792797767 4245408.511395357 -3538.5994915427223 -6419.592314846025 -1332.1742192719553 0.24104067486066372 -0.41444229010359257 0.8126673077907098 -0.3312232299893911 1.678938261870125e-05 0.05700171177469656 -2.0864355573909067e-05
-4651108.546263947 1683135.0402258034 4244073.277832384 -3532.874433849393 -6421.484404470397 -1338.2925910681909 0.21852058847233044 -0.40512865163087813 0.8190125199973214 -0.34254637661065757 1.678938261870125e-05 0.05303410184260433 -3.562769004803414e-05
-4654638.556165364 1676712.6132487154 4242731.926845719 -3527.144571470818 -6423.368169364834 -1344.4090681942243 0.19783125307960597 -0.3963683998731757 0.8242536639658491 -0.35264824446720894 1.6789382618701365e-05 0.047342889181563756 -4.749102173763491e-05
-4658162.8338183295 1670288.3066365654 4241384.460322499 -3521.4099405431493 -6425.243678358801 -1350.523663434363 0.17967259453248885 -0.3885220232246763 0.8283982953875616 -0.3612819680559081 1.67893826187015e-05 0.04024713694530123 -5.5928261868233556e-05
-4661681.374458321 1663862.1286504255 4240030.88015184 -3515.670545178596 -6427.110912241596 -1356.636359848318 0.1646305701753981 -0.38191263479279924 0.8315137282261826 -0.36827222882093524 1.678938261870164e-05 0.03196745777341533 -6.084490076983588e-05
-4665194.173319635 1657434.0875798492 4238671.188241591 -3509.9263826489196 -6428.969843002 -1362.7471400191182 0.1531930971926646 -0.37682159501966594 0.8336915391752091 -0.37349133591962286 1.678938261870191e-05 0.022737620722469185 -6.218869869449585e-05
-4668701.225633445 1651004.1917397992 4237305.386515229 -3504.177449601464 -6430.820447781844 -1368.855989994582 0.1457351132846365 -0.3734719388968937 0.8350226119823994 -0.3768517282574149 1.6789382618702182e-05 0.012818978304196723 -5.996088301651277e-05
-4672202.526627566 1644572.4494658108 4235933.476908828 -3498.423742745522 -6432.6627080832095 -1374.9628983511916 0.14250697186375844 -0.37201476290312213 0.8355756148706905 -0.37829904967607736 1.6789382618702453e-05 0.0024931079688680627 -5.424075586739731e-05
-4675698.071526654 1638138.8691103728 4234555.46136906 -3492.665259046498 -6434.496608191004 -1381.0678551298702 0.14362706583411466 -0.3725199348422163 0.8353814666661638 -0.37780678826051156 1.6789382618702724e-05 -0.007946150609664861 -4.519413881395308e-05
-4679187.8555524 1631703.4590411403 4233171.341852289 -3486.9019955706617 -6436.322133116375 -1387.1708507274361 0.1490782317772509 -0.37497163389510335 0.8344258709540705 -0.375373707745689 1.6789382618702995e-05 -0.018201038441444963 -3.307274740903046e-05
-4682671.873923508 1625266.2276413124 4231781.120324767 -3481.133949236379 -6438.1392664043615 -1393.2718747695762 0.1587076992897455 -0.3792689647474954 0.8326509484244284 -0.3710246846955313 1.6789382618703266e-05 -0.02797836434772505 -1.8206566800194783e-05
-4686150.121855489 1618827.1833121178 4230384.798763994 -3475.3611167600575 -6439.94798816226 -1399.3709149756291 0.1722307040079945 -0.38523165566124773 0.829965835136954 -0.36481484150021 1.6789382618703507e-05 -0.03699789495396667 -9.890890420481678e-07
-4689622.594560605 1612386.3344770141 4228982.379161151 -3469.583495027689 -6441.748273657032 -1405.4679560598356 0.18923820839106614 -0.3926106013093857 0.8262649552294166 -0.35683615285471354 1.6789382618703642e-05 -0.04500040760290452 1.814737755504888e-05
-4693089.287248421 1605943.6895868715 4227573.863524615 -3463.8010819865 -6443.540092791186 -1411.5629787832127 0.20920930852027608 -0.40110270563346845 0.8214516414572326 -0.3472251222322445 1.6789382618703778e-05 -0.05175517442395414 3.8776430884800594e-05
-4696550.195130981 1599499.2571154097 4226159.253880861 -3458.0138915150383 -6445.323449730038 -1417.6559731281134 0.23152267197548726 -0.41036663183588057 0.8154656993509111 -0.33617283206579196 1.678938261870386e-05 -0.05700713988522826 6.030864489533941e-05
-4700005.313449904 1593053.0454859526 4224738.552249831 -3452.2219552557895 -6447.098407818733 -1423.7469519279114 0.2554320240142777 -0.4200248656185535 0.8083236492603005 -0.3239544279935005 1.678938261870386e-05 -0.06045016403269957 8.164075490840521e-05
-4703454.637458711 1586605.0631074333 4223311.760653951 -3446.4252707281853 -6448.864942843511 -1429.835899784328 0.2801185674328924 -0.42969774006449185 0.8001386284500768 -0.3109205937612412 1.678938261870386e-05 -0.06196280969178568 0.00010205140823858411
-4706898.162413188 1580155.3184079663 4221878.8811313715 -3440.6238570879177 -6450.623065763486 -1435.9228070693568 0.30475223780427085 -0.4390365976218839 0.7911255398313498 -0.29747826765739477 1.678938261870386e-05 -0.061492577136224885 0.00012087628264352156
-4710335.88361282 1573703.8197527449 4220439.915716146 -3434.8177612089635 -6452.372854236537 -1442.0076844320674 0.328527511165857 -0.44774150849173894 0.7815993218791191 -0.28407695439583114 1.678938261870386e-05 -0.05905162659350255 0.00013750735735181018
-4713767.796371917 1567250.5754848777 4218994.866442309 -3429.0069744050866 -6454.114286620035 -1448.090522341288 0.3506953719868243 -0.45557237698626446 0.7719602806893744 -0.2711897683027331 1.6789382618703866e-05 -0.05471659015310877 0.0001514124009396265
-4717193.896000704 1560795.5939657988 4217543.735354631 -3423.191510754008 -6455.8473689136445 -1454.171311858861 0.37059363370232823 -0.4623542349023676 0.7626655143765033 -0.2592879351377043 1.6789382618704e-05 -0.04867797270133573 0.0001620692956461053
-4720614.177850651 1554338.883509686 4216086.524501231 -3417.3714164687226 -6457.5721598585715 -1460.2500530252155 0.38770260810193125 -0.4679860793128805 0.7541736912658468 -0.24879260568346073 1.6789382618704137e-05 -0.04125801093459529 0.00016908610430269323
-4724028.637285964 1547880.452417517 4214623.235933954 -3411.5466793725163 -6459.288636587067 -1466.326737982212 0.40162439406797823 -0.4724199470227771 0.746916819365815 -0.24006770855944026 1.678938261870431e-05 -0.03267661669539072 0.00017244801964885284
-4727437.269658474 1541420.3090163344 4213153.871714276 -3405.717289701169 -6460.996773961585 -1472.4013558541683 0.4120552192946588 -0.47563887872765387 0.7412785422301357 -0.233418671326644 1.678938261870458e-05 -0.023179568253392884 0.0001721651325999253
-4730840.070312923 1534958.4616567069 4211678.433915443 -3399.883242840389 -6462.69655009801 -1478.4738941110645 0.4187812381530815 -0.47764415038223246 0.7375644312525418 -0.22907869810988982 1.678938261870485e-05 -0.013039700083936305 0.00016830443834465585
-4734237.034591462 1528494.9187095526 4210196.924623732 -3394.044537982607 -6464.387946053937 -1484.5443393127985 0.42167321890912635 -0.47844403267638386 0.735978166123328 -0.22719846619402684 1.6789382618705123e-05 -0.0025491086267328852 0.00016100640645643423
-4737628.157836657 1522029.6885637068 4208709.3459391175 -3388.201176438333 -6466.070944693162 -1490.612677607906 0.4206820454484684 -0.4780458123940837 0.7366056780994583 -0.22783962096485869 1.6789382618705394e-05 0.007989231020523676 0.00015048818649132146
-4741013.435392656 1515562.7796249064 4207215.699975472 -3382.353159786081 -6467.745529059431 -1496.6788950535774 0.415836678821314 -0.4764523537474483 0.7394084774398816 -0.23097210793819262 1.6789382618705665e-05 0.018270198105264215 0.00013703970936517696
-4744392.862604554 1509094.2003164713 4205715.98886055 -3376.5004879993535 -6469.41168067502 -1502.7429779068584 0.40724530351039895 -0.4736637464388419 0.7442266671807723 -0.23647533895787903 1.6789382618705936e-05 0.027995358099665444 0.00012101443122401208
-4747766.434815865 1502623.9590815492 4204210.21473557 -3370.6431576827727 -6471.069378193459 -1508.804913051189 0.3950993088484963 -0.46968378242940817 0.750791432491393 -0.2441432070891321 1.678938261870615e-05 0.03688163829850452 0.0001028139658638413
-4751134.147364385 1496152.0643863608 4202698.379754308 -3364.7811605873067 -6472.718596779006 -1514.864688664434 0.3796787483126331 -0.46453023140257277 0.7587460694337171 -0.25369295282232307 1.6789382618706285e-05 0.044669594931016285 8.286216391094403e-05
-4754495.995576814 1489678.5247236046 4201180.486081325 -3358.9144826895986 -6474.359308537241 -1520.9222951298543 0.36135718826876484 -0.4582472522320764 0.7676738717844074 -0.26477776509326023 1.678938261870642e-05 0.0511308996064308 6.1553790285167e-05
-4757851.974779731 1483203.3485916813 4199656.535887264 -3353.0431539128026 -6475.991551322635 -1526.9777313997606 0.3406189248377496 -0.4509232833632988 0.7771237816292348 -0.2769938060490073 1.6789382618706468e-05 0.055960416415680454 3.968254032074423e-05
-4761202.080344952 1476726.5444332606 4198126.531343855 -3347.1672058970207 -6477.615357100916 -1533.0309916975839 0.3180992196831891 -0.44271811298276054 0.7866293524040164 -0.28987552640809083 1.6789382618706468e-05 0.05890229555414693 1.8250392675984234e-05
-4764546.307648298 1470248.1206989752 4196590.474633158 -3341.286628139299 -6479.2306984888855 -1539.0820642292335 0.2945346978488616 -0.4338577248652859 0.7957654505491222 -0.30294245996583313 1.6789382618706468e-05 0.059855838255823975 -2.0480489815126657e-06
-4767884.652068608 1463768.0858390168 4195048.36794178 -3335.401452039064 -6480.837629440928 -1545.1309566283446 0.27072854218111 -0.42462902222625915 0.8041834461271463 -0.3157296864514474 1.6789382618706468e-05 0.05878598819736397 -2.0548143979201368e-05
-4771217.109031185 1457286.448229237 4193500.2134470143 -3329.511712282243 -6482.436193006698 -1551.1776677620721 0.2475198098896366 -0.41537070424568234 0.8116297563367368 -0.32780826773498767 1.6789382618706468e-05 0.05572472235396359 -3.6636774205225814e-05
-4774543.673970858 1450803.216251995 4191946.013339376 -3323.6174055516735 -6484.026359783073 -1557.2221796561444 0.22574786497994243 -0.40645705934374077 0.817951456237808 -0.33880079044341965 1.6789382618706522e-05 0.05077026041921502 -4.977298901372368e-05
-4777864.342327353 1444318.3982934004 4190385.769817779 -3317.718553761106 -6485.60817342462 -1563.2645003431276 0.206200301490176 -0.39826996151351024 0.8230925380263583 -0.34839797253531124 1.6789382618706658e-05 0.04418840084114971 -5.936196539930579e-05
-4781179.109571096 1437832.0026789345 4188819.4850690546 -3311.815180043507 -6487.181665851878 -1569.3046300868316 0.18954022556904598 -0.3911574403707015 0.8270820733801085 -0.3563784556158481 1.6789382618706793e-05 0.0362723401962351 -6.514136895769653e-05
-4784487.97117975 1431344.037746019 4187247.1612948687 -3305.90728322409 -6488.746805499616 -1575.3425481876682 0.17632636534326862 -0.3854295556356271 0.8299930061786193 -0.3625805844525239 1.6789382618707027e-05 0.027251579346653065 -6.707893494468688e-05
-4787790.922628968 1424854.5118610035 4185668.8007154507 -3299.99486067598 -6490.3035661171225 -1581.3782380919406 0.16700627739590548 -0.38134426076844485 0.8319120391377083 -0.36688938009578637 1.6789382618707298e-05 0.01738860639802444 -6.517859674659736e-05
-4791087.959391498 1418363.4334139188 4184084.4055658653 -3294.0779093333153 -6491.85192645683 -1587.4116865204896 0.16190108983141815 -0.37909093838609326 0.8329151992256018 -0.3692294252140888 1.678938261870757e-05 0.006971315589510366 -5.952180559002424e-05
-4794379.076937034 1411870.8108140517 4182493.9780932833 -3288.1564261943513 -6493.391868969774 -1593.4428823490553 0.1611951478994801 -0.3787782385555804 0.8330483993370436 -0.3695585672831655 1.678938261870784e-05 -0.0036953527366460244 -5.02821746414142e-05
-4797664.27073233 1405376.652487197 4180897.5205554273 -3282.2304083816366 -6494.923377811048 -1599.4718153794845 0.16493013436008036 -0.3804269612215123 0.8323157240114145 -0.36786398779859775 1.678938261870811e-05 -0.014298309858582372 -3.772756267098114e-05
-4800943.536241268 1398880.9668751056 4179295.0352202863 -3276.299852983447 -6496.446436526713 -1605.4984750690605 0.17300332716771874 -0.3839683954486803 0.8306770992417245 -0.3641616081917743 1.6789382618708382e-05 -0.024525495703617957 -2.2213749553478458e-05
-4804216.868924755 1392383.7624372304 4177686.5243670954 -3270.364756977996 -6497.961025822982 -1611.522849247995 0.1851699699556642 -0.3892482418216795 0.8280557478310783 -0.35849904734777693 1.6789382618708653e-05 -0.03407506701109748 -4.1705131404272095e-06
-4807484.264240727 1385885.0476544958 4176071.990288599 -3264.425117518669 -6499.467121819048 -1617.5449228707614 0.20105009252283113 -0.39603596152597403 0.8243545185444057 -0.3509615438052716 1.6789382618708826e-05 -0.042664326421658606 1.5921585005813013e-05
-4810745.717644665 1379384.831034419 4174451.435294497 -3258.4809327381713 -6500.964695151531 -1623.5646769089544 0.22014033764161384 -0.40403906810810714 0.8194789501595887 -0.3416795478671603 1.678938261870896e-05 -0.050038128106080396 3.7570816320322694e-05
-4814001.224591912 1372883.1211143695 4172824.86171503 -3252.532207742535 -6502.4537258137625 -1629.5820930472676 0.24182990774932436 -0.41292092736349206 0.8133643406366107 -0.3308368976459525 1.678938261870909e-05 -0.055954241776341875 6.025976614958015e-05
-4817250.780559353 1366379.9264031015 4171192.2718810663 -3246.578977044599 -6503.934286214591 -1635.5971878924672 0.26538480940894 -0.42230686084913943 0.8060150717456185 -0.3186965991874275 1.678938261870909e-05 -0.060067006675786794 8.283227645086094e-05
-4820494.381045238 1359875.2553678772 4169553.6681162054 -3240.6212441112025 -6505.406368690423 -1641.6099517395053 0.2899696793647529 -0.43180662516827234 0.7975359891504017 -0.30560917774140844 1.678938261870909e-05 -0.06220384479392391 0.00010441459428980483
-4823732.021547431 1353369.1164995355 4167909.052760608 -3234.659015200037 -6506.869958843851 -1647.6203688833903 0.3147255074886668 -0.44105586461153773 0.7881375495747548 -0.2919876404543024 1.678938261870909e-05 -0.0622891761973692 0.00012428046105607377
-4826963.697596384 1346861.5182475944 4166258.4281551284 -3228.6923430425886 -6508.32514610218 -1653.6284533887856 0.33881049496103394 -0.44973726769705596 0.7781366445295334 -0.27829337216140165 1.678938261870909e-05 -0.06031632064914165 0.00014176580232599259
-4830189.404752276 1340352.469009954 4164601.7966331593 -3222.721227303957 -6509.7719255322045 -1659.6341998234516 0.36143538082919263 -0.45759411592652766 0.7679440144455119 -0.2650171338453191 1.678938261870909e-05 -0.05634797881888374 0.00015629095473919461
-4833409.138568395 1333841.9772060763 4162939.160538907 -3216.7456686850237 -6511.2102837713055 -1665.6375970181705 0.38189364246491864 -0.4644363483184322 0.7580380120812059 -0.2526548959460122 1.6789382618709212e-05 -0.05053675569803446 0.00016734363527578199
-4836622.8946280405 1327330.0512236608 4161270.5222210633 -3210.7657193472214 -6512.640289578676 -1671.6386472727545 0.39961483066674985 -0.47014882688602594 0.7489110608982216 -0.24166152062994792 1.6789382618709348e-05 -0.04322225252046258 0.00017444990840512103
-4839830.668542016 1320816.6994147575 4159595.884028754 -3204.7813750027367 -6514.061931956043 -1677.6373442635813 0.414170010544809 -0.4746787914629757 0.7410269651983695 -0.23242694368221628 1.678938261870952e-05 -0.03465069869277529 0.00017758040384449484
-4843032.455909308 1314301.9301566558 4157915.248320719 -3198.792624642296 -6515.475183729042 -1683.633676655564 0.4252309296200762 -0.4780083449318081 0.7348027021850645 -0.22528130755019793 1.678938261870979e-05 -0.02507495918614991 0.00017676971001178853
-4846228.252320783 1307785.7518520814 4156228.617468004 -3192.7994628743368 -6516.880021268997 -1689.6276313367252 0.4325638238621513 -0.4801400035573013 0.7305766726159231 -0.22048093046609465 1.6789382618710063e-05 -0.01477854157995219 0.0001721107715230086
-4849418.053364184 1301268.1729256464 4154535.9938553013 -3186.8018885660167 -6518.276424300955 -1695.6191942388864 0.43602347170321354 -0.481084163807336 0.7285819980767582 -0.218196772515434 1.6789382618710334e-05 -0.004067258278019617 0.0001637767415310809
-4852601.8546275245 1294749.2018210106 4152837.379881618 -3180.7999030873875 -6519.6643747570615 -1701.6083508673453 0.43554787490351343 -0.48084983751957 0.7289281196005012 -0.21850693096584836 1.6789382618710605e-05 0.0067398161525157865 0.0001520253315997794
-4855779.65170063 1288228.8469995118 4151132.7779605347 -3174.793508364947 -6521.043855025937 -1707.5950866023445 0.43115552926246137 -0.47944017432430275 0.7315921505384586 -0.22139321150568822 1.6789382618710876e-05 0.01731982671727635 0.00013719443258334075
-4858951.440174711 1281707.1169406706 4149422.190520221 -3168.78270489235 -6522.4148460514325 -1713.5793869400643 0.42294625941340314 -0.47685350104343344 0.7364206480805887 -0.2267417678139521 1.6789382618711147e-05 0.02735577820522135 0.00011969155993570924
-4862117.215639938 1275184.0201444693 4147705.620003138 -3162.76748983084 -6523.777325760416 -1719.5612378691208 0.4111053923369347 -0.4730897182823369 0.7431416890704243 -0.23434782869186288 1.6789382618711394e-05 0.0365460466671455 9.997666708118085e-05
-4865276.9736813065 1268659.565134849 4145983.068865264 -3156.7478553712835 -6525.131268247985 -1725.5406265228075 0.39590988469308025 -0.468161024170705 0.7513863439964196 -0.24392453895711882 1.678938261871153e-05 0.044613476811806635 7.853393988651776e-05
-4868430.709872985 1262133.760463519 4144254.5395744797 -3150.7237876149666 -6526.476644038932 -1731.5175421267938 0.37773414386745396 -0.4621052053243097 0.7607178235236668 -0.25511583397020765 1.6789382618711665e-05 0.05131375715839944 5.581706225406327e-05
-4871578.419788151 1255606.6146894952 4142520.034605079 -3144.6953146176884 -6527.8134907810245 -1737.491985057229 0.3570679602792465 -0.4550044176517431 0.7706588221344669 -0.26750407758711464 1.6789382618711726e-05 0.0563270926304478 3.2687187070380536e-05
-4874720.099044838 1249078.1363129197 4140779.5564299314 -3138.6624692994524 -6529.141844520555 -1743.4639513247541 0.33455968134496056 -0.44701380415495134 0.7807109161041162 -0.2806046043619901 1.6789382618711726e-05 0.0593788624642521 1.0243688852119418e-05
-4877855.743265901 1242548.333841054 4139033.1075322954 -3132.625241359176 -6530.461676584542 -1749.433428107047 0.3109665040908487 -0.4383577272900194 0.7904154537657652 -0.2939145227900535 1.6789382618711726e-05 0.06036079262061367 -1.0760953725140297e-05
-4880985.348077217 1236017.2157802645 4137280.690399701 -3126.583661780169 -6531.773044414859 -1755.4004257485701 0.28711782336445146 -0.42932478754741077 0.7993922842123369 -0.3069455297697176 1.6789382618711726e-05 0.05923516491813806 -2.9615252893729212e-05
-4884108.90915033 1229484.7905587342 4135522.307507023 -3120.537764699021 -6533.075992762118 -1761.3649448041297 0.26388273449556643 -0.42025850444862806 0.8073603388966132 -0.3192459475866385 1.6789382618711726e-05 0.056036389093075546 -4.5672623949355466e-05
-4887226.422166563 1222951.0666114348 4133757.9613427073 -3114.487547500235 -6534.370491361743 -1767.3269661872805 0.2421319484788524 -0.41154024260673266 0.8141443007674211 -0.3304176232723566 1.67893826187118e-05 0.05087036908238538 -5.837354309793907e-05
-4890337.882812927 1216416.0523750458 4131987.654402879 -3108.43303238448 -6535.656589190505 -1773.2865011902209 0.22268107525215408 -0.4035592066646077 0.8196716629547526 -0.3401344886802389 1.6789382618711936e-05 0.04402405328354699 -6.712898569686672e-05
-4893443.286805909 1209879.756223505 4130211.389169116 -3102.374240872371 -6536.934315823388 -1779.2435500020574 0.20621546224260862 -0.39666976420850186 0.8239604873500789 -0.34816288800022804 1.6789382618712072e-05 0.03580277057843026 -7.172007274722916e-05
-4896542.629869076 1203342.1865446882 4128429.16813894 -3096.3111724947407 -6538.203638779125 -1785.1980907706163 0.19331055966170113 -0.3911864092644615 0.8270750934453618 -0.3543317803025906 1.6789382618712333e-05 0.026452677436033495 -7.214501885594791e-05
-4899635.907724557 1196803.3517562274 4126640.993829428 -3090.243825069526 -6539.46453106941 -1791.1501060980552 0.18442269464473282 -0.3873679678342749 0.8290945726000882 -0.3585198974687413 1.6789382618712604e-05 0.016254880254543663 -6.845072814003268e-05
-4902723.116091928 1190263.2603001085 4124846.8687732196 -3084.172195780035 -6540.716970808215 -1797.0995820775222 0.179872549882077 -0.3854002305194303 0.8300874146660516 -0.3606485992313296 1.6789382618712875e-05 0.005517052204264333 -6.0773451334605413e-05
-4905804.250687866 1183721.9206382278 4123046.795515625 -3078.0962817325008 -6541.960939746661 -1803.0465070344505 0.17983407500512988 -0.38538337790065624 0.8300917990175095 -0.3606757029643166 1.6789382618713146e-05 -0.005435798241866736 -4.9351874107473316e-05
-4908879.307226187 1177179.3412498054 4121240.7766130976 -3072.016080076634 -6543.19642108258 -1808.9908701292115 0.18432843566298202 -0.3873250152505087 0.8291044572175376 -0.3585919120521873 1.6789382618713417e-05 -0.01627113202458458 -3.452688886989132e-05
-4911948.281417855 1170635.5306311732 4119428.814633115 -3065.9315879410074 -6544.4233969734705 -1814.9326599057524 0.19322271346072412 -0.3911392564907395 0.8270797797826432 -0.3544207992054658 1.6789382618713688e-05 -0.02665896316356802 -1.6732176016930352e-05
-4915011.168970967 1164090.4972980174 4117610.912155527 -3059.842802507275 -6545.641846214322 -1820.8718628393042 0.20623340237529986 -0.39665195858297075 0.8239393996107344 -0.3482224479640904 1.678938261871396e-05 -0.03628191653067525 3.523849660801112e-06
-4918067.965590993 1157544.2497896524 4115787.0717753223 -3053.7497215025737 -6546.851742535237 -1826.808461962339 0.2229351012995933 -0.4036118629644575 0.8195910035373019 -0.3400999729544515 1.6789382618714125e-05 -0.04484495345683009 2.568734765979624e-05
-4921118.666981843 1150996.796674533 4113957.2961066673 -3047.6523442361313 -6548.053053920667 -1832.742435719571 0.24277496470950924 -0.41170700083498374 0.8139537714251661 -0.33020738931239557 1.678938261871426e-05 -0.052084466677839586 4.921016916038741e-05
-4924163.268850882 1144448.1465460754 4112121.58778394 -3041.5506842166765 -6549.245783238732 -1838.6737737092924 0.265087293334473 -0.42058290495157347 0.8069887473803382 -0.3187599544745409 1.678938261871437e-05 -0.057715463375570236 7.3373255450404e-05
-4927201.766932896 1137898.307944143 4110279.9494309747 -3035.444770906357 -6550.43000037652 -1844.6024949511557 0.2890701359026811 -0.4298472222027761 0.7987448919031882 -0.3060660382210467 1.678938261871437e-05 -0.06139469073740674 9.687337613313823e-05
-4930234.156974511 1131347.2893911162 4108432.3836719543 -3029.3346031425313 -6551.605680049473 -1850.5285823237612 0.31384243244270155 -0.439106491379229 0.7893805763280828 -0.292517901235147 1.678938261871437e-05 -0.06298222716228719 0.00011885886664578421
-4933260.434726417 1124795.0994284013 4106578.8931480465 -3023.2202019890083 -6552.772838353695 -1856.4520281943658 0.3385137643805133 -0.4480028408579157 0.779167068235886 -0.2785687808869934 1.678938261871437e-05 -0.06241834940542734 0.00013856457631625967
-4936280.595982434 1118241.7465257228 4104719.4804898687 -3017.1016110650003 -6553.931559038191 -1862.3728500529103 0.36222544777909244 -0.456233582844328 0.768484773378803 -0.2647164444291163 1.678938261871437e-05 -0.05971818778950341 0.0001553091068873898
-4939294.636548926 1111687.2391311892 4102854.14832642 -3010.9788214535038 -6555.081817225536 -1868.2910364139793 0.38418643578754746 -0.46356283763184997 0.757804478138733 -0.2514809158493948 1.678938261871441e-05 -0.05497151441003631 0.0001685182664596189
-4942302.552230295 1105131.5857102466 4100982.899298429 -3004.8518518326878 -6556.223627235042 -1874.2065803412636 0.4037076608363564 -0.46982643804453966 0.7476518147941605 -0.23937419771440735 1.6789382618714545e-05 -0.048406554747970405 0.0001776614842973356
-4945304.338873598 1098574.7946719315 4099105.736044786 -2998.7207439000194 -6557.357049246011 -1880.1194866164465 0.42026007660705955 -0.47493845515479033 0.7385419608435618 -0.22884646359241917 1.678938261871468e-05 -0.04037617999376953 0.00018243822853610754
-4948299.992334143 1092016.874417068 4097222.6612078007 -2992.585484336817 -6558.482055441314 -1886.0297449970096 0.4334445464012843 -0.4788655087840161 0.7309510756389275 -0.22028203447922198 1.678938261871492e-05 -0.031129790082707935 0.0001828990376953085
-4951289.508455407 1085457.8333754991 4095333.677441783 -2986.4460643694333 -6559.598618422812 -1891.9373423577156 0.44296427378721104 -0.4816035340647911 0.7252905728559524 -0.21399596503382173 1.6789382618715192e-05 -0.02095004735003558 0.00017913529719651197
-4954272.883074912 1078897.6800024728 4093438.787414915 -2980.3024806377484 -6560.706714766094 -1897.842264217817 0.4486187381290285 -0.483163078635275 0.7218742663118742 -0.21021943506701382 1.6789382618715463e-05 -0.010149349473664577 0.0001713183344141826
-4957250.1120288605 1072336.4227749263 4091537.9938102174 -2974.1547335131463 -6561.8063242970275 -1903.7444954636685 0.45029696793483265 -0.4835569634749161 0.7208931777141423 -0.20908928731243306 1.6789382618715734e-05 0.0009396963527925884 0.00015971278445330375
-4960221.191154846 1065774.0701889996 4089631.2993259747 -2968.002825104114 -6562.897428455569 -1909.6440207405415 0.44797266022733345 -0.4827923567057475 0.722400173944532 -0.21064193476197057 1.6789382618716005e-05 0.011974475563601013 0.00014467552939382457
-4963186.116292576 1059210.6307594578 4087718.7066758596 -2961.846757138304 -6563.980008203281 -1915.5408246552736 0.4417029111580493 -0.4808685877635504 0.7263056525065229 -0.21481163542477663 1.6789382618716276e-05 0.02261293354442246 0.00012664640779180966
-4966144.883282402 1052646.113021195 4085800.2185888574 -2955.686528859147 -6565.054042008383 -1921.4348920158748 0.43163105688726294 -0.477781075597882 0.7323846264544848 -0.2214331354247606 1.6789382618716547e-05 0.032524183383600073 0.00010613199175608663
-4969097.487961863 1046080.5255325167 4083875.8378088605 -2949.522135087771 -6566.119504432893 -1927.3262083220689 0.417992741477187 -0.4735307360521393 0.740294693831827 -0.2302487271859416 1.6789382618716747e-05 0.041398825540744845 8.368016850660366e-05
-4972043.926160441 1039513.876879325 4081945.567093581 -2943.353564672374 -6567.176365748666 -1933.214760615669 0.4011231256368399 -0.46813731002858255 0.7496034797932813 -0.24091973792186197 1.6789382618716883e-05 0.0489586572171544 5.983592506487795e-05
-4974984.193696426 1032946.1756738238 4080009.409211576 -2937.180816357602 -6568.224618850554 -1939.1005427725925 0.3814656628741897 -0.4616554283170261 0.7598215808722182 -0.25304027109181954 1.678938261871701e-05 0.054922811260360645 3.52392076100921e-05
-4977918.28641907 1026377.430484627 4078067.3669292126 -2931.003941752684 -6569.264336373306 -1944.9835602257754 0.3596192497833242 -0.45420458420681403 0.7704201919586129 -0.2661295148856065 1.678938261871701e-05 0.058922495561148945 1.1200282934555375e-05
-4980846.20020391 1019807.649852493 4076119.4430169575 -2924.822938947489 -6570.295499597692 -1950.8638002481912 0.3363262675803665 -0.4459805631783033 0.7808811880147013 -0.2796614903903858 1.678938261871701e-05 0.06079442180589577 -1.138246182331345e-05
-4983767.9309202945 1013236.8423393543 4074165.640256519 -2918.6378121204834 -6571.318113710902 -1956.741260398673 0.3124197705023706 -0.4372487541295471 0.790754240204766 -0.2931128547327599 1.678938261871701e-05 0.060467375138162076 -3.1717951631404843e-05
-4986683.474471476 1006665.0164414595 4072205.9614159404 -2912.448612166046 -6572.332271732479 -1962.6159591585906 0.2887913509204213 -0.42833789537786526 0.7996855642301 -0.305988890940187 1.678938261871701e-05 0.05794804225223929 -4.9085443499519914e-05
-4989592.826788145 1000092.1806219621 4070240.4092648663 -2906.255342699559 -6573.337951670341 -1968.4878780449299 0.2663521184764892 -0.4196251290953687 0.8074318857487637 -0.317844379989606 1.6789382618717046e-05 0.053321123930014896 -6.286034849858817e-05
-4992495.98380172 993518.3433659561 4068268.986589404 -2900.0580110601168 -6574.335158825916 -1974.3570124856633 0.24598468100293822 -0.41151152737134933 0.8138603167965192 -0.32830044821207793 1.678938261871718e-05 0.04679867184733829 -7.247162408465916e-05
-4995392.941467073 986943.5131029406 4066291.6961609414 -2893.8566483685154 -6575.323965167785 -1980.2233818458392 0.22845436760861418 -0.40437554400144354 0.8189445832517881 -0.33707386563873515 1.6789382618717317e-05 0.038751590475478576 -7.752950638727666e-05
-4998283.695755914 980367.6982453892 4064308.540754823 -2887.6512580092844 -6576.304342392517 -1986.0869640428464 0.21439955125998816 -0.3985545946317068 0.822726046785125 -0.3439606364960853 1.6789382618717564e-05 0.029440408750892995 -7.804575079006966e-05
-5001168.242640148 973790.9072379721 4062319.5231686477 -2881.441838807388 -6577.276260357325 -1991.947738992435 0.20433812484648947 -0.39433422854305605 0.8252732122952576 -0.34881309035275604 1.6789382618717835e-05 0.019155005862829484 -7.408593265870213e-05
-5004046.578089776 967213.1485526725 4060324.6462179106 -2875.2283883548976 -6578.239694474502 -1997.8056908046108 0.19864760131795117 -0.39192816649835327 0.826653676592059 -0.3515325614686285 1.6789382618718106e-05 0.008216918148061698 -6.580821233077207e-05
-5006918.698072171 960634.4306837581 4058323.912732435 -2869.0109038445016 -6579.1946244592455 -2003.6608064608838 0.1975509255979789 -0.3914630757449708 0.8269112167981817 -0.35206268143190017 1.6789382618718377e-05 -0.003030643784706303 -5.348281447905719e-05
-5009784.598551827 954054.7621445154 4056317.32555427 -2862.7893824084927 -6580.141032144548 -2009.5130742614576 0.20110816322704905 -0.39296935448256587 0.8260514328529488 -0.3503849645783738 1.6789382618718648e-05 -0.014233518391653982 -3.7493625424404596e-05
-5012644.275490391 947474.1514664324 4054304.887537186 -2856.5638211902783 -6581.078898836638 -2015.362482174336 0.2092137523664358 -0.39637855423827556 0.8240382027370305 -0.3465179475736498 1.678938261871892e-05 -0.025037723993476663 -1.8328615123291534e-05
-5015497.724846707 940892.6072010472 4052286.6015478526 -2850.3342174880536 -6582.008202739887 -2021.2090161724063 0.22159929676723616 -0.40152765354467523 0.8208016032490625 -0.34052022438460594 1.678938261871919e-05 -0.03510064854917589 3.4394674722887226e-06
-5018344.942577191 934310.1379241048 4050262.470468624 -2844.100569289035 -6582.928916982533 -2027.0526586595286 0.23784224873366694 -0.40816998521444936 0.8162562464452631 -0.3324967188205604 1.6789382618719397e-05 -0.044101945198873595 2.7184226656434133e-05
-5021185.924637011 927726.7522411887 4048232.4972018003 -2837.8628763598927 -6583.841008718974 -2032.8933871559743 0.25738103415226776 -0.4159921579604319 0.8103273883390205 -0.32260665132912947 1.6789382618719532e-05 -0.05175378667062287 5.227833045238161e-05
-5024020.666984412 921142.4587865884 4046196.6846719487 -2831.621149842634 -6584.744472113297 -2038.7311876764688 0.27953272163816045 -0.42463413233258224 0.802982374832727 -0.31107333042180196 1.678938261871966e-05 -0.05776052224835349 7.796968368165773e-05
-5026849.165602649 914557.2661452533 4044155.0357936816 -2825.375419516689 -6585.6393844561535 -2044.5660838936058 0.3034717489234753 -0.4336957997681179 0.794279386414067 -0.298216544119392 1.678938261871966e-05 -0.06174543154894262 0.00010283053936089433
-5029671.416488925 907971.1828753744 4042107.553477665 -2819.125685728618 -6586.525723611759 -2050.398059478036 0.3282811884877438 -0.442772368475387 0.7843936945678749 -0.2844479265558642 1.678938261871966e-05 -0.06354551689528257 0.00012590217210849502
-5032487.415643926 901384.2175569464 4040054.240652869 -2812.8719665527465 -6587.403499088983 -2056.227105006831 0.35303187171884115 -0.45149540247713865 0.7736202876286905 -0.27024442577415053 1.678938261871966e-05 -0.06309041542558526 0.00014634903037489603
-5035297.159109426 894796.3786988526 4037995.100236243 -2806.6143072537725 -6588.272804015234 -2062.0532429848618 0.3768275255817496 -0.45955437049953046 0.7623699821033413 -0.25613044900297866 1.678938261871966e-05 -0.06039125067549286 0.00016343473572518619
-5038100.642942372 888207.6747803077 4035930.1351398844 -2800.352699930763 -6589.133614868452 -2067.876461956402 0.3988438017191565 -0.4667093282254696 0.7511492119739535 -0.24265384012714464 1.678938261871971e-05 -0.05554061801891257 0.00017654857823260926
-5040897.863196944 881618.1142999711 4033859.348288425 -2794.0871610449703 -6589.985943032349 -2073.696754859946 0.4183641792972492 -0.472795721676094 0.7405219253170644 -0.23035385208506676 1.6789382618719844e-05 -0.0487732757343393 0.0001851565851094722
-5043688.815968917 875027.7056986103 4031782.7426026436 -2787.817733748403 -6590.829854843101 -2079.514129579873 0.43484038332594604 -0.4777302504197364 0.7310388687221919 -0.21970394006530258 1.678938261871998e-05 -0.0404680789571349 0.00018897278046078406
-5046473.497363897 868436.4574053328 4029700.3210056657 -2781.5444050610654 -6591.665321650569 -2085.3285750233067 0.4478635822875629 -0.4814845200675106 0.7232049932759034 -0.21110520196506535 1.6789382618720247e-05 -0.03089460006792639 0.00018808157924960937
-5049251.903475606 861844.3778800641 4027612.0864337767 -2775.2671662617145 -6592.492314349368 -2091.1400768912767 0.45713298479751624 -0.48405958008690536 0.7174527140116492 -0.20488377264566718 1.678938261872052e-05 -0.020356892856347335 0.00018262108116873463
-5052024.03039199 855251.475609616 4025518.041838258 -2768.9860142976795 -6593.31080822235 -2096.948619631096 0.4624486677628074 -0.4854699033695551 0.7141067134195299 -0.2012754442447384 1.678938261872079e-05 -0.00919108488035085 0.00017282204809506796
-5054789.874200046 848657.759103661 4023418.19018625 -2762.7009499199457 -6594.120782022272 -2102.7541871604053 0.46370404504926654 -0.48573018898885034 0.7133573151418363 -0.20041477750763403 1.678938261872106e-05 0.002245270801495622 0.00015902061181229983
-5057549.430988498 842063.2368921485 4021312.5344610964 -2756.411975508091 -6594.922216063527 -2108.5567632078055 0.46088070541418746 -0.48484721799366576 0.7152448123316693 -0.2023289623691056 1.678938261872133e-05 0.013584597966156462 0.00014165499434374898
-5060302.696848328 835467.9175249157 4019201.077662437 -2750.1190927813095 -6595.7150898564405 -2114.3563314548846 0.4540475112347861 -0.4828181684186609 0.719656025730404 -0.2069364115284373 1.6789382618721603e-05 0.02446109222608898 0.00012125293842108292
-5063049.667870946 828871.8095736355 4017083.8228061777 -2743.8223005369937 -6596.499379895379 -2120.1528757532496 0.44336436260845313 -0.47963569599110906 0.7263333928276887 -0.214050095919958 1.6789382618721874e-05 0.03452253159189927 9.841099576442263e-05
-5065790.340144242 822274.9216356513 4014960.7729240805 -2737.5215925829893 -6597.275058191533 -2125.9463806633726 0.42908944283942074 -0.4752989390173833 0.734895911985085 -0.22338569148518794 1.6789382618722067e-05 0.04344172170592159 7.376232373741996e-05
-5068524.7097467 815677.2623387019 4012831.9310625996 -2731.216956122796 -6598.042092018429 -2131.7368324276026 0.411587419950078 -0.4698285739929016 0.7448702452470429 -0.23457456073548277 1.6789382618722202e-05 0.05092720319139596 4.79191368773049e-05
-5071252.772749969 809078.8403293027 4010697.3002775735 -2724.9084051598265 -6598.80050074186 -2137.524230490587 0.39134501305024855 -0.46328642629905115 0.7557242273442158 -0.24717536319937483 1.678938261872231e-05 0.05664265001955003 2.1787364479851956e-05
-5073974.525267027 802479.6641916073 4008556.883618108 -2718.5959833124534 -6599.550344899359 -2143.3085788637763 0.369024305978559 -0.45580874834145707 0.7668854814180367 -0.2606647366305298 1.678938261872231e-05 0.060234252801360244 -3.2237197172504083e-06
-5076689.963423449 795879.7425044785 4006410.6841415064 -2712.2796818867414 -6600.29159411688 -2149.0898623573567 0.34542303937158764 -0.4476096106583028 0.777808648406277 -0.2744854582341625 1.678938261872231e-05 0.06156177261300773 -2.619776900871941e-05
-5079399.083343539 789279.0838552029 4004258.704911982 -2705.95952171475 -6601.024293440089 -2154.8680914206475 0.3214289278412151 -0.4389761576140918 0.7880279044150348 -0.2880892210001335 1.678938261872231e-05 0.06057043329265046 -4.629307807153766e-05
-5082101.881194304 782677.6967444641 4002100.948973029 -2699.635543507392 -6601.74851172726 -2160.643277345389 0.2979834286508208 -0.43025989194113706 0.7971846253373036 -0.3009634110022764 1.678938261872231e-05 0.05729107684921436 -6.276391822595826e-05
-5084798.353157606 776075.5896698106 3999937.4193791044 -2693.3077464151856 -6602.464216013792 -2166.415397975596 0.2760376651587899 -0.4218582792389352 0.8050387110832752 -0.31265232017150846 1.67893826187224e-05 0.051839453972706014 -7.498879401044189e-05
-5087488.495419908 769472.7711353779 3997768.1191945174 -2686.976148150128 -6603.171451483148 -2172.1844659497388 0.2564895546386491 -0.41418253000561517 0.8114677074759773 -0.3227787166513571 1.6789382618722534e-05 0.04452417321081014 -8.239116008033365e-05
-5090172.304194467 762869.2495761274 3995593.0514625567 -2680.640771434154 -6603.8702592619375 -2177.950488059344 0.24009448970734762 -0.40760888609643503 0.8164570873113125 -0.33107016864483524 1.6789382618722714e-05 0.03570470918758544 -8.478685529882025e-05
-5092849.775703729 756265.0334380224 3993412.219242131 -2674.3016175032662 -6604.560603738729 -2183.7134391553845 0.22748099977083075 -0.4024690351877997 0.8200494115056781 -0.3373277829462851 1.6789382618722985e-05 0.025665893536639846 -8.224944619235874e-05
-5095520.906169995 749660.1311997127 3991225.625614582 -2667.958685095011 -6605.242455212851 -2189.4732993773955 0.21914007610741887 -0.39903186299742666 0.8223074813726831 -0.34141119699704087 1.6789382618723256e-05 0.014733592637486382 -7.492532190722201e-05
-5098185.691813616 743054.5513667244 3989033.273678941 -2661.611971768008 -6605.915789429661 -2195.2300529815643 0.21540484699115373 -0.39748330881133054 0.823286116901022 -0.34323132261952866 1.6789382618723527e-05 0.0032642446878910687 -6.307782779140463e-05
-5100844.128852274 736448.3024668188 3986835.16654858 -2655.261474674557 -6606.580585786969 -2200.9836867234153 0.21643719014319235 -0.39791224284315524 0.8230110296192223 -0.3427442703292898 1.6789382618723798e-05 -0.008366689199904371 -4.709810676743112e-05
-5103496.213500736 729841.3930476134 3984631.307349629 -2648.907190895941 -6607.236824693371 -2206.7341880183876 0.22222098391642064 -0.40030342390790313 0.8214682801493353 -0.33994833110830375 1.678938261872407e-05 -0.019776973809360752 -2.7499590730309106e-05
-5106141.94197091 723233.8316770266 3982421.69922127 -2642.549117650769 -6607.884484665451 -2212.48154302575 0.23256181481565566 -0.4045380706581846 0.8186061262103334 -0.33488499788541437 1.678938261872434e-05 -0.030590151128053845 -4.900786843967484e-06
-5108781.310472145 716625.6269464964 3980206.345317941 -2636.187252750644 -6608.523539791353 -2218.225734780486 0.2470933156740798 -0.41040208208970197 0.8143491268847673 -0.3276438980168017 1.678938261872461e-05 -0.04044798318932602 2.00037110131083e-05
-5111414.31521229 710016.7874762936 3977985.2488133064 -2629.821595578482 -6609.153958157458 -2223.966741545249 0.26529062577328477 -0.4176014198260295 0.808622422645859 -0.31837040633583596 1.678938261872477e-05 -0.049022375222200675 4.6489688247197835e-05
-5114040.952400092 703407.3219213068 3975758.412905478 -2623.4521497770024 -6609.775706770742 -2229.70453794005 0.28649120843624837 -0.42578346745645507 0.8013825099121977 -0.30727398057161015 1.6789382618724906e-05 -0.056018629403647574 7.385595088218961e-05
-5116661.218259544 696797.2389252838 3973525.840798989 -2617.0789441189 -6610.388857007643 -2235.439145086302 0.3098923791232998 -0.434551406298204 0.7926614998138184 -0.29465154905152374 1.6789382618724967e-05 -0.061026002337892016 0.00010070157488396657
-5119275.109037991 690186.5470692911 3971287.5356787723 -2610.7019875263127 -6610.993421086039 -2241.1705616910535 0.3345564385649675 -0.4434834067996207 0.7826137649314565 -0.28090950900234485 1.6789382618724967e-05 -0.0637848763154081 0.00012576295857180984
-5121882.620984725 683575.2549557595 3969043.5007467815 -2604.321284089298 -6611.589374128773 -2246.8987670882875 0.3595086869068587 -0.45218384054451055 0.7715206398958068 -0.2665317628420444 1.6789382618724967e-05 -0.06418517695545323 0.00014809102111208375
-5124483.750375624 676963.3711534117 3966793.739205392 -2597.9368831586016 -6612.176816226139 -2252.62378570362 0.38379381246392863 -0.46031175869218005 0.7597902394572107 -0.252059886435088 1.6789382618724967e-05 -0.062205525293059706 0.00016684365733317863
-5127078.493519959 670350.9041576411 3964538.254237869 -2591.5487891654448 -6612.755755384281 -2258.345616749331 0.40652106909100827 -0.467598016851865 0.747941084597777 -0.23806900048516974 1.6789382618724987e-05 -0.05791451818758053 0.00018131779589437177
-5129666.846721157 663737.8624858508 3962277.0490395008 -2585.1570010692267 -6613.326172627442 -2264.0642467554408 0.4269013938016699 -0.47385211084243267 0.7365680501722284 -0.22513747907854906 1.6789382618725123e-05 -0.05148891275708422 0.00019095190941722422
-5132248.8063098695 657124.2546224844 3960010.1268067327 -2578.761570003696 -6613.888148534834 -2269.779687222302 0.4443057155679634 -0.47896806207197634 0.7262746835006678 -0.2137922139243156 1.678938261872526e-05 -0.04333282754140553 0.00019532894268743152
-5134824.368645787 650510.0890058826 3957737.490730415 -2572.3624930563865 -6614.441673276746 -2275.4919315280063 0.4582748711535319 -0.4829091968304669 0.7176158008540422 -0.20447594589676943 1.6789382618725512e-05 -0.03375749027178593 0.00019451503779134444
-5137393.530076998 643895.3741039064 3955459.1440140703 -2565.959759374353 -6614.986714262287 -2281.200964606466 0.4684690884916757 -0.4856748333853274 0.7110760194427586 -0.19755395191530517 1.6789382618725784e-05 -0.023079591210100475 0.00018867801851531101
-5139956.28694412 637280.1184145502 3953175.0898771146 -2559.5533645917594 -6615.52324381871 -2286.906769929297 0.47465757105931405 -0.48728144445237004 0.70703101493718 -0.19329802907785998 1.6789382618726055e-05 -0.011654049599478264 0.0001780835879413253
-5142512.63558586 630664.3304612681 3950885.331555834 -2553.143308897857 -6616.05123845802 -2292.609330379052 0.47670977957186045 -0.48774718879266515 0.7057159575376871 -0.19187353429294576 1.6789382618726326e-05 0.00013768816335620783 0.00016311599353280523
-5145062.5723424265 624048.018789693 3948589.872303748 -2546.7295947127022 -6616.570676908684 -2298.3086286434914 0.47458882752654075 -0.4870816049619836 0.7072056523080349 -0.19333163279248533 1.6789382618726597e-05 0.011900320340167846 0.0001442760894458986
-5147606.093556544 617431.1919667049 3946288.715391738 -2540.3122242075083 -6617.081537493659 -2304.00464731837 0.46834947165315494 -0.4852823090947522 0.7114080609816348 -0.19760673989575053 1.6789382618726868e-05 0.023237913604260727 0.00012216746334050462
-5150143.1955719385 610813.8585821593 3943981.8641080987 -2533.891196824084 -6617.5837955505 -2309.6973690372847 0.4581415172931564 -0.48233930338689596 0.7180717671990627 -0.2045191523847673 1.678938261872714e-05 0.033767238216873115 9.747304725073103e-05
-5152673.874729445 604196.0272528813 3941669.3217582866 -2527.4665069592215 -6618.077421588333 -2315.386776941676 0.4442175953846148 -0.47824617142670856 0.7268068358342601 -0.213782952666945 1.6789382618727366e-05 0.04313076611549159 7.091933581407958e-05
-5155198.127360943 597577.7066278892 3939351.0916639753 -2521.03814208321 -6618.562380756568 -2321.072855664617 0.4269426230215099 -0.47301620612865325 0.7371173578102133 -0.22501925740269102 1.67893826187275e-05 0.05100889031173459 4.3214415848591005e-05
-5157715.949790388 590958.9053783733 3937027.177157594 -2514.606113251495 -6619.038688575706 -2326.755604464457 0.4068101919189355 -0.46670338771689357 0.7484379108821638 -0.23776902489347929 1.6789382618727623e-05 0.05704336863842177 1.5347940460086578e-05
-5160227.338381608 584339.6321112416 3934697.5815623123 -2508.170465663095 -6619.506412766769 -2332.4350310207783 0.3844996779098149 -0.4594378730703993 0.7601533441904124 -0.25148306462250886 1.6789382618727623e-05 0.060846193615042794 -1.1112990425499267e-05
-5162732.289512815 577719.8954245187 3932362.3082084525 -2501.7311912235796 -6619.965521891982 -2338.111118970074 0.36083911312339007 -0.45143227762408494 0.7716707733525763 -0.2655715547887113 1.6789382618727623e-05 0.062260850691990804 -3.514916671715868e-05
-5165230.799560576 571099.7039257316 3930021.3604336483 -2495.288309523526 -6620.416062508486 -2343.7838808018128 0.33675575219173365 -0.4429774291252365 0.7824790218863535 -0.27945150019126985 1.6789382618727623e-05 0.06122610592466378 -5.58391298983372e-05
-5167722.864943102 564479.0661308338 3927674.7415505648 -2488.8418611909296 -6620.858108595623 -2349.4533313985694 0.3132369673097408 -0.4344335128383561 0.7921800435684937 -0.2925763213340098 1.6789382618727623e-05 0.05777520568465688 -7.237918212528021e-05
-5170208.48209408 557857.9905516426 3925322.4548825775 -2482.3918461508374 -6621.291625598508 -2355.1194469896127 0.29128203047872514 -0.4262103470178463 0.8005023109263053 -0.3044594702366194 1.6789382618727732e-05 0.05203514611687623 -8.411526808929347e-05
-5172687.647452311 551236.4857050866 3922964.5037623513 -2475.9382819536936 -6621.716664419995 -2360.7822440862824 0.27183253739435426 -0.4187322639047183 0.8073010733482715 -0.3146988079890122 1.6789382618727867e-05 0.04434494936459355 -9.047818055894319e-05
-5175160.357482078 544614.5600358711 3920600.891498371 -2469.4811898858816 -6622.133264213132 -2366.44172950537 0.2556777521911072 -0.41238665080146786 0.8125480451627588 -0.32300435225772167 1.678938261872808e-05 0.03508767820164985 -9.13397980783802e-05
-5177626.608656809 537992.2220021809 3918231.62141623 -2463.020571898829 -6622.54138765991 -2372.0978764450197 0.24347005451823842 -0.4075126901329603 0.8162758556896154 -0.3291648027229981 1.6789382618728352e-05 0.024575711968839443 -8.682414090459124e-05
-5180086.397450278 531369.4800964363 3915856.696865373 -2456.5564270655836 -6622.941003642191 -2377.750663851512 0.23571101907612677 -0.4043807383587618 0.8185388695394527 -0.3330325104003984 1.6789382618728623e-05 0.013165728649155738 -7.714808721046708e-05
-5182539.720334546 524746.3428392755 3913476.121213957 -2450.088753027943 -6623.332086607505 -2383.40007505613 0.23272919869895092 -0.4031708080292908 0.8193835262686271 -0.3345161528320314 1.6789382618728894e-05 0.0012467165177767665 -6.266439137346313e-05
-5184986.573778967 518122.8187749238 3911089.897845389 -2443.6175468856377 -6623.714614486107 -2389.0460958934495 0.23466586067016434 -0.40395799536797655 0.8188270145249054 -0.3335748673063475 1.6789382618729165e-05 -0.010773207460907033 -4.386939385887704e-05
-5187426.954249954 511498.9164691521 3908698.0301568755 -2437.1428056676314 -6624.088565729172 -2394.688712560477 0.24146843897757916 -0.4067060280688999 0.8168480326112609 -0.3302158253767719 1.6789382618729436e-05 -0.02248072952841457 -2.1392824877349675e-05
-5189860.858211056 504874.64451033954 3906300.5215601656 -2430.664526741594 -6624.453916171767 -2400.3279094051786 0.2528916045946644 -0.4112694763665148 0.8133913565284985 -0.32449615600108084 1.6789382618729707e-05 -0.03347154813730765 4.025777119530685e-06
-5192288.282123661 498250.0115134517 3903897.3754844763 -2424.1827085590103 -6624.810636460479 -2405.963666824938 0.2685062222861965 -0.4174045559066002 0.8083856403318532 -0.3165288325054599 1.6789382618729978e-05 -0.043364372669151545 3.15750591109955e-05
-5194709.222448667 491625.02612602327 3901488.5953813465 -2417.697351981092 -6625.158690724237 -2411.595959519593 0.2877167188240653 -0.4247877941067867 0.8017716276130553 -0.30649090825294617 1.6789382618730117e-05 -0.05181422679856231 6.0433783771764154e-05
-5197123.675650876 484999.69702886435 3899074.1847281447 -2411.208467507106 -6625.498066437042 -2417.224769879201 0.309783700110187 -0.43303979625974975 0.7935374505041795 -0.294633515827177 1.6789382618730252e-05 -0.05847917429543698 8.967462514015155e-05
-5199531.638217371 478374.0328544171 3896654.146990438 -2404.716082378637 -6625.828850023471 -2422.8501297532466 0.33380625110788886 -0.4417362188285361 0.7837750913048743 -0.281316735987038 1.678938261873028e-05 -0.06291837556722257 0.00011757299045099088
-5201933.106649357 471748.0421997562 3894228.485624326 -2398.220198559408 -6626.15102068562 -2428.4720224117314 0.3587748909127502 -0.4504461010300407 0.7727132088247063 -0.26700783626179303 1.678938261873028e-05 -0.06492922651602333 0.00014293619189118664
-5204328.077452908 465121.73368524655 3891797.2041061865 -2391.720834809676 -6626.464589392273 -2434.090439061694 0.3836666648815288 -0.45878002636255505 0.7607177612149653 -0.2522484200972312 1.678938261873028e-05 -0.06442533170751343 0.00016475952532889798
-5206716.54717406 458495.1158513967 3889360.3058934207 -2385.218034096949 -6626.769660516614 -2439.705411696095 0.40749983916855814 -0.46641551780681656 0.7482856435418965 -0.2376321558537233 1.678938261873028e-05 -0.06141940638608066 0.00018218192255133988
-5209098.512372698 451868.1972057041 3886917.794435269 -2378.711788349093 -6627.066207313046 -2445.3169268449196 0.4293800208239167 -0.47311115950166727 0.7360184693499189 -0.22377542592528654 1.678938261873036e-05 -0.05602334258008971 0.0001945200400207718
-5211473.9696075795 445240.986274851 3884469.673194546 -2372.2021177167744 -6627.35424968268 -2450.924980380306 0.44854223225392986 -0.4787108668050811 0.7245739206774582 -0.21127802858197572 1.6789382618730496e-05 -0.048525036923956905 0.0002012344845367624
-5213842.915479841 438613.4915175184 3882015.945623844 -2365.689061200443 -6627.6338562017745 -2456.5295851820233 0.4644151177498302 -0.4831464973281021 0.7145800502322199 -0.2006574502357578 1.6789382618730696e-05 -0.039356868156356695 0.00020215358863158583
-5216205.346596605 431985.7213861087 3879556.6151785655 -2359.1726048075843 -6627.904991919928 -2462.1307267653506 0.4765816818882827 -0.4864053858558812 0.70659982401616 -0.1923444561178173 1.6789382618730967e-05 -0.02883972036624827 0.00019746392043989974
-5218561.259553503 425357.68436824065 3877091.6853304952 -2352.652740745638 -6628.167624134173 -2467.7283877778696 0.4847459363227326 -0.48850191319025277 0.7010981361504824 -0.18667796204796033 1.678938261873124e-05 -0.01733836844024006 0.00018743831704811433
-5220910.6509415675 418729.38898152934 3874621.1595692826 -2346.1294672275067 -6628.4217254063415 -2473.322549973432 0.4887230875419861 -0.4894586258893315 0.6984018326712474 -0.18388821976243744 1.678938261873151e-05 -0.005253732252857692 0.00017247856617564564
-5223253.517352068 412100.84376902453 3872145.0414029914 -2339.6027860742993 -6628.667271919823 -2478.913194842137 0.4884304607224165 -0.48929177816575287 0.6986713916364047 -0.1840856522565876 1.678938261873178e-05 0.006991003644931728 0.00015312210560720853
-5225589.855378782 405472.0572968922 3869663.3343582475 -2333.0727000492548 -6628.904240752291 -2484.500303761253 0.48388261965111945 -0.4880039497941761 0.7018868508944758 -0.18725545099219246 1.678938261873205e-05 0.018965155095588587 0.00013003025995646402
-5227919.661617581 398843.03815505095 3867176.041980363 -2326.5392101210896 -6629.1326068296 -2490.0838579991823 0.47519257204721477 -0.4855851158236802 0.7078492073802939 -0.19325789601655444 1.6789382618732323e-05 0.030245675997656714 0.0001039645823918572
-5230242.932663307 392213.79496067076 3864683.167833347 -2320.002312813154 -6629.352340386327 -2495.6638389746563 0.46257880296066906 -0.4820220147168727 0.7161972351174273 -0.2018344588763626 1.6789382618732594e-05 0.040432138037625465 7.57508211675366e-05
-5232559.665104097 385584.33636363555 3862184.7154993955 -2313.4619978780433 -6629.563405680843 -2501.240229072692 0.44637576969399295 -0.4773141464721827 0.7264383593722272 -0.21261981996091953 1.678938261873276e-05 0.049161021974967245 4.622099192841421e-05
-5234869.855516125 378954.6710479381 3859680.688576135 -2306.918259987226 -6629.765786419568 -2506.813019310184 0.4270465494925545 -0.47149426026134067 0.7379893217620989 -0.225158095728827 1.6789382618732895e-05 0.0560792705883309 1.6285174521771198e-05
-5237173.500501606 372324.8076533682 3857171.0906544207 -2300.3711499085157 -6629.959569970692 -2512.3822260455486 0.4052374862580459 -0.4646637392164753 0.7501993839562683 -0.2388955284224865 1.6789382618732936e-05 0.06072468065588863 -1.2310212741593167e-05
-5239470.596692229 365694.7547795985 3854655.9253232856 -2293.820668494474 -6630.1447386186555 -2517.9478351229222 0.38177668759337796 -0.4570125942527879 0.7624106417678739 -0.2532114982058747 1.6789382618732936e-05 0.06287603435274337 -3.8322361683158477e-05
-5241761.140714126 359064.52105017036 3852135.196185274 -2287.266819379603 -6630.321300281275 -2523.5098463543854 0.35761170504952305 -0.4488154378247567 0.7740367958134574 -0.2674801112392864 1.6789382618732936e-05 0.06243884763136088 -6.070803909416202e-05
-5244045.129225299 352434.1150090506 3849608.906818204 -2280.709650549663 -6630.489364347385 -2529.0682918585953 0.33376909088844137 -0.4404252917701758 0.7846041840199078 -0.28110501730690185 1.6789382618732936e-05 0.05942304822299552 -7.855800105306504e-05
-5246322.558910403 345803.54516293394 3847077.06079771 -2274.1491671709114 -6630.64890421245 -2534.6231490796577 0.31130357441041956 -0.4322552346920384 0.7937727935024428 -0.29354769448243917 1.6789382618733024e-05 0.053943201523853485 -9.113452200989756e-05
-5248593.426457094 339172.8200392965 3844539.6617169054 -2267.585378547196 -6630.799938791767 -2540.1744207074116 0.29123203061482683 -0.42474613076411233 0.8013392338566786 -0.3043518704178957 1.678938261873316e-05 0.04629408643057239 -9.784675249174377e-05
-5250857.728574507 332541.9480951557 3841996.713142727 -2261.0183102239366 -6630.942541159835 -2545.7221317946323 0.27442281494329634 -0.4183098727280494 0.8072341095078083 -0.31318055728920385 1.6789382618733373e-05 0.036927243380964786 -9.84799292116924e-05
-5253115.46198584 325910.9377801467 3839448.218649722 -2254.44796664549 -6631.076674240101 -2551.2662538750737 0.2615900255649182 -0.4133081351999524 0.8114682935719689 -0.3197909511382088 1.6789382618733644e-05 0.02617904993669832 -9.319789832921997e-05
-5255366.623416081 319279.79758131126 3836894.18183931 -2247.8743478296788 -6631.202303621798 -2556.806763124619 0.2532887555850079 -0.41003337124282424 0.814084682482424 -0.3240116826735314 1.6789382618733915e-05 0.014431202858066376 -8.226736325994745e-05
-5257611.209589092 312648.5360169722 3834334.60633402 -2241.297451752297 -6631.319400932358 -2562.3436408329317 0.24988869341315653 -0.4086841690096489 0.8151253746095687 -0.3257353443714216 1.6789382618734186e-05 0.002103094421731124 -6.610721127804131e-05
-5259849.217226203 306017.1616316215 3831769.495773392 -2234.7172755225142 -6631.427941745313 -2567.87687131444 0.25155676789065706 -0.4093481774286444 0.8146074519348879 -0.3249122364830271 1.6789382618734457e-05 -0.010363054182453832 -4.5298819981226737e-05
-5262080.643045731 299385.6829935028 3829198.8538121493 -2228.133816098656 -6631.527902403191 -2573.406439455663 0.2582488707426188 -0.41199415391978855 0.8125118404328742 -0.32154758131956684 1.6789382618734728e-05 -0.022517996300366723 -2.057402973675176e-05
-5264305.4837631285 292754.1086955793 3826622.684120912 -2221.5470709132255 -6631.619256578896 -2578.9323281568136 0.26971058670050085 -0.4164738519217811 0.808787444694912 -0.3157033407979403 1.6789382618735e-05 -0.03392163878601757 7.2128501280486e-06
-5266523.736091897 286122.44735969906 3824040.9903894113 -2214.9570388398774 -6631.701972454327 -2584.454515913311 0.28548720876676076 -0.42253370443759963 0.8033700498153298 -0.3075042850181407 1.678938261873527e-05 -0.04415901541708077 3.712987989019563e-05
-5268735.396745751 279490.707642934 3821453.776331937 -2208.3637217647934 -6631.776011320308 -2589.972974850168 0.3049435561478288 -0.42983545233309267 0.7962128191816036 -0.2971465262331106 1.678938261873543e-05 -0.05285547462210347 6.824050189182415e-05
-5270940.462444163 272858.89823457855 3818861.04568931 -2201.7671329048367 -6631.841370840703 -2595.487691802618 0.327287900519015 -0.43798183516430084 0.7873254687764931 -0.2849090178563006 1.6789382618735565e-05 -0.059624298886446186 9.941724758103646e-05
-5273138.929929204 266227.0277635966 3816262.8021831024 -2195.167295995535 -6631.89813739906 -2600.9987014420553 0.35155277782326605 -0.44652923877662504 0.7768377876538156 -0.27119243167064666 1.6789382618735592e-05 -0.06400204397797904 0.000128746091651688
-5275330.795953922 259595.10483375003 3813659.049529336 -2188.564212553944 -6631.946281960452 -2606.505982195585 0.37666784874433057 -0.4550344629082204 0.7650283565481703 -0.25650844618716073 1.6789382618735592e-05 -0.0657872830793755 0.00015495186868906148
-5277516.05727966 252963.13806675625 3811049.791463428 -2181.957908462624 -6631.985837610132 -2612.0095341717324 0.401557190840613 -0.46310338686682895 0.7523237997896607 -0.24144559599776147 1.6789382618735592e-05 -0.06489781403033774 0.0001769443031476012
-5279694.710709219 246331.1359886771 3808435.03169265 -2175.348418820699 -6632.016900303506 -2617.5093900876013 0.4251983104277474 -0.4704169934435754 0.7392881681928111 -0.22664345006863548 1.6789382618735592e-05 -0.061362089365197804 0.00019381128436426042
-5281866.753052146 239699.1071088661 3805814.773921112 -2168.735733944757 -6632.039435046243 -2623.0055323922024 0.4466711357604314 -0.476744592965512 0.7265900484123691 -0.21275899770572756 1.6789382618735714e-05 -0.05531873738766237 0.00020485680528360627
-5284032.1811225405 233067.05994653347 3803189.021864659 -2162.119885659931 -6632.053487770274 -2628.497965241752 0.46520687755501006 -0.48194729822233334 0.7149416801442579 -0.20041895320607014 1.678938261873585e-05 -0.04713321409390013 0.00020956999916199075
-5286190.991777707 226435.00294420158 3800557.779223722 -2155.500900380962 -6632.059107961763 -2633.986698676727 0.48024726377124777 -0.4859754272238847 0.7050054387028662 -0.19015199492556337 1.6789382618736104e-05 -0.03724856187107607 0.00020793202238252067
-5288343.181872778 219802.94455488285 3797921.04970628 -2148.878763801983 -6632.056255547172 -2639.471715131425 0.49138848017674036 -0.4888294717447757 0.6973635957454241 -0.18239277516483393 1.6789382618736375e-05 -0.026022823247509926 0.00020020836894956562
-5290488.748252716 213170.89326872193 3795278.8370388895 -2142.2534696363264 -6632.044896479539 -2644.952995280849 0.49835391242239796 -0.4905322728719082 0.6924778324152708 -0.17747089580507838 1.6789382618736646e-05 -0.013865042120524298 0.0001867799490224381
-5292627.687759324 206538.85760702207 3792631.144967789 -2135.625017409051 -6632.0250022271275 -2650.430519221093 0.5009828070252604 -0.4911090530419073 0.690648131818774 -0.17559408617777908 1.6789382618736917e-05 -0.001220616191285597 0.0001681813182816825
-5294759.997235698 199906.8461177763 3789977.977259193 -2128.99340967999 -6631.99654744408 -2655.9042669253513 0.49922106265972194 -0.4905734304671091 0.6919858578678496 -0.17683781390733913 1.6789382618737188e-05 0.011444915832984652 0.00014509938217433324
-5296885.673527755 193274.86737409869 3787319.337699404 -2122.3586490556177 -6631.959506644806 -2661.3742182302785 0.4931178192870898 -0.4889221171240903 0.6964034806248115 -0.1811413035784221 1.678938261873746e-05 0.023662963595936937 0.00011835340415418077
-5299004.713482787 186642.92997609224 3784655.23009498 -2115.7207351749835 -6631.9138508210945 -2666.8403528060257 0.4828292851186085 -0.4861393499397986 0.7036219006450638 -0.18830994345650348 1.678938261873773e-05 0.03497922704585661 8.886127829186481e-05
-5301117.113945045 180011.04255572372 3781985.6582727423 -2109.0796618546983 -6631.85954496117 -2672.302650580782 0.4686286349700349 -0.4822102760193078 0.7131948299705121 -0.19802420733545936 1.678938261873799e-05 0.0449706504712422 5.758857820490121e-05
-5303222.871748664 173379.21378337883 3779310.626079006 -2102.4354147956037 -6631.796547423661 -2677.7610929447137 0.4509184607107781 -0.47714079573946744 0.7245481204866956 -0.2098552451823097 1.6789382618738127e-05 0.053261131238264064 2.546114402607206e-05
-5305321.983726009 166747.45234012557 3776630.137368061 -2095.788021211053 -6631.724909563045 -2683.215690541322 0.43026049484498446 -0.4709859324941512 0.7370188147178404 -0.2232743261556823 1.678938261873825e-05 0.059380956734955595 -5.9910068408837156e-06
-5307414.446752694 160115.76682932995 3773944.195978223 -2089.1375122129466 -6631.644676250511 -2688.6664472752964 0.40743418471956705 -0.46388931051311416 0.7498851329275762 -0.23764759651164316 1.678938261873825e-05 0.06294154509361796 -3.4998758241319124e-05
-5309500.257708497 153484.16586572098 3771252.805760332 -2082.483878321006 -6631.55581200829 -2694.1133450184357 0.3833776428599636 -0.45608660074849333 0.7624623285872902 -0.2523049604309627 1.678938261873825e-05 0.0637832040258216 -6.034324412145407e-05
-5311579.413480892 146852.6580436037 3768555.9705603253 -2075.8271555009505 -6631.458419138085 -2699.556420247741 0.35913914459463503 -0.44790289579472176 0.7741657046032112 -0.26658869551192554 1.678938261873825e-05 0.061861127785139546 -8.094722616230976e-05
-5313651.910998083 140221.25186046274 3765853.6941943467 -2069.1673682782102 -6631.352527301355 -2704.9956720975697 0.33582688583621706 -0.4397395191644521 0.7845456508148844 -0.27988851320126473 1.678938261873829e-05 0.057248069683776055 -9.592110365562402e-05
-5315717.74719631 133589.95583348087 3763145.9804988145 -2062.5045187512646 -6631.238109385105 -2710.43107971587 0.3145469427371307 -0.43204704930109183 0.7932998560663965 -0.29166917281395843 1.6789382618738425e-05 0.050148943764833885 -0.00010458872868079246
-5317776.919023029 126958.77844858078 3760432.8333009593 -2055.838629735274 -6631.1152571771445 -2715.8626819840897 0.29629813807175265 -0.42527351965303084 0.8002765345721248 -0.30150839966801357 1.678938261873861e-05 0.04104551764389533 -0.0001065317594873753
-5319829.423446781 120327.72813300345 3757714.2564084902 -2049.1697135498102 -6630.983963556131 -2721.290463570033 0.28189962061594376 -0.41981746529779596 0.8054434697711239 -0.30910631946075356 1.6789382618738882e-05 0.030334812255611406 -0.00010188431442054222
-5321875.257441807 113696.81334857525 3754990.253656991 -2042.4977723065444 -6630.844188847885 -2726.7143958563124 0.27200610077014437 -0.4160133034759931 0.8088227413358403 -0.31424733184673154 1.6789382618739153e-05 0.018415734443142356 -9.094033983799215e-05
-5323914.417982692 107066.04259337805 3752260.828907347 -2035.8228049136644 -6630.695900102797 -2732.1344565741124 0.267078864791497 -0.4141032140174831 0.8104513346986425 -0.3167902179791303 1.6789382618739444e-05 0.005734884916333429 -7.415586353213458e-05
-5325946.902042033 100435.42439570464 3749525.986040404 -2029.1448087178778 -6630.539069416309 -2737.5506276504484 0.2673622983693521 -0.41421506532104974 0.8103511751160005 -0.31666110285264454 1.678938261873985e-05 -0.007230032317362156 -5.217227806467673e-05
-5327972.70658948 93804.96731052418 3746785.728954116 -2022.4637806044611 -6630.373670726473 -2742.9628924672243 0.27287115984074195 -0.41635032988603005 0.8085123969275799 -0.3138493857655001 1.6789382618740163e-05 -0.019988120040404973 -2.5807019125368788e-05
-5329991.828591686 87174.67991953006 3744040.061563552 -2015.779717878129 -6630.199676019264 -2748.371232894157 0.283388557893709 -0.42038314257547404 0.8048932874299121 -0.30840838922370695 1.6789382618740434e-05 -0.032053850714026715 3.976042964411653e-06
-5332004.2650132775 80544.57083484317 3741288.9878038825 -2009.092619399965 -6630.017051991209 -2753.7756264231566 0.29847485616467284 -0.42607070388704593 0.7994371932665938 -0.30046079536056963 1.6789382618740705e-05 -0.04296558274743234 3.611532466173968e-05
-5334010.012819219 73914.6487054007 3738532.511636001 -2002.4024873222313 -6629.825758165306 -2759.176043786028 0.3174879980562192 -0.4330742429157329 0.7921034330232652 -0.29020720633019553 1.6789382618740905e-05 -0.052303324035400924 6.952909745571398e-05
-5336009.068980001 67284.92221774922 3735770.637050618 -1995.7093332244926 -6629.6257799771 -2764.572465358659 0.33961161576556276 -0.4409872973821876 0.7829081443798234 -0.2779370278469564 1.678938261874104e-05 -0.0596538298507054 0.00010300849037171753
-5338001.4304864975 60655.40000553102 3733003.3680220116 -1989.0131802909773 -6629.417212346159 -2769.9649319195373 0.3638402053105345 -0.44935186768040825 0.771991850691374 -0.2640677687220165 1.6789382618741095e-05 -0.06449822850521819 0.00013442990842324712
-5339987.094341872 54026.09066416772 3730230.7085115304 -1982.3140313846638 -6629.200031270237 -2775.3534240410327 0.3890443408323172 -0.4577044718502579 0.759657486574234 -0.2491417676872784 1.6789382618741095e-05 -0.06659345865074195 0.00016231601391675978
-5341966.057556865 47397.0028115931 3727452.662502293 -1975.6119091898872 -6628.974259908812 -2780.7379380450993 0.4140832875494566 -0.46563195247841627 0.7463684635240762 -0.23378629656179997 1.6789382618741095e-05 -0.06583870226809957 0.0001854435765552901
-5343938.317181991 40768.14496919021 3724669.233947083 -1968.9068509102758 -6628.740009204956 -2786.1185150056344 0.43787196157146824 -0.47280120782101737 0.7327374222050321 -0.21868478056981094 1.6789382618741095e-05 -0.06225720832769013 0.00020280018601354134
-5345903.87027684 34139.52563130465 3721880.426790573 -1962.1988473412798 -6628.497244357262 -2791.495137052675 0.45943590316107424 -0.4789742507777419 0.7194900183528331 -0.2045395596678279 1.6789382618741223e-05 -0.055996124665848884 0.00021362887222732785
-5347862.71390411 27511.153305874363 3719086.2449905006 -1955.4879275636638 -6628.246007903433 -2796.8678083691784 0.47796315191453925 -0.484011259671677 0.7073983839731766 -0.1920204475442496 1.678938261874137e-05 -0.04744071748940005 0.00021742023220933533
-5349814.845169399 20883.036419962267 3716286.692485967 -1948.7741202674188 -6627.986357875874 -2802.2365430452414 0.4928683726973547 -0.4878667697324221 0.6971768129188891 -0.1816900484720442 1.678938261874164e-05 -0.037082604775835484 0.00021420099102969597
-5351760.261177171 14255.183409180556 3713481.773223121 -1942.057410852464 -6627.718250914075 -2807.601321527977 0.5037348566268635 -0.4905479167066209 0.6894461301371783 -0.1740056587378023 1.678938261874191e-05 -0.025317289823888783 0.0002043138490157361
-5353698.959021625 7627.602749472968 3710671.4911687407 -1935.3377932005385 -6627.4416501439955 -2812.962122509454 0.5102824106226954 -0.49208321708400266 0.684690176057864 -0.16930839224090577 1.6789382618742216e-05 -0.0125962942453447 0.00018824176768198996
-5355630.935794112 1000.3029504882537 3707855.85031118 -1928.6152672650503 -6627.1565246964765 -2818.318924258104 0.512354388630291 -0.4925006433442346 0.6832111809378733 -0.16780518167885272 1.6789382618742623e-05 0.0005893827743084519 0.00016664643922888916
-5357556.188587695 -5626.707449133174 3705034.854660561 -1921.889835931171 -6626.862846864154 -2823.671704989592 0.5099077590703454 -0.4918129001305033 0.6851016129208528 -0.16955803867209737 1.678938261874303e-05 0.013728100660992146 0.0001403624318270356
-5359474.714498384 -12253.419883021059 3702208.50824886 -1915.1615016766793 -6626.56058821948 -2829.02044272947 0.5030102788993296 -0.4900128694671251 0.6902351740335629 -0.17448051927097794 1.6789382618743307e-05 0.0263073816010399 0.00011036976052064447
-5361386.510623064 -18879.825754403162 3699376.81513018 -1908.4302632246624 -6626.249715822926 -2834.3651152398834 0.4918460846842485 -0.4870801854234443 0.698277838049582 -0.18234139090574106 1.6789382618743578e-05 0.03783391975505086 7.77497503496224e-05
-5363291.574054154 -25505.916430161546 3696539.7793807946 -1901.696112407215 -6625.930189648609 -2839.7057005683023 0.4767278770487056 -0.48299771595187047 0.7087180494740324 -0.19277568306099582 1.6789382618743825e-05 0.04785301528098211 4.361782461419116e-05
-5365189.901871976 -32131.683234663262 3693697.405097801 -1894.9590370250376 -6625.601973751196 -2845.0421820906536 0.458111920350737 -0.47777494715729285 0.7209128455903672 -0.20530279434095744 1.678938261874396e-05 0.055948512537404335 9.086792730432744e-06
-5367081.491170481 -38757.117516385726 3690849.6963750757 -1888.2190826427707 -6625.265160302301 -2850.374583641882 0.4366504924937223 -0.4714856190173393 0.7341213122890358 -0.21932523180849528 1.6789382618744056e-05 0.06156779061541351 -2.3780211052184094e-05
-5368966.3390812045 -45382.21068959245 3687996.657293724 -1881.4762598331654 -6624.919749646923 -2855.702895624898 0.41322186370236225 -0.4643017733224458 0.7475606963774674 -0.2341464496412761 1.6789382618744056e-05 0.0643903313491577 -5.329088790246864e-05
-5370844.442731504 -52006.95414135545 3685138.2919515218 -1874.7305657596933 -6624.565731559696 -2861.02711106911 0.388858289160761 -0.4564938004395866 0.7605113104405697 -0.249048565149764 1.6789382618744056e-05 0.06427987429059374 -7.813184310797981e-05
-5372715.799272034 -58631.339331390205 3682274.6044191965 -1867.9820459491127 -6624.203236119455 -2866.347277807445 0.3646976030679647 -0.4484261239872668 0.7723746540181285 -0.2633383061246765 1.6789382618744056e-05 0.061231034370237115 -9.718300539829285e-05
-5374580.405885084 -65255.35778166756 3679405.5987526057 -1861.230711056525 -6623.832245081573 -2871.6633746448247 0.3419225226694283 -0.44053768628007894 0.7827052196588065 -0.2763839260471358 1.6789382618744157e-05 0.055370468729729345 -0.00010956893274083695
-5376438.259757412 -71879.00098869833 3676531.2790291132 -1854.476567958228 -6623.452768855162 -2876.9754008626164 0.32168221853752127 -0.4333053664766214 0.7912184694592063 -0.28764621194441364 1.6789382618744293e-05 0.047027193660301496 -0.00011467022236017405
-5378289.358092785 -78502.2605217989 3673651.6492946674 -1847.7196393953245 -6623.064894814812 -2882.283393105865 0.3049611334251069 -0.4271785462720041 0.7977919442697202 -0.2967241317509431 1.6789382618744554e-05 0.036743684971147765 -0.0001123503989071882
-5380133.698110144 -85125.12796578903 3670766.7135983324 -1840.9599324766134 -6622.668583404459 -2887.587319332213 0.29255687088187904 -0.42254756986725606 0.8024049031810874 -0.3033321609226916 1.6789382618744825e-05 0.02493323847439407 -0.00010291240200794652
-5381971.277032044 -91747.59486283989 3667876.476020784 -1834.1974483631748 -6622.263794916558 -2892.8871514249245 0.2850739853785384 -0.419720235897186 0.8050785367364455 -0.3072723484550982 1.678938261874515e-05 0.012060777590090083 -8.68151872945744e-05
-5383802.092080563 -98369.65271881998 3664980.940667585 -1827.4321852919584 -6621.850496152533 -2898.18286732077 0.2828909054604434 -0.41889225981180783 0.8058380988904182 -0.3084266017291698 1.6789382618745557e-05 -0.0013639103178718717 -6.472413142251424e-05
-5385626.140475297 -104991.29300857078 3662080.1116645033 -1820.6641402616417 -6621.428657657404 -2903.4744481371863 0.2861390592596156 -0.4201279455801465 0.8046868571894892 -0.30675072937994885 1.6789382618745963e-05 -0.014806224381302026 -3.751394031380561e-05
-5387443.419432755 -111612.50717770026 3659173.993155989 -1813.8933102976143 -6620.998249710181 -2908.7618747974275 0.2946947348927566 -0.42335318848544595 0.8015973096415175 -0.3022727976533381 1.6789382618746295e-05 -0.02772797363650851 -6.242192161390043e-06
-5389253.926167005 -118233.28664024905 3656262.5893071163 -1807.1196937658096 -6620.559238290365 -2914.045124598531 0.3081838215686532 -0.42836159686816555 0.7965217795836338 -0.29509681309837493 1.6789382618746566e-05 -0.039608935492775194 2.7899605443983605e-05
-5391057.6578918835 -124853.62277283703 3653345.904308762 -1800.34329220108 -6620.11158227239 -2919.3241681854765 0.32599985970448525 -0.43483330982301605 0.7894205689671902 -0.28541066804262005 1.6789382618746834e-05 -0.04996788731302796 6.366246580619262e-05
-5392854.61182546 -131473.50690805382 3650423.942384849 -1793.5641136798215 -6619.655242393176 -2924.598972837421 0.34733518264866314 -0.4423645839988093 0.7803024417073958 -0.2734957864089619 1.678938261874697e-05 -0.05836729861869909 9.980297538179775e-05
-5394644.785201743 -138092.93039812913 3647496.7077604365 -1786.7821807237674 -6619.190310067743 -2929.8695779915897 0.37118312733060843 -0.4504913160173739 0.7692892511085225 -0.25975894268897154 1.678938261874707e-05 -0.06423062750554902 0.0001341028751183617
-5396428.175270816 -144711.8846657211 3644564.204629866 -1779.9974996537785 -6618.716790146977 -2935.135979918554 0.3963654481809554 -0.4587244412598605 0.7566780609259052 -0.24475422487170945 1.678938261874707e-05 -0.06720983300766065 0.0001646907168974955
-5398204.779288011 -151330.36110639252 3641626.4372105217 -1773.2100834270034 -6618.234669667068 -2940.3981591164 0.42166723398819417 -0.4666173935991158 0.7429410430748608 -0.2291365494336321 1.678938261874707e-05 -0.06715730939672153 0.00019014929552478338
-5399974.594541924 -157948.35118790375 3638683.4096998223 -1766.419975910224 -6617.744083213969 -2945.6561674209765 0.4459186000942334 -0.4738041458380272 0.7287171688312629 -0.21362940183234472 1.678938261874707e-05 -0.06406438392096578 0.00020929989196042062
-5401737.618341042 -164565.8464450642 3635735.1262692483 -1759.6271722720035 -6617.245013690636 -2950.9099949626843 0.46805945333371857 -0.4800195858966504 0.7147772513712655 -0.1989849899431801 1.678938261874718e-05 -0.05806273649758485 0.00022125756188886545
-5403493.847990799 -171182.83838632793 3632781.5911071557 -1752.8316871156067 -6616.737471187367 -2956.1596356877235 0.487192806868257 -0.48510380550663545 0.7019589089127547 -0.18593320579397515 1.678938261874732e-05 -0.0494959697507568 0.00022544942741625952
-5405243.280836076 -177799.31859503713 3629822.8083842457 -1746.033562293541 -6616.221546100158 -2961.4051153252763 0.5026606258503404 -0.4890004377688874 0.6910511609285971 -0.17509757297238257 1.678938261874759e-05 -0.03893193747443479 0.00022183987177035048
-5406985.914230801 -184415.27867042256 3626858.782269875 -1739.2327840488215 -6615.697196964095 -2966.6464147897086 0.5140041433976213 -0.4917171521351108 0.6827382379593949 -0.16698048177650776 1.678938261874786e-05 -0.026806915318271365 0.00021083481908544448
-5408721.745517159 -191030.7101670388 3623889.5169558725 -1732.4293450043976 -6615.164382288846 -2971.883510626999 0.5209144710839516 -0.49328665607530836 0.6775585041815823 -0.16195944604926354 1.6789382618748227e-05 -0.013611406622108767 0.00019300343271508037
-5410450.772033687 -197645.60460158758 3620915.0166577846 -1725.6232447075854 -6614.62306750662 -2977.1163789831944 0.523217363083434 -0.4937414478669243 0.6758532314041861 -0.16026660047187374 1.6789382618748633e-05 0.00011745268284572965 0.00016912096401419343
-5412172.991120487 -204259.9534584279 3617935.285615012 -1718.8144861326966 -6614.073221829686 -2982.3449960152625 0.5208614686154639 -0.49309656765492516 0.6777335963602991 -0.16197616442924428 1.678938261874904e-05 0.013817609031224781 0.0001401629900251655
-5413888.400120798 -210873.74819119272 3614950.32809088 -1712.0030719496897 -6613.514813816093 -2987.569337655915 0.5139146876118224 -0.49134387755887227 0.683069442919562 -0.167000071831764 1.6789382618749385e-05 0.026925034441228395 0.00010727212634321878
-5415596.996378814 -217486.98021988093 3611960.1483729915 -1705.1890007722645 -6612.947806987376 -2992.7893794282054 0.5025703587971112 -0.48845912934506935 0.6915009696829879 -0.17509175407621894 1.6789382618749656e-05 0.03889696657049155 7.170421139173217e-05
-5417298.777233812 -224099.64092416342 3608964.750773441 -1698.3722636242865 -6612.372156851097 -2998.005097001496 0.4871612207695776 -0.48442045799447797 0.7024723886593317 -0.18585830093371697 1.678938261874991e-05 0.049234489596126765 3.4746244934320685e-05
-5418993.740012744 -230711.72163872985 3605964.1396266585 -1691.5528515740455 -6611.787834408139 -3003.216475775169 0.46817792980522643 -0.47923511999270973 0.715282963826132 -0.198779796430548 1.6789382618750046e-05 0.05746616463707698 -2.250479003851318e-06
-5420681.882063298 -237323.21374108558 3602958.319256842 -1684.730813256356 -6611.194943275965 -3008.4235451173936 0.44633495911583293 -0.47298353340589383 0.729120059038412 -0.21320323849736877 1.6789382618750134e-05 0.06298842909635377 -3.6884274079940216e-05
-5422363.200765107 -243934.10866360203 3599947.293978048 -1677.9061522546872 -6610.5934669345 -3013.6262896569847 0.42258346221328374 -0.4658515097223018 0.7431351674975345 -0.22837624916286212 1.6789382618750134e-05 0.0654893319407406 -6.73674657419342e-05
-5424037.693492826 -250544.39781180094 3596931.068120331 -1671.0788715941426 -6609.9834193795205 -3018.824713683158 0.39803647948883886 -0.4581311910689418 0.7565556337638943 -0.24352894239904224 1.6789382618750134e-05 0.06483906426568929 -9.22620531382785e-05
-5425705.357650472 -257154.07269072332 3593909.645973549 -1664.2490154113168 -6609.364929271432 -3024.0188656842874 0.3739150308185586 -0.4502149258421352 0.7687455896085006 -0.2579230287011918 1.678938261875014e-05 0.06105646603096732 -0.00011037661358672172
-5427366.190667508 -263763.1248444573 3590883.0318227746 -1657.416590669912 -6608.737961753842 -3029.2087164979007 0.3514777182441219 -0.4425710198853893 0.7792379670277851 -0.27089203878651796 1.6789382618750276e-05 0.054309265960052394 -0.00012082462523669583
-5429020.18997853 -270371.54580112547 3587851.2299691034 -1650.5816072324467 -6608.102560568391 -3034.3942844373983 0.33192354142261987 -0.4356979238872872 0.7877426427220472 -0.28187871612993265 1.6789382618750456e-05 0.04503581912694009 -0.00012305481116926697
-5430667.353035681 -276979.3271756313 3584814.2446734477 -1643.7440845926978 -6607.458789212741 -3039.5755937640474 0.3162521917273967 -0.43005264002748 0.7941413426029135 -0.2904803022613662 1.6789382618750727e-05 0.03380393583222296 -0.00011714821814592016
-5432307.677303449 -283586.46057332435 3581772.0802135505 -1636.9040289749428 -6606.806599441012 -3044.7526074538923 0.3052620361300472 -0.42602370603900797 0.7984106628570058 -0.29641070261845004 1.678938261875102e-05 0.021079027801806153 -0.00010354207068550478
-5433941.160249606 -290192.93755455845 3578724.740900137 -1630.0614411780887 -6606.145950020263 -3049.925296559545 0.2995276082163849 -0.42390040233194937 0.800564656412849 -0.2994793677727403 1.6789382618751425e-05 0.007391231283960978 -8.287520284245473e-05
-5435567.799341062 -296798.7496417637 3575672.2310696878 -1623.216319101112 -6605.4768058847785 -3055.0936379806276 0.2993654037102651 -0.4238427025666924 0.8006167762442169 -0.29958387162641087 1.678938261875183e-05 -0.006685618105409759 -5.60306826623644e-05
-5437187.592042012 -303403.8883239368 3572614.555080331 -1616.368659660391 -6604.799134503664 -3060.2576108745434 0.30481468843442433 -0.42586407484491823 0.7985573538750594 -0.296705153381551 1.6789382618752238e-05 -0.020557903108726048 -2.412316780087036e-05
-5438800.535813756 -310008.34505689435 3569551.717311584 -1609.5184604305614 -6604.112901279953 -3065.4171926344598 0.31563357493826155 -0.42982905875027694 0.7943519151459401 -0.2909079949563454 1.678938261875257e-05 -0.033637212498099166 1.1544761783709886e-05
-5440406.628116272 -316612.1112590745 3566483.722168084 -1602.6657215556245 -6603.418065504918 -3070.572355021731 0.331310698001489 -0.435466037627526 0.7879611131741251 -0.28234701271333096 1.678938261875284e-05 -0.045365351430005564 4.955415635825703e-05
-5442005.866411992 -323215.17830418283 3563410.574086856 -1595.810448303881 -6602.714578312213 -3075.723061101886 0.35109295400994334 -0.44239406312634916 0.7793783141459127 -0.27127601072377694 1.678938261875306e-05 -0.05523831176565611 8.848463900968856e-05
-5443598.2481735805 -329817.53753577353 3560332.2775334604 -1588.9526573987957 -6602.0024624467615 -3080.8693112837964 0.3740154539549751 -0.4501563626593079 0.7686834634659363 -0.2580647638756758 1.6789382618753197e-05 -0.06270257795819384 0.0001264580768193357
-5445183.770892205 -336419.1803806564 3557248.836936004 -1582.0923627437985 -6601.281799371675 -3086.0111450878985 0.39888889555141965 -0.4582438735588078 0.756129120361194 -0.24324669513355246 1.6789382618753238e-05 -0.06720022169759585 0.00016089763291663969
-5446762.432065777 -343020.0982705538 3554160.2567265015 -1575.2295687352316 -6600.552545635015 -3091.1485296557994 0.42442373495503205 -0.4661647247288248 0.742162053275282 -0.22748720690082147 1.6789382618753238e-05 -0.06849795203896375 0.00019010126452724402
-5448334.22921085 -349620.2826463905 3551066.5413463935 -1568.3643146226384 -6599.814804593333 -3096.2815008680345 0.44934653758786774 -0.4735002194815649 0.7274171665714256 -0.21154076932332402 1.6789382618753238e-05 -0.06651997121813634 0.00021263597210315286
-5449899.15987906 -356219.72506852966 3547967.695188202 -1561.4966129121533 -6599.0686300267325 -3101.410081666799 0.4724788549262572 -0.47993494441158907 0.7126904519801484 -0.1962103474247717 1.6789382618753305e-05 -0.061349923294553646 0.00022739610206438647
-5451457.221618452 -362818.4170811938 3544863.722654602 -1554.6264598886828 -6598.313988040655 -3106.5342508156846 0.49279873670317564 -0.48526718566998867 0.698879880196542 -0.18229667213679482 1.678938261875344e-05 -0.053246810678779524 0.0002336509941894025
-5453008.412000114 -369416.35026251635 3541754.6281449394 -1547.7539040523154 -6597.550983741247 -3111.654039248393 0.5095161100921365 -0.4894086084700257 0.6868744855146227 -0.1705168280875331 1.6789382618753695e-05 -0.04281083083956624 0.00023117196108778565
-5454552.728624782 -376013.5162578453 3538640.4160387195 -1540.8789432682765 -6596.779607241325 -3116.76943976676 0.5220900474800061 -0.49235757217924 0.6774517920347705 -0.1614468113930018 1.6789382618753966e-05 -0.03055669798508771 0.00022037246143873695
-5456090.169081387 -382609.906670037 3535521.0907366383 -1534.0015670068792 -6595.9998101457795 -3121.880426584757 0.530152396433394 -0.49414852600560294 0.6712422701141553 -0.15552969367427838 1.6789382618754352e-05 -0.01700762915380214 0.0002018851832842708
-5457620.7309529 -389205.513057848 3532396.6566655748 -1527.1217732645105 -6595.211552366283 -3126.9869733349337 0.5334854441726328 -0.49482070206357925 0.668670541197623 -0.15305378466314842 1.678938261875476e-05 -0.0027461340054092294 0.0001765762676863729
-5459144.411822968 -395800.3269429218 3529267.1182787474 -1520.2395647293572 -6594.414799054851 -3132.089053736765 0.5320070028385114 -0.49439604527963954 0.6699127400674902 -0.15413636831683797 1.6789382618755165e-05 0.011610825098145613 0.00014554915935368742
-5460661.209278534 -402394.3398126601 3526132.480055697 -1513.3549446087047 -6593.609515681288 -3137.186641332595 0.5257639533440155 -0.49286971107643396 0.6748782803878155 -0.15871679157634688 1.6789382618755572e-05 0.025438421465524035 0.00011010879397709681
-5462171.120908235 -408987.543117894 3522992.746502687 -1506.467912389099 -6592.795662834054 -3142.2797090987447 0.5149372481035356 -0.4902152817144973 0.6832179449192715 -0.16655884194308393 1.6789382618755857e-05 0.03813116241502308 7.169994704369957e-05
-5463674.144296632 -415579.92826591205 3519847.922153192 -1499.5784597654053 -6591.973192398494 -3147.368229820301 0.4998567864961527 -0.48640369444818987 0.6943576843974263 -0.17726264451128992 1.6789382618756128e-05 0.04912951640662258 3.181395219417576e-05
-5465170.2770160185 -422171.4866144483 3516698.0115660974 -1492.6865765837558 -6591.142069516718 -3152.452185949603 0.4810222758790232 -0.4814323782035242 0.7075535403277251 -0.1902851094940595 1.678938261875628e-05 0.05790909370991024 -8.000263770161352e-06
-5466659.516657221 -428762.2095619629 3513543.0192896347 -1485.7923102595016 -6590.302403237811 -3157.531611601433 0.45917350584771527 -0.47537293607697034 0.7219293685581071 -0.20493474567864697 1.6789382618756382e-05 0.06380468234811283 -4.5059850858702414e-05
-5468141.860843862 -435352.0885681141 3510382.9498582194 -1478.895665626673 -6589.45417832467 -3162.6064913407 0.4353104047653389 -0.468408913127507 0.7365590134936584 -0.22040590111653846 1.6789382618756382e-05 0.06646190147130025 -7.732778320362511e-05
-5469617.307194798 -441941.1150644806 3507217.8078232426 -1471.9966450713373 -6588.597410488789 -3167.676831079788 0.41061332526803823 -0.4608392531761995 0.7505927498296725 -0.23586946336365303 1.6789382618756382e-05 0.06573449573365914 -0.00010318977351720018
-5471085.853356856 -448529.2805895285 3504047.597689828 -1465.095291209288 -6587.732236151547 -3172.742685835933 0.3863831473176235 -0.4530723610109009 0.7633275494215558 -0.25052854418412646 1.678938261875641e-05 0.06164522803275993 -0.00012133229033485994
-5472547.4970021285 -455116.5767218391 3500872.3239572933 -1458.1916119334578 -6586.858617266867 -3177.8040237080636 0.3639620199495895 -0.4455992471324758 0.7742442489502868 -0.2636641840610737 1.6789382618756544e-05 0.05438611205163167 -0.00013081093449785448
-5474002.235808366 -461702.99502645055 3497691.9911398324 -1451.2856164315842 -6585.9766078264865 -3182.8608701781163 0.3446219813930338 -0.43894162130382247 0.783018226210503 -0.27467872223757844 1.6789382618756758e-05 0.044459421658302654 -0.00013111381382573828
-5475450.067468946 -468288.52715984354 3494506.6037067976 -1444.3773224717688 -6585.0862655747405 -3187.9132473492136 0.3294138593755088 -0.4335741349506547 0.7895122439301623 -0.28314377167348037 1.678938261875703e-05 0.03248299409786757 -0.00012245441472054057
-5476890.9896895755 -474873.1647625078 3491316.1661484106 -1437.466737103507 -6584.187538324174 -3192.961115002069 0.3191647778158007 -0.42989402910771 0.7936900124406989 -0.28875791329626477 1.6789382618757395e-05 0.018981901720573603 -0.00010540555850420604
-5478325.000179717 -481456.89942663367 3488120.6829904327 -1430.5538613468414 -6583.280381709504 -3198.0044419399883 0.31444865959350926 -0.42818574246350477 0.7955551870412838 -0.29132619999329 1.67893826187578e-05 0.0045523353473274 -8.078868852496054e-05
-5479752.096648098 -488039.722703337 3484920.158786535 -1423.6386930729216 -6582.364757384802 -3203.0432029100903 0.3155492845675316 -0.4285890936906005 0.7951118036443849 -0.2907529148327872 1.6789382618758208e-05 -0.010164310102203438 -4.9708518327958685e-05
-5481172.276800698 -494621.62610665645 3481714.5981144425 -1416.721229344452 -6581.440628701017 -3208.0773742747565 0.3224413287452115 -0.4310829165881711 0.7923436586991748 -0.2870376892710503 1.6789382618758615e-05 -0.02450979816522387 -1.3527266391542053e-05
-5482585.538341071 -501202.6011126881 3478504.005576682 -1409.8014685923006 -6580.507955605342 -3213.1069292884977 0.33478981874784575 -0.43548615960843956 0.7872179541239968 -0.2802774959876486 1.678938261875896e-05 -0.03783846325526944 2.6197012665304474e-05
-5483991.878972926 -507782.63915400807 3475288.385805925 -1402.8794132068379 -6579.566690628005 -3218.131833767282 0.3519684550641431 -0.4414765432365013 0.7797128647084223 -0.27067418979262814 1.678938261875923e-05 -0.04954636341106149 6.780821564965944e-05
-5485391.29640571 -514361.7316119911 3472067.7434736937 -1395.955073044698 -6578.616785094745 -3223.152047602691 0.3730967371658886 -0.448624724701689 0.7698631864653538 -0.25854468710053496 1.6789382618759418e-05 -0.05908685778375658 0.00010965874427964447
-5486783.788363871 -520939.8698807127 3468842.083256173 -1389.0284662282527 -6577.658334168928 -3228.1676164225837 0.39705214212495354 -0.45642637115168966 0.7578359477745495 -0.24435474297000298 1.6789382618759553e-05 -0.06576482218083654 0.00014900202677887764
-5488169.352584603 -527517.0454358164 3465611.4097888237 -1382.099598939904 -6576.691349468391 -3233.1785410291054 0.4225016623473647 -0.4643452416256601 0.7440095409503805 -0.22874799423847422 1.6789382618759553e-05 -0.06913430970841777 0.00018341853620211304
-5489547.986812221 -534093.2497247698 3462375.7277322244 -1375.1684865972345 -6575.715818484495 -3238.1848005388715 0.44806542879176453 -0.47189431154678607 0.728972765681715 -0.21248961655993606 1.6789382618759553e-05 -0.06900769919994272 0.00021111725637057793
-5490919.688823789 -540668.4742802774 3459135.0417176867 -1368.235168735274 -6574.731894024453 -3243.186462482959 0.47242152392303915 -0.4786832586333363 0.7135110264935386 -0.19642366637078346 1.678938261875956e-05 -0.06537685443607924 0.00023065458531800013
-5492284.456412312 -547242.7107070311 3455889.3563441182 -1361.2996390474968 -6573.739552493998 -3248.183513826733 0.49438688223627675 -0.48444229242083897 0.6985581980532319 -0.18142138771202768 1.6789382618759695e-05 -0.058415057403792964 0.00024101083521605533
-5493642.287369842 -553815.9505836058 3452638.676228685 -1354.3619175294752 -6572.738819323248 -3253.1759547872703 0.5129831778069509 -0.4890247571579687 0.685108225180484 -0.16831448530568968 1.6789382618759895e-05 -0.04857805844645801 0.00024165425831139894
-5494993.179528752 -560388.1855792473 3449383.005960738 -1347.4220393527241 -6571.729783776933 -3258.163815774093 0.5275183742354406 -0.4923980220105514 0.674069346820887 -0.1577943865939372 1.6789382618760166e-05 -0.036546047249430454 0.00023281352445705237
-5496337.13072458 -566959.4073655875 3446122.3501326265 -1340.4799896379143 -6570.712391860291 -3263.147070256031 0.5375258220502708 -0.49459146752766525 0.6662016518299552 -0.15040156241558938 1.678938261876054e-05 -0.022867937533410133 0.00021516057474689054
-5497674.13878228 -573529.6075613189 3442856.7133655054 -1333.5357629136502 -6569.686595263924 -3268.1256889056876 0.5427113744480448 -0.4956514534436157 0.662062672130678 -0.1465162752568177 1.6789382618760946e-05 -0.008165270718665955 0.00018961516201569732
-5499004.201525193 -580098.7777409592 3439586.100309841 -1326.5893606382933 -6568.652353286217 -3273.0996424864384 0.5429342337750349 -0.4956119654052163 0.6619493538549763 -0.1463360873922556 1.6789382618761352e-05 0.006889255212806887 0.00015737952231226944
-5500327.316779652 -586666.9094400794 3436310.5156452935 -1319.6407865615165 -6567.609627746275 -3278.068901775925 0.5381952399180703 -0.49447797585485664 0.6658664837728326 -0.14986407478785124 1.678938261876176e-05 0.021602389237160464 0.00011990811848979783
-5501643.4823748795 -593233.9941547681 3433029.964080994 -1312.6900419237863 -6566.558376849592 -3283.0334369409225 0.5286379280629466 -0.4922253821520488 0.6735251183114467 -0.1569077091227078 1.678938261876213e-05 0.03529220938275203 7.884188806391967e-05
-5502952.696138105 -599800.0233352663 3429744.450356292 -1305.7371207245085 -6565.498550025999 -3287.9932174913415 0.5145624364195467 -0.48881768077258203 0.6843713808789971 -0.1670885604219185 1.6789382618762402e-05 0.047319823027896814 3.5908330144546564e-05
-5504254.955885457 -606364.9883765714 3426453.9792405125 -1298.7820088973933 -6564.430094702671 -3292.948217181434 0.4964472940067723 -0.4842358421903638 0.6976424966385455 -0.179862948645572 1.6789382618762602e-05 0.05710530784190561 -7.177363924294229e-06
-5505550.259440808 -612928.8806878579 3423158.5555016394 -1291.8247465014244 -6563.353112773516 -3297.898471084616 0.47501294900449065 -0.47852622620557317 0.7124152990407252 -0.1945245249428052 1.6789382618762738e-05 0.06391584624569278 -4.7550760369444e-05
-5506838.604666571 -619491.6917632114 3419858.183882382 -1284.8653481197507 -6562.267613821908 -3302.8439728922485 0.45127534462411467 -0.47185100234898186 0.7276772379535515 -0.21022138873325497 1.6789382618762738e-05 0.06728844420872307 -8.2719759106105e-05
-5508119.9894223595 -626053.41306648 3416552.8691452257 -1277.9038099805828 -6561.173587828756 -3307.784716409627 0.4264625440094792 -0.4644973037693228 0.7424751222488526 -0.22605894406004798 1.6789382618762738e-05 0.06702901238125797 -0.00011081820901836973
-5509394.411587702 -632614.0361538646 3413242.616009708 -1270.940172484844 -6560.071191795818 -3312.720771862818 0.40194883960773464 -0.4568745051913388 0.7560036297678677 -0.2411665993083903 1.6789382618762758e-05 0.06313560398688266 -0.0001303326371501022
-5510661.869071834 -639173.5526509832 3409927.4291736824 -1263.9744483061058 -6558.960398771378 -3317.6521110807234 0.37916851104834537 -0.4494880131103982 0.7676544417679759 -0.2547516915220477 1.6789382618762894e-05 0.055800192457964054 -0.00014018557560522136
-5511922.359790575 -645731.9541602064 3406607.3133567013 -1257.0066438829517 -6557.841242957822 -3322.578749059379 0.359497963326925 -0.4428860067631722 0.777031999151356 -0.2661474622685917 1.6789382618763114e-05 0.045526701704695735 -0.00013982208086542913
-5513175.881671797 -652289.2323768614 3403282.27322968 -1250.0367756537592 -6556.713805374938 -3327.5007238958888 0.34408248028657057 -0.43757315692792254 0.7839531190316079 -0.27487176329442636 1.6789382618763385e-05 0.03302341705705321 -0.00012950175477596004
-5514422.432657134 -658845.3789918162 3399952.3134780456 -1243.0648529405407 -6555.578030664651 -3332.4179916687417 0.33381561961359785 -0.4339701749835923 0.7883569655375888 -0.2805892268335779 1.678938261876379e-05 0.01887507476943833 -0.00010992714835208316
-5515662.010693573 -665400.3856426683 3396617.438827137 -1236.090877770877 -6554.4338696105815 -3337.330517287447 0.3293111510923464 -0.4323755915563431 0.7902331654135696 -0.28308489516925167 1.6789382618764198e-05 0.003744634181647388 -8.209277148309358e-05
-5516894.613727946 -671954.2439212668 3393277.6540337075 -1229.1148483681475 -6553.281279300143 -3342.238272249997 0.3308603482964329 -0.43292988614052463 0.7895784374174244 -0.2822570367182615 1.6789382618764605e-05 -0.011653943459292151 -4.7321883654424904e-05
-5518120.2397046685 -678506.9453777482 3389932.96388181 -1222.1367621054528 -6552.120218284983 -3347.1412295534637 0.33841076219130317 -0.43559772822011816 0.786374993416814 -0.27811354683164724 1.678938261876501e-05 -0.026589212085866048 -7.230729940012165e-06
-5519338.886566257 -685058.4815191604 3386583.373184064 -1215.156618344361 -6550.950640951234 -3352.0393581634785 0.3515672360188318 -0.44017073355285447 0.780596741898643 -0.270774685705375 1.6789382618765377e-05 -0.0403469626616722 3.635113101418259e-05
-5520550.552256968 -691608.8438030105 3383228.8867882406 -1208.1744217523333 -6549.772493378394 -3356.9326180889434 0.3696156978254002 -0.4462906655907599 0.7722423609001385 -0.26048150367920436 1.6789382618765648e-05 -0.052264507010678384 8.150676750224531e-05
-5521755.234729959 -698158.0236333907 3379869.5095847235 -1201.1901860129756 -6548.585742989738 -3361.820976753109 0.39156667545420437 -0.4534894230121882 0.7613890088723785 -0.24760787357867217 1.6789382618765828e-05 -0.061713543910573446 0.00012619647122693605
-5522952.931953841 -704706.0124646821 3376505.2464447287 -1194.2039244477264 -6547.390505581043 -3366.7044966705116 0.41615553583461 -0.46122212672556484 0.7482883547560961 -0.23270852573416898 1.6789382618765936e-05 -0.06792559217880045 0.00016710660240185375
-5524143.641905319 -711252.8018073521 3373136.1022114907 -1187.215642535846 -6546.186756414605 -3371.583155991158 0.44192943991026695 -0.468932169275572 0.7334299678785293 -0.21652129912967857 1.6789382618765936e-05 -0.07050327854562347 0.00020178911156731568
-5525327.3625735855 -717798.3831484198 3369762.081754077 -1180.2253667407354 -6544.974537818968 -3376.4569612862715 0.4674200808931158 -0.47613404532950415 0.7175327151118029 -0.19990408099966123 1.6789382618765936e-05 -0.06928912925260286 0.00022832387581293815
-5526504.091982983 -724342.7481054778 3366383.189884612 -1173.233123050235 -6543.753982751994 -3381.325977303139 0.4912520975565457 -0.48245832978014935 0.7015186627298952 -0.1837849354917384 1.6789382618765997e-05 -0.06433287820034818 0.00024523785214102927
-5527673.828160429 -730885.8883178224 3362999.431405451 -1166.2389024949832 -6542.525041498696 -3386.190176115453 0.512226816647586 -0.48767010407066175 0.6864450875029671 -0.16909967399682996 1.6789382618766133e-05 -0.055893530914416144 0.00025158755502483165
-5528836.569144334 -737427.7954284812 3359610.811126671 -1159.2427459774076 -6541.287807480091 -3391.0495873138075 0.5294021417255009 -0.49166654305876983 0.6733807099559523 -0.15670291073336476 1.67893826187664e-05 -0.044631805765376134 0.0002471118026307691
-5529992.313010078 -743968.4611767193 3356217.333824284 -1152.2446630289153 -6540.042305642354 -3395.9042180378524 0.5421456742080164 -0.4944516413001424 0.6632540518487028 -0.14727425117585552 1.6789382618766733e-05 -0.03123195277206729 0.00023239791163611145
-5531141.057824053 -750507.8772635912 3352819.004294927 -1145.2446413938785 -6538.788475645647 -3400.754035759167 0.5500414011218336 -0.4960730550178033 0.6568051711562944 -0.14132568159957465 1.678938261876714e-05 -0.01633774101008539 0.00020837162727920671
-5532282.801645947 -757046.0353352797 3349415.827368057 -1138.2426791650234 -6537.526267671904 -3405.599007618472 0.5528526258426932 -0.49657999543446574 0.6545161318293593 -0.1391794360107765 1.6789382618767546e-05 -0.0006703403442574451 0.00017627993480868887
-5533417.542536652 -763582.9269917355 3346007.8079058276 -1131.2387797528659 -6536.255638077194 -3410.439101055327 0.5505028905485528 -0.495995716966895 0.6565580426756797 -0.14094805016765646 1.6789382618767952e-05 0.015006303672188732 0.00013768925471351433
-5534545.278560884 -770118.5437895608 3342594.950803046 -1124.2329464750408 -6534.976542601461 -3415.27428315024 0.5430692445363616 -0.494307421787779 0.6627713456278721 -0.14652682968946068 1.678938261876836e-05 0.02992258771557873 9.442385259844458e-05
-5535666.007784344 -776652.8772378744 3339177.260987943 -1117.225177084176 -6533.688929518216 -3420.1045199780538 0.5307914459307195 -0.49147615716317894 0.6726817050347894 -0.15559868758565834 1.678938261876869e-05 0.04334106945158526 4.846408027868737e-05
-5536779.728265516 -783185.9187883133 3335754.7434229506 -1110.215458574876 -6532.392735159806 -3424.9297773081644 0.5140937056105999 -0.487464530115069 0.685550052445426 -0.16765177995873037 1.678938261876896e-05 0.054593131774521 1.7874307279331402e-06
-5537886.438056032 -789717.6598596681 3332327.4030892192 -1103.2038066076602 -6531.088001779813 -3429.7500691436094 0.4936296200426152 -0.48228081837913905 0.7004372049834636 -0.18199651731581143 1.6789382618769094e-05 0.06293035592987296 -4.290811017203789e-05
-5538986.135246537 -796248.0919721315 3328895.244931989 -1096.1902576007997 -6529.774808441058 -3434.5654188296153 0.47037868152351126 -0.47604317497720766 0.7162533350196861 -0.19775730479302173 1.6789382618769148e-05 0.06767572301271133 -8.234513976755662e-05
-5540078.81793545 -802777.2066377784 3325458.273909418 -1089.1748024694473 -6528.453107395224 -3439.375799603005 0.44558448721277105 -0.4690034750034545 0.7319189737951608 -0.21397387922046596 1.6789382618769148e-05 0.06854453265991406 -0.0001143021528325003
-5541164.484226844 -809304.9954095354 3322016.4949596473 -1082.1574706004067 -6527.12305208907 -3444.181287532421 0.42067760174278024 -0.46155070391112485 0.7464879926133308 -0.22968887651605574 1.6789382618769148e-05 0.06546984588388516 -0.00013695553897334804
-5542243.132258813 -815831.4499641602 3318569.9129668768 -1075.1382849468168 -6525.784663581795 -3448.9818781965405 0.39718660500585984 -0.4541905245623469 0.7592176544294541 -0.2440129533535818 1.6789382618769277e-05 0.05860785591886326 -0.0001489832124921897
-5543314.760180489 -822356.5619499531 3315118.5328433784 -1068.1172507887707 -6524.437931838139 -3453.7775592129424 0.3766189165318295 -0.4474955122450773 0.7695961898303404 -0.256178966407333 1.6789382618769484e-05 0.048399218118972666 -0.00014965943729663346
-5544379.366148235 -828880.3230891675 3311662.359461327 -1061.0943800060224 -6523.082972881252 -3458.568394518013 0.3602695867901034 -0.4420141144587974 0.7773541065202915 -0.2656123877557911 1.6789382618769768e-05 0.035650163691980076 -0.00013916248119398558
-5545436.948332799 -835402.7251379007 3308201.3976832614 -1054.069685790397 -6521.719740789057 -3463.354343472136 0.3491471748811272 -0.4382082640617664 0.7823874940759359 -0.27191832724933823 1.6789382618770175e-05 0.02102026407607981 -0.00011829895062101968
-5546487.504913501 -841923.7597942677 3304735.652416971 -1047.0431724491848 -6520.348179518728 -3468.135364937778 0.3439582364656405 -0.43641424058665307 0.7846644005766801 -0.2748401729155708 1.678938261877058e-05 0.005237438021558655 -8.82115276592733e-05
-5547531.034071063 -848443.4187042257 3301265.128606935 -1040.014839152989 -6518.968240186656 -3472.911425834281 0.3450556006571102 -0.436799849046497 0.7841738077311826 -0.2742516428328125 1.6789382618770988e-05 -0.010907123506865879 -5.0426474831507766e-05
-5548567.533984402 -854961.6934663994 3297789.831229055 -1032.9846837064024 -6517.57987598497 -3477.6824953252026 0.3524108005794943 -0.4393418048701133 0.7808987861191563 -0.2701527197087222 1.6789382618771395e-05 -0.026598390500076584 -6.814481118656158e-06
-5549597.002831048 -861478.5756310119 3294309.765291664 -1025.9527061747679 -6516.183035921976 -3482.448538329811 0.3656133225868814 -0.443827082974556 0.774821102476188 -0.2626721871893985 1.6789382618771794e-05 -0.04103859700314648 4.0504795003079756e-05
-5550619.438791408 -867994.0566931297 3290824.9358427725 -1018.918912975664 -6514.777660180767 -3487.2095097342317 0.383897324051064 -0.44987836968400324 0.7659568073319052 -0.25207631062598934 1.6789382618772065e-05 -0.05348794910547282 8.931490196822006e-05
-5551634.84005707 -874508.1280924311 3287335.3479759507 -1011.8833195484153 -6513.363725637895 -3491.965381770563 0.40618998242516446 -0.4569986798866349 0.7544168257962434 -0.23878265790219796 1.6789382618772252e-05 -0.06322690589875846 0.000137164421113663
-5552643.204833276 -881020.781335291 3283841.006753589 -1004.8459346108501 -6511.941352191204 -3496.7162231961256 0.4311116865395891 -0.46460934907091767 0.7405176720744645 -0.22341540643005187 1.6789382618772353e-05 -0.06941882574474663 0.00018028702569180988
-5553644.531331288 -887532.0079709489 3280341.9172169464 -997.8067650048939 -6510.510501046239 -3501.4620021668284 0.4570969659529135 -0.4721298831549745 0.7248394450972333 -0.20679341377289107 1.6789382618772353e-05 -0.07165711409962777 0.00021601511193848635
-5554638.817779056 -894041.7995368597 3276838.084428515 -990.7658422212949 -6509.071254818874 -3506.2027478785485 0.4825797437739759 -0.47906541456703433 0.7082131594570166 -0.18986110775161336 1.6789382618772353e-05 -0.06979257826920009 0.0002422411867066389
-5555626.062436492 -900550.1477184267 3273329.5133800004 -983.7231820163659 -6507.623721900372 -3510.9385168245994 0.5061127074996726 -0.485053228924599 0.6916835151915567 -0.17362951140121002 1.6789382618772448e-05 -0.06391477140050486 0.0002574116046356361
-5556606.263561242 -907057.0441993991 3269816.20906491 -976.6787790121891 -6506.1678536115605 -3515.6692791755386 0.5264575135478923 -0.4898782776261348 0.676422975313998 -0.15910285354568898 1.6789382618772628e-05 -0.0543662920550396 0.0002606219474864134
-5557579.419431001 -913562.4806943884 3266298.176472771 -969.6326788751604 -6504.7037717511075 -3520.395079915858 0.5426778349691499 -0.49346642866097185 0.6635757913018268 -0.14716935963690464 1.67893826187729e-05 -0.041945049296708156 0.00025187546899811415
-5558545.528352525 -920066.4490014465 3262775.420561505 -962.5848798425841 -6503.231465968346 -3525.115911321384 0.5541625497418537 -0.4958443497825892 0.654106329480709 -0.13851772083586628 1.67893826187733e-05 -0.02738393589911993 0.00023202535626948192
-5559504.588621095 -926568.9408634894 3259247.946318924 -955.5353723767797 -6501.750872060021 -3529.831736359017 0.5605244235515189 -0.4970710602724205 0.6487463063741392 -0.13364490864900358 1.6789382618773705e-05 -0.011428761016925266 0.00020228148291472688
-5560456.598527895 -933069.9479650228 3255715.7587698605 -948.4841568780528 -6500.261936683932 -3534.542518197758 0.5615661084507746 -0.4971948758502221 0.6479175578360639 -0.13282921183040194 1.6789382618774112e-05 0.005096740730079766 0.00016424110145700347
-5561401.556366997 -939569.46194017 3252178.8629757846 -941.4312377139664 -6498.764611121405 -3539.2482202484193 0.5572618479833124 -0.4962277045325229 0.6516830590815992 -0.13611204407640004 1.678938261877452e-05 0.021333133457227507 0.00011985625741212976
-5562339.460436232 -946067.4743732092 3248637.264035082 -934.3766169743319 -6497.258843009446 -3543.9488050991654 0.5477560243907207 -0.4941413051797085 0.6597382089000605 -0.143294117033139 1.6789382618774925e-05 0.03642988126851805 7.133909209033335e-05
-5563270.309031779 -952563.9767910786 3245090.9670842076 -927.3202882456796 -6495.744569063468 -3548.644234087157 0.533380024814419 -0.49088667529897284 0.6714436773646811 -0.15394612456922974 1.678938261877523e-05 0.049590023237582964 2.1014491448467363e-05
-5564194.100438305 -959058.9606551911 3241539.977296251 -920.2622409923043 -6494.221742561193 -3553.3344820286857 0.5146829384197288 -0.48643251803206694 0.6858944141116589 -0.16743276558380307 1.6789382618775443e-05 0.06006473826194868 -2.8680515797145192e-05
-5565110.832957596 -965552.4174743966 3237984.2998277517 -913.2025201642058 -6492.690493389269 -3558.019599510032 0.49252624888757873 -0.4808297278950725 0.7019727118250552 -0.18290702223277058 1.6789382618775572e-05 0.06695097550445415 -7.387496104338917e-05
-5566020.504922224 -972044.3388261796 3234423.9398144535 -906.1411296940253 -6491.150796544624 -3562.6995653894646 0.468112818787515 -0.47426613979521903 0.7184688528756917 -0.1993602893708687 1.6789382618775572e-05 0.06976355077625811 -0.00011163046339718247
-5566923.114660293 -978534.7162611275 3230858.9024086907 -899.0780731138765 -6489.602699579301 -3567.3744056362507 0.44289049754510934 -0.46707956711080784 0.7342608384680838 -0.21574453936072766 1.6789382618775572e-05 0.06831341483709474 -0.00013966549114495158
-5567818.660525433 -985023.5414747031 3227289.1926890295 -892.0133866657617 -6488.046347086376 -3572.044186559619 0.4184660053877065 -0.45975028893527065 0.7484185057926303 -0.23105327166244136 1.6789382618775653e-05 0.062667222757428 -0.00015625376459875965
-5568707.14089372 -991510.8061848233 3223714.8157370854 -884.9470801573088 -6486.481687609477 -3576.7088660472177 0.3964855708008712 -0.45286012718005414 0.76025725844851 -0.24438862153039792 1.6789382618775833e-05 0.05315395645763521 -0.00016033501420510164
-5569588.554146631 -997996.5021222908 3220135.77663216 -877.8791575505279 -6484.908828223465 -3581.36850805925 0.3784542002215515 -0.44700998044074475 0.7693587098621668 -0.25503268668986934 1.6789382618776104e-05 0.04057975135759131 -0.00015177867179494257
-5570462.898675408 -1004480.6211110951 3216552.080402435 -870.8096342826235 -6483.32777861568 -3586.0231061482987 0.36556149435781676 -0.442722960416843 0.7755384937160154 -0.26249041682949165 1.678938261877651e-05 0.02574096627366291 -0.00013141534984331896
-5571330.1728846915 -1010963.1549275928 3212963.73211807 -863.738519252289 -6481.738473521756 -3590.6726099892267 0.35867429953927027 -0.4404005298901807 0.7787258342748455 -0.2664323463009091 1.6789382618776917e-05 0.009421692057814277 -0.00010048971608602966
-5572190.37518379 -1017444.0952873403 3209370.736893833 -856.6658137571683 -6480.140856167319 -3595.3169798533827 0.3582797678737576 -0.4402715365045069 0.7788956021261352 -0.26668000124653635 1.6789382618777324e-05 -0.00750862659402308 -6.069113453757826e-05
-5573043.503981538 -1023923.4338515436 3205773.09988146 -849.5915163076695 -6478.5348735535645 -3599.9561803203787 0.36444485414069244 -0.4423595684542134 0.7760304958465065 -0.2632007408872488 1.678938261877773e-05 -0.02414117441506618 -1.4127610105159551e-05
-5573889.55768578 -1030401.1622274222 3202170.8262691037 -842.515627215055 -6476.920469553486 -3604.5901727053147 0.37680800138629994 -0.44647792361175764 0.7701177885297379 -0.2561089330903189 1.6789382618778137e-05 -0.039576446152412646 3.677879371095582e-05
-5574728.534707632 -1036877.2719619949 3198563.921288245 -835.4381535435314 -6475.29757922364 -3609.218907997153 0.3946039711801201 -0.45225328799712516 0.7611825708909544 -0.24567409956384395 1.678938261877845e-05 -0.05297302989744373 8.946376878936243e-05
-5575560.433470416 -1043351.7545396078 3194952.390221463 -828.3591116782078 -6473.666168105835 -3613.8423504421703 0.41671711454275173 -0.4591736258888559 0.7493511385303561 -0.23233445486733875 1.678938261877867e-05 -0.06352611095581726 0.00014115362175610573
-5576385.252409935 -1049824.6015050851 3191336.238323107 -821.278507225764 -6472.026363291938 -3618.460576007151 0.44168911183792925 -0.4666328802515864 0.7349708462670677 -0.2167540972839965 1.678938261877879e-05 -0.070293619773714 0.000187606161590171
-5577202.989966408 -1056295.804456175 3187715.4708186043 -814.1963477588902 -6470.378128288652 -3623.0735537590426 0.46784356789589165 -0.4740170962499236 0.718681750941444 -0.19981673930122362 1.678938261877879e-05 -0.07279629135287961 0.00022572738861132734
-5578013.644597432 -1062765.3549759574 3184090.092956947 -807.1126637929019 -6468.721545543555 -3627.68131378985 0.49349778334046684 -0.48080398422250525 0.7014015788272308 -0.18254668392627277 1.678938261877879e-05 -0.07085730143343218 0.0002531184686066127
-5578817.214790339 -1069233.244805128 3180460.1099080117 -800.0274691769647 -6467.056735875134 -3632.283922323181 0.5171002773897272 -0.48661624867801695 0.6842823731248846 -0.1660408488191319 1.6789382618778893e-05 -0.0645751645829772 0.0002680456067230085
-5579613.699029679 -1075699.4656848905 3176825.5268417 -792.9407591617347 -6465.383647578295 -3636.8813470316554 0.5373332458888713 -0.4912384913486778 0.6686108234848597 -0.15138459036144553 1.67893826187791e-05 -0.054341087094362424 0.00026955784710855384
-5580403.095820665 -1082164.0093913812 3173186.3489215462 -785.852578668166 -6463.702411213123 -3641.473639554598 0.5532142745764285 -0.494607007955835 0.6556292451988671 -0.13952837319275407 1.6789382618779404e-05 -0.04104908041443359 0.00025781154142292027
-5581185.403695595 -1088626.8677854661 3169542.581276969 -778.7629244604486 -6462.013009807254 -3646.060788901366 0.5641146410763141 -0.4967615351935559 0.6463666685866819 -0.1311974794561138 1.678938261877981e-05 -0.025523313991681073 0.00023388899840276698
-5581960.621175415 -1095088.0326656776 3165894.2290721503 -771.6717880846325 -6460.315372856164 -3650.6427530538103 0.5696486360752103 -0.497769647202767 0.6415781058382239 -0.12689895133657372 1.6789382618780217e-05 -0.008612073105120167 0.00019929114879930408
-5582728.74677824 -1101547.495766289 3162241.297513099 -764.5791712457155 -6458.609441368837 -3655.219490505759 0.5696361053159542 -0.49767973355372175 0.6416602871839848 -0.12689234090887494 1.6789382618780624e-05 0.008753003003588984 0.00015597542850511072
-5583489.779026093 -1108005.2487651776 3158583.7918471573 -757.485078843208 -6456.89515995599 -3659.790959872231 0.5640841437447802 -0.4964954364526739 0.646602932042705 -0.131171676177305 1.678938261878103e-05 0.02560792306566318 0.00010629820465508894
-5584243.71644449 -1114461.2832825528 3154921.7173635825 -750.38951176749 -6455.172467110131 -3664.3571185095852 0.5531897789410168 -0.49417663674454426 0.6559879998194794 -0.13946420423850162 1.6789382618781437e-05 0.04100979945807001 5.2884336806479927e-05
-5584990.557554846 -1120915.5908706472 3151255.07939508 -743.2924597888285 -6453.441287439866 -3668.9179223556343 0.5373633658256199 -0.4906670158745552 0.6690374160294532 -0.15124625137157127 1.678938261878173e-05 0.05408980536625022 -1.575718444513404e-06
-5585730.30086918 -1127368.1630277324 3147583.883305105 -736.1939287134257 -6451.7016359316385 -3673.473374885597 0.5172777719516064 -0.4859448116381494 0.6846919255409937 -0.1657658402256384 1.678938261878192e-05 0.06393781003994115 -5.376253005772336e-05
-5586462.944933262 -1133818.991356838 3143908.134414657 -729.0939594267369 -6449.9536238569835 -3678.02351789095 0.49398904846097036 -0.4801019319563059 0.7016705456794458 -0.18203131669676137 1.678938261878201e-05 0.06965465547766954 -9.934048164117434e-05
-5587188.488305724 -1140268.0674668383 3140227.838052039 -721.9925437988452 -6448.197193740122 -3682.568317407103 0.468890198957143 -0.47338598175678204 0.7186636205915667 -0.19892283437634625 1.678938261878201e-05 0.07084773570080168 -0.00013536760671994117
-5587906.929546265 -1146715.383002583 3136542.999525209 -714.8897028442092 -6446.4325140158835 -3687.107866071171 0.4436147172527657 -0.4662101738578326 0.7345037327123756 -0.21530983038353205 1.6789382618782023e-05 0.06741725178454948 -0.00015950396841787543
-5588618.267244898 -1153160.929755922 3132853.624069684 -707.7854620061431 -6444.65961767427 -3691.6421657625233 0.41992433961640285 -0.45913095275368754 0.7482639700514955 -0.23013767258750514 1.678938261878216e-05 0.05956031222962946 -0.00017014116790051498
-5589322.5000057 -1159604.6994897325 3129159.7169515355 -700.679826633998 -6442.878496123307 -3696.1712050074784 0.3995534239628452 -0.4527852386562886 0.7592996350433103 -0.24250083149884338 1.678938261878242e-05 0.0478479154392195 -0.0001665640395993954
-5590019.626434918 -1166046.6840515868 3125461.2833857415 -693.5728019374933 -6441.089273695962 -3700.6950585531563 0.3839689993689585 -0.44777738340681555 0.7672642399997348 -0.2517316198862905 1.6789382618782785e-05 0.033282368412602785 -0.00014933686206316024
-5590709.645152015 -1172486.8753169447 3121758.3285803604 -686.4644041928611 -6439.291891079016 -3705.2136747900995 0.3742771111167254 -0.4446002745028723 0.7720111317725706 -0.257383084963491 1.6789382618783192e-05 0.016710413734580765 -0.0001197459312437047
-5591392.554787676 -1178925.265091093 3118050.857798692 -679.3546393822867 -6437.486280740248 -3709.7270037135586 0.37119137910001004 -0.4435826829526418 0.77348224749275 -0.25918444451767 1.67893826187836e-05 -0.0009297693633375315 -7.956595587422872e-05
-5592068.35397516 -1185361.845115539 3114338.876349318 -672.2435077098521 -6435.672381722094 -3714.235003472798 0.37497105188549706 -0.44484009383482204 0.7716523808968055 -0.25703424717574525 1.6789382618784005e-05 -0.018631379917916836 -3.1087741009933355e-05
-5592737.041347487 -1191796.6070712518 3110622.389582101 -665.1310094119559 -6433.850132573964 -3718.7376318522997 0.38539582478430895 -0.4482557569849197 0.766509213725262 -0.250998923987693 1.6789382618784412e-05 -0.03537621449704912 2.2979190276003834e-05
-5593398.615540388 -1198229.542574389 3106901.4028930017 -658.0171507291925 -6432.019464137342 -3723.234837518557 0.40178054952718645 -0.45349575653596513 0.7580759217460257 -0.24131905373264284 1.678938261878479e-05 -0.05019329177199842 7.968698403592967e-05
-5594053.075201355 -1204660.6431683342 3103175.9217354595 -650.9019488865003 -6430.180312541317 -3727.726565016324 0.42302904002127656 -0.4600558569297997 0.7464709760655699 -0.2284209309476268 1.678938261878506e-05 -0.06218818749647692 0.00013600485981257163
-5594700.4189918125 -1211089.9004194238 3099445.9515597816 -643.7854089501116 -6428.332800986944 -3732.212888583085 0.4476615066562936 -0.4673149268714908 0.7320256208690662 -0.21296578357231152 1.6789382618785194e-05 -0.07028971112834292 0.00018730456647449276
-5595340.645574922 -1217517.3059814698 3095711.4977628975 -636.6675364046049 -6426.476922643485 -3736.6937978914284 0.4739032840082467 -0.47461618427429964 0.7153937729914739 -0.19587471658212227 1.6789382618785215e-05 -0.07384770113143231 0.00022974405381911248
-5595973.753628662 -1223942.8514783522 3091972.5657734433 -629.548357191789 -6424.612710639071 -3741.1692945112945 0.49993424942815035 -0.481386496339666 0.6975410714147816 -0.17823928040712878 1.6789382618785215e-05 -0.07260257286911295 0.00026047446835116147
-5596599.741860212 -1230366.528685789 3088229.1609437563 -622.4278902139163 -6422.740339632336 -3745.639476556406 0.5240564069464716 -0.4872049853949003 0.679703192864936 -0.16124439262783902 1.678938261878531e-05 -0.06661174441879693 0.00027741855673050667
-5597218.608976731 -1236788.3294168173 3084481.2886041733 -615.3061275012528 -6420.859750493648 -3750.104308938848 0.544817527041467 -0.4918284266364097 0.6632804334202511 -0.14607439071451953 1.6789382618785516e-05 -0.05625582795920048 0.00027941656345344644
-5597830.353698734 -1243208.2454934656 3080728.954090375 -608.1831096303896 -6418.971062358982 -3754.563839337829 0.5611184888554831 -0.49518067373619673 0.6496492484702951 -0.1337833912886278 1.6789382618785835e-05 -0.04247121611025534 0.0002665742205813953
-5598434.974778688 -1249626.2688453344 3076972.162692035 -601.0588404631097 -6417.074286194041 -3759.0180700743026 0.5722616504956428 -0.4973048544774263 0.6399500375485915 -0.12517361753478656 1.678938261878624e-05 -0.02621884177762647 0.00024015590383475122
-5599032.470959289 -1256042.391342972 3073210.9197327257 -593.933310553436 -6415.169341843042 -3763.4669533477945 0.5778263215718897 -0.4982771254126693 0.6350147559114014 -0.12080110994510583 1.6789382618786648e-05 -0.008445692661540752 0.00020192923614511783
-5599622.840980192 -1262456.6047839068 3069445.23058353 -586.8065219537428 -6413.256162288421 -3767.910442058456 0.5776195345761319 -0.49815107049540613 0.635274109259183 -0.1209462291486828 1.6789382618787055e-05 0.009803583512887645 0.00015419910786836964
-5600206.083585518 -1268868.9009015178 3065675.1006624307 -579.6784801642256 -6411.334684381383 -3772.3484892389915 0.5716551086496042 -0.4969285469741779 0.6407018323939458 -0.1255930647925334 1.678938261878746e-05 0.027447680147826774 9.973503835778389e-05
-5600782.1975231515 -1275279.271363192 3061900.535435061 -572.5491858128596 -6409.40483746772 -3776.7810463252063 0.5601576704641348 -0.49456186295642196 0.650815577264999 -0.13442853982132444 1.6789382618787868e-05 0.04343263473010436 4.1605625746880045e-05
-5601351.181535709 -1281687.7077580204 3058121.5404165853 -565.4186265399167 -6407.466534923193 -3781.208063205256 0.5435908567227555 -0.4909870372049174 0.6647348043683426 -0.14686166840104609 1.6789382618788166e-05 0.056794534920230115 -1.7080031980602732e-05
-5601913.034361306 -1288094.2016400248 3054338.1211441103 -558.2868223240336 -6405.519848848938 -3785.629570911956 0.5227283754970634 -0.48618654600987354 0.6812638641543275 -0.1620408446247559 1.6789382618788352e-05 0.06644540097377216 -7.203319302589593e-05
-5602467.754775138 -1294498.7446834915 3050550.2831040756 -551.1538019767327 -6403.564845421292 -3790.0455905551717 0.49877558672932554 -0.4802769882443439 0.6989763818642518 -0.17885453933775156 1.678938261878842e-05 0.07150712725170186 -0.00011867795866810714
-5603015.341556396 -1300901.328538452 3046758.031803718 -544.0195572303834 -6401.60148772691 -3794.4561015172503 0.47328715616346523 -0.47354831645923073 0.7164531298087004 -0.19607695575116785 1.678938261878842e-05 0.0716086982223513 -0.0001538150926185074
-5603555.7934906725 -1307301.944951431 3042961.372693943 -536.8841139504519 -6399.629982695247 -3798.8612188162483 0.4480636414060434 -0.4664712807664508 0.7324560747275547 -0.21248909634323884 1.678938261878848e-05 0.06671632139837955 -0.0001749926742106455
-5604089.109391896 -1313700.5857805244 3039160.3111744286 -529.7474930899479 -6397.650308137019 -3803.2609116072686 0.4250118204268131 -0.4596621001694699 0.7460281383291608 -0.22697515940385443 1.6789382618788667e-05 0.057139415196888754 -0.00018068155556897456
-5604615.288084309 -1320097.2428580204 3035354.8526708554 -522.6096947406899 -6395.662513767028 -3807.6552099368155 0.4059456507244358 -0.45379769395639974 0.7565325864625616 -0.2386089420747577 1.6789382618788972e-05 0.043697464686247696 -0.0001705579579094663
-5605134.328391804 -1326491.908129188 3031545.0025373567 -515.4707271832265 -6393.666682043991 -3812.0441597129297 0.3923214916936097 -0.4494852053346708 0.7636524361023458 -0.2467424855502242 1.678938261878938e-05 0.027484619528810126 -0.00014573671378191946
-5605646.229154425 -1332884.5735159097 3027730.7661563307 -508.33060649451687 -6391.662732072521 -3816.4276952600803 0.38518677407044644 -0.4471904061953436 0.767250803738066 -0.2509543660734723 1.6789382618789785e-05 0.009477016066133456 -0.00010795924622186282
-5606150.989222107 -1339275.2308630245 3023912.1489692098 -501.18933757851937 -6389.650591325056 -3820.8057638721816 0.38511970776813254 -0.4471749725365766 0.7672717251385174 -0.25102082469082865 1.6789382618790192e-05 -0.009233303200893711 -5.957591906906623e-05
-5606648.607447119 -1345663.8719455323 3020089.156466636 -494.04692135907493 -6387.630191337788 -3825.178318162431 0.392172866258922 -0.4494531128223651 0.7636930795455934 -0.24691136587592727 1.67893826187906e-05 -0.027502178871663802 -3.504191262887274e-06
-5607139.082683686 -1352050.488468462 3016261.794188337 -486.90336207315096 -6385.601459247469 -3829.545305595464 0.4058641426636805 -0.45378691246578967 0.7565252956667874 -0.23879114889568526 1.6789382618791005e-05 -0.04420316273376732 5.694030780063138e-05
-5607622.413795112 -1358435.0720589343 3012430.067733185 -479.75867496076444 -6383.564311501764 -3833.906659124716 0.4252166003469669 -0.4597217539167247 0.7458577940866895 -0.22703062076564884 1.678938261879133e-05 -0.05829721797628339 0.00011832391439635972
-5608098.599662503 -1364817.6142987106 3008593.982743981 -472.6128726946709 -6381.518792684663 -3838.2623969385213 0.448818607415553 -0.46664841505558013 0.7319551016446466 -0.21223299352375488 1.6789382618791537e-05 -0.06865991599700931 0.00017619885344128894
-5608567.639167691 -1371198.106882605 3004753.5447924975 -465.46595242956175 -6379.4649879367 -3842.612574358842 0.47485310390856467 -0.4738709460072555 0.715414343979618 -0.19530277178474298 1.678938261879162e-05 -0.0742963188919012 0.00022541458266071306
-5609029.531200797 -1377576.541491463 3000908.7594673806 -458.31793388296177 -6377.402853376064 -3846.957147206976 0.5013541643822009 -0.48074083938507695 0.6971884344686332 -0.1773711759196887 1.678938261879162e-05 -0.07478130437313806 0.00026244531085071023
-5609484.274679278 -1383952.9098929197 2997059.632321541 -451.16884403410313 -6375.332600868432 -3851.296232915839 0.5264315429547282 -0.4867561022713864 0.6785521151534467 -0.15970395895110298 1.6789382618791673e-05 -0.07005188996429025 0.00028462000613935874
-5609931.86852904 -1390327.203981896 2993206.1688329256 -444.01867521754804 -6373.2542150776635 -3855.629824558383 0.5484294164863284 -0.4916066375300871 0.6610046498845211 -0.14359993697724494 1.678938261879186e-05 -0.06041526972330478 0.00029031772065454326
-5610372.311676579 -1396699.4156207684 2989348.3745031627 -436.86744960068114 -6371.167737405244 -3859.95793204358 0.566042774761212 -0.49517113217541764 0.6460903027043803 -0.13026299456140758 1.678938261879217e-05 -0.0467005502602776 0.00027925187258700385
-5610805.603084448 -1403069.5367940573 2985486.254780743 -429.7151926570348 -6369.073269572028 -3864.2806023388557 0.5784205326322103 -0.4974781695503061 0.6351316827818538 -0.12063541676074135 1.6789382618792577e-05 -0.03008030372532897 0.0002527255268956204
-5611231.741713662 -1409437.5594659285 2981619.8151285294 -422.56189150206836 -6366.970720361807 -3868.597782545677 0.5850540816484843 -0.4986122688268322 0.6291148032888038 -0.11537803605841652 1.6789382618792984e-05 -0.011591996065645517 0.0002127124293319036
-5611650.726519625 -1415803.4755148143 2977749.0610636347 -415.40754704753124 -6364.860011472122 -3872.909418816797 0.585694350736573 -0.49864061473052385 0.6285929207888126 -0.1148503582520277 1.678938261879339e-05 0.007605209325864951 0.0001618146796917198
-5612062.556462133 -1422167.276745083 2973873.998156647 -408.25216559400536 -6362.741070969221 -3877.2154577626193 0.5803236976835618 -0.4975740213049439 0.6336116750871683 -0.11908293086138753 1.6789382618793797e-05 0.02629736802351211 0.00010320256099207458
-5612467.230505988 -1428528.954886797 2969994.632032215 -401.09574920522624 -6360.613819968455 -3881.5158442970287 0.5691561004678168 -0.49536393584387545 0.6437002328184952 -0.12777290258481436 1.6789382618794203e-05 0.04329237885401835 4.042213734392298e-05
-5612864.747611906 -1434888.5015828635 2966110.9683713196 -393.9382863140485 -6358.4781625057585 -3885.8105214418447 0.5526670638176691 -0.49193681137729345 0.6579303101389604 -0.14030323297611275 1.678938261879453e-05 0.05749503275438531 -2.2907183883397786e-05
-5613255.106736864 -1441245.9084394213 2962223.012878575 -386.77979739705484 -6356.334180015465 -3890.0995262576453 0.5316752300456874 -0.4872642817075883 0.6750065112373713 -0.1557600055052842 1.678938261879473e-05 0.06767281826427647 -8.181235308099116e-05
-5613638.30687381 -1447601.1671886903 2958330.7712029465 -379.62030928486047 -6354.181934150952 -3894.3828785014125 0.5074745244606833 -0.4814611214023948 0.6933667246523172 -0.17293750531989724 1.6789382618794796e-05 0.07285740441245528 -0.00013114289552718967
-5614014.347018858 -1453954.269534143 2954434.249016606 -372.45981356878235 -6352.021395364752 -3898.6605623988007 0.4817449508498932 -0.47483199694456496 0.7114529516518358 -0.19050216427684283 1.6789382618794796e-05 0.07264130291314397 -0.00016727601562728896
-5614383.226173248 -1460305.2072968844 2950533.451920347 -365.2983335388006 -6349.852785373155 -3902.9327050926518 0.45643640362568205 -0.46788041990218127 0.7279087885262003 -0.20712922947698956 1.6789382618794878e-05 0.06700959913556526 -0.00018750800427120125
-5614744.943365222 -1466653.9724021773 2946628.385467269 -358.13589094913755 -6347.676067801353 -3907.1992658959502 0.4336053863330207 -0.46126625279768096 0.74169222673685 -0.2216132978210262 1.678938261879509e-05 0.056345565526372085 -0.0001902624099143537
-5615099.497632268 -1473000.5567566382 2942719.0552311083 -350.972481171017 -6345.491320343109 -3911.4602965469044 0.4151776078950803 -0.455704283900908 0.7521210015915532 -0.2329702953206664 1.6789382618795437e-05 0.04164515521289179 -0.00017548676492008052
-5615446.888008611 -1479344.9523851397 2938805.466708221 -343.80811384536247 -6343.2986000511755 -3915.715825741675 0.4026610340851805 -0.45181947000202916 0.7588607541720505 -0.24052778204183686 1.6789382618795843e-05 0.024113656656760935 -0.00014470884276829727
-5615787.113546652 -1485687.1512691458 2934887.6254377263 -336.6428061851654 -6341.09781731459 -3919.965781126633 0.39709542960985206 -0.45006884042805323 0.7617639721990996 -0.24386248034120417 1.678938261879625e-05 0.004879229563055978 -0.00010013858239475387
-5616120.1733094435 -1492027.1453054626 2930965.537023448 -329.476563810153 -6338.888891739452 -3924.2101041813908 0.39897722950507053 -0.450671593042052 0.7607706264315951 -0.24277631581411663 1.6789382618796656e-05 -0.014808708877273194 -4.470929629151686e-05
-5616446.066363636 -1498364.9263123202 2927039.207125184 -322.30938976049254 -6336.671744996516 -3928.4487394542043 0.40820601827587916 -0.4535691719329816 0.7558667152571443 -0.23729382984341899 1.6789382618797063e-05 -0.03366012593026468 1.802257576337008e-05
-5616764.791781445 -1504700.4860267113 2923108.641461812 -315.1412936967217 -6334.446291578661 -3932.681622254614 0.4240893865177931 -0.45843250930677404 0.7470979895672148 -0.2276673464471407 1.678938261879747e-05 -0.050428860639687774 8.41227670308982e-05
-5617076.348651555 -1511033.8160972013 2919173.8458234887 -307.9722977463892 -6332.212457517609 -3936.908686887601 0.44540527327893625 -0.46471523956141814 0.7346367687955281 -0.21438914755265898 1.6789382618797768e-05 -0.06395457537040249 0.00014947062198510246
-5617380.73607468 -1517364.908201668 2915234.825991565 -300.8023974918552 -6329.970381152137 -3941.1300248088114 0.4704414657590674 -0.47172277190789774 0.7189290167247182 -0.19825116057471018 1.6789382618797934e-05 -0.0728912598195287 0.00020802774022126092
-5617677.9531474 -1523693.7541050734 2911291.587689611 -293.63160035225513 -6327.720041217671 -3945.345614981649 0.4971319127224293 -0.47872293971370455 0.7008232703347104 -0.18036338902939633 1.678938261879796e-05 -0.07644332567720233 0.00025489916282014365
-5617967.998986348 -1530020.3455483376 2907344.1366727124 -286.45993496861263 -6325.46151421908 -3949.555485832122 0.5233700246397981 -0.48509321876376715 0.6815509225368381 -0.1620392742736469 1.678938261879796e-05 -0.0743105182046247 0.0002864817292620997
-5618250.872729427 -1536344.6744612227 2903392.4785890016 -279.2874062520801 -6323.194967631566 -3953.759741468547 0.5472238156955317 -0.4904034412082285 0.6626578246911848 -0.14468990207439286 1.6789382618798093e-05 -0.06662157428713991 0.00030032101631564316
-5618526.573509158 -1542666.7327847772 2899436.619077675 -272.11401162413335 -6320.920339175808 -3957.958340822676 0.5670893216473264 -0.4944385894176204 0.6458477563732604 -0.12969525109237603 1.6789382618798364e-05 -0.053962580267424724 0.0002953339722710151
-5618795.100479641 -1548986.512506891 2895476.5637638723 -264.9397920688142 -6318.637786356521 -3962.151357310652 0.5818237096487703 -0.4971730932864354 0.6327107180449116 -0.1182253503849042 1.678938261879877e-05 -0.037605508870098295 0.0002723649787949511
-5619056.452816093 -1555304.0057019012 2891512.3182324576 -257.76474159185295 -6316.347267502166 -3966.338765595535 0.5907438061754704 -0.49869008746402577 0.6244850930478939 -0.11112299803102825 1.6789382618799177e-05 -0.01874701715506164 0.00023350026672837226
-5619310.629684575 -1561619.2043546939 2887543.8881227933 -250.5888567045564 -6314.04868746886 -3970.520503593378 0.5934803952725364 -0.49907855009171337 0.6219654036116532 -0.10890664798670693 1.6789382618799584e-05 0.0013527080116029807 0.0001815232793473865
-5619557.63025353 -1567932.1003621118 2883571.2791356775 -243.41214385186817 -6311.741963154385 -3974.6965103386988 0.5899300201906051 -0.4983742188687658 0.6253967853639117 -0.11173437296259896 1.678938261879999e-05 0.02133813524580815 0.00011993642893417465
-5619797.453698183 -1574242.6855377583 2879594.497033216 -236.2346082996497 -6309.427008496357 -3978.866723681348 0.5802429225845214 -0.49654108004428 0.6344377473688011 -0.11938949423058383 1.6789382618800397e-05 0.0398494588577033 5.276697619961797e-05
-5620030.099193758 -1580550.9516014499 2875613.5476411544 -229.05624288326754 -6307.103720014875 -3983.0310784719763 0.5648479037863333 -0.49349807179171534 0.6482039840488087 -0.13129392137222373 1.6789382618800776e-05 0.05561531545286219 -1.576649687972811e-05
-5620255.565908289 -1586856.8902031274 2871628.4368283385 -221.87705480998363 -6304.772123666308 -3987.1895847024207 0.5445253371874745 -0.48918815001617133 0.6653684296008545 -0.14653314961166888 1.6789382618801017e-05 0.06730240804068034 -8.043944856595239e-05
-5620473.853041302 -1593160.4931189083 2867639.170404411 -214.69707971471198 -6302.432335272796 -3991.342291913386 0.5205687084673676 -0.4836886895525376 0.6842565201978753 -0.1638489729301359 1.6789382618801112e-05 0.07368564506260843 -0.00013500753545043012
-5620684.95980227 -1599461.7521163144 2863645.7541936496 -207.51630901676768 -6300.084296751348 -3995.4891656417844 0.4947251270721395 -0.47727880174427845 0.7031357646064914 -0.18180233931455905 1.6789382618801112e-05 0.07423180800922778 -0.00017517573535438133
-5620888.885398738 -1605760.6590506178 2859648.1939634355 -200.33475626727522 -6297.728241199669 -3999.6303478307073 0.4690654885350437 -0.47045869715468075 0.7204645671423827 -0.1989396622829155 1.6789382618801186e-05 0.0688632289363637 -0.00019773347727006414
-5621085.629062958 -1612057.2059227335 2855646.4954042486 -193.1524474675581 -6295.364158233862 -4003.7658119438834 0.44580653754440647 -0.46391083854387594 0.7350372894196331 -0.21392393070160268 1.6789382618801407e-05 0.05796687010182992 -0.0002008057705053084
-5621275.190040498 -1618351.3847048073 2851640.66423663 -185.96937872381426 -6292.992098896339 -4007.895591988157 0.42705168155597173 -0.4583933529200217 0.7460454235337853 -0.2256515484175817 1.6789382618801766e-05 0.042579927442971795 -0.00018427681324484244
-5621457.56756835 -1624643.1874909655 2847630.7060972922 -178.78555320608953 -6290.612150000424 -4012.0197408015156 0.41445534591907623 -0.4545761388745156 0.7530790008003487 -0.23336520468695485 1.6789382618802172e-05 0.024095035964021377 -0.00014996149194456895
-5621632.760902004 -1630932.6063418048 2843616.626659538 -171.60099249740972 -6288.224212445807 -4016.138176625856 0.40914062160847137 -0.4529438233429207 0.7559548504478808 -0.23659693305208537 1.678938261880258e-05 0.003787259671601663 -0.00010048983922771969
-5621800.769311058 -1637219.633222631 2839598.431670884 -164.41570484873398 -6285.828195266378 -4020.2508320174634 0.41161931097431753 -0.4537177798673259 0.754599426386986 -0.23513703400724623 1.6789382618802986e-05 -0.01693138207598107 -3.934102878082352e-05
-5621961.592071228 -1643504.2600094096 2835576.1269437955 -157.22969608629137 -6283.424008994557 -4024.3576421231246 0.4217318801546991 -0.45681240342375445 0.7490051565258241 -0.2290325846623605 1.6789382618803392e-05 -0.03660715809467642 2.9291280634126375e-05
-5622115.228467586 -1649786.4784850888 2831549.7183603537 -150.0429810854828 -6281.011555658603 -4028.4585302985674 0.43865867850631945 -0.46184775099740727 0.7392509436058238 -0.21859382664573543 1.67893826188038e-05 -0.05384662292774488 0.00010081803016846993
-5622261.677806934 -1656066.280341577 2827519.2118794154 -142.85558243244455 -6278.590789619204 -4032.5534489935358 0.46099473602638885 -0.4682145148118729 0.7255861743394154 -0.20441067751693848 1.678938261880409e-05 -0.06730143087242998 0.00017015815346971993
-5622400.939399072 -1662343.6573480945 2823484.6134131807 -135.66748618448202 -6276.161859749833 -4036.6425035510574 0.4867873557102358 -0.47515465569835413 0.7086152268788958 -0.1874315441012702 1.6789382618804243e-05 -0.0755100136610276 0.00023028356020361997
-5622533.012552179 -1668618.60131829 2819445.928845531 -128.478709266749 -6273.724705419255 -4040.7256405566395 0.5137709838735783 -0.48190926557613045 0.6893942961284668 -0.16893294630410538 1.6789382618804243e-05 -0.07773705002585563 0.0002760875898151738
-5622657.896600145 -1674891.1040890317 2815403.164064656 -121.28927724064575 -6271.279516750105 -4044.8029654702177 0.5397020940712074 -0.4878699744376651 0.6693935176895115 -0.15038901613019265 1.6789382618804283e-05 -0.07376544412843394 0.0003037886590422869
-5622775.590885563 -1681161.1576955386 2811356.3248364194 -114.09918252861651 -6268.826359972011 -4048.8745248921914 0.5625873488269383 -0.4926548098704511 0.6503895245860101 -0.13334233971312429 1.6789382618804476e-05 -0.06388030579562017 0.0003110636298956369
-5622886.09474662 -1687428.7541400127 2807305.4169474263 -106.90843632358714 -6266.365222428548 -4052.9403009553325 0.5808418458533811 -0.49611394077274057 0.6342509561633858 -0.11924526188662485 1.6789382618804815e-05 -0.048969364723980745 0.0002973853543428957
-5622989.407552473 -1693693.8855356232 2803250.4461341794 -99.717070911327 -6263.896256897599 -4057.000370361275 0.5934246149542961 -0.4982820265454945 0.6225973660593206 -0.10924636453473821 1.678938261880522e-05 -0.030538150079858828 0.00026451438429411414
-5623085.528678221 -1699956.5440110303 2799191.4181290343 -92.52507544086144 -6261.419363774596 -4061.0546728430545 0.5997440755192247 -0.4992656839053283 0.6166026835965639 -0.10412469128718344 1.6789382618805628e-05 -0.009931167949601197 0.00021523398707333678
-5623174.457494255 -1706216.7215869236 2795128.338734303 -85.33245284227267 -6258.934442139722 -4065.1031379147043 0.5995300146370349 -0.4991433257255458 0.616884038030623 -0.1042774450971598 1.6789382618806035e-05 0.011371596649563765 0.00015319157120200324
-5623256.193377801 -1712474.4101877774 2791061.2138223485 -78.13921167531524 -6256.44139749028 -4069.1456954507257 0.5927975523383268 -0.4979165074314689 0.623409265446068 -0.10968637711644413 1.678938261880644e-05 0.03182580634095763 8.279829415751532e-05
-5623330.735712008 -1718729.6016390307 2786990.0493368716 -70.9453530225351 -6253.940123316634 -4073.1822724527856 0.5798534575414016 -0.49551302352537463 0.6354974288919503 -0.1199159254050291 1.6789382618806848e-05 0.04993460799322622 8.905620372547179e-06
-5623398.083873864 -1724982.2876572986 2782914.851291187 -63.75086888506979 -6251.430543196734 -4077.2128219191836 0.5613471871641807 -0.4918421588864419 0.6519100892872027 -0.13414120056991355 1.6789382618807166e-05 0.0642718818967369 -6.325661239082298e-05
-5623458.237255229 -1731232.4600209144 2778835.6256701504 -56.555797251070075 -6248.912827430319 -4081.2374280922 0.5384330647819079 -0.48690534286199083 0.6709467268176678 -0.15114070138340274 1.678938261880734e-05 0.07325684300540788 -0.00012632928248801058
-5623511.195273647 -1737480.110580946 2774752.378430332 -49.36014084408468 -6246.386918566342 -4085.256049070709 0.5128221181965544 -0.4809021823858348 0.6906884760975766 -0.16939892281519361 1.6789382618807353e-05 0.07604241387009658 -0.00017474301629772656
-5623556.957339692 -1743725.2311851545 2770665.1155278166 -42.163895183753716 -6243.852977494893 -4089.2687920619974 0.486641542146583 -0.47427379951984444 0.7093348106829964 -0.18731924327074218 1.6789382618807387e-05 0.07235614478759472 -0.00020438021312186742
-5623595.52287705 -1749967.8138948733 2766573.8427886264 -34.967087975759064 -6241.311113475536 -4093.2757083901183 0.46225942800766967 -0.467686010468299 0.725410757020464 -0.20338448915604534 1.678938261880758e-05 0.062467731223668096 -0.00021264182352737185
-5623626.891332696 -1756207.8507536883 2762478.566068336 -27.769727982094146 -6238.761298441371 -4097.276771488971 0.44202254349383174 -0.4619347610862199 0.7378679835133175 -0.21629421270448093 1.6789382618807922e-05 0.04727598631245457 -0.0001988107355300956
-5623651.062143224 -1762445.3338965622 2758379.2911572815 -20.57180109730829 -6236.20368161544 -4101.272087319442 0.42787151964647563 -0.4577702387333847 0.7461215572422191 -0.22511106819488408 1.678938261880833e-05 0.028374565656397937 -0.0001646480445789155
-5623668.034755029 -1768680.2554869195 2754276.023835665 -13.373333982884507 -6233.638175187014 -4105.261577922187 0.4211511372243583 -0.4557569996765024 0.7499066556010335 -0.2292537562304602 1.6789382618808735e-05 0.007201942823458145 -0.00011309255323340826
-5623677.808635774 -1774912.6075821652 2750168.769970044 -6.174340444634983 -6231.064674567487 -4109.245162896107 0.4225400412539145 -0.4561850351030622 0.7491132592311912 -0.2284391650509613 1.6789382618809142e-05 -0.014668013264828422 -4.805735689332552e-05
-5623680.38326328 -1781142.382137608 2746057.535503278 1.025170712372233 -6228.483078314766 -4113.222767258844 0.4319682351242979 -0.4590094794554232 0.7437253517361619 -0.22267991107996898 1.678938261880955e-05 -0.035593958386454384 2.5666539772236508e-05
-5623675.758127542 -1787369.5710039376 2741942.3264576253 8.225181519508482 -6225.893276992836 -4117.194304469813 0.44861842620050396 -0.46385590064907456 0.7338338054042596 -0.21229026626843311 1.6789382618809955e-05 -0.053990145044924415 0.00010277983984467781
-5623663.932743647 -1793594.1659311275 2737823.1489410065 15.42566751084668 -6223.295220872369 -4121.159722920643 0.4710054638661769 -0.470089043733896 0.7197251926207028 -0.19790348929882723 1.6789382618810273e-05 -0.06831687372102388 0.0001773770021054527
-5623644.906626541 -1799816.1587503674 2733700.0090097063 22.62664839667464 -6220.68906359501 -4125.119135480849 0.49702519168023357 -0.4769057269418667 0.702086937853309 -0.1805569664705321 1.678938261881044e-05 -0.07693529341314417 0.00024146908267278674
-5623618.679288549 -1806035.54133367 2729572.9126932207 29.828103588641447 -6218.074739745775 -4129.072482967902 0.524228596426649 -0.4835041846757115 0.682111793685274 -0.16165266160839836 1.6789382618810446e-05 -0.07902337880353925 0.0002892504468812951
-5623585.250268784 -1812252.3055916792 2725441.8660158133 37.03001262313315 -6215.452469399177 -4133.019894653119 0.5502001040040431 -0.48925330169901904 0.6614506470260645 -0.14280789151636347 1.67893826188105e-05 -0.07435792911530321 0.0003164884977667566
-5623544.61910803 -1818466.4436394046 2721306.8748700665 44.23238682226425 -6212.822300708739 -4136.961407976655 0.5728171906127282 -0.4937750043430186 0.6420789932831432 -0.1257031328531584 1.678938261881072e-05 -0.0633022432787747 0.0003207229454973126
-5623496.785344179 -1824677.9475541657 2717167.9451734535 51.43521055041714 -6210.184241242297 -4140.897015452132 0.5904271268592128 -0.49694384539907194 0.6260368416240288 -0.11189501918391674 1.6789382618811093e-05 -0.046940664800123565 0.00030171325593631674
-5623441.748546106 -1830886.8095421402 2713025.082781149 58.638457441534726 -6207.538433622006 -4144.826791557243 0.6019837014222683 -0.49882283850240444 0.615036000923967 -0.10257736874088524 1.67893826188115e-05 -0.02697460951374949 0.00026183861833158615
-5623379.508285042 -1837093.021798462 2708878.2935592276 65.84213649193003 -6204.88475791273 -4148.750661085178 0.6069167632724177 -0.4995313313014237 0.6102569029834564 -0.09852412835544325 1.678938261881194e-05 -0.004948338604613177 0.00020456036169555578
-5623310.0641312245 -1843296.5763978355 2704727.5834547183 73.04624115938321 -6202.2231018988205 -4152.668543384157 0.605003789808636 -0.499139782693097 0.6122221409014769 -0.10006968492149818 1.6789382618812435e-05 0.017439844415057165 0.00013436522057058245
-5623233.415664143 -1849497.4653057423 2700572.9584952 80.2507620038701 -6199.553355663189 -4156.58035730571 0.5963384156884541 -0.49762603774002856 0.6207118471756657 -0.10707765085729658 1.678938261881284e-05 0.038446847535074435 5.656441934410526e-05
-5623149.562467782 -1855695.6803698502 2696414.424791267 87.45570208671953 -6196.875390378086 -4160.486017647032 0.5813508904713334 -0.49489474141403256 0.6347926017221522 -0.11894826550961807 1.6789382618813248e-05 0.056420573335580544 -2.3167078645518914e-05
-5623058.504121502 -1861891.2133518835 2692251.988509299 94.66105399785675 -6194.189236297487 -4164.385537337603 0.5608994592030546 -0.49085965819521893 0.6529315144208819 -0.13464408675559128 1.6789382618813536e-05 0.06963414643419688 -9.78187462920657e-05
-5622960.240233548 -1868084.0561529412 2688085.655745167 101.86678536485485 -6191.495011567606 -4168.278970412508 0.5364680672951329 -0.48558249323907987 0.6731256811687751 -0.1526874991065621 1.6789382618813638e-05 0.07655594736967915 -0.00015935949532821728
-5622854.770421035 -1874274.2006564992 2683915.4326145807 109.07290605240583 -6188.792664270362 -4172.166287124782 0.5101002668497154 -0.47936620387112705 0.6932809189068966 -0.17136898151545168 1.6789382618813638e-05 0.07652226380884576 -0.00020222511229881664
-5622742.094292974 -1880461.6388758018 2679741.325143732 116.27941121866925 -6186.082467805713 -4176.047663457242 0.4842357036928405 -0.47278322820090435 0.7115372714860538 -0.1889616725349694 1.6789382618813743e-05 0.06949054990533399 -0.0002224621985868763
-5622622.21148071 -1886646.3629618438 2675563.3392846137 123.48627091896046 -6183.364382249195 -4179.923050657816 0.4614654258890409 -0.4666191042773526 0.726458947456932 -0.20389622333975171 1.678938261881404e-05 0.05605170012059098 -0.00021809890414620274
-5622495.121625407 -1892828.3650505096 2671381.481007938 130.69350354330223 -6180.638513733643 -4183.792529419015 0.4441661347789741 -0.4617208643194746 0.7371151370620889 -0.21492222519209458 1.6789382618814448e-05 0.037705532066035864 -0.00018988062548441659
-5622360.824353083 -1899007.637404794 2667195.7561919503 137.90109873758618 -6177.904892071354 -4187.656110561132 0.4341000606561803 -0.4587925104165541 0.7430511983918976 -0.22122722773732353 1.6789382618814854e-05 0.016184885233325993 -0.0001408411981126359
-5622219.319315842 -1905184.1722092964 2663006.1707864236 145.10903062887428 -6175.16339461955 -4191.51369334223 0.43232241200596516 -0.45827703699054073 0.7440671854731469 -0.22235897316408218 1.6789382618815396e-05 -0.006803083815853303 -7.508565737697348e-05
-5622070.606183993 -1911357.96153035 2658812.73083383 152.31728586252527 -6172.4139059570025 -4195.365190216303 0.4390739444941346 -0.46026677835889496 0.7401046705834728 -0.2182055008152052 1.6789382618815884e-05 -0.029415970026274132 2.1483082944554836e-06
-5621914.68464212 -1917528.9973176736 2654615.4424656164 159.52584632800415 -6169.656306183487 -4199.210507381592 0.45374303042617736 -0.4644793350536968 0.7312288502935406 -0.20899899077778292 1.678938261881629e-05 -0.04982328650998331 8.484776060434188e-05
-5621751.554401493 -1923697.2713993564 2650414.3119140547 166.7346799189353 -6166.890495330808 -4203.049554649961 0.47493222022475606 -0.47031371250847603 0.7176986216244718 -0.195328150908187 1.6789382618816663e-05 -0.06629509509856671 0.00016655337529345018
-5621581.215182451 -1929862.775632205 2646209.3454005956 173.9438077875247 -6164.1166302655065 -4206.882448418106 0.5005260661246078 -0.4769502056014434 0.7001656762552662 -0.17821387235726524 1.6789382618816877e-05 -0.07690871549996439 0.0002383068108498939
-5621403.666691868 -1936025.5019612412 2642000.549080993 181.153216991033 -6161.334669029156 -4210.709150146195 0.5279193099763835 -0.4835196434967346 0.6798465117298361 -0.15911843700722905 1.6789382618816918e-05 -0.08053533488719268 0.0002928900366568972
-5621218.908663749 -1942185.44232522 2637787.9291355717 188.36288343256632 -6158.5447699081515 -4214.529746330964 0.5544687170283699 -0.4893112161136604 0.6584842205417745 -0.1397766322379248 1.6789382618816958e-05 -0.07679063042612715 0.0003251275530297016
-5621026.940834174 -1948342.5889011621 2633571.491590198 195.57282158355568 -6155.747071855483 -4218.344336880152 0.5778137817544768 -0.4938847780513385 0.6382156529755616 -0.12202393175417449 1.678938261881717e-05 -0.06597487357027149 0.00033190436479055513
-5620827.762931759 -1954496.9338463834 2629351.2424806887 202.78302256630127 -6152.941535536215 -4222.152887831072 0.5960929004595334 -0.49708379929015584 0.6212936208511468 -0.10758804392067184 1.678938261881755e-05 -0.049163953907415535 0.0003126347625773744
-5620621.374712285 -1960648.4694250366 2625127.18779219 209.99345616008804 -6150.128337065876 -4225.955493741409 0.6081059413422557 -0.49896825377075454 0.6096469271543967 -0.09781855674878107 1.6789382618817958e-05 -0.02827011935258945 0.00026992314799555606
-5620407.775939287 -1966797.1879271944 2620899.333499833 217.20412951707365 -6147.307359513905 -4229.7520798646665 0.6132117336692267 -0.49967107368787056 0.6046010017115593 -0.0935832065029368 1.678938261881848e-05 -0.0050585961317511936 0.00020780090757586175
-5620186.966375936 -1972943.0815080365 2616667.6856700294 224.41503471103573 -6144.478473971924 -4233.542553270244 0.6111623297181308 -0.49927145597594574 0.6067413018738752 -0.09525551207967523 1.678938261881902e-05 0.018552250392526278 0.00013148952503451818
-5619958.945796504 -1979086.142197294 2612432.250461988 231.62616046972707 -6141.641554102655 -4237.326820411935 0.6020642063951795 -0.49774295017790704 0.6158146212397257 -0.10267910787160885 1.6789382618819462e-05 0.04059108664467806 4.7179815017324574e-05
-5619723.713980687 -1985226.3618890631 2608193.0341306916 238.83751000615456 -6138.796453093006 -4241.104783946646 0.5864029192278254 -0.49497696243386446 0.6307643875892149 -0.11517686542892232 1.678938261881987e-05 0.059195368823229524 -3.8534861659383615e-05
-5619481.2707073605 -1991363.7324120076 2603950.042976046 246.04906733182176 -6135.943265008246 -4244.876493474459 0.5651669632514206 -0.49088342441262495 0.6498531705129147 -0.13156984479893039 1.678938261882015e-05 0.07234110488488418 -0.00011701252781309062
-5619231.615785078 -1997498.2457441783 2599703.2832209487 253.26080824603872 -6133.082050889353 -4248.641970992208 0.5400492780210824 -0.48554796327913935 0.6708430228483379 -0.1501985065175137 1.6789382618820238e-05 0.07847428667791023 -0.00017960159169913526
-5618974.749024959 -2003629.893824991 2595452.7611178095 260.4727468441203 -6130.212812580341 -4252.401225311472 0.5133404380002149 -0.4793300799163387 0.6914492424150324 -0.1691810106507876 1.6789382618820238e-05 0.0769564037214322 -0.00022021868172169835
-5618710.670227826 -2009758.6687923472 2591198.482781895 267.6848758519416 -6127.335825132156 -4256.15443264479 0.4877350150578527 -0.4728840490947152 0.7096883843505739 -0.18664840828728058 1.6789382618820417e-05 0.0678816886716896 -0.00023481445443421258
-5618439.379220332 -2015884.5628649134 2586940.45429415 274.8971670283588 -6124.4510194652285 -4259.901525910847 0.46602549134975957 -0.46707476819861915 0.7240742421979809 -0.20094251444092465 1.678938261882077e-05 0.05210779566940416 -0.00022183205998279622
-5618160.875826776 -2022007.568287759 2582678.6817184035 282.10965140158953 -6121.558553441856 -4263.642629112621 0.4506431527196892 -0.4627811361191435 0.7336990442823681 -0.21080816250390608 1.6789382618821176e-05 0.03153313066078436 -0.00018315028843616079
-5617875.15986189 -2028127.6774024086 2578413.171049764 289.322303633402 -6118.658379674819 -4267.377691713144 0.44327690250186996 -0.4606799427284948 0.7381399044588275 -0.2154740344485425 1.678938261882169e-05 0.008074477509084665 -0.00012276489784327583
-5617582.231172302 -2034244.8824327684 2574143.928385075 296.53509774156987 -6115.750363026057 -4271.106604281078 0.4447793817698214 -0.46112270013401224 0.7372228898608817 -0.21456832860127298 1.6789382618822233e-05 -0.016265195647120017 -4.596452520214155e-05
-5617282.089625123 -2040359.1754703692 2569870.9599250816 303.7480152326032 -6112.8343717426305 -4274.829264639052 0.45505750156325364 -0.4640536338638116 0.7309352136307085 -0.2081120098490998 1.678938261882272e-05 -0.03938579150928679 4.074570022691715e-05
-5616974.735111172 -2046470.5484711025 2565594.271978883 310.96102353853956 -6109.910264477013 -4278.545554585656 0.4730759897116659 -0.4690178470925818 0.7194433087982067 -0.19652656943135105 1.6789382618823128e-05 -0.05927113550228902 0.00013022584993620094
-5616660.167552399 -2052578.9933004957 2561313.8709388874 318.174113295729 -6106.978072435415 -4282.255486492369 0.49695343195165653 -0.4752535225958476 0.7032283711934872 -0.18066885088543427 1.6789382618823453e-05 -0.07382102995305136 0.0002136544131887079
-5616338.3868498355 -2058684.501955211 2557029.763097965 325.38730629235795 -6104.03789659264 -4285.959140503481 0.5240684285317396 -0.4818325385849832 0.6833516295744139 -0.1619266418320858 1.678938261882358e-05 -0.08120922848510834 0.0002811731793411753
-5616009.392918173 -2064787.066409944 2552741.9547747816 332.60056737245407 -6101.089710194038 -4289.6564729819665 0.5515299939422841 -0.4879037248587327 0.6614959843361047 -0.14208336904158148 1.678938261882358e-05 -0.08064825486513813 0.0003259443481581417
-5615673.185688437 -2070886.678815702 2548450.45218378 339.8139067743145 -6098.1338131367975 -4293.347688401362 0.5766170669945587 -0.49287382639882377 0.6398662061649174 -0.12312346449678153 1.6789382618823738e-05 -0.0721385625473173 0.00034336789313681485
-5615329.765075443 -2076983.3314390758 2544155.261453466 347.0273323065366 -6095.170132631805 -4297.032741710083 0.5970796263096401 -0.49647031681510967 0.6209366197880096 -0.10700868457132798 1.6789382618824083e-05 -0.05649094445082221 0.00033158085176449785
-5614979.1310074935 -2083077.0165516126 2539856.388719967 354.2408115416675 -6092.198832767381 -4300.711718507169 0.6113421158303382 -0.49869474699505456 0.60701243954088 -0.09539530897404427 1.678938261882449e-05 -0.0356315052151299 0.0002924261977729161
-5614621.283434462 -2089167.7265561775 2535553.8400483513 361.4543434765004 -6089.219888774311 -4304.384599695642 0.6185383480695303 -0.49968831616588205 0.5997747306987934 -0.089398943337782 1.678938261882502e-05 -0.01163511545613533 0.00023027563608124884
-5614256.222304619 -2095255.453729772 2531247.621588421 368.66792286222176 -6086.233146995925 -4308.051277381785 0.6182840003389848 -0.49956451113241185 0.600111993738378 -0.08958676862799399 1.678938261882556e-05 0.013377224847861193 0.00015082933771890056
-5613883.947577911 -2101340.1902034404 2526937.739597097 375.8815351251891 -6083.238464335714 -4311.711644341435 0.6105976271000337 -0.49832404742648884 0.607980387377993 -0.09593503061966574 1.6789382618826076e-05 0.03717083202857586 6.105543973876712e-05
-5613504.45922467 -2107421.927957764 2522624.2004406387 383.0951776079712 -6080.2356782089155 -4315.365588400359 0.59591094507087 -0.49585972531548594 0.6224041168337109 -0.10782575621455974 1.6789382618826482e-05 0.057596775712397595 -3.144331809858866e-05
-5613117.757214923 -2113500.6588715846 2518307.0105548855 390.30884113773567 -6077.2248346371 -4319.013132042035 0.5751845387899549 -0.4920540319271894 0.6416012803195886 -0.1240700330194522 1.6789382618826814e-05 0.07239777977117112 -0.00011717990348281464
-5612723.84154507 -2119576.3749771607 2513986.1762933293 397.5224974248538 -6074.206039718758 -4322.654324728187 0.5501481452614335 -0.4869548306783022 0.6631643253279201 -0.14291636980008754 1.6789382618826933e-05 0.07967688952457087 -0.0001858811516537375
-5612322.712218314 -2125649.0682759006 2509661.7040367187 404.73616054291216 -6071.179264688072 -4326.289154848042 0.5232202549452659 -0.4809019608269276 0.684561913928845 -0.16232330358239921 1.6789382618826933e-05 0.07862845973641285 -0.00023038783013073328
-5611914.369219846 -2131718.7309580403 2505333.600029334 411.94983455574044 -6068.144817233627 -4329.917828847732 0.4972954851038421 -0.4745639304281007 0.7035628317531695 -0.18023767144364863 1.678938261882712e-05 0.06930151448995085 -0.0002459435852709998
-5611498.812557951 -2137785.3553268253 2501001.870457501 419.1634857691866 -6065.102630234102 -4333.540277137067 0.475400500488279 -0.46885153189140566 0.718480645251511 -0.19482855945047847 1.6789382618827485e-05 0.052630904689188227 -0.00023075635065493327
-5611076.042240573 -2143848.9337012707 2496666.5214987714 426.3771510099096 -6062.052860525828 -4337.156627391354 0.460176209652463 -0.46470006741926123 0.7282760018915704 -0.204708984852292 1.6789382618827912e-05 0.030733265803814778 -0.00018707722158229135
-5610646.05826021 -2149909.4585049152 2492327.5592523366 433.59080447595375 -6058.995462364238 -4340.766829784187 0.453425307141959 -0.46281973877641047 0.7324651295908189 -0.20904117818186052 1.6789382618828454e-05 0.0058109356528304144 -0.00011970299994147703
-5610208.86064636 -2155966.922032287 2487984.989930426 440.8044139522755 -6055.9302831627465 -4344.370758712379 0.45599528878538975 -0.46355287215485197 0.7308575148384496 -0.20744716032445934 1.6789382618828996e-05 -0.019850734532670444 -3.494112148859002e-05
-5609764.4494553665 -2162021.3164274925 2483638.8198658447 448.017953558198 -6052.8571722846 -4347.968294079991 0.46766258145857387 -0.46678767301091845 0.7234639794019302 -0.20000212182994062 1.6789382618829504e-05 -0.04387275592735903 5.9522942759586235e-05
-5609312.824777195 -2168072.633679687 2479289.0555196665 455.2313798626508 -6049.775976447691 -4351.559302004627 0.4871545306182198 -0.47198077205122474 0.710530984796608 -0.18724404865317978 1.678938261882991e-05 -0.06398660414041488 0.00015531939737865487
-5608853.986725477 -2174120.8657345884 2474935.703400057 462.44471118483165 -6046.686818386797 -4355.143874971665 0.512247775944319 -0.47826961712844007 0.6927337612599409 -0.170236087192373 1.6789382618830213e-05 -0.07771748431776436 0.0002413197179133546
-5608387.935385785 -2180166.004665139 2470578.769912991 469.6579485577165 -6043.5897056784615 -4358.722016922279 0.5399794862688054 -0.4846640832521993 0.6714419142690393 -0.15062747616856098 1.6789382618830287e-05 -0.08333426564560287 0.00030726335995924454
-5607914.670871376 -2186208.042515361 2466218.261504465 476.87106284281293 -6040.484733324018 -4362.293769570125 0.5672298491024114 -0.4903241777741563 0.6487022630854481 -0.13045256933142904 1.678938261883032e-05 -0.08017606810362701 0.0003459595987834339
-5607434.193291374 -2192246.9715930605 2461854.1844434566 484.0840819074217 -6037.372140079092 -4365.859309320077 0.5911805740554048 -0.49472959776205844 0.627077731681532 -0.11190027876130798 1.6789382618830555e-05 -0.06851806794208896 0.00035309947630464563
-5606946.502740637 -2198282.7842211123 2457486.544981094 491.296998997978 -6034.251854173388 -4369.4185818596015 0.6096186775604705 -0.49770892793457966 0.6092901026661294 -0.09703845535009337 1.678938261883096e-05 -0.04964912056885355 0.00032790973169277986
-5606451.599337374 -2204315.472813666 2453115.349325011 498.50978655616984 -6031.124074822409 -4372.97170001639 0.6211374598841369 -0.49934905135940977 0.5976520367516859 -0.08746898765677626 1.6789382618831442e-05 -0.025994406317030674 0.000274071293207878
-5605949.483209848 -2210345.029828097 2448740.603662571 505.7224463248272 -6027.98866853049 -4376.518573781188 0.6250326301197934 -0.4998111179186594 0.5936659800820232 -0.08416508648890222 1.6789382618831985e-05 0.00011906260884587673 0.00019733858618727266
-5605440.1544922525 -2216371.44755281 2444362.3143000845 512.9349635176836 -6024.845468350201 -4380.059079548124 0.6210874860807182 -0.49916963629900346 0.5978552507883299 -0.08745917868284275 1.6789382618832527e-05 0.02620151385743809 0.00010507870687606906
-5604923.613335348 -2222394.718110221 2439980.487668061 520.1473239640329 -6021.694303125885 -4383.593091254962 0.6095335698406104 -0.49736023783111727 0.6096648421503283 -0.09700722296690817 1.6789382618833e-05 0.049738371211240216 5.851899384524557e-06
-5604399.859895384 -2228414.8334540795 2435595.1303155296 527.3595278541922 -6018.5350601528535 -4387.1205316863625 0.5911127650070467 -0.494237391443903 0.6275458185609405 -0.11180941620064737 1.67893826188334e-05 0.06828225523337515 -9.077943245667834e-05
-5603868.894342581 -2234431.785613563 2431206.248752483 534.5715452595771 -6015.367941551528 -4390.64151378772 0.5673283685192062 -0.4897447830336855 0.6491044531744863 -0.13019976433801847 1.6789382618833614e-05 0.07928979737039138 -0.00017236461845207313
-5603330.716868603 -2240445.566676984 2426813.8494659187 541.7833737436725 -6012.192859028726 -4394.155974751527 0.5405249306184137 -0.4840989749717123 0.67154331112406 -0.15003520618784996 1.6789382618833635e-05 0.08142520627981106 -0.0002295377803544213
-5602785.327645739 -2246456.1687912485 2422417.938892334 548.9950435760054 -6009.010108964521 -4397.664131971858 0.5136829980624227 -0.47787834666776124 0.6922329221239429 -0.1690433223035894 1.6789382618833746e-05 0.07438478878521264 -0.00025580683035592754
-5602232.726846457 -2252463.5843504905 2418018.52330439 556.2065195079143 -6005.819726576315 -4401.165983344106 0.4900843330280251 -0.4719801557799607 0.7090741980788798 -0.18511040135333642 1.6789382618834085e-05 0.05888524837797582 -0.00024802047255559535
-5601672.914665899 -2258467.8057166147 2413615.6090136236 563.4178189360538 -6002.621770217705 -4404.6615777810775 0.47278909070391445 -0.4674224113160122 0.7206664544234263 -0.19653657822313444 1.6789382618834512e-05 0.036906592653212576 -0.00020739038366124059
-5601105.891265388 -2264468.825391317 2409209.2022169065 570.628949141223 -5999.416314527383 -4408.150968429611 0.4640105369971823 -0.46504201266842077 0.726310797334101 -0.20224434153961734 1.6789382618835054e-05 0.011072099776639931 -0.00013914897217077267
-5600531.656839727 -2270466.6357877846 2404799.3091948754 577.8398634904619 -5996.203185359647 -4411.6340051847155 0.4649069255418957 -0.46529964109933125 0.725721819742335 -0.2017068043619001 1.6789382618835637e-05 -0.01607912991811898 -5.025605960982796e-05
-5599950.211621306 -2276461.2291474245 2400385.9363706145 585.0505285005281 -5992.982211957634 -4415.110549004338 0.4754460140146344 -0.4681641067265031 0.7188744958195253 -0.19491771646208794 1.678938261883618e-05 -0.041849579221042994 5.0595835528925e-05
-5599361.555882647 -2282452.5975371352 2395969.0903133405 592.2608937897088 -5989.7532196099455 -4418.580446611348 0.4943976467343585 -0.47311437160303094 0.7060194412487948 -0.18240149907535722 1.67893826188366e-05 -0.06363722068060083 0.00015378563686800094
-5598765.689925631 -2288440.732958312 2391548.7776580737 599.470977963089 -5986.51631922016 -4422.043783070191 0.5194397524143205 -0.47925690680332234 0.6878802927799391 -0.16527511518085972 1.678938261883693e-05 -0.07863564563461616 0.0002467240609513285
-5598162.614018333 -2294425.6275452417 2387125.0049296157 606.680786005903 -5983.271526973439 -4425.500570841202 0.5473908062205352 -0.4855393842689337 0.6659556779344683 -0.14531980806421438 1.6789382618837023e-05 -0.08482051800050332 0.0003175153783713693
-5597552.328458031 -2300407.2734024143 2382697.7786943945 613.8902882210492 -5980.018940683681 -4428.950853414036 0.5748684450094569 -0.4910665778853348 0.6425070824212951 -0.12475790978880118 1.6789382618837063e-05 -0.08141332223304601 0.00035786898045186944
-5596934.8335308945 -2306385.6629161304 2378267.1053243848 621.0995217017039 -5976.758817579928 -4432.394826431495 0.5988248164876672 -0.4952972634712065 0.6203684833406673 -0.1059830403132804 1.678938261883733e-05 -0.06873407807771977 0.00036294840549652853
-5596310.129506452 -2312360.788489453 2373832.99117087 628.3084774498213 -5973.49108401485 -4435.83243268451 0.616896580029405 -0.49807449869638687 0.6025246875836805 -0.09123817265024074 1.6789382618837738e-05 -0.048291344019294795 0.0003321751792437635
-5595678.2166772 -2318332.6426252937 2369395.4425353557 635.5171312078372 -5970.215943569006 -4439.263790690508 0.6276207192668173 -0.4995129949031398 0.5914544785213544 -0.0822228709480008 1.6789382618838266e-05 -0.02285270928425962 0.00027017535924189165
-5595039.0953451535 -2324301.2178544234 2364954.465708886 642.7254808181093 -5966.933237635231 -4442.688790656491 0.6303007980722185 -0.4997856452480517 0.5886835418875581 -0.07991808471324163 1.678938261883892e-05 0.004909114652127027 0.00018391865836356875
-5594392.7658236455 -2330266.5065155537 2360510.0671209693 649.9335063847917 -5963.642776224334 -4446.107289678617 0.6247779036200302 -0.4989506553109158 0.5945995178575576 -0.0845708464929158 1.678938261883952e-05 0.03214643443172019 8.224338120675272e-05
-5593739.228445527 -2336228.5007548784 2356062.253345496 657.1411937304746 -5960.344357116963 -4449.519140463168 0.6114022586866732 -0.49691070447875235 0.608371135215775 -0.09566395184986629 1.6789382618839994e-05 0.056032741954639795 -2.4787442078450888e-05
-5593078.483550016 -2342187.192566598 2351611.031064627 664.3485363378854 -5957.0379737388785 -4452.924332281516 0.5911470101373245 -0.49350650194319223 0.6280660115140604 -0.11193583039543852 1.6789382618840374e-05 0.07367247460344885 -0.00012503104505849787
-5592410.5314975185 -2348142.5740973777 2347156.406874451 671.555505919809 -5953.723771114788 -4456.32294132026 0.5659108086148972 -0.4887326069583396 0.6508637252826123 -0.13138419501514864 1.6789382618840533e-05 0.08250255848938601 -0.00020477897694495646
-5591735.37265879 -2354094.637470086 2342698.3873960963 678.7621180154301 -5950.401704816527 -4459.7149463595015 0.5384727398591733 -0.4829228649616496 0.6736864434623073 -0.15158888752443142 1.6789382618840546e-05 0.08139949148761613 -0.0002544287556880418
-5591053.00737174 -2360043.375015615 2338236.9790902687 685.968395867926 -5947.072131056638 -4463.100601050006 0.5122258223650763 -0.4768152573929792 0.693788196084982 -0.17008778966414634 1.678938261884076e-05 0.07041762946433258 -0.0002678469237221233
-5590363.435994019 -2365988.7792001115 2333772.1883418374 693.1742985351077 -5943.7349770285 -4466.47982683063 0.4907167969905973 -0.47144315937885634 0.7091015258109862 -0.18469812862804663 1.6789382618841166e-05 0.050836053646228334 -0.00024320620036134507
-5589666.658878309 -2371930.842512231 2329304.021519097 700.3798779379028 -5940.3904145292745 -4469.852772482609 0.4769540987662507 -0.46784726360052387 0.7183798933615636 -0.1938144845603757 1.678938261884168e-05 0.025433505282748795 -0.00018435180185600192
-5588962.676358875 -2377869.5575303813 2324832.484919306 707.5850963415135 -5937.038356051463 -4473.219351888759 0.47283934431371866 -0.4667575125359482 0.7210655075035406 -0.19653221834826018 1.6789382618842342e-05 -0.0029055332773381677 -9.838283213698046e-05
-5588251.488821604 -2383804.9166607973 2320357.5849922374 714.789906682695 -5933.678606822839 -4476.579400357432 0.47900587124814636 -0.4684150133595844 0.7169830112821776 -0.19255158296385358 1.6789382618842996e-05 -0.031174038448413557 5.529555381304136e-06
-5587533.096697979 -2389736.9121144656 2315879.3283517347 721.9942581492663 -5930.310968308459 -4479.93274799731 0.4947131587200237 -0.4724982373744247 0.7062686783722546 -0.18217810026901457 1.6789382618843497e-05 -0.056336791430753465 0.00011662178558071171
-5586807.500471537 -2395665.535941477 2311397.721757125 729.1981228955691 -5926.935393713914 -4483.279342486757 0.5179313740546664 -0.47820376043815827 0.6894889383160004 -0.1663528154631724 1.6789382618843897e-05 -0.07533489229717408 0.0002221455464030504
-5586074.700597653 -2401590.780307936 2306912.771872424 736.4015478613351 -5923.552029444335 -4486.619312430217 0.5454939020532169 -0.4844374610013081 0.667992447524567 -0.1467747909264406 1.678938261884409e-05 -0.08531222209583461 0.0003070304945917018
-5585334.697540091 -2407512.637371863 2302424.485374529 743.6044870416337 -5920.16082878817 -4489.952593369426 0.5737334655405986 -0.4901595912368987 0.6440198262754057 -0.12574557249242443 1.6789382618844097e-05 -0.08495200074298566 0.000360577984142943
-5584587.491770789 -2413431.099492177 2297932.8688126723 750.806979450388 -5916.762164862047 -4493.279460772792 0.5991809745370468 -0.4946710771586382 0.6205449472420795 -0.10586148321213225 1.6789382618844304e-05 -0.07421648274897702 0.000375953103850458
-5583833.083727297 -2419346.159180777 2293437.928611747 758.0090321740519 -5913.355953206011 -4496.599860854088 0.6190384512708755 -0.49770758426275613 0.6008660410765672 -0.08965800073869926 1.678938261884471e-05 -0.05438382935165454 0.0003510642100592271
-5583071.473862877 -2425257.808962722 2288939.6712000445 765.2106187377269 -5909.942391081077 -4499.913906928652 0.6314616746116273 -0.4993470539836527 0.5879112548049814 -0.07917720409410003 1.6789382618845242e-05 -0.028349175263155894 0.0002899958192593504
-5582302.662646505 -2431166.0414833655 2284438.102937186 772.4117341333367 -5906.521391650401 -4503.2215353100855 0.6355462883619827 -0.4997865207458002 0.5835846763705673 -0.0756523267029876 1.678938261884592e-05 0.0007859251255680255 0.00020052929638119827
-5581526.650559039 -2437070.849193337 2279933.2303238283 779.612356288672 -5903.09273393323 -4506.522580354732 0.6310267795585349 -0.4991175886773848 0.5885303873509061 -0.07949100148727202 1.6789382618846594e-05 0.0298169234806172 9.258674684167216e-05
-5580743.438105636 -2442972.2243231293 2275425.0600272436 786.8124645582608 -5899.656190076531 -4509.816872701481 0.6182093289085497 -0.4972526409457737 0.6020086184563886 -0.0902366889193339 1.6789382618847102e-05 0.055511920538188986 -2.229534131218798e-05
-5579953.0258027995 -2448870.1589263016 2270913.5988434623 794.0120512266901 -5896.211734479383 -4513.104388014067 0.5980847228321465 -0.49401362492035106 0.622001073949437 -0.10658267548526022 1.6789382618847495e-05 0.07456959742182755 -0.00013023577155473333
-5579155.414186468 -2454764.6452080333 2266398.8534814366 801.211089084841 -5892.759521276993 -4516.385209707606 0.5726637117354884 -0.4893707672187784 0.6454468444982137 -0.126376011886499 1.6789382618847675e-05 0.08405337888150417 -0.00021552911488520292
-5578350.603803692 -2460655.6753491187 2261880.8306760998 808.409595701605 -5889.299506570525 -4519.659318231671 0.5449460600713182 -0.48366190495175876 0.6689566678778855 -0.1469759497771646 1.6789382618847695e-05 0.08266721196688001 -0.0002671307541728707
-5577538.595159887 -2466543.2417586586 2257359.5369818183 815.6076036714151 -5885.832070300431 -4522.926990433542 0.5186193277839642 -0.4776725490805538 0.6895000216981467 -0.16568840871361618 1.678938261884795e-05 0.07050070015549016 -0.0002781766576538403
-5576719.388779756 -2472427.3369828374 2252834.9788752156 822.8050690875103 -5882.3571339036025 -4526.1881417298155 0.49751967499877314 -0.47250864797342423 0.704811112126563 -0.18014174086635024 1.6789382618848363e-05 0.049089245147410844 -0.00024701257049785497
-5575892.985177935 -2478307.953599073 2248307.1628069263 830.0020520290318 -5878.874877057805 -4529.442932169312 0.4848266137562684 -0.46926092885234866 0.7135513604971109 -0.18863136319017446 1.6789382618848956e-05 0.021644244630654754 -0.00017867210729525913
-5575059.384853009 -2484185.0842564222 2243776.095170127 837.1985042132844 -5875.385178961371 -4532.691245874423 0.48243815946579005 -0.4686488510398767 0.7151424043471013 -0.1902446272957836 1.6789382618849633e-05 -0.008529643179578644 -8.179549038428682e-05
-5574218.588365524 -2490058.721403008 2239241.7825372624 844.394367901153 -5871.887818625218 -4535.932892820166 0.4907890928374925 -0.47082769321549617 0.7094432447492783 -0.18476371974157044 1.67893826188503e-05 -0.03798486485027664 3.257568841179465e-05
-5573370.596336367 -2495928.8572639106 2234704.2316740253 851.5895736209611 -5868.382572442221 -4539.167673101578 0.5087684621221592 -0.4753343126418237 0.6967042498938956 -0.17267058624723067 1.678938261885079e-05 -0.06330501298156901 0.00015176018166959595
-5572515.409429018 -2501795.483956652 2230163.4494495094 858.7841414524286 -5864.869531298685 -4542.395659826992 0.5338268328011422 -0.4812078616962935 0.6777735038197739 -0.15521270548202276 1.678938261885116e-05 -0.08085969917386496 0.0002594632670539024
-5571653.0282622 -2507658.5937350797 2225619.442612159 865.9780813353632 -5861.348714710196 -4545.6168712268045 0.562276620489626 -0.4872603351010897 0.654473162051626 -0.13448883984214116 1.678938261885128e-05 -0.08795441598807151 0.0003399329257228898
-5570783.45348822 -2513518.1788248615 2221072.2179539804 873.1713658848295 -5857.8202502022605 -4548.831372921108 0.5901408969063653 -0.49248501232610026 0.6295916227710405 -0.11316635087003332 1.678938261885134e-05 -0.0835603232247753 0.0003822821228376834
-5569906.68572887 -2519374.231779532 2216521.7820269517 880.3640530227824 -5854.284414288281 -4552.039388898287 0.6138743034513644 -0.49631453015921123 0.6066082371513741 -0.09410990030302757 1.6789382618851676e-05 -0.06816778235628426 0.000380613930116608
-5569022.72558631 -2525226.745160094 2211968.1413664664 887.55612708101 -5850.741139306069 -4555.240861260296 0.6308193724092103 -0.49864377436213975 0.5890934762423227 -0.07993861352228653 1.6789382618852137e-05 -0.04391306450692234 0.000335237758753492
-5568131.573684708 -2531075.7116528344 2207411.302439735 894.7475708318528 -5847.190622595255 -4558.435910061653 0.6394421799446605 -0.4996534904075227 0.579828519254277 -0.0725187995666832 1.6789382618852784e-05 -0.014428264098438674 0.000253432031795192
-5567233.230659523 -2536921.1239155396 2202851.271742609 901.9383693446981 -5843.632637416675 -4561.624370165329 0.6391102711303357 -0.49952614503887577 0.5802717981000611 -0.07277590320999759 1.6789382618853462e-05 0.01675151034933924 0.00014541376107458096
-5566327.697171754 -2542762.974354927 2198288.0559597225 909.1284914363914 -5840.066932663214 -4564.806048919341 0.6298505473294759 -0.49826031926223835 0.5903530977628983 -0.0806731816603358 1.6789382618854095e-05 0.04591743874625782 2.380549905306118e-05
-5565414.973906402 -2548601.2551289364 2193721.6619619415 916.3179235845075 -5836.4933137028 -4567.980803789054 0.6123747130959478 -0.4956809194982111 0.6084689299064487 -0.09520083058757838 1.6789382618854543e-05 0.06940336315844764 -9.695801829169588e-05
-5564495.061562034 -2554435.958429394 2189152.0966082592 923.5066443773836 -5832.912000739228 -4571.1487672005205 0.5883926649168535 -0.4916486442079193 0.6316624672614106 -0.11436000163424918 1.6789382618854844e-05 0.08342991352960152 -0.0001984227809565334
-5563567.9608592605 -2560267.076523365 2184579.366723729 930.6946454165799 -5829.322891393957 -4574.309862260716 0.5607899908666855 -0.48634627500621597 0.65623769492846 -0.13540300840934996 1.6789382618854878e-05 0.08589309769721702 -0.00026611840988119325
-5562633.672484953 -2566094.6017581304 2180003.479058008 937.8819924036874 -5825.726359632063 -4577.464385029109 0.533366329184166 -0.48044316862555003 0.678646201399966 -0.15535138859709582 1.678938261885505e-05 0.07635522132728495 -0.00029048093962784664
-5561692.197108211 -2571918.526774937 2175424.440151298 945.0686401306215 -5822.122427098923 -4580.612317834257 0.5103120595330144 -0.4750364942109457 0.6960781510722045 -0.17145593796322314 1.6789382618855458e-05 0.056036572312694 -0.00026778263584592316
-5560743.535420342 -2577738.8441857165 2170842.2565805316 952.2546324952025 -5818.511198143485 -4583.753759151436 0.49536841883722166 -0.47133517957849225 0.7067338728797709 -0.18160537171235114 1.6789382618856044e-05 0.028122628667064047 -0.00020187004880523754
-5559787.688066538 -2583555.5467357566 2166256.934802914 959.4399566394798 -5814.892663144322 -4586.888692109 0.49094053700150536 -0.47021965362168455 0.7097844713538854 -0.18459921641616484 1.678938261885672e-05 -0.0035176532462667127 -0.00010228645756428906
-5558824.655755284 -2589368.6269928003 2161668.4814403616 966.6245359080494 -5811.266570348197 -4590.016892652585 0.4978100637334433 -0.47197734406654607 0.7049843697062276 -0.18005434069610027 1.67893826188574e-05 -0.03500710231143188 1.8673233145030004e-05
-5557854.439269969 -2595178.0772718587 2157076.9033383983 973.8082882001522 -5807.632665496285 -4593.138131149113 0.5150105764499517 -0.4762061996582107 0.6925577697352958 -0.16839090572547502 1.6789382618857958e-05 -0.06243206499382311 0.00014654468512157205
-5556877.039448219 -2600983.8897471125 2152482.207476556 980.9912284274475 -5803.991014487408 -4596.252460497632 0.5399217825188075 -0.48192595526895665 0.673395638181877 -0.15089783589382436 1.6789382618858344e-05 -0.08166295433533685 0.0002629124903491944
-5555892.457077595 -2606786.0567293973 2147884.400709597 988.1733731937218 -5800.34164775621 -4599.359910924879 0.5685956477371176 -0.4878755699585633 0.6494767820673069 -0.129831918908683 1.6789382618858483e-05 -0.08954247725774005 0.0003495303603923248
-5554900.692980681 -2612584.5704998244 2143283.4899378684 995.3546938979929 -5796.684693518594 -4602.460548001237 0.5967146293666101 -0.4929782074770934 0.623872768901525 -0.10810599555845897 1.6789382618858547e-05 -0.08484800756648138 0.0003938035823834721
-5553901.747940095 -2618379.4236891046 2138679.4817998554 1002.5352611509624 -5793.020452788783 -4605.554621504898 0.6204355764598657 -0.4966427558235445 0.6004252572392426 -0.08885481990358628 1.67893826188589e-05 -0.06814378501593402 0.0003890920242967391
-5552895.6227156855 -2624170.6089385594 2134072.382913157 1009.7150567056846 -5789.348854971743 -4608.6420697159365 0.6369177477181586 -0.49878630594199913 0.5830397701769782 -0.07491748820094811 1.6789382618859398e-05 -0.04191839416609151 0.0003361809473298852
-5551882.318088566 -2629958.1190195507 2129462.1998231425 1016.894065553662 -5785.670093286424 -4611.723011853722 0.6445717876380263 -0.4996203541009593 0.5746713200628619 -0.06826116206422873 1.678938261886011e-05 -0.010324360353535572 0.0002439364135359485
-5550861.834854409 -2635741.946649499 2124848.9391233125 1024.0722643889414 -5781.98390525597 -4614.797252433662 0.6427973784103321 -0.499326929686493 0.5767282586133438 -0.06977580752298439 1.6789382618860902e-05 0.022572729413953867 0.00012460155902448497
-5549834.173842453 -2641522.0842580786 2120232.6076267483 1031.2496163894357 -5778.289999333965 -4617.864567070757 0.6317335285693008 -0.49786820180589053 0.5888623854391821 -0.0792533502561592 1.6789382618861536e-05 0.05255777516311607 -6.91249486287783e-06
-5548799.335908183 -2647298.524025073 2115613.2123355246 1038.4261070933785 -5774.5882704943815 -4620.924872975507 0.6123375293837102 -0.49503531793082167 0.6090038948792692 -0.09537840495240044 1.678938261886197e-05 0.07534991022057733 -0.00013278958928898403
-5547757.321923781 -2653071.2582588014 2110990.760177707 1045.6017122176108 -5770.878908430543 -4623.978280377093 0.5867867056439285 -0.4907263666766529 0.6336223666014268 -0.11572247694499108 1.6789382618862217e-05 0.0869926735862824 -0.00023225574944043363
-5546708.1327767 -2658840.2792537087 2106365.2581031024 1052.7764485545417 -5767.161848254836 -4627.024754815859 0.5585197946437371 -0.4852555515409504 0.6586119331724439 -0.13716052702093998 1.6789382618862244e-05 0.08564981494283433 -0.00029038349570935243
-5545651.769293605 -2664605.5795508176 2101736.712854518 1059.9503766761363 -5763.437531142506 -4630.064635369992 0.5318672486446224 -0.4794867724409358 0.680243564739206 -0.15645560873382383 1.6789382618862545e-05 0.07140639528597646 -0.0002982273405803989
-5544588.232314104 -2670367.1518603098 2097105.131070287 1067.1234435014362 -5759.70587268711 -4633.097827018461 0.5113297014453814 -0.4746756447459093 0.6957441888930036 -0.17077761072941958 1.6789382618863013e-05 0.04634515052407105 -0.0002543310564774389
-5543517.522662928 -2676124.9889243073 2092470.519358807 1074.2957241002835 -5755.9670561338435 -4636.124503207139 0.5005053070389265 -0.4720266271529632 0.7035215126329379 -0.1781650418772733 1.678938261886372e-05 0.014680388567355719 -0.00016644011601082474
-5542439.641152083 -2681879.083526498 2087832.884293311 1081.4671472326106 -5752.220901526677 -4639.144491920633 0.5012924891073557 -0.4722373909708421 0.7029421356881965 -0.1776796015521225 1.6789382618864534e-05 -0.019229316350318652 -4.70325257655603e-05
-5541354.588684213 -2687629.428186037 2083192.2326896884 1088.637621714488 -5748.467122423485 -4642.15753514633 0.5136662127177596 -0.47527450785226383 0.693971804758952 -0.16930534042842527 1.6789382618865236e-05 -0.050890277840908035 8.830118546613885e-05
-5540262.366253388 -2693376.0151614463 2078548.5716045904 1095.8070809022436 -5744.70555812047 -4645.163476719243 0.5356548264184349 -0.4803734334015765 0.6772060472480137 -0.15397155902093945 1.6789382618865703e-05 -0.07576983450747656 0.00022103934709675243
-5539162.974832996 -2699118.8367724307 2073901.9080408483 1102.975598971458 -5740.93638363613 -4648.162484145528 0.5635273855976953 -0.48627004386755557 0.6542956562529655 -0.1336993804285311 1.678938261886599e-05 -0.08944096981859692 0.00032853378780192086
-5538056.415392659 -2704857.8853490283 2069252.2489933502 1110.1431168281824 -5737.15952703369 -4651.154466823888 0.5926374908297303 -0.49168487010997214 0.6281784675732068 -0.11143879865360606 1.6789382618866025e-05 -0.08965787352520799 0.0003938508856325949
-5536942.688903408 -2710593.153440522 2064599.6013108985 1117.3097115435876 -5733.3754510515 -4654.139789289226 0.6185277022929979 -0.49577848122987694 0.6028434657240528 -0.09059213475437053 1.6789382618866306e-05 -0.07626614702734875 0.00040662117822935236
-5535821.796274286 -2716324.6338060554 2059943.9716595856 1124.475391499993 -5729.584061705308 -4657.1183917467415 0.6376872700477529 -0.49830102129957426 0.5826738616768418 -0.07444601204525526 1.6789382618866774e-05 -0.051253326609538234 0.0003645870673275734
-5534693.738432099 -2722052.3192167617 2055285.3667108645 1131.6401366508221 -5725.785576530352 -4660.090407044904 0.6479480949544376 -0.4994242816637801 0.5713554727840574 -0.06551012783714127 1.6789382618867496e-05 -0.01896870538308209 0.00027554014319316697
-5533558.516319109 -2727776.2025354533 2050623.793085898 1138.8039263665737 -5721.979821688091 -4663.055701307869 0.6483996685584434 -0.49938704479754936 0.5709246104206364 -0.06508101503292536 1.678938261886831e-05 0.015901979615210317 0.0001528766012453309
-5532416.130913356 -2733496.276326647 2045959.257634661 1145.966715019399 -5718.166464705626 -4666.014015817424 0.6390068444997276 -0.49820893268441985 0.5814613980009448 -0.07321717497103364 1.678938261886904e-05 0.048569456939335176 1.3222453693075833e-05
-5531266.583230616 -2739212.5328493956 2041291.7674421219 1153.1284791451558 -5714.345316862322 -4668.965204602221 0.6206192576458819 -0.4956811268193366 0.6010502286969149 -0.08871629014771475 1.6789382618869518e-05 0.07417572651398666 -0.00012362422935856385
-5530109.874303716 -2744924.964444302 2036621.3295511603 1160.289197774285 -5710.51659664719 -4671.909400143991 0.5953873783908475 -0.4916434284288304 0.6260184780183664 -0.10909387753301061 1.6789382618869813e-05 0.08802344416819542 -0.000233703575540234
-5528946.005185319 -2750633.5634644465 2031947.951011557 1167.4488777906197 -5706.680205833504 -4674.846538436355 0.566899228371275 -0.48635279470024956 0.6518651151840611 -0.13098891390259207 1.6789382618869847e-05 0.08775815670181798 -0.00029916036542342706
-5527774.976861772 -2756338.32247838 2027271.6386830418 1174.6076044072722 -5702.8366232045955 -4677.777001774876 0.5397998271890334 -0.48067282772849607 0.6744007366129302 -0.15084238696771687 1.6789382618870155e-05 0.0732919529787744 -0.00030919269491260084
-5526596.790318127 -2762039.2342816507 2022592.399271437 1181.7653166414332 -5698.985775232284 -4680.700697085303 0.5189888878842811 -0.47592472306721106 0.6904721709005321 -0.16551245704762543 1.678938261887066e-05 0.04686937823430772 -0.0002618084875293983
-5525411.446532595 -2767736.2916814666 2017910.2394717892 1188.9220959624438 -5695.127838614869 -4683.617798064326 0.508401015132681 -0.4733962113303382 0.6982542058129214 -0.17281637357237775 1.678938261887142e-05 0.013217976283772144 -0.00016583575110665306
-5524218.946463331 -2773429.4875332 2013225.1659344127 1196.0778649765475 -5691.262625080919 -4686.52812255029 0.5100440539026742 -0.47381106141603463 0.6970381519702887 -0.17174386701184324 1.6789382618872232e-05 -0.022646134472445813 -3.593975865492867e-05
-5523019.291177054 -2779118.8143974403 2008537.185585508 1203.2325088465477 -5687.389808418119 -4689.431368882986 0.5237379861245656 -0.4770748016804247 0.6868337248636359 -0.16235020751976625 1.6789382618872967e-05 -0.05560601289395348 0.00010968095162670861
-5521812.4818410715 -2784804.2645721952 2003846.3056000597 1210.3859836663628 -5683.50929259407 -4692.32744008823 0.547104334520202 -0.48229438103861233 0.6684405720851126 -0.14579498879699573 1.6789382618873435e-05 -0.08038911181461503 0.00024865260676940634
-5520598.519576754 -2790485.8304599896 1999152.5330524135 1217.5383529956066 -5679.621202302755 -4695.21646260892 0.575850158635978 -0.48808176974405176 0.6439516808096378 -0.12449503453903629 1.6789382618873682e-05 -0.09229756090096258 0.00035568874170153
-5519377.405528859 -2796163.504433091 1994455.8750549704 1224.689561094988 -5675.72555492829 -4698.0984087797415 0.6048885678844675 -0.4931397968553835 0.6168910335153984 -0.10182540924745974 1.6789382618873733e-05 -0.08923714623168034 0.0004128092988302887
-5518149.140803397 -2801837.2792098606 1989756.3384600438 1231.8397144492048 -5671.822796863329 -4700.973652875039 0.6295520512214638 -0.4967253508104517 0.5918436528868319 -0.08154281821627395 1.6789382618874092e-05 -0.0715737683663185 0.00041015449211715164
-5516913.726457025 -2807507.147602913 1985053.930024036 1238.988797936347 -5667.912812592813 -4703.842104460268 0.6463727387235149 -0.49873048182496277 0.57355784477489 -0.06709387327384328 1.678938261887468e-05 -0.042253877475567955 0.00034807000185060845
-5515671.163568104 -2813173.102513565 1980348.6564589737 1246.1367973805275 -5663.995820405758 -4706.703901287918 0.6534283641659695 -0.4994112153066564 0.5656117659162121 -0.06085344021875688 1.6789382618875485e-05 -0.006601002990744806 0.00023830976176209679
-5514421.453236572 -2818835.1368039595 1975640.52451983 1253.2836734761609 -5660.071509233243 -4709.558802927605 0.6500702934773186 -0.4989675784717308 0.5695360409596685 -0.0637861052295639 1.6789382618876298e-05 0.030018795194802345 9.772842558532429e-05
-5513164.596613338 -2824493.2429636065 1970929.5412519022 1260.4293751451853 -5656.139501009036 -4712.406515264805 0.6366033105935558 -0.4973101499960214 0.5845754923965768 -0.0754342981776804 1.6789382618876972e-05 0.06214214304841872 -5.335658086824461e-05
-5511900.594882061 -2830147.4132874035 1966215.7138571052 1267.5738867115522 -5652.199900465591 -4715.247097343104 0.6144955174972215 -0.49418140299468233 0.6077551946073596 -0.09388089974962811 1.67893826188774e-05 0.08399431956743286 -0.00018887340486097064
-5510629.449247168 -2835797.640226901 1961499.0494464512 1274.7171783264816 -5648.252683694994 -4718.080510671289 0.586836713811576 -0.4895603510307952 0.6344497690557815 -0.11587417558067353 1.678938261887753e-05 0.09142020614318883 -0.00028419822655951815
-5509351.160897659 -2841443.916206449 1956779.5551408406 1281.8593426115228 -5644.298110671454 -4720.906993959313 0.5581708064910461 -0.484022896424004 0.659735133111989 -0.1375381425502007 1.6789382618877684e-05 0.0830097984193884 -0.0003227046206048753
-5508065.730939894 -2847086.2340767733 1952057.237715465 1289.000375881169 -5640.336424821327 -4723.72670945488 0.533829008620868 -0.47878543210792945 0.6795036409462952 -0.1551318842044177 1.678938261887813e-05 0.06006029268914347 -0.0002972515932264604
-5506773.160522904 -2852724.586674805 1947332.1039855261 1296.1402869923709 -5636.367619044029 -4726.539656507936 0.5187227683309984 -0.4753138132336347 0.6910416870407377 -0.16572524049226256 1.6789382618878846e-05 0.026775537131788 -0.00021262486706211947
-5505473.450732653 -2858358.966959094 1942604.1606421967 1303.2790979407755 -5632.391741144343 -4729.345881062661 0.5159255178169 -0.4746664425244339 0.6931015851919189 -0.16769860169664896 1.678938261887966e-05 -0.010963861580188366 -8.411021179675606e-05
-5504166.602740404 -2863989.3676789543 1937873.4145788301 1310.4166676685918 -5628.408428414441 -4732.145038309522 0.5260986367559434 -0.47706426578801986 0.6854235064411285 -0.16070011676916657 1.6789382618880465e-05 -0.047380822005301894 6.862362349472465e-05
-5502852.617852559 -2869615.7812416707 1933139.873015613 1317.5528950053194 -5624.417442694563 -4734.9368952638815 0.5473816263528466 -0.48179832920354254 0.6686091701722707 -0.1456210928043569 1.6789382618881038e-05 -0.07653961390750859 0.00022156645160488275
-5501531.497364279 -2875238.2000724976 1928403.543154546 1324.687867525022 -5620.418955173656 -4737.721626615319 0.5755857516265379 -0.4874789382557695 0.6445926346973729 -0.12476242453335235 1.6789382618881367e-05 -0.09262141280244472 0.000345283358038337
-5500203.242564857 -2880856.616602843 1923664.4321909917 1331.8215151496477 -5616.412889555981 -4740.4991311544645 0.6052581808565441 -0.49265050650143133 0.6169502612269835 -0.10163851692181877 1.678938261888142e-05 -0.0925821950492377 0.0004172476195495847
-5498867.854732019 -2886471.0235260916 1918922.547135358 1338.9539528916164 -5612.399777795458 -4743.269848176109 0.6311570627824925 -0.49639471590839956 0.5905750717500209 -0.08033761725028822 1.678938261888175e-05 -0.07627526270367163 0.0004242259105211123
-5497525.335061463 -2892081.4137609443 1914177.894790369 1346.0851841730328 -5608.379506272725 -4746.033700851656 0.6492667853044034 -0.4985126468795349 0.5707424638315058 -0.06473656139453357 1.678938261888233e-05 -0.04653208126864323 0.0003646425038165471
-5496175.684770333 -2897687.7802478643 1909430.4819597658 1353.2151926992622 -5604.352301039454 -4748.790831297737 0.6572699391302517 -0.49926212942588305 0.561616729301845 -0.0576211992685517 1.6789382618883142e-05 -0.009173490638628497 0.00025064364535985507
-5494818.905097666 -2903290.115956941 1904680.3154434077 1360.3439357648815 -5600.317878176512 -4751.541014811366 0.65435645859527 -0.49888079199708557 0.56507885876183 -0.06017859961352732 1.6789382618883955e-05 0.029630311940989605 0.00010142149663473497
-5493454.9973423565 -2908888.413452081 1899927.4023610721 1367.471350905757 -5596.275814522931 -4754.283918072215 0.6408129270201348 -0.49728592284129375 0.5804174168594478 -0.07198003691285727 1.6789382618884677e-05 0.06364601785902886 -5.9713355516382964e-05
-5492083.96284296 -2914482.6650951775 1895171.749999234 1374.597421077635 -5592.22623285598 -4757.019611750158 0.6182471906947462 -0.49419673675287734 0.6043771211325184 -0.09093014919393222 1.6789382618885124e-05 0.08629747455275402 -0.00020274785119030105
-5490705.802960638 -2920072.8633886566 1890413.365565439 1381.7221134865133 -5588.169066284176 -4759.748025931969 0.5900764712075154 -0.4895934265501905 0.6318534777104979 -0.11344257362771275 1.6789382618885243e-05 0.09302208137523076 -0.00030006801491467465
-5489320.519028355 -2925659.000834089 1885652.256250411 1388.8455488404747 -5584.104671564594 -4762.469485165571 0.5613182594735353 -0.48412574133583375 0.6574552828470932 -0.13526503322765704 1.678938261888545e-05 0.08242733653281155 -0.0003334059662306906
-5487928.112291001 -2931241.0703798025 1880888.428880725 1395.9677034247088 -5580.033223338948 -4765.184091492615 0.5377743980264948 -0.4791336833571438 0.6767690958418393 -0.15235879106003958 1.6789382618885954e-05 0.05630539977946443 -0.00029599866178419413
-5486528.584036087 -2936819.0649417704 1876121.8903356402 1403.088611963556 -5575.954758666605 -4767.891892018003 0.524578995160723 -0.47615621535555686 0.6869878087439706 -0.1616783444113542 1.6789382618886733e-05 0.019835014453482736 -0.0001954547082498564
-5485121.935488126 -2942392.977544409 1871352.6473791802 1410.208259296438 -5571.869235533908 -4770.592846183186 0.5246324430102869 -0.476185546284451 0.6869237729537133 -0.16169061630741674 1.6789382618887547e-05 -0.02027900204448473 -5.055929551997119e-05
-5483708.167995266 -2947962.800920566 1866580.707060261 1417.3264710468593 -5567.776235044438 -4773.286547455494 0.5380550375932628 -0.4792366476914136 0.6764859402760909 -0.15230162388753982 1.678938261888834e-05 -0.05743428010765661 0.00011511206146433647
-5482287.283039419 -2953528.5274898624 1861806.0767345922 1424.4432123015006 -5563.675674684176 -4775.972913949975 0.5621289278493738 -0.4843257620502296 0.6566933863225821 -0.13488299021580905 1.6789382618888864e-05 -0.08468068761988207 0.0002715500520695732
-5480859.282044495 -2959090.149770017 1857028.763652994 1431.5585282227776 -5559.567611431022 -4778.6520138098285 0.5917258145346932 -0.48987380675626424 0.6302737700528731 -0.11242414620853641 1.6789382618889098e-05 -0.09622734199462073 0.0003866907072265847
-5479424.166477337 -2964647.660240155 1852248.7751233613 1438.6723849498396 -5555.452190520514 -4781.323921803418 0.6208544529138207 -0.49447793631908554 0.6017459033252629 -0.08906843785518079 1.678938261888921e-05 -0.08971472045530704 0.00043819851703215905
-5477981.9377142945 -2970201.051833649 1847466.1180831117 1445.7849176861448 -5551.3298105792155 -4783.989000655366 0.6442235396697442 -0.4974615948791002 0.5768056027602367 -0.0693057658505224 1.6789382618889667e-05 -0.06620786760123486 0.00041566222378509713
-5476532.597095833 -2975750.3174969754 1842680.799437967 1452.8960932302878 -5547.2003867639805 -4786.647168434087 0.6581766871267843 -0.49887654026142103 0.5609599445428709 -0.057005146417364004 1.6789382618890426e-05 -0.03035026017894185 0.0003236177716386854
-5475076.145984982 -2981295.450306829 1837892.8260210056 1460.005893905832 -5543.064041650076 -4789.298495718811 0.6609717237262404 -0.499056978169808 0.557756362486611 -0.05446423670709619 1.678938261889124e-05 0.010717201595735174 0.00018080029737874376
-5473612.585791782 -2986836.4431147254 1833102.2048531137 1467.114244186791 -5538.920298076988 -4791.942602599619 0.652313642835118 -0.49810648584579476 0.5679050333641714 -0.062134637756814964 1.6789382618892053e-05 0.04995166663811367 1.1642523858152125e-05
-5472141.917995793 -2992373.2883475334 1828308.9432950113 1474.2210991079 -5534.7689440913655 -4794.579311666641 0.6331976898149692 -0.4957761850110523 0.5891416240099887 -0.07860538688757969 1.6789382618892646e-05 0.07999972397357759 -0.00015323533916378705
-5470664.144100738 -2997905.978526055 1823513.048661144 1481.3264331546293 -5530.610145847242 -4797.2087176745035 0.6064722035583668 -0.49184517096460695 0.6165731514835999 -0.10058500375024751 1.678938261889294e-05 0.09424396284224966 -0.0002789329241645089
-5469179.265627353 -3003434.506121812 1818714.5283131232 1488.430292337096 -5526.44388866459 -4799.830840088791 0.5769593147046702 -0.4866722969725225 0.6441985776699386 -0.12359699455502299 1.6789382618893025e-05 0.08968596933907974 -0.00034023664975228437
-5467687.283972371 -3008958.8640056825 1813913.389255869 1495.5327768655407 -5522.27070691939 -4802.446112282185 0.5508020309479731 -0.48143933636722414 0.6666173195370781 -0.14301970981328457 1.6789382618893466e-05 0.0670308925583713 -0.00032432785868550775
-5466188.200558308 -3014479.045174655 1809109.638426698 1502.6338298284923 -5518.090487256061 -4805.054416202139 0.5340287337159559 -0.4777986977300895 0.6800588803219382 -0.15505365299932505 1.678938261889422e-05 0.030832795567221735 -0.00023415857976152564
-5464682.016761035 -3019995.0426839073 1804303.28269311 1509.733523659721 -5513.903346901473 -4807.655879740419 0.5306308984973053 -0.4770498435949028 0.6826787122608315 -0.15749308591780872 1.6789382618895075e-05 -0.011345867410348496 -8.88057966882286e-05
-5463168.734026906 -3025506.849420354 1799494.3290873496 1516.8316682246837 -5509.708861773333 -4810.250081525428 0.5415155199465587 -0.47948771412878205 0.674091472275044 -0.14984378753430916 1.6789382618895888e-05 -0.05194776330543234 8.575697081831496e-05
-5461648.353980481 -3031014.4578753337 1794682.7850355378 1523.928170345658 -5505.506824751441 -4812.836814538138 0.564345726969316 -0.4842617298341857 0.6551654321045302 -0.13327690739494447 1.6789382618896508e-05 -0.08308149496000367 0.0002565919574255505
-5460120.87820639 -3036517.860590088 1789868.6579040862 1531.0231048097608 -5501.297338924419 -4815.416198760074 0.5938798931133773 -0.48974069405447396 0.6286338140985597 -0.1108163025668298 1.6789382618896803e-05 -0.09766537670985534 0.0003861386430558815
-5458586.308324218 -3042017.050060435 1785051.955115763 1538.1164111922346 -5497.080463668455 -4817.988232350488 0.6236104318696787 -0.494367211785191 0.5992984927109389 -0.08690457875995786 1.67893826188969e-05 -0.0925059738759209 0.0004472811108680438
-5457044.645867421 -3047512.019233019 1780232.6837273694 1545.2082569546958 -5492.856709231792 -4820.553377156609 0.6476453575920752 -0.49735189222909587 0.5733906833901483 -0.06648090167070185 1.678938261889738e-05 -0.06844949036022152 0.0004267272477080217
-5455495.892310132 -3053002.7611246035 1775410.8507089843 1552.2986085787416 -5488.62594737685 -4823.111521099132 0.6618766707369753 -0.4987312087210965 0.5570332539262246 -0.05385543799927583 1.6789382618898158e-05 -0.03052855280416281 0.00032868432218082064
-5453940.049153262 -3058489.2688503778 1770586.4629824746 1559.3874464098217 -5484.388319727045 -4825.662746770567 0.6643450804573402 -0.4988681439557358 0.5541791491515266 -0.05159127507612017 1.678938261889908e-05 0.013101956861782334 0.00017457668204817005
-5452377.117952354 -3063971.5352989323 1765759.5276640044 1566.4746803560838 -5480.143294355806 -4828.206625972067 0.654761152273818 -0.4978620577593303 0.5655138678581842 -0.06012711681748547 1.678938261889992e-05 0.05432638206422195 -7.1175605896186825e-06
-5450807.100341492 -3069449.5529274573 1760930.0522210174 1573.5602664151172 -5475.890747924105 -4830.743042495622 0.6343558645967415 -0.4954253818547636 0.5883036011803091 -0.07775089005318357 1.678938261890052e-05 0.08456543921144165 -0.0001797425517058268
-5449229.997981567 -3074923.314310497 1756098.044060214 1580.6441679588222 -5471.630741450182 -4833.272011560806 0.6065184219057573 -0.49135412856657096 0.6169103270077305 -0.10063882283070855 1.678938261890076e-05 0.09673714455003304 -0.0003043885014178774
-5447645.81253492 -3080392.8119576145 1751263.5106357548 1587.7264866245882 -5467.363432028789 -4835.793708592082 0.576806674563754 -0.4861507545585026 0.6446954251344628 -0.12377121164308211 1.6789382618900926e-05 0.0880319960545378 -0.00035397935953906007
-5446054.545517738 -3085858.038885832 1746426.458954955 1594.8072800959699 -5463.089253602538 -4838.308469949122 0.5520496894015955 -0.4812163227148069 0.6659320943896484 -0.14214934697794926 1.6789382618901465e-05 0.060083249219202314 -0.00031703735944303344
-5444456.198495091 -3091318.9881385285 1741586.8960416277 1601.886528287575 -5458.808129414531 -4840.816227484588 0.5385026505910601 -0.4783142775788106 0.6768699949280529 -0.15191233372165927 1.6789382618902305e-05 0.019089758961466502 -0.00020166694686129215
-5442850.772970461 -3096775.6528312224 1736744.8288299188 1608.9642454054904 -5454.520054473637 -4843.316985856922 0.5396753692966307 -0.4785911338973396 0.6759141091162502 -0.15113285356595932 1.6789382618903254e-05 -0.02605818241689882 -3.3012233578944355e-05
-5441238.270597826 -3102228.0257559447 1731900.264579975 1616.0401910704848 -5450.224526654708 -4845.810235183789 0.5554423818579743 -0.4819672520815188 0.663052177047474 -0.13983253866513118 1.6789382618904074e-05 -0.06660374114867174 0.00015670394994321714
-5439618.693156733 -3107676.0994308023 1727053.2108271152 1623.1144086379434 -5445.92159292448 -4848.296035563304 0.5819894166159618 -0.48715104134478027 0.6399677783985129 -0.12005592228366158 1.6789382618904592e-05 -0.09328464934015329 0.00032527407489843865
-5437992.042375617 -3113119.8664254122 1722203.6750380471 1630.1868439366708 -5441.611133109912 -4850.77426618795 0.6127634246808733 -0.4923125696679114 0.6107010336028631 -0.09588308858573695 1.6789382618904724e-05 -0.09973041728480088 0.0004337800088211235
-5436358.320019642 -3118559.3194075166 1717351.6646384744 1637.2576067111586 -5437.293706757561 -4853.245384548946 0.6407338914208589 -0.4961007539921826 0.581441423079851 -0.07259472294835656 1.678938261890502e-05 -0.08426950218485349 0.00045742258851561046
-5434717.527695888 -3123994.451522056 1712497.1866204625 1644.3267675670243 -5432.969342899136 -4855.709456844494 0.6602840578494295 -0.4981446695462166 0.5592865330189367 -0.05545651572394345 1.6789382618905714e-05 -0.050119289842440455 0.0003900844832024961
-5433069.667027205 -3129425.2558447653 1707640.2480357285 1651.3942963638592 -5428.6381756869505 -4858.166553850805 0.6681206331027151 -0.49876157276586347 0.5500132170054641 -0.04834433031752132 1.6789382618906615e-05 -0.0053622798639067215 0.0002480116785847276
-5431414.739669864 -3134851.7255076743 1702780.855921225 1658.4601244325922 -5424.299911359117 -4860.616425152327 0.663187423281612 -0.4982411106549909 0.5560154978350735 -0.05277313162578573 1.6789382618907543e-05 0.04048615778636365 6.150523651091711e-05
-5429752.7473774655 -3140273.853128361 1697919.0177357998 1665.5241627348369 -5419.954106974482 -4863.0587037277255 0.6461292347354645 -0.49640807809342924 0.5757590299053488 -0.06780539437391898 1.67893826189083e-05 0.07777749197040554 -0.00013112547546331992
-5428083.6919491775 -3145691.6312806983 1693054.741000933 1672.5863846063787 -5415.600946171393 -4865.493496220413 0.6197912054128305 -0.4929224626675056 0.6039781870690166 -0.08998142605858182 1.678938261890868e-05 0.09722421152754075 -0.00028345276132033957
-5426407.575215768 -3151105.0524979173 1688188.0332893876 1679.6468141877601 -5411.240329927047 -4867.920749046783 0.5895780450826932 -0.48801791632969915 0.6334269902075882 -0.1140460002553561 1.678938261890878e-05 0.09406777350774789 -0.00035972678415167506
-5424724.398855229 -3156514.1096990034 1683318.901805771 1686.7056232802886 -5406.872926188716 -4870.341038044472 0.5627354124890919 -0.48294409681262246 0.6573002860994461 -0.13435099098316391 1.6789382618909278e-05 0.06877176765718224 -0.0003414118970943852
-5423034.164547121 -3161918.796026356 1678447.353603054 1693.762725088755 -5402.498597616494 -4872.754208082129 0.5464654219484757 -0.47958019901826787 0.6708160155522805 -0.1462335413058022 1.6789382618910118e-05 0.02717436726465585 -0.0002322228874061513
-5421336.873941953 -3167319.104627968 1673573.3957123582 1700.8181934234512 -5398.117426549219 -4875.160364329518 0.5453349993540244 -0.47935716055886807 0.6717057065519679 -0.14709824909225588 1.678938261891112e-05 -0.020721357755047253 -5.849001000201479e-05
-5419632.528794927 -3172715.028419095 1668697.0353976989 1707.871765914603 -5393.72889311525 -4877.558969057918 0.5598170321157535 -0.48240052478320467 0.6597126484418151 -0.13665228036108387 1.6789382618911995e-05 -0.06477950837005457 0.00014343923826164336
-5417921.1310278345 -3178106.5599712087 1663818.2802746184 1714.9234625724926 -5389.332987821858 -4879.950027704967 0.5861337049137146 -0.48744051939594735 0.636534493200295 -0.11693100094233011 1.678938261891258e-05 -0.0943098282119091 0.00032569744622965225
-5416202.682515072 -3183493.691885964 1658937.13790717 1721.9732256496256 -5384.9295781331275 -4882.333408366722 0.6172498499339664 -0.4925259649484138 0.6065448302919234 -0.09232640713399218 1.6789382618912734e-05 -0.10173562424130872 0.00044296600326706336
-5414477.185172297 -3188876.4168578233 1654053.615824943 1729.0211788520267 -5380.519255291964 -4884.709600739237 0.6454663568156371 -0.49619866203217944 0.5765830783765582 -0.06864418217471345 1.6789382618913056e-05 -0.08499955826969172 0.0004662893957585484
-5412744.640733153 -3194254.728100116 1649167.7210782056 1736.0674040748097 -5376.102058229313 -4887.078685552882 0.6646630148512347 -0.4980899813638128 0.5544906573891856 -0.05166776579234645 1.6789382618913798e-05 -0.04787171558334574 0.0003890576310399766
-5411005.0509502925 -3199628.618742568 1644279.4607890712 1743.111865144022 -5371.678102318521 -4889.440716785445 0.6713506658441504 -0.49856742415331584 0.5464836383070638 -0.04554602185062754 1.6789382618914804e-05 0.00024398631682742385 0.00023106939418349548
-5409258.417620647 -3204998.0819265097 1639388.8421029767 1750.1544728528265 -5367.247010789288 -4891.795372363287 0.6645432229640322 -0.4979042100555702 0.5547984441531107 -0.05169515244975107 1.6789382618915804e-05 0.048339758744517645 2.8355435565616176e-05
-5407504.742651594 -3210363.110262826 1634495.872607976 1757.1951431164862 -5362.808462728948 -4894.142372189159 0.6452545049812541 -0.4958481902312273 0.5771169776501675 -0.06868180365824444 1.6789382618916532e-05 0.08508432925001211 -0.0001723818825414076
-5405744.027995785 -3215723.6963936547 1629600.5599028992 1764.2338304555378 -5358.36252791976 -4896.48173176391 0.6171505269739986 -0.4920784279596339 0.6070238349062423 -0.09222858368320605 1.6789382618916827e-05 0.10062329208882367 -0.0003190248057803639
-5403976.275618267 -3221079.832871332 1624702.9116587837 1771.2706489338977 -5353.909333289724 -4898.813614601247 0.5867129085194219 -0.48705956997492733 0.6364051400964177 -0.11631610349121216 1.678938261891702e-05 0.09080583543141892 -0.0003743919980341661
-5402201.487288728 -3226431.512822043 1619802.9350189418 1778.305697857432 -5349.449417012611 -4901.13845876258 0.5620989183430004 -0.4823759204618718 0.6581573325008113 -0.13485993857186537 1.6789382618917674e-05 0.05778447429556609 -0.00032347792642944164
-5400419.66482927 -3231778.729419336 1614900.6371309084 1785.338942767824 -5344.982672964916 -4903.456165860719 0.5506036154214168 -0.48002522718016494 0.6677426138848358 -0.14328726934987202 1.678938261891864e-05 0.010017878559866545 -0.0001790767482966997
-5398630.81001203 -3237121.4758629445 1609996.025091922 1792.3703562478693 -5340.509002676285 -4905.766647784345 0.5557663281714229 -0.48112211279496825 0.6634428472796652 -0.13960261259737003 1.67893826189197e-05 -0.04059090478267789 2.298876563699008e-05
-5396834.924821121 -3242459.7449399605 1605089.1064294646 1799.3996972311631 -5336.027944730503 -4908.069420782735 0.5762758178956283 -0.4851859761673656 0.645763583023983 -0.12445941137283684 1.678938261892052e-05 -0.08206513544964651 0.0002356535868963885
-5395032.011275755 -3247793.529320439 1600179.8887772 1806.4270470871263 -5331.539567206294 -4910.36458564607 0.6061775651844274 -0.4903949018305032 0.6178964713306876 -0.10131905271376766 1.6789382618920926e-05 -0.1029890020381712 0.00040183411281527996
-5393222.071438182 -3253122.8215965377 1595268.3798531545 1813.4523127763312 -5327.043878613687 -4912.652083697863 0.6370773816635477 -0.49477902225335013 0.5861391592443432 -0.07594086456626445 1.6789382618921065e-05 -0.09762992361230773 0.000477639050699625
-5391405.107252162 -3258447.614883234 1590354.5869355353 1820.4757517091307 -5322.541557554961 -4914.932556459946 0.6612062871208765 -0.4973742673994351 0.5589350163943271 -0.05492477991738841 1.6789382618921665e-05 -0.0670586857587906 0.0004422783911034898
-5389581.12056391 -3263767.902416426 1585438.5171544643 1827.4973119371045 -5318.032411041793 -4917.205834110815 0.6733744725619396 -0.4983322809296588 0.5443422572011016 -0.04385503973984103 1.6789382618922604e-05 -0.01924929460333644 0.00030465252315488935
