# Restart data (ECEF, cartesian system)
# Iteration, Elapsed time
# 2773 2773.0
-3772365.4475379265 3000674.967768374 4388053.261258401 -4637.7340429502665 -5830.430768550484 0.0
-3777000.9049971225 2994842.7314357376 4388050.100087543 -4633.179858089151 -5834.040616009551 -6.322340283005472
-3781631.8052202733 2989006.8890984724 4388040.616582185 -4628.6195717341725 -5837.642777114047 -12.644667513195541
-3786258.142108508 2983167.448445013 4388024.810759846 -4624.053189131495 -5841.237247708754 -18.966972757461306
-3790879.9095682045 2977324.4171679406 4388002.682646978 -4619.480715534845 -5844.824023647989 -25.289247082717857
-3795497.1015109993 2971477.802963981 4387974.232278966 -4614.90215620551 -5848.403100795612 -31.61148155591517
-3800109.711853794 2965627.613533989 4387939.459700129 -4610.3175164123295 -5851.974475025027 -37.933667244049005
-3804717.734518761 2959773.856582943 4387898.364963718 -4605.726801431688 -5855.538142219186 -44.255795214171805
-3809321.1634333553 2953916.539819932 4387850.948131918 -4601.130016547517 -5859.0940982705915 -50.577856533403576
-3813919.9925303184 2948055.6709581492 4387797.209275846 -4596.527167051285 -5862.642339081301 -56.89984226894278
-3818514.215747687 2942191.2577148797 4387737.148475552 -4591.918258241997 -5866.182860562931 -63.22174348807724
-3823103.8270288 2936323.3078114935 4387670.765820019 -4587.303295426184 -5869.715658636658 -69.54355125819504
-3827688.8203223078 2930451.828973433 4387598.061407162 -4582.682283917905 -5873.240729233228 -75.86525664679536
-3832269.189582178 2924576.8289302066 4387519.03534383 -4578.055229038734 -5876.758068292952 -82.18685072149948
-3836844.9287677044 2918698.315415377 4387433.6877458 -4573.422136117766 -5880.267671765711 -88.50832455006157
-3841416.0318435123 2912816.2961665518 4387342.018737788 -4568.783010491599 -5883.769535610967 -94.82966920037958
-3845982.4927795674 2906930.7789253746 4387244.028453437 -4564.137857504342 -5887.263655797757 -101.1508757405062
-3850544.305551184 2901041.7714375164 4387139.7170353215 -4559.486682507599 -5890.750028304703 -107.47193523865963
-3855101.4641390317 2895149.281452663 4387029.084634951 -4554.829490860475 -5894.228649120009 -113.79283876323466
-3859653.962529143 2889253.316724508 4386912.131412763 -4550.166287929559 -5897.6995142414735 -120.11357738281335
-3864201.79471292 2883353.8850107426 4386788.857538131 -4545.497079088934 -5901.162619676484 -126.43414216617602
-3868744.9546871446 2877450.9940730454 4386659.263189354 -4540.821869720156 -5904.617961442024 -132.75452418231214
-3873283.436453981 2871544.6516770734 4386523.348553666 -4536.140665212263 -5908.065535564679 -139.0747145004312
-3877817.234020988 2865634.8655924518 4386381.11382723 -4531.453470961761 -5911.505338080633 -145.39470418997357
-3882346.3414011244 2859721.6435927656 4386232.5592151405 -4526.760292372623 -5914.93736503568 -151.71448432062138
-3886870.752612757 2853804.993455549 4386077.68493142 -4522.061134856283 -5918.3616124852215 -158.0340459623095
-3891390.4616796672 2847884.922962276 4385916.491199021 -4517.356003831634 -5921.778076494272 -164.3533801852363
-3895905.462631059 2841961.43989835 4385748.97824983 -4512.644904725015 -5925.186753137462 -170.67247805987452
-3900415.749501567 2836034.552053096 4385575.14632466 -4507.927842970218 -5928.5876384990415 -176.99133065698234
-3904921.316331263 2830104.267219749 4385394.995673251 -4503.204824008473 -5931.980728672884 -183.30992904761402
-3909422.1571656642 2824170.5931954454 4385208.526554277 -4498.475853288449 -5935.366019762489 -189.62826430313092
-3913918.266055739 2818233.5377812143 4385015.739235335 -4493.740936266246 -5938.743507880983 -195.94632749521233
-3918409.6370579167 2812293.108781967 4384816.633992951 -4489.00007840539 -5942.1131891511295 -202.26410969586635
-3922896.2642340935 2806349.3140064846 4384611.211112583 -4484.253285176832 -5945.4750597053235 -208.5816019774408
-3927378.1416516406 2800402.161267414 4384399.470888613 -4479.500562058936 -5948.829115685602 -214.89879541263406
-3931855.26338341 2794451.658381254 4384181.41362435 -4474.741914537483 -5952.175353243644 -221.21568107450594
-3936327.623507745 2788497.813168347 4383957.039632031 -4469.977348105659 -5955.513768540773 -227.53225003648862
-3940795.2161084847 2782540.6334528695 4383726.349232819 -4465.206868264053 -5958.844357747962 -233.84849337239743
-3945258.0352749727 2776580.1270628213 4383489.342756803 -4460.43048052065 -5962.167117045837 -240.16440215644175
-3949716.075102064 2770616.301830018 4383246.020542999 -4455.648190390828 -5965.48204262468 -246.4799674632359
-3954169.3296901337 2764649.165590079 4382996.382939344 -4450.8600033973535 -5968.789130684428 -252.79518036781008
-3958617.7931450815 2758678.7261824193 4382740.430302706 -4446.065925070374 -5972.088377434683 -259.1100319456211
-3963061.4595783423 2752704.99145024 4382478.162998871 -4441.265960947416 -5975.379779094713 -265.4245132725632
-3967500.323106892 2746727.9692405174 4382209.581402552 -4436.460116573377 -5978.66333189345 -271.7386154249793
-3971934.3778532557 2740747.6674039946 4381934.685897387 -4431.648397500522 -5981.939032069502 -278.0523294796713
-3976363.617945513 2734764.09379517 4381653.476875933 -4426.83080928848 -5985.2068758711475 -284.3656465139114
-3980788.037517308 2728777.256272291 4381365.954739673 -4422.007357504236 -5988.466859556346 -290.6785576054528
-3985207.6307078544 2722787.1626973404 4381072.11989901 -4417.178047722127 -5991.718979392736 -296.99105383254056
-3989622.3916619457 2716793.82093603 4380771.972773271 -4412.34288552384 -5994.963231657642 -303.30312627392243
-3994032.314529959 2710797.238857787 4380465.513790699 -4407.501876498401 -5998.199612638072 -309.6147660088598
-3998437.3934678654 2704797.42433575 4380152.743388461 -4402.655026242173 -6001.428118630728 -315.9259641171384
-4002837.622637234 2698794.385246753 4379833.662012646 -4397.802340358856 -6004.648745942001 -322.23671167907935
-4007232.9962052437 2692788.129471321 4379508.270118258 -4392.943824459472 -6007.861490887984 -328.54699977555
-4011623.5083446866 2686778.6648936574 4379176.568169223 -4388.079484162369 -6011.066349794464 -334.8568194879745
-4016009.153233977 2680765.999401634 4378838.556638383 -4383.209325093209 -6014.263318996935 -341.16616189834525
-4020389.9250571597 2674750.140886783 4378494.2360074995 -4378.333352884967 -6017.452394840593 -347.4750180892329
-4024765.8180039143 2668731.0972442874 4378143.60676725 -4373.451573177924 -6020.633573680346 -353.783379143798
-4029136.8262695656 2662708.8763729692 4377786.6694172295 -4368.563991619663 -6023.806851880812 -360.09123614580153
-4033502.9440550883 2656683.4861752815 4377423.424465949 -4363.670613865066 -6026.972225816324 -366.39858017961564
-4037864.1655671173 2650654.9345572977 4377053.872430831 -4358.771445576303 -6030.129691870931 -372.7054023302346
-4042220.485017952 2644623.229428702 4376678.01383822 -4353.866492422834 -6033.2792464384065 -379.0116936832858
-4046571.8966255663 2638588.3787027826 4376295.849223368 -4348.955760081398 -6036.420885922244 -385.31744532504024
-4050918.3946136134 2632550.3902964154 4375907.3791304445 -4344.039254236008 -6039.554606735668 -391.6226483424238
-4055259.9732114337 2626509.2721300605 4375512.604112529 -4339.11698057795 -6042.680405301629 -397.92729382302775
-4059596.626654064 2620465.0321277506 4375111.524731616 -4334.188944805778 -6045.798278052812 -404.23137285511973
-4063928.349182242 2614417.6782170795 4374704.141558605 -4329.255152625303 -6048.908221431635 -410.5348765276546
-4068255.1350424155 2608367.218329195 4374290.455173316 -4324.315609749594 -6052.010231890259 -416.83779593028515
-4072576.9784867493 2602313.6603987855 4373870.466164472 -4319.3703218989685 -6055.104305890584 -423.1401221533732
-4076893.873773131 2596257.012364076 4373444.175129706 -4314.41929480099 -6058.190439904254 -429.4418462880002
-4081205.8151651802 2590197.2821668126 4373011.582675562 -4309.462534190464 -6061.268630412663 -435.74295942597803
-4085512.7969322545 2584134.4777522553 4372572.68941749 -4304.500045809425 -6064.338873906951 -442.0434526598601
-4089814.813349458 2578068.607069169 4372127.4959798455 -4299.531835407141 -6067.401166888016 -448.3433170829519
-4094111.8586976468 2571999.6780698136 4371676.002995895 -4294.557908740106 -6070.455505866508 -454.642543789322
-4098403.927263438 2565927.698709931 4371218.211107807 -4289.578271572027 -6073.501887362838 -460.94112387381284
-4102691.0133392136 2559852.676948739 4370754.120966656 -4284.592929673831 -6076.540307907177 -467.2390484320515
-4106973.1112231337 2553774.620748921 4370283.733232419 -4279.601888823651 -6079.570764039463 -473.53630856046067
-4111250.215219138 2547693.5380766145 4369807.048573978 -4274.6051548068235 -6082.5932523094 -479.83289535626915
-4115522.319636956 2541609.4369014036 4369324.067669118 -4269.6027334158825 -6085.607769276463 -486.128799917523
-4119789.4187921113 2535522.3251963067 4368834.791204521 -4264.594630450554 -6088.6143115098985 -492.4240133430963
-4124051.5070059337 2529432.210937769 4368339.219875777 -4259.580851717755 -6091.612875588729 -498.71852673270195
-4128308.578605562 2523339.1021056515 4367837.354387368 -4254.56140303158 -6094.603458101758 -505.0123311869022
-4132560.627923953 2517243.0066832216 4367329.195452681 -4249.536290213305 -6097.586055647569 -511.3054178071199
-4136807.6492998875 2511143.932657143 4366814.743793998 -4244.5055190913745 -6100.5606648345265 -517.597777695649
-4141049.6370779797 2505041.8880174663 4366294.0001425 -4239.4690955014 -6103.5272822807865 -523.8894019556657
-4145286.5856086826 2498936.8807576187 4365766.965238263 -4234.427025286157 -6106.485904614292 -530.1802816912389
-4149518.4892482944 2492828.9188743955 4365233.639830258 -4229.379314295571 -6109.436528472778 -536.4704080073408
-4153745.3423589678 2486718.0103679486 4364694.024676353 -4224.325968386722 -6112.379150503776 -542.7597720098585
-4157967.139308716 2480604.1632417785 4364148.120543307 -4219.266993423833 -6115.313767364615 -549.0483648056043
-4162183.874471421 2474487.3855027216 4363595.9282067735 -4214.202395278269 -6118.240375722423 -555.3361775023261
-4166395.5422268375 2468367.685160943 4363037.448451298 -4209.132179828529 -6121.158972254132 -561.6232012087193
-4170602.1369606047 2462245.0702299266 4362472.682070317 -4204.056352960239 -6124.06955364648 -567.9094270344361
-4174803.653064249 2456119.5487264646 4361901.629866153 -4198.974920566147 -6126.972116596011 -574.1948460900979
-4179000.0849351943 2449991.1286706473 4361324.292650023 -4193.887888546125 -6129.866657809084 -580.4794494873047
-4183191.4269767683 2443859.8180858535 4360740.671242027 -4188.795262807153 -6132.753174001868 -586.7632283386467
-4187377.6735982075 2437725.624998742 4360150.766471155 -4183.697049263321 -6135.631661900348 -593.0461737577151
-4191558.8192146667 2431588.557439239 4359554.579175283 -4178.593253835818 -6138.502118240332 -599.3282768591123
-4195734.858247226 2425448.623440533 4358952.110201171 -4173.483882452935 -6141.364539767443 -605.6095287584631
-4199905.785122898 2419305.8310390576 4358343.360404461 -4168.368941050048 -6144.218923237132 -611.8899205724254
-4204071.594274634 2413160.1882744893 4357728.330649681 -4163.2484355696215 -6147.065265414676 -618.1694434187009
-4208232.280141328 2407011.703189734 4357107.021810239 -4158.122371961202 -6149.9035630751805 -624.4480884160463
-4212387.837167832 2400860.383830917 4356479.434768424 -4152.990756181407 -6152.7338130035805 -630.7258466842833
-4216538.259804955 2394706.2382473736 4355845.570415406 -4147.853594193927 -6155.556011994649 -637.0027093443101
-4220683.542509474 2388549.27449164 4355205.429651231 -4142.710891969515 -6158.370156852992 -643.2786675181114
-4224823.679744141 2382389.5006194413 4354559.013384823 -4137.562655485983 -6161.176244393056 -649.55371232877
-4228958.665977688 2376226.9246896855 4353906.322533985 -4132.408890728193 -6163.974271439127 -655.8278349004768
-4233088.495684837 2370061.5547644496 4353247.3580253925 -4127.249603688058 -6166.764234825338 -662.1010263585421
-4237213.163346304 2363893.398908973 4352582.120794597 -4122.084800364533 -6169.546131395666 -668.3732778294062
-4241332.663448807 2357722.4651916455 4351910.611786021 -4116.914486763606 -6172.319958003935 -674.64458044065
-4245446.990485077 2351548.7616839977 4351232.83195296 -4111.738668898301 -6175.085711513825 -680.9149253210059
-4249556.138953856 2345372.296460693 4350548.78225758 -4106.557352788663 -6177.843388798866 -687.1843036003681
-4253660.103359915 2339193.0775995147 4349858.463670916 -4101.370544461759 -6180.592986742443 -693.4527064098045
-4257758.878214052 2333011.113181358 4349161.877172872 -4096.178249951669 -6183.334502237801 -699.7201248815659
-4261852.458033104 2326826.411290221 4348459.023752221 -4090.980475299485 -6186.067932188044 -705.9865501490979
-4265940.837339953 2320638.980013193 4347749.904406598 -4085.7772265532976 -6188.793273506143 -712.251973347051
-4270024.010663531 2314448.8274404453 4347034.520142505 -4080.5685097681985 -6191.510523114929 -718.5163856112919
-4274101.972538831 2308255.961665222 4346312.871975308 -4075.35433100627 -6194.219677947103 -724.7797780789131
-4278174.717506908 2302060.390783829 4345584.9609292345 -4070.134696336582 -6196.920734945235 -731.0421418882452
-4282242.240114894 2295862.1228956254 4344850.788037372 -4064.909611835184 -6199.61369106177 -737.3034681788663
-4286304.534915996 2289661.166103012 4344110.35434167 -4059.679083585101 -6202.298543259022 -743.5637480916134
-4290361.596469511 2283457.528511423 4343363.660892935 -4054.4431176763296 -6204.975288509187 -749.8229727685929
-4294413.419340828 2277251.2182293157 4342610.70875083 -4049.2017202058273 -6207.643923794335 -756.0811333531909
-4298459.9981014365 2271042.2433681595 4341851.498983877 -4043.954897277513 -6210.30444610642 -762.3382209900851
-4302501.327328934 2264830.612042427 4341086.03266945 -4038.702655002256 -6212.956852447279 -768.5942268252539
-4306537.401607032 2258616.332369585 4340314.310893777 -4033.444999497876 -6215.601139828634 -774.8491420059884
-4310568.215525562 2252399.4124700828 4339536.3347519385 -4028.18193688913 -6218.237305272094 -781.1029576809023
-4314593.763680486 2246179.860467343 4338752.105347867 -4022.913473307714 -6220.8653458091585 -787.3556649999432
-4318614.0406738985 2239957.6844877526 4337961.62379434 -4017.6396148922527 -6223.485258481219 -793.6072551144026
-4322629.041114041 2233732.892660652 4337164.891212989 -4012.3603677882957 -6226.09704033956 -799.8577191769268
-4326638.759615297 2227505.4931183243 4336361.908734287 -4007.0757381483113 -6228.700688445363 -806.1070483415284
-4330643.190798213 2221275.4939959883 4335552.677497554 -4001.7857321316815 -6231.296199869708 -812.3552337635956
-4334642.32928949 2215042.9034317853 4334737.198650955 -3996.4903559046948 -6233.8835716935755 -818.6022665999038
-4338636.1697220085 2208807.7295667715 4333915.473351496 -3991.189615640541 -6236.462801007845 -824.8481380086257
-4342624.706734818 2202569.9805449066 4333087.502765027 -3985.8835175193076 -6239.033884913305 -831.0928391493427
-4346607.934973156 2196329.664513045 4332253.288066233 -3980.5720677279714 -6241.596820520648 -837.3363611830549
-4350585.849088448 2190086.789620925 4331412.830438642 -3975.255272460394 -6244.151604950475 -843.5786952721917
-4354558.443738317 2183841.36402116 4330566.131074616 -3969.9331379173136 -6246.698235333299 -849.819832580623
-4358525.713586592 2177593.3958692276 4329713.191175353 -3964.605670306344 -6249.2367088095425 -856.0597642736694
-4362487.653303312 2171342.89332346 4328854.011950885 -3959.2728758419657 -6251.767022529544 -862.298481518113
-4366444.257564732 2165089.8645450342 4327988.594620077 -3953.9347607455197 -6254.28917365356 -868.535975482208
-4370395.521053335 2158834.317697962 4327116.940410624 -3948.5913312452035 -6256.8031593517635 -874.7722373356911
-4374341.438457832 2152576.2609490794 4326239.050559052 -3943.2425935760634 -6259.308976804248 -881.0072582497926
-4378282.004473176 2146315.702468039 4325354.926310713 -3937.8885539799903 -6261.806623201029 -887.2410293972465
-4382217.213800564 2140052.6504272968 4324464.568919788 -3932.5292187057144 -6264.2960957420455 -893.4735419523017
-4386147.061147446 2133787.113002104 4323567.979649281 -3927.164594008796 -6266.777391637163 -899.7047870907318
-4390071.541227528 2127519.0983704985 4322665.15977102 -3921.7946861516243 -6269.250508106176 -905.9347559898464
-4393990.6487607835 2121248.614713291 4321756.110565653 -3916.4195014034085 -6271.715442378805 -912.1634398285016
-4397904.378473462 2114975.6702140598 4320840.833322654 -3911.0390460401713 -6274.172191694706 -918.3908297871102
-4401812.725098086 2108700.273059138 4319919.329340311 -3905.6533263447463 -6276.620753303467 -924.6169170476527
-4405715.68337347 2102422.431437603 4318991.59992573 -3900.2623486067696 -6279.061124464608 -930.8416927936875
-4409613.248044717 2096142.1535412685 4318057.646394832 -3894.8661191226747 -6281.4933024475895 -937.0651482103619
-4413505.413863233 2089859.4475646743 4317117.470072355 -3889.464644195686 -6283.917284531809 -943.2872744844224
-4417392.17558673 2083574.321705075 4316171.072291848 -3884.057930135815 -6286.333068006603 -949.5080628042251
-4421273.527979232 2077286.7841624315 4315218.4543956695 -3878.6459832598503 -6288.740650171253 -955.7275043597468
-4425149.465811086 2070996.8431394 4314259.617734987 -3873.228809891357 -6291.140028334981 -961.9455903425951
-4429019.983858961 2064704.5068413224 4313294.5636697775 -3867.8064163606655 -6293.531199816957 -968.1623119460191
-4432885.076905864 2058409.7834762172 4312323.2935688235 -3862.37880900487 -6295.914161946298 -974.3776603649201
-4436744.739741143 2052112.681254768 4311345.808809712 -3856.94599416782 -6298.288912062066 -980.5916267958612
-4440598.967160489 2045813.208390315 4310362.110778829 -3851.507978200115 -6300.655447513275 -986.8042024370795
-4444447.7539659515 2039511.3730988437 4309372.200871367 -3846.064767459099 -6303.013765658895 -993.0153784884955
-4448291.094965938 2033207.1835989766 4308376.080491315 -3840.6163683088544 -6305.363863867845 -999.2251461517233
-4452128.9849752225 2026900.6481119613 4307373.7510514585 -3835.162787120194 -6307.7057395189995 -1005.4334966300823
-4455961.418814958 2020591.774861662 4306365.213973381 -3829.7040302706587 -6310.039390001192 -1011.6404211286067
-4459788.391312672 2014280.5720745493 4305350.470687458 -3824.2401041445087 -6312.364812713213 -1017.8459108540565
-4463609.897302284 2007967.04797969 4304329.522632861 -3818.771015132719 -6314.682005063812 -1024.049957014928
-4467425.931624107 2001651.2108087363 4303302.371257546 -3813.2967696329733 -6316.990964471701 -1030.2525508214635
-4471236.489124856 1995333.0687959183 4302269.018018265 -3807.8173740496563 -6319.291688365554 -1036.4536834856633
-4475041.564657651 1989012.6301780308 4301229.464380552 -3802.332834793849 -6321.58417418401 -1042.6533462212947
-4478841.153082026 1982689.9031944263 4300183.711818727 -3796.8431582833236 -6323.8684193756735 -1048.8515302439032
-4482635.249263941 1976364.896087003 4299131.761815895 -3791.3483509425364 -6326.144421399115 -1055.0482267708232
-4486423.848075779 1970037.6171001953 4298073.615863944 -3785.8484192026217 -6328.412177722876 -1061.243427021188
-4490206.94439636 1963708.0744809648 4297009.275463539 -3780.343369501385 -6330.671685825466 -1067.4371222159396
-4493984.533110944 1957376.276478789 4295938.7421241235 -3774.833208283299 -6332.922943195367 -1073.6293035778406
-4497756.609111237 1951042.2313456524 4294862.017363919 -3769.3179419994963 -6335.165947331034 -1079.819962331484
-4501523.167295406 1944705.9473360358 4293779.102709921 -3763.7975771077627 -6337.400695740893 -1086.0090897033035
-4505284.202568072 1938367.432706907 4292689.999697897 -3758.272120072534 -6339.627185943353 -1092.1966769215837
-4509039.709840326 1932026.6957177094 4291594.709872385 -3752.741577364898 -6341.845415466813 -1098.382715216475
-4512789.684029736 1925683.7446303538 4290493.234786693 -3747.205955462604 -6344.055381849698 -1104.5671958200066
-4516534.120060348 1919338.5877092076 4289385.576002896 -3741.665260850059 -6346.257082640458 -1110.7501099660992
-4520273.012862695 1912991.2332210843 4288271.735091834 -3736.1195000183216 -6348.4505153975715 -1116.9314488905754
-4524006.357373809 1906641.6894352345 4287151.713633109 -3730.568679465097 -6350.63567768955 -1123.1112038311694
-4527734.1485372195 1900289.9646233346 4286025.513215087 -3725.012805694732 -6352.812567094942 -1129.2893660275397
-4531456.381302963 1893936.0670594776 4284893.13543489 -3719.4518852182086 -6354.981181202333 -1135.4659267212787
-4535173.050627593 1887580.005020163 4283754.581898399 -3713.8859245531403 -6357.141517610347 -1141.640877155924
-4538884.151474182 1881221.7867842873 4282609.85422025 -3708.314930223765 -6359.293573927657 -1147.8142085769696
-4542589.67881233 1874861.420633132 4281458.954023834 -3702.73890876094 -6361.43734777298 -1153.9859122318758
-4546289.627618171 1868498.914850356 4280301.882941293 -3697.157866702139 -6363.572836775083 -1160.1559793700815
-4549983.992874382 1862134.2777219836 4279138.642613516 -3691.571810591443 -6365.700038572786 -1166.3244012430139
-4553672.769570186 1855767.5175363957 4277969.234690144 -3685.9807469795373 -6367.818950814968 -1172.4911691040993
-4557355.952701359 1849398.6425843195 4276793.66082956 -3680.384682423705 -6369.929571160562 -1178.6562742087756
-4561033.53727024 1843027.6611588176 4275611.922698893 -3674.7836234878223 -6372.0318972785635 -1184.8197078145017
-4564705.518285732 1836654.5815552792 4274424.021974009 -3669.1775767423546 -6374.125926848036 -1190.9814611807687
-4568371.8907633135 1830279.4120714087 4273229.960339523 -3663.5665487643473 -6376.211657558107 -1197.141525569111
-4572032.649725043 1823902.161007217 4272029.739488776 -3657.950546137425 -6378.289087107977 -1203.299892243117
-4575687.790199568 1817522.8366650103 4270823.361123852 -3652.3295754517812 -6380.358213206919 -1209.4565524684408
-4579337.307222125 1811141.447349381 4269610.826955566 -3646.703643304177 -6382.4190335742815 -1215.6114975128116
-4582981.195834556 1804758.0013671964 4268392.1387034645 -3641.072756297935 -6384.471545939496 -1221.764718646047
-4586619.451085304 1798372.50702759 4267167.298095821 -3635.4369210429313 -6386.515748042072 -1227.916207140061
-4590252.068029431 1791984.9726419502 4265936.30686964 -3629.7961441555926 -6388.551637631609 -1234.0659542688772
-4593879.041728613 1785595.4065239113 4264699.166770647 -3624.1504322588903 -6390.57921246779 -1240.2139513086393
-4597500.367251156 1779203.8169893427 4263455.879553293 -3618.4997919823345 -6392.598470320394 -1246.3601895376212
-4601116.039671997 1772810.2123563387 4262206.446980748 -3612.84422996197 -6394.6094089692915 -1252.504660236239
-4604726.054072713 1766414.600945209 4260950.870824903 -3607.183752840369 -6396.612026204452 -1258.647354687061
-4608330.405541526 1760016.9910784678 4259689.152866363 -3601.518367266626 -6398.606319825945 -1264.7882641748192
-4611929.089173313 1753617.391080825 4258421.294894447 -3595.848079896354 -6400.592287643945 -1270.9273799864213
-4615522.100069608 1747215.8092791743 4257147.298707185 -3590.1728973916784 -6402.569927478732 -1277.0646934109593
-4619109.433338608 1740812.2540025853 4255867.166111324 -3584.4928264212294 -6404.539237160695 -1283.200195739723
-4622691.084095186 1734406.7335822908 4254580.898922308 -3578.80787366014 -6406.500214530335 -1289.3338782662092
-4626267.047460891 1727999.2563516789 4253288.498964295 -3573.118045790039 -6408.452857438272 -1295.4657322861335
-4629837.318563959 1721589.8306462816 4251989.968070139 -3567.4233494990444 -6410.397163745242 -1301.5957490974413
-4633401.892539314 1715178.4648037655 4250685.308081402 -3561.7237914817592 -6412.333131322105 -1307.7239200003182
-4636960.764528581 1708765.1671639208 4249374.520848339 -3556.019378439267 -6414.260758049844 -1313.8502362972022
-4640513.929680087 1702349.946068652 4248057.608229907 -3550.3101170791238 -6416.180041819571 -1319.9746892927935
-4644061.383148871 1695932.8098619676 4246734.572093752 -3544.5960141153555 -6418.090980532529 -1326.097270294067
-4647603.120096689 1689513.7668899691 4245405.414316215 -3538.8770762684503 -6419.993572100095 -1332.217970610281
-4651139.135692022 1683092.8255008424 4244070.136782323 -3533.1533102653543 -6421.887814443782 -1338.336781552991
-4654669.425110078 1676669.9940448462 4242728.741385795 -3527.424722839465 -6423.773705495248 -1344.4536944360584
-4658193.983532807 1670245.2808743026 4241381.230029033 -3521.691320730628 -6425.65124319629 -1350.5687005756638
-4661712.806148895 1663818.694343587 4240027.604623119 -3515.953110685128 -6427.520425498853 -1356.6817912903157
-4665225.888153782 1657390.242809117 4238667.867087821 -3510.210099455688 -6429.3812503650315 -1362.7929579008633
-4668733.224749665 1650959.9346293448 4237302.019351577 -3504.4622938014595 -6431.233715767074 -1368.902191730507
-4672234.811145498 1644527.7781647437 4235930.06335151 -3498.7097004880184 -6433.0778196873825 -1375.0094841048094
-4675730.642557011 1638093.7817778 4234552.00103341 -3492.952326287361 -6434.913560118522 -1381.114826351707
-4679220.714206703 1631657.9538330024 4233167.834351739 -3487.1901779778973 -6436.740935063216 -1387.2182098015205
-4682705.021323858 1625220.3026968318 4231777.565269629 -3481.4232623444445 -6438.559942534358 -1393.3196257869656
-4686183.559144546 1618780.8367377508 4230381.195758876 -3475.6515861782227 -6440.370580555004 -1399.419065643166
-4689656.322911635 1612339.5643261948 4228978.727799941 -3469.87515627685 -6442.172847158388 -1405.5165207076625
-4693123.307874789 1605896.4938345596 4227570.163381945 -3464.093979444336 -6443.966740387914 -1411.6119823204249
-4696584.509290484 1599451.633637193 4226155.50450267 -3458.3080624910767 -6445.752258297167 -1417.7054418238636
-4700039.922422004 1593004.9921103844 4224734.753168553 -3452.5174122338476 -6447.529398949913 -1423.79689056284
-4703489.542539457 1586556.5776323543 4223307.911394685 -3446.722035495801 -6449.298160420102 -1429.8863198846782
-4706933.364919777 1580106.398583244 4221874.981204806 -3440.9219391064566 -6451.0585407918725 -1435.9737211391762
-4710371.38484673 1573654.4633451058 4220435.964631311 -3435.1171299017 -6452.810538159553 -1442.059085678616
-4713803.5976109225 1567200.780301892 4218990.863715237 -3429.307614723775 -6454.554150627667 -1448.1424048577765
-4717229.998509803 1560745.3578394458 4217539.680506265 -3423.4934004212764 -6456.289376310934 -1454.2236700339429
-4720650.582847675 1554288.2043454906 4216082.417062718 -3417.6744938491493 -6458.0162133342765 -1460.3028725669196
-4724065.345935699 1547829.3282096195 4214619.075451559 -3411.850901868679 -6459.734659832818 -1466.3800038190402
-4727474.283091899 1541368.7378232852 4213149.657748386 -3406.022631347487 -6461.444713951892 -1472.455055155179
-4730877.389641172 1534906.4415797903 4211674.166037432 -3400.189689159525 -6463.146373847039 -1478.5280179427627
-4734274.66091529 1528442.4478742771 4210192.60241156 -3394.352082185071 -6464.839637684017 -1484.5988835517808
-4737666.092252908 1521976.7651037166 4208704.968972263 -3388.5098173107212 -6466.524503638799 -1490.6676433547977
-4741051.678999575 1515509.4016668985 4207211.26782966 -3382.6629014293867 -6468.200969897574 -1496.7342887269635
-4744431.416507731 1509040.3659644215 4205711.501102493 -3376.811341440286 -6469.869034656765 -1502.798811046025
-4747805.300136722 1502569.666398683 4204205.670918126 -3370.95514424894 -6471.5286961230095 -1508.8612016923378
-4751173.325252798 1496097.3113738683 4202693.779412539 -3365.094316767168 -6473.179952513183 -1514.921452048876
-4754535.48722913 1489623.30929594 4201175.828730329 -3359.22886591308 -6474.822802054391 -1520.9795535012456
-4757891.781445808 1483147.6685726303 4199651.821024707 -3353.358798611072 -6476.457242983977 -1527.0354974376946
-4761242.203289847 1476670.3976134274 4198121.758457494 -3347.4841217918174 -6478.083273549522 -1533.089275249123
-4764586.748155198 1470191.5048295672 4196585.64319912 -3341.604842392243 -6479.7008920088065 -1539.1408783290856
-4767925.411442753 1463710.9986340227 4195043.477428615 -3335.7209673554935 -6481.310096629757 -1545.19029807379
-4771258.188560347 1457228.8874414945 4193495.263333617 -3329.8325036309225 -6482.910885690445 -1551.2375258821048
-4774585.07492277 1450745.1796683997 4191941.0031103618 -3323.939458174086 -6484.503257479086 -1557.2825531555704
-4777906.065951771 1444259.8837328616 4190380.6989636826 -3318.0418379467333 -6486.0872102940375 -1563.3253712984092
-4781221.157076062 1437773.0080547004 4188814.3531070063 -3312.139649916803 -6487.662742443803 -1569.3659717175358
-4784530.343731328 1431284.561055423 4187241.967762352 -3306.2329010584167 -6489.229852247029 -1575.4043458225674
-4787833.621360229 1424794.5511582128 4185663.545160328 -3300.3215983518717 -6490.7885380325115 -1581.4404850258343
-4791130.98541241 1418302.9867879183 4184079.0875401287 -3294.4057487836326 -6492.338798139192 -1587.4743807423902
-4794422.431344505 1411809.8763710444 4182488.5971495328 -3288.4853593463276 -6493.880630916157 -1593.5060243900216
-4797707.954620145 1405315.2283357428 4180892.076244898 -3282.5604370387405 -6495.414034722647 -1599.5354073892595
-4800987.550709961 1398819.0511118 4179289.5270911623 -3276.6309888658025 -6496.939007928046 -1605.5625211633885
-4804261.215091593 1392321.3531306274 4177680.9519618377 -3270.6970218385895 -6498.455548911888 -1611.5873571384584
-4807528.943249693 1385822.1428252535 4176066.353139009 -3264.758542974312 -6499.963656063859 -1617.6099067432924
-4810790.730675937 1379321.428630311 4174445.732913331 -3258.8155592963103 -6501.463327783794 -1623.6301614094996
-4814046.572869024 1372819.2189820274 4172819.093584025 -3252.8680778340463 -6502.954562481679 -1629.6481125714834
-4817296.465334688 1366315.5223182153 4171186.437458877 -3246.916105623099 -6504.437358577653 -1635.6637516664532
-4820540.403585701 1359810.3470782626 4169547.7668542345 -3240.959649705156 -6505.911714502005 -1641.677070134434
-4823778.383141878 1353303.701703122 4167903.084095003 -3234.9987171280077 -6507.37762869518 -1647.688059418276
-4827010.399530088 1346795.5946352996 4166252.3915146445 -3229.03331494554 -6508.8350996077725 -1653.696710963666
-4830236.4482842535 1340286.0343188469 4164595.6914551724 -3223.063450217728 -6510.284125700533 -1659.7030162191368
-4833456.5249453625 1333775.0291993488 4162932.9862671522 -3217.089130010631 -6511.724705444365 -1665.7069666360778
-4836670.625061472 1327262.5877239145 4161264.2783096954 -3211.110361396382 -6513.156837320327 -1671.7085536687446
-4839878.744187713 1320748.7183411673 4159589.5699504577 -3205.127151453185 -6514.580519819634 -1677.7077687742703
-4843080.877886298 1314233.429501234 4157908.8635656354 -3199.1395072653054 -6515.995751443655 -1683.7046034126745
-4846277.021726526 1307716.729655735 4156222.1615399662 -3193.1474359230647 -6517.402530703912 -1689.6990490468738
-4849467.171284791 1301198.6272577741 4154529.466266721 -3187.1509445228335 -6518.800856122089 -1695.6910971426926
-4852651.322144586 1294679.130761928 4152830.780147704 -3181.1500401670255 -6520.190726230023 -1701.6807391688724
-4855829.469896508 1288158.248624237 4151126.105593249 -3175.1447299640895 -6521.572139569707 -1707.6679665970826
-4859001.610138269 1281635.9893021942 4149415.445022218 -3169.135021028503 -6522.945094693296 -1713.65277090193
-4862167.738474695 1275112.3612547356 4147698.8008619943 -3163.1209204807674 -6524.309590163097 -1719.6351435609693
-4865327.850517736 1268587.3729422293 4145976.1755484845 -3157.102435447397 -6525.665624551577 -1725.6150760547134
-4868481.9418864725 1262061.0328264663 4144247.571526112 -3151.0795730609175 -6527.013196441363 -1731.5925598666433
-4871630.00820712 1255533.3493706493 4142512.9912478165 -3145.052340459855 -6528.352304425238 -1737.5675864832178
-4874772.045113036 1249004.331039384 4140772.437175048 -3139.020744788731 -6529.682947106146 -1743.5401473938841
-4877908.048244725 1242473.9862986673 4139025.911777767 -3132.984793198057 -6531.005123097187 -1749.5102340910876
-4881038.013249844 1235942.3236158786 4137273.4175344384 -3126.944492844325 -6532.318831021621 -1755.4778380702828
-4884161.935783213 1229409.3514597686 4135514.9569320325 -3120.899850890002 -6533.624069512872 -1761.442950829942
-4887279.811506813 1222875.0783004495 4133750.532466018 -3114.850874503524 -6534.920837214515 -1767.4055638715663
-4890391.636089801 1216339.512609385 4131980.146640361 -3108.79757085929 -6536.209132780292 -1773.3656686996949
-4893497.405208507 1209802.66285938 4130203.8019675207 -3102.7399471376493 -6537.488954874102 -1779.3232568219166
-4896597.114546445 1203264.5375245702 4128421.500968449 -3096.678010524903 -6538.760302170005 -1785.278319748878
-4899690.759794323 1196725.145080412 4126633.2461725837 -3090.611768213293 -6540.02317335222 -1791.230848994294
-4902778.336650038 1190184.4940036729 4124839.0401178487 -3084.5412274009936 -6541.277567115125 -1797.1808360749592
-4905859.840818692 1183642.5927724205 4123038.885350649 -3078.4663952921082 -6542.523482163261 -1803.1282725107565
-4908935.2680125935 1177099.4498660134 4121232.7844258677 -3072.3872790966616 -6543.760917211328 -1809.0731498246673
-4912004.613951262 1170555.07376509 4119420.7399068647 -3066.3038860305915 -6544.989870984188 -1815.0154595427819
-4915067.874361438 1164009.472951559 4117602.754365471 -3060.216223315743 -6546.210342216861 -1820.9551931943085
-4918125.044977087 1157462.6559085883 4115778.8303819876 -3054.124298179861 -6547.422329654531 -1826.8923423115846
-4921176.121539402 1150914.6311205968 4113948.970545181 -3048.028117856585 -6548.625832052538 -1832.826898430086
-4924221.099796817 1144365.407073242 4112113.177452281 -3041.927689585442 -6549.820848176385 -1838.758853088437
-4927259.975505006 1137814.9922534109 4110271.4537089774 -3035.8230206118365 -6551.007376801736 -1844.68819782842
-4930292.74442689 1131263.3951492098 4108423.801929416 -3029.714118187048 -6552.185416714416 -1850.6149241949859
-4933319.40233265 1124710.6242499547 4106570.2247361965 -3023.6009895682214 -6553.354966710407 -1856.539023736264
-4936339.944999718 1118156.6880461597 4104710.724760368 -3017.483642018361 -6554.516025595855 -1862.460488003572
-4939354.3682128005 1111601.5950295283 4102845.304641429 -3011.362082806327 -6555.668592187071 -1868.3793085514262
-4942362.667763869 1105045.3536929418 4100973.967027319 -3005.2363192068387 -6556.812665310555 -1874.2954769375601
-4945364.839452179 1098487.9725304511 4099096.7145744204 -2999.1063585004763 -6557.948243803017 -1880.2089847229397
-4948360.879084264 1091929.4600372643 4097213.549947552 -2992.972207973677 -6559.07532651138 -1886.1198234717733
-4951350.78247395 1085369.824709738 4095324.4758199663 -2986.833874918724 -6560.193912292775 -1892.0279847515217
-4954334.545442358 1078809.0750453656 4093429.494873348 -2980.691366633744 -6561.304000014549 -1897.9334601329087
-4957312.163817909 1072247.2195427697 4091528.6097978083 -2974.544690422698 -6562.40558855426 -1903.8362411899323
-4960283.633436331 1065684.2667016888 4089621.823291884 -2968.3938535953757 -6563.49867679968 -1909.7363194998732
-4963248.950140665 1059120.225022969 4087709.1380625307 -2962.2388634673894 -6564.583263648797 -1915.6336866433069
-4966208.109781272 1052555.103008554 4085790.556825125 -2956.0797273601656 -6565.659348009814 -1921.5283342041125
-4969161.108215834 1045988.9091614733 4083866.082303454 -2949.91645260094 -6566.726928801148 -1927.4202537694848
-4972107.941309366 1039421.6519858326 4081935.7172297207 -2943.7490465227497 -6567.786004951436 -1933.309436929942
-4975048.604934219 1032853.3399868049 4079999.4643445313 -2937.5775164644283 -6568.836575399531 -1939.1958752793385
-4977983.094970084 1026283.9816706184 4078057.3263968993 -2931.4018697705965 -6569.878639094506 -1945.0795604148734
-4980911.407303998 1019713.5855445475 4076109.306144239 -2925.222113791658 -6570.9121949956525 -1950.9604839371023
-4983833.5378303565 1013142.1601169022 4074155.406352361 -2919.038255883791 -6571.937242072479 -1956.8386374499457
-4986749.48245091 1006569.7138970179 4072195.6297954726 -2912.850303408943 -6572.95377930472 -1962.7140125607013
-4989659.237074775 999996.2553952449 4070229.97925617 -2906.6582637348233 -6573.9618056823265 -1968.5866008800526
-4992562.797618438 993421.7931229386 4068258.457525438 -2900.4621442348957 -6574.961320205473 -1974.45639402208
-4995460.160005762 986846.3355924491 4066281.067402646 -2894.261952288374 -6575.952321884558 -1980.3233836042707
-4998351.320167993 980269.891317111 4064297.8116955427 -2888.0576952802116 -6576.934809740202 -1986.1875612475292
-5001236.274043765 973692.4688112332 4062308.693220256 -2881.849380601099 -6577.908782803248 -1992.0489185761878
-5004115.017579104 967114.0765900887 4060313.7148012863 -2875.637015647454 -6578.874240114766 -1997.9074472180162
-5006987.546727436 960534.7231699042 4058312.879271505 -2869.420607821417 -6579.83118072605 -2003.7631388042316
-5009853.857449591 953954.4170678499 4056306.189472151 -2863.2001645308433 -6580.77960369862 -2009.6159849695105
-5012713.945713813 947373.1668020297 4054293.6482528266 -2856.975693189295 -6581.719508104221 -2015.4659773519961
-5015567.807495759 940790.9808914702 4052275.258471494 -2850.7472012160365 -6582.650893024827 -2021.3131075933115
-5018415.438778509 934207.8678561113 4050251.022994472 -2844.514696036028 -6583.57375755264 -2027.1573673385678
-5021256.835552572 927623.8362167954 4048220.944696433 -2838.278185079916 -6584.488100790088 -2032.9987482363756
-5024091.993815889 921038.8944952574 4046185.026460398 -2832.037675784029 -6585.393921849828 -2038.8372419388545
-5026920.909573841 914453.0512141145 4044143.271177735 -2825.7931755903705 -6586.291219854747 -2044.6728401016435
-5029743.578839253 907866.3148968559 4042095.681748155 -2819.5446919466112 -6587.179993937964 -2050.5055343839117
-5032559.997632401 901278.6940678318 4040042.2610797067 -2813.292232306082 -6588.060243242825 -2056.3353164483665
-5035370.161981018 894690.1972522454 4037983.012088775 -2807.0358041277696 -6588.931966922906 -2062.162177961267
-5038174.067920299 888100.8329761401 4035917.9377000774 -2800.775414876308 -6589.7951641420195 -2067.9861105924315
-5040971.711492904 881510.6097663906 4033847.0408466593 -2794.51107202197 -6590.649834074206 -2073.807106015249
-5043763.088748968 874919.5361506927 4031770.324469891 -2788.2427830406646 -6591.49597590374 -2079.6251559066886
-5046548.195746104 868327.6206575528 4029687.7915194626 -2781.9705554139264 -6592.333588825128 -2085.440251947311
-5049327.028549411 861734.8718162774 4027599.4449533843 -2775.69439662891 -6593.162672043109 -2091.252385821277
-5052099.583231474 855141.2981569632 4025505.2877379796 -2769.4143141783843 -6593.983224772659 -2097.061549216359
-5054865.855872378 848546.9082104869 4023405.322847881 -2763.1303155607247 -6594.795246238986 -2102.867733823949
-5057625.842559708 841951.7105084949 4021299.5532660284 -2756.8424082799065 -6595.598735677534 -2108.670931339072
-5060379.539388553 835355.713583393 4019187.9819836663 -2750.5505998454973 -6596.3936923339825 -2114.471133460394
-5063126.9424615195 828758.9259683362 4017070.612000338 -2744.2548977726524 -6597.180115464245 -2120.268331890233
-5065868.047888727 822161.3561972183 4014947.446323881 -2737.9553095821047 -6597.958004334473 -2126.0625183345683
-5068602.85178782 815563.0128046621 4012818.487970427 -2731.6518428001614 -6598.727358221052 -2131.8536845030508
-5071331.350283975 808963.904326009 4010683.739964396 -2725.344504958693 -6599.488176410608 -2137.6418221090144
-5074053.539509897 802364.0392973081 4008543.2053384916 -2719.0333035951335 -6600.240458200008 -2143.4269228694857
-5076769.4156058375 795763.426255307 4006396.887133699 -2712.7182462525006 -6600.984202896436 -2149.2089785052203
-5079478.974719591 789162.0737374409 4004244.788399281 -2706.3993404794223 -6601.719409817472 -2154.9879807407383
-5082182.213006504 782559.9902818217 4002086.9121927745 -2700.076593830134 -6602.44607829111 -2160.763921304338
-5084879.126629479 775957.1844272286 3999923.2615799857 -2693.750013864472 -6603.164207655749 -2166.5367919281093
-5087569.711758981 769353.6647130973 3997753.8396349866 -2687.419608147868 -6603.873797260211 -2172.306584347943
-5090253.964573047 762749.4396795089 3995578.649440111 -2681.0853842513425 -6604.574846463734 -2178.0732903035446
-5092931.881257282 756144.5178671806 3993397.6940859533 -2674.7473497514957 -6605.267354635975 -2183.8369015384446
-5095603.458004875 749538.9078174544 3991210.9766713595 -2668.4055122305053 -6605.9513211570165 -2189.59740980001
-5098268.691016599 742932.6180722871 3989018.500303427 -2662.0598792761166 -6606.626745417372 -2195.3548068394575
-5100927.576500814 736325.6571742399 3986820.268097502 -2655.7104584816375 -6607.293626817984 -2201.1090844118626
-5103580.110673481 729718.0336664676 3984616.2831771728 -2649.357257445932 -6607.951964770228 -2206.8602342761733
-5106226.289758159 723109.7560927087 3982406.5486742654 -2643.000283773414 -6608.601758695917 -2212.6082481952208
-5108866.1099860165 716500.8329972744 3980191.067728842 -2636.63954507404 -6609.243008027306 -2218.353117935732
-5111499.567595835 709891.2729250384 3977969.8434891966 -2630.275048963302 -6609.875712207092 -2224.0948352683404
-5114126.658834012 703281.0844214266 3975742.8791118497 -2623.9068030622225 -6610.499870688419 -2229.8333919675983
-5116747.379954571 696670.2760324068 3973510.1777615463 -2617.534814997347 -6611.115482934878 -2235.5687798119875
-5119361.7272191625 690058.8563044776 3971271.7426112504 -2611.159092400738 -6611.722548420516 -2241.3009905839335
-5121969.696897075 683446.8337846582 3969027.5768421413 -2604.779642909967 -6612.321066629836 -2247.0300160698134
-5124571.2852652315 676834.2170204787 3966777.6836436098 -2598.3964741681107 -6612.911037057799 -2252.7558480599714
-5127166.4886082085 670221.0145599684 3964522.0662132553 -2592.009593823741 -6613.492459209827 -2258.478478348729
-5129755.30321823 663607.2349516462 3962260.72775688 -2585.619009530921 -6614.065332601809 -2264.197898734394
-5132337.725395175 656992.8867445097 3959993.6714884867 -2579.224728949197 -6614.629656760103 -2269.914101019279
-5134913.751446587 650377.9784880253 3957720.900630273 -2572.8267597435915 -6615.1854312215355 -2275.6270770097058
-5137483.377687678 643762.5187321169 3955442.418412629 -2566.4251095845984 -6615.732655533409 -2281.3368185160225
-5140046.60044133 637146.5160271561 3953158.2280741315 -2560.0197861481734 -6616.271329253506 -2287.043317352612
-5142603.416038108 630529.9789239514 3950868.3328615413 -2553.6107971157303 -6616.801451950087 -2292.746565337906
-5145153.820816259 623912.915973738 3948572.7360297986 -2547.198150174134 -6617.323023201897 -2298.4465542943963
-5147697.811121718 617295.3357281666 3946271.4408420194 -2540.781853015689 -6617.836042598173 -2304.1432760486455
-5150235.383308118 610677.2467392941 3943964.450569492 -2534.3619133381403 -6618.340509738634 -2309.8367224312997
-5152766.53373679 604058.6575595718 3941651.76849167 -2527.93833884466 -6618.8364242335 -2315.5268852771014
-5155291.258776772 597439.5767418358 3939333.397896171 -2521.511137243845 -6619.323785703483 -2321.213756424899
-5157809.554804813 590820.0128392965 3937009.3420787724 -2515.0803162497073 -6619.8025937797975 -2326.8973277176615
-5160321.4182053795 584199.9744055273 3934679.604343406 -2508.6458835816684 -6620.27284810416 -2332.577591002487
-5162826.84537066 577579.4699944552 3932344.1880021533 -2502.207846964552 -6620.7345483287945 -2338.254538130619
-5165325.832700568 570958.5081603491 3930003.096375245 -2495.7662141285796 -6621.187694116433 -2343.928160957453
-5167818.376602755 564337.0974578105 3927656.3327910528 -2489.320992809358 -6621.63228514032 -2349.5984513425537
-5170304.473492606 557715.2464417622 3925303.9005860863 -2482.872190747879 -6622.068321084216 -2355.2654011496634
-5172784.119793251 551092.9636674378 3922945.80310499 -2476.419815690508 -6622.495801642401 -2360.929002246715
-5175257.311935571 544470.2576903715 3920582.043700539 -2469.9638753889803 -6622.914726519674 -2366.589246505844
-5177724.0463582 537847.1370663873 3918212.6257336326 -2463.5043776003895 -6623.325095431364 -2372.246125803401
-5180184.31950753 531223.610351589 3915837.552573293 -2457.041330087185 -6623.7269081033255 -2377.8996320199626
-5182638.127837721 524599.6861023487 3913456.827596659 -2450.5747406171567 -6624.120164271923 -2383.549757040338
-5185085.467810703 517975.3728752977 3911070.4541889825 -2444.1046169633405 -6624.504863683805 -2389.196492753495
-5187526.33589618 511350.6792273149 3908678.4357436243 -2437.63096690392 -6624.881006095651 -2394.83983105248
-5189960.7285716375 504725.6137155179 3906280.77566205 -2431.1537982222126 -6625.248591274153 -2400.4797638344216
-5192388.6423223475 498100.18489725253 3903877.4773538276 -2424.6731187066607 -6625.607618996001 -2406.116283000534
-5194810.073641372 491474.40133008297 3901468.5442366195 -2418.1889361508224 -6625.9580890478865 -2411.7493804561254
-5197225.019029568 484848.27157178154 3899053.979736183 -2411.701258353366 -6626.300001226495 -2417.3790481106084
-5199633.474995599 478221.8041803192 3896633.787286361 -2405.2100931180616 -6626.633355338503 -2423.0052778775043
-5202035.438055929 471595.00771385495 3894207.9703290844 -2398.715448253774 -6626.9581512005725 -2428.6280616744525
-5204430.904734835 464967.89073072624 3891776.5323143615 -2392.217331574454 -6627.27438863935 -2434.2473914232164
-5206819.871564412 458340.4617894389 3889339.4767002785 -2385.715750899131 -6627.582067491458 -2439.863259049692
-5209202.335084576 451712.7294486571 3886896.806952993 -2379.2107140519056 -6627.881187603491 -2445.4756564839136
-5211578.291843068 445084.7022671934 3884448.52654673 -2372.702228861944 -6628.171748832016 -2451.0845756600656
-5213947.738395463 438456.388803999 3881994.6389637794 -2366.1903031634665 -6628.453751043563 -2456.6900085164857
-5216310.671305171 431827.79761815345 3879535.1476944895 -2359.6749447957427 -6628.727194114622 -2462.291946995672
-5218667.087143446 425198.9372688548 3877070.056237265 -2353.1561616030835 -6628.992077931638 -2467.8903830442923
-5221016.982489387 418569.8163154098 3874599.3680985607 -2346.633961434834 -6629.24840239101 -2473.4853086131916
-5223360.3539299425 411940.44331722363 3872123.0867928797 -2340.108352145364 -6629.496167399084 -2479.0767156573984
-5225697.198059924 405310.8268337904 3869641.2158427676 -2333.5793415940625 -6629.7353728721455 -2484.664596136131
-5228027.511481999 398680.9754246827 3867153.7587788086 -2327.046937645331 -6629.9660187364225 -2490.2489420128068
-5230351.290806706 392050.8976495422 3864660.719139621 -2320.511148168572 -6630.188104928074 -2495.8297452550482
-5232668.532652452 385420.6020680691 3862162.1004718533 -2313.9719810381853 -6630.401631393186 -2501.40699783469
-5234979.233645524 378790.09724001295 3859657.9063301804 -2307.4294441335596 -6630.606598087776 -2506.9806917277865
-5237283.390420089 372159.39172516216 3857148.1402772996 -2300.8835453390643 -6630.803004977774 -2512.5508189146185
-5239580.9996182015 365528.49408333405 3854632.805883925 -2294.3342925440425 -6630.990852039031 -2518.1173713797
-5241872.057889807 358897.41287436546 3852111.906728785 -2287.7816936428035 -6631.170139257305 -2523.6803411117867
-5244156.56189275 352266.1566581023 3849585.4463986154 -2281.225756534616 -6631.340866628261 -2529.2397201038816
-5246434.508292774 345634.7339943899 3847053.428488158 -2274.6664891236987 -6631.503034157467 -2534.795500353242
-5248705.893763532 339003.15344306314 3844515.856600156 -2268.103899319217 -6631.656641860386 -2540.347673861387
-5250970.714986585 332371.4235639365 3841972.734345347 -2261.5379950352703 -6631.801689762374 -2545.8962326341048
-5253228.968651415 325739.552916794 3839424.065342463 -2254.96878419089 -6631.9381778986735 -2551.441168681458
-5255480.651455422 319107.5500613797 3836869.8532182216 -2248.3962747100272 -6632.0661063144125 -2556.982474017793
-5257725.760103933 312475.42355738743 3834310.101607325 -2241.8204745215485 -6632.185475064593 -2562.520140661744
-5259964.291310207 305843.18196445116 3831744.8141524545 -2235.241391559228 -6632.296284214094 -2568.0541606362417
-5262196.241795439 299210.8338421349 3829173.9945042664 -2228.6590337617404 -6632.398533837659 -2573.5845259685198
-5264421.608288767 292578.38774992333 3826597.646321388 -2222.0734090726514 -6632.492224019896 -2579.1112286901216
-5266640.38752727 285945.8522472112 3824015.7732704114 -2215.4845254404145 -6632.577354855273 -2584.6342608369064
-5268852.576255985 279313.23589329404 3821428.3790258924 -2208.89239081836 -6632.653926448114 -2590.153614449056
-5271058.1712278975 272680.5472473582 3818835.467270343 -2202.2970131646925 -6632.721938912598 -2595.669281571087
-5273257.169203958 266047.79486847064 3816237.04169423 -2195.6984004425667 -6632.781392373006 -2601.1812542519524
-5275449.566953082 259414.987315569 3813633.105995968 -2189.096560620232 -6632.832286964187 -2606.6895245452347
-5277635.361252155 252782.1331474506 3811023.6638819156 -2182.4915016710584 -6632.87462283165 -2612.194084509193
-5279814.54888604 246149.24092276196 3808408.7190663717 -2175.8832315735262 -6632.908400131571 -2617.6949262067774
-5281987.12664758 239516.3191999881 3805788.2752715684 -2169.271758311222 -6632.933619030796 -2623.1920417056417
-5284153.0913376035 232883.37653744186 3803162.336227669 -2162.657089872829 -6632.9502797068435 -2628.6854230781564
-5286312.439764931 226250.42149325315 3800530.905672762 -2156.0392342521213 -6632.958382347919 -2634.1750624014217
-5288465.168746379 219617.46262535843 3797893.9873528555 -2149.4181994479554 -6632.957927152909 -2639.660951757282
-5290611.275106766 212984.5084914899 3795251.585021875 -2142.793993464265 -6632.948914331391 -2645.143083232339
-5292750.755678917 206351.56764916482 3792603.7024416546 -2136.1666243100517 -6632.931344103643 -2650.6214489179642
-5294883.607303667 199718.64865567477 3789950.3433819367 -2129.53609999938 -6632.9052167006375 -2656.096040910313
-5297009.826829868 193085.76006807512 3787291.511620365 -2122.9024285513665 -6632.870532364057 -2661.5668513103374
-5299129.411114397 186452.91044317413 3784627.2109424784 -2116.265617990178 -6632.827291346294 -2667.0338722238002
-5301242.357022155 179820.1083375223 3781957.4451417094 -2109.625676345017 -6632.775493910458 -2672.4970957612886
-5303348.661426072 173187.36230740172 3779282.218019376 -2102.982611650121 -6632.715140330377 -2677.9565140382274
-5305448.321207119 166554.6809088152 3776601.53338468 -2096.336431944751 -6632.646230890607 -2683.4121191748914
-5307541.333254307 159922.07269747573 3773915.395054698 -2089.6871452731857 -6632.5687658864335 -2688.8639032964206
-5309627.694464693 153289.54622879557 3771223.8068543817 -2083.034759684714 -6632.482745623882 -2694.311858532833
-5311707.401743389 146657.1100578756 3768526.7726165485 -2076.379283233627 -6632.388170419715 -2699.755977019038
-5313780.452003559 140024.77273949457 3765824.29618188 -2069.7207239792106 -6632.285040601443 -2705.196250894851
-5315846.842166433 133392.5428280984 3763116.381398914 -2063.059089985738 -6632.173356507327 -2710.6326723050047
-5317906.569161306 126760.42887778928 3760403.0321240416 -2056.3943893224614 -6632.053118486387 -2716.0652333991657
-5319959.629925545 120128.43944231504 3757684.2522215024 -2049.726630063607 -6631.9243268984 -2721.493926331945
-5322006.021404594 113496.58307505837 3754960.0455633784 -2043.055820288364 -6631.786982113914 -2726.918743262916
-5324045.740551978 106864.86832902601 3752230.4160295893 -2036.3819680808792 -6631.6410845142445 -2732.339676356623
-5326078.784329308 100233.30375683797 3749495.3675078875 -2029.7050815302482 -6631.486634491487 -2737.756717782599
-5328105.149706288 93601.89791071684 3746754.9038938554 -2023.0251687305079 -6631.323632448516 -2743.169859715377
-5330124.833660718 86970.65934247685 3744009.029090895 -2016.342237780629 -6631.152078798994 -2748.579094334504
-5332137.8331785 80339.59660351326 3741257.7470102287 -2009.6562967845082 -6630.971973967374 -2753.9844138245576
-5334144.1452536415 73708.71824479144 3738501.061570892 -2002.9673538509605 -6630.783318388908 -2759.3858103751563
-5336143.766888261 67078.0328168361 3735738.9766997267 -1996.2754170937108 -6630.586112509649 -2764.783276180974
-5338136.695092593 60447.54886972051 3732971.4963313784 -1989.5804946313863 -6630.380356786454 -2770.1768034417564
-5340122.926884997 53817.27495305568 3730198.6244082903 -1982.8825945875087 -6630.166051686997 -2775.566384362331
-5342102.459291952 47187.219615979506 3727420.364880698 -1976.1817250904865 -6629.943197689764 -2780.952011152625
-5344075.289348071 40557.39140714603 3724636.721706624 -1969.4778942736064 -6629.711795284066 -2786.3336760276743
-5346041.414096104 33927.79887471457 3721847.698851875 -1962.7711102750015 -6629.471844969957 -2791.7113712076084
-5348000.830586941 27298.4505663392 3719053.3002900328 -1956.0613812375032 -6629.223347257768 -2797.08508891746
-5349953.535879614 20669.355029158676 3716253.530002454 -1949.3487153085493 -6628.966302667818 -2802.454821387055
-5351899.52704131 14040.520809786442 3713448.391978261 -1942.6331206401728 -6628.7007117304 -2807.820560851017
-5353838.801147366 7411.956454300663 3710637.8902143408 -1935.9146053889958 -6628.426574985779 -2813.182299548772
-5355771.355281279 783.6705082342628 3707822.028715337 -1929.1931777162206 -6628.143892984179 -2818.540029724557
-5357697.186534712 -5844.328483435047 3705000.811493649 -1922.4688457876225 -6627.852666285793 -2823.8937436274264
-5359616.292007493 -12472.031976294724 3702174.2425694223 -1915.7416177735427 -6627.552895460766 -2829.24343351126
-5361528.668807623 -19099.431426507344 3699342.3259705473 -1909.0115018488812 -6627.244581089197 -2834.5890916347685
-5363434.314051281 -25726.518290820568 3696505.0657326523 -1902.2785061930886 -6626.927723761134 -2839.9307102615035
-5365333.224862827 -32353.284026577065 3693662.465899101 -1895.5426389901595 -6626.602324076569 -2845.2682816598613
-5367225.398374808 -38979.72009172447 3690814.5305209844 -1888.8039084286243 -6626.268382645433 -2850.601798103093
-5369110.831727963 -45605.817944825314 3687961.2636571205 -1882.0623227015421 -6625.9259000875945 -2855.9312518693096
-5370989.522071224 -52231.56904506697 3685102.669374044 -1875.317890006494 -6625.574877032852 -2861.2566352414888
-5372861.466561723 -58856.964852271565 3682238.7517460063 -1868.5706185455754 -6625.215314120933 -2866.5779405074836
-5374726.662364796 -65481.99682690594 3679369.5148549676 -1861.8205165253878 -6624.847212001487 -2871.8951599600286
-5376585.10665399 -72106.65643009152 3676494.9627905926 -1855.0675921570328 -6624.47057133408 -2877.2082858967456
-5378436.796611065 -78730.93512361424 3673615.0996502456 -1848.3118536561044 -6624.085392788197 -2882.5173106201532
-5380281.7294259975 -85354.8243699345 3670729.929538987 -1841.5533092426813 -6623.691677043231 -2887.8222264376723
-5382119.902296987 -91978.31563219705 3667839.456569568 -1834.7919671413194 -6623.289424788478 -2893.123025661632
-5383951.31243046 -98601.40037424088 3664943.6848624228 -1828.0278355810458 -6622.878636723139 -2898.4197006092772
-5385775.957041074 -105224.07006060911 3662042.6185456673 -1821.26092279535 -6622.45931355631 -2903.712243602778
-5387593.833351721 -111846.31615655895 3659136.261755093 -1814.4912370221782 -6622.031456006982 -2909.000646969232
-5389404.938593536 -118468.13012807148 3656224.618634161 -1807.7187865039248 -6621.595064804031 -2914.2849030406746
-5391209.270005896 -125089.50344186166 3653307.693333998 -1800.9435794874255 -6621.150140686221 -2919.5650041540853
-5393006.824836428 -131710.42756538812 3650385.4900133917 -1794.165624223951 -6620.696684402192 -2924.840942651392
-5394797.600341014 -138330.89396686308 3647458.0128387855 -1787.3849289691989 -6620.234696710461 -2930.1127108794813
-5396581.59378379 -144950.8941152622 3644525.265984272 -1780.601501983286 -6619.764178379415 -2935.3803011902023
-5398358.802437158 -151570.41948033447 3641587.253631592 -1773.8153515307429 -6619.285130187308 -2940.643705940375
-5400129.223581785 -158189.4615326121 3638643.9799701246 -1767.0264858805053 -6618.797552922255 -2945.902917491798
-5401892.854506611 -164808.01174342027 3635695.449196886 -1760.2349133059079 -6618.30144738223 -2951.1579282112507
-5403649.692508848 -171426.06158488712 3632741.6655165222 -1753.4406420846765 -6617.79681437506 -2956.408730470506
-5405399.734893992 -178043.6025299535 3629782.6331413058 -1746.6436804989216 -6617.283654718417 -2961.655316646332
-5407142.978975819 -184660.62605238293 3626818.3562911297 -1739.8440368351348 -6616.761969239838 -2966.8976791205096
-5408879.422076399 -191277.12362677135 3623848.839193503 -1733.0417193842452 -6616.231758776954 -2972.135810279943
-5410609.061526092 -197893.08672855765 3620874.086083544 -1726.2367364416846 -6615.6930241777645 -2977.369702516796
-5412331.894663553 -204508.50683403382 3617894.1012039776 -1719.4290963073875 -6615.145766300677 -2982.599348228516
-5414047.918835744 -211123.37542035553 3614908.8888051277 -1712.6188072857838 -6614.589986014502 -2987.824739817845
-5415757.131397933 -217737.68396555245 3611918.4531449135 -1705.8058776857915 -6614.025684198457 -2993.0458696928313
-5417459.529713694 -224351.42394853864 3608922.798488843 -1698.9903158208076 -6613.452861742166 -2998.262730266839
-5419155.111154924 -230964.586849123 3605921.9291100074 -1692.1721300087013 -6612.871519545659 -3003.4753139585596
-5420843.873101836 -237577.16414801966 3602915.8492890787 -1685.351328571806 -6612.28165851938 -3008.683613192024
-5422525.812942968 -244189.1473268584 3599904.5633143 -1678.5279198369099 -6611.6832795841765 -3013.887620396611
-5424200.928075187 -250800.5278681951 3596888.0754814837 -1671.7019121352503 -6611.076383671311 -3019.0873280070605
-5425869.215903694 -257411.29725552196 3593866.390094004 -1664.873313802504 -6610.460971722457 -3024.282728463483
-5427530.673842028 -264021.44697327825 3590839.511462793 -1658.0421331787811 -6609.837044689696 -3029.4738142113706
-5429185.299312068 -270630.9685068605 3587807.4439063338 -1651.2083786086143 -6609.204603535528 -3034.6605777016084
-5430833.089744044 -277239.85334263276 3584770.1917506573 -1644.3720584409532 -6608.563649232864 -3039.8430113904865
-5432474.042576535 -283848.09296793747 3581727.759329334 -1637.5331810291564 -6607.914182765031 -3045.021107739708
-5434108.155256473 -290455.6788711053 3578680.1509834696 -1630.6917547309818 -6607.256205125772 -3050.1948592164026
-5435735.425239155 -297062.6025414662 3575627.3710617013 -1623.84778790858 -6606.589717319246 -3055.3642582931366
-5437355.849988239 -303668.85546935914 3572569.423920191 -1617.0012889284856 -6605.914720360029 -3060.5292974479235
-5438969.42697575 -310274.4291461433 3569506.3139226185 -1610.1522661616095 -6605.231215273116 -3065.6899691642348
-5440576.15368209 -316879.31506420765 3566438.045440179 -1603.3007279832311 -6604.53920309392 -3070.846265931012
-5442176.02759604 -323483.50471698196 3563364.622851575 -1596.4466827729898 -6603.838684868275 -3075.998180242677
-5443769.046214755 -330086.98959894705 3560286.050543012 -1589.590138914876 -6603.129661652434 -3081.145704599142
-5445355.2070437865 -336689.76120566047 3557202.3329081866 -1582.731104811218 -6602.41213457137 -3086.2888315330606
-5446934.507597108 -343291.81103388837 3554113.4743482214 -1575.86958889582 -6601.686104874498 -3091.4275536360747
-5448506.945397109 -349893.1305815709 3551019.479271684 -1569.0055995684843 -6600.951573662885 -3096.561863431368
-5450072.517974576 -356493.71134774183 3547920.3520946205 -1562.1391452302978 -6600.208542035429 -3101.6917534417835
-5451631.222868701 -363093.5448325392 3544816.097240553 -1555.270234286656 -6599.457011101453 -3106.8172161957154
-5453183.057627084 -369692.6225372155 3541706.71914047 -1548.3988751472555 -6598.696981980709 -3111.938244227117
-5454728.019805735 -376290.9359641481 3538592.2222328265 -1541.5250762260853 -6597.928455803376 -3117.054830075514
-5456266.106969081 -382888.4766168499 3535472.6109635322 -1534.648845941419 -6597.151433710063 -3122.1669662860136
-5457797.316689971 -389485.23599997954 3532347.889785951 -1527.7701927158057 -6596.365916851809 -3127.2746454093167
-5459321.646549676 -396081.20561935194 3529218.063160891 -1520.8891249760504 -6595.571906390027 -3132.3778600017026
-5460839.094137896 -402676.37698194856 3526083.1355566042 -1514.005651153154 -6594.769403496284 -3137.476602624934
-5462349.6570527665 -409270.74159592733 3522943.1114487755 -1507.1197796822821 -6593.958409352195 -3142.570865846216
-5463853.3329008585 -415864.29097063304 3519797.9953205218 -1500.2315190027562 -6593.138925149422 -3147.660642238204
-5465350.119297184 -422457.01661660685 3516647.791662383 -1493.3408775580476 -6592.310952089665 -3152.745924379012
-5466840.013865202 -429048.9100455969 3513492.5049723196 -1486.4478637957689 -6591.474491384663 -3157.8267048522202
-5468323.014236821 -435639.962770568 3510332.139755705 -1479.5524861676663 -6590.629544256193 -3162.9029762468826
-5469799.118052402 -442230.16630571167 3507166.700525321 -1472.6547531296137 -6589.776111936063 -3167.9747311575356
-5471268.322960764 -448819.51216645644 3503996.191801352 -1465.7546731416035 -6588.914195666114 -3173.0419621842075
-5472730.62661919 -455407.9918694775 3500820.6181113794 -1458.8522546677395 -6588.0437966982145 -3178.1046619324243
-5474186.026693428 -461995.59693270706 3497639.983990377 -1451.9475061762303 -6587.16491629426 -3183.1628230132196
-5475634.520857695 -468582.31887534424 3494454.2939807037 -1445.0404361393807 -6586.277555726169 -3188.216438043142
-5477076.106794683 -475168.14921786496 3491263.5526321 -1438.1310530335854 -6585.3817162758805 -3193.265499644261
-5478510.782195566 -481753.0794820322 3488067.764501682 -1431.2193653393203 -6584.47739923535 -3198.310000444181
-5479938.544759995 -488337.1011909059 3484866.934153934 -1424.3053815411356 -6583.564605906552 -3203.349933076042
-5481359.39219611 -494920.2058688529 3481661.066160706 -1417.3891101276492 -6582.643337601473 -3208.3852901785326
-5482773.3222205425 -501502.3850415571 3478450.1651012055 -1410.470559591538 -6581.713595642108 -3213.416064395897
-5484180.332558418 -508083.6302360293 3475234.235561993 -1403.5497384295309 -6580.775381360461 -3218.4422483779417
-5485580.42094336 -514663.93298061745 3472013.2821369767 -1396.626655142402 -6579.828696098544 -3223.463834780044
-5486973.585117496 -521243.2848050165 3468787.3094274066 -1389.7013182349615 -6578.873541208369 -3228.480816263162
-5488359.822831459 -527821.6772402783 3465556.3220418687 -1382.7737362160508 -6577.909918051947 -3233.49318549384
-5489739.131844396 -534399.101818822 3462320.3245962793 -1375.8439175985322 -6576.937828001288 -3238.5009351442172
-5491111.509923964 -540975.5500744432 3459079.3217138816 -1368.9118708992842 -6575.957272438396 -3243.504057892037
-5492476.954846342 -547551.013542325 3455833.3180252356 -1361.9776046391921 -6574.968252755271 -3248.502546420653
-5493835.464396231 -554125.4837590473 3452582.3181682173 -1355.0411273431412 -6573.970770353898 -3253.4963934190378
-5495187.036366859 -560698.952262597 3449326.32678801 -1348.1024475400095 -6572.96482664625 -3258.485591581791
-5496531.668559986 -567271.4105923779 3446065.3485370995 -1341.161573762661 -6571.950423054286 -3263.470133609148
-5497869.358785905 -573842.8502892209 3442799.3880752684 -1334.2185145479373 -6570.927561009945 -3268.4500122069867
-5499200.104863449 -580413.2628953939 3439528.4500695914 -1327.2732784366503 -6569.896241955147 -3273.425220086835
-5500523.904619994 -586982.6399546114 3436252.539194429 -1320.3258739735754 -6568.856467341788 -3278.3957499658804
-5501840.755891462 -593550.9730120449 3432971.660131419 -1313.376309707451 -6567.808238631776 -3283.3615945669962
-5503150.656522326 -600118.253614333 3429685.817569478 -1306.4245941910158 -6566.751557297248 -3288.32274661886
-5504453.604365613 -606684.4733095916 3426395.016204787 -1299.4707359810268 -6565.686424820707 -3293.27919885603
-5505749.59728291 -613249.6236474243 3423099.2607407905 -1292.5147436382513 -6564.612842695017 -3298.230944018955
-5507038.633144367 -619813.6961789326 3419798.555888192 -1285.5566257274588 -6563.530812423409 -3303.17797485399
-5508320.709828699 -626376.6824567266 3416492.9063649424 -1278.5963908174128 -6562.440335519483 -3308.1202841134013
-5509595.825223193 -632938.574034935 3413182.3168962384 -1271.6340474808621 -6561.3414135072 -3313.057864555382
-5510863.97722371 -639499.3624692159 3409866.7922145166 -1264.6696042945325 -6560.234047920895 -3317.990708944059
-5512125.163734692 -646059.0393167667 3406546.3370594447 -1257.7030698391184 -6559.118240305267 -3322.9188100495076
-5513379.382669161 -652617.5961363347 3403220.95617792 -1250.734452699275 -6557.993992215382 -3327.842160647758
-5514626.631948726 -659175.0244882274 3399890.654324058 -1243.763761463608 -6556.861305216672 -3332.76075352081
-5515866.9095035875 -665731.3159343232 3396555.4362591906 -1236.7910047246673 -6555.7201808849395 -3337.6745814566384
-5517100.213272539 -672286.4620380814 3393215.306751859 -1229.8161910789374 -6554.570620806355 -3342.5836372492095
-5518326.541202976 -678840.4543645523 3389870.2705778065 -1222.8393291268287 -6553.412626577456 -3347.487913698489
-5519545.891250893 -685393.284480388 3386520.332519974 -1215.8604274726697 -6552.246199805149 -3352.3874036104526
-5520758.26138089 -691944.9439538532 3383165.497368494 -1208.879494724698 -6551.071342106711 -3357.2820997970957
-5521963.649566181 -698495.4243548347 3379805.7699206825 -1201.896539495052 -6549.888055109784 -3362.171995076448
-5523162.053788592 -705044.7172548522 3376441.1549810357 -1194.911570399762 -6548.6963404523785 -3367.0570822725795
-5524353.472038566 -711592.8142270683 3373071.657361222 -1187.9245960587425 -6547.49619978288 -3371.937354215613
-5525537.902315169 -718139.7068462997 3369697.281880077 -1180.9356250957826 -6546.287634760036 -3376.8128037417373
-5526715.342626092 -724685.3866890267 3366318.0333635965 -1173.9446661385377 -6545.070647052969 -3381.6834236932136
-5527885.790987657 -731229.8453334038 3362933.9166449322 -1166.9517278185212 -6543.845238341169 -3386.5492069183892
-5529049.24542482 -737773.0743592704 3359544.936564384 -1159.9568187710959 -6542.611410314492 -3391.4101462717067
-5530205.70397117 -744315.0653481608 3356151.097969393 -1152.9599476354651 -6541.369164673171 -3396.266234613716
-5531355.164668942 -750855.809883315 3352752.405714538 -1145.9611230546639 -6540.118503127803 -3401.1174648110828
-5532497.625569013 -757395.2995496885 3349348.8646615283 -1138.9603536755508 -6538.859427399356 -3405.963829736602
-5533633.08473091 -763933.525933963 3345940.479679196 -1131.957648148799 -6537.591939219167 -3410.805322269207
-5534761.540222812 -770470.4806245565 3342527.2556434926 -1124.9530151288875 -6536.316040328946 -3415.6419352939797
-5535882.990121556 -777006.1552116345 3339109.197437481 -1117.9464632740928 -6535.031732480769 -3420.4736617021636
-5536997.432512637 -783540.5412871192 3335686.3099513287 -1110.9380012464662 -6533.739017437006 -3425.3004943911287
-5538104.865490215 -790073.6304447002 3332258.598082304 -1103.9276377117644 -6532.437896969955 -3430.1224262641986
-5539205.2871571155 -796605.4142798448 3328826.0667347694 -1096.9153813394144 -6531.128372861675 -3434.939450230565
-5540298.695624838 -803135.8843898068 3325388.720820174 -1089.9012408025042 -6529.8104469039745 -3439.7515592052932
-5541385.089013557 -809665.0323736365 3321946.565257049 -1082.885224777777 -6528.484120898407 -3444.5587461093287
-5542464.465452124 -816192.849832191 3318499.6049710033 -1075.8673419456243 -6527.1493966562675 -3449.361003869503
-5543536.823078074 -822719.3283681434 3315047.844894714 -1068.8476009900776 -6525.806275998588 -3454.1583254185402
-5544602.160037626 -829244.4595859929 3311591.2899679244 -1061.8260105988031 -6524.454760756134 -3458.9507036950645
-5545660.47448569 -835768.2350920739 3308129.945137434 -1054.8025794630944 -6523.094852769401 -3463.738131643604
-5546711.764585868 -842290.6464945667 3304663.815357097 -1047.7773162778649 -6521.726553888609 -3468.5206022146003
-5547756.028510462 -848811.685403506 3301192.9055878124 -1040.7502297416413 -6520.349865973698 -3473.2981083644117
-5548793.2644404685 -855331.3434307922 3297717.2207975215 -1033.7213285565574 -6518.96479089433 -3478.0706430553237
-5549823.470565594 -861849.6121901994 3294236.7659611995 -1026.6906214283463 -6517.571330529875 -3482.83819925555
-5550846.645084249 -868366.4832973863 3290751.5460608494 -1019.6581170663335 -6516.169486769415 -3487.6007699392435
-5551862.786203555 -874881.9483699056 3287261.5660854997 -1012.6238241834315 -6514.759261511735 -3492.3583480865013
-5552871.892139348 -881395.9990272133 3283766.8310311935 -1005.5877514961315 -6513.340656665322 -3497.1109266833705
-5553873.961116185 -887908.626890679 3280267.345900986 -998.5499077244974 -6511.913674148361 -3501.8584987218533
-5554868.991367344 -894419.8235835953 3276763.115704937 -991.5103015921582 -6510.4783158887285 -3506.6010571999154
-5555856.981134825 -900929.5807311877 3273254.145460105 -984.4689418263022 -6509.034583823992 -3511.3385951214923
-5556837.928669363 -907437.8899606238 3269740.4401905425 -977.4258371576698 -6507.582479901403 -3516.071105496495
-5557811.832230419 -913944.7429010232 3266222.0049272883 -970.3809963205467 -6506.122006077892 -3520.7985813408154
-5558778.690086193 -920450.1311834676 3262698.8447083635 -963.3344280527573 -6504.6531643200715 -3525.5210156763337
-5559738.500513626 -926954.0464410101 3259170.964578763 -956.2861410956575 -6503.175956604223 -3530.2384015309244
-5560691.261798402 -933456.480308685 3255638.3695904515 -949.2361441941289 -6501.690384916297 -3534.9507319384625
-5561636.972234949 -939957.424423517 3252101.064802356 -942.184446096571 -6500.196451251912 -3539.65799993883
-5562575.6301264465 -946456.8704245313 3248559.0552803613 -935.1310555548957 -6498.694157616344 -3544.3601985779214
-5563507.233784828 -952954.8099527636 3245012.3460973036 -928.0759813245195 -6497.183506024527 -3549.0573209076506
-5564431.781530784 -959451.2346512693 3241460.942332963 -921.0192321643578 -6495.664498501053 -3553.749359985959
-5565349.271693767 -965946.1361651329 3237904.8490740606 -913.960816836837 -6494.137137080296 -3558.4363088768923
-5566259.70261199 -972439.5061414785 3234344.0714142486 -906.9007441079502 -6492.601423806861 -3563.1181606508567
-5567163.0726324385 -978931.3362294803 3230778.6144541055 -899.839022747271 -6491.057360735744 -3567.7949083847143
-5568059.380110866 -985421.6180803722 3227208.483301131 -892.7756615279445 -6489.50494993233 -3572.4665451617975
-5568948.623411802 -991910.3433474591 3223633.6830697376 -885.710669226679 -6487.944193472399 -3577.1330640719175
-5569830.800908553 -998397.5036861266 3220054.2188812443 -878.6440546237358 -6486.375093442121 -3581.7944582113782
-5570705.91098321 -1004883.0907538517 3216470.0958638713 -871.5758265029209 -6484.797651938065 -3586.450720682986
-5571573.952026648 -1011367.0962102133 3212881.319152732 -864.5059936515756 -6483.2118710671875 -3591.10184459606
-5572434.922438532 -1017849.5117169024 3209287.8938898267 -857.4345648605674 -6481.617752946843 -3595.747823066447
-5573288.82062732 -1024330.3289377325 3205689.825224039 -850.3615489242806 -6480.015299704781 -3600.3886492165275
-5574135.645010265 -1030809.5395386503 3202087.118311124 -843.2869546406072 -6478.404513479144 -3605.024316175231
-5574975.394013419 -1037287.1351877454 3198479.7783137066 -836.2107908109383 -6476.785396418469 -3609.6548170780457
-5575808.066071639 -1043763.1075552615 3194867.8104012725 -829.1330662401537 -6475.157950681691 -3614.2801450670286
-5576633.659628588 -1050237.448313606 3191251.2197501613 -822.0537897366136 -6473.522178438141 -3618.900293290818
-5577452.173136738 -1056710.1491373614 3187630.0115435612 -814.9729701121491 -6471.878081867546 -3623.5152549046447
-5578263.605057376 -1063181.2017032949 3184004.1909715016 -807.8906161820527 -6470.225663160028 -3628.1250230703426
-5579067.953860607 -1069650.5976903688 3180373.763230847 -800.8067367650692 -6468.564924516106 -3632.7295909563604
-5579865.218025353 -1076118.3287797514 3176738.733525291 -793.7213406833863 -6466.8958681466975 -3637.3289517377734
-5580655.396039361 -1082584.3866548268 3173099.107065347 -786.6344367626255 -6465.218496273117 -3641.923098596292
-5581438.486399207 -1089048.763001206 3169454.889068343 -779.5460338318323 -6463.532811127078 -3646.5120247202763
-5582214.487610298 -1095511.449506737 3165806.0847584186 -772.4561407234673 -6461.838814950691 -3651.0957233047448
-5582983.398186875 -1101972.4378615143 3162152.6993665127 -765.3647662733965 -6460.136509996462 -3655.6741875513862
-5583745.2166520115 -1108431.719757891 3158494.7381303594 -758.2719193208818 -6458.425898527298 -3660.2474106685722
-5584499.94153763 -1114889.2868904877 3154832.2062944807 -751.1776087085719 -6456.706982816505 -3664.8153858713667
-5585247.571384491 -1121345.1309562041 3151165.1091101808 -744.081843282493 -6454.979765147786 -3669.3781063815386
-5585988.104742208 -1127799.243654228 3147493.4518355387 -736.9846318920386 -6453.244247815243 -3673.935565427571
-5586721.540169238 -1134251.6166860475 3143817.239735402 -729.8859833899605 -6451.500433123377 -3678.487756244672
-5587447.876232902 -1140702.2417554597 3140136.478081379 -722.7859066323399 -6449.748323386911 -3683.0346720746893
-5588167.11150937 -1147151.1105685811 3136451.172151833 -715.6844104785163 -6447.987920930242 -3687.576306165803
-5588879.244583681 -1153598.2148338577 3132761.327231876 -708.5815037910614 -6446.219228087255 -3692.1126517724297
-5589584.274049731 -1160043.5462620745 3129066.948613363 -701.4771954357716 -6444.442247201312 -3696.6437021552247
-5590282.198510287 -1166487.0965663637 3125368.041594885 -694.3714942816621 -6442.656980625251 -3701.169450581086
-5590973.016576987 -1172928.8574622155 3121664.611481762 -687.2644092009602 -6440.863430721376 -3705.689890323162
-5591656.72687034 -1179368.8206674873 3117956.6635860396 -680.1559490690998 -6439.061599861457 -3710.205014660855
-5592333.3280197345 -1185806.977902413 3114244.2032264797 -673.0461227647148 -6437.251490426723 -3714.7148168798267
-5593002.81866344 -1192243.3208896122 3110527.2357285554 -665.9349391696326 -6435.4331048078575 -3719.2192902720044
-5593665.197448606 -1198677.8413541005 3106805.7664244454 -658.8224071688683 -6433.606445404994 -3723.7184281355844
-5594320.4630312715 -1205110.5310232972 3103079.8006530264 -651.7085356506185 -6431.771514627712 -3728.2122237750395
-5594968.614076365 -1211541.3816270372 3099349.3437598674 -644.5933335062552 -6429.9283148950335 -3732.700670501123
-5595609.649257706 -1217970.3848975783 3095614.4010972227 -637.4768096303196 -6428.076848635414 -3737.1837616308735
-5596243.567258013 -1224397.5325696114 3091874.978024029 -630.3589729205156 -6426.217118286742 -3741.6614904876214
-5596870.366768902 -1230822.8163802708 3088131.079905895 -623.2398322777044 -6424.349126296335 -3746.133850400992
-5597490.046490891 -1237246.2280691422 3084382.712115097 -616.1193966058979 -6422.47287512093 -3750.600834706913
-5598102.605133406 -1243667.7593782728 3080629.8800305706 -608.997674812253 -6420.5883672266855 -3755.0624367476184
-5598708.041414778 -1250087.4020521808 3076872.589037908 -601.874675807065 -6418.6956050891695 -3759.518649871655
-5599306.354062253 -1256505.1478378647 3073110.844529348 -594.7504085037624 -6416.794591193364 -3763.969467433884
-5599897.5418119915 -1262920.9884848127 3069344.6519037737 -587.6248818188998 -6414.885328033651 -3768.4148827954905
-5600481.603409071 -1269334.9157450118 3065574.0165667017 -580.4981046721525 -6412.967818113814 -3772.854889323986
-5601058.537607491 -1275746.9213729578 3061798.943930279 -573.3700859863112 -6411.042063947032 -3777.289480393215
-5601628.343170173 -1282156.997125664 3058019.4394132756 -566.2408346872746 -6409.108068055874 -3781.7186493833597
-5602191.018868969 -1288565.1347626713 3054235.508441077 -559.1103597040443 -6407.165832972299 -3786.1423896809433
-5602746.563484662 -1294971.3260460575 3050447.1564456807 -551.9786699687186 -6405.215361237642 -3790.560694678838
-5603294.975806966 -1301375.562740446 3046654.3888656865 -544.845774416487 -6403.256655402621 -3794.973557776268
-5603836.254634535 -1307777.8366130157 3042857.211146293 -537.7116819856276 -6401.289718027374 -3799.380972378846
-5604370.398774958 -1314178.1394335104 3039055.62873929 -530.5764016175241 -6399.314551681722 -3803.782931898733
-5604897.407044772 -1320576.4629742485 3035249.6471030507 -523.439942256669 -6397.3311589453015 -3808.1794297547294
-5605417.278269457 -1326972.7990101334 3031439.271702527 -516.3023128506574 -6395.3395424075725 -3812.570459372284
-5605930.011283442 -1333367.1393186625 3027624.5080092414 -509.1635223501787 -6393.339704667807 -3816.956014183503
-5606435.60493011 -1339759.4756799375 3023805.3615012825 -502.02357970900937 -6391.3316483351 -3821.336087627159
-5606934.0580618 -1346149.799876674 3019981.837663295 -494.88249388400493 -6389.315376028354 -3825.7106731486974
-5607425.369539804 -1352538.103694212 3016153.941986475 -487.74027383509264 -6387.290890376285 -3830.079764200245
-5607909.538234383 -1358924.3789205241 3012321.679968565 -480.59692852526376 -6385.258194017418 -3834.443354240618
-5608386.5630247565 -1365308.617346227 3008485.0571138426 -473.45246692056594 -6383.217289600083 -3838.8014367353303
-5608856.442799116 -1371690.8107645905 3004644.078933119 -466.3068979900954 -6381.168179782416 -3843.154005156599
-5609319.176454619 -1378070.9509715475 3000798.7509437273 -459.16023070598953 -6379.110867232352 -3847.5010529833553
-5609774.762897401 -1384449.0297657035 2996949.0786695215 -452.012474043419 -6377.045354627625 -3851.842573701251
-5610223.201042572 -1390825.0389483466 2993095.067640864 -444.8636369805803 -6374.97164465577 -3856.178560802666
-5610664.489814223 -1397198.970323458 2989236.723394622 -437.7137284986881 -6372.889740014112 -3860.509007786718
-5611098.628145424 -1403570.8156977203 2985374.051474161 -430.56275758196756 -6370.799643409771 -3864.8339081592676
-5611525.614978236 -1409940.5668805286 2981507.057429337 -423.41073321764645 -6368.701357559657 -3869.1532554329283
-5611945.449263707 -1416308.2156839995 2977635.7468164884 -416.2576643959479 -6366.594885190463 -3873.4670431270733
-5612358.129961873 -1422673.7539229814 2973760.125198434 -409.10356011008247 -6364.480229038674 -3877.775264767844
-5612763.656041771 -1429037.173415064 2969880.19814446 -401.9484293562405 -6362.3573918505535 -3882.077913888158
-5613162.02648143 -1435398.4659805885 2965995.9712303183 -394.79228113358465 -6360.226376382146 -3886.374984027716
-5613553.240267882 -1441757.6234426564 2962107.4500382165 -387.6351244442421 -6358.087185399274 -3890.6664687330103
-5613937.2963971635 -1448114.6376271402 2958214.6401568125 -380.4769682932969 -6355.939821677536 -3894.9523615573326
-5614314.193874316 -1454469.500362693 2954317.5471812086 -373.3178216887823 -6353.784288002304 -3899.232656060782
-5614683.931713393 -1460822.2034807582 2950416.176712943 -366.1576936416732 -6351.62058716872 -3903.5073458102725
-5615046.508937457 -1467172.7388155789 2946510.534359982 -358.9965931658783 -6349.448721981696 -3907.776424379542
-5615401.9245785875 -1473521.098204208 2942600.625736717 -351.8345292782329 -6347.268695255914 -3912.039885349159
-5615750.177677883 -1479867.2734865188 2938686.4564639544 -344.67151099849104 -6345.080509815825 -3916.297722306537
-5616091.267285461 -1486211.2565052127 2934768.0321689104 -337.50754734931843 -6342.884168495652 -3920.54992884594
-5616425.192460466 -1492553.039105831 2930845.3584852023 -330.3426473562842 -6340.6796741393855 -3924.7964985684935
-5616751.9522710685 -1498892.6131367637 2926918.441052844 -323.17682004785337 -6338.467029600782 -3929.0374250821887
-5617071.5457944665 -1505229.9704492593 2922987.2855182365 -316.0100744553795 -6336.246237743359 -3933.272702001893
-5617383.972116895 -1511565.1028974347 2919051.8975341646 -308.8424196130964 -6334.0173014404 -3937.502322949357
-5617689.230333622 -1517898.0023382856 2915112.282759786 -301.67386455811106 -6331.780223574941 -3941.7262815532235
-5617987.319548953 -1524228.6606316944 2911168.4468606277 -294.5044183303952 -6329.53500703978 -3945.9445714490344
-5618278.238876238 -1530557.0696404423 2907220.3955085767 -287.33408997277826 -6327.281654737466 -3950.1571862792375
-5618561.98743787 -1536883.2212302173 2903268.134381875 -280.16288853093926 -6325.0201695803025 -3954.3641196931967
-5618838.564365289 -1543207.107269625 2899311.6691651107 -272.99082305339925 -6322.750554490341 -3958.565365347199
-5619107.968798983 -1549528.7196301974 2895351.0055492134 -265.81790259151353 -6320.47281239938 -3962.7609169044617
-5619370.199888495 -1555848.0501864036 2891386.1492314446 -258.644136199464 -6318.186946248966 -3966.9507680351408
-5619625.256792423 -1562165.090815659 2887417.1059153927 -251.46953293425145 -6315.8929589903855 -3971.1349124163394
-5619873.138678426 -1568479.833398335 2883443.881310967 -244.29410185568761 -6313.5908535846675 -3975.313343732115
-5620113.844723218 -1574792.269817769 2879466.481134387 -237.11785202638774 -6311.280633002579 -3979.486055673487
-5620347.374112584 -1581102.3919602744 2875484.9111081795 -229.94079251176268 -6308.962300224622 -3983.6530419384467
-5620573.726041371 -1587410.1917151494 2871499.176961168 -222.7629323800113 -6306.635858241034 -3987.814296231963
-5620792.899713497 -1593715.6609746874 2867509.284428469 -215.58428070211258 -6304.301310051785 -3991.969812265989
-5621004.894341951 -1600018.791634187 2863515.2392514828 -208.40484655181794 -6301.95865866657 -3996.119583759474
-5621209.709148801 -1606319.5755919614 2859517.0471778875 -201.22463900564358 -6299.607907104815 -4000.263604438369
-5621407.34336519 -1612618.0047493472 2855514.7139616325 -194.04366714286266 -6297.249058395672 -4004.4018680356335
-5621597.796231342 -1618914.0710107163 2851508.24536293 -186.8619400454975 -6294.8821155780115 -4008.534368291245
-5621781.066996563 -1625207.7662834828 2847497.6471482483 -179.6794667983116 -6292.507081700415 -4012.6610989522005
-5621957.154919249 -1631499.082478116 2843482.9250903055 -172.4962564887963 -6290.123959820966 -4016.782053772392
-5622126.059266882 -1637788.0115081465 2839464.084968063 -165.31231820715612 -6287.732753006966 -4020.8972265124335
-5622287.779316037 -1644074.545290177 2835441.1325667184 -158.1276610463023 -6285.333464334889 -4025.0066109396403
-5622442.31435238 -1650358.6757438919 2831414.073677697 -150.9422941018473 -6282.926096890376 -4029.1102008280336
-5622589.663670679 -1656640.3947920648 2827382.9140986484 -143.7562264720993 -6280.510653768238 -4033.207989958345
-5622729.826574797 -1662919.6943605698 2823347.6596334376 -136.56946725805696 -6278.087138072438 -4037.2999721180227
-5622862.802377701 -1669196.566378389 2819308.316092138 -129.38202556340383 -6275.655552916102 -4041.3861411012326
-5622988.590401465 -1675471.0027776223 2815264.8892910276 -122.19391049450319 -6273.215901421506 -4045.4664907088677
-5623107.189977268 -1681742.995493496 2811217.385052577 -115.00513116039254 -6270.768186720072 -4049.5410147485486
-5623218.600445402 -1688012.536464373 2807165.8092054487 -107.81569667277823 -6268.312411952368 -4053.609707034632
-5623322.821155269 -1694279.6176317614 2803110.167584486 -100.62561614603027 -6265.8485802681 -4057.6725613882095
-5623419.851465387 -1700544.2309403229 2799050.466030707 -93.43489869717685 -6263.376694826111 -4061.7295716371195
-5623509.690743395 -1706806.3683378831 2794986.710391301 -86.24355344589912 -6260.896758794374 -4065.7807316159465
-5623592.338366051 -1713066.0217754403 2790918.906519618 -79.05158951452586 -6258.4087753499925 -4069.826035166028
-5623667.793719239 -1719323.1832071738 2786847.060275163 -71.8590160280282 -6255.912747679188 -4073.8654761354587
-5623736.056197965 -1725577.8445904546 2782771.1775235897 -64.6658421140143 -6253.408678977304 -4077.8990483790944
-5623797.125206367 -1731829.9978858526 2778691.264136693 -57.4720769027242 -6250.896572448798 -4081.9267457585584
-5623851.000157714 -1738079.6350571474 2774607.3259924045 -50.27772952702447 -6248.376431307241 -4085.9485621422446
-5623897.680474411 -1744326.7480713364 2770519.368974782 -43.08280912240301 -6245.84825877531 -4089.9644914053215
-5623937.165587995 -1750571.3288986445 2766427.398974007 -35.88732482696384 -6243.312058084783 -4093.97452742974
-5623969.454939147 -1756813.369512533 2762331.4218863733 -28.69128578142185 -6240.767832476539 -4097.978664104235
-5623994.547977689 -1763052.8618897083 2758231.443614284 -21.494701129097646 -6238.215585200554 -4101.976895324329
-5624012.444162586 -1769289.798010131 2754127.470066243 -14.297580015912345 -6235.655319515892 -4105.969214992342
-5624023.142961951 -1775524.169857026 2750019.5071568475 -7.099931590382393 -6233.087038690706 -4109.955617017392
-5624026.643853046 -1781755.969416891 2745907.560806784 0.09823499638557776 -6230.510746002266 -4113.93609531542
-5624022.946322288 -1787985.1886795047 2741791.6369428183 7.296910590700111 -6227.926444737066 -4117.910643809273
-5624012.049865248 -1794211.819637938 2737671.7414977904 14.496086036290752 -6225.334138190856 -4121.8792564287305
-5623993.953986651 -1800435.854288561 2733547.8804106065 21.695752174314016 -6222.733829668642 -4125.841927110511
-5623968.658200388 -1806657.2846310544 2729420.059626234 28.895899843359302 -6220.125522484679 -4129.798649798279
-5623936.162029508 -1812876.1026684172 2725288.2850956917 36.09651987945485 -6217.509219962474 -4133.749418442648
-5623896.465006229 -1819092.3004069768 2721152.5627760445 43.29760311607365 -6214.884925434777 -4137.69422700119
-5623849.566671931 -1825305.8698563983 2717012.898630397 50.49914038413938 -6212.25264224358 -4141.633069438437
-5623795.466577173 -1831516.803029693 2712869.2986278846 57.7011225120323 -6209.612373740113 -4145.5659397258905
-5623734.164281679 -1837725.0919432277 2708721.7687436687 64.90354032559519 -6206.964123284842 -4149.492831842025
-5623665.659354352 -1843930.728616735 2704570.314958929 72.10638464813923 -6204.307894247463 -4153.413739772293
-5623589.9513732735 -1850133.7050733212 2700414.9432608555 79.30964630044988 -6201.643690006905 -4157.328657509134
-5623507.039925702 -1856334.0133394767 2696255.659642643 86.51331610079285 -6198.971513951319 -4161.237579051975
-5623416.924608083 -1862531.6454450842 2692092.4701034813 93.71738486491988 -6196.291369478081 -4165.1404984072415
-5623319.605026047 -1868726.5934234287 2687925.3806485534 100.92184340607467 -6193.603259993785 -4169.037409588359
-5623215.080794409 -1874918.8493112065 2683754.397289023 108.12668253499878 -6190.907188914242 -4172.92830661576
-5623103.351537178 -1881108.4051485336 2679579.526042031 115.3318930599374 -6188.203159664476 -4176.813183516892
-5622984.416887555 -1887295.2529789566 2675400.772930687 122.53746578664534 -6185.49117567872 -4180.692034326219
-5622858.276487938 -1893479.3848494599 2671218.143984062 129.7433915183928 -6182.771240400414 -4184.564853085229
-5622724.929989918 -1899660.7928104769 2667031.6452371837 136.9496610559712 -6180.043357282203 -4188.431633842442
-5622584.377054293 -1905839.468915898 2662841.282731026 144.15626519769913 -6177.307529785932 -4192.292370653413
-5622436.617351057 -1912015.4052230795 2658647.062512505 151.36319473942808 -6174.563761382643 -4196.147057580739
-5622281.650559415 -1918188.593792854 2654448.9906344693 158.57044047454838 -6171.812055552572 -4199.995688694061
-5622119.476367779 -1924359.0266895387 2650247.073155696 165.7779931939949 -6169.052415785149 -4203.838258070073
-5621950.09447377 -1930526.6959809444 2646041.316140881 172.98584368625177 -6166.284845578945 -4207.674759792501
-5621773.504584221 -1936691.593738386 2641831.725660632 180.1939827373553 -6163.509348441586 -4211.505187952038
-5621589.706415182 -1942853.7120366893 2637618.3077914645 187.4024011308982 -6160.725927889703 -4215.329536646331
-5621398.699691919 -1949013.042954202 2633401.068615793 194.61108964803466 -6157.934587448943 -4219.147799979986
-5621200.484148918 -1955169.578572802 2629180.014221921 201.8200390674853 -6155.135330653956 -4222.959972064574
-5620995.059529891 -1961323.3109779062 2624955.1507040397 209.02924016554223 -6152.3281610484 -4226.76604701863
-5620782.4255877705 -1967474.2322584796 2620726.4841622184 216.238683716074 -6149.513082184931 -4230.5660189676655
-5620562.582084718 -1973622.334507044 2616494.0207023956 223.44836049053063 -6146.690097625201 -4234.3598820441675
-5620335.528792124 -1979767.6098196877 2612257.7664363747 230.65826125794862 -6143.859210939859 -4238.147630387606
-5620101.265490614 -1985910.0502960745 2608017.727481816 237.86837678495579 -6141.02042570854 -4241.92925814444
-5619859.791970045 -1992049.648039452 2603773.90996223 245.0786978357763 -6138.173745519868 -4245.704759468116
-5619611.108029514 -1998186.3951566608 2599526.3200069703 252.28921517223569 -6135.319173971453 -4249.474128519082
-5619355.213477353 -2004320.2837581434 2595274.9637512267 259.4999195537657 -6132.45671466988 -4253.237359464785
-5619092.108131138 -2010451.3059579544 2591019.847336018 266.71080173740927 -6129.586371230716 -4256.994446479679
-5618821.791817692 -2016579.453873767 2586760.976908184 273.9218524778254 -6126.7081472785 -4260.745383745227
-5618544.26437308 -2022704.7196268844 2582498.3586203814 281.13306252729416 -6123.822046446742 -4264.490165449909
-5618259.525642618 -2028827.0953422475 2578231.998631073 288.3444226357215 -6120.928072377918 -4268.228785789228
-5617967.575480872 -2034946.5731484445 2573961.903104524 295.55592355064437 -6118.026228723471 -4271.961238965708
-5617668.4137516655 -2041063.145177719 2569688.0782107934 302.76755601723534 -6115.116519143802 -4275.687519188905
-5617362.040328073 -2047176.8035659797 2565410.5301257255 309.9793107783075 -6112.198947308274 -4279.407620675411
-5617048.455092431 -2053287.5404528093 2561129.2650309466 317.1911785743195 -6109.2735168952 -4283.121537648857
-5616727.657936334 -2059395.3479814732 2556844.289113855 324.40315014338057 -6106.340231591849 -4286.829264339917
-5616399.648760642 -2065500.218298928 2552555.6085676155 331.6152162212549 -6103.399095094435 -4290.530794986316
-5616064.4274754785 -2071602.1435558319 2548263.2295911494 338.82736754136454 -6100.450111108079 -4294.226123832802
-5615721.994000236 -2077701.115906552 2543967.158389132 346.039594834776 -6097.493283346478 -4297.915245130926
-5615372.348263575 -2083797.1275091732 2539667.401171984 353.2518888301887 -6094.528615531653 -4301.598153138868
-5615015.490203433 -2089890.170525507 2535363.964155863 360.46424025393617 -6091.5561113939275 -4305.2748421214255
-5614651.4197670175 -2095980.2371210994 2531056.853562659 367.6766398299876 -6088.5757746719255 -4308.945306350015
-5614280.136910816 -2102067.3194652386 2526746.0756199877 374.8890782799498 -6085.587609112563 -4312.609540102673
-5613901.641600594 -2108151.409730964 2522431.6365611837 382.10154632306853 -6082.591618471044 -4316.267537664061
-5613515.9338114 -2114232.500095074 2518113.5426252936 389.31403467623045 -6079.587806510857 -4319.91929332546
-5613123.013527567 -2120310.582738136 2513791.8000570675 396.52653405396484 -6076.576177003774 -4323.564801384778
-5612722.880742713 -2126385.6498444923 2509466.415106957 403.73903516844484 -6073.556733729838 -4327.2040561465465
-5612315.535459747 -2132457.6936022695 2505137.3940311037 410.9515287294895 -6070.529480477365 -4330.837051921926
-5611900.977690868 -2138526.706203386 2500804.743091336 418.16400544456496 -6067.4944210429385 -4334.463783028704
-5611479.20745757 -2144592.679843562 2496468.4685551613 425.3764560187864 -6064.451559231402 -4338.084243791298
-5611050.224790643 -2150655.6067223274 2492128.576695759 432.5888711549193 -6061.400898855859 -4341.698428540756
-5610614.029730174 -2156715.4790430265 2487785.0737919724 439.8012415533809 -6058.342443737666 -4345.306331614758
-5610170.62232555 -2162772.2890128316 2483437.966128307 447.01355791224216 -6055.276197706428 -4348.9079473576185
-5609720.002635463 -2168826.0288427477 2479087.2599949175 454.2258109272285 -6052.202164599995 -4352.503270120285
-5609262.170727912 -2174876.690747622 2474732.961687607 461.4379912917219 -6049.120348264459 -4356.092294260344
-5608797.1266802 -2180924.266946151 2470375.077507817 468.650089696762 -6046.030752554146 -4359.675014142013
-5608324.870578942 -2186968.749660892 2466013.61376262 475.86209683104744 -6042.933381331617 -4363.251424136156
-5607845.402520065 -2193010.131118267 2461648.5767647154 483.0740033809374 -6039.828238467662 -4366.821518620269
-5607358.722608813 -2199048.4035485727 2457279.972832422 490.28580003045306 -6036.7153278412925 -4370.385291978496
-5606864.830959744 -2205083.5591859906 2452907.8082896704 497.4974774612786 -6033.59465333974 -4373.942738601618
-5606363.727696736 -2211115.590268593 2448532.0894659986 504.7090263527647 -6030.466218858477 -4377.493852887079
-5605855.412952992 -2217144.489038349 2444152.8226965414 511.9204373819474 -6027.33002830142 -4381.038629239138
-5605339.886871035 -2223170.247741141 2439770.0143220276 519.1317012235669 -6024.186085581114 -4384.577062069005
-5604817.149602717 -2229192.858626764 2435383.6706887716 526.3428085500723 -6021.034394618749 -4388.1091457948605
-5604287.201309217 -2235212.313948941 2430993.798148665 533.5537500316246 -6017.8749593441535 -4391.63487484186
-5603750.0421610465 -2241228.605965328 2426600.40305917 540.764516336101 -6014.707783695795 -4395.154243642134
-5603205.672338048 -2247241.7269375236 2422203.4917833162 547.9750981290975 -6011.532871620777 -4398.6672466347945
-5602654.092029403 -2253251.6691310788 2417803.070689688 555.185486073933 -6008.350227074834 -4402.173878265938
-5602095.301433629 -2259258.424815504 2413399.1461524204 562.3956708316523 -6005.159854022331 -4405.674132988654
-5601529.3007585835 -2265261.9862642786 2408991.7245511934 569.6056430610298 -6001.961756436265 -4409.168005263022
-5600956.090221466 -2271262.345754859 2404580.812271222 576.815393418573 -5998.755938298256 -4412.655489556121
-5600375.67004882 -2277259.4955686876 2400166.4157032506 584.0249125585257 -5995.542403598547 -4416.136580342032
-5599788.040476538 -2283253.4279912016 2395748.5412435466 591.2341911328714 -5992.321156336005 -4419.611272101842
-5599193.201749859 -2289244.135311841 2391327.195293893 598.4432197913372 -5989.092200518112 -4423.079559323645
-5598591.154123378 -2295231.6098240577 2386902.384261581 605.6519891813966 -5985.855540160974 -4426.541436502556
-5597981.897861038 -2301215.8438253244 2382474.1145594027 612.8604899482735 -5982.611179289305 -4429.996898140704
-5597365.433236142 -2307196.829617142 2378042.392605644 620.068712734945 -5979.359121936437 -4433.445938747242
-5596741.760531348 -2313174.5595050505 2373607.2248240802 627.2766481821455 -5976.09937214431 -4436.888552838351
-5596110.880038677 -2319149.0257986346 2369168.617643965 634.4842869283693 -5972.831933963474 -4440.324734937242
-5595472.792059513 -2325120.220811534 2364726.5775000267 641.6916196098749 -5969.556811453084 -4443.754479574164
-5594827.4969046 -2331088.1368614533 2360281.110832459 648.8986368606875 -5966.274008680902 -4447.177781286403
-5594174.9948940575 -2337052.7662701677 2355832.2240869147 656.105329312603 -5962.983529723291 -4450.594634618291
-5593515.286357366 -2343014.101363533 2351379.923714499 663.3116875951912 -5959.685378665215 -4454.005034121206
-5592848.371633381 -2348972.1344714956 2346924.2161717624 670.5177023357837 -5956.379559600097 -4457.408974353482
-5592174.251070333 -2354926.8579280977 2342465.107920694 677.723364159408 -5953.066076629217 -4460.806449879948
-5591492.925025826 -2360878.264071488 2338002.605428714 684.9286636887543 -5949.744933861416 -4464.197455271717
-5590804.393866845 -2366826.3452439266 2333536.7151686694 692.1335915441725 -5946.416135413083 -4467.581985106183
-5590108.657969756 -2372771.0937917954 2329067.4436188266 699.33813834367 -5943.079685408155 -4470.960033967014
-5589405.717720305 -2378712.5020656013 2324594.7972628637 706.5422947029095 -5939.735587978106 -4474.331596444149
-5588695.573513625 -2384650.5624199887 2320118.7825898677 713.7460512394621 -5936.383847297342 -4477.696667160494
-5587978.22575418 -2390585.267214236 2315639.406093954 720.949398708397 -5933.024468702955 -4481.055241617332
-5587253.674855659 -2396516.608813101 2311156.6742736273 728.1523278284043 -5929.657457228207 -4484.407315090137
-5586521.921241103 -2402444.579585789 2306670.5936325593 735.3548292121579 -5926.282817045345 -4487.752882206144
-5585782.965342944 -2408369.171905682 2302181.17067979 742.5568934700095 -5922.90055233401 -4491.091937598799
-5585036.807603002 -2414290.378150343 2297688.4119297233 749.758511209985 -5919.510667281231 -4494.424475907749
-5584283.448472493 -2420208.190701528 2293192.323902121 756.9596730377817 -5916.113166081419 -4497.750491778843
-5583522.888412029 -2426122.60194519 2288692.9131220947 764.1603695567646 -5912.708052936359 -4501.069979864126
-5582755.127891616 -2432033.6042714883 2284190.1861201026 771.3605913679635 -5909.295332055207 -4504.382934821832
-5581980.167390663 -2437941.1900747935 2279684.1494319397 778.5603290700694 -5905.875007654476 -4507.689351316385
-5581198.00739798 -2443845.351753698 2275174.809598734 785.759573259431 -5902.447083958036 -4510.989224018391
-5580408.648411783 -2449746.0817110217 2270662.1731669414 792.9583145300511 -5899.011565197108 -4514.282547604635
-5579612.090939696 -2455643.3723538173 2266146.2466883366 800.1565434735836 -5895.5684556102515 -4517.569316758078
-5578808.335498749 -2461537.2160933814 2261627.0367200077 807.3542506793294 -5892.117759443364 -4520.849526167849
-5577997.382615388 -2467427.6053452613 2257104.5498243505 814.5514267342325 -5888.659480949667 -4524.123170529247
-5577179.23282547 -2473314.532529259 2252578.792569064 821.7480622228767 -5885.19362438971 -4527.390244543726
-5576353.886674271 -2479197.990069441 2248049.7715271423 828.9441477274833 -5881.7201940313635 -4530.650742918911
-5575521.344716484 -2485077.970394147 2243517.4932768675 836.1396738279246 -5878.239194149941 -4533.904660368684
-5574681.6075162245 -2490954.465935994 2238981.9644018062 843.3346311017411 -5874.750629028335 -4537.151991613282
-5573834.6756470315 -2496827.469131887 2234443.1914908006 850.5290101241422 -5871.254502957033 -4540.392731379322
-5572980.54969187 -2502696.9724230235 2229901.181137963 857.7228014680043 -5867.750820234114 -4543.626874399799
-5572119.230243133 -2508562.9682549057 2225355.9399426705 864.9159957038698 -5864.2395851652545 -4546.854415414085
-5571250.717902644 -2514425.4490773426 2220807.474509556 872.1085833999463 -5860.720802063727 -4550.075349167938
-5570375.013281657 -2520284.407344462 2216255.791448504 879.3005551221044 -5857.194475250404 -4553.289670413501
-5569492.117000869 -2526139.8355147154 2211700.8973746453 886.4919014338765 -5853.660609053758 -4556.497373909306
-5568602.029690406 -2531991.726050887 2207142.7989083473 893.6826128964564 -5850.119207809863 -4559.698454420277
-5567704.75198984 -2537840.0714201005 2202581.5026752097 900.872680068697 -5846.570275862398 -4562.892906717734
-5566800.28454818 -2543684.864093827 2198017.015306058 908.0620935071098 -5843.013817562648 -4566.080725579393
-5565888.628023885 -2549526.0965478937 2193449.343436935 915.2508437658629 -5839.449837269505 -4569.261905789378
-5564969.783084858 -2555363.76126249 2188878.493709099 922.4389213967803 -5835.8783393494705 -4572.436442138211
-5564043.750408451 -2561197.8507221746 2184304.472769013 929.6263169493407 -5832.299328176661 -4575.604329422824
-5563110.5306814695 -2567028.357415886 2179727.2872683406 936.8130209706759 -5828.712808132807 -4578.765562446564
-5562170.124600172 -2572855.2738369466 2175146.9438639376 943.99902400557 -5825.118783607254 -4581.920136019193
-5561222.532870273 -2578678.592483072 2170563.449217848 951.1843165964586 -5821.517258996968 -4585.068044956891
-5560267.756206947 -2584498.30585638 2165976.8099972955 958.3688892834265 -5817.908238706539 -4588.209284082262
-5559305.795334829 -2590314.406463396 2161387.0328746783 965.5527326042077 -5814.291727148182 -4591.3438482243355
-5558336.650988015 -2596126.8868150604 2156794.124527563 972.7358370941837 -5810.667728741738 -4594.471732218574
-5557360.323910072 -2601935.7394267386 2152198.0916386764 979.9181932863827 -5807.03624791468 -4597.592930906876
-5556376.814854032 -2607740.956818227 2147598.9408959015 987.099791711479 -5803.397289102118 -4600.707439137576
-5555386.124582396 -2613542.5315137617 2142996.678992269 994.2806228977971 -5799.75085674683 -4603.815251765483
-5554388.253867141 -2619340.4560420234 2138391.3126259516 1001.4606773713172 -5796.096955299308 -4606.916363651906
-5553383.203489716 -2625134.7229361483 2133782.848500257 1008.6399456556743 -5792.435589217755 -4610.010769664667
-5552370.974241052 -2630925.324733735 2129171.293323622 1015.818418272157 -5788.76676296808 -4613.09846467809
-5551351.566921555 -2636712.253976852 2124556.653809607 1022.9960857397049 -5785.090481023902 -4616.1794435730035
-5550324.982341116 -2642495.5032120445 2119938.936676887 1030.1729385749063 -5781.4067478665365 -4619.25370123674
-5549291.22131911 -2648275.0649903435 2115318.1486492464 1037.3489672919973 -5777.7155679849975 -4622.321232563137
-5548250.2846844 -2654050.9318672717 2110694.2964555733 1044.5241624028583 -5774.01694587599 -4625.382032452527
-5547202.173275336 -2659823.0964028537 2106067.3868298517 1051.6985144170135 -5770.310886043907 -4628.436095811746
-5546146.887939761 -2665591.5511616226 2101437.4265111554 1058.872013841627 -5766.597393000824 -4631.4834175541255
-5545084.429535014 -2671356.288712625 2096804.4222436426 1066.044651181502 -5762.876471266499 -4634.523992599494
-5544014.7989279255 -2677117.301629434 2092168.3807765471 1073.2164169390776 -5759.148125368361 -4637.557815874175
-5542937.99699483 -2682874.5824901517 2087529.308864174 1080.3873016144273 -5755.412359841514 -4640.584882310982
-5541854.024621558 -2688628.1238774206 2082887.2132658917 1087.557295705256 -5751.669179228726 -4643.605186849221
-5540762.882703449 -2694377.91837843 2078242.1007461268 1094.7263897068979 -5747.918588080426 -4646.61872443469
-5539664.572145343 -2700123.958584922 2073593.9780743562 1101.8945741123139 -5744.160590954705 -4649.625490019672
-5538559.093861593 -2705866.2370932014 2068942.8520251017 1109.0618394120893 -5740.395192417304 -4652.6254785629335
-5537446.448776058 -2711604.7465041433 2064288.7293779226 1116.2281760944318 -5736.622397041616 -4655.618685029727
-5536326.637822114 -2717339.4794231984 2059631.6169174106 1123.3935746451668 -5732.842209408674 -4658.605104391787
-5535199.661942651 -2723070.428460404 2054971.5214331814 1130.5580255477378 -5729.054634107154 -4661.584731627327
-5534065.522090075 -2728797.5862303884 2050308.4497198702 1137.721519283201 -5725.25967573337 -4664.557561721035
-5532924.219226314 -2734520.945352381 2045642.4085771234 1144.8840463301533 -5721.45733889091 -4667.52358966379
-5531775.754322819 -2740240.498450217 2040973.4048095949 1152.045597164073 -5717.6476281873765 -4670.482810449989
-5530620.128360567 -2745956.2381523387 2036301.445226944 1159.206162256721 -5713.83054823153 -4673.43521907521
-5529457.342330064 -2751668.1570917987 2031626.5366438332 1166.3657320760633 -5710.006103633084 -4676.380810536006
-5528287.397231351 -2757376.2479062607 2026948.6858799278 1173.5242970862312 -5706.174299002703 -4679.319579829886
-5527110.294074008 -2763080.5032379976 2022267.8997598963 1180.6818477474837 -5702.3351389520085 -4682.251521955285
-5525926.033877154 -2768780.9157338953 2017584.185113407 1187.8383745161723 -5698.488628093578 -4685.176631911546
-5524734.617669456 -2774477.4780454533 2012897.5487751293 1194.9938678447 -5694.634771040955 -4688.094904698891
-5523536.046489129 -2780170.182828784 2008207.9975847316 1202.148318181485 -5690.773572408646 -4691.0063353184005
-5522330.321383942 -2785859.0227446156 2003515.538386881 1209.301715970923 -5686.9050368121325 -4693.910918771989
-5521117.443411223 -2791543.9904582924 1998820.178031242 1216.4540516533486 -5683.029168867872 -4696.808650062378
-5519897.413637859 -2797225.078639775 1994121.9233724761 1223.6053156649978 -5679.145973193299 -4699.69952419308
-5518670.233140306 -2802902.2799636424 1989420.7812702411 1230.7554984379694 -5675.25545440684 -4702.5835361683685
-5517435.903004587 -2808575.587109091 1984716.7585891897 1237.904590400187 -5671.357617127907 -4705.460680993259
-5516194.424326301 -2814244.99275994 1980009.8621989696 1245.0525819753611 -5667.452465976915 -4708.330953673483
-5514945.798210625 -2819910.4896046277 1975300.0989742223 1252.19946358295 -5663.540005575279 -4711.194349215468
-5513690.025772319 -2825572.0703362143 1970587.4757945826 1259.3452256381227 -5659.620240545425 -4714.050862626313
-5512427.108135729 -2831229.727652384 1965871.9995446778 1266.489858551719 -5655.693175510794 -4716.900488913767
-5511157.046434794 -2836883.4542554426 1961153.677114127 1273.6333527302122 -5651.758815095854 -4719.743223086209
-5509879.841813046 -2842533.2428523237 1956432.515397541 1280.7756985756707 -5647.817163926099 -4722.57906015262
-5508595.49542362 -2848179.0861545852 1951708.5212945207 1287.9168864857188 -5643.868226628061 -4725.407995122568
-5507304.008429254 -2853820.9768784125 1946981.701709658 1295.0569068535171 -5639.912007829403 -4728.230023006247
-5506005.382002298 -2859458.907744621 1942252.0635525323 1302.1957500687486 -5635.948512163357 -4731.045138818191
-5504699.617324706 -2865092.8714786666 1937519.6137377021 1309.3334065207387 -5631.977744282276 -4733.85333758863
-5503386.715588047 -2870722.860810672 1932784.3591846859 1316.4698665995145 -5627.999708861904 -4736.654614367143
-5502066.677993501 -2876348.8684754437 1928046.3068179425 1323.6051206959012 -5624.014410601449 -4739.448964222782
-5500739.505751852 -2881970.887212502 1923305.4635668523 1330.7391592016058 -5620.021854223568 -4742.236382244128
-5499405.200083496 -2887588.9097661003 1918561.8363656967 1337.871972509299 -5616.0220444743545 -4745.016863539359
-5498063.762218434 -2893202.92888525 1913815.4321536398 1345.0035510126972 -5612.01498612333 -4747.790403236298
-5496715.193396274 -2898812.9373237435 1909066.257874708 1352.1338851066466 -5608.0006839634325 -4750.556996482482
-5495359.494866227 -2904418.9278401784 1904314.3204777697 1359.2629651872035 -5603.979142811 -4753.316638445218
-5493996.667887107 -2910020.8931979802 1899559.6269165168 1366.3907816517183 -5599.950367505761 -4756.069324311637
-5492626.713727331 -2915618.8261654256 1894802.1841494432 1373.5173248989186 -5595.914362910818 -4758.815049288761
-5491249.633664915 -2921212.7195156664 1890041.9991398267 1380.6425853289913 -5591.871133912635 -4761.553808603554
-5489865.428987478 -2926802.5660267523 1885279.078855708 1387.766553343666 -5587.820685421021 -4764.285597502983
-5488474.100992232 -2932388.358481654 1880513.4302698704 1394.889219346298 -5583.76302236912 -4767.010411254075
-5487075.650985988 -2937970.089668288 1875745.0603598205 1402.0105737419515 -5579.698149713389 -4769.728245143972
-5485670.080285149 -2943547.7523795385 1870973.9761077673 1409.1306069374828 -5575.626072433586 -4772.4390944799925
-5484257.390215711 -2949121.339413281 1866200.184500603 1416.2493093416233 -5571.54679553275 -4775.142954589683
-5482837.5821132595 -2954690.8435724056 1861423.6925298811 1423.3666713650641 -5567.46032403719 -4777.839820820877
-5481410.65732297 -2960256.2576648397 1856644.507191798 1430.4826834205383 -5563.366662996457 -4780.529688541753
-5479976.617199603 -2965817.574503574 1851862.6354871718 1437.5973359229047 -5559.26581748334 -4783.212553140885
-5478535.463107503 -2971374.786906681 1847078.0844214212 1444.710619289229 -5555.157792593822 -4785.888410027292
-5477087.196420597 -2976927.8876973414 1842290.8610045465 1451.822523937459 -5551.042593441678 -4788.557254625839
-5475631.818522397 -2982476.8697038433 1837500.9722511284 1458.9330402772587 -5546.920225123307 -4791.2190823469355
-5474169.330806012 -2988021.725759552 1832708.425180353 1466.0421587037883 -5542.79069269467 -4793.873888566489
-5472699.734674167 -2993562.4487028676 1827913.2268160486 1473.1498695971277 -5538.65400117016 -4796.521668624722
-5471223.031539208 -2999099.0313771847 1823115.384186722 1480.2561633220034 -5534.51015552265 -4799.16241782599
-5469739.222823129 -3004631.466630849 1818314.9043255926 1487.361030227514 -5530.359160683533 -4801.796131438603
-5468248.309957582 -3010159.747317118 1813511.7942706298 1494.4644606468546 -5526.201021542771 -4804.422804694645
-5466750.294383892 -3015683.8662941176 1808706.0610645898 1501.5664448970426 -5522.035742948938 -4807.042432789794
-5465245.177553077 -3021203.816424801 1803897.7117550503 1508.6669732786422 -5517.863329709273 -4809.655010883148
-5463732.960925862 -3026719.59057691 1799086.7533944494 1515.7660360754878 -5513.683786589726 -4812.260534097049
-5462213.645972698 -3032231.1816229294 1794273.1930401204 1522.8636235544086 -5509.497118315014 -4814.858997516901
-5460687.234173776 -3037738.58244005 1789457.0377543306 1529.9597259649515 -5505.303329568674 -4817.450396191001
-5459153.727019046 -3043241.785910124 1784638.2946043164 1537.0543335391037 -5501.102424993116 -4820.034725130365
-5457613.126008238 -3048740.784919627 1779816.970662323 1544.1474364910168 -5496.89440918968 -4822.611979308551
-5456065.432650873 -3054235.5723596145 1774993.0730056404 1551.2390250167282 -5492.679286718695 -4825.1821536614925
-5454510.648466288 -3059726.1411256823 1770166.608716642 1558.3290892938835 -5488.457062099543 -4827.745243087325
-5452948.774983649 -3065212.4841179247 1765337.5848828212 1565.4176194814593 -5484.227739810716 -4830.301242446221
-5451379.813741975 -3070694.5942408936 1760506.008596831 1572.5046057194843 -5479.991324289885 -4832.850146560216
-5449803.766290153 -3076172.4644035595 1755671.886956521 1579.590038128761 -5475.747819933961 -4835.391950213044
-5448220.63418696 -3081646.0875192685 1750835.2270649767 1586.673906810588 -5471.49723109917 -4837.926648149977
-5446630.41900108 -3087115.4565057037 1745996.0360305572 1593.7562018464805 -5467.239562101117 -4840.454235077657
-5445033.122311127 -3092580.5642848425 1741154.3209669339 1600.8369132991381 -5462.974817219121 -4842.974705667706
-5443428.745705658 -3098041.403782939 1736310.0889931119 1607.9160312225774 -5458.7030007316325 -4845.488054587945
-5441817.290783173 -3103497.9679305386 1731463.3472334186 1614.9935456704775 -5454.42411694474 -4847.994276527665
-5440198.759152125 -3108950.249662507 1726614.1028174798 1622.0694466968519 -5450.138170194089 -4850.493366199411
-5438573.152430903 -3114398.2419180595 1721762.3628801978 1629.1437243561584 -5445.845164844869 -4852.98531833907
-5436940.472247849 -3119841.9376407946 1716908.1345617268 1636.2163687034104 -5441.545105291787 -4855.470127705938
-5435300.720241249 -3125281.3297787164 1712051.42500745 1643.287369794287 -5437.237995959053 -4857.947789082803
-5433653.898059328 -3130716.4112842698 1707192.2413679564 1650.356717685244 -5432.923841300357 -4860.418297276024
-5432000.007360259 -3136147.175114369 1702330.5907990166 1657.4244024336235 -5428.602645798854 -4862.881647115597
-5430339.049812155 -3141573.6142304237 1697466.4804615593 1664.490414097766 -5424.274413967131 -4865.33783345524
-5428671.0270930715 -3146995.7215983733 1692599.9175216476 1671.5547427371184 -5419.939150347196 -4867.786851172459
-5426995.940891002 -3152413.4901887123 1687730.9091504554 1678.6173784123469 -5415.596859510445 -4870.228695168625
-5425313.792903881 -3157826.9129765215 1682859.4625242427 1685.6783111854463 -5411.247546057636 -4872.663360369045
-5423624.584839578 -3163235.982941498 1677985.584824333 1692.73753111985 -5406.891214618869 -4875.090841723038
-5421928.318415899 -3168640.693067983 1673109.283237088 1699.795028280541 -5402.527869853552 -4877.511134203996
-5420224.995360586 -3174041.036344991 1668230.5649538839 1706.8507927341618 -5398.157516450381 -4879.924232809465
-5418514.617411311 -3179437.0057662427 1663349.4371710874 1713.9048145491245 -5393.780159127299 -4882.330132561207
-5416797.186315678 -3184828.5943301884 1658465.907090031 1720.9570837957212 -5389.395802631476 -4884.728828505275
-5415072.703831219 -3190215.7950400403 1653579.9819169894 1728.0075905462343 -5385.004451739273 -4887.120315712072
-5413341.171725393 -3195598.600903803 1648691.668863155 1735.0563248750457 -5380.60611125621 -4889.504589276427
-5411602.591775584 -3200977.0049343 1643800.9751446114 1742.1032768587445 -5376.200786016925 -4891.88164431765
-5409856.965769099 -3206351.000149205 1638907.9079823135 1749.1484365750389 -5371.788480881454 -4894.251475976239
-5408104.2955031665 -3211720.5795710525 1634012.4746020725 1756.1917940955286 -5367.369200712793 -4896.614079393506
-5406344.582784953 -3217085.7362272367 1629114.6822345639 1763.2333394811212 -5362.942950363024 -4898.96944969888
-5404577.8294315655 -3222446.463149998 1624214.5381153398 1770.2730627817025 -5358.509734672694 -4901.317582009264
-5402804.037270072 -3227802.7533764113 1619312.049484842 1777.3109540360156 -5354.069558470849 -4903.658471428949
-5401023.208137501 -3233154.599948375 1614407.2235884147 1784.3470032715404 -5349.622426575053 -4905.992113049555
-5399235.343880863 -3238501.995912599 1609500.067676316 1791.3812005043717 -5345.16834379142 -4908.318501949952
-5397440.446357159 -3243844.9343205937 1604590.5890037327 1798.4135357390978 -5340.707314914641 -4910.637633196196
-5395638.517433388 -3249183.408228658 1599678.7948307907 1805.4439989686778 -5336.239344728008 -4912.949501841453
-5393829.558986563 -3254517.4106978704 1594764.6924225702 1812.4725801743207 -5331.764438003449 -4915.254102925933
-5392013.572903724 -3259846.934794073 1589848.289049117 1819.4992693253614 -5327.282599501552 -4917.551431476819
-5390190.561081945 -3265171.9735878645 1584929.5919854566 1826.5240563791392 -5322.793833971596 -4919.841482508193
-5388360.52542835 -3270492.5201545865 1580008.608511607 1833.5469312808746 -5318.298146151581 -4922.124251020973
-5386523.467860123 -3275808.5675743134 1575085.3459125916 1840.5678839635457 -5313.7955407682575 -4924.3997320028375
-5384679.390304523 -3281120.1089318404 1570159.8114784532 1847.586904347766 -5309.286022537155 -4926.667920428157
-5382828.294698891 -3286427.1373166726 1565232.0125042668 1854.6039823416586 -5304.769596162616 -4928.928811257929
-5380970.182990671 -3291729.645823015 1560301.9562901533 1861.6191078407344 -5300.246266337825 -4931.182399439703
-5379105.057137415 -3297027.627549758 1555369.6501412923 1868.6322707277666 -5295.71603774484 -4933.428679907515
-5377232.919106798 -3302321.075600472 1550435.1013679362 1875.643460872667 -5291.178915054626 -4935.667647581817
-5375353.770876632 -3307609.9830833883 1545498.3172854243 1882.6526681323617 -5286.634902927087 -4937.899297369407
-5373467.614434881 -3312894.343111396 1540559.3052141955 1889.6598823506831 -5282.084006011147 -4940.123624163408
-5371574.451779668 -3318174.1488020276 1535618.0724798017 1896.66509335914 -5277.5262289472785 -4942.340622845537
-5369674.284919293 -3323449.3932774547 1530674.6264129162 1903.6682909793474 -5272.961576374583 -4944.5502882926485
-5367767.115872235 -3328720.069664487 1525728.9743493372 1910.6694650237055 -5268.390052932884 -4946.7526153786475
-5365852.946667169 -3333986.1710945778 1520781.1236299896 1917.668605295354 -5263.811663262772 -4948.947598974487
-5363931.779342971 -3339247.6907038176 1515831.0816009291 1924.6657015881128 -5259.226412005624 -4951.135233948144
-5362003.6159487255 -3344504.6216329406 1510878.8556133457 1931.6607436864258 -5254.634303803616 -4953.315515164584
-5360068.458543738 -3349756.957027324 1505924.4530235652 1938.6537213653 -5250.035343299731 -4955.488437485736
-5358126.309197547 -3355004.6900369874 1500967.881193053 1945.6446243902483 -5245.429535137785 -4957.653995770457
-5356177.169989925 -3360247.813816595 1496009.1474884178 1952.6334425172304 -5240.816883962434 -4959.812184874508
-5354221.043010897 -3365486.321525456 1491048.2592814134 1959.6201654925928 -5236.197394419191 -4961.962999650519
-5352257.930360745 -3370720.206327526 1486085.223948943 1966.6047830530106 -5231.571071154439 -4964.106434947962
-5350287.83415002 -3375949.461391407 1481120.0488730615 1973.5872849254267 -5226.937918815447 -4966.242485613121
-5348310.75649955 -3381174.0798903485 1476152.7414409798 1980.5676608269932 -5222.297942050387 -4968.371146489055
-5346326.699540453 -3386394.0550022484 1471183.3090450668 1987.5459004650104 -5217.651145508342 -4970.492412415574
-5344335.665414142 -3391609.3799096555 1466211.7590828533 1994.5219935368661 -5212.997533839325 -4972.606278229206
-5342337.65627234 -3396820.0477997675 1461238.0989570352 2001.4959297299768 -5208.337111694295 -4974.712738763165
-5340332.674277083 -3402026.0518644354 1456262.336075477 2008.4676987217254 -5203.669883725166 -4976.811788847321
-5338320.72160074 -3407227.385300161 1451284.477851215 2015.4372901794002 -5198.995854584825 -4978.903423308166
-5336301.800426017 -3412424.041308099 1446304.5317024605 2022.404693760134 -5194.315028927147 -4980.9876369687845
-5334275.912945963 -3417616.0130940606 1441322.505052604 2029.3698991108429 -5189.627411407006 -4983.064424648822
-5332243.061363992 -3422803.2938685105 1436338.4053302177 2036.3328958680495 -5184.9330066799985 -4985.13378116417
-5330203.247893884 -3427985.8768465696 1431352.2399690608 2043.2936736567417 -5180.231819399724 -4987.195701324301
-5328156.4747597985 -3433163.7552480088 1426364.0164080872 2050.2522220893334 -5175.523854215374 -4989.250179929889
-5326102.74419629 -3438336.9222972468 1421373.7420914553 2057.208530765496 -5170.809115771568 -4991.297211772576
-5324042.058448323 -3443505.3712233445 1416381.4244685355 2064.162589272062 -5166.087608708383 -4993.3367916349225
-5321974.419771277 -3448669.0952600013 1411387.0709939208 2071.1143871829286 -5161.359337661378 -4995.368914290359
-5319899.83043097 -3453828.0876455493 1406390.6891274354 2078.0639140589624 -5156.624307261615 -4997.393574503133
-5317818.2927036565 -3458982.341622949 1401392.2863341437 2085.0111594479026 -5151.882522135695 -4999.410767028265
-5315729.808876058 -3464131.8504397864 1396391.8700843598 2091.9561128842624 -5147.133986905775 -5001.420486611489
-5313634.381245365 -3469276.6073482656 1391389.4478536563 2098.898763889234 -5142.378706189601 -5003.422727989209
-5311532.012119253 -3474416.6056052074 1386385.0271228743 2105.8391019705896 -5137.616684600531 -5005.417485888451
-5309422.7038159 -3479551.8384720446 1381378.615378133 2112.7771166225843 -5132.847926747562 -5007.4047550268015
-5307306.458663991 -3484682.2992148157 1376370.2201108383 2119.7127973258575 -5128.072437235357 -5009.3845301123665
-5305183.279002742 -3489807.981104162 1371359.8488176933 2126.646133547336 -5123.290220664271 -5011.356805843719
-5303053.167181905 -3494928.8774153227 1366347.5090007063 2133.577114740132 -5118.501281630381 -5013.321576909844
-5300916.125561791 -3500044.981428132 1361333.2081672023 2140.505730343447 -5113.705624725506 -5015.278837990092
-5298772.156513273 -3505156.286427012 1356316.9538298317 2147.43196978247 -5108.903254537243 -5017.228583754123
-5296621.26241781 -3510262.7857009727 1351298.7535065797 2154.3558224682806 -5104.0941756489865 -5019.17080886186
-5294463.445667455 -3515364.4725436033 1346278.6147207767 2161.277277797747 -5099.278392639958 -5021.105507963433
-5292298.708664873 -3520461.340253071 1341256.545001108 2168.196325153425 -5094.455910085234 -5023.032675699133
-5290127.05382335 -3525553.3821321153 1336232.5518816237 2175.112953903441 -5089.626732555732 -5024.952306699312
-5287948.483566817 -3530640.591488046 1331206.6429017482 2182.027153401009 -5084.790864617345 -5026.864395583459
-5285763.000329853 -3535722.9616327337 1326178.825606293 2188.938912983667 -5079.948310829445 -5028.768936958624
-5283570.606557713 -3540800.4858826064 1321149.1075454692 2195.8482219730445 -5075.0990757446525 -5030.665925419106
-5281371.304706336 -3545873.1575586395 1316117.4962748995 2202.7550696747435 -5070.243163908859 -5032.55535554638
-5279165.097242362 -3550940.969986353 1311083.9993556314 2209.6594453782186 -5065.38057986126 -5034.437221909035
-5276951.986643152 -3556003.916495802 1306048.624354151 2216.5613383566533 -5060.511328134385 -5036.311519062704
-5274731.975396804 -3561061.990421571 1301011.3788423948 2223.460737866838 -5055.63541325412 -5038.178241550002
-5272505.066002161 -3566115.185102766 1295972.2703977632 2230.3576331490494 -5050.7528397397455 -5040.037383900457
-5270271.26096884 -3571163.4938830105 1290931.3066031341 2237.2520134269294 -5045.8636121039535 -5041.888940630444
-5268030.562817239 -3576206.910110436 1285888.4950468747 2244.1438679073563 -5040.9677348528885 -5043.732906243117
-5265782.97407856 -3581245.4271376776 1280843.8433228568 2251.0331857803267 -5036.065212486169 -5045.569275228347
-5263528.497294823 -3586279.0383218676 1275797.3590304684 2257.9199562188287 -5031.156049496916 -5047.398042062642
-5261267.1350188805 -3591307.737024626 1270749.0497746277 2264.8041683787173 -5026.240250371787 -5049.2192012090945
-5258998.889814444 -3596331.516612059 1265698.9231657963 2271.6858113985895 -5021.317819590997 -5051.032747117301
-5256723.76425609 -3601350.3704547477 1260646.9868199937 2278.5648743996585 -5016.388761628355 -5052.838674223299
-5254441.760929283 -3606364.2919277446 1255593.2483588096 2285.4413464856266 -5011.453080951286 -5054.636976949495
-5252152.882430395 -3611373.274410566 1250537.7154094183 2292.315216742559 -5006.510782020866 -5056.4276497045985
-5249857.1313667195 -3616377.311287187 1245480.3956045925 2299.1864742387584 -5001.5618692918415 -5058.210686883549
-5247554.510356488 -3621376.3959460333 1240421.2965827163 2306.055108024633 -4996.606347212666 -5059.986082867448
-5245245.022028896 -3626370.521779976 1235360.4259878001 2312.9211071325267 -4991.64422022543 -5061.753832023389
-5242928.669024113 -3631359.6821863255 1230297.7914694955 2319.7844605751507 -4986.675492762793 -5063.5139287012435
-5240605.453993306 -3636343.8705668156 1225233.4006831152 2326.6451573423087 -4981.700169241308 -5065.266367226771
-5238275.379598665 -3641323.080327588 1220167.2612896592 2333.503186400005 -4976.7182540599815 -5067.011141899983
-5235938.448513429 -3646297.304879176 1215099.380955841 2340.3585366902334 -4971.729751600301 -5068.748246995024
-5233594.663421902 -3651266.537636484 1210029.7673541121 2347.2111971307777 -4966.734666226285 -5070.477676760052
-5231244.027019487 -3656230.772018773 1204958.4281626898 2354.061156615002 -4961.733002284537 -5072.199425417132
-5228886.542012702 -3661190.0014496404 1199885.3710655817 2360.9084040116495 -4956.724764104291 -5073.91348716212
-5226522.211119211 -3666144.219357006 1194810.6037526128 2367.7529281646353 -4951.709955997468 -5075.619856164549
-5224151.037067847 -3671093.4191730917 1189734.1339194523 2374.5947178928395 -4946.688582258718 -5077.318526567518
-5221773.022598635 -3676037.5943344054 1184655.9692676386 2381.4337619899 -4941.66064716548 -5079.0094924875775
-5219388.170462822 -3680976.7382817245 1179576.117504608 2388.2700492240047 -4936.626154978022 -5080.692748014611
-5216996.483422894 -3685910.844460078 1174494.5863437194 2395.1035683376804 -4931.585109939499 -5082.368287211726
-5214597.9642526135 -3690839.906318729 1169411.3835042822 2401.934308047586 -4926.537516276 -5084.03610411513
-5212192.615737036 -3695763.9173111585 1164326.5167115836 2408.762257044301 -4921.483378196596 -5085.696192734024
-5209780.440672541 -3700682.870895048 1159239.9936969145 2415.587403992111 -4916.422699893396 -5087.348547050481
-5207361.441866856 -3705596.760532263 1154151.8221975982 2422.4097375287993 -4911.355485541595 -5088.993161019324
-5204935.622139083 -3710505.579688835 1149062.0099570157 2429.229246265431 -4906.281739299521 -5090.630028568022
-5202502.984319729 -3715409.321834946 1143970.5647246353 2436.045918786141 -4901.201465308691 -5092.259143596554
-5200063.531250729 -3720307.980444911 1138877.4942560382 2442.8597436479163 -4896.114667693856 -5093.880499977307
-5197617.265785476 -3725201.5489971614 1133782.8063129478 2449.6707093804257 -4891.021350563142 -5095.494091555036
-5195164.190788844 -3730090.0209742296 1128686.5086632557 2456.478804486893 -4885.9215180102665 -5097.09991214901
-5192704.309137218 -3734973.3898627353 1123588.609081045 2463.2840174458447 -4880.815174118468 -5098.697955556952
-5190237.623718516 -3739851.6491533774 1118489.1153466115 2470.086336711298 -4875.702322961259 -5100.2882155556845
-5187764.137432217 -3744724.7923409236 1113388.0352464844 2476.885750712583 -4870.582968602463 -5101.870685901039
-5185283.853189378 -3749592.8129241997 1108285.3765734485 2483.6822478541726 -4865.45711509626 -5103.445360327762
-5182796.773912668 -3754455.7044060817 1103181.1471265638 2490.475816515505 -4860.324766487224 -5105.012232549416
-5180302.9025363885 -3759313.4602934844 1098075.3547111873 2497.26644505081 -4855.185926810362 -5106.5712962582875
-5177802.242006499 -3764166.0740973544 1092968.0071389945 2504.054121949352 -4850.040600401865 -5108.122545452541
-5175294.795278886 -3769013.539336056 1087859.1122244203 2510.838839505803 -4844.888798989965 -5109.665981911521
-5172780.565316971 -3773855.8495399966 1082748.6777797807 2517.6205886125017 -4839.7305315644 -5111.201604543102
-5170259.555095027 -3778692.9982452127 1077636.711622026 2524.399357622694 -4834.565802224266 -5112.729407097755
-5167731.767598982 -3783524.9789918363 1072523.221574367 2531.1751348647776 -4829.394615060273 -5114.24938330576
-5165197.205826453 -3788351.7853240855 1067408.2154662933 2537.947908642132 -4824.2169741547805 -5115.761526877116
-5162655.872786761 -3793173.410790256 1062291.701133595 2544.7176672329488 -4819.032883581835 -5117.26583150145
-5160107.771500965 -3797989.848942715 1057173.686418383 2551.484398890057 -4813.84234740721 -5118.762290847915
-5157552.9050018815 -3802801.0933378898 1052054.1791691086 2558.248091840752 -4808.645369688439 -5120.250898565105
-5154991.276334116 -3807607.1375362603 1046933.1872405862 2565.008734286619 -4803.441954474859 -5121.73164828095
-5152422.888554085 -3812407.9751023543 1041810.7184940113 2571.76631440336 -4798.232105807635 -5123.204533602628
-5149847.744730038 -3817203.599604735 1036686.7807969833 2578.5208203406164 -4793.015827719809 -5124.669548116461
-5147265.847942091 -3821994.004615995 1031561.3820235259 2585.2722402214126 -4787.793124235622 -5126.12668538706
-5144677.20128225 -3826779.183712744 1026434.5300541117 2592.020562137937 -4782.563999363096 -5127.575938949243
-5142081.80785445 -3831559.1304755877 1021306.2327756975 2598.7657741473645 -4777.3284570868245 -5129.017302300102
-5139479.670774585 -3836333.838489104 1016176.4980817622 2605.5078642712283 -4772.086501367394 -5130.450768898165
-5136870.793170542 -3841103.3013418205 1011045.3338723453 2612.246820495126 -4766.838136141452 -5131.876332163232
-5134255.178182246 -3845867.512626189 1005912.7480540861 2618.9826307684293 -4761.583365321776 -5133.293985476214
-5131632.828961686 -3850626.465938562 1000778.7485402625 2625.7152830039895 -4756.322192797333 -5134.70372217897
-5129003.748672958 -3855380.1548791705 995643.3432508303 2632.444765077842 -4751.0546224333475 -5136.105535574131
-5126367.940492304 -3860128.573052096 990506.540112462 2639.171064828909 -4745.78065807136 -5137.499418924943
-5123725.407608141 -3864871.714065253 985368.3470585869 2645.8941700586997 -4740.500303529294 -5138.88536545509
-5121076.153221106 -3869609.57153036 980228.7720294305 2652.6140685310093 -4735.213562601513 -5140.263368348524
-5118420.1805440895 -3874342.1390629183 975087.8229720538 2659.330747971616 -4729.920439058882 -5141.6334207492855
-5115757.492802277 -3879069.410282189 969945.5078403944 2666.0441960679755 -4724.6209366488265 -5142.995515761338
-5113088.093233185 -3883791.378811169 964801.8345953058 2672.7544004689144 -4719.315059095392 -5144.349646448382
-5110411.9850867 -3888508.038276566 959656.8112045979 2679.461348784321 -4714.002810099297 -5145.695805833679
-5107729.17162512 -3893219.3823087793 954510.4456430778 2686.1650285848345 -4708.684193337995 -5147.033986899865
-5105039.656123191 -3897925.4045418724 949362.7458925904 2692.8654274015316 -4703.359212465728 -5148.364182588774
-5102343.441868148 -3902626.098613552 944213.7199420588 2699.562532725611 -4698.027871113579 -5149.686385801246
-5099640.532159753 -3907321.4581651427 939063.3757875264 2706.2563320080767 -4692.690172889526 -5151.000589396941
-5096930.9303103415 -3912011.4768415685 933911.7214321973 2712.9468126593915 -4687.346121378452 -5152.306786194103
-5094214.639644856 -3916696.1482913243 928758.764886479 2719.633962047631 -4681.995720139566 -5153.604968966471
-5091491.663500895 -3921375.466166448 923604.514168032 2726.3177674932463 -4676.638972698047 -5154.895130433809
-5088762.005228761 -3926049.424122483 918448.9773018251 2732.998216267034 -4671.275882542327 -5156.177263258597
-5086025.668191511 -3930718.015818445 913292.1623201935 2739.6752955896936 -4665.906453124145 -5157.45136004575
-5083282.655765008 -3935381.234916782 908134.0772628965 2746.3489926314146 -4660.5306878586425 -5158.717413342387
-5080532.9713379685 -3940039.075083339 902974.7301771754 2753.0192945114577 -4655.148590124465 -5159.975415637603
-5077776.618312015 -3944691.529987322 897814.129117811 2759.686188297737 -4649.76016326386 -5161.225359362239
-5075013.600101731 -3949338.5933012604 892652.282147183 2766.3496610063967 -4644.3654105827745 -5162.467236888646
-5072243.920134707 -3953980.258700971 887489.1973353279 2773.0096996013895 -4638.964335350949 -5163.701040530448
-5069467.581851596 -3958616.519865523 882324.882759998 2779.666290994046 -4633.556940802017 -5164.926762542307
-5066684.5887061665 -3963247.370477202 877159.3465067208 2786.3194220426485 -4628.143230133596 -5166.144395119681
-5063894.944165356 -3967872.8042214713 871992.5966688575 2792.9690795519987 -4622.723206507383 -5167.353930398579
-5061098.651709326 -3972492.81478694 866824.6413476637 2799.61525027298 -4617.296873049247 -5168.555360455319
-5058295.714831508 -3977107.3958653235 861655.4886523484 2806.2579209021255 -4611.864232849316 -5169.7486773062765
-5055486.1370386705 -3981716.54115141 856485.1467001339 2812.8970780811724 -4606.425288962077 -5170.933872907639
-5052669.921850965 -3986320.2443430247 851313.6236163172 2819.5327083966226 -4600.980044406456 -5172.110939155147
-5049847.072801988 -3990918.4991409946 846140.9275343294 2826.1647983792977 -4595.528502165915 -5173.279867883846
-5047017.5934388265 -3995511.2992491117 840967.0665957971 2832.7933345038878 -4590.070665188531 -5174.440650867824
-5044181.487322126 -4000098.638374097 835792.0489506037 2839.4183031885023 -4584.606536387089 -5175.593279819949
-5041338.758026142 -4004680.5102255703 830615.88275695 2846.0396907943305 -4579.1361186393515 -5176.737746391825
-5038489.409138795 -4009256.908516009 825438.5761814156 2852.657483625985 -4573.659414789424 -5177.874042174968
-5035633.444261731 -4013827.8269607197 820260.1373990182 2859.271667931598 -4568.176427648714 -5179.002158701544
-5032770.8670103755 -4018393.2592778034 815080.5745932731 2865.882229902397 -4562.687159996037 -5180.122087444142
-5029901.681013992 -4022953.1991881235 809899.895956253 2872.4891556722428 -4557.191614577679 -5181.233819815485
-5027025.889915738 -4027507.6404152745 804718.1096886479 2879.0924313171704 -4551.689794107453 -5182.337347168148
-5024143.497372726 -4032056.5766855483 799535.223999825 2885.6920428549197 -4546.181701266758 -5183.432660794273
-5021254.507056078 -4036600.0017279014 794351.2471078903 2892.287976244466 -4540.667338704631 -5184.519751925264
-5018358.922650986 -4041137.909273923 789166.1872397488 2898.880217385548 -4535.146709037801 -5185.5986117315
-5015456.747856775 -4045670.293057804 783980.0526311654 2905.468752118187 -4529.619814850742 -5186.66923132203
-5012547.9863869585 -4050197.1468163026 778792.851526827 2912.05356622221 -4524.086658695728 -5187.731601744273
-5009632.6419693 -4054718.464288713 773604.592180404 2918.6346454167615 -4518.54724309287 -5188.785713983706
-5006710.718345874 -4059234.2392168352 768415.2828546122 2925.2119753598167 -4513.0015705301785 -5189.831558963555
-5003782.21927313 -4063744.465344939 763224.9318212759 2931.785541647689 -4507.449643463595 -5190.86912754448
-5000847.1485219505 -4068249.136419736 758033.5473613896 2938.355329814531 -4501.8914643170465 -5191.898410524256
-4997905.509877716 -4072748.2461903444 752841.1377651822 2944.9213253318358 -4496.327035482484 -5192.919398637452
-4994957.307140367 -4077241.7884082585 747647.7113321793 2951.4835136079314 -4490.75635931992 -5193.932082555102
-4992002.544124466 -4081729.7568273176 742453.2763712674 2958.041879987471 -4485.179438157475 -5194.936452884374
-4989041.224659263 -4086212.145203673 737257.8412007582 2964.59640975092 -4479.596274291405 -5195.932500168239
-4986073.352588763 -4090688.9472957547 732061.4141484529 2971.1470881131168 -4474.006869984757 -5196.920214883515
-4983098.931771791 -4095160.1568642356 726864.0035517145 2977.693900214479 -4468.411227454983 -5197.899587426087
-4980117.966082069 -4099625.767671978 721665.6177575565 2984.2368311133027 -4462.809348863411 -5198.870608098172
-4977130.4594083065 -4104085.7734839777 716466.2651227381 2990.7758657845325 -4457.201236314551 -5199.8332671069675
-4974136.415654278 -4108540.168067305 711265.9540138586 2997.3109891190397 -4451.586891856195 -5200.7875545642055
-4971135.838738911 -4112988.945191051 706064.6928074537 3003.8421859228974 -4445.966317479499 -5201.733460485701
-4968128.732596368 -4117432.0986262695 700862.4898900914 3010.3694409166483 -4440.339515119082 -5202.670974790892
-4965115.101176135 -4121869.622145921 695659.3536584686 3016.892738734569 -4434.706486653103 -5203.600087302379
-4962094.948443107 -4126301.5095248153 690455.2925195084 3023.4120639239236 -4429.06723390335 -5204.520787745454
-4959068.278377676 -4130727.754539556 685250.314890457 3029.927400944219 -4423.42175863532 -5205.433065747628
-4956035.094975817 -4135148.3509684843 680044.4291989825 3036.4387341664446 -4417.770062558301 -5206.33691083815
-4952995.402249182 -4139563.2925916216 674837.6438832734 3042.946047872318 -4412.112147325446 -5207.232312447527
-4949949.204225182 -4143972.573190616 669629.9673921365 3049.4493262535116 -4406.448014533851 -5208.119259907024
-4946896.504947083 -4148376.186548684 664421.4081850977 3055.948553410882 -4400.777665724628 -5208.997742448177
-4943837.308474097 -4152774.126450555 659211.9747325014 3062.4437133536903 -4395.101102382971 -5209.867749202284
-4940771.618881474 -4157166.3866824163 654001.6755156108 3068.934789998814 -4389.418325938231 -5210.729269199904
-4937699.44026059 -4161552.9610318555 648790.5190267095 3075.421767169956 -4383.729337763977 -5211.582291370332
-4934620.776719048 -4165933.843287808 643578.5137692023 3081.9046285968457 -4378.034139178063 -5212.426804541091
-4931535.632380765 -4170309.0272404966 638365.6682577177 3088.383357914426 -4372.332731442678 -5213.262797437388
-4928444.011386073 -4174678.5066813794 633151.9910182108 3094.857938661032 -4366.625115762982 -5214.090258679884
-4925345.91789182 -4179042.2754030884 627937.4905880728 3101.32835427129 -4360.911293278338 -5214.909176773598
-4922241.3560714675 -4183400.327199358 622722.175516251 3107.7945880712796 -4355.19126505686 -5215.719540100708
-4919130.330115208 -4187752.6558649563 617506.0543633726 3114.2566232773725 -4349.465032095223 -5216.521336919599
-4916012.844230074 -4192099.2551956116 612289.1357018685 3120.7144429952527 -4343.732595318727 -5217.314555364208
-4912888.902640048 -4196440.118987941 607071.4281160978 3127.168030218924 -4337.993955581361 -5218.0991834433735
-4909758.509586173 -4200775.241039383 601852.9402024744 3133.61736782971 -4332.249113665857 -5218.875209040162
-4906621.66932667 -4205104.61514812 596633.6805695913 3140.0624385952456 -4326.49807028375 -5219.642619911195
-4903478.386137046 -4209428.235113009 591413.6578383492 3146.503225168457 -4320.7408260754255 -5220.401403685963
-4900328.664310217 -4213746.094733518 586192.8806420829 3152.9397100865367 -4314.977381610171 -5221.151547866139
-4897172.508156616 -4218058.187809644 580971.3576266894 3159.371875769905 -4309.207737386216 -5221.89303982487
-4894009.92200432 -4222364.508141848 575749.0974507575 3165.7997045211628 -4303.431893830779 -5222.625866806074
-4890840.910199156 -4226665.049530982 570526.108785697 3172.223178524037 -4297.649851300101 -5223.350015923712
-4887665.477104832 -4230959.805778219 565302.4003158688 3178.642279842313 -4291.861610079478 -5224.065474161068
-4884483.627103051 -4235248.770684983 560077.9807387162 3185.056990418759 -4286.067170383295 -5224.772228370008
-4881295.364593634 -4239531.938052875 554852.8587648969 3191.4672920740404 -4280.26653235505 -5225.47026527023
-4878100.693994643 -4243809.301683607 549627.0431184149 3197.873166505619 -4274.459696067376 -5226.159571448513
-4874899.619742506 -4248080.855378924 544400.5425367546 3204.274595286651 -4268.64666152206 -5226.840133357941
-4871692.146292138 -4252346.592940542 539173.3657710142 3210.671559864803 -4262.827428649971 -5227.511937317033
-4868478.278117071 -4256606.508170068 533945.5215860424 3217.064041558656 -4257.0019973078115 -5228.174969504941
-4865258.019709587 -4260860.594868927 528717.018760583 3223.45202155064 -4251.170367270333 -5228.829215951064
-4862031.375580855 -4265108.846838276 523487.8660874268 3229.835480884318 -4245.332538228418 -5229.47466253179
-4858798.350261069 -4269351.25787892 518258.0723735652 3236.2144004630773 -4239.488509789067 -5230.111294969576
-4855558.948299591 -4273587.821791231 513027.6464403444 3242.588761048838 -4233.63828147541 -5230.739098832033
-4852313.174265095 -4277818.532375059 507796.59712362057 3248.9585432607428 -4227.781852726699 -5231.358059531012
-4849061.032745701 -4282043.383429657 502564.93327391666 3255.32372757383 -4221.919222898317 -5231.968162321661
-4845802.528349135 -4286262.368753587 497332.663756579 3261.6842943177003 -4216.050391261756 -5232.569392301482
-4842537.66570286 -4290475.482144642 492099.79745193577 3268.040223675165 -4210.175357004615 -5233.161734409371
-4839266.449454233 -4294682.717399759 486866.34325545595 3274.3914956808817 -4204.2941192305725 -5233.745173424642
-4835988.884270651 -4298884.068314939 481632.31007790926 3280.7380902199748 -4198.406676959367 -5234.319693966049
-4832704.974839701 -4303079.528685159 476397.7068455275 3287.079987026645 -4192.5130291267715 -5234.885280490779
-4829414.725869313 -4307269.092304291 471162.5425001666 3293.41716568276 -4186.613174584549 -5235.441917293441
-4826118.142087908 -4311452.752965016 465926.8259994692 3299.7496056164314 -4180.707112100421 -5235.989588505041
-4822815.228244561 -4315630.50445874 460690.56631702953 3306.0772861005803 -4174.794840358025 -5236.528278091939
-4819505.98910915 -4319802.340575513 455453.7724425581 3312.4001862514824 -4168.876357956856 -5237.057969854793
-4816190.429472515 -4323968.255103941 450216.45338204806 3318.7182850272984 -4162.951663412212 -5237.578647427497
-4812868.554146619 -4328128.241831102 444978.61815794255 3325.031561226582 -4157.020755155125 -5238.0902942760695
-4809540.367964707 -4332282.2945424635 439740.2758093038 3331.33999348489 -4151.083631529932 -5238.59289369459
-4806205.875781474 -4336430.40702179 434501.4353919926 3337.643560263566 -4145.14029078217 -5239.086428788866
-4802865.0824732445 -4340572.573051036 429262.1059788625 3343.9422398429524 -4139.190731052164 -5239.570882467185
-4799517.992938153 -4344708.786410247 424022.2966599582 3350.2360103204464 -4133.234950374719 -5240.046237438732
-4796164.612096332 -4348839.040877448 418782.01654271537 3356.524849608721 -4127.272946679051 -5240.512476212291
-4792804.944890089 -4352963.330228542 413541.2747521616 3362.8087354339305 -4121.304717788698 -5240.969581094927
-4789438.996284104 -4357081.648237202 408300.08043111884 3369.087645333891 -4115.3302614214335 -5241.417534190637
-4786066.771265613 -4361193.988674765 403058.4427404071 3375.361556656244 -4109.349575189166 -5241.856317398994
-4782688.274844598 -4365300.345310129 397816.37085904967 3381.6304465565986 -4103.362656597838 -5242.285912413773
-4779303.512053984 -4369400.711909642 392573.8739844795 3387.8942919966516 -4097.36950304731 -5242.70630072155
-4775912.487949834 -4373495.082237002 387330.96133274725 3394.153069742289 -4091.37011183124 -5243.117463600284
-4772515.20761154 -4377583.450053146 382087.64213873027 3400.406756361662 -4085.3644801369605 -5243.519382117883
-4769111.676142028 -4381665.809116146 376843.9256563439 3406.655328223241 -4079.3526050453384 -5243.912037130739
-4765701.898667955 -4385742.1531810975 371599.8211587535 3412.898761493854 -4073.3344835306348 -5244.2954092822565
-4762285.880339914 -4389812.476000023 366355.33793858776 3419.137032136694 -4067.3101124603527 -5244.669479001348
-4758863.626332638 -4393876.771321756 361110.4853081548 3425.370115909305 -4061.2794885950784 -5245.034226500913
-4755435.141845201 -4397935.032891835 355865.2725996582 3431.597988361548 -4055.2426085883135 -5245.389631776298
-4752000.432101239 -4401987.254452402 350619.7091654157 3437.820624833504 -4049.199468986261 -5245.735674603674
-4748559.502349151 -4406033.429742089 345373.8043780815 3444.038000446999 -4043.1500662201256 -5246.072334528705
-4745112.357862339 -4410073.552495882 340127.5676309015 3450.250090069253 -4037.094396565895 -5246.399590812902
-4741659.003939477 -4414107.616444959 334881.00833801663 3456.4568682914746 -4031.032456122224 -5246.717422403111
-4738199.445904785 -4418135.615316506 329634.1359347798 3462.658309425208 -4024.964240809383 -5247.025807928211
-4734733.689108312 -4422157.542833538 324386.95987807517 3468.854387499358 -4018.8897463690396 -5247.324725696857
-4731261.738926223 -4426173.392714725 319139.48964663903 3475.0450762571822 -4012.808968364027 -5247.614153695204
-4727783.600761082 -4430183.158674208 313891.7347413839 3481.2303491532457 -4006.721902178099 -5247.894069584585
-4724299.280042145 -4434186.834421425 308643.70468572417 3487.4101793503387 -4000.6285430156754 -5248.164450699168
-4720808.782225654 -4438184.413660926 303395.4090259049 3493.5845397163557 -3994.5288859015723 -5248.425274043564
-4717312.11279513 -4442175.890092195 298146.85733133217 3499.7534028211403 -3988.4229256807143 -5248.676516290413
-4713809.277261674 -4446161.257409475 292898.0591949065 3505.916740933286 -3982.310657017841 -5248.918153777918
-4710300.281164271 -4450140.509301579 287649.0242333584 3512.074526016898 -3976.192074397193 -5249.150162507358
-4706785.130070095 -4454113.639451719 282399.76208758657 3518.226729728319 -3970.0671721221884 -5249.372518140555
-4703263.829574821 -4458080.641537315 277150.2824229987 3524.3733234128085 -3963.9359443150806 -5249.585195997301
-4699736.385302932 -4462041.50922982 271900.59492985497 3530.514278101182 -3957.798384916604 -5249.788171052748
-4696202.802908043 -4465996.236194539 266650.7093236136 3536.64956450641 -3951.6544876856074 -5249.981417934765
-4692663.088073214 -4469944.816090442 261400.6353452799 3542.7791530201703 -3945.504246198666 -5250.164910921243
-4689117.246511273 -4473887.242569985 256150.38276175718 3548.903013709407 -3939.3476538497403 -5250.338623937445
-4685565.283965153 -4477823.509278928 250899.96136620015 3555.0211163149197 -3933.1847038521146 -5250.50253055637
-4682007.2062081965 -4481753.609856156 245649.38097836426 3561.133430253158 -3927.01538924387 -5250.6566040038515
-4678443.019044502 -4485677.537933502 240398.65144495288 3567.2399246141113 -3920.8397028890067 -5250.800817157866
-4674872.728309237 -4489595.287135583 235147.78263996646 3573.3405681577974 -3914.6576374770375 -5250.935142545788
-4671296.3398689795 -4493506.851079612 229896.78446505457 3579.435329310693 -3908.469185522543 -5251.05955234158
-4667713.859622045 -4497412.22337523 224645.66684987067 3585.5241761621123 -3902.2743393647143 -5251.174018362935
-4664125.293498836 -4501311.397624331 219394.43975242987 3591.6070764605433 -3896.073091166884 -5251.278512068383
-4660530.6474621715 -4505204.367420882 214143.1131594696 3597.6839976099313 -3889.8654329160327 -5251.37300455435
-4656929.927507644 -4509091.12635075 208891.69708681307 3603.754906665916 -3883.65135642229 -5251.457466552168
-4653323.139663966 -4512971.667991525 203640.20157973605 3609.819770332021 -3877.430853318412 -5251.5318684250515
-4649710.289993324 -4516845.985912337 198388.6367133364 3615.87855495579 -3871.2039150592464 -5251.596180165014
-4646091.384578938 -4520714.073687367 193137.01257433204 3621.931265428531 -3864.9705744842454 -5251.650427832186
-4642466.429483876 -4524575.9249398885 187885.339201275 3627.977911214902 -3858.7308691672083 -5251.6946440245
-4638835.430789049 -4528431.533301548 182633.62663974494 3634.0184593652552 -3852.4847913804765 -5251.728799819099
-4635198.394608936 -4532280.892395703 177381.88496507664 3640.052876131737 -3846.2323327485756 -5251.752865282201
-4631555.327091943 -4536123.995837252 172130.12428271814 3646.0811274150187 -3839.9734847300224 -5251.766810120417
-4627906.234420748 -4539960.837232468 166878.35472859195 3652.103178760606 -3833.7082386169473 -5251.770603677897
-4624251.122812671 -4543791.41017883 161626.5864694619 3658.1189953461467 -3827.436585525318 -5251.764214920593
-4620589.998520053 -4547615.708264825 156374.82970334456 3664.12854192972 -3821.1585163446002 -5251.747612364667
-4616922.867830706 -4551433.725069704 151123.09465998458 3670.131782818987 -3814.874021709943 -5251.720764035345
-4613249.737068359 -4555245.4541632235 145871.39160134955 3676.1286818649137 -3808.5830920003796 -5251.683637461247
-4609570.612593124 -4559050.889105392 140619.7308221285 3682.1192024564007 -3802.285717338029 -5251.636199670064
-4605885.5008019535 -4562850.023446208 135368.12265023502 3688.1033075148284 -3795.981887587263 -5251.57841718415
-4602194.408129117 -4566642.850725409 130116.57744731494 3694.0809594885127 -3789.6715923538395 -5251.5102560160285
-4598497.341046676 -4570429.364472208 124865.1056092583 3700.052120347075 -3783.3548209839996 -5251.431681663815
-4594794.3060649615 -4574209.558205031 119613.71756671625 3706.0167515757175 -3777.0315625635267 -5251.342659106549
-4591085.309733065 -4577983.425431263 114362.42378562238 3711.9748141694135 -3770.7018059167713 -5251.24315279944
-4587370.35863933 -4581750.959646979 109111.234767719 3717.9262686269976 -3764.3655396056406 -5251.133126669022
-4583649.459411851 -4585512.154336688 103860.16105108827 3723.8710749451625 -3758.022751928546 -5251.012544108212
-4579922.618718984 -4589267.002973063 98609.2132106884 3729.8091926123607 -3751.673430919318 -5250.881367971284
-4576189.843269846 -4593015.499016676 93358.40185889465 3735.740580602606 -3745.3175643460786 -5250.739560568738
-4572451.139814846 -4596757.635915738 88107.73764604596 3741.665197369171 -3738.9551397100777 -5250.58708366208
-4568706.5151462015 -4600493.407105824 82857.23126099643 3747.583000838186 -3732.5861442444902 -5250.423898458495
-4564955.976098467 -4604222.806009608 77606.89343167238 3753.4939484021497 -3726.2105649131927 -5250.24996560546
-4561199.529549075 -4607945.826036596 72356.73492563402 3759.397996915444 -3719.828388411586 -5250.06524518818
-4557437.182418875 -4611662.460582855 67106.76655063443 3765.2951026969395 -3713.439601174463 -5249.869696736976
-4553668.94167266 -4615372.703030761 61856.99915517314 3771.185221527763 -3707.0441893790335 -5249.663279227851
-4549894.814319718 -4619076.546748736 56607.44362905286 3777.0683086450636 -3700.642138944014 -5249.445951077508
-4546114.807414372 -4622773.985090992 51358.11090394147 3782.944318735568 -3694.2334355285775 -5249.217670138119
-4542328.928056538 -4626465.01139727 46109.01195393916 3788.8132059290483 -3687.818064531276 -5248.978393692003
-4538537.183392284 -4630149.618992575 40860.15779615094 3794.6749237916906 -3681.396011088933 -5248.7280784462255
-4534739.580614394 -4633827.801186926 35611.55949126469 3800.5294253193642 -3674.9672600755107 -5248.466680527113
-4530936.126962944 -4637499.551275075 30363.22814413465 3806.3766629308006 -3668.5317961009478 -5248.194155474676
-4527126.829725887 -4641164.862536258 25115.174904370553 3812.2165884606648 -3662.089603509969 -5247.910458236948
-4523311.69623963 -4644823.7282339195 19867.410966932486 3818.049153152533 -3655.6406663808707 -5247.615543164232
-4519490.733889639 -4648476.141615448 14619.947572731537 3823.874307651764 -3649.1849685242714 -5247.309364003254
-4515663.950111038 -4652122.095911909 9372.796009236306 3829.692001998266 -3642.722493481841 -5246.991873891243
-4511831.352389212 -4655761.5843377765 4125.967611085437 3835.5021856191624 -3636.253224524998 -5246.6630253498915
-4507992.948260432 -4659394.600090658 -1120.526239293817 3841.304807321346 -3629.7771446535808 -5246.322770279246
-4504148.745312475 -4663021.136351025 -6366.674111060835 3847.099815283929 -3623.294236594487 -5245.971059951484
-4500298.751185256 -4666641.186281939 -11612.46452433004 3852.88715704709 -3616.8044827970125 -5245.607844999864
-4496442.973571492 -4670254.743028751 -16857.885949499618 3858.666779448659 -3610.307865379345 -5245.233075336656
-4492581.420217453 -4673861.799718735 -22102.92680647079 3864.4386285423598 -3603.804366058804 -5244.8467000467745
-4488714.098923752 -4677462.349460675 -27347.575463806123 3870.2026495781997 -3597.29396614115 -5244.448667366535
-4484841.017546162 -4681056.385344455 -32591.820237876516 3875.9587869918855 -3590.776646518518 -5244.038924674804
-4480962.18399643 -4684643.900440643 -37835.649391999264 3881.706984394066 -3584.2523876672994 -5243.61741848399
-4477077.60624311 -4688224.887800072 -43079.05113556704 3887.4471845594016 -3577.7211696459676 -5243.184094430881
-4473187.292312406 -4691799.340453429 -48322.01362316759 3893.179329415451 -3571.182972092848 -5242.7388972673125
-4469291.250289017 -4695367.251410825 -53564.524953694105 3898.9033600313696 -3564.6377742238255 -5242.2817708506645
-4465389.488317014 -4698928.613661374 -58806.573169445874 3904.6192166064247 -3558.085554829994 -5241.812658134184
-4461482.0146007035 -4702483.4201727705 -64048.14625521927 3910.326838458313 -3551.5262922752454 -5241.331501157143
-4457568.837405521 -4706031.663890855 -69289.23213738877 3916.026164011289 -3544.959964493798 -5240.838241034808
-4453649.965058932 -4709573.337739188 -74529.81868297793 3921.71713078409 -3538.386548987665 -5240.332817948228
-4449725.405951337 -4713108.4346186165 -79769.89369871987 3927.3996753776587 -3531.806022824058 -5239.815171133851
-4445795.168537003 -4716636.947406832 -85009.44493010746 3933.073733462662 -3525.218362632733 -5239.285238872945
-4441859.261334995 -4720158.8689579405 -90248.46006043279 3938.7392397667963 -3518.623544603265 -5238.742958480825
-4437917.6929301275 -4723674.192102014 -95486.92670981553 3944.396128060796 -3512.0215444812993 -5238.188266294454
-4433970.471973938 -4727182.909644639 -100724.83243420988 3950.0443311271683 -3505.4123375495924 -5237.621097637223
-4430017.607185686 -4730685.014366447 -105962.16472436684 3955.6837807220377 -3498.7958986033323 -5237.04138677488
-4426059.107353402 -4734180.499022614 -111198.91100476716 3961.3144075576124 -3492.17220194416 -5236.44906689907
-4422094.981334928 -4737669.356342372 -116435.058632541 3966.9361412876224 -3485.541221377 -5235.844070114951
-4418125.238058991 -4741151.579028506 -121670.59489637519 3972.548910492509 -3478.9029302068184 -5235.226327428581
-4414149.886526276 -4744627.159756857 -126905.50701540778 3978.1526426643636 -3472.2573012353073 -5234.595768734083
-4410168.9358105315 -4748096.091175813 -132139.78213810947 3983.7472641916083 -3465.6043067574988 -5233.95232280058
-4406182.395059673 -4751558.3659058055 -137373.40734115208 3989.332700343411 -3458.943918558296 -5233.295917258885
-4402190.273496914 -4755013.976538787 -142606.36962826346 3994.9088752538373 -3452.2761079089364 -5232.62647858797
-4398192.580421905 -4758462.91563773 -147838.6559290688 4000.4757119057263 -3445.6008455633705 -5231.943932101173
-4394189.325211903 -4761905.175736099 -153070.25309791797 4006.0331321142903 -3438.9181017545684 -5231.248201932175
-4390180.517322936 -4765340.749337327 -158301.14791269868 4011.581056510433 -3432.2278461907454 -5230.539211020713
-4386166.166290998 -4768769.628914294 -163531.32707363542 4017.1194045237776 -3425.530048051509 -5229.8168810980505
-4382146.281733266 -4772191.806908793 -168760.77720207357 4022.6480943654046 -3418.8246759839235 -5229.081132672176
-4378120.87334932 -4775607.275730996 -173989.4848392486 4028.1670430101713 -3412.1116980984 -5228.331885012596
-4374089.950922396 -4779016.027758912 -179217.43644503536 4033.676166165673 -3405.3910819534667 -5227.569056117933
-4370053.524320684 -4782418.05533781 -184444.6183966335 4039.1753781952125 -3398.6627945021282 -5226.792562624199
-4366011.603498709 -4785813.350779596 -189671.01698717338 4044.6645920709043 -3391.9268020645213 -5226.002319752741
-4361964.198498725 -4789201.906362179 -194896.6184242914 4050.143719352125 -3385.1830703223727 -5225.198241291317
-4357911.319452145 -4792583.714328826 -200121.4088286872 4055.6126701643875 -3378.431564314028 -5224.380239575859
-4353852.97658098 -4795958.766887522 -205345.37423266293 4061.0713531778265 -3371.672248429373 -5223.548225471914
-4349789.180199308 -4799327.056210314 -210568.5005786431 4066.5196755853012 -3364.905086404648 -5222.702108355726
-4345719.940714764 -4802688.574432653 -215790.77371767585 4071.9575430801037 -3358.1300413171534 -5221.84179609498
-4341645.268630046 -4806043.313652741 -221012.17940791455 4077.3848598332593 -3351.3470755798467 -5220.967195029187
-4337565.174544454 -4809391.265930852 -226232.70331307963 4082.8015284704175 -3344.556150935825 -5220.078209949692
-4333479.669155442 -4812732.423288672 -231452.33100090045 4088.2074500483277 -3337.757228452698 -5219.174744079333
-4329388.763260204 -4816066.777708613 -236671.0479415362 4093.6025240308836 -3330.9502685168477 -5218.256699051713
-4325292.467757279 -4819394.321133129 -241888.83950597636 4098.986648264732 -3324.1352308275677 -5217.323974890088
-4321190.793648173 -4822715.045464027 -247105.6909644195 4104.359718954443 -3317.3120743910918 -5216.376469985868
-4317083.752039023 -4826028.942561773 -252321.5874846306 4109.721630637165 -3310.480757514457 -5215.414081076659
-4312971.354142272 -4829336.004244784 -257536.51413027412 4115.072276150953 -3303.641237794534 -5214.436703216446
-4308853.611278398 -4832636.222288709 -262750.45585920353 4120.41154658295 -3296.7934720912294 -5213.444229720509
-4304730.534877683 -4835929.588425683 -267963.39752170147 4125.7393312306785 -3289.9374165117706 -5212.436552127341
-4300602.13648202 -4839216.094343566 -273175.3238586904 4131.05551757368 -3283.073026403648 -5211.413560173934
-4296468.427746741 -4842495.731685184 -278386.2194999187 4136.359991244951 -3276.200256347679 -5210.375141771001
-4292329.420442482 -4845768.492047557 -283596.06896212173 4141.652636001854 -3269.319060150941 -5209.3211829777565
-4288185.126457072 -4849034.366981123 -288804.8566471577 4146.933333696492 -3262.4293908395666 -5208.251567976222
-4284035.557797452 -4852293.347988953 -294012.5668401174 4152.201964245528 -3255.531200651408 -5207.1661790450535
-4279880.726591626 -4855545.426525957 -299219.18370740744 4157.458405599461 -3248.6244410285594 -5206.064896532891
-4275720.645090646 -4858790.593998088 -304424.6912948069 4162.7025337113155 -3241.7090626097406 -5204.947598831212
-4271555.325670622 -4862028.8417615285 -309629.073525496 4167.93422250477 -3234.7850152225415 -5203.814162346692
-4267384.780834768 -4865260.161121887 -314832.3141980578 4173.153343841679 -3227.8522478755244 -5202.664461473041
-4263209.023215481 -4868484.543333362 -320034.3969844505 4178.359767488999 -3220.91070875018 -5201.498368562341
-4259028.065576453 -4871701.979597919 -325235.30542795145 4183.5533610851035 -3213.960345192744 -5200.31575389584
-4254841.920814814 -4874912.461064447 -330435.0229410716 4188.733990105679 -3207.0011037060162 -5199.116485654474
-4250650.601963317 -4878115.978827914 -335633.5328034413 4193.901517831517 -3200.0329299429804 -5197.90042989199
-4246454.122192543 -4881312.523928515 -340830.81815967 4199.055805316034 -3193.0557687005185 -5196.667450507953
-4242252.494813146 -4884502.087350808 -346026.8620171766 4204.19671134921 -3186.0695639107144 -5195.417409216542
-4238045.733278142 -4887684.660022848 -351221.6472439881 4209.324092420475 -3179.0742586317233 -5194.150165514316
-4233833.851185219 -4890860.2328153085 -356415.15656650584 4214.437802680884 -3172.0697950384747 -5192.865576647363
-4229616.862279102 -4894028.796540591 -361607.37256723776 4219.53769390459 -3165.0561144132107 -5191.563497577849
-4225394.780453946 -4897190.341951927 -366798.2776824981 4224.623615449577 -3158.033157135856 -5190.243780949935
-4221167.619755772 -4900344.859742477 -371987.8542000716 4229.695414217646 -3151.000862674223 -5188.90627705506
-4216935.394384944 -4903492.340544405 -377176.0842568435 4234.752934613643 -3143.9591695740405 -5187.550833796587
-4212698.118698688 -4906632.774927959 -382362.9498363933 4239.79601850392 -3136.908015448817 -5186.177296653772
-4208455.807213651 -4909766.153400527 -387548.43276655267 4244.824505173996 -3129.847336969526 -5184.785508645087
-4204208.4746085005 -4912892.466405695 -392732.5147169255 4249.838231285417 -3122.7770698541162 -5183.375310290845
-4199956.135726576 -4916011.704322284 -397915.1771963713 4254.837030831798 -3115.6971488568456 -5181.946539575133
-4195698.805578576 -4919123.857463381 -403096.40155044495 4259.820735074684 -3108.607507743312 -5180.4990318835235
-4191436.499345393 -4922228.916075291 -408276.16895868914 4264.789172323789 -3101.5080791527917 -5179.03261975214
-4187169.2323811753 -4925326.870336337 -413454.4604316543 4269.742167737196 -3094.3987944775968 -5177.547132642732
-4182897.0202165185 -4928417.710355605 -418631.2568077886 4274.679543255142 -3087.2795838414463 -5176.042396881298
-4178619.8785617095 -4931501.4261716595 -423806.53875027824 4279.601117543417 -3080.1503760854666 -5174.518235608841
-4174337.8233100306 -4934578.007751263 -428980.2867438367 4284.506705935655 -3073.0110987539383 -5172.974468731166
-4170050.8705411213 -4937647.444988065 -434152.48109144444 4289.396120374474 -3065.861678079793 -5171.4109128677155
-4165759.0365244 -4940709.72770129 -439323.10191103665 4294.26916935145 -3058.702038969856 -5169.827381299428
-4161462.337722544 -4943764.845634396 -444492.129132138 4299.125657845922 -3051.5321049898307 -5168.223683915575
-4157160.790795032 -4946812.788453731 -449659.542492444 4303.965387262569 -3044.351798349024 -5166.599627159587
-4152854.4126017536 -4949853.5457471665 -454825.3215343478 4308.788155367757 -3037.1610398848134 -5164.955013973846
-4148543.2202066765 -4952887.107022722 -459989.4456014111 4313.593756224643 -3029.959749046845 -5163.289643743413
-4144227.2308815853 -4955913.461707164 -465151.89383477793 4318.381980126975 -3022.747843880973 -5161.603312238683
-4139906.4621098847 -4958932.599144596 -470312.6451695304 4323.152613524042 -3015.5252410076505 -5159.895811547928
-4135580.931590534 -4961944.508594985 -475471.6783309092 4327.905438798791 -3008.2918554988623 -5158.166929835263
-4131250.657242281 -4964949.1792325135 -480628.9718302016 4332.64023395717 -3001.047600695869 -5156.416450994625
-4126915.657208109 -4967946.600143818 -485784.5039604026 4337.356772509805 -2993.792388163501 -5154.644154534982
-4122575.9498597723 -4970936.760326205 -490938.25279179326 4342.054823387886 -2986.526127669297 -5152.849815507098
-4118231.5538024213 -4973919.648685838 -496090.19616744504 4346.734150857427 -2979.2487271623313 -5151.033204428948
-4113882.4878793075 -4976895.254035914 -501240.3116986496 4351.394514431774 -2971.9600927516876 -5149.194087209665
-4109528.771176583 -4979863.565094808 -506388.57676027104 4356.035668782328 -2964.660128684558 -5147.332225071991
-4105170.4230281883 -4982824.570484204 -511534.96848602 4360.657363647443 -2957.3487373239723 -5145.447374473203
-4100807.4630208295 -4985778.258727197 -516679.4637636482 4365.259343739471 -2950.025819126155 -5143.5392870244905
-4096439.9109990527 -4988724.618246373 -521822.0392300612 4369.841348649911 -2942.69127261751 -5141.607709408756
-4092067.7870704136 -4991663.637361872 -526962.6712663488 4374.4031127526305 -2935.344994371222 -5139.652383296815
-4087691.1116107446 -4994595.30428942 -532101.3359927296 4378.944365105123 -2927.986878983488 -5137.67304526197
-4083309.9052695185 -4997519.607138343 -537238.0092634123 4383.464829353518 -2920.6168190531994 -5135.669426699676
-4078924.1889752937 -5000436.533909567 -542372.6666613955 4387.964223673747 -2913.2347051865863 -5133.641253790186
-4074533.9839412146 -5003346.072493627 -547505.283493231 4392.4422607002525 -2905.840425994106 -5131.588247447022
-4070139.311670606 -5006248.210668662 -552635.8347837143 4396.89864742206 -2898.433868066394 -5129.510123227783
-4065740.193962671 -5009142.936098381 -557764.2952704814 4401.333085074678 -2891.0149159484727 -5127.406591240825
-4061336.6529182987 -5012030.236330005 -562890.6393985127 4405.745269029764 -2883.5834521135425 -5125.277356050099
-4056928.710945988 -5014910.09879218 -568014.8413145399 4410.134888682523 -2876.1393569363595 -5123.122116578115
-4052516.3907843977 -5017782.51078211 -573136.8748421746 4414.50157131907 -2868.6824722221395 -5120.940500996012
-4048099.715597046 -5020647.45940599 -578256.7133734876 4418.844878997076 -2861.212599663452 -5118.7320634498155
-4043678.7089309697 -5023504.931608309 -583374.3299187133 4423.164472795463 -2853.7296076656507 -5116.4964746577525
-4039253.394669061 -5026354.914204959 -588489.6971630908 4427.460013591706 -2846.2333665213373 -5114.233406563636
-4034823.7970366445 -5029197.393881 -593602.7874607057 4431.73115562535 -2838.7237442657593 -5111.94252489809
-4030389.9406081806 -5032032.357188385 -598713.5728282167 4435.977546345335 -2831.200606631881 -5109.623489040648
-4025951.8503142176 -5034859.79054358 -603822.0249383417 4440.198826058426 -2823.663816880254 -5107.275951653987
-4021509.551448717 -5037679.680225006 -608928.1151129476 4444.394627594646 -2816.1132356433573 -5104.899558340349
-4017063.0696766176 -5040492.0123703815 -614031.8143159114 4448.564576142676 -2808.5487208810237 -5102.493947495601
-4012612.431041555 -5043296.772974034 -619133.0931458478 4452.708289096414 -2800.9701278445464 -5100.0587501772825
-4008157.661973733 -5046093.947884172 -624231.921828704 4456.825375898308 -2793.37730904022 -5097.593589970013
-4003698.789297955 -5048883.522800124 -629328.2702102182 4460.915437879356 -2785.7701141923258 -5095.09808284821
-3999235.8402418178 -5051665.483269535 -634422.1077482397 4464.978068095734 -2778.148390205553 -5092.57183703606
-3994768.842444068 -5054439.814685529 -639513.4035049075 4469.012851161973 -2770.5119811268537 -5090.014452864715
-3990297.8239631285 -5057206.502283832 -644602.1261386847 4473.019363080625 -2762.860728106733 -5087.425522626651
-3985822.8132858 -5059965.531139857 -649688.2438962455 4476.997171068341 -2755.1944693599753 -5084.8046304271475
-3981343.839336134 -5062716.886165746 -654771.7246042133 4480.945833367589 -2747.5130401192346 -5082.151352020689
-3976860.9314846396 -5065460.55210728 -659852.5356605661 4484.864898612605 -2739.816272317774 -5079.465254143586
-3972374.119558591 -5068196.513540194 -664930.6440248606 4488.753904469403 -2732.10399383599 -5076.745893029601
-3967883.43385333 -5070924.75486596 -670006.016207379 4492.612377088782 -2724.3760282565363 -5073.992813854866
-3963388.905143914 -5073645.260307456 -675078.6182579576 4496.4398308499585 -2716.632194801242 -5071.205550515015
-3958890.5646970123 -5076358.013904577 -680148.4157545954 4500.235768102445 -2708.8723082694432 -5068.383625402112
-3954388.44428307 -5079062.999509781 -685215.373791837 4503.999678902222 -2701.0961789753815 -5065.526549176988
-3949882.576188735 -5081760.20078357 -690279.4569689253 4507.731040742125 -2693.303612684671 -5062.633820536902
-3945372.993229559 -5084449.60118991 -695340.6293777205 4511.429318276314 -2685.494410549832 -5059.704925978454
-3940859.728762976 -5087131.183991588 -700398.8545903785 4515.093963038721 -2677.668369044903 -5056.739339555664
-3936342.8167015645 -5089804.932245496 -705454.0956467848 4518.724413155362 -2669.8252798991234 -5053.73652263316
-3931822.2915266035 -5092470.828797854 -710506.3150417409 4522.320093063199 -2661.964930037241 -5050.695923648695
-3927298.18830178 -5095128.856279453 -715555.4747120558 4525.880413586631 -2654.0871017325335 -5047.616978276665
-3922770.5426865476 -5097778.997101202 -720601.5360241015 4529.404772394726 -2646.1915729817338 -5044.499110015334
-3918239.3909493084 -5100421.233449883 -725644.4597616487 4532.892553879086 -2638.278117536814 -5041.341730125531
-3913704.7699808264 -5103055.547283892 -730684.206113513 4536.343128877092 -2630.3465048478397 -5038.144237398191
-3909166.717307923 -5105681.920328892 -735720.7346609676 4539.755854388422 -2622.3965000045996 -5034.906017916365
-3904625.2711074585 -5108300.334073437 -740754.0043649138 4543.130073285807 -2614.4278636776394 -5031.626444812832
-3900080.4702206077 -5110910.769764515 -745783.9735528078 4546.465114019911 -2606.4403520587225 -5028.304878023242
-3895532.3541674316 -5113513.208403039 -750810.5999053385 4549.760290318284 -2598.433716800733 -5024.940664034769
-3890980.9631617498 -5116107.630739285 -755833.8404428508 4553.01490087827 -2590.407704957048 -5021.533135630221
-3886426.338126333 -5118694.017268253 -760853.6515115128 4556.2282290541025 -2582.3620589205725 -5018.081611627891
-3881868.520708393 -5121272.348224985 -765869.9887692262 4559.399542566965 -2574.2965163787703 -5014.585396648869
-3877307.5532953194 -5123842.603579866 -770882.8071713616 4562.528093305482 -2566.2108103224537 -5011.043780985793
-3872743.4790306394 -5126404.763033907 -775892.0609563349 4565.613117054034 -2558.104669015885 -5007.456040393721
-3868176.3418302834 -5128958.8060139995 -780897.7036309359 4568.653833162972 -2549.9778159369494 -5003.821435819215
-3863606.1863991907 -5131504.711668093 -785899.6879553813 4571.6494442110425 -2541.829969716173 -5000.139213123209
-3859033.0582482493 -5134042.458860316 -790897.965928089 4574.599135661443 -2533.6608440754826 -4996.408602799297
-3854457.0037115877 -5136572.026166044 -795892.4887701673 4577.502075511438 -2525.4701477667422 -4992.628819687438
-3849878.0699642194 -5139093.391866891 -800883.2069096173 4580.357413935494 -2517.2575845101205 -4988.799062683061
-3845296.305040045 -5141606.533945648 -805870.0699652395 4583.164282921874 -2509.022852932341 -4984.918514441572
-3840711.7578502255 -5144111.430081163 -810853.026730245 4585.921795847322 -2500.765646474698 -4980.986341018218
-3836124.478202708 -5146608.057642721 -815832.0251547117 4588.629044867659 -2492.485652117192 -4977.001689140833
-3831534.5168265263 -5149096.393681998 -820807.0123229761 4591.2850949111735 -2484.182547286521 -4972.963679818877
-3826941.9254003786 -5151576.414922882 -825777.934426531 4593.888981587294 -2475.855998940447 -4968.8714062346335
-3822346.756582323 -5154048.097750908 -830744.7367358716 4596.43971044366 -2467.5056633995173 -4964.723933107663
-3817749.0640402082 -5156511.418202551 -835707.3635717198 4598.936256224094 -2459.131186186481 -4960.52029606548
-3813148.9024828575 -5158966.35195434 -840665.7582756124 4601.377562110919 -2450.7322018645054 -4956.2595010025525
-3808546.3276920132 -5161412.87431182 -845619.8631798422 4603.762538951449 -2442.308333874311 -4951.94052342761
-3803941.396555067 -5163850.9601983465 -850569.6195767424 4606.090064468556 -2433.859194370358 -4947.562307799274
-3799334.1670985846 -5166280.58414372 -855514.9676872978 4608.358982461726 -2425.384384059651 -4943.123766857034
-3794724.6985224476 -5168701.720272751 -860455.8466292882 4610.56810270234 -2416.8834924126254 -4938.623781701781
-3790113.0512327943 -5171114.342294733 -865392.1943869126 4612.716203286253 -2408.356099160595 -4934.0612045073985
-3785499.2868731017 -5173518.423494133 -870323.9477825863 4614.802031366832 -2399.8017749252654 -4929.434859484087
-3780883.4683554233 -5175913.936721452 -875251.0424487483 4616.82430252271 -2391.2200811312405 -4924.743542378423
-3776265.659892309 -5178300.85438397 -880173.4127991227 4618.781700073208 -2382.610569897617 -4919.986019922117
-3771645.927029405 -5180679.148436388 -885090.9919994266 4620.672874382768 -2373.972783930662 -4915.161029273976
-3767024.336678766 -5183048.790371366 -890003.7119375136 4622.49644215452 -2365.3062564177826 -4910.2672774553375
-3762400.9571528733 -5185409.751209945 -894911.5031929525 4624.250985713163 -2356.610510923012 -4905.303440779221
-3757775.8581993757 -5187762.001491878 -899814.2950060298 4625.9350521968745 -2347.8850612434235 -4900.268164188308
-3753149.111037663 -5190105.51126529 -904712.01524501 4627.547149728946 -2339.1294097445916 -4895.160057402245
-3748520.788402142 -5192440.250073249 -909604.5903665172 4629.0857391384925 -2330.3430434876805 -4889.977686386581
-3743890.964591421 -5194766.186937689 -914491.9453699117 4630.549230964617 -2321.5254330944763 -4884.719570459034
-3739259.715519241 -5197083.290342843 -919374.0037501137 4631.93598419872 -2312.676032513101 -4879.384181250361
-3734627.118766648 -5199391.52821847 -924250.6874494011 4633.244305025813 -2303.794278795617 -4873.969941673187
-3729993.253635438 -5201690.867922834 -929121.9168081717 4634.472445545522 -2294.879591877971 -4868.475224878551
-3725358.201202891 -5203981.276225491 -933987.6105146537 4635.618602473269 -2285.9313743627754 -4862.898353200833
-3720722.0443778117 -5206262.719289843 -938847.6855535579 4636.6809158402475 -2276.9490113143474 -4857.237597110787
-3716084.8679573373 -5208535.16265576 -943702.0571542473 4637.657469719411 -2267.931871058628 -4851.491176298237
-3711446.7586791776 -5210798.571224882 -948550.6387440023 4638.546300192822 -2258.8793095106366 -4845.657268320169
-3706807.805267277 -5213052.909249535 -953393.3419084628 4639.345398697097 -2249.790672177477 -4839.734012367787
-3702168.0984767326 -5215298.140322363 -958230.0763531065 4640.052711362922 -2240.6652941877906 -4833.719508832623
-3697527.7311394894 -5217534.22736594 -963060.7498641696 4640.666138228592 -2231.5025002673538 -4827.611818746535
-3692886.798210828 -5219761.132622357 -967885.2682690092 4641.183532453243 -2222.3016047228466 -4821.408963227458
-3688245.396816639 -5221978.8176428005 -972703.5353959143 4641.6026995308985 -2213.0619114343863 -4815.108922932098
-3683603.626301477 -5224187.24327712 -977515.4530333758 4641.921396358726 -2203.7827137872846 -4808.709637363786
-3678961.5882798666 -5226386.369662249 -982320.920886268 4642.1373229941 -2194.463291152455 -4802.208996620739
-3674319.386704561 -5228576.156203005 -987119.8365147895 4642.248099907924 -2185.102898603597 -4795.604818207969
-3669677.12795162 -5230756.561545518 -991912.095256423 4642.251259562238 -2175.700763588076 -4788.894838798548
-3665034.9209095924 -5232927.543549396 -996697.5901441412 4642.144244153574 -2166.256085568829 -4782.076712413846
-3660392.877070869 -5235089.059259595 -1001476.2118228967 4641.924403438258 -2156.7680357274603 -4775.148008704905
-3655751.110625216 -5237241.064877992 -1006247.8484643914 4641.588992542061 -2147.235756682303 -4768.106211233905
-3651109.7385555077 -5239383.515734692 -1011012.3856801302 4641.135169758929 -2137.6583622239486 -4760.948715760842
-3646468.880735312 -5241516.366259233 -1015769.7064331231 4640.559996027931 -2128.034937843867 -4753.672830266401
-3641828.6600217763 -5243639.569954723 -1020519.6909549646 4639.860445589753 -2118.3645463848684 -4746.275786423418
-3637189.2023373093 -5245753.079377836 -1025262.2166749152 4639.0334138981925 -2108.646232340866 -4738.754748190259
-3632550.636748508 -5247856.846120712 -1029997.1581522737 4638.075716911923 -2098.87902216801 -4731.106811548763
-3627913.095546279 -5249950.820792967 -1034724.3870079975 4636.984089851654 -2089.0619243628407 -4723.329003703444
-3623276.714327183 -5252034.953003771 -1039443.7718555401 4635.755185985009 -2079.193929567282 -4715.418282319391
-3618641.6320759864 -5254109.191344062 -1044155.1782309494 4634.385575440984 -2069.274010701193 -4707.371534800681
-3614007.9912499017 -5256173.483368672 -1048858.4685217268 4632.871741500158 -2059.3011219859923 -4699.185575017982
-3609375.937874477 -5258227.7755739605 -1053553.501884387 4631.210059909686 -2049.2741904789236 -4690.857122858901
-3604745.6216609906 -5260272.013366708 -1058240.1341407937 4629.396782399048 -2039.1921096627111 -4682.382788175196
-3600117.196132442 -5262306.141030176 -1062918.2176664888 4627.4280333939205 -2029.0537390050415 -4673.759068191603
-3595490.818752054 -5264330.101690075 -1067587.6012772324 4625.299807625866 -2018.857903946449 -4664.982345845278
-3590866.651054142 -5266343.837280561 -1072248.1301139116 4623.0079677943795 -2008.6033959382212 -4656.048888197824
-3586244.8587772893 -5268347.28851028 -1076899.6455259067 4620.548242322709 -1998.2889725479854 -4646.95484496137
-3581625.611999199 -5270340.394828788 -1081541.9849535618 4617.916224910498 -1987.9133583665534 -4637.6962488493355
-3577009.0852697333 -5272323.09439485 -1086174.9818132794 4615.10737794238 -1977.4752475811445 -4628.269019804363
-3572395.4577419036 -5274295.324046724 -1090798.4653854747 4612.117032497542 -1966.973305067877 -4618.668965800167
-3567784.913303939 -5276257.01927307 -1095412.260702238 4608.940386806726 -1956.4061668285447 -4608.8917820934175
-3563177.6407128717 -5278208.114184315 -1100016.1884342853 4605.572504804815 -1945.7724404892883 -4598.933050586711
-3558573.833729496 -5280148.541484566 -1104610.0647773505 4602.008314815919 -1935.0707058761304 -4588.788239339001
-3553973.691255163 -5282078.232443879 -1109193.701337584 4598.242605816527 -1924.2995145960952 -4578.452699678449
-3549377.417478894 -5283997.116867385 -1113766.9050075142 4594.270010204368 -1913.457384028427 -4567.9216499208205
-3544785.2220411054 -5285905.123058738 -1118329.477826407 4590.084992106156 -1902.5427937907598 -4557.190164716528
-3540197.320203152 -5287802.177782541 -1122881.216835858 4585.681845269323 -1891.5541862954801 -4546.253173997776
-3535613.9330184255 -5289688.206227562 -1127421.9139348846 4581.054691654018 -1880.4899676255027 -4535.105462642077
-3531035.287504744 -5291563.131970906 -1131951.355734815 4576.197480278125 -1869.3485085383718 -4523.741670403946
-3526461.616817915 -5293426.876943172 -1136469.3234140933 4571.103985654494 -1858.1281453275892 -4512.156291460674
-3521893.1604283894 -5295279.361393884 -1140975.5925711356 4565.767803157246 -1846.8271794664006 -4500.343670949091
-3517330.1643021447 -5297120.503856746 -1145469.9330741363 4560.182346222499 -1835.4438780498842 -4488.298003351099
-3512772.8810828007 -5298950.221115989 -1149952.1089108242 4554.340846147365 -1823.9764753231195 -4476.013333465481
-3508221.5702736396 -5300768.4281743895 -1154421.8780394848 4548.236352395863 -1812.4231744295842 -4463.483557890223
-3503676.498419106 -5302575.038223113 -1158878.9922416827 4541.861732502387 -1800.782149014146 -4450.702426120538
-3499137.939298467 -5304369.962608402 -1163323.196964271 4535.209634503278 -1789.0515300367254 -4437.663504976341
-3494606.174198712 -5306153.1107687885 -1167754.23108516 4528.272381763713 -1777.229366352044 -4424.360077195927
-3490081.492261411 -5307924.390145641 -1172171.8266085538 4521.0419408735515 -1765.3136149479158 -4410.785112130005
-3485564.1908411947 -5309683.7060921835 -1176575.7083510153 4513.509918780489 -1753.3021429279854 -4396.93126519623
-3481054.575866269 -5311430.961784837 -1180965.5936278268 4505.667561240274 -1741.1927300616503 -4382.790878656795
-3476552.9621928623 -5313166.058140084 -1185341.1919475477 4497.505785967052 -1728.9830847361318 -4368.356016143966
-3472059.6738254046 -5314888.8937860215 -1189702.2048392142 4489.015429895164 -1716.6709417129243 -4353.6187047761905
-3467575.0438834503 -5316599.365132948 -1194048.3259267309 4480.187436154721 -1704.2541345449204 -4338.571117150236
-3463099.4144788906 -5318297.3664783 -1198379.241090293 4471.012879588942 -1691.7306048596706 -4323.205595741374
-3458633.1365762167 -5319982.790117464 -1202694.6286438075 4461.482982881629 -1679.098407859799 -4307.514668057087
-3454176.569843961 -5321655.526457294 -1206994.1595203772 4451.589087399868 -1666.355700718786 -4291.491018023106
-3449730.082736259 -5323315.464042957 -1211277.4972355517 4441.322157949984 -1653.500557326666 -4275.127008647403
-3445294.053171521 -5324962.489363601 -1215544.2972766508 4430.672268686319 -1640.5307808097225 -4258.414190018824
-3440868.869466183 -5326596.486569351 -1219794.2062511153 4419.628548271455 -1627.4438909255996 -4241.343252184603
-3436454.9312830833 -5328217.337190958 -1224026.8610266584 4408.179174650678 -1614.2371303401442 -4223.904026080881
-3432052.6505678524 -5329824.919872099 -1228241.8878888853 4396.3114553749865 -1600.907502231406 -4206.085566434515
-3427662.4521071385 -5331419.110247395 -1232438.902066513 4384.012567289883 -1587.4520465915268 -4187.876864463217
-3423284.773269575 -5332999.7811217755 -1236617.508041183 4371.270208211238 -1573.8680776402182 -4169.2674714070135
-3418920.0634273766 -5334566.802763891 -1240777.300161166 4358.0726793925005 -1560.1532101989833 -4150.247574756432
-3414568.78333421 -5336120.04321146 -1244917.8632939877 4344.408920214512 -1546.30536816487 -4130.808028405036
-3410231.404542614 -5337659.368558555 -1249038.7734385454 4330.268269501665 -1532.3226957505121 -4110.940122918831
-3405908.409550142 -5339184.642981646 -1253139.5976429451 4315.63931647238 -1518.203149822919 -4090.6344939259134
-3401600.2928877473 -5340695.728436037 -1257219.8930306092 4300.509392849421 -1503.944328707296 -4069.8806461306954
-3397307.5623850795 -5342192.484300256 -1261279.2056660566 4284.864572475499 -1489.5434834787584 -4048.6669612202995
-3393030.7404135554 -5343674.767039736 -1265317.0694500725 4268.689735482705 -1474.9975517780986 -4026.9807668226204
-3388770.3647859236 -5345142.430000541 -1269333.00534712 4251.9693334990325 -1460.3034325393392 -4004.8090658301276
-3384526.988591274 -5346595.323577577 -1273326.5216218082 4234.68845154797 -1445.4583549319336 -3982.139539581212
-3380301.1794240745 -5348033.295590352 -1277297.1146456318 4216.833003650278 -1430.459941503524 -3958.96072911615
-3376093.5185261043 -5349456.191683686 -1281244.2697821078 4198.389781319654 -1415.306219497643 -3935.2620769342852
-3371904.6000319812 -5350863.855688327 -1285167.4621710058 4179.346019005071 -1399.9954695356048 -3911.033516123903
-3367735.0312313423 -5352256.129636934 -1289066.1565582203 4159.687994476899 -1384.5257563455013 -3886.2641602783438
-3363585.433809383 -5353632.85345805 -1292939.8062142069 4139.400642247854 -1368.8948103129146 -3860.9419497084896
-3359456.445163109 -5354993.8646574225 -1296787.8517907509 4118.467619946554 -1353.1000628848367 -3835.0537230524787
-3355348.7195540913 -5356338.998066412 -1300609.7203396042 4096.871704785543 -1337.1387895155185 -3808.5855955955963
-3351262.928292637 -5357668.085918466 -1304404.825240128 4074.596255810052 -1321.0085955384072 -3781.5243247686644
-3347199.7586986497 -5358980.9583270075 -1308172.5672656107 4051.6259273552423 -1304.7076449042477 -3753.8579703145424
-3343159.9127431256 -5360277.443860474 -1311912.335941238 4027.9467746499845 -1288.234685988888 -3725.575986092611
-3339144.1057050875 -5361557.37010385 -1315623.5108815017 4003.5459519472242 -1271.588946566806 -3696.6689346269336
-3335153.0658652354 -5362820.563883 -1319305.4621645159 3978.4100316081276 -1254.769595395927 -3667.1269316954667
-3331187.535574626 -5364066.851055302 -1322957.5494388544 3952.5243013677787 -1237.775529385735 -3636.93900489427
-3327248.2724851216 -5365296.056262127 -1326579.120890501 3925.872910741297 -1220.6054341392226 -3606.0932388910605
-3323336.0504033403 -5366508.002812808 -1330169.5125659606 3898.4397170566385 -1203.2580597967967 -3574.5775616895294
-3319451.658372518 -5367702.5131266415 -1333728.0493281041 3870.210730197643 -1185.7329798958308 -3542.3819891821804
-3315595.897905313 -5368879.40973849 -1337254.0475021112 3841.175034107824 -1168.0308583249487 -3509.499457281775
-3311769.5798502224 -5370038.516395779 -1340746.8178415028 3811.324831048172 -1150.1534396219654 -3475.9258454350966
-3307973.521833802 -5371179.65895845 -1344205.6679520449 3780.65381308738 -1132.103036029325 -3441.6584757289756
-3304208.548469813 -5372302.665451998 -1347629.9021834675 3749.1540242788083 -1113.8815817553052 -3406.6932519394136
-3300475.493358375 -5373407.365593688 -1351018.819898236 3716.8154979977503 -1095.4905450390957 -3371.024344205554
-3296775.200873807 -5374493.590404177 -1354371.7139485532 3683.626911225169 -1076.9311438748057 -3334.644798817656
-3293108.5261121383 -5375561.172378273 -1357687.8708343832 3649.5788561970953 -1058.2053167276495 -3297.5495099476993
-3289476.3313191147 -5376609.946682157 -1360966.5740454833 3614.666594214925 -1039.3165066164163 -3259.7376971240105
-3285879.4810248176 -5377639.752695894 -1364207.1085503206 3578.8902807513564 -1020.2696872856807 -3221.2130801540893
-3282318.837446463 -5378650.435439081 -1367408.765014217 3542.253986530261 -1001.0710442703327 -3181.9829690516985
-3278795.258043689 -5379641.8463499695 -1370570.8420561906 3504.762800675033 -981.7271266960873 -3142.0556403909204
-3275309.595027322 -5380613.843497347 -1373692.6467399222 3466.4221676685397 -962.2446568754492 -3101.439739364137
-3271862.694838009 -5381566.291800648 -1376773.4950914187 3427.2383191881936 -942.6306512122982 -3060.1446667012374
-3268455.3966913754 -5382499.0635064645 -1379812.7134497005 3387.2197937756455 -922.8928335860155 -3018.1819320320087
-3265088.5295211487 -5383412.039092535 -1382809.6412382224 3346.3786936893084 -903.0399585841084 -2975.5662597094765
-3261762.9082999467 -5384305.1083143065 -1385763.634271155 3304.7308339935375 -883.0818201765919 -2932.31569843784
-3258479.330475247 -5385178.171187803 -1388674.0679335666 3262.295284379412 -863.0290960716906 -2888.4511906323064
-3255238.5732350093 -5386031.138720254 -1391540.3396032914 3219.093408555601 -842.8930644430683 -2843.9957007767885
-3252041.3912977907 -5386863.933477644 -1394361.8705907648 3175.1488070560163 -822.685567893898 -2798.9741496009856
-3248888.514650658 -5387676.490145319 -1397138.108110016 3130.487267470542 -802.4189796408468 -2753.4133550221973
-3245780.6467152853 -5388468.7559574125 -1399868.5268575102 3085.1360252666245 -782.1059936726256 -2707.3413672554525
-3242718.463043779 -5389240.6909736805 -1402552.6301129053 3039.1236217519227 -761.7595747305724 -2660.78733400496
-3239702.6098128343 -5389992.268393918 -1405189.9510069487 2992.4805181953893 -741.3930980643453 -2613.7820278498907
-3236733.7005855828 -5390723.47528472 -1407780.0552902312 2945.2420878935923 -721.0210652413217 -2566.3604412196896
-3233812.3101271284 -5391434.313991661 -1410322.5466433032 2897.4505756520766 -700.6595249915773 -2518.5634514364915
-3230938.9677318926 -5392124.803597603 -1412817.0723594725 2849.15438254563 -680.3258187009484 -2470.437140530643
-3228114.152856937 -5392794.9807495475 -1415263.3269702822 2800.40368135151 -660.0374627551166 -2422.028942965723
-3225338.296148119 -5393444.899155964 -1417661.0511652175 2751.2456527731943 -639.8110032995899 -2373.383509736888
-3222611.782569661 -5394074.628597563 -1420010.028899003 2701.7246695375675 -619.662087916663 -2324.5428879948417
-3219934.9531856454 -5394684.254278294 -1422310.0856810894 2651.88486669179 -599.6060789210409 -2275.548749590347
-3217308.103322544 -5395273.877009871 -1424561.0899814223 2601.7739074879933 -579.658895757503 -2226.445616022611
-3214731.478682118 -5395843.613824038 -1426762.9563695146 2551.4433009572567 -559.8370316177537 -2177.281091640875
-3212205.271757803 -5396393.598457944 -1428915.648351662 2500.947845692308 -540.1573705161431 -2128.1053457462513
-3209729.6188860573 -5396923.981642301 -1431019.18062522 2450.3449522295564 -520.63698410162 -2078.9704957249082
-3207304.5979208285 -5397434.931201951 -1433073.6207651673 2399.694080580115 -501.29296096639774 -2029.9300936733982
-3204930.2266244157 -5397926.631957263 -1435079.0902697316 2349.0555895978528 -482.14212128711523 -1981.0381214045474
-3202606.4631045116 -5398399.285163867 -1437035.7638511867 2298.4880826792732 -463.20044286316545 -1932.3467317264985
-3200333.20812002 -5398853.107558883 -1438943.8671440687 2248.047682607368 -444.4829189501188 -1883.9056421304917
-3198110.307368628 -5399288.330421488 -1440803.6744368065 2197.788575893476 -426.0036786885917 -1835.762600528387
-3195937.5526687913 -5399705.198858378 -1442615.507334793 2147.764563709471 -407.77629065548615 -1787.9646832270041
-3193814.6819806444 -5400103.971304612 -1444379.7343868536 2098.0295187398197 -389.8138303430152 -1740.5586620369047
-3191741.379528577 -5400484.918980588 -1446096.7706101506 2048.636935037151 -372.1287695518757 -1693.5906122220342
-3189717.2765659494 -5400848.325206757 -1447767.076466619 1999.639123943917 -354.7328093908822 -1647.1052335067584
-3187741.952870687 -5401194.484571354 -1449391.1562257109 1951.0866792900865 -337.636775605031 -1601.1454032237777
-3185814.9386069737 -5401523.702028759 -1450969.556023043 1903.0280934165648 -320.8505507894101 -1555.7518608721991
-3183935.717168172 -5401836.291833443 -1452502.8611182568 1855.508074686777 -304.3827990048161 -1510.9618391820036
-3182103.7296423144 -5402132.576224739 -1453991.6918443018 1808.5665500151272 -288.24083874007187 -1466.8082784081219
-3180318.379358188 -5402412.884146345 -1455436.6995256327 1762.2393114044073 -272.4308002707418 -1423.3203896672687
-3178579.035000679 -5402677.550239206 -1456838.5635893876 1716.5603852776615 -256.9580330014309 -1380.5255980946936
-3176885.0311540505 -5402926.914248963 -1458197.990766426 1671.5639911269686 -241.82739887618496 -1338.451118663339
-3175235.668274289 -5403161.320497855 -1459515.7147371958 1627.2839861660734 -227.04315827903616 -1297.1234882423826
-3173630.2139280704 -5403381.117147615 -1460792.4947457928 1583.7517784191948 -212.60865850195765 -1256.5668883671058
-3172067.9065966676 -5403586.655109367 -1462029.1121735412 1540.9939957705878 -198.52604223281105 -1216.8013115980611
-3170547.96047674 -5403778.286868568 -1463226.3663566983 1499.032690223677 -184.79634138064517 -1177.8427709180921
-3169069.5696349135 -5403956.3654607935 -1464385.0709625215 1457.8862957002625 -171.41966153857112 -1139.704099518499
-3167631.9109472027 -5404121.243652475 -1465506.0513594027 1417.5708871420281 -158.39537934484994 -1102.3959702075017
-3166234.1462653684 -5404273.273248055 -1466590.1426167446 1378.1004364103583 -145.72219770362506 -1065.927113549154
-3164875.4245482874 -5404412.804424718 -1467638.1875490928 1339.4867217576184 -133.39815972485886 -1030.304264773825
-3163554.8841879023 -5404540.185072838 -1468651.0346286336 1301.7390708271737 -121.42065140725074 -995.5319863565223
-3162271.655477972 -5404655.760154819 -1469629.5358111404 1264.8643739450574 -109.78643924102386 -961.6127040723076
-3161024.8629994295 -5404759.871109698 -1470574.5444526933 1228.8671459797645 -98.49171490741875 -928.5467819478771
-3159813.6281428565 -5404852.855286994 -1471486.913151338 1193.7491962524314 -87.5321112062574 -896.3323028740674
-3158637.07186647 -5404935.045409781 -1472367.4914447991 1159.5096303694631 -76.9027556959965 -864.9651077551911
-3157494.317228342 -5405006.769109876 -1473217.12371689 1126.1451956367082 -66.5983507086001 -834.4390933983517
-3156384.4916158603 -5405068.348536893 -1474036.6473676465 1093.6505145493873 -56.61323948891228 -804.7464223431491
-3155306.7287740316 -5405120.100029239 -1474826.8911677017 1062.0182946393752 -46.94146672908565 -775.8777121851374
-3154260.1705774744 -5405162.33384599 -1475588.673834725 1031.239618188869 -37.576838502875674 -747.8222803113205
-3153243.968491896 -5405195.353955811 -1476322.802867095 1001.3042917928196 -28.51297663257325 -720.5684265814457
-3152257.2846433916 -5405219.457876585 -1477030.07368751 972.2012308152354 -19.743363523565577 -694.1037337318431
-3151299.292626034 -5405234.936550793 -1477711.2689947523 943.9185956294964 -11.261369993058853 -668.4151821975792
-3150369.1782525624 -5405242.074245558 -1478367.1581725394 916.4437407800945 -3.060278181519467 -643.4891305697123
-3149466.1405781414 -5405241.148476384 -1478998.4965238567 889.7627673905464 4.866691122294819 -619.3110214661331
-3148589.393201395 -5405232.429967246 -1479606.0243366195 863.8605341075399 12.5263339765093 -595.8654202445617
-3147738.165358782 -5405216.1826557545 -1480190.4661254091 838.7209411668426 19.925420487025903 -573.1362436242676
-3146911.70283949 -5405192.663738975 -1480752.5300271122 814.3269698003579 27.070654586094488 -551.1068152522663
-3146109.2689043554 -5405162.123760373 -1481292.9072223501 790.6607341127594 33.96863358739553 -529.759930128008
-3145330.145012223 -5405124.806732228 -1481812.271516316 767.7037791307843 40.625818853946264 -509.07808355386123
-3144573.6311581284 -5405080.95027672 -1482311.2792042173 745.4376397971524 47.04853402441232 -489.04386352625255
-3143839.045398951 -5405030.785741304 -1482790.569487424 723.8447436968488 53.24301251903193 -469.6405494096734
-3143125.722879767 -5404974.538273055 -1483250.7652104395 702.9084503312837 59.2154236865414 -450.85212112270636
-3142433.0150585785 -5404912.426882406 -1483692.4734515205 682.6126022345751 64.97185894035078 -432.66295447649054
-3141760.2900858303 -5404844.6645987425 -1484116.2853687603 662.9396103596538 70.51814688177095 -415.0566094388184
-3141106.9348868937 -5404771.458834412 -1484522.7749989284 643.869587976582 75.85968121634257 -398.0153434069635
-3140472.3571041953 -5404693.01183855 -1484912.498216868 625.3811476100288 81.00139700696789 -381.52068540476273
-3139855.985900741 -5404609.5211118385 -1485285.992464597 607.4530774860822 85.94790682205506 -365.5545148380676
-3139257.270463116 -5404521.179555507 -1485643.7779060134 590.0667393281849 90.70383653174424 -350.10050653857513
-3138675.6772903115 -5404428.1753914775 -1485986.3592723778 573.2060438340884 95.2739216819661 -335.14404650589614
-3138110.6879938683 -5404330.692056359 -1486314.2273315897 556.8566231819268 99.66297176488781 -320.67167732659976
-3137561.798619855 -5404228.908277894 -1486627.8594186432 541.0035552157873 103.87551903457651 -306.66974866436186
-3137028.521013644 -5404122.998521198 -1486927.7187925954 525.630199177121 107.91554645181175 -293.1237909152779
-3136510.3842843 -5404013.13353941 -1487214.2539961305 510.7187830216571 111.78650361119735 -280.01891514564056
-3136006.9355075113 -5403899.480855409 -1487487.8987001742 496.25139335872734 115.49144811938301 -267.340407864728
-3135517.739082001 -5403782.2049899865 -1487749.072315156 482.21144972965743 119.03336661206397 -255.0745403087632
-3135042.375206685 -5403661.467464451 -1487998.1810611938 468.5838970504025 122.41527383482274 -243.2086343150763
-3134580.4384750137 -5403537.426770575 -1488235.618933483 455.3549327992042 125.64020549300201 -231.7308761760167
-3134131.5369595047 -5403410.238415696 -1488461.7683764866 442.51122789368304 128.71105113558784 -220.62988690387144
-3133695.292138793 -5403280.055176685 -1488677.0005129413 430.0392849668915 131.6303744473783 -209.89439739331408
-3133271.339012307 -5403147.027422406 -1488881.6752888465 417.92559865791253 134.4004358950061 -199.5133448191844
-3132859.3259940143 -5403011.303390305 -1489076.1417412125 406.1568904635903 137.02325104250423 -189.4759965264443
-3132458.914533649 -5402873.029382979 -1489260.7384010495 394.72041239252854 139.50069076802797 -179.7720930856558
-3132069.7784948023 -5402732.349874038 -1489435.7938036413 383.60409151466115 141.8345485842635 -170.39190276323285
-3131691.6034697387 -5402589.407568963 -1489601.6270118433 372.7965437251039 144.0265720174891 -161.32620933569862
-3131324.0860925666 -5402444.343437554 -1489758.548120785 362.2870664705307 146.07848868517885 -152.56628885995588
-3130966.9333687094 -5402297.296723221 -1489906.8587350436 352.0656159542237 147.992027290984 -144.10387910799938
-3130619.862026134 -5402148.404930818 -1490046.8524156648 342.1227876811052 149.76894000735953 -135.93115039205975
-3130282.59788703 -5401997.803792465 -1490178.8150975842 332.4497858855001 151.41101997916905 -128.04067199312348
-3129954.8753483924 -5401845.627252237 -1490303.0254437826 323.03818736920545 152.92002201866146 -120.42530161922357
-3129636.437199205 -5401692.007585291 -1490419.7550567186 313.87961649766623 154.29752172092458 -113.07805524432733
-3129327.0345512345 -5401537.075569373 -1490529.26864638 304.9658284950323 155.54494994189068 -105.99214151169602
-3129026.426637463 -5401380.960594735 -1490631.824248347 296.28885103354935 156.66366488607366 -99.161010953227
-3128734.380438813 -5401223.790679023 -1490727.673496307 287.84120781621294 157.65508215206262 -92.57842257369897
-3128450.670072157 -5401065.692333902 -1490817.061959187 279.6161121426159 158.52080965368825 -86.238486081292
-3128175.07610393 -5400906.79035323 -1490900.2294761066 271.6074421739049 159.26267713212866 -80.1356241643069
-3127907.384914557 -5400747.20758634 -1490977.4104454839 263.80967659243674 159.88274183744693 -74.26452352154612
-3127647.3881709105 -5400587.064734402 -1491048.8340544433 256.21772467473335 160.38322458821366 -68.62006007166175
-3127394.882492677 -5400426.480232164 -1491114.7244314507 248.82676354073763 160.7664355995512 -63.197236249947686
-3127149.6691859 -5400265.570150641 -1491175.3007663963 241.632247927223 161.03479799138515 -57.99117161916756
-3126911.5539544113 -5400104.448067851 -1491230.777424099 234.6299267087227 161.19087739104822 -52.99709400420087
-3126680.3466291223 -5399943.224932381 -1491281.3640403636 227.81577458240716 161.23735464018458 -48.21031052104986
-3126455.8610021393 -5399782.008982326 -1491327.2655828968 221.18589091488795 161.1769688987703 -43.62617605110782
-3126237.9146921164 -5399620.9056756925 -1491368.6823982762 214.73653145347825 161.0125486927778 -39.24009402636523
-3126026.328966458 -5399460.017580002 -1491405.8102609927 208.4641479726804 160.74705242566392 -35.047516248035464
-3125820.9285331797 -5399299.444226199 -1491438.8404191246 202.3654096171712 160.38359911623039 -31.043936647917164
-3125621.541319532 -5399139.28193683 -1491467.959631557 196.43720877850765 159.92548937501874 -27.22488096780754
-3125427.9982503103 -5398979.623637187 -1491493.3501937154 190.6766564249725 159.3762186805138 -23.585894376257578
-3125240.1330353706 -5398820.558657017 -1491515.1899503875 185.0810685541023 158.73948294121834 -20.12252819857088
-3125057.781975362 -5398662.172531243 -1491533.6522951722 179.64794028170576 158.0191720290681 -16.83032629137292
-3124880.783815591 -5398504.546828024 -1491548.9061551285 174.3748725714578 157.21931836696697 -13.704809252175124
-3124708.979672723 -5398347.759031382 -1491561.115962121 169.25951949978628 156.34405633378606 -10.741465540856705
-3124542.2129839137 -5398191.882439966 -1491570.4416196242 164.29958570425424 155.3976223736659 -7.93574966769011
-3124380.329458317 -5398036.986065966 -1491577.0384680324 159.49282106051112 154.38435177078338 -5.283080740298334
-3124223.1770401583 -5397883.1345438035 -1491581.057248648 154.8369974295086 153.30865679772108 -2.778841293058305
-3124070.605918024 -5397730.388084742 -1491582.644067012 150.32984560135563 152.1749620065649 -0.4183777749331292
-3123922.468578972 -5397578.802481302 -1491581.940359212 145.969039322043 150.9876802275373 1.8029940600050418
-3123778.6198605555 -5397428.429118688 -1491579.082864511 141.75220508217285 149.75121295746808 3.8899825356986386
-3123638.916995329 -5397279.314988011 -1491574.2036045142 137.67692674379623 148.46994565607466 5.847313545781446
-3123503.219653183 -5397131.50270691 -1491567.4298689745 133.74074529436461 147.14823759344532 7.679723707777794
-3123371.3899863 -5396985.030553246 -1491558.8842087903 129.9411543429804 145.79040630153892 9.391952787634688
-3123243.292678671 -5396839.932514949 -1491548.6844369508 126.27559606827262 144.40071142214134 10.988735399249538
-3123118.7949993247 -5396696.238356163 -1491536.9436381194 122.7414575910835 142.9833379982564 12.47479203084586
-3122997.7668592394 -5396553.973700643 -1491523.77018752 119.336067306456 141.54237876239714 13.854819417272576
-3122880.0808730745 -5396413.160134711 -1491509.2677799098 116.05668379903125 140.08180659174354 15.133479346843133
-3122765.6124619427 -5396273.815374706 -1491493.5354741977 112.90041961654204 138.60536599825213 16.3153773736553
-3122654.240028545 -5396135.953541676 -1491476.6677611659 109.8642036406079 137.11650446458665 17.405041950928194
-3122545.8451192863 -5395999.58544429 -1491458.7546459213 106.94482771998815 135.61840562239715 18.406914660006766
-3122440.3125386867 -5395864.718825036 -1491439.8817384352 104.13899021678938 134.11402320709846 19.32534313371345
-3122337.5304250037 -5395731.3585763 -1491420.1303504673 101.44333045353548 132.6061076813619 20.164575304801087
-3122237.390290172 -5395599.506926338 -1491399.5775967133 98.85447668986468 131.09725433900164 20.92875895032095
-3122139.786970648 -5395469.163520375 -1491378.296486163 96.36916973425916 129.59005716042347 21.62196099217262
-3122044.618489054 -5395340.325388728 -1491356.3559981873 93.9842902054804 128.08714367806888 22.248172414459493
-3121951.78593649 -5395212.986943243 -1491333.821163591 91.69681352229308 126.5911133633256 22.811297443657843
-3121861.1933967685 -5395087.140033074 -1491310.7531570797 89.50377370334674 125.10448419152252 23.315142197134232
-3121772.747901563 -5394962.774048101 -1491287.209400791 87.40223743465273 123.62965059702562 23.76340398567416
-3121686.359408186 -5394839.876060757 -1491263.243678327 85.38927948951093 122.16884138988475 24.159659655346452
-3121601.940830258 -5394718.431051284 -1491238.9062690362 83.46189300405875 120.72398231758886 24.5073340285655
-3121519.408158464 -5394598.422273645 -1491214.2441157869 81.61693417025894 119.29660253290699 24.809674441624793
-3121438.6805763217 -5394479.831629057 -1491189.3010013897 79.8511700607677 117.8878892624357 25.069754917598303
-3121359.680524327 -5394362.639977031 -1491164.1177181317 78.1613268607849 116.49874788499535 25.290483763678488
-3121282.3337207413 -5394246.827391209 -1491138.7322296489 76.54412861560127 115.12985247670889 25.47461125046249
-3121206.569147732 -5394132.37336888 -1491113.1798251644 74.99632802565682 113.78168809696884 25.624737177583263
-3121132.319009361 -5394019.257000694 -1491087.493266008 73.51473470431964 112.45459222626377 25.743319624747105
-3121059.51865035 -5393907.457080802 -1491061.7029186268 72.09626706379515 111.14883513000788 25.832693880488545
-3120988.1064283727 -5393796.952143205 -1491035.8368693825 70.73798074664664 109.86466767465856 25.895085431591408
-3120918.023580213 -5393687.720483623 -1491009.9210336509 69.43706018941646 108.60231385015285 25.932610792051975
-3120849.214097732 -5393579.740190992 -1490983.9792646063 68.19080941838351 107.36196199297794 25.94727797593504
-3120781.6246121535 -5393472.989186415 -1490958.033461247 66.99664455301053 106.14375858295692 25.940987540061304
-3120715.2042851313 -5393367.445267201 -1490932.1036751082 65.85208769283237 104.94780422539182 25.915534156410672
-3120649.904705354 -5393263.086153965 -1490906.2082151582 64.75476176635127 103.77415123362152 25.87260860739839
-3120585.6797922757 -5393159.889543272 -1490880.3637514578 63.70237838608385 102.62279006831945 25.813797028982908
-3120522.48572073 -5393057.833187971 -1490854.5854231564 62.69271268335378 101.4936145853024 25.74057472643685
-3120460.280859343 -5392956.894994215 -1490828.8869482314 61.72360339155912 100.38642759889181 25.65430997614412
-3120399.02570265 -5392857.053102684 -1490803.2807267602 60.792961171611466 99.30096023035594 25.556271512337407
-3120338.6827959158 -5392758.285951836 -1490777.7779369273 59.89877475828449 98.23688829580286 25.447635503952068
-3120279.2166548246 -5392660.572326203 -1490752.3886243312 59.039115129792755 97.19384588433823 25.329491983813124
-3120220.5936818444 -5392563.891392347 -1490727.1217851185 58.21213804449022 96.17143653864817 25.20285077254149
-3120162.7820807504 -5392468.222724677 -1490701.9854434268 57.41608523874733 95.16924239973005 25.06864693978787
-3120105.7517704186 -5392373.546322857 -1490676.9867235464 56.64928497080156 94.18683235302107 24.927746035052667
-3120049.4742972604 -5392279.842619695 -1490652.131916476 55.910154285423516 93.22377306162754 24.78095009054121
-3119993.922746195 -5392187.092479328 -1490627.4265408302 55.19719864358057 92.27963561802125 24.629002461043438
-3119939.0716539463 -5392095.277192047 -1490602.8753998012 54.509008342259555 91.35399674410627 24.47259116974674
-3119884.896926105 -5392004.378468321 -1490578.4826349155 53.844254720889204 90.44643945820103 24.31235203544484
-3119831.375757977 -5391914.378432241 -1490554.2517767278 53.2016863794649 89.55655356807611 24.148871670006713
-3119778.4865591987 -5391825.259614546 -1490530.1857925835 52.58012543620375 88.68393602584392 23.982690351325946
-3119726.208882068 -5391737.004945338 -1490506.2871315652 51.97846384712541 87.82819117380771 23.814304776182457
-3119674.5233535096 -5391649.597746617 -1490482.5577667453 51.39565980541143 86.98893090482007 23.64417069681389
-3119623.411610602 -5391563.02172467 -1490458.9992348605 50.830734240954726 86.1657747668805 23.472705447431863
-3119572.8562395168 -5391477.260962339 -1490435.612673498 50.28276749822968 85.35835014131358 23.300290394785076
-3119522.840717717 -5391392.299911107 -1490412.3988558815 49.750896109958646 84.56629235339089 23.127273273941853
-3119473.349359381 -5391308.123383202 -1490389.3582234022 49.23430958377371 83.78924457360321 22.953970370196675
-3119424.367263987 -5391224.716543809 -1490366.4909160202 48.7322473107353 83.02685769400162 22.780668597417673
-3119375.880267917 -5391142.06490341 -1490343.7968006383 48.243995609762614 82.278790205092 22.607627480583684
-3119327.87489895 -5391060.154310252 -1490321.2754975376 47.76888490730836 81.54470807467506 22.435081044047205
-3119280.3383335103 -5390978.970942918 -1490298.926404974 47.30628705082866 80.82428462942126 22.26323960718767
-3119233.2583565335 -5390898.501303041 -1490276.7487220215 46.85561275395298 80.11720043952587 22.09229148926146
-3119186.6233238247 -5390818.732208105 -1490254.7414697586 46.41630917071964 79.42314320645686 21.922404625398453
-3119140.4221267984 -5390739.650784405 -1490232.903510889 45.98785736825491 78.74180726399615 21.753727988217825
-3119094.6441612314 -5390661.244463159 -1490211.2335687184 45.56976604063888 78.07288643328233 21.586391086719363
-3119049.279303523 -5390583.500985952 -1490189.7302472822 45.16156488163314 77.41606607515354 21.420503153093776
-3119004.3178898348 -5390506.408411824 -1490168.3920505852 44.7628048618324 76.7710267676119 21.2561554605758
-3118959.7506943503 -5390429.955119724 -1490147.217399297 44.37305906547007 76.13744876768023 21.09342378710408
-3118915.5689069577 -5390354.129807045 -1490126.204645167 43.991923012134826 75.51501541967255 20.93237051787809
-3118871.76411083 -5390278.9214852005 -1490105.3520834977 43.61901457484605 74.90341570286873 20.773046440984885
-3118828.328260243 -5390204.319473012 -1490084.6579639514 43.25397358895994 74.30234608419751 20.615492283399238
-3118785.253658907 -5390130.313388533 -1490064.120499938 42.896461229558994 73.71151181394086 20.459740027539212
-3118742.5329390117 -5390056.893139803 -1490043.7378767792 42.54615922075161 73.13062777895128 20.305814042410184
-3118700.159041124 -5389984.04891493 -1490023.5082588226 42.20276892830455 72.5594190078746 20.15373205807763
-3118658.1251950255 -5389911.771171814 -1490003.429795648 41.86601046433278 71.9976210562185 20.00350604942683
-3118616.424900702 -5389840.050626245 -1489983.5006270765 41.535623821932546 71.44498374836091 19.855143998280646
-3118575.0519071207 -5389768.878234492 -1489963.7188859498 41.21137097924214 70.90127646183171 19.70865203374489
-3118534.0001911283 -5389698.245174482 -1489944.0826998712 40.893033714623236 70.36628591606214 19.564034441286754
-3118493.263939027 -5389628.142830102 -1489924.5901932127 40.58041093108147 69.83981300090082 19.421293357449372
-3118452.837530608 -5389558.562778348 -1489905.2394893633 40.27331640079277 69.32167021869682 19.280428590562213
-3118412.7155252583 -5389489.496778781 -1489886.0287131045 39.971576865337646 68.81167963653422 19.141437541799338
-3118372.8926498196 -5389420.936764805 -1489866.955993023 39.675030433028226 68.30967125461672 19.004315203317432
-3118333.363787913 -5389352.8748364085 -1489848.019463896 39.38352522430486 67.81548171284285 18.869054214461386
-3118294.12397052 -5389285.303254054 -1489829.217268999 39.09691822423166 67.32895327106581 18.7356449605884
-3118255.1683676164 -5389218.214433476 -1489810.5475622949 38.81507430791445 66.84993300986518 18.60407570205537
-3118216.4922807086 -5389151.600941184 -1489792.0085104879 38.53786541034138 66.3782722081006 18.47433272339787
-3118178.091136138 -5389085.455490514 -1489773.5982949187 38.26516978159247 65.91382580057859 18.346400477861756
-3118139.960479547 -5389019.770938971 -1489755.315113536 37.996869927159494 65.4564495087125 18.220261059181254
-3118102.0959736435 -5388954.540290616 -1489737.1571840146 37.73284889542403 65.0059940667004 18.095892841377044
-3118064.493397825 -5388889.756701044 -1489719.1227473565 37.47299047205019 64.56230612408511 17.973270955272657
-3118027.1486468455 -5388825.413480181 -1489701.2100706736 37.21718031826981 64.12523072474538 17.85236818431638
-3117990.057728505 -5388761.504092907 -1489683.4174491647 36.9653067959141 63.694613200516805 17.73315567942928
-3117953.216760649 -5388698.02215802 -1489665.743207453 36.71726153409291 63.27030057747428 17.615603521464788
-3117916.6219676975 -5388634.9614460105 -1489648.185700429 36.472939795833014 62.85214259861178 17.499681161406357
-3117880.2696769005 -5388572.315875953 -1489630.7433137014 36.23224069130825 62.4399924463567 17.38535776272428
-3117844.156314427 -5388510.079511806 -1489613.414463746 35.99506727481582 62.033707231841994 17.272602465654785
-3117808.278401413 -5388448.246558323 -1489596.1975978236 35.76132655491324 61.63314830433941 17.161384589336826
-3117772.6325500295 -5388386.811356708 -1489579.091193721 35.53092944091476 61.23818142336622 17.05167378464484
-3117737.215459629 -5388325.768380171 -1489562.0937593596 35.30379064388785 60.848676827085725 16.943440148015075
-3117702.0239130026 -5388265.112229445 -1489545.2038323057 35.07982854765779 60.46450922591652 16.8366543051897
-3117667.0547727263 -5388204.83762824 -1489528.419979182 34.85896530496975 60.085558163133285 16.731287588709435
-3117632.3049769173 -5388144.939417506 -1489511.7407946724 34.64112781481532 59.711709874790294 16.62731262524512
-3117597.7715343763 -5388085.4125484675 -1489495.164900122 34.426247699968556 59.34285740868821 16.524703431184633
-3117563.451520223 -5388026.252076361 -1489478.6909422697 34.214260585129665 58.978899522161996 16.423435161783573
-3117529.3420722084 -5387967.4531552 -1489462.317592217 34.0051054941035 58.61973977085299 16.32348390769314
-3117495.440387565 -5387909.011033345 -1489446.0435445728 33.79872436664516 58.265285790829466 16.224826540081125
-3117461.7437202935 -5387850.921049724 -1489429.8675167349 33.59506167022842 57.915448732584345 16.12744059330614
-3117428.249378795 -5387793.178630548 -1489413.788248273 33.394064087086626 57.5701428141279 16.031304176479168
-3117394.954723789 -5387735.779286424 -1489397.8045003891 33.195680260935696 57.2292849673052 15.936395907129715
-3117361.8571664584 -5387678.718609791 -1489381.9150554335 32.99986059103372 56.89279455697965 15.842694861690529
-3117328.95416678 -5387621.992272602 -1489366.1187164672 32.8065570638023 56.56059315707877 15.750180538692637
-3117296.24323201 -5387565.596024208 -1489350.4143068537 32.615723114282126 56.232604370955634 15.658832831493305
-3117263.721915292 -5387509.5256894035 -1489334.800669873 32.42731351132078 55.90875368625451 15.56863200809168
-3117231.387814377 -5387453.777166604 -1489319.2766683574 32.24128426166486 55.588968356603075 15.479558696154378
-3117199.2385704247 -5387398.34642613 -1489303.8411843367 32.05759250345248 55.27317725985013 15.391593859484997
-3117167.271867105 -5387343.229508969 -1489288.4931188014 31.876195910063352 54.96130990753287 15.30471853632173
-3117135.485430492 -5387288.42252686 -1489273.231391823 31.697051981755422 54.653295257006356 15.218913521040713
-3117103.877029153 -5387233.9216626845 -1489258.0549427473 31.520118298055422 54.34906217633633 15.134159504651116
-3117072.444473896 -5387179.7231702525 -1489242.962730207 31.34535283992915 54.048540025946764 15.050437246531619
-3117041.18561725 -5387125.823373587 -1489227.9537319879 31.172714217250533 53.75165907385211 14.96772769869077
-3117010.098352752 -5387072.218665868 -1489213.026944789 31.002161824627287 53.45835078461437 14.886012093850125
-3116979.1806141087 -5387018.905508127 -1489198.1813839118 30.8336559437439 53.168548013672 14.805272006272858
-3116948.4303742736 -5386965.880427791 -1489183.4160828926 30.667157806055847 52.882185131184535 14.725489392160464
-3116917.8456444796 -5386913.140017126 -1489168.730093112 30.502629626341495 52.59919809376282 14.64664661482271
-3116887.424473246 -5386860.680931636 -1489154.1224833766 30.340034615070618 52.319524478031255 14.568726458584962
-3116857.164945386 -5386808.499888433 -1489139.592339495 30.179336975579137 52.04310348654498 14.491712134435595
-3116827.0651810174 -5386756.593664619 -1489125.1387638522 30.02050189054535 51.769875933985 14.415587279684585
-3116797.123334594 -5386704.959095687 -1489110.7608749846 29.86349550112591 51.49978421957309 14.340335953345791
-3116767.33759396 -5386653.593073953 -1489096.4578071611 29.708284881238725 51.232772290128196 14.26594262852593
-3116737.7061794307 -5386602.492547031 -1489082.2287099748 29.554838008824895 50.96878559704101 14.192392182778754
-3116708.227342903 -5386551.654516345 -1489068.0727479425 29.403123750748193 50.70777107599713 14.119669894493406
-3116678.8993669087 -5386501.076035547 -1489053.9891000753 29.253112007756524 50.44967740201768 14.047761515684517
-3116649.7205635086 -5386450.754208655 -1489039.9769593687 29.104773804969 50.19445514988062 13.976653318209173
-3116620.6892732307 -5386400.686188251 -1489026.0355323115 28.95808116114312 49.94205657253689 13.90633203340866
-3116591.8038641396 -5386350.869173913 -1489012.1640384558 28.813006966972413 49.69243539470066 13.836784795793116
-3116563.0627310136 -5386301.300410829 -1488998.3617100362 28.6695248910362 49.44554665376062 13.767999099744518
-3116534.4642946036 -5386251.977188542 -1488984.6277916264 28.527609306448213 49.201346576052906 13.699962765928579
-3116506.0070009604 -5386202.896839817 -1488970.961539828 28.387235233013595 48.95979247957515 13.632663914949992
-3116477.6893208115 -5386154.05673959 -1488957.362222981 28.248378291025617 48.7208426965003 13.566090946417404
-3116449.50974898 -5386105.454303984 -1488943.8291208933 28.111014663802575 48.48445651051804 13.500232522047362
-3116421.4668038357 -5386057.08698938 -1488930.361524586 27.975121066822318 48.25059410533511 13.435077551797708
-3116393.559026779 -5386008.952291551 -1488916.9587360513 27.840674721842912 48.01921652157971 13.370615182273681
-3116365.784981745 -5385961.047744811 -1488903.62006802 27.707653334828574 47.790285620095496 13.306834786854909
-3116338.1432547276 -5385913.370921216 -1488890.3448437403 27.576035076783395 47.56376405009739 13.243725957125735
-3116310.632453325 -5385865.919429794 -1488877.1323967625 27.44579856683752 47.3396152210769 13.181278495306017
-3116283.2512062998 -5385818.690915791 -1488863.9820707326 27.316922857092642 47.11780327762246 13.11948240745604
-3116255.998163149 -5385771.683059951 -1488850.8932191909 27.189387418856548 46.8982930765307 13.058327897286846
-3116228.871993697 -5385724.893577817 -1488837.8652053776 27.06317213235627 46.68105016982521 12.997805361587591
-3116201.871387667 -5385678.320219002 -1488824.897402033 26.938257330271295 46.46604088051663 12.937905411452409
-3116174.9950541924 -5385631.960766359 -1488811.9891911629 26.814623861864774 46.25323241378461 12.878618903351985
-3116148.2417213153 -5385585.813035124 -1488799.139963803 26.692253048431404 46.04259278063282 12.819936917972472
-3116121.610135544 -5385539.874872155 -1488786.3491198062 26.571126631517007 45.83409070905038 12.761850735558497
-3116095.0990614514 -5385494.144155253 -1488773.6160676528 26.451226734359224 45.627695577949744 12.704351817583643
-3116068.707281307 -5385448.618792538 -1488760.940224278 26.33253583295477 45.4233773676783 12.647431793023772
-3116042.4335947395 -5385403.296721861 -1488748.3210149074 26.21503673404204 45.22110662242636 12.591082447932965
-3116016.276818411 -5385358.175910261 -1488735.7578729067 26.098712558071647 45.02085442120787 12.535295717398203
-3115990.235785713 -5385313.254353442 -1488723.250239634 25.983546725751804 44.82259235497801 12.480063679195991
-3115964.309346471 -5385268.530075267 -1488710.7975643005 25.869522947174136 44.62629250817443 12.425378548674992
-3115938.4963666582 -5385224.001127273 -1488698.3993038351 25.75662521279267 44.43192744342996 12.371232674517
-3115912.7957281223 -5385179.665588203 -1488686.0549227532 25.644837785735323 44.23947018856113 12.317618535127584
-3115887.206328312 -5385135.521563543 -1488673.7638930278 25.534145195090424 44.048894225217886 12.26452873548601
-3115861.7270800187 -5385091.567185076 -1488661.5256939644 25.42453222989568 43.8601734787267 12.211956004324666
-3115836.3569111163 -5385047.800610441 -1488649.3398120804 25.315983933644482 43.67328230880959 12.159893191550083
-3115811.0947643095 -5385004.220022704 -1488637.2057409824 25.208485599177468 43.488195500953 12.108333265843017
-3115785.939596888 -5384960.823629936 -1488625.1229812508 25.102022763862692 43.30488825826157 12.057269312391936
-3115760.8903804845 -5384917.6096648 -1488613.0910403226 24.996581204996144 43.12333619368023 12.006694530727788
-3115735.946100851 -5384874.57638417 -1488601.1094323874 24.892146833671372 42.943515147055756 11.95660218378775
-3115711.105758147 -5384831.722069631 -1488589.1776785243 24.788704708792775 42.76539948453235 11.90698512440212
-3115686.3683681926 -5384789.045029646 -1488577.2953073059 24.68623850567767 42.58896118258719 11.8578355402171
-3115661.7329635886 -5384746.543601488 -1488565.4618553366 24.5847310868699 42.414170813354076 11.809145228001055
-3115637.1985942763 -5384704.21615221 -1488553.6768675211 24.484164972320084 42.24099835597308 11.76090581953622
-3115612.7643277124 -5384662.061078946 -1488541.9398971507 24.38452265476201 42.06941374065989 11.713108933106783
-3115588.429248784 -5384620.076808773 -1488530.250505861 24.285786807967234 41.89938720785631 11.66574627350802
-3115564.1924595567 -5384578.261798267 -1488518.6082635114 24.18794042114161 41.73088953991278 11.618809696567837
-3115540.0530789127 -5384536.614532895 -1488507.0127480137 24.090966882615348 41.563892205283196 11.572291249309654
-3115516.010242124 -5384495.133526268 -1488495.4635451254 23.99485002892449 41.39836744302713 11.526183193493958
-3115492.063100391 -5384453.817319358 -1488483.9602482305 23.899574170420163 41.23428830684382 11.4804780178903
-3115468.210820363 -5384412.6644796645 -1488472.5024581077 23.805124101120835 41.07162868195365 11.43516844298687
-3115444.4525836515 -5384371.67360039 -1488461.0897827004 23.711485098115958 40.91036328398602 11.390247420687682
-3115420.787586355 -5384330.843299608 -1488449.7218368845 23.618642914166177 40.75046764616089 11.34570813074806
-3115397.215038584 -5384290.172219459 -1488438.3982422454 23.526583765996612 40.59191809906778 11.301543975146968
-3115373.734164006 -5384249.659025365 -1488427.1186268576 23.435294319976027 40.43469174595955 11.257748571208674
-3115350.3441994055 -5384209.302405269 -1488415.8826250746 23.34476167633872 40.278766435552654 11.214315744028616
-3115327.0443942556 -5384169.1010689065 -1488404.6898773233 23.254973352713602 40.124120733649534 11.171239518569973
-3115303.8340103105 -5384129.053747097 -1488393.5400299097 23.1659172674716 39.970733894461226 11.128514111675798
-3115280.7123212116 -5384089.159191077 -1488382.4327348296 23.077581723221638 39.81858583219751 11.086133924154739
-3115257.678612113 -5384049.416171843 -1488371.3676495897 22.989955414214208 39.667657133915704 11.04409354435325
-3115234.7321790755 -5384009.823479129 -1488360.3444369172 22.903028033874 39.517930107733434 11.002388039997546
-3115211.8723275224 -5383970.379918725 -1488349.3627640181 22.816791186568118 39.36939035554226 10.961013396095204
-3115189.098370481 -5383931.084309459 -1488338.4223017334 22.73123795130008 39.22202601974168 10.919966305245389
-3115166.409627391 -5383891.9354811385 -1488327.522723968 22.646362349123432 39.07582686423066 10.879243911777014
-3115143.8054233547 -5383852.932273264 -1488316.66370733 22.56215898791263 38.93078366165922 10.838843641137624
-3115121.2850886732 -5383814.0735342335 -1488305.8449309105 22.478622827906133 38.786887789186466 10.798763087325213
-3115098.847958578 -5383775.358120877 -1488295.0660761537 22.39574902820687 38.64413096397361 10.75899993922105
-3115076.493373084 -5383736.784898215 -1488284.3268267887 22.31353284739516 38.502505072049246 10.719551932918494
-3115054.220676926 -5383698.352739342 -1488273.6268687975 22.231969580229045 38.36200205942135 10.68041682138362
-3115032.0292195436 -5383660.060525405 -1488262.965890409 22.15105451829842 38.22261386448801 10.641592355616329
-3115009.918355096 -5383621.907145638 -1488252.3435821068 22.070782926533887 38.08433237776784 10.603076273420214
-3114987.887442496 -5383583.891497415 -1488241.7596366466 21.991150030130274 37.94714941956304 10.564866293167785
-3114965.935845455 -5383546.012486328 -1488231.2137490765 21.912151008270644 37.81105672932133 10.52696011082527
-3114944.0629325286 -5383508.269026278 -1488220.70561676 21.833780992234903 37.67604596253163 10.489355399077143
-3114922.268077164 -5383470.660039545 -1488210.2349393994 21.756035066297112 37.542108692403644 10.452049807784519
-3114900.550657748 -5383433.184456879 -1488199.8014190588 21.67890827034589 37.40923641449673 10.415040965266346
-3114878.910057647 -5383395.841217569 -1488189.404760183 21.602395603536838 37.27742055310918 10.378326480072129
-3114857.345665248 -5383358.629269514 -1488179.0446696177 21.526492028516355 37.14665246863639 10.34190394302562
-3114835.8568739914 -5383321.54756928 -1488168.7208566263 21.451192475915853 37.01692346538184 10.305770929395514
-3114814.4430824006 -5383284.595082152 -1488158.433032903 21.37649184893168 36.88822479950429 10.269925001104921
-3114793.1036941074 -5383247.770782183 -1488148.1809125857 21.30238502785815 36.76054768687491 10.234363708916373
-3114771.838117875 -5383211.073652226 -1488137.9642122677 21.228866846332075 36.633883262110785 10.199084581024568
-3114750.645767914 -5383174.502684486 -1488127.782651149 21.155931304162095 36.508221220361364 10.164084744909413
-3114729.5260654474 -5383138.056883223 -1488117.6359517886 21.08357034442876 36.38354770774772 10.12936033996958
-3114708.4784405734 -5383101.735267959 -1488107.5238409978 21.011774420609918 36.25984630073571 10.09490679013652
-3114687.5023333803 -5383065.5368754035 -1488097.4460503792 20.9405331896796 36.13709920237802 10.060719136902236
-3114666.597194506 -5383029.460760424 -1488087.4023165917 20.869835955855606 36.01528800794327 10.026792252483986
-3114645.7624853407 -5382993.505996383 -1488077.3923814485 20.799671950363145 35.894394187413916 9.993120974174099
-3114624.9976780033 -5382957.67167511 -1488067.4159919075 20.730030505270307 35.77439938513487 9.959700187787158
-3114604.3022551844 -5382921.956906621 -1488057.472899994 20.660901159114655 35.65528560175836 9.926524878337622
-3114583.6757099065 -5382886.360818707 -1488047.562862686 20.592273718767007 35.53703530069868 9.893590159698501
-3114563.1175452354 -5382850.882556441 -1488037.6856417758 20.524138293364533 35.41963146643029 9.86089129084994
-3114542.62727397 -5382815.521281636 -1488027.8410037209 20.456485310520684 35.3030576322475 9.828423683622558
-3114522.2044183193 -5382780.276172293 -1488018.0287194892 20.389305521401624 35.187297888855454 9.796182905100995
-3114501.8485095804 -5382745.146422046 -1488008.2485644044 20.32258999889533 35.07233688108125 9.764164676717254
-3114481.5590878185 -5382710.13123961 -1487998.5003179924 20.25633013159017 34.95815979738819 9.732364871337996
-3114461.3357015573 -5382675.229848247 -1487988.7837638326 20.190517615285152 34.844752355160075 9.70077950917209
-3114441.177907473 -5382640.441485243 -1487979.0986894125 20.12514444313455 34.73210078365281 9.66940475302707
-3114421.0852701054 -5382605.765401408 -1487969.4448859869 20.060202895118035 34.62019180580207 9.638236903245712
-3114401.057361576 -5382571.200860589 -1487959.8221484446 19.995685527273494 34.50901261963691 9.607272392531815
-3114381.093761315 -5382536.747139203 -1487950.2302751767 19.931585160955244 34.398550879749834 9.57650778079083
-3114361.194055805 -5382502.403525796 -1487940.6690679537 19.867894872281177 34.28879467910227 9.545939750063193
-3114341.357838328 -5382468.169320605 -1487931.1383318047 19.804607981865693 34.179732531330615 9.515565099596522
-3114321.5847087284 -5382434.043835155 -1487921.6378749027 19.74171804488662 34.071353353633945 9.485380741079373
-3114301.8742731805 -5382400.026391853 -1487912.1675084552 19.6792188415148 33.96364645029146 9.45538369405004
-3114282.2261439697 -5382366.116323617 -1487902.7270465973 19.617104378415394 33.85660151529035 9.42557108662551
-3114262.6399392034 -5382332.312973378 -1487893.316306254 19.555369052271182 33.75020891454484 9.395940234070371
-3114243.115282319 -5382298.615693223 -1487883.9351069033 19.49400779797484 33.64445994156328 9.366488709980167
-3114223.6518016024 -5382265.023843575 -1487874.583270346 19.433015958454945 33.539346592727455 9.337214283723794
-3114204.2491298416 -5382231.5367926005 -1487865.2606205398 19.37238916902634 33.43486136772472 9.30811486488232
-3114184.9069040767 -5382198.153915764 -1487855.9669834778 19.312123283775694 33.33099714257169 9.279188467894055
-3114165.6247654036 -5382164.874595501 -1487846.7021870962 19.25221432832864 33.22774708818733 9.25043318937912
-3114146.40235882 -5382131.698220957 -1487837.4660611998 19.192658469127 33.12510461746355 9.22184719339743
-3114127.2393330974 -5382098.624187753 -1487828.2584373998 19.133451993053534 33.02306335018999 9.193428701677536
-3114108.1353406627 -5382065.651897797 -1487819.0791490597 19.07459129353579 32.921617089152974 9.165175986956863
-3114089.0900375023 -5382032.780759116 -1487809.9280312466 19.016072860730556 32.82075980326806 9.137087368280726
-3114070.103083068 -5382000.010185683 -1487800.8049206873 18.95789327429194 32.72048561516258 9.109161207540845
-3114051.1741401884 -5381967.33959728 -1487791.709655726 18.900049197781883 32.620788791584566 9.081395906801275
-3114032.302874988 -5381934.768419351 -1487782.642076286 18.842537374139507 32.521663735631606 9.053789906131549
-3114013.4889568114 -5381902.296082875 -1487773.6020238318 18.785354621861558 32.42310498020071 9.026341681780174
-3113994.732058148 -5381869.922024231 -1487764.5893413348 18.72849783164987 32.32510718223875 8.99904974457139
-3113976.0318545615 -5381837.645685085 -1487755.6038732384 18.671963963395633 32.227665117569586 8.971912638462792
-3113957.3880246216 -5381805.4665122675 -1487746.6454654266 18.615750043407544 32.130773676138325 8.944928939219363
-3113938.800249841 -5381773.3839576645 -1487737.7139651917 18.559853161826638 32.034427857574606 8.918097253176528
-3113920.268214611 -5381741.397478109 -1487728.809221205 18.504270470195642 31.938622767019837 8.891416216076886
-3113901.791606141 -5381709.50653528 -1487719.931083488 18.44899917915304 31.843353611167455 8.864884491966425
-3113883.3701144005 -5381677.710595597 -1487711.0794033844 18.394036556240476 31.748615694496966 8.838500772144783
-3113865.0034320652 -5381646.009130129 -1487702.254033533 18.33937992381066 31.654404415679842 8.812263774163489
-3113846.6912544626 -5381614.401614503 -1487693.454827843 18.28502665702548 31.560715264139677 8.786172240867234
-3113828.4332795166 -5381582.887528809 -1487684.6816414683 18.230974181943022 31.46754381676476 8.76022493947766
-3113810.229207703 -5381551.46635752 -1487675.9343307833 18.1772199736811 31.374885734751608 8.734420660713674
-3113792.078741999 -5381520.137589408 -1487667.2127533613 18.123761545498763 31.28273674477241 8.708758213547728
-3113773.98158788 -5381488.900717539 -1487658.5167679721 18.070596372873975 31.19109250796143 8.683236388730789
-3113755.9374533817 -5381457.75523938 -1487649.846234612 18.017721865963907 31.099948572438038 8.65785394557121
-3113737.946049143 -5381426.700656872 -1487641.201014524 17.965135415805463 31.009300453085896 8.632609634141955
-3113720.007088407 -5381395.736476433 -1487632.5809701998 17.912834425789647 30.91914368588668 8.607502210405988
-3113702.1202869997 -5381364.862208924 -1487623.9859653674 17.860816329629223 30.829473858927916 8.582530444848864
-3113684.2853632946 -5381334.077369581 -1487615.415864976 17.80907860126058 30.74028662948434 8.557693127234673
-3113666.502038168 -5381303.3814779455 -1487606.8705351735 17.757618759943604 30.651577732810335 8.532989069054448
-3113648.770034953 -5381272.774057784 -1487598.3498432853 17.70643437252713 30.563342986041704 8.50841710461297
-3113631.0890793926 -5381242.254637004 -1487589.853657791 17.655523054052694 30.475578289231535 8.483976091317555
-3113613.45889959 -5381211.8227475695 -1487581.381848301 17.60488246739339 30.38827962472311 8.459664909503724
-3113595.8792259637 -5381181.477925426 -1487572.9342855345 17.554510322349845 30.30144305558791 8.435482462000468
-3113578.349791197 -5381151.219710412 -1487564.510841297 17.504404374452438 30.215064723558562 8.411427673554766
-3113560.8703301977 -5381121.047646189 -1487556.1113884577 17.454562423606237 30.129140846691815 8.38749949018082
-3113543.4405800495 -5381090.961280161 -1487547.73580093 17.404982312680477 30.043667716936998 8.36369687848293
-3113526.0602799747 -5381060.960163406 -1487539.3839536507 17.35566192607827 29.95864169767131 8.340018824969047
-3113508.7291712896 -5381031.043850601 -1487531.0557225605 17.306599188325553 29.874059221268954 8.316464335373697
-3113491.446997367 -5381001.211899961 -1487522.750984585 17.25779206268602 29.789916786715608 8.293032433993515
-3113474.2135035973 -5380971.463873168 -1487514.469617616 17.209238549824338 29.706210957306595 8.269722163046035
-3113457.028437353 -5380941.79933531 -1487506.211500495 17.160936686505234 29.622938358407087 8.246532582045747
-3113439.8915479523 -5380912.217854818 -1487497.9765129949 17.11288454434331 29.540095675299995 8.22346276720457
-3113422.8025866225 -5380882.71900341 -1487489.7645358054 17.06508022859641 29.457679651109054 8.20051181085323
-3113405.7613064717 -5380853.302356031 -1487481.5754505151 17.017521877007667 29.375687084805893 8.177678820886056
-3113388.7674624543 -5380823.967490802 -1487473.4091395976 16.970207658689617 29.294114829289665 8.154962920225936
-3113371.82081134 -5380794.7139889635 -1487465.2654863957 16.923135773051932 29.21295978954179 8.132363246310248
-3113354.921111684 -5380765.541434826 -1487457.144375108 16.876304448772945 29.1322189208562 8.109878950597771
-3113338.0681237984 -5380736.449415723 -1487449.0456907752 16.829711942806657 29.051889227130694 8.087509198092643
-3113321.261609725 -5380707.437521956 -1487440.9693192663 16.78335653945922 28.97196775927803 8.065253166901657
-3113304.5013332055 -5380678.50534675 -1487432.9151472638 16.737236567345555 28.89245164450034 8.043110056383465
-3113287.787059584 -5380649.652486086 -1487424.883062219 16.69135050579751 28.8133382699457 8.021079138277116
-3113271.1185556403 -5380620.878538406 -1487416.8729522699 16.645696999123462 28.734625307266032 7.999159763542508
-3113254.4955894547 -5380592.183104391 -1487408.8847061766 16.600274788936332 28.656310595779622 7.977351329836398
-3113237.9179303353 -5380563.565786828 -1487400.918213288 16.55508267152025 28.578392068889688 7.955653261027743
-3113221.3853487787 -5380535.0261905445 -1487392.9733635215 16.51011947351523 28.500867712137282 7.934064995518532
-3113204.8976164446 -5380506.563922363 -1487385.0500473503 16.465384038106542 28.423735539390982 7.91258597961333
-3113188.454506145 -5380478.178591089 -1487377.1481558005 16.420875217229103 28.346993579417955 7.891215663778942
-3113172.0557918376 -5380449.86980749 -1487369.2675804454 16.376591867213637 28.27063986839278 7.86995350055729
-3113155.701248622 -5380421.637184296 -1487361.4082134059 16.332532846393022 28.194672445785915 7.848798943419391
-3113139.3906527404 -5380393.4803362 -1487353.5699473487 16.2886970138289 28.119089352181966 7.827751446156863
-3113123.1237815744 -5380365.398879854 -1487345.7526754874 16.245083228676204 28.04388862819591 7.806810462579281
-3113106.900413647 -5380337.392433866 -1487337.956291581 16.201690349900566 27.96906831399557 7.785975446380532
-3113090.720328622 -5380309.460618807 -1487330.180689936 16.158517236203192 27.89462644917995 7.765245851104363
-3113074.5833073054 -5380281.603057208 -1487322.4257654042 16.115562746057897 27.820561072849443 7.744621130163502
-3113058.489131645 -5380253.81937356 -1487314.6914133846 16.07282573781304 27.746870223786598 7.724100736889627
-3113042.437584729 -5380226.109194318 -1487306.977529823 16.030305069824035 27.673551940688633 7.703684124597832
-3113026.4284507874 -5380198.472147896 -1487299.2840112117 15.987999600604763 27.60060426243175 7.683370746659993
-3113010.4615151933 -5380170.90786467 -1487291.6107545898 15.945908188988874 27.528025228351847 7.66316005658276
-3112994.536564459 -5380143.415976974 -1487283.957657542 15.904029694291253 27.45581287852506 7.64305150808552
-3112978.653386237 -5380115.996119105 -1487276.3246182005 15.862362976471529 27.383965254051482 7.6230445551792725
-3112962.8117693206 -5380088.647927316 -1487268.711535242 15.820906896296407 27.312480397336596 7.603138652244887
-3112947.011503641 -5380061.371039818 -1487261.1183078892 15.779660315499056 27.24135635236738 7.583333254109899
-3112931.252380268 -5380034.165096775 -1487253.5448359097 15.738622096934197 27.170591164980877 7.5636278161232084
-3112915.534191407 -5380007.029740307 -1487245.9910196157 15.69779110473105 27.100182883128905 7.544021794228726
-3112899.8567303983 -5379979.964614483 -1487238.4567598626 15.657166204442404 27.030129557136117 7.524514645037151
-3112884.2197917183 -5379952.96936532 -1487230.941958049 15.616746263193134 26.960429239956934 7.505105825897454
-3112868.623170972 -5379926.043640781 -1487223.4465161157 15.576530149818447 26.89107998741473 7.48579479496343
-3112853.066664897 -5379899.187090773 -1487215.9703365455 15.536516735003516 26.822079858443445 7.466581011260908
-3112837.5500713587 -5379872.399367143 -1487208.513322361 15.496704891421517 26.75342691532634 7.447463934754184
-3112822.0731893494 -5379845.680123673 -1487201.0753771248 15.457093487301714 26.685119212592912 7.4284430232551415
-3112806.635819023 -5379819.029016143 -1487193.656404957 15.417681312207844 26.61715466890205 7.409517696757497
-3112791.2377618076 -5379792.445702523 -1487186.2563105868 15.378467036680362 26.549530997419033 7.390687318052047
-3112775.8788204966 -5379765.929843134 -1487178.8749993988 15.33944926754907 26.482245801333107 7.371951219314463
-3112760.558799292 -5379739.481100719 -1487171.512377452 15.30062658610463 26.415296639751375 7.353308720448822
-3112745.277503817 -5379713.099140468 -1487164.1683514882 15.261997568703679 26.348681063253718 7.334759138986411
-3112730.0347411176 -5379686.783630016 -1487156.8428289304 15.223560797778138 26.282396632878996 7.316301795372412
-3112714.8303196514 -5379660.53423943 -1487149.535717878 15.185314867608351 26.216440930073208 7.297936015736499
-3112699.6640492748 -5379634.350641177 -1487142.2469271012 15.14725838724673 26.150811561721355 7.279661133294669
-3112684.535741226 -5379608.232510112 -1487134.9763660326 15.109389981898516 26.085506162519156 7.261476489010296
-3112669.445208111 -5379582.179523435 -1487127.7239447606 15.071708293470468 26.020522395911325 7.243381431855956
-3112654.3922638847 -5379556.19136067 -1487120.48957402 15.034211980673728 25.95585795426273 7.225375318861509
-3112639.3767238357 -5379530.267703634 -1487113.273165185 14.996899718888624 25.89151055862068 7.207457515048235
-3112624.398404568 -5379504.408236409 -1487106.0746302602 14.959770199913375 25.827477958278358 7.18962739330748
-3112609.457123986 -5379478.612645312 -1487098.8938818744 14.922822131648362 25.763757930228245 7.171884334248615
-3112594.552701279 -5379452.880618872 -1487091.730833271 14.886054237756218 25.700348278574694 7.154227726035548
-3112579.6849569045 -5379427.2118478 -1487084.5853983024 14.849465257312822 25.637246833931506 7.136656964219003
-3112564.8537125723 -5379401.606024962 -1487077.4574914214 14.813053944458478 25.574451452820256 7.119171451569003
-3112550.0587912323 -5379376.062845357 -1487070.347027674 14.776819068055042 25.511960017079314 7.101770597910281
-3112535.3000170575 -5379350.5820060875 -1487063.2539226941 14.740759411350263 25.449770433285487 7.084453819961196
-3112520.5772154313 -5379325.163206337 -1487056.1780926948 14.704873771651583 25.38788063219222 7.067220541177243
-3112505.8902129317 -5379299.806147349 -1487049.119454462 14.669160960009416 25.326288568184232 7.050070191599136
-3112491.2388373194 -5379274.5105324 -1487042.0779253491 14.633619800910525 25.264992218749686 7.033002207705764
-3112476.622917524 -5379249.276066775 -1487035.0534232694 14.598249131980989 25.203989583968916 7.016016032271759
-3112462.0422836323 -5379224.102457752 -1487028.0458666908 14.563047803696803 25.14327868601639 6.999111114228731
-3112447.4967668722 -5379198.989414575 -1487021.055174629 14.528014679105732 25.08285756868206 6.98228690853192
-3112432.986199603 -5379173.936648431 -1487014.081266641 14.493148633557224 25.022724296906635 6.965542876030719
-3112418.510415304 -5379148.943872434 -1487007.1240628213 14.458448554439109 24.962876956328593 6.948878483342451
-3112404.0692485594 -5379124.010801601 -1487000.183483794 14.423913340925097 24.903313652849693 6.932293202731324
-3112389.66253505 -5379099.137152835 -1486993.2594507094 14.38954190372882 24.844032512211886 6.9157865119905395
-3112375.2901115385 -5379074.3226449 -1486986.3518852359 14.355333164866297 24.785031679588666 6.89935789432843
-3112360.9518158617 -5379049.56699841 -1486979.4607095567 14.321286057422746 24.726309319183922 6.883006838256692
-3112346.6474869167 -5379024.869935801 -1486972.5858463638 14.287399525402247 24.667863613973772 6.866732837518414
-3112332.3769646445 -5379000.231181308 -1486965.7272188494 14.253672557519199 24.609692824046927 6.850535407328291
-3112318.140089899 -5378975.650460732 -1486958.884750643 14.220104370481486 24.55179560299366 6.834414172449094
-3112303.936704188 -5378951.1275010025 -1486952.0583656882 14.186694414552795 24.494171007411282 6.818368869844511
-3112289.7666495056 -5378926.662029877 -1486945.2479881593 14.153442255446318 24.436818292962528 6.802399291910201
-3112275.629768249 -5378902.253775809 -1486938.453542425 14.120347508017984 24.37973679992089 6.7865052546114155
-3112261.5259031923 -5378877.902467895 -1486931.6749530334 14.087409802324089 24.32292589461047 6.770686581178749
-3112247.454897479 -5378853.607835865 -1486924.9121447091 14.054628766463917 24.266384939825755 6.754943093870972
-3112233.4165946296 -5378829.369610091 -1486918.165042357 14.022004018112828 24.21011328024983 6.739274609913354
-3112219.4108385528 -5378805.187521619 -1486911.4335710674 13.98953516053953 24.15411023560723 6.723680939589607
-3112205.4374735635 -5378781.061302184 -1486904.7176561248 13.957221780935651 24.098375097802034 6.70816188544366
-3112191.4963443964 -5378756.990684246 -1486898.0172230157 13.92506344991882 24.0429071300763 6.6927172420442576
-3112177.5872962247 -5378732.975401013 -1486891.3321974345 13.893059721634442 23.98770556719742 6.677346796036292
-3112163.7101746746 -5378709.0151864765 -1486884.6625052942 13.861210134157087 23.932769616159277 6.6620503263354145
-3112149.864825844 -5378685.109775431 -1486878.008072732 13.829514210030997 23.878098457120963 6.646827604388967
-3112136.0510963127 -5378661.258903506 -1486871.3688261174 13.797971456874174 23.8236912444533 6.631678394467037
-3112122.2688331627 -5378637.462307188 -1486864.7446920588 13.76658136800554 23.769547107823804 6.616602453964342
-3112108.5178839895 -5378613.719723843 -1486858.135597411 13.735343423072251 23.715665153280952 6.601599533701962
-3112094.7980969134 -5378590.030891749 -1486851.5414692813 13.704257088668461 23.662044464322893 6.586669378224812
-3112081.109320596 -5378566.395550106 -1486844.9622350344 13.673321818945672 23.608684102951205 6.571811726094978
-3112067.4514042507 -5378542.813439063 -1486838.3978223002 13.642537056197568 23.555583110680296 6.557026310172723
-3112053.8241976537 -5378519.284299739 -1486831.8481589786 13.611902231435298 23.502740509529964 6.542312857892834
-3112040.227551156 -5378495.80787424 -1486825.313173244 13.581416764943311 23.45015530298439 6.527671091531621
-3112026.661315694 -5378472.383905676 -1486818.7927935515 13.551080066818614 23.397826476922297 6.513100728465911
-3112013.125342797 -5378449.01213818 -1486812.286948641 13.520891537490705 23.3457530005138 6.4986014814227495
-3111999.6194846006 -5378425.692316926 -1486805.795567542 13.490850568227646 23.29393382709323 6.484173058722445
-3111986.1435938524 -5378402.424188138 -1486799.318579578 13.460956541625912 23.24236789500399 6.469815164513806
-3111972.697523922 -5378379.207499113 -1486792.8559143697 13.431208832081921 23.191054128411796 6.455527499000582
-3111959.2811288084 -5378356.041998229 -1486786.4075018396 13.401606806251475 23.139991438097066 6.441309758662099
-3111945.8942631474 -5378332.927434959 -1486779.973272216 13.372149823493425 23.08917872222014 6.427161636466326
-3111932.536782219 -5378309.863559885 -1486773.5531560357 13.34283723629592 23.038614867056385 6.413082822074568
-3111919.2085419535 -5378286.850124707 -1486767.147084147 13.313668390692275 22.988298747713472 6.399073002041177
-3111905.9093989395 -5378263.886882256 -1486760.7549877136 13.284642626661412 22.93822922882209 6.385131860005875
-3111892.639210427 -5378240.9735865025 -1486754.376798217 13.255759278515084 22.888405165203803 6.371259076879709
-3111879.3978343364 -5378218.109992568 -1486748.0124474587 13.227017675273746 22.83882540251938 6.357454331025575
-3111866.1851292592 -5378195.295856733 -1486741.6618675631 13.198417141026205 22.789488777889186 6.343717298430948
-3111853.000954467 -5378172.530936443 -1486735.3249909803 13.169956994579511 22.740394119288027 6.330047652539474
-3111839.845169919 -5378149.814990333 -1486729.0017504904 13.141636532326565 22.691540215965755 6.316445056017013
-3111826.717636302 -5378127.147778284 -1486722.6920792211 13.113455006411703 22.64292578076032 6.3029091502600405
-3111813.618215066 -5378104.52906149 -1486716.3959106668 13.085411641848104 22.594549479663534 6.289439563624979
-3111800.5467684413 -5378081.958602496 -1486710.1131786972 13.057505650996667 22.546409956819275 6.276035918386885
-3111787.503159452 -5378059.436165205 -1486703.8438175605 13.02973624078246 22.498505846977515 6.262697834206623
-3111774.487251914 -5378036.961514887 -1486697.5877618867 13.002102616298568 22.45083578171007 6.249424929861584
-3111761.4989104387 -5378014.534418184 -1486691.3449466862 12.97460398263851 22.403398392568572 6.23621682412516
-3111748.5380004332 -5377992.154643102 -1486685.1153073509 12.947239545860832 22.356192312745293 6.223073136229388
-3111735.604388097 -5377969.821959012 -1486678.898779653 12.920008513517502 22.30921617798189 6.2099934861181545
-3111722.69794042 -5377947.536136654 -1486672.6952997444 12.89291009497506 22.262468627121333 6.196977494601018
-3111709.818525183 -5377925.29694812 -1486666.5048041556 12.865943501627626 22.2159483024739 6.184024783455216
-3111696.9660109547 -5377903.104166862 -1486660.3272297953 12.8391079470553 22.1696538500894 6.171134975501518
-3111684.140267088 -5377880.957567682 -1486654.1625139478 12.812402647154975 22.123583919982185 6.1583076946669335
-3111671.3411637205 -5377858.856926733 -1486648.010594274 12.785826820252982 22.07773716632513 6.145542566038733
-3111658.5685717682 -5377836.802021508 -1486641.8714088083 12.75937968721078 22.032112247631787 6.132839215915181
-3111645.822362925 -5377814.792630842 -1486635.7448959588 12.733060471516918 21.986707826915026 6.120197271849705
-3111633.102409661 -5377792.828534903 -1486629.630994505 12.706868399380415 21.941522571848196 6.107616362695756
-3111620.408585219 -5377770.90951519 -1486623.529643597 12.680802699816793 21.89655515491372 6.095096118648175
-3111607.7407636107 -5377749.035354524 -1486617.4407827542 12.654862604727748 21.851804253540735 6.082636171281491
-3111595.098819614 -5377727.20583705 -1486611.364351863 12.629047348978363 21.807268550238568 6.070236153587069
-3111582.4826287706 -5377705.420748229 -1486605.3002911771 12.603356170471876 21.762946732725958 6.057895700009076
-3111569.8920673835 -5377683.679874826 -1486599.2485413146 12.577788310220152 21.718837494052984 6.045614446478387
-3111557.3270125124 -5377661.9830049155 -1486593.2090432562 12.552343012407041 21.674939532710585 6.033392030443079
-3111544.787341971 -5377640.329927866 -1486587.181738346 12.527019524453781 21.631251552743773 6.0212280908999105
-3111532.272934325 -5377618.720434344 -1486581.1665682863 12.501817097075824 21.587772263849956 6.0091222684216845
-3111519.7836688864 -5377597.1543163005 -1486575.1634751398 12.47673498434361 21.544500381484102 5.9970742051865
-3111507.319425713 -5377575.631366968 -1486569.1724013253 12.45177244373085 21.501434626942356 5.985083545001014
-3111494.880085601 -5377554.1513808565 -1486563.1932896168 12.426928736169215 21.458573727456738 5.973149933326775
-3111482.465530087 -5377532.714153745 -1486557.2260831427 12.40220312609237 21.415916416271404 5.961273017301439
-3111470.0756414384 -5377511.319482675 -1486551.270725383 12.377594881483338 21.3734614327247 5.949452445761586
-3111457.7103026556 -5377489.967165946 -1486545.3271601682 12.353103273914732 21.331207522318884 5.937687869262115
-3111445.3693974637 -5377468.65700311 -1486539.3953316773 12.328727578588365 21.289153436788794 5.925978940095334
-3111433.0528103113 -5377447.388794965 -1486533.475184436 12.304467074374685 21.247297934170188 5.9143253123099635
-3111420.760426366 -5377426.162343546 -1486527.5666633148 12.28032104384346 21.205639778853033 5.902726641725949
-3111408.4921315107 -5377404.97745212 -1486521.669713528 12.256288773299536 21.1641777416435 5.891182585951699
-3111396.2478123424 -5377383.833925181 -1486515.7842806312 12.232369552811413 21.122910599813558 5.879692804397873
-3111384.027356163 -5377362.731568443 -1486509.9103105203 12.208562676237447 21.08183713714652 5.868256958290033
-3111371.8306509806 -5377341.67018883 -1486504.0477494278 12.184867441380886 21.040956144205037 5.8568747107432255
-3111359.657585496 -5377320.649594466 -1486498.1965439199 12.161283180243288 21.000266470569912 5.845545741303179
-3111347.5080490042 -5377299.669594491 -1486492.356640847 12.137809392715036 20.959767255652288 5.834269810197448
-3111335.381931215 -5377278.729998763 -1486486.5279872587 12.114445729177344 20.919457898585655 5.8230467499591985
-3111323.279122151 -5377257.830617675 -1486480.7105303544 12.091191905015725 20.8793379106002 5.811876424335192
-3111311.199512104 -5377236.971262084 -1486474.9042174625 12.068047658694212 20.839406842650217 5.800758708138674
-3111299.1429916252 -5377216.151743292 -1486469.108996035 12.045012732634758 20.799664252427178 5.789693478065117
-3111287.1094515244 -5377195.3718730435 -1486463.3248136484 12.022086864650404 20.760109689593442 5.778680608580042
-3111275.098782878 -5377174.631463543 -1486457.551618006 11.999269784250371 20.720742689422778 5.76771997014736
-3111263.110877038 -5377153.930327466 -1486451.7893569442 11.976561211189075 20.681562770310126 5.7568114285351255
-3111251.145625641 -5377133.26827798 -1486446.0379784347 11.953960855039963 20.642569433046408 5.745954844612926
-3111239.2029206203 -5377112.645128761 -1486440.2974305917 11.931468415239099 20.60376216090107 5.735150074374348
-3111227.282654213 -5377092.060694008 -1486434.567661675 11.909083581333867 20.565140420056327 5.724396969057522
-3111215.384718972 -5377071.514788465 -1486428.8486200965 11.886806033320259 20.526703660192684 5.713695375307879
-3111203.509007775 -5377051.007227429 -1486423.1402544228 11.864635442016926 20.48845131513666 5.703045135358338
-3111191.6554138344 -5377030.537826778 -1486417.4425133804 11.842571469445069 20.450382803517797 5.6924460872121
-3111179.8238307037 -5377010.1064029755 -1486411.7553458607 11.820613769210137 20.412497529428286 5.681898064826239
-3111168.014152287 -5376989.712773085 -1486406.0787009224 11.798761986873284 20.374794883064446 5.671400898290255
-3111156.2262728466 -5376969.356754789 -1486400.4125277959 11.777015760314539 20.337274241353754 5.660954414000611
-3111144.4600870106 -5376949.038166402 -1486394.7567758875 11.755374720087241 20.299934968566568 5.650558434831042
-3111132.71548978 -5376928.756826875 -1486389.1113947819 11.733838489761052 20.262776416908068 5.640212780297344
-3111120.9923765366 -5376908.512555818 -1486383.4763342456 11.712406686253612 20.225797927090518 5.629917266716704
-3111109.290643047 -5376888.305173502 -1486377.8515442312 11.691078920155283 20.18899882889353 5.619671707363686
-3111097.6101854714 -5376868.134500874 -1486372.2369748787 11.669854796040589 20.152378441701458 5.609475912619844
-3111085.9509003675 -5376848.000359569 -1486366.6325765196 11.648733912771348 20.115936075026276 5.599329690119318
-3111074.312684698 -5376827.902571914 -1486361.038299679 11.627715863792831 20.07967102901859 5.589232844891088
-3111062.695435833 -5376807.840960943 -1486355.454095078 11.606800237416234 20.043582594954945 5.579185179494668
-3111051.0990515584 -5376787.815350401 -1486349.879913636 11.58598661709507 20.007670055714623 5.56918649415285
-3111039.5234300774 -5376767.825564757 -1486344.3157064745 11.565274581692632 19.97193268624112 5.559236586880193
-3111027.9684700184 -5376747.871429204 -1486338.7614249166 11.544663705741083 19.936369753989126 5.549335253607459
-3111016.4340704354 -5376727.952769675 -1486333.2170204914 11.524153559690467 19.900980519354135 5.539482288301239
-3111004.9201308154 -5376708.069412844 -1486327.6824449345 11.503743710153122 19.865764236094147 5.529677483081355
-3110993.42655108 -5376688.221186137 -1486322.1576501909 11.48343372013709 19.830720151732372 5.519920628332974
-3110981.953231589 -5376668.407917732 -1486316.6425884154 11.463223149274764 19.795847507951738 5.510211512816453
-3110970.500073145 -5376648.629436571 -1486311.137211975 11.443111554041712 19.761145540972464 5.500549923772452
-3110959.0669769957 -5376628.88557236 -1486305.64147345 11.423098487968652 19.72661348191779 5.490935647023764
-3110947.653844836 -5376609.176155578 -1486300.1553256358 11.403183501848522 19.6922505571713 5.48136846707479
-3110936.2605788116 -5376589.50101748 -1486294.678721544 11.383366143936236 19.658055988721593 5.471848167207506
-3110924.887081521 -5376569.859990099 -1486289.2116144032 11.363645960138378 19.62402899448963 5.462374529572588
-3110913.533256017 -5376550.252906254 -1486283.7539576604 11.344022494202044 19.590168788654584 5.452947335280135
-3110902.199005813 -5376530.679599551 -1486278.305704982 11.324495287892338 19.556474581960156 5.443566364484956
-3110890.8842348773 -5376511.139904385 -1486272.866810255 11.305063881169549 19.522945582020323 5.434231396471671
-3110879.5888476414 -5376491.633655949 -1486267.4372275874 11.285727809480024 19.489580988640743 5.424942208352448
-3110868.312749025 -5376472.160690273 -1486262.0169113209 11.266486539909083 19.456379883572136 5.415698544378884
-3110857.05584455 -5376452.72084443 -1486256.6058160875 11.247339402059195 19.423341111192425 5.406500082726277
-3110845.818040452 -5376433.313956719 -1486251.203896861 11.22828565301145 19.39046339071708 5.397346466725595
-3110834.5992437257 -5376413.939866749 -1486245.81110898 11.209324523746723 19.357745396352293 5.388237327175079
-3110823.3993621385 -5376394.59841546 -1486240.427408154 11.19045523938036 19.32518579221611 5.379172292062148
-3110812.218304232 -5376375.289445131 -1486235.0527504636 11.17167702788622 19.292783247383195 5.370150990752588
-3110801.0559793175 -5376356.012799362 -1486229.6870923599 11.152989123802882 19.260536442268755 5.3611730557686705
-3110789.912297466 -5376336.768323067 -1486224.3303906578 11.134390769759483 19.22844407125178 5.352238123520158
-3110778.787169502 -5376317.5558624575 -1486218.9826025353 11.11588121705646 19.196504843669878 5.343345834581779
-3110767.680506996 -5376298.375265032 -1486213.6436855264 11.09745972583258 19.16471748410237 5.334495833772399
-3110756.592222252 -5376279.226379552 -1486208.3135975192 11.079125565060465 19.13308073235916 5.3256877701521645
-3110745.522228302 -5376260.109056036 -1486202.9922967504 11.060878012462751 19.101593343333867 5.316921296981762
-3110734.4704388953 -5376241.023145735 -1486197.679741801 11.042716354401088 19.070254086810912 5.308196071668806
-3110723.436768491 -5376221.968501126 -1486192.3758915926 11.024639885748172 19.039061747243966 5.299511755706207
-3110712.421132248 -5376202.944975895 -1486187.080705384 11.00664790976304 19.00801512354031 5.290868014612172
-3110701.4234460187 -5376183.952424918 -1486181.7941427655 10.98873973796105 18.97711302883639 5.282264517867713
-3110690.4436263405 -5376164.990704256 -1486176.5161636563 10.970914689984978 18.946354290275355 5.273700938854721
-3110679.4815904256 -5376146.059671134 -1486171.2467283003 10.953172093483154 18.91573774879692 5.265176954797449
-3110668.5372561566 -5376127.159183928 -1486165.985797263 10.935511283983423 18.885262258920086 5.2566922467019985
-3110657.610542074 -5376108.289102153 -1486160.7333314258 10.917931604772505 18.85492668853516 5.248246499298414
-3110646.701367373 -5376089.449286451 -1486155.4892919841 10.900432406777393 18.824729918699397 5.239839400983756
-3110635.809651895 -5376070.639598574 -1486150.2536404433 10.883013048449701 18.794670843437707 5.231470643766597
-3110624.935316117 -5376051.859901376 -1486145.0263386152 10.865672895650105 18.764748369543508 5.223139923211563
-3110614.0782811483 -5376033.1100587975 -1486139.8073486134 10.848411321536947 18.734961416386795 5.214846938385875
-3110603.23846872 -5376014.389935853 -1486134.5966328518 10.831227706455891 18.705308915724018 5.206591391806399
-3110592.41580118 -5375995.699398619 -1486129.3941540385 10.814121437831712 18.67578981151166 5.198372989387719
-3110581.6102014855 -5375977.038314223 -1486124.1998751757 10.797091910062534 18.646403059723973 5.190191440391381
-3110570.8215931957 -5375958.406550828 -1486119.013759554 10.780138524415342 18.617147628172987 5.182046457375749
-3110560.0499004647 -5375939.803977626 -1486113.8357707495 10.763260688923314 18.588022496331572 5.173937756146746
-3110549.295048035 -5375921.230464823 -1486108.6658726213 10.74645781828681 18.559026655162896 5.165865055710332
-3110538.5569612333 -5375902.685883625 -1486103.504029308 10.729729333773836 18.530159106948897 5.157828078224745
-3110527.835565959 -5375884.170106237 -1486098.350205224 10.713074663124264 18.50141886512527 5.149826548954538
-3110517.1307886825 -5375865.6830058405 -1486093.204365057 10.696493240454043 18.472804954116437 5.141860196224613
-3110506.4425564352 -5375847.224456589 -1486088.0664737655 10.679984506162889 18.44431640917646 5.1339287513759135
-3110495.7707968066 -5375828.794333592 -1486082.9364965747 10.663547906842387 18.415952276230755 5.12603194872134
-3110485.1154379356 -5375810.392512913 -1486077.814398974 10.647182895186008 18.387711611720995 5.11816952550256
-3110474.4764085053 -5375792.018871548 -1486072.7001467135 10.630888929899635 18.359593482451 5.110341221847069
-3110463.853637738 -5375773.673287425 -1486067.5937058032 10.61466547561706 18.331596965441115 5.102546780727645
-3110453.247055388 -5375755.35563939 -1486062.4950425078 10.598512002813582 18.303721147779314 5.0947859479208795
-3110442.6565917367 -5375737.065807194 -1486057.4041233445 10.582427987723126 18.275965126478447 5.08705847196741
-3110432.082177585 -5375718.803671491 -1486052.3209150815 10.566412912255736 18.248328008334024 5.07936410413232
-3110421.5237442506 -5375700.56911382 -1486047.245384734 10.550466263916706 18.22080890978494 5.071702598366336
-3110410.9812235604 -5375682.362016597 -1486042.1774995613 10.534587535727303 18.193406956776805 5.064073711267781
-3110400.454547845 -5375664.182263112 -1486037.117227066 10.518776226146766 18.16612128462759 5.056477202045137
-3110389.9436499337 -5375646.029737511 -1486032.064534989 10.50303184371966 18.138951046053666 5.0489128347510785
-3110379.4484631266 -5375627.90432475 -1486027.0193912974 10.48735394832203 18.11189548239227 5.041380398107718
-3110368.96892113 -5375609.805910489 -1486021.9817641533 10.471742160590871 18.084953939863436 5.033879710034657
-3110358.504958015 -5375591.734381013 -1486016.9516218933 10.456196129357 18.058125813321826 5.026410601992793
-3110348.0565081933 -5375573.689623199 -1486011.928933019 10.440715515538155 18.031410518448823 5.018972911243449
-3110337.623506416 -5375555.671524504 -1486006.9136661936 10.425299985541452 18.004807480368967 5.01156647767906
-3110327.205887764 -5375537.679972956 -1486001.9057902389 10.409949208575128 17.978316129015983 5.004191142532717
-3110316.80358765 -5375519.714857151 -1485996.905274136 10.394662855564048 17.95193589726617 4.996846747858158
-3110306.416541813 -5375501.776066252 -1485991.9120870228 10.379440598719293 17.92566622019948 4.989533136323782
-3110296.0446863202 -5375483.863489987 -1485986.9261981952 10.364282111379415 17.899506534828316 4.982250151136957
-3110285.6879575658 -5375465.977018646 -1485981.947577104 10.349187067957981 17.873456280008877 4.974997636019203
-3110275.346292267 -5375448.116543077 -1485976.976193358 10.334155143937902 17.847514896432635 4.96777543520373
-3110265.0196274673 -5375430.281954687 -1485972.01201672 10.319186015878731 17.821681826639804 4.960583393439133
-3110254.7079005316 -5375412.473145441 -1485967.0550171086 10.304279361435803 17.79595651505291 4.953421355998689
-3110244.4110491476 -5375394.690007858 -1485962.1051645966 10.289434859379849 17.770338408011057 4.94628916868988
-3110234.129011322 -5375376.932435008 -1485957.1624294107 10.274652189614926 17.74482695380113 4.939186677863048
-3110223.8617253825 -5375359.200320514 -1485952.226781931 10.259931033197054 17.719421602690165 4.932113730420404
-3110213.609129975 -5375341.493558547 -1485947.2981926904 10.245271072355177 17.69412180696169 4.925070173826123
-3110203.371164062 -5375323.812043827 -1485942.3766323738 10.230671990506195 17.668927020941787 4.918055856113592
-3110193.147766922 -5375306.155671612 -1485937.4620718188 10.216133472273762 17.643836701031606 4.911070625894467
-3110182.938878149 -5375288.524337709 -1485932.5544820125 10.20165520350275 17.61885030573242 4.90411433236563
-3110172.7444376503 -5375270.917938463 -1485927.6538340938 10.18723687127535 17.593967295673544 4.897186825316955
-3110162.5643856446 -5375253.336370758 -1485922.7600993512 10.172878163926823 17.56918713363952 4.89028795513888
-3110152.398662663 -5375235.779532012 -1485917.8732492223 10.158578771057746 17.544509284591403 4.883417572828313
-3110142.247209545 -5375218.24732018 -1485912.9932552932 10.14433838354802 17.51993321569094 4.876575529995376
-3110132.10996744 -5375200.739633746 -1485908.1200892988 10.130156693569203 17.49545839632197 4.8697616788693425
-3110121.9868778023 -5375183.256371728 -1485903.2537231205 10.116033394596386 17.471084298110966 4.862975872304354
-3110111.8778823954 -5375165.797433666 -1485898.3941287873 10.101968181419906 17.44681039494732 4.856217963785068
-3110101.782923285 -5375148.362719625 -1485893.541278474 10.087960750155688 17.42263616300127 4.849487807431639
-3110091.70194284 -5375130.9521301985 -1485888.6951445015 10.074010798253365 17.398561080737956 4.842785258003632
-3110081.6348837325 -5375113.565566494 -1485883.855699335 10.060118024509233 17.37458462893988 4.83611017090626
-3110071.5816889345 -5375096.20293014 -1485879.022915584 10.046282129072678 17.35070629071803 4.829462402193487
-3110061.542301716 -5375078.864123282 -1485874.1967660019 10.032502813454828 17.32692555152691 4.822841808572198
-3110051.516665647 -5375061.549048576 -1485869.3772234851 10.018779780536383 17.303241899178087 4.816248247405973
-3110041.5047245915 -5375044.2576091895 -1485864.564261072 10.005112734575686 17.27965482385421 4.809681576718985
-3110031.506422711 -5375026.989708801 -1485859.7578519431 9.991501381213705 17.256163818117646 4.803141655198391
-3110021.5217044586 -5375009.745251592 -1485854.9579694194 9.977945427481576 17.23276837692359 4.796628342197985
-3110011.5505145816 -5374992.524142251 -1485850.1645869624 9.964444581806257 17.209467997629897 4.790141497740924
-3110001.5927981166 -5374975.326285966 -1485845.3776781734 9.950998554016202 17.18626218000689 4.783680982522462
-3109991.6485003894 -5374958.151588423 -1485840.5972167924 9.937607055344511 17.16315042624289 4.777246657911482
-3109981.717567016 -5374940.999955808 -1485835.8231766978 9.924269798434617 17.1401322409541 4.770838385953233
-3109971.799943897 -5374923.871294797 -1485831.0555319057 9.91098649734508 17.11720713119294 4.764456029371661
-3109961.8955772193 -5374906.765512563 -1485826.2942565694 9.897756867551735 17.094374606451783 4.758099451570431
-3109952.004413453 -5374889.682516763 -1485821.5393249777 9.884580625951719 17.071634178670035 4.751768516634907
-3109942.126399351 -5374872.622215543 -1485816.7907115556 9.871457490865678 17.04898536223793 4.745463089333191
-3109932.2614819463 -5374855.584517534 -1485812.0483908623 9.858387182040735 17.026427674001745 4.739183035117579
-3109922.4096085527 -5374838.569331848 -1485807.3123375922 9.845369420652473 17.003960633267305 4.732928220125524
-3109912.570726762 -5374821.576568078 -1485802.5825265727 9.832403929305642 16.981583761801236 4.7266985111799915
-3109902.744784443 -5374804.606136294 -1485797.8589327647 9.819490426952957 16.959296575055646 4.720493773346875
-3109892.931729761 -5374787.657947076 -1485793.141531271 9.806628593892695 16.937098521725197 4.7143138531104665
-3109883.1315112244 -5374770.731911598 -1485788.4302973591 9.793818069988532 16.914988980690456 4.708158577521415
-3109873.3440777105 -5374753.827941669 -1485783.7252064743 9.781058480620265 16.89296730583872 4.7020277666721855
-3109863.569378474 -5374736.94594975 -1485779.0262342426 9.768349448169289 16.87103284589295 4.695921239216843
-3109853.807363145 -5374720.08584895 -1485774.3333564703 9.755690596429064 16.84918495202117 4.689838814489612
-3109844.057981731 -5374703.247553024 -1485769.646549145 9.743081552274454 16.827422980713532 4.6837803133061175
-3109834.321184609 -5374686.430976369 -1485764.965788432 9.730521946270766 16.80574629483003 4.677745558255306
-3109824.596922524 -5374669.6360340165 -1485760.2910506728 9.718011412873452 16.78415426394269 4.67173437379487
-3109814.885146584 -5374652.862641624 -1485755.6223123844 9.705549590469591 16.76264626440559 4.665746586270854
-3109805.185808258 -5374636.110715468 -1485750.9595502554 9.693136121360862 16.741221679324436 4.659782023909258
-3109795.4988593706 -5374619.380172441 -1485746.302741146 9.68077065172097 16.719879898482475 4.653840516795456
-3109785.824252096 -5374602.670930039 -1485741.651862085 9.668452831547592 16.69862031825724 4.647921896851037
-3109776.1619389583 -5374585.982906363 -1485737.006890269 9.656182314609673 16.6774423415294 4.642025997808444
-3109766.511872827 -5374569.316020104 -1485732.3678030588 9.643958758396359 16.65634537759455 4.636152655186425
-3109756.8740069107 -5374552.670190543 -1485727.7345779797 9.631781824065708 16.635328842074703 4.630301706265379
-3109747.248294755 -5374536.045337539 -1485723.1071927184 9.61965117639145 16.614392156826412 4.624472990061795
-3109737.6346902396 -5374519.441381532 -1485718.4856251227 9.60756648371405 16.593534749856378 4.618666347304743
-3109728.0331475744 -5374502.858243523 -1485713.8698531976 9.595527417892539 16.572756055238397 4.612881620412744
-3109718.443621295 -5374486.295845083 -1485709.2598551055 9.58353365425258 16.55205551302378 4.607118653468833
-3109708.86606626 -5374469.754108336 -1485704.6556091635 9.571584871541711 16.53143256916422 4.601377292199075
-3109699.3004376474 -5374453.23295596 -1485700.057093843 9.559680751880595 16.510886675427685 4.595657383949149
-3109689.7466909518 -5374436.732311174 -1485695.4642877656 9.547820980718202 16.49041728932122 4.589958777662844
-3109680.2047819817 -5374420.252097741 -1485690.877169705 9.536005246784308 16.470023874008987 4.584281323859241
-3109670.674666853 -5374403.792239956 -1485686.2957185828 9.524233242046384 16.449705898237976 4.578624874612023
-3109661.156301989 -5374387.352662642 -1485681.7199134675 9.512504661665556 16.42946283626209 4.572989283528334
-3109651.6496441173 -5374370.9332911465 -1485677.149733574 9.50081920395238 16.409294167765857 4.567374405727537
-3109642.1546502644 -5374354.534051334 -1485672.58515826 9.489176570326102 16.389199377794217 4.5617800978216625
-3109632.671277754 -5374338.154869582 -1485668.0261670272 9.477576465270591 16.369177956676566 4.5562062178942515
-3109623.1994842044 -5374321.795672773 -1485663.472739518 9.466018596295548 16.34922939995984 4.550652625481725
-3109613.7392275245 -5374305.456388294 -1485658.9248555144 9.454502673894023 16.32935320833531 4.545119181553
-3109604.2904659114 -5374289.136944026 -1485654.3824949372 9.44302841150407 16.30954888757243 4.539605748491066
-3109594.8531578467 -5374272.837268343 -1485649.8456378432 9.431595525468694 16.28981594844983 4.53411219007377
-3109585.427262095 -5374256.557290108 -1485645.3142644258 9.420203734998466 16.27015390669084 4.528638371455857
-3109576.0127377002 -5374240.296938663 -1485640.7883550117 9.408852762132422 16.250562282896084 4.523184159150202
-3109566.609543982 -5374224.056143828 -1485636.267890061 9.397542331702295 16.23104060248179 4.5177494210106355
-3109557.217640535 -5374207.834835893 -1485631.7528501651 9.38627217129368 16.21158839561286 4.512334026213302
-3109547.8369872235 -5374191.6329456195 -1485627.2432160454 9.375042011211683 16.192205197143647 4.5069378452401665
-3109538.467544182 -5374175.450404229 -1485622.7389685523 9.36385158444607 16.172890546557866 4.501560749862282
-3109529.1092718085 -5374159.287143401 -1485618.240088664 9.352700626633826 16.153643987904026 4.49620261312181
-3109519.762130766 -5374143.143095272 -1485613.7465574841 9.341588876026986 16.13446506974 4.490863309316583
-3109510.426081977 -5374127.018192423 -1485609.258356243 9.330516073458817 16.11535334507467 4.485542713983861
-3109501.1010866207 -5374110.912367884 -1485604.775466293 9.319481962308593 16.096308371307256 4.480240703883429
-3109491.787106135 -5374094.825555123 -1485600.297869111 9.308486288471332 16.07732971017509 4.4749571569830575
-3109482.4841022072 -5374078.757688046 -1485595.8255462938 9.297528800323628 16.058416927694736 4.469691952442103
-3109473.192036777 -5374062.7087009875 -1485591.3584795592 9.286609248693205 16.0395695941095 4.464444970596893
-3109463.910872031 -5374046.678528713 -1485586.8966507434 9.275727386826338 16.020787283833226 4.459216092945077
-3109454.6405704026 -5374030.667106409 -1485582.4400418014 9.264882970359094 16.002069575400743 4.4540052021318255
-3109445.381094567 -5374014.674369683 -1485577.9886348045 9.254075757284527 15.983416051411284 4.448812181934076
-3109436.1324074413 -5373998.700254559 -1485573.5424119395 9.243305507925687 15.96482629848198 4.443636917247574
-3109426.8944721804 -5373982.744697469 -1485569.1013555082 9.232571984904549 15.946299907194277 4.438479294071961
-3109417.6672521755 -5373966.807635257 -1485564.6654479257 9.221874953951255 15.927836473491665 4.433339199899813
-3109408.4507110473 -5373950.889005158 -1485560.2346717168 9.211214192986652 15.909435614364826 4.4282165280825705
-3109399.24481263 -5373934.988744777 -1485555.8090095096 9.200589495138956 15.891096973056777 4.423111179279692
-3109390.0495209615 -5373919.106792071 -1485551.3884440293 9.190000660826119 15.872820205386946 4.4180230576521655
-3109380.8648002762 -5373903.243085336 -1485546.9729580956 9.179447494047972 15.854604973349351 4.412952069080465
-3109371.690615004 -5373887.397563202 -1485542.5625346224 9.168929801019956 15.836450942755224 4.407898120508234
-3109362.526929767 -5373871.570164634 -1485538.1571566155 9.158447389666472 15.818357782359687 4.402861119699082
-3109353.3737093783 -5373855.760828926 -1485533.7568071731 9.148000069425661 15.800325163525855 4.397840975143004
-3109344.2309188424 -5373839.969495701 -1485529.3614694846 9.137587651173595 15.78235276009468 4.39283759602009
-3109335.0985233504 -5373824.196104905 -1485524.9711268297 9.127209947184323 15.764440248316463 4.387850892181435
-3109325.9764882824 -5373808.440596806 -1485520.5857625776 9.116866771109617 15.74658730681622 4.38288077413947
-3109316.8647792027 -5373792.702911995 -1485516.2053601872 9.106557937962801 15.72879361656595 4.377927153060226
-3109307.76336186 -5373776.982991379 -1485511.829903206 9.096283264105987 15.711058860862758 4.372989940757242
-3109298.6722021867 -5373761.280776181 -1485507.4593752688 9.086042567235573 15.693382725303923 4.3680690496846095
-3109289.591266297 -5373745.596207938 -1485503.0937600976 9.07583566637281 15.675764897770687 4.36316439293245
-3109280.520520483 -5373729.929228495 -1485498.7330415016 9.065662381848826 15.65820506840243 4.358275884219739
-3109271.459931219 -5373714.27978001 -1485494.3772033756 9.055522535293704 15.640702929577909 4.353403437889063
-3109262.4094651556 -5373698.647804943 -1485490.0262296994 9.045415949625733 15.623258175896705 4.348546968901459
-3109253.3690891196 -5373683.033246062 -1485485.6801045386 9.035342449038524 15.60587050415705 4.343706392830241
-3109244.338770114 -5373667.436046435 -1485481.3388120418 9.02530185898984 15.588539613336568 4.338881625855629
-3109235.318475314 -5373651.856149431 -1485477.0023364415 9.015294006191052 15.57126520457411 4.3340725847596975
-3109226.308172068 -5373636.293498718 -1485472.6706620532 9.005318718594843 15.554046981148547 4.329279186920461
-3109217.307827898 -5373620.748038257 -1485468.343773275 8.995375825384032 15.536884648459546 4.32450135030653
-3109208.3174104933 -5373605.219712302 -1485464.021654586 8.985465156961308 15.51977791400984 4.319738993472167
-3109199.336887714 -5373589.708465403 -1485459.7042905474 8.975586544938665 15.502726487387053 4.314992035552222
-3109190.3662275877 -5373574.214242395 -1485455.3916658 8.965739822124807 15.48573008024196 4.310260396256086
-3109181.405398308 -5373558.736988402 -1485451.0837650655 8.955924822516371 15.468788406273392 4.305543995863478
-3109172.454368233 -5373543.2766488325 -1485446.7805731446 8.94614138128631 15.45190118120819 4.300842755218873
-3109163.5131058884 -5373527.83316938 -1485442.4820749166 8.93638933477346 15.435068122783248 4.296156595726488
-3109154.5815799595 -5373512.406496019 -1485438.1882553399 8.926668520473061 15.418288950729165 4.291485439345738
-3109145.659759295 -5373496.996575002 -1485433.8990994494 8.916978777026657 15.401563386752834 4.2868292085863855
-3109136.7476129048 -5373481.603352857 -1485429.6145923587 8.907319944209561 15.38489115451586 4.282187826502531
-3109127.8451099573 -5373466.22677639 -1485425.3347192574 8.897691862923754 15.368271979622271 4.277561216689184
-3109118.95221978 -5373450.866792683 -1485421.0594654107 8.888094375186245 15.35170558959852 4.272949303276703
-3109110.068911858 -5373435.523349083 -1485416.78881616 8.878527324120423 15.33519171387854 4.268352010926625
-3109101.195155833 -5373420.196393213 -1485412.5227569223 8.868990553945137 15.318730083784947 4.263769264826436
-3109092.330921501 -5373404.88587296 -1485408.261273188 8.859483909967214 15.302320432516124 4.259200990685972
-3109083.4761788133 -5373389.591736477 -1485404.004350522 8.850007238568791 15.285962495124403 4.254647114731343
-3109074.630897873 -5373374.313932182 -1485399.751974563 8.840560387199805 15.269656008503102 4.25010756370132
-3109065.7950489367 -5373359.052408758 -1485395.5041310226 8.831143204369695 15.253400711372247 4.245582264843366
-3109056.9686024105 -5373343.80711514 -1485391.2608056848 8.82175553963603 15.237196344258981 4.241071145908168
-3109048.151528852 -5373328.5780005315 -1485387.0219844051 8.81239724359661 15.221042649483909 4.236574135145849
-3109039.343798966 -5373313.365014386 -1485382.7876531114 8.803068167880596 15.204939371145828 4.232091161301702
-3109030.5453836056 -5373298.168106415 -1485378.5577978024 8.793768165138857 15.188886255105121 4.227622153611577
-3109021.756253772 -5373282.987226584 -1485374.332404547 8.784497089035009 15.172883048968274 4.223167041797557
-3109012.9763806104 -5373267.822325106 -1485370.1114594836 8.775254794238727 15.156929502076355 4.218725756064757
-3109004.2057354124 -5373252.673352447 -1485365.8949488215 8.766041136413268 15.141025365483527 4.214298227095339
-3108995.4442896126 -5373237.540259322 -1485361.6828588382 8.756855972211238 15.125170391949728 4.209884386046475
-3108986.6920147887 -5373222.4229966905 -1485357.4751758806 8.747699159263387 15.109364335921395 4.205484164544973
-3108977.9488826604 -5373207.321515757 -1485353.2718863622 8.738570556170728 15.093606953517837 4.201097494683488
-3108969.214865088 -5373192.235767967 -1485349.072976766 8.729470022496477 15.077898002517369 4.196724309016655
-3108960.4899340714 -5373177.16570501 -1485344.8784336403 8.720397418757793 15.062237242343066 4.1923645405571275
-3108951.7740617506 -5373162.111278818 -1485340.688243602 8.711352606416863 15.04662443404741 4.188018122771298
-3108943.067220403 -5373147.072441556 -1485336.5023933332 8.702335447875425 15.031059340302837 4.1836849895766655
-3108934.369382443 -5373132.049145627 -1485332.3208695822 8.693345806314582 15.015541725125109 4.179365075264837
-3108925.680520423 -5373117.041343672 -1485328.1436591637 8.68438353984202 15.000071343764988 4.175058311687957
-3108917.0006070463 -5373102.048988591 -1485323.9707489642 8.675448491490956 14.98464792543935 4.170764623451778
-3108908.3296151757 -5373087.072033562 -1485319.802125947 8.666540496912233 14.969271186620412 4.166483931614319
-3108899.66751784 -5373072.110432048 -1485315.637777156 8.657659390206824 14.95394084110789 4.162216156489447
-3108891.014288235 -5373057.1641378 -1485311.4776897142 8.648805005957243 14.938656603535094 4.157961218622931
-3108882.3698997195 -5373042.233104851 -1485307.321850824 8.639977179919214 14.923418190561577 4.153719039124546
-3108873.734325818 -5373027.317287518 -1485303.1702477655 8.631175749249616 14.908225321265487 4.149489539777375
-3108865.1075402144 -5373012.416640394 -1485299.022867898 8.622400552573035 14.89307771725773 4.145272643069634
-3108856.489516756 -5372997.531118356 -1485294.8796986572 8.613651429992998 14.877975102700884 4.141068272199974
-3108847.8802294475 -5372982.660676548 -1485290.7407275555 8.604928223085386 14.862917204297574 4.136876351074266
-3108839.279652452 -5372967.805270391 -1485286.6059421808 8.59623077488241 14.847903751262644 4.132696804297856
-3108830.687760089 -5372952.964855573 -1485282.475330196 8.587558929858952 14.83293447529952 4.128529557169002
-3108822.104526832 -5372938.139388051 -1485278.348879339 8.578912533914126 14.81800911056831 4.124374535669988
-3108813.5299273087 -5372923.328824045 -1485274.2265774203 8.570291434355099 14.803127393657908 4.120231666459359
-3108804.963936298 -5372908.53312004 -1485270.1084123245 8.561695479882063 14.788289063560038 4.116100876864696
-3108796.406528731 -5372893.752232775 -1485265.9943720074 8.553124520569494 14.773493861636917 4.111982094873617
-3108787.857679686 -5372878.986119254 -1485261.8844444978 8.544578407851132 14.758741531595339 4.107875249126557
-3108779.3173643905 -5372864.234736729 -1485257.7786178947 8.536056994505111 14.744031819461055 4.103780268909633
-3108770.785558218 -5372849.49804271 -1485253.6768803676 8.527560134636786 14.729364473549104 4.099697084146385
-3108762.262236688 -5372834.775994956 -1485249.579220156 8.519087683662995 14.714739244436723 4.0956256253902374
-3108753.7473754627 -5372820.068551473 -1485245.4856255678 8.510639498299742 14.700155884942054 4.091565823818563
-3108745.2409503474 -5372805.375670516 -1485241.3960849808 8.502215436544153 14.685614150093068 4.0875176112240315
-3108736.7429372896 -5372790.697310579 -1485237.3105868392 8.493815357660567 14.67111379710353 4.083480920007921
-3108728.253312376 -5372776.033430403 -1485233.2291196552 8.485439122165902 14.656654585347805 4.079455683173099
-3108719.7720518326 -5372761.383988964 -1485229.1516720082 8.477086591816299 14.642236276337801 4.075441834317606
-3108711.299132023 -5372746.74894548 -1485225.0782325428 8.468757629591792 14.627858633696516 4.071439307627282
-3108702.834529447 -5372732.128259402 -1485221.0087899696 8.460452099682877 14.613521423134902 4.067448037869337
-3108694.3782207393 -5372717.521890411 -1485216.9433330637 8.452169867476536 14.599224412427741 4.063467960385622
-3108685.9301826693 -5372702.929798425 -1485212.8818506657 8.443910799541458 14.584967371388155 4.059499011085536
-3108677.4903921387 -5372688.351943589 -1485208.8243316785 8.435674763617966 14.57075007185026 4.055541126441198
-3108669.0588261816 -5372673.788286273 -1485204.7707650692 8.427461628601066 14.556572287639893 4.051594243479293
-3108660.6354619623 -5372659.2387870755 -1485200.7211398676 8.419271264529772 14.542433794556237 4.047658299775957
-3108652.220276774 -5372644.703406815 -1485196.6754451655 8.41110354257276 14.528334370347036 4.043733233449877
-3108643.8132480383 -5372630.182106536 -1485192.6336701154 8.402958335017034 14.514273794689087 4.039818983156856
-3108635.4143533045 -5372615.674847496 -1485188.5958039325 8.394835515254215 14.500251849164567 4.035915488083223
-3108627.023570248 -5372601.181591175 -1485184.561835892 8.386734957769225 14.486268317241537 4.032022687940405
-3108618.640876668 -5372586.702299265 -1485180.5317553282 8.37865653812711 14.472322984251196 4.028140522958591
-3108610.2662504893 -5372572.2369336765 -1485176.505551636 8.370600132961792 14.45841563736848 4.024268933881337
-3108601.899669758 -5372557.785456527 -1485172.483214269 8.362565619964046 14.444546065591354 4.020407861959791
-3108593.541112643 -5372543.3478301475 -1485168.464732739 8.354552877869239 14.430714059719634 4.0165572489468
-3108585.1905574338 -5372528.924017075 -1485164.450096616 8.34656178644706 14.416919412337286 4.012717037091984
-3108576.8479825393 -5372514.513980056 -1485160.4392955278 8.338592226488746 14.4031619177904 4.008887169135597
-3108568.513366487 -5372500.117682036 -1485156.4323191585 8.330644079796496 14.389441372168921 4.005067588303445
-3108560.1866879226 -5372485.73508617 -1485152.4291572494 8.322717229171882 14.375757573286663 4.001258238301319
-3108551.867925608 -5372471.3661558125 -1485148.4297995975 8.31481155840622 14.362110320664705 3.997459063310373
-3108543.5570584214 -5372457.010854514 -1485144.4342360557 8.30692695226887 14.348499415511222 3.993670007981506
-3108535.254065355 -5372442.669146027 -1485140.4424565318 8.299063296495445 14.334924660701123 3.989891017429694
-3108526.958925515 -5372428.3409943 -1485136.4544509882 8.291220477779635 14.32138586076196 3.986122037230069
-3108518.671618121 -5372414.026363474 -1485132.4702094416 8.28339838376152 14.30788282185381 3.9823630134123085
-3108510.3921225043 -5372399.725217885 -1485128.4897219625 8.275596903017286 14.294415351751441 3.978613892455682
-3108502.1204181067 -5372385.437522058 -1485124.5129786741 8.267815925049286 14.28098325982729 3.9748746212843
-3108493.85648448 -5372371.163240713 -1485120.5399697537 8.260055340275846 14.267586357033785 3.9711451472621984
-3108485.600301286 -5372356.902338752 -1485116.57068543 8.25231504002306 14.254224455889247 3.9674254181894115
-3108477.351848294 -5372342.654781265 -1485112.6051159839 8.24459491651225 14.240897370456228 3.9637153822959412
-3108469.1111053806 -5372328.420533532 -1485108.6432517478 8.236894862852214 14.22760491632817 3.96001498823804
-3108460.8780525285 -5372314.199561011 -1485104.6850831057 8.229214773029616 14.214346910612818 3.9563241850935924
-3108452.6526698275 -5372299.991829346 -1485100.7306004919 8.221554541899337 14.201123171915569 3.9526429223574837
-3108444.4349374706 -5372285.797304359 -1485096.779794391 8.213914064500443 14.187933519158003 3.948971149612747
-3108436.2248357586 -5372271.61595206 -1485092.8326553393 8.20629322871307 14.17477775889575 3.9453088130005947
-3108428.022345111 -5372257.447738659 -1485088.8891739298 8.198691913189744 14.161655681749368 3.941655854226724
-3108419.827446069 -5372243.29263058 -1485084.9493408143 8.191109993822721 14.148567073575641 3.938012213670644
-3108411.640119298 -5372229.150594462 -1485081.013146704 8.183547346429142 14.135511720103757 3.9343778316762106
-3108403.460345588 -5372215.021597155 -1485077.0805823707 8.176003847627557 14.122489408447613 3.930752648972672
-3108395.288105853 -5372200.905605725 -1485073.151638644 8.168479375116762 14.109499927586308 3.927136606808483
-3108387.123381126 -5372186.802587444 -1485069.2263064128 8.160973807756124 14.096543068502177 3.923529646989773
-3108378.9661525623 -5372172.712509796 -1485065.3045766237 8.153487025583772 14.083618624211816 3.9199317118890153
-3108370.816401436 -5372158.635340467 -1485061.3864402801 8.14601890981283 14.07072638975937 3.916342744443167
-3108362.6741091395 -5372144.57104735 -1485057.4718884432 8.13856934282032 14.05786616219722 3.912762688148307
-3108354.539257183 -5372130.519598538 -1485053.5609122296 8.131138208135525 14.04503774056584 3.909191487054031
-3108346.4118271917 -5372116.480962326 -1485049.653502812 8.123725390426264 14.032240925870118 3.9056290857568587
-3108338.2918009055 -5372102.455107204 -1485045.7496514176 8.11633077548566 14.019475521056446 3.902075429393859
-3108330.1791601786 -5372088.44200186 -1485041.849349329 8.108954250218583 14.006741330989337 3.8985304636361455
-3108322.0738869775 -5372074.441615176 -1485037.9525878828 8.101595702629485 13.994038162430451 3.8949941346830284
-3108313.9759633797 -5372060.453916229 -1485034.0593584687 8.094255021809637 13.981365824016544 3.8914663892558825
-3108305.885371574 -5372046.478874281 -1485030.1696525298 8.086932097923626 13.968724126236205 3.8879471745916647
-3108297.802093858 -5372032.516458785 -1485026.283461561 8.079626822196964 13.956112881408448 3.8844364384369587
-3108289.7261126367 -5372018.566639383 -1485022.4007771101 8.072339086904144 13.943531903662105 3.880934129042234
-3108281.6574104237 -5372004.629385901 -1485018.521590776 8.065068785357088 13.930981008915932 3.877440195156309
-3108273.595969838 -5371990.704668345 -1485014.6458942085 8.057815811893038 13.918460014857693 3.873954586020524
-3108265.541773604 -5371976.792456905 -1485010.773679108 8.050580061860446 13.905968740919814 3.870477251361967
-3108257.4948045504 -5371962.892721952 -1485006.9049372247 8.04336143161044 13.893507008264676 3.867008141389377
-3108249.4550456083 -5371949.0054340325 -1485003.0396603593 8.036159818483753 13.88107463976205 3.86354720678686
-3108241.4224798116 -5371935.130563871 -1484999.1778403602 8.028975120799519 13.868671459969795 3.860094398708518
-3108233.397090296 -5371921.268082364 -1484995.319469126 8.0218072378447 13.856297295115596 3.8566496687733594
-3108225.378860296 -5371907.417960584 -1484991.4645386015 8.014656069861834 13.843951973075818 3.8532129690594172
-3108217.367773147 -5371893.580169775 -1484987.613040781 8.007521518039411 13.831635323358931 3.849784252099132
-3108209.3638122804 -5371879.754681347 -1484983.7649677051 8.000403484500437 13.819347177085763 3.84636347087385
-3108201.3669612277 -5371865.941466881 -1484979.9203114614 7.993301872292381 13.80708736697217 3.842950578809003
-3108193.3772036154 -5371852.140498124 -1484976.0790641839 7.986216585375141 13.794855727308262 3.8395455297683236
-3108185.3945231657 -5371838.351746988 -1484972.241218052 7.979147528613268 13.782652093944996 3.8361482780501084
-3108177.418903696 -5371824.575185547 -1484968.4067652922 7.972094607763744 13.770476304273087 3.8327587783813515
-3108169.4503291165 -5371810.81078604 -1484964.5756981736 7.9650577294666265 13.75832819720687 3.82937698591325
-3108161.4887834317 -5371797.058520862 -1484960.7480090118 7.958036801235668 13.746207613168124 3.826002856216694
-3108153.5342507367 -5371783.31836257 -1484956.923690166 7.951031731447181 13.734114394066854 3.822636345276925
-3108145.586715219 -5371769.590283878 -1484953.1027340395 7.944042429331584 13.7220483832867 3.8192774094894713
-3108137.6461611562 -5371755.874257656 -1484949.2851330787 7.937068804963141 13.710009425667252 3.8159260056552187
-3108129.7125729145 -5371742.170256927 -1484945.470879773 7.930110769251826 13.697997367490013 3.812582090976505
-3108121.7859349498 -5371728.478254868 -1484941.6599666544 7.923168233931533 13.686012056458042 3.809245623051454
-3108113.866231806 -5371714.798224807 -1484937.8523862974 7.9162411115537825 13.674053341685116 3.8059165598709597
-3108105.953448113 -5371701.130140223 -1484934.048131318 7.909329315476795 13.662121073676872 3.802594859813427
-3108098.047568587 -5371687.473974743 -1484930.247194374 7.902432759856689 13.650215104315611 3.799280481640552
-3108090.148578031 -5371673.829702143 -1484926.4495681634 7.895551359639584 13.6383352868467 3.795973384493527
-3108082.2564613316 -5371660.197296342 -1484922.6552454259 7.888685030552401 13.62648147586268 3.79267352788862
-3108074.3712034593 -5371646.576731408 -1484918.8642189407 7.881833689093866 13.61465352728774 3.7893808717128534
-3108066.4927894683 -5371632.967981549 -1484915.0764815276 7.874997252526809 13.602851298364468 3.7860953762203104
-3108058.621204494 -5371619.371021116 -1484911.2920260455 7.8681756388694435 13.591074647638763 3.782817002027937
-3108050.756433755 -5371605.785824602 -1484907.510845393 7.861368766886258 13.579323434944135 3.7795457101111722
-3108042.89846255 -5371592.212366636 -1484903.7329325068 7.854576556081501 13.567597521390482 3.7762814618008207
-3108035.0472762566 -5371578.65062199 -1484899.9582803624 7.84779892668969 13.555896769347708 3.7730242187784926
-3108027.2028603335 -5371565.10056557 -1484896.1868819736 7.841035799668178 13.54422104243287 3.7697739430730244
-3108019.3652003184 -5371551.562172419 -1484892.4187303921 7.834287096690109 13.532570205498077 3.76653059705711
-3108011.534281826 -5371538.035417715 -1484888.6538187072 7.827552740134679 13.520944124613639 3.763294143442611
-3108003.710090548 -5371524.520276767 -1484884.8921400444 7.820832653082077 13.509342667059371 3.760064545278131
-3107995.892612253 -5371511.016725019 -1484881.133687567 7.814126759303333 13.497765701307069 3.756841765944142
-3107988.081832785 -5371497.524738043 -1484877.378454474 7.807434983254108 13.48621309700978 3.753625769149994
-3107980.277738065 -5371484.044291541 -1484873.626434001 7.800757250067993 13.474684724990276 3.750416518930704
-3107972.480314086 -5371470.575361348 -1484869.877619419 7.794093485547435 13.463180457225373 3.7472139796425936
-3107964.6895469176 -5371457.117923421 -1484866.1320040354 7.7874436161585185 13.451700166836932 3.744018115960782
-3107956.9054226996 -5371443.671953848 -1484862.3895811916 7.780807569474545 13.440243728858071 3.740828893092447
-3107949.1279276446 -5371430.237428833 -1484858.6503442635 7.774185277641788 13.428811026218918 3.7376462784429014
-3107941.3570480305 -5371416.8143246975 -1484854.9142866584 7.767576677427191 13.417401949827322 3.7344702416381743
-3107933.5927701956 -5371403.402617869 -1484851.181401813 7.760981707498005 13.406016393870045 3.7313007532171723
-3107925.83508054 -5371390.002284877 -1484847.4516831937 7.754400307431816 13.394654254103587 3.728137784155906
-3107918.083965523 -5371376.61330236 -1484843.7251242956 7.747832417403891 13.383315427314825 3.7249813057173187
-3107910.339411666 -5371363.235647055 -1484840.0017186422 7.741277978087114 13.371999811148655 3.72183128940328
-3107902.601405547 -5371349.869295802 -1484836.2814597853 7.7347369306155 13.360707304045201 3.7186877069370925
-3107894.8699338026 -5371336.514225543 -1484832.5643413055 7.728209216570717 13.349437805216724 3.71555053025705
-3107887.1449831296 -5371323.170413317 -1484828.8503568107 7.721694777974798 13.338191214635101 3.7124197315129526
-3107879.42654028 -5371309.837836268 -1484825.139499937 7.715193557285719 13.32696743302428 3.709295283063993
-3107871.714592066 -5371296.516471638 -1484821.4317643477 7.708705497391786 13.315766361850573 3.7061771574760622
-3107864.0091253547 -5371283.206296763 -1484817.7271437338 7.702230541608418 13.304587903317154 3.7030653275202106
-3107856.31012707 -5371269.90728908 -1484814.0256318129 7.695768633672717 13.293431960354694 3.699959766170041
-3107848.6175841917 -5371256.619426121 -1484810.3272223298 7.689319717739666 13.282298436614777 3.6968604465998776
-3107840.931483756 -5371243.342685514 -1484806.631909056 7.682883738379103 13.271187236464735 3.693767342183322
-3107833.251812853 -5371230.077044985 -1484802.93968579 7.676460640571051 13.260098264979536 3.690680426491004
-3107825.57855863 -5371216.822482352 -1484799.2505463562 7.670050369701054 13.249031427933787 3.687599673288344
-3107817.911708286 -5371203.578975526 -1484795.5644846049 7.663652871557998 13.237986631797948 3.6845250565345076
-3107810.251249076 -5371190.346502513 -1484791.8814944124 7.657268092327901 13.226963783727623 3.6814565503794205
-3107802.597168307 -5371177.125041411 -1484788.2015696813 7.650895978592776 13.215962791561603 3.678394129163221
-3107794.9494533404 -5371163.914570411 -1484784.5247043392 7.64453647732421 13.204983563810785 3.675337767413178
-3107787.3080915906 -5371150.715067793 -1484780.8508923394 7.638189535881504 13.194026009654966 3.6722874398428007
-3107779.6730705234 -5371137.526511928 -1484777.1801276603 7.631855102007841 13.18309003893623 3.669243121349992
-3107772.044377657 -5371124.34888128 -1484773.512404305 7.625533123825301 13.172175562150354 3.6662047870146584
-3107764.422000562 -5371111.1821543975 -1484769.8477163024 7.619223549832647 13.161282490442986 3.6631724120976448
-3107756.80592686 -5371098.02630992 -1484766.1860577047 7.612926328900818 13.15041073560186 3.660145972038569
-3107749.1961442227 -5371084.881326575 -1484762.5274225897 7.606641410270249 13.139560210052185 3.657125442454537
-3107741.592640374 -5371071.747183176 -1484758.8718050588 7.600368743546862 13.128730826849733 3.6541107991382153
-3107733.995403086 -5371058.623858624 -1484755.2191992379 7.594108278698346 13.117922499674398 3.6511020180560436
-3107726.4044201816 -5371045.511331905 -1484751.5695992766 7.587859966050932 13.107135142824667 3.6480990753466895
-3107718.819679534 -5371032.409582092 -1484747.9229993485 7.581623756286109 13.096368671211913 3.6451019473194646
-3107711.241169065 -5371019.318588344 -1484744.2793936508 7.575399600438468 13.085623000356712 3.642110610453295
-3107703.668876744 -5371006.2383299 -1484740.6387764036 7.569187449890279 13.074898046379472 3.6391250413941143
-3107696.102790591 -5370993.168786085 -1484737.001141851 7.56298725636894 13.064193725996033 3.6361452169536363
-3107688.542898672 -5370980.109936308 -1484733.36648426 7.556798971944417 13.05350995651324 3.633171114108128
-3107680.9891891023 -5370967.061760058 -1484729.73479792 7.550622549026238 13.042846655823798 3.630202709996968
-3107673.441650044 -5370954.024236906 -1484726.1060771442 7.544457940358215 13.03220374239709 3.627239981920101
-3107665.9002697063 -5370940.997346507 -1484722.4803162673 7.538305099017895 13.021581135278327 3.6242829073377894
-3107658.365036345 -5370927.981068595 -1484718.8575096475 7.532163978412869 13.010978754082096 3.6213314638688274
-3107650.835938263 -5370914.975382985 -1484715.2376516648 7.526034532275898 13.000396518984001 3.618385629288207
-3107643.312963809 -5370901.980269567 -1484711.620736721 7.519916714664413 12.98983435071978 3.615445381526875
-3107635.796101376 -5370888.995708317 -1484708.0067592405 7.513810479955361 12.979292170576414 3.612510698669258
-3107628.2853394053 -5370876.021679284 -1484704.3957136692 7.507715782843893 12.968769900389878 3.6095815589526303
-3107620.7806663807 -5370863.058162598 -1484700.7875944746 7.501632578339637 12.958267462538696 3.606657940765328
-3107613.2820708323 -5370850.105138465 -1484697.1823961465 7.4955608217635366 12.947784779938495 3.6037398226452293
-3107605.789541335 -5370837.162587168 -1484693.5801131949 7.489500468745826 12.937321776038507 3.600827183278778
-3107598.3030665065 -5370824.230489066 -1484689.9807401523 7.48345147522282 12.926878374816036 3.597920001499445
-3107590.8226350104 -5370811.308824596 -1484686.384271571 7.47741379743365 12.91645450077082 3.595018256286161
-3107583.3482355513 -5370798.397574266 -1484682.790702025 7.471387391917988 12.90605007892111 3.5921219267622186
-3107575.879856879 -5370785.496718663 -1484679.2000261093 7.465372215513213 12.895665034798784 3.589230992193919
-3107568.4174877857 -5370772.606238444 -1484675.6122384388 7.459368225351413 12.885299294444163 3.5863454319891255
-3107560.9611171074 -5370759.726114345 -1484672.0273336498 7.453375378857103 12.87495278440209 3.583465225696168
-3107553.5107337204 -5370746.85632717 -1484668.4453063984 7.447393633745086 12.864625431718233 3.5805903530028202
-3107546.066326545 -5370733.996857797 -1484664.8661513613 7.441422948015742 12.854317163930945 3.577720793734032
-3107538.6278845426 -5370721.147687178 -1484661.2898632346 7.435463279954782 12.844027909070864 3.5748565278518116
-3107531.1953967167 -5370708.308796338 -1484657.7164367354 7.429514588129399 12.833757595654255 3.571997535453381
-3107523.768852111 -5370695.480166369 -1484654.1458665994 7.4235768313865815 12.823506152680107 3.5691437967703608
-3107516.3482398107 -5370682.661778437 -1484650.5781475834 7.417649968849675 12.813273509624194 3.5662952921671205
-3107508.933548942 -5370669.853613776 -1484647.0132744631 7.411733959915725 12.803059596434503 3.5634520021395026
-3107501.5247686724 -5370657.055653691 -1484643.4512420332 7.405828764254224 12.792864343529063 3.5606139073142224
-3107494.121888208 -5370644.267879558 -1484639.8920451084 7.399934341803714 12.782687681790087 3.557780988447232
-3107486.724896796 -5370631.490272817 -1484636.3356785225 7.394050652770019 12.772529542560918 3.5549532264228736
-3107479.333783722 -5370618.722814984 -1484632.7821371278 7.3881776576228955 12.762389857640255 3.5521306022522703
-3107471.948538312 -5370605.965487636 -1484629.231415796 7.382315315498971 12.752268556523433 3.5493130963054953
-3107464.5691499426 -5370593.218272438 -1484625.6835094227 7.376463558743368 12.74216552243015 3.546500676072524
-3107457.1956080785 -5370580.481151213 -1484622.1384129466 7.370622279159356 12.732080568567673 3.5436932895555304
-3107449.8279023026 -5370567.754105983 -1484618.5961213633 7.364791354423943 12.722013483762941 3.54089087796947
-3107442.4660223234 -5370555.037118988 -1484615.0566297274 7.3589706591023525 12.711964051481056 3.5380933810360116
-3107435.1099579735 -5370542.330172684 -1484611.5199331543 7.3531600679411016 12.701932055507267 3.535300738565451
-3107427.7596992115 -5370529.633249742 -1484607.9860268203 7.347359456845124 12.691917281630783 3.5325128909256485
-3107420.4152361182 -5370516.946333045 -1484604.4549059593 7.341568703158318 12.681919518127064 3.529729779176427
-3107413.0765588973 -5370504.269405688 -1484600.926565865 7.3357876857347035 12.671938555879482 3.526951345103517
-3107405.743657873 -5370491.602450973 -1484597.4010018883 7.330016284949487 12.661974188397725 3.5241775312237356
-3107398.4165234864 -5370478.94545241 -1484593.8782094375 7.3242543826898485 12.652026211801562 3.521408280780483
-3107391.0951462993 -5370466.298393705 -1484590.3581839772 7.318501862341153 12.642094424796856 3.5186435377370824
-3107383.7795169866 -5370453.66125877 -1484586.8409210283 7.31275860877001 12.632178628646212 3.515883246768616
-3107376.4696263378 -5370441.034031713 -1484583.3264161656 7.307024508309445 12.62227862714334 3.51312735325479
-3107369.1654652567 -5370428.416696835 -1484579.8146650183 7.301299448742798 12.61239422658524 3.5103758032721935
-3107361.867024758 -5370415.809238631 -1484576.3056632702 7.295583319287154 12.602525235743597 3.5076285435863355
-3107354.574295967 -5370403.211641788 -1484572.7994066572 7.289876010578472 12.592671465839107 3.5048855216444963
-3107347.2872701157 -5370390.623891177 -1484569.2958909676 7.284177414656811 12.582832730515975 3.502146685568632
-3107340.005938546 -5370378.045971855 -1484565.7951120408 7.278487424950025 12.573008845813785 3.499411984147538
-3107332.7302927035 -5370365.477869063 -1484562.2970657684 7.272805936258622 12.563199630141353 3.4966813668295744
-3107325.46032414 -5370352.919568222 -1484558.8017480904 7.267132844742278 12.553404904253467 3.49395478371619
-3107318.196024509 -5370340.371054932 -1484555.3091549976 7.261468047904349 12.543624491224168 3.4912321855544772
-3107310.937385567 -5370327.832314965 -1484551.8192825294 7.255811444577693 12.53385821642225 3.4885135237303606
-3107303.684399171 -5370315.3033342725 -1484548.3321267737 7.2501629349104295 12.524105907486721 3.4857987502617593
-3107296.4370572753 -5370302.784098973 -1484544.8476838656 7.244522420352451 12.514367394303516 3.483087817792105
-3107289.195351935 -5370290.274595352 -1484541.3659499877 7.2388898036405305 12.504642508979778 3.48038067958318
-3107281.9592753 -5370277.774809867 -1484537.8869213685 7.233264988785569 12.494931085821872 3.477677289509004
-3107274.7288196157 -5370265.284729139 -1484534.4105942831 7.227647881058051 12.485232961310269 3.4749776020488303
-3107267.5039772214 -5370252.804339948 -1484530.9369650516 7.222038386976834 12.47554797408023 3.472281572281778
-3107260.284740551 -5370240.3336292375 -1484527.466030038 7.216436414293386 12.465875964894558 3.4695891558792407
-3107253.071102128 -5370227.872584109 -1484523.9977856516 7.210841871981099 12.4562167766252 3.466900309099765
-3107245.863054566 -5370215.421191819 -1484520.5322283437 7.20525467022111 12.446570254228755 3.4642149887822344
-3107238.660590571 -5370202.979439778 -1484517.0693546094 7.19967472038945 12.436936244724302 3.461533152339694
-3107231.4637029334 -5370190.547315547 -1484513.609160986 7.194101935045751 12.427314597173904 3.4588547577539246
-3107224.2723845323 -5370178.124806841 -1484510.1516440525 7.1885362279194265 12.417705162658766 3.456179763568805
-3107217.0866283323 -5370165.711901519 -1484506.6968004287 7.182977513898806 12.408107794260493 3.4535081288850926
-3107209.906427382 -5370153.30858759 -1484503.2446267754 7.177425709018878 12.398522347039915 3.4508398133545293
-3107202.7317748144 -5370140.914853204 -1484499.7951197936 7.171880730448045 12.38894867801426 3.4481747771734863
-3107195.5626638443 -5370128.530686651 -1484496.3482762233 7.166342496478987 12.379386646141358 3.445512981078565
-3107188.399087767 -5370116.156076366 -1484492.9040928443 7.160810926513228 12.369836112293019 3.4428543863391914
-3107181.2410399583 -5370103.79101092 -1484489.462566474 7.155285941053014 12.36029693924102 3.4401989547537073
-3107174.088513873 -5370091.435479018 -1484486.023693968 7.149767461689275 12.350768991636322 3.437546648643589
-3107166.941503044 -5370079.089469503 -1484482.5874722204 7.144255411088786 12.341252135986917 3.4348974308472764
-3107159.8000010815 -5370066.752971349 -1484479.1538981604 7.138749712984241 12.3317462406407 3.4322512647154104
-3107152.6640016697 -5370054.425973659 -1484475.7229687548 7.133250292164014 12.322251175767803 3.429608114105908
-3107145.5334985685 -5370042.10846567 -1484472.2946810059 7.127757074459399 12.312766813338555 3.42696794337783
-3107138.408485612 -5370029.800436741 -1484468.8690319513 7.1222699867365025 12.303293027109515 3.424330717387492
-3107131.2889567064 -5370017.501876357 -1484465.4460186637 7.11678895688312 12.293829692600807 3.4216964014821563
-3107124.174905829 -5370005.21277413 -1484462.0256382502 7.111313913799058 12.284376687079426 3.419064961495379
-3107117.066327029 -5369992.933119792 -1484458.6078878518 7.10584478738663 12.274933889542835 3.4164363637424504
-3107109.9632144235 -5369980.662903192 -1484455.1927646426 7.100381508540031 12.265501180700621 3.413810575015283
-3107102.865562199 -5369968.402114303 -1484451.7802658305 7.094924009133837 12.256078442954658 3.411187562576891
-3107095.7733646105 -5369956.150743211 -1484448.3703886552 7.089472222015293 12.246665560385791 3.4085672941576806
-3107088.6866159784 -5369943.9087801175 -1484444.9631303886 7.084026080992632 12.237262418733676 3.4059497379498436
-3107081.605310689 -5369931.6762153385 -1484441.5584883343 7.078585520825824 12.227868905380825 3.4033348626029083
-3107074.5294431946 -5369919.4530393025 -1484438.1564598267 7.073150477217209 12.21848490933642 3.400722637219239
-3107067.45900801 -5369907.239242545 -1484434.7570422313 7.067720886801499 12.209110321219086 3.3981130313492347
-3107060.393999713 -5369895.034815714 -1484431.3602329434 7.062296687136714 12.199745033241221 3.3955060149869727
-3107053.3344129445 -5369882.839749561 -1484427.9660293888 7.056877816693939 12.19038893919134 3.3929015585652875
-3107046.280242405 -5369870.654034945 -1484424.574429022 7.0514642148489575 12.181041934419627 3.3902996329517534
-3107039.231482856 -5369858.47766283 -1484421.1854293263 7.046055821872777 12.171703915821574 3.3877002094441258
-3107032.188129118 -5369846.310624279 -1484417.7990278138 7.040652578922085 12.162374781821526 3.3851032597657627
-3107025.1501760706 -5369834.152910459 -1484414.4152220248 7.035254428031288 12.153054432358944 3.3825087560617977
-3107018.1176186497 -5369822.004512633 -1484411.0340095272 7.029861312102128 12.14374276887046 3.379916670894149
-3107011.0904518496 -5369809.865422166 -1484407.655387916 7.024473174896527 12.13443969427756 3.377326977238084
-3107004.068670718 -5369797.735630516 -1484404.2793548128 7.019089961026249 12.12514511296871 3.3747396484772487
-3106997.0522703594 -5369785.615129236 -1484400.9059078663 7.013711615945092 12.115858930785915 3.372154658399924
-3106990.0412459327 -5369773.503909974 -1484397.5350447504 7.008338085941255 12.106581055011508 3.3695719811953464
-3106983.035592648 -5369761.401964469 -1484394.1667631646 7.002969321635662 12.097311400411174 3.3669915931356527
-3106976.035305756 -5369749.309284528 -1484390.8010608277 6.997605298816367 12.088049925218838 3.3644134825917824
-3106969.040380518 -5369737.225861974 -1484387.437935463 6.992246014459871 12.078796624254975 3.3618376481187364
-3106962.0508121937 -5369725.1516886335 -1484384.0773847944 6.986891471911886 12.06955150332976 3.3592640913311302
-3106955.0665960396 -5369713.086756322 -1484380.719406543 6.981541676332911 12.060314571380653 3.3566928147145174
-3106948.0877273055 -5369701.031056843 -1484377.3639984275 6.976196633381011 12.051085838200395 3.3541238209927946
-3106941.1142012356 -5369688.984581995 -1484374.0111581632 6.970856348832819 12.041865313784317 3.3515571129464026
-3106934.14601307 -5369676.947323562 -1484370.660883463 6.965520828473514 12.032653008141372 3.3489926933596514
-3106927.18315804 -5369664.919273322 -1484367.3131720372 6.960190078064358 12.023448931238624 3.3464305650052353
-3106920.225631374 -5369652.9004230425 -1484363.9680215933 6.95486410333423 12.014253092986948 3.343870730640224
-3106913.2734282925 -5369640.890764479 -1484360.6254298359 6.949542909975831 12.0050655032346 3.3413131930042694
-3106906.326544012 -5369628.890289377 -1484357.2853944667 6.944226503644762 11.995886171765704 3.338757954819175
-3106899.384973742 -5369616.8989894735 -1484353.947913185 6.938914889958312 11.98671510829821 3.3362050187883296
-3106892.4487126875 -5369604.916856497 -1484350.6129836873 6.933608074496334 11.977552322485423 3.333654387597125
-3106885.5177560477 -5369592.943882163 -1484347.2806036677 6.92830606279983 11.968397823913563 3.3311060639122814
-3106878.5920990156 -5369580.980058182 -1484343.950770817 6.923008860371443 11.95925162210263 3.328560050382083
-3106871.6717367796 -5369569.02537625 -1484340.6234828236 6.91771647267496 11.950113726505547 3.3260163496361432
-3106864.756664522 -5369557.079828057 -1484337.298737374 6.912428905134291 11.940984146506374 3.3234749642849097
-3106857.84687742 -5369545.143405285 -1484333.976532151 6.907146163133888 11.931862891421067 3.320935896919868
-3106850.9423706457 -5369533.216099601 -1484330.6568648354 6.90186825201896 11.922749970497849 3.318399150113648
-3106844.0431393655 -5369521.297902668 -1484327.3397331059 6.8965951770939 11.913645392914447 3.3158647264192607
-3106837.1491787396 -5369509.388806138 -1484324.0251346375 6.891326943622452 11.904549167778423 3.313332628370183
-3106830.260483925 -5369497.488801654 -1484320.7130671036 6.886063556828451 11.895461304128451 3.310802858480714
-3106823.3770500724 -5369485.59788085 -1484317.4035281746 6.8808050218948384 11.886381810932594 3.3082754192454997
-3106816.4988723267 -5369473.716035351 -1484314.0965155186 6.875551343962164 11.877310697085733 3.3057503131388146
-3106809.6259458293 -5369461.843256774 -1484310.7920268015 6.870302528131262 11.868247971414183 3.303227542615845
-3106802.7582657146 -5369449.979536725 -1484307.4900596861 6.865058579460994 11.859193642671805 3.3007071101116097
-3106795.895827113 -5369438.124866803 -1484304.1906118337 6.859819502966727 11.850147719537354 3.29818901804022
-3106789.038625151 -5369426.279238598 -1484300.8936809022 6.854585303623739 11.841110210620373 3.2956732687965236
-3106782.1866549477 -5369414.442643692 -1484297.5992645477 6.849355986364048 11.832081124455735 3.2931598647545792
-3106775.3399116187 -5369402.6150736585 -1484294.307360424 6.844131556077309 11.823060469505158 3.2906488082680845
-3106768.498390276 -5369390.796520061 -1484291.017966182 6.838912017611225 11.814048254157942 3.2881401016705767
-3106761.6620860235 -5369378.986974457 -1484287.731079471 6.833697375769789 11.805044486727912 3.2856337472745856
-3106754.830993963 -5369367.186428394 -1484284.4466979376 6.828487635314348 11.796049175455275 3.283129747372146
-3106748.005109191 -5369355.394873412 -1484281.164819226 6.823282800962581 11.78706232850484 3.2806281042343075
-3106741.184426799 -5369343.612301042 -1484277.8854409785 6.8180828773892435 11.778083953967306 3.278128820111488
-3106734.368941874 -5369331.838702807 -1484274.608560835 6.8128878692252925 11.769114059857754 3.27563189723306
-3106727.558649497 -5369320.074070224 -1484271.334176433 6.807697781057629 11.760152654115206 3.2731373378072193
-3106720.7535447474 -5369308.3183948 -1484268.062285408 6.802512617429752 11.751199744603749 3.270645144021305
-3106713.9536226974 -5369296.571668035 -1484264.7928853934 6.7973323828409224 11.742255339111086 3.2681553180413965
-3106707.1588784163 -5369284.833881421 -1484261.52597402 6.792157081746245 11.733319445348679 3.2656678620123456
-3106700.369306968 -5369273.105026442 -1484258.2615489173 6.786986718556435 11.724392070951357 3.263182778057677
-3106693.5849034125 -5369261.385094576 -1484254.9996077116 6.781821297636996 11.715473223475874 3.2607000682791827
-3106686.8056628057 -5369249.674077291 -1484251.7401480281 6.776660823310296 11.706562910404536 3.258219734757926
-3106680.0315801986 -5369237.971966051 -1484248.483167489 6.77150529985284 11.697661139140438 3.255741779552926
-3106673.262650638 -5369226.278752308 -1484245.2286637155 6.766354731496463 11.688767917009562 3.2532662047017338
-3106666.4988691667 -5369214.594427511 -1484241.976634326 6.761209122427942 11.679883251260067 3.2507930122202437
-3106659.7402308234 -5369202.9189831 -1484238.7270769372 6.75606847678914 11.671007149062591 3.248322204102766
-3106652.986730643 -5369191.252410505 -1484235.4799891636 6.750932798676887 11.66213961751002 3.2458537823219675
-3106646.2383636557 -5369179.594701155 -1484232.2353686183 6.745802092141574 11.653280663615028 3.2433877488281926
-3106639.495124888 -5369167.945846467 -1484228.9932129115 6.740676361189868 11.644430294314828 3.2409241055507767
-3106632.7570093623 -5369156.305837855 -1484225.7535196524 6.735555609781738 11.635588516465981 3.238462854396606
-3106626.024012097 -5369144.674666722 -1484222.5162864479 6.730439841832003 11.626755336847092 3.2360039972508665
-3106619.296128107 -5369133.052324469 -1484219.2815109028 6.725329061209391 11.617930762157194 3.233547535976598
-3106612.5733524025 -5369121.438802486 -1484216.0491906204 6.720223271737739 11.609114799017796 3.231093472415258
-3106605.8556799903 -5369109.834092158 -1484212.8193232026 6.715122477194525 11.600307453970373 3.228641808386026
-3106599.143105875 -5369098.238184864 -1484209.5919062481 6.71002668131062 11.59150873347592 3.2261925456856826
-3106592.4356250544 -5369086.651071977 -1484206.3669373554 6.704935887771754 11.582718643917477 3.2237456860893063
-3106585.7332325256 -5369075.072744861 -1484203.1444141201 6.699850100217732 11.573937191598807 3.2213012313499103
-3106579.03592328 -5369063.503194878 -1484199.9243341365 6.69476932224162 11.56516438274295 3.218859183198037
-3106572.3436923064 -5369051.942413379 -1484196.7066949974 6.6896935573905685 11.556400223493679 3.2164195433421647
-3106565.6565345903 -5369040.390391714 -1484193.4914942936 6.68462280916609 11.547644719915946 3.2139823134688355
-3106558.9744451134 -5369028.847121223 -1484190.2787296143 6.679557081022631 11.538897877993454 3.2115474952419696
-3106552.2974188537 -5369017.312593241 -1484187.0683985464 6.674496376368894 11.530159703630906 3.2091150903035004
-3106545.625450786 -5369005.786799098 -1484183.8604986768 6.669440698567005 11.521430202652583 3.2066851002729764
-3106538.9585358817 -5368994.269730117 -1484180.655027589 6.664390050933084 11.512709380803324 3.204257526747832
-3106532.2966691083 -5368982.761377618 -1484177.4519828663 6.659344436735919 11.503997243746245 3.2018323713027548
-3106525.639845432 -5368971.261732911 -1484174.2513620893 6.654303859198983 11.495293797066202 3.199409635490648
-3106518.988059814 -5368959.770787304 -1484171.053162838 6.649268321498875 11.486599046267125 3.1969893208418885
-3106512.341307213 -5368948.288532099 -1484167.8573826908 6.644237826766052 11.477912996773256 3.194571428864675
-3106505.699582584 -5368936.814958592 -1484164.6640192233 6.63921237808392 11.4692356539276 3.1921559610445898
-3106499.06288088 -5368925.350058072 -1484161.4730700112 6.634191978490236 11.460567022994336 3.189742918845276
-3106492.4311970505 -5368913.893821826 -1484158.2845326283 6.629176630974894 11.451907109154986 3.1873323037073695
-3106485.8045260413 -5368902.446241134 -1484155.0984046466 6.624166338482779 11.443255917513358 3.1849241170498743
-3106479.182862797 -5368891.00730727 -1484151.9146836367 6.619161103911546 11.434613453091702 3.1825183602690923
-3106472.566202257 -5368879.577011507 -1484148.7333671686 6.614160930112507 11.425979720832233 3.1801150347390497
-3106465.9545393595 -5368868.155345108 -1484145.55445281 6.609165819891051 11.417354725597885 3.1777141418117028
-3106459.34786904 -5368856.742299334 -1484142.3779381274 6.604175776005121 11.408738472169647 3.1753156828161986
-3106452.7461862303 -5368845.337865442 -1484139.2038206866 6.599190801166621 11.400130965249007 3.172919659059558
-3106446.1494858605 -5368833.942034682 -1484136.0320980516 6.594210898041384 11.391532209457909 3.170526071826658
-3106439.5577628566 -5368822.554798303 -1484132.8627677853 6.589236069248706 11.382942209337921 3.1681349223800046
-3106432.9710121443 -5368811.176147544 -1484129.6958274494 6.5842663173615295 11.374360969350578 3.165746211959827
-3106426.3892286452 -5368799.806073644 -1484126.531274604 6.579301644905922 11.365788493876448 3.163359941783818
-3106419.812407278 -5368788.444567837 -1484123.3691068084 6.574342054362223 11.357224787217158 3.1609761130476945
-3106413.24054296 -5368777.0916213505 -1484120.2093216204 6.5693875481646185 11.348669853594622 3.1585947269249908
-3106406.6736306055 -5368765.747225409 -1484117.0519165972 6.564438128700015 11.340123697149103 3.156215784566509
-3106400.1116651264 -5368754.411371236 -1484113.8968892943 6.559493798310178 11.331586321942927 3.153839287101363
-3106393.554641432 -5368743.084050045 -1484110.744237266 6.554554559290338 11.323057731958047 3.151465235636291
-3106387.002554431 -5368731.765253052 -1484107.5939580658 6.549620413889523 11.314537931096632 3.1490936312558238
-3106380.455399028 -5368720.454971463 -1484104.4460492462 6.544691364311218 11.306026923182202 3.1467244750226033
-3106373.9131701267 -5368709.153196486 -1484101.3005083587 6.5397674127119485 11.29752471195719 3.1443577679767
-3106367.3758626278 -5368697.859919321 -1484098.1573329533 6.534848561203298 11.289031301086403 3.1419935111365787
-3106360.843471429 -5368686.575131166 -1484095.0165205796 6.5299348118502945 11.28054669415426 3.139631705498328
-3106354.3159914287 -5368675.298823214 -1484091.8780687856 6.525026166671989 11.272070894665788 3.1372723520359376
-3106347.793417521 -5368664.030986658 -1484088.7419751189 6.520122627642255 11.263603906047992 3.1349154517016817
-3106341.2757445984 -5368652.771612684 -1484085.608237126 6.515224196689015 11.255145731648506 3.1325610054257407
-3106334.7629675525 -5368641.520692477 -1484082.476852352 6.51033087569393 11.246696374735091 3.1302090141160663
-3106328.2550812727 -5368630.278217218 -1484079.3478183416 6.505442666494071 11.2382558384985 3.127859478659172
-3106321.752080646 -5368619.0441780845 -1484076.2211326384 6.500559570880562 11.229824126050127 3.125512399919485
-3106315.2539605573 -5368607.81856625 -1484073.0967927857 6.49568159059912 11.221401240422963 3.1231677787396075
-3106308.760715891 -5368596.601372887 -1484069.9747963252 6.490808727349417 11.212987184570478 3.120825615940008
-3106302.2723415294 -5368585.392589166 -1484066.855140798 6.485940982787219 11.204581961370307 3.1184859123200503
-3106295.788832353 -5368574.192206251 -1484063.737823745 6.4810783585220015 11.196185573620154 3.116148668656848
-3106289.31018324 -5368563.000215307 -1484060.6228427053 6.476220856118905 11.187798024041156 3.113813885706201
-3106282.836389069 -5368551.816607491 -1484057.5101952183 6.471368477097224 11.179419315275261 3.1114815642018714
-3106276.367444715 -5368540.641373964 -1484054.399878822 6.466521222931759 11.17104944988759 3.1091517048562354
-3106269.9033450526 -5368529.47450588 -1484051.2918910538 6.461679095052592 11.162688430366028 3.106824308360173
-3106263.4440849544 -5368518.315994393 -1484048.1862294509 6.456842094844613 11.15433625912041 3.1044993753828383
-3106256.989659292 -5368507.165830652 -1484045.0828915488 6.452010223649086 11.145992938485232 3.1021769065724163
-3106250.540062937 -5368496.024005807 -1484041.9818748834 6.44718348276115 11.13765847071533 3.09985690255492
-3106244.095290757 -5368484.890511003 -1484038.8831769896 6.4423618734327235 11.129332857990903 3.097539363935587
-3106237.65533762 -5368473.765337384 -1484035.786795402 6.437545396870859 11.121016102414645 3.0952242912980834
-3106231.220198394 -5368462.648476093 -1484032.6927276538 6.432734054238573 11.112708206013217 3.0929116852049128
-3106224.789867943 -5368451.539918268 -1484029.6009712783 6.427927846654979 11.104409170737448 3.0906015461974707
-3106218.3643411333 -5368440.439655048 -1484026.5115238084 6.423126775194288 11.096118998460618 3.0882938747955704
-3106211.943612826 -5368429.347677568 -1484023.4243827763 6.418330840887454 11.08783769098129 3.0859886714982263
-3106205.527677885 -5368418.263976963 -1484020.3395457128 6.413540044721374 11.079565250021957 3.083685936783282
-3106199.1165311714 -5368407.1885443665 -1484017.2570101502 6.408754387639616 11.071301677230268 3.0813856711077467
-3106192.710167545 -5368396.121370909 -1484014.1767736184 6.403973870541746 11.063046974177865 3.0790878749074775
-3106186.3085818654 -5368385.062447719 -1484011.0988336485 6.399198494283745 11.054801142361136 3.0767925485973824
-3106179.9117689924 -5368374.011765925 -1484008.02318777 6.3944282596788335 11.046564183202603 3.0744996925718118
-3106173.519723783 -5368362.969316655 -1484004.9498335123 6.389663167496549 11.038336098049337 3.0722093072041172
-3106167.1324410946 -5368351.935091033 -1484001.8787684047 6.384903218463337 11.030116888174001 3.069921392846937
-3106160.7499157838 -5368340.909080183 -1483998.809989976 6.380148413262654 11.021906554774999 3.0676359498322405
-3106154.3721427065 -5368329.891275229 -1483995.7434957547 6.375398752535583 11.013705098977551 3.0653529784716307
-3106147.9991167183 -5368318.881667292 -1483992.6792832692 6.370654236879768 11.005512521831848 3.063072479055826
-3106141.6308326726 -5368307.880247492 -1483989.6173500472 6.365914866850435 10.997328824314831 3.060794451855157
-3106135.2672854248 -5368296.8870069515 -1483986.5576936165 6.361180642960618 10.989154007330553 3.058518897119667
-3106128.9084698283 -5368285.901936788 -1483983.5003115044 6.35645156568086 10.980988071709687 3.0562458150789764
-3106122.5543807354 -5368274.92502812 -1483980.445201238 6.351727635439596 10.972831018210178 3.0539752059424607
-3106116.205013 -5368263.956272065 -1483977.3923603445 6.347008852622753 10.96468284751655 3.0517070698990616
-3106109.860361474 -5368252.99565974 -1483974.3417863506 6.342295217574856 10.956543560241812 3.0494414071178193
-3106103.52042101 -5368242.04318226 -1483971.2934767827 6.337586730597966 10.948413156925639 3.0471782177473568
-3106097.1851864588 -5368231.098830744 -1483968.2474291679 6.3328833919534935 10.940291638037493 3.0449175019167583
-3106090.854652672 -5368220.162596304 -1483965.2036410323 6.3281852018602285 10.932179003973213 3.042659259734617
-3106084.5288145016 -5368209.234470056 -1483962.162109902 6.3234921604960315 10.924075255057954 3.040403491289851
-3106078.2076667985 -5368198.314443115 -1483959.1228333036 6.3188042679975025 10.915980391545592 3.0381501966515416
-3106071.891204414 -5368187.402506595 -1483956.0858087633 6.314121524460071 10.907894413618909 3.035899375868981
-3106065.579422199 -5368176.49865161 -1483953.0510338068 6.309443929938054 10.899817321389655 3.0336510289716925
-3106059.2723150044 -5368165.602869276 -1483950.0185059607 6.304771484445758 10.891749114900492 3.0314051559699675
-3106052.9698776817 -5368154.7151507065 -1483946.9882227508 6.300104187955892 10.88368979412222 3.0291617568540996
-3106046.6721050804 -5368143.835487016 -1483943.9601817033 6.295442040401515 10.875639358957157 3.0269208315953193
-3106040.378992053 -5368132.963869318 -1483940.9343803443 6.290785041674365 10.867597809236251 3.0246823801449954
-3106034.090533451 -5368122.100288728 -1483937.9108162 6.2861331916261465 10.859565144721293 3.0224464024352478
-3106027.806724125 -5368111.244736362 -1483934.889486797 6.281486490069093 10.851541365105893 3.0202128983792194
-3106021.5275589265 -5368100.397203334 -1483931.8703896613 6.276844936775149 10.843526470014094 3.0179818678706893
-3106015.2530327076 -5368089.557680759 -1483928.8535223198 6.2724220440618685 10.835889311531492 3.0158559702037255
