# Restart data (ECEF, cartesian system)
# Iteration, Elapsed time
# 5000 5000.0
-3774449.4274778776 -1618510.9292295324 5123976.416038301 2796.3004609753166 -7045.791557021935 -161.29809025511835
-3771651.003401179 -1625555.7912365997 5123811.5118213985 2800.5470843361372 -7043.9309195049 -168.5103030243677
-3768848.3345262185 -1632598.7879937126 5123639.395515105 2804.790056657476 -7042.061057499983 -175.722267237529
-3766041.4245065604 -1639639.9102775448 5123460.067373377 2809.0293728902006 -7040.181973332139 -182.93397209175808
-3763230.277000816 -1646679.1488671016 5123273.527660975 2813.2650279910727 -7038.293669341133 -190.1454067847347
-3760414.895672635 -1653716.4945437368 5123079.776653461 2817.4970169227545 -7036.396147881526 -197.35656051468393
-3757595.2841907036 -1660751.9380911645 5122878.8146372 2821.725334653818 -7034.489411322679 -204.5674224803979
-3754771.4462287356 -1667785.4702954765 5122670.641909355 2825.9499761587554 -7032.573462048746 -211.7779818812573
-3751943.385465468 -1674817.0819451562 5122455.258777893 2830.170936417984 -7030.648302458666 -218.98822791725274
-3749111.105584653 -1681846.7638310925 5122232.665561576 2834.388210417858 -7028.713934966165 -226.19814978900652
-3746274.610275055 -1688874.5067465967 5122002.862589969 2838.6017931506744 -7026.770361999743 -233.4077366977941
-3743433.9032304417 -1695900.3014874149 5121765.850203434 2842.811679614684 -7024.817586002678 -240.61697784556563
-3740588.988149581 -1702924.1388517441 5121521.62875313 2847.0178648140977 -7022.855609433014 -247.82586243496738
-3737739.868736232 -1709946.0096402473 5121270.198601016 2851.220343759096 -7020.884434763562 -255.03437966936343
-3734886.5486991424 -1716965.904656067 5121011.560119842 2855.419111465839 -7018.9040644818915 -262.2425187528571
-3732029.031752039 -1723983.814704841 5120745.71369316 2859.6141629564704 -7016.914501090325 -269.45026889031243
-3729167.3216136256 -1730999.7305947165 5120472.659715309 2863.8054932591317 -7014.915747105938 -276.657619287376
-3726301.422007573 -1738013.6431363656 5120192.398591428 2867.9930974079653 -7012.9078050605485 -283.86455915049794
-3723431.3366625146 -1745025.5431429993 5119904.93073745 2872.1769704431263 -7010.890677500716 -291.07107768695386
-3720557.069312043 -1752035.4214303824 5119610.256580094 2876.35710741079 -7008.864366987736 -298.2771641048663
-3717678.6236946983 -1759043.2688168488 5119308.376556876 2880.533503363161 -7006.828876097631 -305.48280761322604
-3714796.003553969 -1766049.0761233154 5118999.291116101 2884.7061533584792 -7004.784207421155 -312.6879974219138
-3711909.212638279 -1773052.834173297 5118683.000716863 2888.87505246103 -7002.730363563776 -319.8927227417217
-3709018.254700987 -1780054.533792922 5118359.505829044 2893.040195741153 -7000.667347145682 -327.09697278437466
-3706123.1335003786 -1787054.165810946 5118028.8069333155 2897.20157827525 -6998.595160801768 -334.30073676255216
-3703223.8527996577 -1794051.7210587666 5117690.904521136 2901.359195145792 -6996.513807181635 -341.5040038899094
-3700320.416366946 -1801047.1903704384 5117345.799094747 2905.5130414413284 -6994.423288949584 -348.7067633810991
-3697412.8279752694 -1808040.5645826878 5116993.491167179 2909.6631122564972 -6992.3236087846135 -355.9090044517927
-3694501.0914025595 -1815031.8345349273 5116633.981262244 2913.8094026920303 -6990.214769380409 -363.1107163187022
-3691585.210431643 -1822020.991069271 5116267.269914537 2917.9519078547632 -6988.096773445341 -370.31188819960124
-3688665.1888502366 -1829008.0250305482 5115893.3576694345 2922.0906228576437 -6985.969623702459 -377.51250931334704
-3685741.030450941 -1835992.927266319 5115512.245083093 2926.2255428197386 -6983.833322889487 -384.71256887990137
-3682812.739031235 -1842975.6886268877 5115123.932722449 2930.3566628662434 -6981.687873758821 -391.9120561203524
-3679880.31839347 -1849956.2999653192 5114728.42116522 2934.4839781284904 -6979.5332790775155 -399.11096025693627
-3676943.7723448607 -1856934.7521374526 5114325.710999898 2938.607483743956 -6977.369541627285 -406.30927051305804
-3674003.1046974836 -1863911.0360019158 5113915.802825747 2942.7271748562703 -6975.196664204498 -413.50697611331367
-3671058.319268266 -1870885.1424201408 5113498.697252814 2946.8430466152236 -6973.014649620169 -420.70406628351117
-3668109.4198789853 -1877857.0622563774 5113074.394901914 2950.955094176776 -6970.823500699956 -427.9005302506923
-3665156.4103562576 -1884826.7863777087 5112642.896404637 2955.0633127030655 -6968.623220284153 -435.0963572431541
-3662199.294531535 -1891794.3056540652 5112204.202403343 2959.1676973624153 -6966.413811227686 -442.2915364904699
-3659238.0762410974 -1898759.61095824 5111758.3135511605 2963.268243329342 -6964.195276400105 -449.4860572235112
-3656272.759326047 -1905722.6931659027 5111305.2305119885 2967.3649457845654 -6961.967618685584 -456.67990867446883
-3653303.3476323034 -1912683.5431556148 5110844.953960493 2971.457799915015 -6959.7308409829075 -463.8730800768748
-3650329.845010595 -1919642.1518088435 5110377.484582106 2975.5468009138385 -6957.484946205471 -471.0655606656235
-3647352.255316453 -1926598.5100099763 5109902.823073021 2979.6319439804092 -6955.229937281273 -478.25733967699273
-3644370.5824102093 -1933552.6086463372 5109420.970140198 2983.7132243203364 -6952.965817152914 -485.4484063486662
-3641384.8301569843 -1940504.4386081994 5108931.926501357 2987.7906371454724 -6950.692588777582 -492.63874991975393
-3638395.0024266844 -1947453.9907888002 5108435.692884978 2991.864177673918 -6948.410255127057 -499.8283596308142
-3635401.1030939943 -1954401.2560843567 5107932.270030301 2995.933841130036 -6946.118819187695 -507.0172247238749
-3632403.1360383714 -1961346.225394079 5107421.658687323 2999.9996227444535 -6943.8182839604315 -514.2053344424551
-3629401.10514404 -1968288.889620186 5106903.859616795 3004.0615177540744 -6941.508652460769 -521.3926780315861
-3626395.014299984 -1975229.2396679192 5106378.873590222 3008.1195214020845 -6939.189927718776 -528.5792447378334
-3623384.86739994 -1982167.2664455571 5105846.701389863 3012.1736289379614 -6936.862112779082 -535.7650238093174
-3620370.668342393 -1989102.9608644308 5105307.34380873 3016.2238356174826 -6934.525210700865 -542.9500044957359
-3617352.42103057 -1996036.313838937 5104760.801650583 3020.2701367027316 -6932.179224557852 -550.1341760483845
-3614330.1293724296 -2002967.3162865539 5104207.075729927 3024.312527462108 -6929.82415743831 -557.3175277201783
-3611303.797280662 -2009895.959127855 5103646.166872018 3028.3510031703327 -6927.460012445039 -564.5000487656736
-3608273.428672679 -2016822.2332865247 5103078.075912853 3032.3855591084543 -6925.08679269536 -571.6817284410877
-3605239.0274706064 -2023746.1296893705 5102502.803699174 3036.4161905638557 -6922.704501321104 -578.8625560043215
-3602200.5976012815 -2030667.6392663405 5101920.351088462 3040.4428928302627 -6920.313141468611 -586.0425207149798
-3599158.1429962423 -2037586.7529505352 5101330.718948941 3044.4656612077497 -6917.91271629872 -593.2216118343931
-3596111.667591726 -2044503.4616782235 5100733.908159569 3048.48449100275 -6915.503228986761 -600.3998186256387
-3593061.17532866 -2051417.7563888573 5100129.919610043 3052.4993775280614 -6913.084682722553 -607.5771303535618
-3590006.670152654 -2058329.6280250854 5099518.754200794 3056.5103161028537 -6910.6570807103935 -614.7535362847973
-3586948.1560139963 -2065239.0675327678 5098900.412842982 3060.5173020526768 -6908.2204261690495 -621.9290256877906
-3583885.6368676466 -2072146.065860991 5098274.896458504 3064.520330709469 -6905.774722331755 -629.1035878328188
-3580819.1166732293 -2079050.6139620815 5097642.205979979 3068.5193974115627 -6903.319972446201 -636.2772119920121
-3577748.599395027 -2085952.702791621 5097002.342350757 3072.514497503692 -6900.8561797745315 -643.4498874393754
-3574674.0890019755 -2092852.3233084604 5096355.306524912 3076.5056263370016 -6898.383347593332 -650.6216034508087
-3571595.589467655 -2099749.4664747347 5095701.099467241 3080.4927792690523 -6895.901479193623 -657.7923493041292
-3568513.104770284 -2106644.123255877 5095039.722153263 3084.4759516638305 -6893.410577880859 -664.9621142790915
-3565426.6388927163 -2113536.284620632 5094371.175569216 3088.455138891754 -6890.910646974914 -672.1308876574095
-3562336.1958224303 -2120425.941541073 5093695.460712053 3092.4303363296785 -6888.4016898100745 -679.2986587227778
-3559241.7795515256 -2127313.0849926146 5093012.578589445 3096.4015393609075 -6885.883709735038 -686.465416760892
-3556143.3940767148 -2134197.7059540264 5092322.530219777 3100.368743375197 -6883.356710112899 -693.6311510594704
-3553041.043399316 -2141079.7954074503 5091625.316632142 3104.3319437687646 -6880.820694321145 -700.7958509082752
-3549934.73152525 -2147959.344338409 5090920.938866345 3108.2911359442946 -6878.275665751649 -707.9595055991332
-3546824.4624650306 -2154836.3437358285 5090209.397972898 3112.246315310947 -6875.721627810662 -715.1221044259576
-3543710.2402337594 -2161710.7845920464 5089490.6950130155 3116.1974772843646 -6873.158583918798 -722.2836366847683
-3540592.068851119 -2168582.657902827 5088764.831058619 3120.144617286679 -6870.586537511043 -729.4440916737138
-3537469.952341367 -2175451.9546673787 5088031.807192325 3124.0877307465175 -6868.005492036731 -736.6034586930915
-3534343.894733329 -2182318.6658883654 5087291.624507455 3128.0268130990125 -6865.415450959542 -743.7617270453694
-3531213.900060391 -2189182.7825719225 5086544.284108022 3131.9618597858066 -6862.8164177574945 -750.9188860352066
-3528079.9723604964 -2196044.2957276693 5085789.787108737 3135.892866255059 -6860.208395922939 -758.0749249694749
-3524942.1156761358 -2202903.1963687255 5085028.134634999 3139.819827961454 -6857.591388962549 -765.2298331572796
-3521800.334054341 -2209759.475511725 5084259.327822899 3143.742740366207 -6854.965400397311 -772.3835999099804
-3518654.631546681 -2216613.1241768296 5083483.367819218 3147.661598937073 -6852.330433762519 -779.5362145412123
-3515505.0122092534 -2223464.1333877426 5082700.255781418 3151.5763991483514 -6849.686492607764 -786.6876663669071
-3512351.4801026774 -2230312.494171725 5081909.992877645 3155.487136480894 -6847.033580496928 -793.837944705314
-3509194.0392920887 -2237158.1975596095 5081112.580286729 3159.393806422113 -6844.371701008176 -800.9870388770205
-3506032.693847132 -2244001.2345858123 5080308.019198173 3163.2964044659834 -6841.700857733947 -808.1349382049735
-3502867.4478419553 -2250841.59628835 5079496.3108121585 3167.194926113056 -6839.021054280942 -815.2816320145005
-3499698.305355203 -2257679.273708854 5078677.456339541 3171.08936687046 -6836.3322942701225 -822.4271096333296
-3496525.2704700073 -2264514.257892582 5077851.457001846 3174.97972225191 -6833.634581336698 -829.5713603916116
-3493348.3472739845 -2271346.5398884355 5077018.314031268 3178.8659877777154 -6830.927919130119 -836.7143736219402
-3490167.539859228 -2278176.110748972 5076178.028670667 3182.748158974784 -6828.212311314066 -843.8561386593728
-3486982.8523223004 -2285002.961530419 5075330.602173568 3186.6262313766297 -6825.4877615664445 -850.9966448414518
-3483794.288764227 -2291827.0832926915 5074476.035804156 3190.5002005233796 -6822.754273579374 -858.1358815082251
-3480601.8532904903 -2298648.4670994002 5073614.330837276 3194.370061961781 -6820.011851059179 -865.2738380022671
-3477405.550011022 -2305467.1040178724 5072745.488558428 3198.235811245207 -6817.260497726383 -872.4105036686993
-3474205.383040198 -2312282.9851191603 5071869.510263767 3202.0974439336637 -6814.500217315695 -879.5458678552114
-3471001.356496831 -2319096.1014780602 5070986.397260096 3205.9549555937947 -6811.731013576008 -886.6799199120819
-3467793.4745041626 -2325906.444173123 5070096.150864869 3209.8083417988914 -6808.952890270382 -893.8126491921988
-3464581.741189859 -2332714.004286671 5069198.772406186 3213.657598128896 -6806.165851176042 -900.9440450510806
-3461366.1606860016 -2339518.7729048096 5068294.2632227875 3217.50272017041 -6803.3699000843635 -908.0740968468967
-3458146.7371290834 -2346320.7411174425 5067382.624664059 3221.3437035167 -6800.565040800868 -915.2027939404885
-3454923.47466 -2353119.9000182874 5066463.85809002 3225.180543767703 -6797.751277145208 -922.3301256953898
-3451696.3774240445 -2359916.240704887 5065537.9648713255 3229.0132365300346 -6794.928612951167 -929.4560814778474
-3448465.449570899 -2366709.7542786263 5064604.946389265 3232.841777416994 -6792.097052066642 -936.5806506568422
-3445230.6952546295 -2373500.4318447444 5063664.804035757 3236.666162048571 -6789.256598353639 -943.7038226041094
-3441992.1186336786 -2380288.264512349 5062717.539213343 3240.486386051451 -6786.407255688258 -950.8255866941595
-3438749.723870859 -2387073.243394433 5061763.153335194 3244.3024450590306 -6783.549027960705 -957.9459323043001
-3435503.5151333464 -2393855.359607884 5060801.6478251 3248.1143347114303 -6780.681919075301 -965.0648488146609
-3432253.496592673 -2400634.604273503 5059833.02411747 3251.9220506555093 -6777.805932950482 -972.1823256082147
-3428999.6724247206 -2407410.9685160154 5058857.283657326 3255.7255885448703 -6774.92107351879 -979.2983520707988
-3425742.0468097148 -2414184.443464087 5057874.427900309 3259.524944039865 -6772.027344726867 -986.4129175911363
-3422480.623932217 -2420955.020250336 5056884.458312661 3263.320112807607 -6769.124750535449 -993.5260115608564
-3419215.4079811177 -2427722.690011349 5055887.376371239 3267.1110905219725 -6766.213294919351 -1000.637623374516
-3415946.4031496304 -2434487.4438876957 5054883.183563499 3270.8978728636116 -6763.292981867471 -1007.7477424296206
-3412673.6136352853 -2441249.273023939 5053871.881387499 3274.680455519954 -6760.363815382773 -1014.8563581266453
-3409397.043639921 -2448008.1685686554 5052853.471351896 3278.458834185217 -6757.425799482285 -1021.9634598690557
-3406116.6973696784 -2454764.121674442 5051827.954975943 3282.2330045604094 -6754.478938197087 -1029.069037063329
-3402832.5790349944 -2461517.1234979364 5050795.333789482 3286.0029623533446 -6751.523235572305 -1036.1730791189757
-3399544.6928505944 -2468267.1651998265 5049755.609332947 3289.768703278644 -6748.558695667107 -1043.2755754485593
-3396253.043035486 -2475014.2379448684 5048708.783157356 3293.5302230577445 -6745.585322554691 -1050.3765154677183
-3392957.633812952 -2481758.332901896 5047654.85682431 3297.2875174189053 -6742.603120322278 -1057.4758885951865
-3389658.4694105424 -2488499.4412438395 5046593.83190599 3301.0405820972164 -6739.612093071105 -1064.5736842528154
-3386355.554060071 -2495237.5541477366 5045525.709985154 3304.7894128346043 -6736.612244916418 -1071.6698918655934
-3383048.891997604 -2501972.662794747 5044450.492655132 3308.5340053798404 -6733.6035799874635 -1078.764500861668
-3379738.4874634566 -2508704.758370167 5043368.181519826 3312.2743554885487 -6730.586102427481 -1085.8575006723665
-3376424.344702185 -2515433.8320634435 5042278.778193704 3316.01045892321 -6727.559816393696 -1092.9488807322166
-3373106.467962579 -2522159.8750681863 5041182.284301799 3319.7423114531716 -6724.524726057308 -1100.0386304789686
-3369784.8614976555 -2528882.878582185 5040078.701479703 3323.4699088546545 -6721.480835603491 -1107.1267393536145
-3366459.529564652 -2535602.8338074205 5038968.031373567 3327.1932469107583 -6718.428149231378 -1114.2131968004114
-3363130.4764250196 -2542319.731950079 5037850.275640096 3330.9123214114716 -6715.366671154056 -1121.2979922669006
-3359797.706344416 -2549033.5642205686 5036725.435946543 3334.627128153677 -6712.296405598561 -1128.3811152039289
-3356461.2235926976 -2555744.32183353 5035593.513970713 3338.3376629411564 -6709.217356805865 -1135.4625550656701
-3353121.0324439146 -2562451.9960078523 5034454.511400951 3342.0439215846022 -6706.12952903087 -1142.5423013096465
-3349777.1371763037 -2569156.5779666863 5033308.429936145 3345.7458999016226 -6703.032926542404 -1149.6203433967485
-3346429.5420722784 -2575858.0589374593 5032155.271285722 3349.4435937167477 -6699.927553623208 -1156.696670791256
-3343078.2514184266 -2582556.4301518877 5030995.037169638 3353.1369988614383 -6696.813414569929 -1163.771272960861
-3339723.2695055 -2589251.682845991 5029827.729318385 3356.8261111740917 -6693.690513693115 -1170.8441393766864
-3336364.6006284077 -2595943.8082601074 5028653.349472978 3360.5109265000497 -6690.558855317205 -1177.915259513308
-3333002.2490862114 -2602632.7976389052 5027471.899384959 3364.1914406916044 -6687.418443780521 -1184.9846228487756
-3329636.2191821164 -2609318.6422313987 5026283.380816387 3367.8676496080066 -6684.269283435261 -1192.0522188646344
-3326266.515223465 -2616001.333290961 5025087.795539841 3371.5395491154727 -6681.11137864749 -1199.1180370459444
-3322893.1415217305 -2622680.8620753395 5023885.14533841 3375.2071350871915 -6677.944733797132 -1206.1820668813032
-3319516.102392509 -2629357.219846666 5022675.432005695 3378.8704034033303 -6674.769353277965 -1213.2442978628658
-3316135.4021555134 -2636030.3978714747 5021458.657345803 3382.5293499510385 -6671.585241497593 -1220.3047194863639
-3312751.045134565 -2642700.3874207144 5020234.823173342 3386.1839706244236 -6668.392402877395 -1227.363321251117
-3309363.035657589 -2649367.179769761 5019003.931313421 3389.8342613245513 -6665.190841852489 -1234.4200926600492
-3305971.3780566044 -2656030.7661984335 5017765.983601639 3393.480217959449 -6661.980562871723 -1241.4750232197096
-3302576.0766677195 -2662691.137991006 5016520.981884094 3397.1218364441097 -6658.7615703976635 -1248.5281024402914
-3299177.135831125 -2669348.2864362225 5015268.928017367 3400.7591127004994 -6655.533868906583 -1255.5793198356523
-3295774.5598910856 -2676002.2028273097 5014009.823868524 3404.3920426575623 -6652.297462888451 -1262.6286649233348
-3292368.3531959318 -2682652.8784619914 5012743.671315114 3408.020622251223 -6649.052356846923 -1269.6761272245863
-3288958.520098057 -2689300.3046425013 5011470.472245161 3411.6448474243944 -6645.798555299328 -1276.721696264378
-3285545.064953907 -2695944.472675598 5010190.228557163 3415.2647141269827 -6642.536062776654 -1283.7653615714253
-3282127.9921239745 -2702585.373872577 5008902.942160086 3418.8802183158914 -6639.264883823544 -1290.8071126782088
-3278707.3059727917 -2709222.999549287 5007608.614973362 3422.4913559550264 -6635.985022998278 -1297.8469391209926
-3275283.010868924 -2715857.3410261394 5006307.248926885 3426.0981230153016 -6632.696484872764 -1304.8848304398443
-3271855.1111849616 -2722488.3896281268 5004998.845961009 3429.7005154746435 -6629.399274032527 -1311.9207761786556
-3268423.611297514 -2729116.136684832 5003683.408026539 3433.2985293179954 -6626.093395076698 -1318.9547658851618
-3264988.515587201 -2735740.5735304453 5002360.937084732 3436.892160537324 -6622.7788526179975 -1325.986789110961
-3261549.8284386476 -2742361.6915037753 5001031.435107293 3440.481405131622 -6619.455651282732 -1333.0168354115344
-3258107.5542404773 -2748979.481948265 4999694.904076365 3444.0662591069163 -6616.123795710776 -1340.044894346266
-3254661.6973853027 -2755593.9362120023 4998351.345984533 3447.646718476268 -6612.78329055556 -1347.0709554784614
-3251212.26226972 -2762205.0456477366 4997000.762834819 3451.2227792597814 -6609.434140484062 -1354.0950083753687
-3247759.2532943026 -2768812.8016128913 4995643.15664067 3454.794437484607 -6606.076350176795 -1361.1170426081974
-3244302.674863592 -2775417.1954695764 4994278.529425966 3458.361689184945 -6602.709924327793 -1368.1370477521375
-3240842.5313860937 -2782018.2185846022 4992906.883225003 3461.924530402052 -6599.334867644599 -1375.1550133863805
-3237378.8272742666 -2788615.862329494 4991528.220082501 3465.4829571842447 -6595.951184848259 -1382.1709290941371
-3233911.566944519 -2795210.118080505 4990142.542053594 3469.0369655869035 -6592.558880673299 -1389.1847844626584
-3230440.754817199 -2801800.97721863 4988749.851203824 3472.586551672479 -6589.157959867723 -1396.1965690832537
-3226966.39531659 -2808388.4311296167 4987350.149609145 3476.1317115104953 -6585.748427192993 -1403.2062725513115
-3223488.4928709017 -2814972.4712039833 4985943.439355906 3479.672441177554 -6582.3302874240235 -1410.2138844663177
-3220007.0519122635 -2821553.088837029 4984529.722540862 3483.208736757339 -6578.903545349166 -1417.219394431876
-3216522.0768767186 -2828130.2754288465 4983109.001271157 3486.7405943406225 -6575.468205770195 -1424.2227920557264
-3213033.5722042155 -2834704.022384339 4981681.277664326 3490.2680100252737 -6572.024273502312 -1431.2240669497678
-3209541.5423386 -2841274.321113231 4980246.553848294 3493.7909799163085 -6568.571753374214 -1438.223208730095
-3206045.99172761 -2847841.1630300814 4978804.831961364 3497.309500125916 -6565.110650228122 -1445.2202070170283
-3202546.924822869 -2854404.5395542993 4977356.114152216 3500.823566773469 -6561.640968919779 -1452.215051435135
-3199044.346079875 -2860964.442110156 4975900.402579907 3504.333175985528 -6558.162714318442 -1459.2077316132493
-3195538.259957998 -2867520.862126799 4974437.699413859 3507.83832389585 -6554.67589130687 -1466.1982371844936
-3192028.6709204703 -2874073.791038265 4972968.006833862 3511.339006645393 -6551.180504781313 -1473.1865577862995
-3188515.5834343783 -2880623.2202834934 4971491.327030064 3514.8352203823265 -6547.6765596515115 -1480.1726830604293
-3184999.001970658 -2887169.1413063407 4970007.662202968 3518.326961262035 -6544.1640608406815 -1487.1566026529945
-3181478.9310040856 -2893711.5455555925 4968517.014563434 3521.814225447126 -6540.643013285509 -1494.1383062144782
-3177955.375013272 -2900250.4244849794 4967019.386332664 3525.297009107436 -6537.113421936141 -1501.1177833997565
-3174428.3384806532 -2906785.7695531873 4965514.7797422055 3528.7753084200403 -6533.575291756174 -1508.095023868118
-3170897.8258924866 -2913317.572223874 4964003.1970339455 3532.249119569256 -6530.0286277226505 -1515.0700172832853
-3167363.841738839 -2919845.8239656785 4962484.640460101 3535.7184387466514 -6526.473434826045 -1522.0427533134355
-3163826.390513584 -2926370.5162522397 4960959.112283223 3539.1832621510507 -6522.909718070259 -1529.0132216312209
-3160285.4767143927 -2932891.6405622046 4959426.614776185 3542.643585988544 -6519.3374824726125 -1535.9814119137902
-3156741.1048427257 -2939409.1883792467 4957887.150222181 3546.0994064724896 -6515.756733063832 -1542.9473138428095
-3153193.279403826 -2945923.151192076 4956340.7209147215 3549.550719823526 -6512.167474888044 -1549.910917104483
-3149642.004906714 -2952433.5204944527 4954787.32915763 3552.997522269574 -6508.569713002768 -1556.8722113895726
-3146087.2858641776 -2958940.2877852013 4953226.977265037 3556.4398100458466 -6504.963452478905 -1563.831186393421
-3142529.1267927657 -2965443.444568225 4951659.667561372 3559.8775793948553 -6501.348698400731 -1570.7878318159705
-3138967.5322127813 -2971942.982352517 4950085.402381364 3563.3108265664164 -6497.725455865886 -1577.7421373617854
-3135402.5066482737 -2978438.892652175 4948504.184070038 3566.7395478176577 -6494.093729985367 -1584.6940927400715
-3131834.0546270316 -2984931.1669864138 4946916.014982702 3570.163739413026 -6490.4535258835185 -1591.6436876646983
-3128262.1806805753 -2991419.7968795802 4945320.8974849535 3573.583397624294 -6486.804848698024 -1598.590911854219
-3124686.8893441507 -2997904.773861165 4943718.833952664 3576.9985187305647 -6483.147703579898 -1605.535755031891
-3121108.18515672 -3004386.089465817 4942109.826771984 3580.4090990182717 -6479.4820956934545 -1612.4782069256933
-3117526.0726609565 -3010863.735233355 4940493.87833933 3583.815134781114 -6475.808030216178 -1619.4182572683144
-3113940.5564032337 -3017337.702708782 4938870.991061386 3587.216622320024 -6472.125512338642 -1626.355895797156
-3110351.640933622 -3023807.983442299 4937241.167355093 3590.613557943167 -6468.434547264486 -1633.29111225435
-3106759.3308058814 -3030274.5689893174 4935604.409647651 3594.005937965946 -6464.735140210409 -1640.2238963867771
-3103163.6305774497 -3036737.4509104704 4933960.72037651 3597.3937587110045 -6461.027296406146 -1647.154237946084
-3099564.544809442 -3043196.6207716274 4932310.101989365 3600.7770165082275 -6457.311021094465 -1654.082126688704
-3095962.0780666373 -3049652.0701439083 4930652.556944151 3604.155707694748 -6453.586319531141 -1661.0075523758728
-3092356.234917475 -3056103.7906036945 4928988.087709043 3607.529828614946 -6449.853196984949 -1667.9305047736486
-3088747.019934046 -3062551.7737326436 4927316.696762444 3610.8993756204545 -6446.111658737646 -1674.8509736529295
-3085134.4376920867 -3068996.011117701 4925638.386592985 3614.2643450701617 -6442.361710083959 -1681.7689487894718
-3081518.4927709694 -3075436.4943511123 4923953.159699518 3617.6247333302126 -6438.603356331569 -1688.6844199639086
-3077899.189753698 -3081873.2150304383 4922261.018591115 3620.980536774012 -6434.836602801093 -1695.5973769617667
-3074276.5332269 -3088306.1647585668 4920561.965787057 3624.3317517822284 -6431.061454826076 -1702.5078095734862
-3070650.5277808164 -3094735.335143725 4918856.003816832 3627.6783747427958 -6427.277917752974 -1709.415707594437
-3067021.178009298 -3101160.717799493 4917143.135220131 3631.020402050916 -6423.485996941132 -1716.321060824938
-3063388.488509798 -3107582.304344818 4915423.362546843 3634.357830109062 -6419.685697762779 -1723.223859070274
-3059752.4638833604 -3114000.086404025 4913696.688357048 3637.6906553269796 -6415.8770256030075 -1730.124092140715
-3056113.108734618 -3120414.05560683 4911963.115221014 3641.0188741216907 -6412.059985859762 -1737.021749851532
-3052470.4276717827 -3126824.203588354 4910222.645719191 3644.3424829174955 -6408.2345839438185 -1743.916822023016
-3048824.4253066387 -3133230.521989134 4908475.2824422065 3647.661478145975 -6404.400825278774 -1750.8092984804962
-3045175.106254534 -3139633.00245514 4906721.027990859 3650.9758562459915 -6400.558715301031 -1757.6991690543568
-3041522.475134374 -3146031.6366377817 4904959.884976115 3654.285613663694 -6396.70825945978 -1764.5864235800552
-3037866.536568616 -3152426.416193926 4903191.856019102 3657.5907468525274 -6392.8494632169995 -1771.4710518981428
-3034207.295183259 -3158817.3327859067 4901416.943751106 3660.8912522733326 -6388.982332047613 -1778.3530438543312
-3030544.755607837 -3165204.378081541 4899635.150813564 3664.1871263944504 -6385.106871439654 -1785.2323892995603
-3026878.922475412 -3171587.54375414 4897846.479858059 3667.4783656917425 -6381.223086894272 -1792.1090780900245
-3023209.8004225674 -3177966.8214825215 4896050.933546316 3670.7649666485977 -6377.330983925727 -1798.983100087194
-3019537.3940893984 -3184342.2029510257 4894248.514550194 3674.04692575594 -6373.430568061385 -1805.8544451578375
-3015861.708119506 -3190713.679849526 4892439.225551686 3677.324239512236 -6369.521844841705 -1812.7231031740428
-3012182.7471599896 -3197081.2438734416 4890623.069242906 3680.596904423506 -6365.604819820237 -1819.5890640132393
-3008500.515861437 -3203444.886723754 4888800.048326091 3683.864917003329 -6361.679498563613 -1826.4523175582199
-3004815.01887792 -3209804.600107016 4886970.165513592 3687.128273772853 -6357.745886651542 -1833.3128536971628
-3001126.260866985 -3216160.3757353686 4885133.4235278675 3690.386971260802 -6353.803989676797 -1840.1706623236535
-2997434.2464896473 -3222512.20532655 4883289.825101483 3693.641006003487 -6349.853813245217 -1847.0257333367063
-2993738.9804103794 -3228860.0806039125 4881439.372977098 3696.8903745448106 -6345.8953629756925 -1853.8780566407859
-2990040.467297108 -3235203.9932964323 4879582.069907469 3700.1350734362786 -6341.928644500164 -1860.727622145831
-2986338.711821204 -3241543.9351387257 4877717.918655435 3703.3750992370055 -6337.953663463611 -1867.574419767275
-2982633.7186574754 -3247879.8978710584 4875846.9219939215 3706.6104485137266 -6333.970425524043 -1874.418439426068
-2978925.49248416 -3254211.8732393626 4873969.082705929 3709.8411178408023 -6329.9789363525015 -1881.2596710486996
-2975214.0379829165 -3260539.852995247 4872084.403584527 3713.067103800231 -6325.979201633044 -1888.0981045672204
-2971499.3598388187 -3266863.828896011 4870192.887432851 3716.288402981653 -6321.97122706274 -1894.9337299192646
-2967781.4627403463 -3273183.7927046586 4868294.537064097 3719.5050119823627 -6317.9550183516685 -1901.7665370480718
-2964060.3513793787 -3279499.7361899083 4866389.355301514 3722.7169274073167 -6313.930581222901 -1908.5965159025095
-2960336.0304511855 -3285811.6511262106 4864477.3449784 3725.924145869135 -6309.897921412496 -1915.4236564370922
-2956608.504654421 -3292119.529293756 4862558.508938095 3729.126663987997 -6305.857044669291 -1922.247948611945
-2952877.778691115 -3298423.3624784914 4860632.850033974 3732.3244783914542 -6301.807956754574 -1929.0693823927252
-2949143.8572666654 -3304723.1424721316 4858700.371129449 3735.5175857144004 -6297.750663442002 -1935.8879477506202
-2945406.7450898327 -3311018.8610721705 4856761.075097954 3738.70598259907 -6293.685170517595 -1942.7036346623656
-2941666.4468727303 -3317310.510081895 4854814.964822944 3741.8896656950365 -6289.611483779706 -1949.516433110259
-2937922.96733082 -3323598.0813103956 4852862.043197892 3745.068631659215 -6285.5296090390075 -1956.326333082176
-2934176.3111829013 -3329881.5665725796 4850902.313126274 3748.24287715586 -6281.439552118471 -1963.1333245715864
-2930426.4831511076 -3336160.957689184 4848935.777521577 3751.412398856564 -6277.34131885335 -1969.9373975775688
-2926673.487960895 -3342436.2464867868 4846962.43930728 3754.5771934402596 -6273.23491509116 -1976.7385421048261
-2922917.3303410383 -3348707.4247978195 4844982.301416857 3757.737257593216 -6269.120346691657 -1983.536748163701
-2919158.0150236217 -3354974.4844605806 4842995.366793769 3760.892588009041 -6264.997619526825 -1990.3320057701917
-2915395.5467440323 -3361237.4173192456 4841001.638391459 3764.043181388677 -6260.866739480847 -1997.1243049459656
-2911629.9302409533 -3367496.21522388 4839001.119173345 3767.1890344404037 -6256.727712450095 -2003.9136357183754
-2907861.170256356 -3373750.870030453 4836993.812112813 3770.330143879835 -6252.580544343108 -2010.6999881204745
-2904089.27153549 -3380001.373600847 4834979.720193215 3773.466506429917 -6248.425241080569 -2017.483352191031
-2900314.238826882 -3386247.717802873 4832958.84640786 3776.5981188209307 -6244.26180859529 -2024.2637179745425
-2896536.0768823223 -3392489.8945102785 4830931.19376001 3779.7249777904867 -6240.09025283219 -2031.041075521252
-2892754.7904568603 -3398727.8956027636 4828896.765262876 3782.847080083527 -6235.910579748277 -2037.815414887161
-2888970.384308797 -3404961.7129659913 4826855.563939608 3785.9644224523217 -6231.722795312628 -2044.5867261340456
-2885182.8631996773 -3411191.338491599 4824807.592823291 3789.0770016564966 -6227.526905506414 -2051.3549993294846
-2881392.2318942836 -3417416.764077212 4822752.854956941 3792.1848144632445 -6223.322916323234 -2058.120224546991
-2877598.495160626 -3423637.981626455 4820691.353393496 3795.287857647497 -6219.110833769368 -2064.88239186612
-2873801.657769936 -3429854.983048966 4818623.091195812 3798.3861279919397 -6214.8906638637945 -2071.6414913724984
-2870001.7244966594 -3436067.7602604087 4816548.071436658 3801.4796222870236 -6210.662412638173 -2078.3975131578427
-2866198.7001184467 -3442276.3051824835 4814466.2971987035 3804.5683373309707 -6206.426086136847 -2085.150447319985
-2862392.5894161463 -3448480.6097429423 4812377.771574523 3807.6522699297852 -6202.181690416826 -2091.900283962894
-2858583.3971737977 -3454680.6658756007 4810282.497666581 3810.731416897261 -6197.929231547791 -2098.6470131966953
-2854771.128178622 -3460876.4655203484 4808180.478587228 3813.8057750549897 -6193.668715612073 -2105.390625137697
-2850955.7872210154 -3467068.0006231666 4806071.717458695 3816.8753412323695 -6189.400148704658 -2112.1311099084087
-2847137.379094539 -3473255.263136136 4803956.217413091 3819.940112266615 -6185.123536933171 -2118.8684576375667
-2843315.908595915 -3479438.245017451 4801833.981592389 3823.0000850027636 -6180.838886417873 -2125.6026584601536
-2839491.3805250153 -3485616.9382314333 4799705.013148425 3826.055256293686 -6176.546203291653 -2132.333702517423
-2835663.799684856 -3491791.334748545 4797569.315242893 3829.1056230000954 -6172.24549370002 -2139.061579956919
-2831833.1708815875 -3497961.4265453974 4795426.891047332 3832.151181990554 -6167.936763801096 -2145.786280932503
-2827999.498924488 -3504127.205604768 4793277.743743129 3835.191930141483 -6163.62001976561 -2152.5077956043715
-2824162.788625956 -3510288.6639156104 4791121.876521503 3838.227864337172 -6159.295267776887 -2159.2261141390823
-2820323.044801502 -3516445.793473069 4788959.292583505 3841.258981469787 -6154.962514030845 -2165.941226709574
-2816480.2722697384 -3522598.586278489 4786789.9951400105 3844.2852784393754 -6150.621764735981 -2172.653123495189
-2812634.4758523754 -3528747.034339431 4784613.987411713 3847.306752153768 -6146.273026113186 -2179.3617946816344
-2808785.6603742107 -3534891.129669683 4782431.272629116 3850.3233995283945 -6141.916304395439 -2186.0672304608934
-2804933.8306631246 -3541030.8642892716 4780241.854032528 3853.335217486252 -6137.55160582773 -2192.769421031224
-2801078.9915500674 -3547166.2302244743 4778045.734872055 3856.342202957903 -6133.178936667046 -2199.4683565971754
-2797221.1478690575 -3553297.2195078307 4775842.918407598 3859.3443528814787 -6128.798303182354 -2206.164027369604
-2793360.304457172 -3559423.8241781574 4773633.407908841 3862.341664202681 -6124.409711654582 -2212.856423565688
-2789496.4661545358 -3565546.036280556 4771417.206655249 3865.3341338747814 -6120.013168376604 -2219.5455354089486
-2785629.6378043187 -3571663.8478664286 4769194.317936063 3868.3217588586244 -6115.608679653226 -2226.2313531292616
-2781759.8242527246 -3577777.250993486 4766964.745050287 3871.3045361226273 -6111.196251801166 -2232.9138669628765
-2777887.0303489873 -3583886.2377257636 4764728.491306686 3874.2824626427814 -6106.775891149038 -2239.593067152431
-2774011.2609453592 -3589990.8001336306 4762485.56002378 3877.255535402654 -6102.347604037337 -2246.2689439469686
-2770132.520897106 -3596090.930293802 4760235.954529838 3880.2237513933883 -6097.911396818423 -2252.941487601954
-2766250.815062497 -3602186.620289353 4757979.678162869 3883.187107613705 -6093.467275856499 -2259.6106883792895
-2762366.1483028 -3608277.8622097266 4755716.734270617 3886.145601069903 -6089.015247527601 -2266.276536547332
-2758478.5254822737 -3614364.6481507486 4753447.1262105545 3889.0992287758595 -6084.555318219575 -2272.9390223809064
-2754587.9514681576 -3620446.970214639 4751170.857349874 3892.0479877530333 -6080.087494332067 -2279.598136161325
-2750694.4311306677 -3626524.8205100233 4748887.931065487 3894.9918750304632 -6075.611782276499 -2286.253868176401
-2746797.969342985 -3632598.1911519435 4746598.350744012 3897.9308876447626 -6071.128188476048 -2292.9062087204607
-2742898.5709812515 -3638667.074261871 4744302.11978177 3900.865022640096 -6066.636719365584 -2299.555148094346
-2738996.240924561 -3644731.4619677193 4741999.241584778 3903.7942770681657 -6062.137381391639 -2306.2006766054214
-2735090.9840549515 -3650791.346403852 4739689.7195687415 3906.718647988214 -6057.630181012387 -2312.8427845675897
-2731182.805257398 -3656846.7197110984 4737373.557159052 3909.63813246702 -6053.115124697625 -2319.481462301306
-2727271.7094198065 -3662897.574036762 4735050.757790773 3912.5527275789022 -6048.592218928759 -2326.1167001335943
-2723357.7014330025 -3668943.901534635 4732721.324908641 3915.4624304057156 -6044.0614701987815 -2332.748488398061
-2719440.7861907273 -3674985.694365008 4730385.261967054 3918.3672380368525 -6039.522885012252 -2339.3768174349098
-2715520.968589629 -3681022.9446946797 4728042.572430065 3921.2671475692414 -6034.976469885285 -2346.0016775909567
-2711598.2535292543 -3687055.644696974 4725693.259771381 3924.162156107348 -6030.4222313455275 -2352.623059219644
-2707672.645912043 -3693083.786551746 4723337.327474348 3927.0522607631715 -6025.86017593214 -2359.2409526810557
-2703744.1506433166 -3699107.3624453964 4720974.779031952 3929.937458656247 -6021.29031019578 -2365.855348341932
-2699812.772631276 -3705126.364570883 4718605.617946806 3932.817746913643 -6016.712640698583 -2372.4662365756835
-2695878.5167869893 -3711140.785127731 4716229.847731149 3935.6931226699608 -6012.127174014145 -2379.0736077624056
-2691941.388024389 -3717150.6163220443 4713847.471906835 3938.563583067335 -6007.533916727502 -2385.6774522888913
-2688001.391260258 -3723155.8503665174 4711458.494005327 3941.429125255431 -6002.932875435116 -2392.277760548649
-2684058.5314142285 -3729156.479480448 4709062.917567693 3944.289746391465 -5998.324056744882 -2398.8745229419264
-2680112.8134087706 -3735152.4958897475 4706660.7461445965 3947.1454436404874 -5993.70746727654 -2405.467729875898
-2676164.2421691855 -3741143.8918269523 4704251.98329629 3949.99621417572 -5989.083113662176 -2412.0573717648876
-2672212.8226235965 -3747130.659531238 4701836.632592609 3952.842055178607 -5984.45100254627 -2418.643439030419
-2668258.5597029426 -3753112.79124843 4699414.697612962 3955.682963838827 -5979.81114058569 -2425.2259221012378
-2664301.4583409675 -3759090.2792310175 4696986.181946326 3958.5189373543058 -5975.163534449692 -2431.8048114133408
-2660341.5234742137 -3765063.1157381646 4694551.08919124 3961.3499729312284 -5970.508190819917 -2438.380097410002
-2656378.760042013 -3771031.2930357237 4692109.422955795 3964.176067784053 -5965.845116390384 -2444.9517705417948
-2652413.17298648 -3776994.8033962473 4689661.186857627 3966.9972191355228 -5961.174317867485 -2451.5198212666223
-2648444.7672524997 -3782953.639099 4687206.38452391 3969.813424216679 -5956.495801969988 -2458.084240049742
-2644473.547787724 -3788907.7924299724 4684745.01959135 3972.624680266875 -5951.809575429023 -2464.645017363793
-2640499.5195425604 -3794857.255681891 4682277.095706179 3975.4309845337884 -5947.115644988092 -2471.20214368882
-2636522.687470166 -3800802.0211542333 4679802.616524139 3978.232334273432 -5942.414017403048 -2477.755609512303
-2632543.056526435 -3806742.0811532377 4677321.585710488 3981.028726750172 -5937.704699442105 -2484.305405329182
-2628560.631669996 -3812677.4279919183 4674834.006939981 3983.8201592367373 -5932.987697885829 -2490.851521641883
-2624575.4178621983 -3818608.0539900744 4672339.883896869 3986.606629014231 -5928.263019527132 -2497.3939489603476
-2620587.4200671073 -3824533.951474306 4669839.220274886 3989.3881333720446 -5923.530671171116 -2503.932677801991
-2616596.643251495 -3830455.112778023 4667332.019777249 3992.164669607223 -5918.7906596341145 -2510.467698691325
-2612603.0923848324 -3836371.530241456 4664818.286116645 3994.936235024059 -5914.042991743069 -2516.999002159718
-2608606.772439283 -3842283.19621167 4662298.023015223 3997.702826934067 -5909.287674335478 -2523.526578745389
-2604607.688389694 -3848190.103042571 4659771.234204599 4000.4644426559744 -5904.52471425937 -2530.0504189934163
-2600605.845213592 -3854092.243094919 4657237.923425833 4003.2210795157093 -5899.754118373273 -2536.5705134557415
-2596601.2478911728 -3859989.608736337 4654698.0944294315 4005.9727348463944 -5894.975893546191 -2543.0868526911795
-2592593.901405296 -3865882.192341324 4652151.750975339 4008.719405988336 -5890.190046657574 -2549.5994272654234
-2588583.8107414767 -3871769.9862912614 4649598.89683293 4011.461090289015 -5885.3965845972925 -2556.1082277510495
-2584570.98088788 -3877652.9829744273 4647039.535781005 4014.1977851030765 -5880.595514265606 -2562.6132447275263
-2580555.4168353123 -3883531.174786005 4644473.671607782 4016.9294877923207 -5875.786842573139 -2569.1144687812184
-2576537.1235772143 -3889404.5541280936 4641901.308110886 4019.656195725693 -5870.970576440855 -2575.611890505393
-2572516.1061096545 -3895273.1134097176 4639322.449097348 4022.3779062792737 -5866.1467228000265 -2582.1055005002263
-2568492.3694313215 -3901136.845046838 4636737.098383593 4025.0946168362675 -5861.315288592203 -2588.5952893728095
-2564465.918543518 -3906995.741462363 4634145.259795439 4027.8063247869945 -5856.476280769191 -2595.081247737151
-2560436.758450151 -3912849.7950861584 4631546.937168082 4030.513027528969 -5851.629706293154 -2601.5633662142454
-2556404.894157728 -3918698.998355056 4628942.134346098 4033.2147224675346 -5846.775572137522 -2608.0416354324916
-2552370.330675346 -3924543.3437128686 4626330.855183425 4035.9114070163296 -5841.9138852876395 -2614.5160460280104
-2548333.073014685 -3930382.823610399 4623713.103543368 4038.603078597319 -5837.0446527407985 -2620.9865886446846
-2544293.1261899974 -3936217.4305054536 4621088.88329858 4041.2897346408095 -5832.167881506235 -2627.453253934184
-2540250.495218103 -3942047.156862855 4618458.198331057 4043.9713725854604 -5827.283578605119 -2633.9160325559933
-2536205.185118377 -3947871.9951544525 4615821.0525321355 4046.6479898782954 -5822.391751070554 -2640.374915177435
-2532157.200912745 -3953691.937859133 4613177.449802479 4049.319583974715 -5817.492405947565 -2646.829892473696
-2528106.547625672 -3959506.977462836 4610527.394052071 4051.9861523385075 -5812.585550293099 -2653.2809551278538
-2524053.2302841553 -3965317.106458564 4607870.889200208 4054.6476924418625 -5807.671191176015 -2659.7280938309023
-2519997.2539177155 -3971122.317346393 4605207.939175493 4057.3042017653815 -5802.749335677079 -2666.1712992817775
-2515938.623558388 -3976922.602633488 4602538.547915826 4059.955677798091 -5797.819990888964 -2672.6105621873817
-2511877.3442407167 -3982717.954834109 4599862.719368394 4062.602118037454 -5792.883163916233 -2679.0458732626134
-2507813.4210017426 -3988508.3664696305 4597180.45748967 4065.2435199893844 -5787.938861875344 -2685.477223230389
-2503746.8588809962 -3994293.8300685463 4594491.766245393 4067.8798811682454 -5782.987091894626 -2691.9046028216667
-2499677.6629204904 -4000074.338166486 4591796.6496105725 4070.5111990965966 -5778.027861113889 -2698.3280027752903
-2495605.838164711 -4005849.8833062234 4589095.111569473 4073.137471304642 -5773.061176683627 -2704.7474138376456
-2491531.38966061 -4011620.45803769 4586387.156115609 4075.7586953301106 -5768.087045764829 -2711.1628267625892
-2487454.3224575976 -4017386.05491798 4583672.78725174 4078.374868718252 -5763.105475528953 -2717.5742323114646
-2483374.6416075355 -4023146.666511368 4580952.008989856 4080.9859890218304 -5758.116473157915 -2723.9816212531086
-2479292.352164729 -4028902.285389314 4578224.825351177 4083.5920538011214 -5753.120045844053 -2730.3849843638636
-2475207.459185919 -4034652.9041304756 4575491.240366143 4086.1930606239075 -5748.116200790114 -2736.7843124275873
-2471119.967730275 -4040398.5153207183 4572751.2580744075 4088.7890070654726 -5743.104945209232 -2743.179596235663
-2467029.8828593874 -4046139.111553126 4570004.882524825 4091.3798907085975 -5738.086286324903 -2749.5708265870117
-2462937.209637261 -4051874.6854280108 4567252.11777545 4093.965709143555 -5733.060231370963 -2755.9579942880982
-2458841.9531303043 -4057605.2295529256 4564492.967893528 4096.546459968106 -5728.026787591568 -2762.341090152945
-2454744.1184073263 -4063330.73654267 4561727.436955483 4099.122140787495 -5722.985962241171 -2768.720105003141
-2450643.710539527 -4069051.199019305 4558955.529046916 4101.692749214441 -5717.937762584499 -2775.0950296678498
-2446540.734600488 -4074766.609612161 4556177.248262596 4104.258282869147 -5712.882195896544 -2781.465854983827
-2442435.1956661697 -4080476.9609578485 4553392.598706449 4106.818739379495 -5707.819269462828 -2787.83257179557
-2438327.098814899 -4086182.2457002695 4550601.584491556 4109.374116381449 -5702.748990579935 -2794.1951709555997
-2434216.4491273626 -4091882.4564906275 4547804.209740136 4111.924411519126 -5697.6713665556 -2800.55364332453
-2430103.2516865986 -4097577.5859874394 4545000.478583547 4114.469622444808 -5692.586404708702 -2806.9079797710915
-2425987.511577991 -4103267.626856547 4542190.395162275 4117.0097468189515 -5687.494112369249 -2813.25817117215
-2421869.233889256 -4108952.5717711267 4539373.963625924 4119.544782310185 -5682.39449687837 -2819.6042084127284
-2417748.42371044 -4114632.413411703 4536551.188133206 4122.074726595326 -5677.287565588301 -2825.9460823860254
-2413625.0861339066 -4120307.1444661575 4533722.07285194 4124.599577359379 -5672.1733258623735 -2832.2837839934405
-2409499.226254331 -4125976.75762974 4530886.621959038 4127.119332295545 -5667.051785075006 -2838.6173041445895
-2405370.849168691 -4131641.245605082 4528044.839640497 4129.633989105233 -5661.922950611685 -2844.9466337573285
-2401239.9599762587 -4137300.6011022036 4525196.730091394 4132.1435454980565 -5656.786829868961 -2851.271763757775
-2397106.5637785946 -4142954.8168385294 4522342.297515875 4134.647999191848 -5651.643430254433 -2857.5926850803253
-2392970.665679533 -4148603.8855388947 4519481.546127145 4137.147347912659 -5646.492759186739 -2863.909388667679
-2388832.2707851822 -4154247.7999355616 4516614.480147466 4139.641589394743 -5641.334824095498 -2870.2218654708377
-2384691.3842039094 -4159886.552768225 4513741.103808144 4142.130721380366 -5636.169632421039 -2876.5301064489886
-2380548.0110463374 -4165520.136784026 4510861.42134952 4144.614741619683 -5630.997191614219 -2882.8341025694413
-2376402.156425333 -4171148.544737563 4507975.437020966 4147.093647870738 -5625.817509136401 -2889.1338448076363
-2372253.825456003 -4176771.769390899 4505083.155080872 4149.5674378994645 -5620.630592459429 -2895.429324147161
-2368103.023255684 -4182389.8035135763 4502184.579796641 4152.036109479684 -5615.436449065622 -2901.7205315797655
-2363949.754943933 -4188002.6398826223 4499279.715444681 4154.499660393109 -5610.235086447748 -2908.0074581053777
-2359794.025642523 -4193610.2712825644 4496368.566310396 4156.958088429341 -5605.026512109012 -2914.2900947321173
-2355635.840475434 -4199212.690505438 4493451.136688178 4159.411391385874 -5599.810733563039 -2920.568432476312
-2351475.204568843 -4204809.890350796 4490527.430881397 4161.859567068094 -5594.587758333855 -2926.842462362512
-2347312.1230511186 -4210401.863625723 4487597.453202395 4164.302613289281 -5589.357593955871 -2933.1121754235055
-2343146.6010528114 -4215988.60314484 4484661.207972478 4166.740527870606 -5584.120247973867 -2939.3775627003342
-2338978.6437066477 -4221570.101730321 4481718.699521907 4169.173308641133 -5578.87572794297 -2945.638615242307
-2334808.256147521 -4227146.352211897 4478769.932189886 4171.600953437817 -5573.624041428634 -2951.89532410701
-2330635.4435124826 -4232717.347426875 4475814.910324563 4174.023460105428 -5568.365196006531 -2958.147680360274
-2326460.2109407363 -4238283.080220136 4472853.6382830115 4176.440826496512 -5563.099199262465 -2964.3956750761567
-2322282.5635736287 -4243843.543444157 4469886.120431229 4178.853050471379 -5557.826058792353 -2970.639299336947
-2318102.506554643 -4249398.729959014 4466912.361144125 4181.260129898104 -5552.545782202203 -2976.8785442331828
-2313920.0450293897 -4254948.632632393 4463932.364805517 4183.6620626525255 -5547.258377108096 -2983.1134008636623
-2309735.1841456005 -4260493.244339605 4460946.135808116 4186.058846618241 -5541.963851136169 -2989.3438603354557
-2305547.9290531194 -4266032.557963586 4457953.678553525 4188.450479686611 -5536.662211922592 -2995.5699137639203
-2301358.284903894 -4271566.566394919 4454954.997452227 4190.836959756753 -5531.353467113555 -3001.7915522727103
-2297166.25685197 -4277095.262531833 4451950.096923575 4193.218284735541 -5526.037624365242 -3008.0087669937916
-2292971.850053482 -4282618.639280222 4448938.981395788 4195.594452537602 -5520.71469134382 -3014.2215490674525
-2288775.069666647 -4288136.689553653 4445921.65530594 4197.9654610853195 -5515.384675725412 -3020.429889642319
-2284575.920851754 -4293649.406273369 4442898.123099951 4200.331308308826 -5510.047585196086 -3026.6337798753634
-2280374.4087711587 -4299156.782368306 4439868.389232582 4202.691992146012 -5504.703427451844 -3032.8332109319276
-2276170.538589276 -4304658.810775103 4436832.458167422 4205.0475105425685 -5499.352210198655 -3039.028173985761
-2271964.31547257 -4310155.4844381055 4433790.334376883 4207.397861451993 -5493.9939411524565 -3045.218660219047
-2267755.744589547 -4315646.796309385 4430742.022342193 4209.743042835596 -5488.628628039142 -3051.4046608224135
-2263544.831110751 -4321132.73934874 4427687.526553382 4212.083052662498 -5483.256278594537 -3057.5861669949513
-2259331.5802087486 -4326613.306523712 4424626.851509277 4214.417888909628 -5477.876900564382 -3063.7631699442218
-2255115.99705813 -4332088.490809592 4421560.001717495 4216.747549561723 -5472.490501704313 -3069.9356608862727
-2250898.0868354933 -4337558.285189432 4418486.981694431 4219.072032611324 -5467.097089779849 -3076.103631045651
-2246677.854719442 -4343022.682654056 4415407.795965253 4221.391336058778 -5461.696672566365 -3082.267071655415
-2242455.305890574 -4348481.676202064 4412322.44906389 4223.705457912238 -5456.289257849084 -3088.4259739571494
-2238230.445531477 -4353935.258839851 4409230.945533024 4226.014396187657 -5450.874853423048 -3094.5803292009755
-2234003.2788267178 -4359383.423581609 4406133.289924087 4228.318148908793 -5445.453467093109 -3100.730128645567
-2229773.8109628344 -4364826.16344934 4403029.486797244 4230.616714107244 -5440.0251066739565 -3106.875363558191
-2225542.047128331 -4370263.471472867 4399919.540721389 4232.910089822867 -5434.589779990641 -3113.0160252150285
-2221307.9925136673 -4375695.340689844 4396803.456274138 4235.1982741041575 -5429.147494879037 -3119.152104901471
-2217071.6523112487 -4381121.7641457645 4393681.238041812 4237.481265008293 -5423.698259185881 -3125.2835939121687
-2212833.0317154215 -4386542.734893975 4390552.890619436 4239.759060601145 -5418.242080768759 -3131.4104835510566
-2208592.1359224594 -4391958.245995684 4387418.418610727 4242.031658957289 -5412.778967496097 -3137.5327651313805
-2204348.970130559 -4397368.290519974 4384277.826628085 4244.299058160015 -5407.308927247153 -3143.650429975723
-2200103.539539828 -4402772.861543816 4381131.119292579 4246.561256301342 -5401.831967912011 -3149.7634694160297
-2195855.849352278 -4408171.95215207 4377978.301233943 4248.818251482031 -5396.3480973915675 -3155.8718747936364
-2191605.904771815 -4413565.555437507 4374819.377090564 4251.070041811588 -5390.857323597526 -3161.9756374592926
-2187353.7110042325 -4418953.664500814 4371654.351509474 4253.316625408288 -5385.359654452389 -3168.0747487731915
-2183099.2732572006 -4424336.272450605 4368483.229146344 4255.558000399175 -5379.855097889442 -3174.169200104993
-2178842.596740258 -4429713.372403434 4365306.014665466 4257.794164920017 -5374.343661852669 -3180.258982833802
-2174583.686664803 -4435084.957483803 4362122.712739749 4260.025117114546 -5368.825354295784 -3186.3440883476283
-2170322.5482440875 -4440451.0208241725 4358933.32805071 4262.250855133705 -5363.30018318124 -3192.4245080428223
-2166059.1866932083 -4445811.55556497 4355737.865288468 4264.471377135553 -5357.768156480115 -3198.500233324024
-2161793.607229101 -4451166.554854597 4352536.32915173 4266.686681285252 -5352.229282172086 -3204.5712556041676
-2157525.8150705313 -4456516.011849442 4349328.724347787 4268.896765755065 -5346.683568245402 -3210.637566304479
-2153255.815438091 -4461859.919713881 4346115.055592504 4271.101628724336 -5341.131022696858 -3216.6991568544795
-2148983.613554187 -4467198.271620297 4342895.327610315 4273.301268379479 -5335.571653531767 -3222.7560186919864
-2144709.214643039 -4472531.060749077 4339669.545134209 4275.495682913968 -5330.005468763938 -3228.8081432631134
-2140432.6239306666 -4477858.280288631 4336437.712905726 4277.684870528321 -5324.432476415642 -3234.8555220222734
-2136153.846644887 -4483179.923435393 4333199.835674948 4279.868829430093 -5318.852684517594 -3240.8981464321764
-2131872.888015306 -4488495.98339383 4329955.918200488 4282.0475578338555 -5313.266101108919 -3246.9360079638336
-2127589.753273312 -4493806.453376455 4326705.965249486 4284.22105396134 -5307.6727342373115 -3252.9690980966648
-2123304.4476520657 -4499111.326603835 4323449.981597598 4286.389316042254 -5302.072591960047 -3258.9974083191405
-2119016.976386497 -4504410.596304596 4320187.972028986 4288.552342314794 -5296.465682344584 -3265.0209301291784
-2114727.3447132907 -4509704.255715438 4316919.941336309 4290.710131025668 -5290.852013468579 -3271.03965503418
-2110435.5578708816 -4514992.298081143 4313645.894320714 4292.862680430106 -5285.231593419876 -3277.053574551057
-2106141.621099445 -4520274.716654586 4310365.835791827 4295.009988791869 -5279.604430296496 -3283.062680206249
-2101845.539640888 -4525551.504696746 4307079.770567744 4297.152054383254 -5273.97053220662 -3289.0669635357485
-2097547.3187388415 -4530822.655476715 4303787.703475016 4299.288875485106 -5268.329907268584 -3295.0664160851247
-2093246.9636386512 -4536088.162271709 4300489.6393486485 4301.420450386821 -5262.68256361086 -3301.061029409543
-2088944.479587369 -4541348.018367076 4297185.583032084 4303.546777386362 -5257.028509372048 -3307.050795073791
-2084639.8718337442 -4546602.21705631 4293875.539377197 4305.667854790256 -5251.367752700863 -3313.0357046522986
-2080333.1456282157 -4551850.751641054 4290559.51324428 4307.783680913603 -5245.700301756109 -3319.0157497291534
-2076024.306222903 -4557093.61543112 4287237.50950204 4309.894254079828 -5240.02616470637 -3324.990921897932
-2071713.3588715983 -4562330.80174449 4283909.533027586 4311.99957262025 -5234.345349729456 -3330.961212761382
-2067400.3088297585 -4567562.303907332 4280575.588706416 4314.099634874009 -5228.657865012298 -3336.926613931376
-2063085.1613544973 -4572788.115254001 4277235.681432415 4316.194439188059 -5222.963718750929 -3342.8871170289217
-2058767.9217045775 -4578008.229127055 4273889.816107839 4318.2839839171675 -5217.262919150459 -3348.842713684175
-2054448.5951404038 -4583222.638877261 4270537.997643314 4320.368267423912 -5211.555474425062 -3354.793395536449
-2050127.186924014 -4588431.337863605 4267180.230957818 4322.447288078678 -5205.841392797955 -3360.7391542342298
-2045803.7023190714 -4593634.319453299 4263816.520978678 4324.52104425966 -5200.120682501376 -3366.6799814351816
-2041478.1465908575 -4598831.577021796 4260446.872641557 4326.589534352853 -5194.393351776567 -3372.6158688061632
-2037150.5250062637 -4604023.1039527925 4257071.290890449 4328.652756752058 -5188.6594088737575 -3378.546808023237
-2032820.8428337842 -4609208.893638236 4253689.780677667 4330.71070985887 -5182.91886205214 -3384.472790771682
-2028489.1053435074 -4614388.939478345 4250302.346963831 4332.763392082731 -5177.17171957991 -3390.393808746039
-2024155.3178071077 -4619563.234881604 4246908.994717865 4334.810801841055 -5171.417989734404 -3396.3098536502284
-2019819.485497839 -4624731.773264784 4243509.728916983 4336.8529375592725 -5165.657680802134 -3402.220917197595
-2015481.6136905253 -4629894.548052944 4240104.554546682 4338.889797670832 -5159.890801078768 -3408.126991110925
-2011141.7076615526 -4635051.552679446 4236693.476600729 4340.9213806172 -5154.117358869116 -3414.028067122458
-2006799.7726888626 -4640202.780585959 4233276.500081156 4342.947684847858 -5148.33736248711 -3419.924136973904
-2002455.8140519431 -4645348.225222471 4229853.629998251 4344.968708820311 -5142.550820255787 -3425.8151924164545
-1998109.8370318199 -4650487.880047298 4226424.87137054 4346.9844510000785 -5136.757740507271 -3431.701225210799
-1993761.8469110497 -4655621.738527093 4222990.229224788 4348.9949098607 -5130.958131582759 -3437.5822271271372
-1989411.8489737113 -4660749.794136855 4219549.708595985 4351.000083883734 -5125.152001832501 -3443.4581899451955
-1985059.8485053985 -4665872.040359936 4216103.314527334 4352.99997155876 -5119.3393596157775 -3449.3291054542383
-1980705.850793211 -4670988.470688053 4212651.052070246 4354.994571383362 -5113.520213300876 -3455.1949654530736
-1976349.8611257472 -4676099.078621298 4209192.926284328 4356.9838818630915 -5107.6945712650195 -3461.0557617500353
-1971991.8847930958 -4681203.857668139 4205728.942237374 4358.967901511453 -5101.862441894337 -3466.911486162986
-1967631.9270868278 -4686302.80134544 4202259.105005356 4360.94662884991 -5096.0238335838485 -3472.7621305193306
-1963269.9932999897 -4691395.903178461 4198783.419672409 4362.920062407874 -5090.178754737441 -3478.607686656029
-1958906.0887270935 -4696483.156700874 4195301.8913308345 4364.888200722711 -5084.327213767852 -3484.44814641961
-1954540.2186641104 -4701564.555454764 4191814.5250810767 4366.851042339739 -5078.469219096655 -3490.2835016661834
-1950172.3884084623 -4706640.092990643 4188321.32603172 4368.808585812226 -5072.604779154237 -3496.113744261452
-1945802.603259014 -4711709.762867462 4184822.299299479 4370.760829701389 -5066.733902379781 -3501.9388660807267
-1941430.8685160645 -4716773.558652609 4181317.4500091886 4372.7077725764 -5060.856597221254 -3507.758859008937
-1937057.1894813403 -4721831.473921929 4177806.7832937934 4374.649413014375 -5054.972872135376 -3513.573714940648
-1932681.5714579867 -4726883.502259726 4174290.304294338 4376.585749600386 -5049.0827355876245 -3519.3834257800745
-1928304.0197505595 -4731929.637258774 4170768.0181599595 4378.516780927477 -5043.186196052224 -3525.187983441108
-1923924.539665018 -4736969.872520328 4167239.9300478743 4380.442505596659 -5037.283262012131 -3530.987379847329
-1919543.1365087163 -4742004.201654127 4163706.045123372 4382.362922216917 -5031.373941959021 -3536.781606932024
-1915159.8155903951 -4747032.6182784075 4160166.3685598033 4384.2780294052 -5025.458244393265 -3542.570656638195
-1910774.5822201748 -4752055.11601991 4156620.905538571 4386.18782578643 -5019.536177823915 -3548.3545209185754
-1906387.441709547 -4757071.688513892 4153069.6612491207 4388.092309993497 -5013.607750768679 -3554.1331917356397
-1901998.3993713658 -4762082.329404127 4149512.64088893 4389.991480667257 -5007.672971753913 -3559.9066610616196
-1897607.4605198407 -4767087.032342923 4145949.8496635007 4391.885336456536 -5001.731849314599 -3565.6749208785145
-1893214.630470529 -4772085.7909911275 4142381.292786346 4393.773876018122 -4995.784391994322 -3571.4379631781067
-1888819.914540326 -4777078.599018135 4138806.9754789826 4395.65709801677 -4989.830608345255 -3577.195779961971
-1884423.318047459 -4782065.450101895 4135226.902970923 4397.535001125183 -4983.870506928121 -3582.948363241474
-1880024.8463114789 -4787046.337928925 4131641.080499661 4399.407584023998 -4977.904096312167 -3588.6957050377814
-1875624.5046532515 -4792021.256194312 4128049.513310665 4401.27484540179 -4971.931385075137 -3594.4377973818687
-1871222.2983949503 -4796990.19860173 4124452.206657368 4403.136783955063 -4965.952381803259 -3600.1746323145317
-1866818.2328600485 -4801953.158863439 4120849.1658011572 4404.993398388257 -4959.96709509123 -3605.9062018864
-1862412.31337331 -4806910.1307003 4117240.3960113632 4406.844687413744 -4953.975533542186 -3611.632498157952
-1858004.5452607838 -4811861.107841781 4113625.9025652525 4408.690649751822 -4947.977705767696 -3617.3535131995204
-1853594.9338497932 -4816806.084025966 4110005.6907480154 4410.531284130721 -4941.973620387736 -3623.0692390913127
-1849183.4844689304 -4821745.0529995635 4106379.7658527573 4412.366589286599 -4935.9632860306765 -3628.779667923417
-1844770.2024480465 -4826678.0085179135 4102748.1331804884 4414.196563963542 -4929.946711333257 -3634.48479179582
-1840355.093118246 -4831604.944344997 4099110.7980401153 4416.021206913591 -4923.923904940609 -3640.18460281844
-1835938.1618118754 -4836525.854253447 4095467.765748428 4417.840516896802 -4917.894875506295 -3645.879093111186
-1831519.413862519 -4841440.7320245495 4091819.0416300935 4419.654492681243 -4911.859631692298 -3651.5682548039795
-1827098.8546049877 -4846349.571448262 4088164.631017641 4421.463133043005 -4905.818182169005 -3657.2520800367624
-1822676.4893753128 -4851252.36632321 4084504.539251458 4423.26643676619 -4899.77053561519 -3662.9305609595153
-1818252.3235107376 -4856149.11045671 4080838.7716797735 4425.06440264292 -4893.716700717991 -3668.603689732269
-1813826.3623497093 -4861039.797664763 4077167.333658654 4426.857029473335 -4887.6566861729 -3674.2714585251156
-1809398.6112318707 -4865924.421772074 4073490.23055199 4428.64431606559 -4881.590500683737 -3679.9338595182267
-1804969.0754980526 -4870802.976612054 4069807.467731488 4430.426261235857 -4875.518152962637 -3685.5908849018615
-1800537.7604902654 -4875675.45602683 4066119.0505766566 4432.202863808322 -4869.439651730027 -3691.242526876382
-1796104.6715516916 -4880541.853867253 4062424.9844748015 4433.974122615099 -4863.355005714518 -3696.8887776521938
-1791669.8140266775 -4885402.16399291 4058725.274821012 4435.740036496013 -4857.264223652644 -3702.529629449578
-1787233.193260726 -4890256.380272123 4055019.9270181516 4437.500604298539 -4851.167314288785 -3708.165074498648
-1782794.8146004886 -4895104.496581969 4051308.946476851 4439.25582487779 -4845.064286375134 -3713.7951050393617
-1778354.6833937576 -4899946.506808275 4047592.3386154934 4441.005697096517 -4838.955148671686 -3719.419713321525
-1773912.8049894592 -4904782.404845637 4043870.1088602077 4442.750219825108 -4832.839909946218 -3725.038891604801
-1769469.1847376453 -4909612.18459742 4040142.2626448604 4444.489391941573 -4826.718578974261 -3730.65263215872
-1765023.8279894853 -4914435.839975765 4036408.8054110403 4446.22321233155 -4820.59116453909 -3736.260927262686
-1760576.74009726 -4919253.364901606 4032669.7426080555 4447.951679888295 -4814.457675431696 -3741.8637692059856
-1756127.926414353 -4924064.753304669 4028925.079692916 4449.6747935126805 -4808.318120450772 -3747.461150287796
-1751677.392295243 -4928869.999123484 4025174.822130331 4451.392552113379 -4802.172508402894 -3753.053062817353
-1747225.1430954956 -4933669.096305391 4021418.9753926927 4453.104954607368 -4796.020848103055 -3758.63949911439
-1742771.1841717558 -4938462.038806547 4017657.54496007 4454.81199992009 -4789.863148374806 -3764.220451509284
-1738315.5208817383 -4943248.820591941 4013890.5363201946 4456.51368698545 -4783.6994180502425 -3769.795912343072
-1733858.15858422 -4948029.435635394 4010117.9549684534 4458.210014745822 -4777.529665969991 -3775.365873967475
-1729399.1026390316 -4952803.877919577 4006339.8064078754 4459.900982152062 -4771.35390098319 -3780.9303287449134
-1724938.3584070478 -4957572.1414360115 4002556.0961491214 4461.586588163503 -4765.172131947478 -3786.4892690485262
-1720475.9312501804 -4962334.22018508 3998766.8297104747 4463.266831747961 -4758.984367728974 -3792.0426872621924
-1716011.8265313688 -4967090.108176034 3994972.012617829 4464.941711881747 -4752.790617202261 -3797.590575780549
-1711546.0496145724 -4971839.799427008 3991171.650404677 4466.611227549657 -4746.5908892503685 -3803.1329270090014
-1707078.605864761 -4976583.287965023 3987365.7486121026 4468.275377744703 -4740.385192764458 -3808.6697333635125
-1702609.5006479074 -4981320.567825992 3983554.3127887663 4469.934161467575 -4734.173536643229 -3814.200987270153
-1698138.7393309805 -4986051.633054732 3979737.3484909 4471.587577726514 -4727.955929792782 -3819.7266811650065
-1693666.327281937 -4990776.477704972 3975914.861282292 4473.23562553731 -4721.732381126585 -3825.2468074941794
-1689192.2698697143 -4995495.095839354 3972086.8567342814 4474.878303923293 -4715.5028995654675 -3830.7613587138057
-1684716.572464222 -5000207.481529447 3968253.3404257456 4476.515611915332 -4709.267494037588 -3836.2703272900526
-1680239.2404363358 -5004913.628855752 3964414.3179430906 4478.14754855182 -4703.02617347842 -3841.77370569913
-1675760.2791578884 -5009613.531907708 3960569.794880241 4479.774112878681 -4696.778946830725 -3847.2714864272943
-1671279.694001664 -5014307.184783701 3956719.7768386304 4481.395303949355 -4690.5258230445415 -3852.7636619708555
-1666797.4903413884 -5018994.581591071 3952864.269427192 4483.011120824812 -4684.266811077175 -3858.250224836198
-1662313.6735517234 -5023675.7164461175 3949003.2782623456 4484.621562573747 -4678.00191989339 -3863.7311675399615
-1657828.2490082576 -5028350.58347411 3945136.8089679903 4486.226628272797 -4671.731158465617 -3869.206482609238
-1653341.2220875 -5033019.176809293 3941264.867175493 4487.826317006559 -4665.454535773959 -3874.676162581601
-1648852.5981668693 -5037681.490594897 3937387.458523677 4489.420627867589 -4659.172060806169 -3880.140200005118
-1644362.382624689 -5042337.518983144 3933504.588658813 4491.009559956403 -4652.883742557632 -3885.598587438362
-1639870.5808401778 -5046987.256135252 3929616.263234608 4492.59311238147 -4646.589590031349 -3891.051317450425
-1635377.198193442 -5051630.69622145 3925722.4879121934 4494.17128425922 -4640.289612237917 -3896.498382620928
-1630882.240065467 -5056267.833420979 3921823.268360117 4495.744074714034 -4633.983818195508 -3901.939775540035
-1626385.7118381106 -5060898.661922101 3917918.6102543306 4497.311482878249 -4627.6722169298555 -3907.3754888084636
-1621887.6188940941 -5065523.175922109 3914008.51927818 4498.873507892162 -4621.354817474234 -3912.8055150374994
-1617387.966616994 -5070141.369627332 3910093.0011223946 4500.430148904025 -4615.03162886945 -3918.2298468490176
-1612886.760391235 -5074753.237253146 3906172.061485077 4501.981405070066 -4608.7026601638345 -3923.648476875497
-1608384.005602081 -5079358.773023977 3902245.7060716916 4503.527275554476 -4602.367920413215 -3929.0613977600337
-1603879.707635629 -5083957.971173312 3898313.9405950536 4505.06775952941 -4596.027418680906 -3934.4686021563516
-1599373.8718787988 -5088550.825943702 3894376.7707753205 4506.602856174991 -4589.681164037681 -3939.8700827288167
-1594866.5037193263 -5093137.331586775 3890434.202339979 4508.132564679303 -4583.329165561763 -3945.265832152446
-1590357.6085457555 -5097717.482363243 3886486.2410238367 4509.656884238393 -4576.971432338801 -3950.6558431129215
-1585847.19174743 -5102291.272542901 3882532.892569009 4511.175814056272 -4570.607973461849 -3956.0401083066017
-1581335.2587144861 -5106858.696404649 3878574.1627249103 4512.6893533449065 -4564.238798031349 -3961.418620440532
-1576821.8148378436 -5111419.748236483 3874610.057248242 4514.19750132417 -4557.86391515506 -3966.791372232411
-1572306.8655091987 -5115974.422335515 3870640.5819029836 4515.700257221796 -4551.4833339479965 -3972.158356410565
-1567790.416121016 -5120522.713007975 3866665.74246038 4517.197620273374 -4545.097063532401 -3977.519565713951
-1563272.4720665202 -5125064.61456922 3862685.5446989313 4518.6895897223385 -4538.705113037723 -3982.8749928921684
-1558753.0387396887 -5129600.1213437375 3858699.9944043844 4520.176164819977 -4532.307491600605 -3988.2246307054684
-1554232.1215352444 -5134129.227665156 3854709.0973697193 4521.657344825419 -4525.904208364857 -3993.568471924766
-1549709.7258486464 -5138651.927876251 3850712.85939514 4523.133129005641 -4519.495272481445 -3998.9065093316494
-1545185.857076083 -5143168.216328955 3846711.2862880635 4524.603516635459 -4513.0806931084635 -4004.2387357183907
-1540660.5206144648 -5147678.08738436 3842704.383863109 4526.068506997526 -4506.660479411122 -4009.565143887955
-1536133.7218614141 -5152181.535412727 3838692.157942089 4527.528099382312 -4500.234640561702 -4014.8857266539912
-1531605.46621526 -5156678.554793492 3834674.6143539944 4528.982293088049 -4493.803185739487 -4020.200476840802
-1527075.7590750293 -5161169.139915275 3830651.7589349886 4530.431087420723 -4487.366124130743 -4025.509387283342
-1522544.6058404385 -5165653.285175888 3826623.597528394 4531.874481694066 -4480.923464928687 -4030.812450827231
-1518012.0119118874 -5170130.984982335 3822590.135984682 4533.312475229559 -4474.475217333483 -4036.1096603287574
-1513477.9826904493 -5174602.233750827 3818551.380161462 4534.745067356422 -4468.021390552205 -4041.4010086548938
-1508942.5235778654 -5179067.025906783 3814507.3359234715 4536.172257411618 -4461.561993798831 -4046.686488683302
-1504405.6399765355 -5183525.355884841 3810458.009142565 4537.594044739845 -4455.097036294216 -4051.9660933023424
-1499867.337289511 -5187977.218128863 3806403.4056977034 4539.010428693535 -4448.626527266078 -4057.2398154110856
-1495327.6209204867 -5192422.607091943 3802343.531474943 4540.421408632885 -4442.150475949012 -4062.5076479193535
-1490786.4962737942 -5196861.517236412 3798278.3923674244 4541.826983925972 -4435.6688915845825 -4067.769583747829
-1486243.9687543921 -5201293.943033846 3794207.994275363 4543.227153948785 -4429.181783421338 -4073.025615828099
-1481700.0437678592 -5205719.878965074 3790132.3431060365 4544.621918085217 -4422.689160714793 -4078.2757371026673
-1477154.7267203869 -5210139.319520183 3786051.444773775 4546.011275727076 -4416.191032727406 -4083.5199405249623
-1472608.0230187702 -5214552.259198524 3781965.3051999495 4547.395226274072 -4409.687408728565 -4088.7582190593516
-1468059.9380704013 -5218958.692508726 3777873.930312961 4548.773769133823 -4403.1782979945665 -4093.9905656811525
-1463510.47728326 -5223358.613968695 3773777.32604823 4550.146903721847 -4396.663709808596 -4099.216973376641
-1458959.6460659073 -5227752.018105621 3769675.498348184 4551.514629461565 -4390.143653460709 -4104.437435143065
-1454407.449827476 -5232138.899455993 3765568.45316225 4552.876945784272 -4383.618138247785 -4109.651943988628
-1449853.8939776646 -5236519.252565595 3761456.1964468407 4554.233852129035 -4377.08717347342 -4114.860492932416
-1445298.9839267286 -5240893.071989523 3757338.7341653425 4555.585347942664 -4370.550768447872 -4120.063075004378
-1440742.7250854718 -5245260.352292179 3753216.0722881085 4556.9314326797075 -4364.008932488042 -4125.259683245337
-1436185.1228652408 -5249621.088047294 3749088.2167924447 4558.272105802445 -4357.461674917458 -4130.450310706991
-1431626.1826779153 -5253975.27383792 3744955.1736626 4559.607366780889 -4350.909005066253 -4135.63495045193
-1427065.9099359016 -5258322.904256445 3740816.9488897556 4560.937215092777 -4344.350932271142 -4140.813595553642
-1422504.310052124 -5262663.973904596 3736673.5484720133 4562.2616502235705 -4337.787465875409 -4145.986239096521
-1417941.3884400176 -5266998.477393446 3732524.9784143846 4563.580671666456 -4331.218615228886 -4151.152874175878
-1413377.1505135202 -5271326.409343421 3728371.2447287813 4564.89427892237 -4324.644389687964 -4156.313493897982
-1408811.6016870658 -5275647.76438431 3724212.3534340025 4566.2024715001035 -4318.06479861567 -4161.468091380159
-1404244.7473755742 -5279962.537155265 3720048.310555725 4567.505248916325 -4311.47985138168 -4166.6166597508345
-1399676.5929944457 -5284270.722304812 3715879.1221264913 4568.802610695582 -4304.889557362298 -4171.759192149536
-1395107.1439595516 -5288572.314490856 3711704.7941856994 4570.094556370296 -4298.293925940433 -4176.8956817269145
-1390536.405687227 -5292867.308380689 3707525.3327795905 4571.381085480767 -4291.692966505584 -4182.026121644745
-1385964.3835942624 -5297155.698650994 3703340.743961239 4572.662197575165 -4285.086688453822 -4187.150505075946
-1381391.083097897 -5301437.479987858 3699151.0337905395 4573.93789220953 -4278.475101187767 -4192.2688252045855
-1376816.5096158092 -5305712.6470867675 3694956.208334199 4575.208168947772 -4271.858214116568 -4197.381075225888
-1372240.66856611 -5309981.194652626 3690756.273665722 4576.4730273615905 -4265.236036655817 -4202.487248346181
-1367663.565367335 -5314243.117399756 3686551.235865401 4577.7324670303415 -4258.608578227404 -4207.587337782784
-1363085.2054384358 -5318498.410051902 3682341.1010203077 4578.986487541005 -4251.975848259472 -4212.681336763983
-1358505.5941987743 -5322747.06734224 3678125.875224279 4580.23508848818 -4245.337856186396 -4217.7692385290475
-1353924.7370681134 -5326989.084013387 3673905.5645779055 4581.4782694740825 -4238.6946114487655 -4222.851036328233
-1349342.63946661 -5331224.454817398 3669680.175188524 4582.716030108541 -4232.046123493364 -4227.92672342279
-1344759.3068148077 -5335453.174515785 3665449.7131702043 4583.948370008993 -4225.392401773149 -4232.996293084971
-1340174.7445336287 -5339675.237879509 3661214.1846437375 4585.175288800478 -4218.733455747231 -4238.059738598039
-1335588.958044366 -5343890.639688998 3656973.595736627 4586.3967861156425 -4212.069294880865 -4243.117053256281
-1331001.9527686764 -5348099.374734147 3652727.952583075 4587.612861594833 -4205.399928645511 -4248.168230365104
-1326413.7341285725 -5352301.437814324 3648477.2613239745 4588.823514886176 -4198.725366518905 -4253.213263241125
-1321824.307546415 -5356496.823738382 3644221.5281068943 4590.028745645595 -4192.04561798504 -4258.252145212192
-1317233.6784449043 -5360685.527324656 3639960.7590860715 4591.2285535368 -4185.360692534155 -4263.284869617394
-1312641.852247074 -5364867.543400976 3635694.960422397 4592.422938231288 -4178.670599662706 -4268.31142980707
-1308048.8343762814 -5369042.866804675 3631424.1382834082 4593.611899408339 -4171.975348873357 -4273.331819142815
-1303454.6302562011 -5373211.492382587 3627148.298843272 4594.795436755016 -4165.274949674953 -4278.346030997496
-1298859.2453108167 -5377373.414991061 3622867.4482827787 4595.973549966163 -4158.5694115825045 -4283.354058755259
-1294262.6849644133 -5381528.629495962 3618581.5927893287 4597.1462387444035 -4151.858744117173 -4288.355895811541
-1289664.9546415692 -5385677.13077268 3614290.738556921 4598.313502800169 -4145.1429568062695 -4293.351535573108
-1285066.0597671482 -5389818.913706136 3609994.891786142 4599.475341851705 -4138.422059183254 -4298.340971458073
-1280466.0057662923 -5393953.973190788 3605694.058684154 4600.631755625065 -4131.696060787706 -4303.324196895904
-1275864.7980644135 -5398082.304130635 3601388.2454646854 4601.782743854115 -4124.964971165314 -4308.301205327436
-1271262.4420871853 -5402203.901439227 3597077.4583480177 4602.92830628053 -4118.228799867849 -4313.271990204885
-1266658.943260537 -5406318.760039666 3592761.703560973 4604.068442653786 -4111.487556453149 -4318.236544991848
-1262054.3070106434 -5410426.874864616 3588440.987336906 4605.203152731165 -4104.7412504851 -4323.19486316332
-1257448.538763919 -5414528.2408563085 3584115.31591569 4606.332436277738 -4097.989891533604 -4328.146938205698
-1252841.643947008 -5418622.852966546 3579784.695543705 4607.456293066219 -4091.233489174434 -4333.092763616641
-1248233.6279867794 -5422710.706156715 3575449.1324738306 4608.574722876748 -4084.472052989024 -4338.032332904891
-1243624.4963103181 -5426791.795397779 3571108.63296543 4609.687725496867 -4077.705592564433 -4342.965639590256
-1239014.2543449178 -5430866.115670295 3566763.2032843414 4610.795300721513 -4070.9341174933215 -4347.89267720361
-1234402.907518073 -5434933.6619644165 3562412.8497028667 4611.897448353008 -4064.1576373739317 -4352.813439286902
-1229790.461257473 -5438994.429279895 3558057.57849976 4612.9941682010585 -4057.376161810069 -4357.727919393159
-1225176.9209909935 -5443048.41262609 3553697.3959602183 4614.085460082746 -4050.5897004110802 -4362.63611108649
-1220562.2921466888 -5447095.607021975 3549332.308375867 4615.171323822525 -4043.798262791837 -4367.538007942097
-1215946.5801527856 -5451136.007496139 3544962.322044752 4616.251759252309 -4037.0018585727976 -4372.433603546363
-1211329.7904376748 -5455169.609086796 3540587.443271326 4617.326766211811 -4030.2004973802873 -4377.3228914971905
-1206711.928429903 -5459196.406841787 3536207.6783664394 4618.396344548667 -4023.3941888465865 -4382.205865404126
-1202092.9995581664 -5463216.395818587 3531823.033647326 4619.460494118437 -4016.582942609917 -4387.082518888372
-1197473.009251301 -5467229.571084319 3527433.5154375928 4620.5192147846 -4009.7667683144205 -4391.952845582802
-1192851.962938275 -5471235.927715746 3523039.130067209 4621.572506418563 -4002.945675610141 -4396.816839131973
-1188229.866048182 -5475235.460799287 3518639.8838724922 4622.620368899648 -3996.119674153003 -4401.674493192136
-1183606.7240102312 -5479228.165431021 3514235.7831960986 4623.662802115103 -3989.2887736047937 -4406.525801431243
-1178982.542253742 -5483214.036716688 3509826.834387011 4624.699805960054 -3982.4529836331144 -4411.370757528931
-1174357.3262081342 -5487193.069771702 3505413.043800525 4625.731380337238 -3975.6123139111237 -4416.209355176268
-1169731.0813029204 -5491165.2597211525 3500994.4177982416 4626.757525156774 -3968.7667741173263 -4421.041588075547
-1165103.812967701 -5495130.601699808 3496570.9627480526 4627.77824033614 -3961.9163739355417 -4425.867449940282
-1160475.5266321534 -5499089.090852124 3492142.6850241316 4628.793525800173 -3955.061123054884 -4430.686934495208
-1155846.2277260283 -5503040.722332248 3487709.5910069207 4629.803381481059 -3948.201031169743 -4435.50003547629
-1151215.9216791394 -5506985.491304027 3483271.6870831214 4630.807807318329 -3941.3361079797637 -4440.306746630722
-1146584.6139213576 -5510923.392941006 3478828.979645682 4631.806803258855 -3934.4663631898256 -4445.1070617169435
-1141952.309882603 -5514854.422426443 3474381.4750937866 4632.800369256853 -3927.5918065100363 -4449.900974504642
-1137319.0149928378 -5518778.574953302 3469929.179832845 4633.788505274099 -3920.712447655897 -4454.688478774985
-1132684.734682059 -5522695.845724271 3465472.100274478 4634.771211280236 -3913.8282963485403 -4459.469568320905
-1128049.4743802892 -5526606.229951757 3461010.2428365094 4635.748487252804 -3906.939362314745 -4464.244236947162
-1123413.23951757 -5530509.722857901 3456543.613942952 4636.720333177244 -3900.0456552869173 -4469.012478470347
-1118776.0355239534 -5534406.3196745785 3452072.2200239943 4637.6867490468985 -3893.147185003071 -4473.774286718899
-1114137.8678294946 -5538296.015643404 3447596.067515993 4638.6477348630015 -3886.243961206807 -4478.52965553311
-1109498.7418642426 -5542178.806015737 3443115.1628614566 4639.603290634689 -3879.3359936472943 -4483.278578765139
-1104858.6630582346 -5546054.686052695 3438629.512509036 4640.553416378984 -3872.423292079246 -4488.021050279021
-1100217.636841486 -5549923.651025147 3434139.122913513 4641.498112120589 -3865.505866262727 -4492.757063950472
-1095575.668643984 -5553785.696213727 3429644.000535787 4642.437377891485 -3858.583725962798 -4497.486613666508
-1090932.7638956802 -5557640.816908835 3425144.151842866 4643.371213730831 -3851.656880949423 -4502.209693325368
-1086288.928026484 -5561489.008410646 3420639.583307853 4644.299619684965 -3844.7253409974537 -4506.926296836517
-1081644.1664662543 -5565330.266029109 3416130.301409936 4645.222595807394 -3837.789115886607 -4511.63641812065
-1076998.4846447932 -5569164.585083961 3411616.3126343773 4646.140142158787 -3830.8482154014437 -4516.3400511096925
-1072351.8879918382 -5572991.960904717 3407097.623472501 4647.052258806968 -3823.902649331353 -4521.037189746806
-1067704.3819370556 -5576812.3888306925 3402574.240421683 4647.958945826915 -3816.952427470534 -4525.727827986393
-1063055.9719100334 -5580625.864210995 3398046.169985339 4648.860203300939 -3809.9975596181293 -4530.411959794286
-1058406.6633402726 -5584432.382404534 3393513.4186729128 4649.756031319136 -3803.0380555785796 -4535.089579148195
-1053756.4616571811 -5588231.9387800265 3388975.9929998643 4650.646429979496 -3796.073925161695 -4539.760680037826
-1049105.3722900643 -5592024.5287160035 3384433.8994876584 4651.531399387903 -3789.1051781826372 -4544.425256464894
-1044453.4006681181 -5595810.147600811 3379887.144663751 4652.410939658135 -3782.1318244619006 -4549.083302443137
-1039800.5522204206 -5599588.790832622 3375335.73506158 4653.285050911864 -3775.1538738252907 -4553.734811998324
-1035146.8323759239 -5603360.453819434 3370779.67722055 4654.153733278655 -3768.1713361039056 -4558.379779168272
-1030492.2465634468 -5607125.13197908 3366218.9776860224 4655.016986895953 -3761.1842211341127 -4563.018198002843
-1025836.800211667 -5610882.820739232 3361653.6430093027 4655.874811908892 -3754.1925387573647 -4567.650062563763
-1021180.4987491132 -5614633.515537405 3357083.6797476285 4656.727208469791 -3747.196298819782 -4572.275366924146
-1016523.3476041586 -5618377.211820966 3352509.09446416 4657.574176738016 -3740.19551117203 -4576.89410516837
-1011865.3522050128 -5622113.90504713 3347929.8937279657 4658.415716879979 -3733.1901856693 -4581.506271392078
-1007206.5179797163 -5625843.590682972 3343346.0841140137 4659.251829069126 -3726.1803321712855 -4586.11185970218
-1002546.8503561321 -5629566.264205429 3338757.6722031594 4660.0825134859315 -3719.16596054217 -4590.710864216855
-997886.3547619396 -5633281.921101302 3334164.664582135 4660.907770317888 -3712.147080650599 -4595.303279065557
-993225.0366246267 -5636990.556867266 3329567.0678435373 4661.727599759512 -3705.123702369673 -4599.889098389018
-988562.9013714838 -5640692.16700987 3324964.8885858157 4662.542002012609 -3698.0958355771477 -4604.46831633953
-983899.9544295948 -5644386.747045544 3320358.1334132613 4663.350977286862 -3691.063490155877 -4609.040927081528
-979236.2012258306 -5648074.292500602 3315746.808935996 4664.154525799948 -3684.026675993896 -4613.606924791724
-974571.6471868404 -5651754.798911248 3311130.921769959 4664.952647777544 -3676.985402984401 -4618.166303659123
-969906.2977390432 -5655428.261823586 3306510.4785368927 4665.745343453329 -3669.9396810257294 -4622.719057885035
-965240.1583086208 -5659094.676793618 3301885.4858643324 4666.532613068978 -3662.8895200213396 -4627.26518168309
-960573.234321509 -5662754.039387251 3297255.9503855943 4667.314456874169 -3655.8349298797916 -4631.804669279248
-955905.5312033902 -5666406.345180304 3292621.8787397617 4668.090875126554 -3648.7759205147104 -4636.337514911785
-951237.0543796853 -5670051.589758512 3287983.277571675 4668.8618680913505 -3641.7125018444412 -4640.863712830904
-946567.8092755462 -5673689.768717531 3283340.1535319174 4669.6274360407015 -3634.644683791535 -4645.383257298105
-941897.8013158498 -5677320.877662942 3278692.5132768056 4670.387579253561 -3627.572476282653 -4649.896142586083
-937227.0359251897 -5680944.912210254 3274040.3634683774 4671.1422980156985 -3620.4958892485465 -4654.4023629787425
-932555.5185278712 -5684561.867984909 3269383.7107743816 4671.8915926196805 -3613.4149326240376 -4658.901912771177
-927883.2545479034 -5688171.740622285 3264722.5618682667 4672.635463364863 -3606.3296163480004 -4663.394786269688
-923210.2494089926 -5691774.525767701 3260056.9234291683 4673.373910557387 -3599.2399503633405 -4667.880977791773
-918536.5085345354 -5695370.219076423 3255386.8021418997 4674.106934510214 -3592.145944617018 -4672.360481666182
-913862.0373476122 -5698958.816213665 3250712.204696939 4674.834535543687 -3585.0476090604557 -4676.833292233474
-909186.8412709788 -5702540.312854592 3246033.137790418 4675.556713986055 -3577.944953649932 -4681.299403846565
-904510.9257270588 -5706114.704684333 3241349.6081241095 4676.273470173525 -3570.837988346599 -4685.758810870785
-899834.2961379357 -5709681.987397975 3236661.6224054145 4676.984804450262 -3563.7267231164615 -4690.211507683892
-895156.9579253448 -5713242.156700579 3231969.1873473497 4677.690717168384 -3556.6111679303554 -4694.657488676083
-890478.9165106656 -5716795.208307176 3227272.309668536 4678.391208687965 -3549.4913327639274 -4699.096748250003
-885800.1773149128 -5720341.137942774 3222570.996093184 4679.086279377035 -3542.3672275976173 -4703.529280820762
-881120.7457587299 -5723879.941342367 3217865.2533510863 4679.775929611455 -3535.2388624165437 -4707.955080815824
-876440.6272623807 -5727411.614250933 3213155.0881775985 4680.460159774311 -3528.106247210024 -4712.374142674399
-871759.8272457421 -5730936.152423443 3208440.507313633 4681.138970255585 -3520.9693919713136 -4716.786460847133
-867078.351128298 -5734453.551624864 3203721.5175056458 4681.812361452137 -3513.8283066975805 -4721.192029796091
-862396.2043291318 -5737963.807630161 3198998.1255056243 4682.480333767694 -3506.683001389882 -4725.590843994766
-857713.3922669197 -5741466.916224301 3194270.338071078 4683.142887612847 -3499.533486053149 -4729.982897928067
-853029.920359924 -5744962.873202261 3189538.1619650247 4683.800023405039 -3492.3797706961645 -4734.36818609233
-848345.7940259862 -5748451.674369024 3184801.603955981 4684.451741568566 -3485.2218653315504 -4738.746702995324
-843661.0186825198 -5751933.315539593 3180060.670817949 4685.098042534792 -3478.0597799759134 -4743.118443156476
-838975.5997465032 -5755407.792538986 3175315.369330405 4685.738926742649 -3470.893524650203 -4747.483401107385
-834289.542634472 -5758875.101202245 3170565.706278289 4686.37439463875 -3463.723109379778 -4751.841571391958
-829602.8527625117 -5762335.23737444 3165811.688451992 4687.004446677394 -3456.5485441943893 -4756.192948566411
-824915.5355462492 -5765788.196910673 3161053.3226473383 4687.629083320561 -3449.369839128156 -4760.537527199287
-820227.596400846 -5769233.975676081 3156290.6156655806 4688.248305037907 -3442.1870042195496 -4764.875301871459
-815539.0407409898 -5772672.5695458455 3151523.5743133845 4688.862112306766 -3435.000049511372 -4769.206267176144
-810849.8739808872 -5776103.974405187 3146752.2054028152 4689.470505612119 -3427.8089850507135 -4773.530417718883
-806160.1015342562 -5779528.186149381 3141976.515751328 4690.073485446326 -3420.6138208887432 -4777.847748117279
-801469.7288143189 -5782945.20068375 3137196.5121817524 4690.671052308879 -3413.4145670805065 -4782.158253000754
-796778.761233794 -5786355.013923679 3132412.2015222847 4691.263206706374 -3406.211233684894 -4786.461927010533
-792087.2042048904 -5789757.621794611 3127623.5906064725 4691.849949152509 -3399.0038307646228 -4790.758764799654
-787395.0631392995 -5793153.020232056 3122830.6862732046 4692.431280168072 -3391.7923683862145 -4795.04876103296
-782702.3434481887 -5796541.205181589 3118033.4953667 4693.007200280941 -3384.576856619978 -4799.33191038711
-778009.0505421939 -5799922.172598859 3113232.0247364948 4693.577710026075 -3377.3573055399893 -4803.608207550581
-773315.1898314122 -5803295.91844959 3108426.2812374295 4694.142809945499 -3370.1337252240655 -4807.877647223663
-768620.7667253955 -5806662.438709588 3103616.27172964 4694.702500588285 -3362.9061257537332 -4812.140224118445
-763925.7866331429 -5810021.729364741 3098802.003078544 4695.256782510528 -3355.6745172142023 -4816.395932958805
-759230.2549630939 -5813373.786411023 3093983.4821548285 4695.805656275346 -3348.4389096943482 -4820.644768480418
-754534.1771231216 -5816718.6058545 3089160.7158344397 4696.349122452878 -3341.1993132866924 -4824.886725430759
-749837.5585205251 -5820056.183711331 3084333.7109985705 4696.887181620266 -3333.9557380873803 -4829.121798569099
-745140.4045620232 -5823386.516007776 3079502.4745336478 4697.41983436166 -3326.708194196167 -4833.349982666518
-740442.720653747 -5826709.598780193 3074667.013331323 4697.9470812682375 -3319.4566917164166 -4837.571272505937
-735744.5122012325 -5830025.428075047 3069827.3342884565 4698.468922938543 -3312.201240755328 -4841.78566288247
-731045.7846094136 -5833333.999948913 3064983.44430711 4698.985359978802 -3304.9418514241365 -4845.993148603764
-726346.543282614 -5836635.310468477 3060135.350294528 4699.496393002941 -3297.678533838113 -4850.193724490034
-721646.7936245395 -5839929.355710544 3055283.0591631313 4700.00202263259 -3290.411298116541 -4854.387385374069
-716946.5410382708 -5843216.131762039 3050426.5778304995 4700.502249497078 -3283.140154382699 -4858.5741261012445
-712245.790926255 -5846495.6347200135 3045565.913219362 4700.9970742334335 -3275.8651127638404 -4862.753941529535
-707544.5486902988 -5849767.860691649 3040701.072257584 4701.486497486375 -3268.5861833911645 -4866.926826529513
-702842.8197315598 -5853032.805794257 3035832.061878152 4701.970519908078 -3261.3033763996386 -4871.09277598412
-698140.6094505404 -5856290.466155287 3030958.889019166 4702.449142157623 -3254.0167019275978 -4875.251784788105
-693437.9232470803 -5859540.837912331 3026081.560623824 4702.922364900855 -3246.7261701166312 -4879.403847847894
-688734.7665203502 -5862783.917213121 3021200.0836404124 4703.390188810374 -3239.4317911115636 -4883.548960081578
-684031.1446688446 -5866019.700215539 3016314.4650222934 4703.852614565525 -3232.133575060436 -4887.6871164189215
-679327.0630903755 -5869248.183087611 3011424.711727893 4704.309642852396 -3224.831532114488 -4891.8183118013585
-674622.5271820652 -5872469.362007521 3006530.830720691 4704.761274363804 -3217.525672428135 -4895.9425411819975
-669917.54234034 -5875683.233163606 3001632.828969208 4705.207509799339 -3210.216006158988 -4900.05979952567
-665212.1139609232 -5878889.792754365 2996730.713446994 4705.648349865629 -3202.902543468015 -4904.170081809214
-660506.2474388275 -5882089.036988457 2991824.491132614 4706.083795276482 -3195.5852945196293 -4908.273383021633
-655799.9481683488 -5885280.962084708 2986914.169009641 4706.513846752892 -3188.2642694816705 -4912.369698164117
-651093.2215430577 -5888465.564272114 2981999.7540666386 4706.938505023033 -3180.939478525387 -4916.45902225004
-646386.0729557934 -5891642.839789845 2977081.2532971515 4707.357770822254 -3173.610931825417 -4920.541350304965
-641678.5077986562 -5894812.784887243 2972158.6736996933 4707.771644893073 -3166.2786395597673 -4924.616677366654
-636970.5314630005 -5897975.395823834 2967232.022277733 4708.180127985178 -3158.942611909795 -4928.684998485069
-632262.1493394268 -5901130.668869328 2962301.306039684 4708.583220855434 -3151.6028590601995 -4932.746308722399
-627553.3668177758 -5904278.600303617 2957366.531998891 4708.980924267904 -3144.2593911990202 -4936.800603153088
-622844.1892871201 -5907419.186416786 2952427.707173618 4709.373238993845 -3136.912218517614 -4940.847876863841
-618134.6221357577 -5910552.423509111 2947484.838587037 4709.7601658117055 -3129.5613512106365 -4944.888124953629
-613424.6707512044 -5913678.307891064 2942537.933267214 4710.141705507119 -3122.206799476026 -4948.921342533696
-608714.3405201869 -5916796.835883321 2937586.998247098 4710.517858872896 -3114.8485735149775 -4952.947524727563
-604003.6368286355 -5919908.0038167555 2932632.0405645096 4710.888626709026 -3107.486683531927 -4956.96666667103
-599292.5650616767 -5923011.808032448 2927673.0672621243 4711.254009822617 -3100.1211397345005 -4960.978763512134
-594581.1306036267 -5926108.2448816905 2922710.0853874655 4711.614009027813 -3092.7519523334336 -4964.983810411065
-589869.3388379838 -5929197.310725985 2917743.101992892 4711.968625145764 -3085.3791315425456 -4968.981802540144
-585157.1951474217 -5932279.001937051 2912772.124135581 4712.317859004621 -3078.002687578714 -4972.972735083831
-580444.7049137828 -5935353.314896824 2907797.1588775204 4712.66171143953 -3070.6226306618605 -4976.956603238728
-575731.8735180702 -5938420.245997464 2902818.2132854965 4713.000183292629 -3063.238971014927 -4980.933402213578
-571018.706340442 -5941479.791641353 2897835.2944310796 4713.333275413039 -3055.851718863859 -4984.903127229275
-566305.2087602031 -5944531.9482411 2892848.4093906134 4713.660988656867 -3048.4608844375907 -4988.865773518873
-561591.3861557996 -5947576.712219547 2887857.5652452023 4713.983323887226 -3041.0664779680405 -4992.821336327612
-556877.2439048102 -5950614.080009767 2882862.7690806994 4714.300281974239 -3033.6685096900983 -4996.769810912936
-552162.7873839402 -5953644.0480550695 2877864.0279876944 4714.611863795028 -3026.2669898416048 -5000.711192544492
-547448.0219690144 -5956666.612809006 2872861.349061501 4714.918070233714 -3018.861928663333 -5004.645476504139
-542732.9530349701 -5959681.770735367 2867854.7394021456 4715.218902181411 -3011.453336398968 -5008.572658085945
-538017.5859558495 -5962689.518308191 2862844.206114353 4715.514360536216 -3004.041223295088 -5012.492732596194
-533301.9261047938 -5965689.852011762 2857829.756307537 4715.804446203206 -2996.625599601143 -5016.40569535339
-528585.9788540353 -5968682.768340615 2852811.397095787 4716.089160094422 -2989.206475569433 -5020.311541688251
-523869.7495748909 -5971668.263799539 2847789.135597854 4716.3685031288705 -2981.783861455087 -5024.210266943711
-519153.2436377548 -5974646.334903583 2842762.9789371416 4716.642476232507 -2974.35776751604 -5028.101866474921
-514436.46641209204 -5977616.97817805 2837732.9342416907 4716.911080338234 -2966.928204013019 -5031.986335649258
-509719.42326643126 -5980580.190158509 2832699.008644169 4717.174316385897 -2959.4951812095187 -5035.8636698463215
-505002.11956835765 -5983535.967390791 2827661.2092818604 4717.432185322278 -2952.0587093717863 -5039.7338644579395
-500284.56068450626 -5986484.306430995 2822619.543296648 4717.684688101086 -2944.6187987687986 -5043.596914888172
-495566.75198055484 -5989425.203845496 2817574.017835007 4717.931825682956 -2937.175459672242 -5047.452816553314
-490848.6988212171 -5992358.656210934 2812524.6400479875 4718.173599035435 -2929.7287023564954 -5051.301564881892
-486130.4065702359 -5995284.660114228 2807471.417091208 4718.410009132983 -2922.2785370986066 -5055.143155314675
-481411.88059037604 -5998203.212152576 2802414.3561248393 4718.641056956964 -2914.8249741782774 -5058.97758330467
-476693.12624341744 -6001114.308933457 2797353.464313592 4718.86674349564 -2907.368023877841 -5062.80484431713
-471974.1488901484 -6004017.947074633 2792288.7488267054 4719.087069744165 -2899.9076964822425 -5066.6249338295565
-467254.95389035874 -6006914.123204151 2787220.216837936 4719.302036704583 -2892.4440022790236 -5070.4378473317
-462535.54660283256 -6009802.833960351 2782147.8755255444 4719.511645385829 -2884.9769515583066 -5074.243580325582
-457815.9323853418 -6012684.075991859 2777071.7320722826 4719.715896803737 -2877.5065546127835 -5078.042128325502
-453096.1165946389 -6015557.8459576 2771991.793665382 4719.914791981031 -2870.0328217376937 -5081.833486858041
-448376.1045864504 -6018424.140526791 2766908.0674965424 4720.10833194732 -2862.5557632308064 -5085.617651462066
-443655.90171546943 -6021282.956378951 2761820.560761917 4720.2965177390915 -2855.0753893924007 -5089.394617688731
-438935.5133353495 -6024134.290203899 2756729.2806621026 4720.479350399704 -2847.5917105252465 -5093.164381101485
-434214.94479869725 -6026978.138701759 2751634.234402126 4720.656830979381 -2840.1047369345797 -5096.926937276061
-429494.20145706565 -6029814.498582963 2746535.4291914334 4720.8289605351565 -2832.6144789280593 -5100.682281800437
-424773.2886609473 -6032643.366568248 2741432.8722438756 4720.995740130839 -2825.1209468157285 -5104.430410274803
-420052.21175976744 -6035464.739388664 2736326.570777697 4721.157170837006 -2817.6241509099946 -5108.171318311564
-415330.9761018776 -6038278.613785575 2731216.532015524 4721.313253730993 -2810.12410152561 -5111.9050015353405
-410609.5870345484 -6041084.9865106605 2726102.763184352 4721.463989896891 -2802.620808979654 -5115.631455582969
-405888.0499039631 -6043883.854325919 2720985.2715155343 4721.6093804255415 -2795.1142835915134 -5119.350676103505
-401166.37005521083 -6046675.21400367 2715864.0642447677 4721.749426414552 -2787.6045356828763 -5123.062658758255
-396444.55283227935 -6049459.062326552 2710739.1486120815 4721.884128968453 -2780.0915755778137 -5126.767399220951
-391722.6035780487 -6052235.396087535 2705610.5318618272 4722.013489198807 -2772.575413602819 -5130.464893177881
-387000.5276342837 -6055004.21208991 2700478.2212426616 4722.137508224202 -2765.056060086794 -5134.155136327889
-382278.33034162706 -6057765.507147305 2695342.2240075367 4722.256187170249 -2757.5335253610283 -5137.838124382384
-377556.0170395923 -6060519.278083674 2690202.547413687 4722.369527169579 -2750.0078197591806 -5141.513853065347
-372833.59306655714 -6063265.52173331 2685059.1987226172 4722.477529361834 -2742.4789536172543 -5145.182318113328
-368111.06375975575 -6066004.234940842 2679912.185200089 4722.5801948936105 -2734.9469372735502 -5148.843515275397
-363388.43445527257 -6068735.414561237 2674761.5141161084 4722.677524918152 -2727.411781068469 -5152.497440312819
-358665.7104880356 -6071459.057459806 2669607.1927449144 4722.769520595174 -2719.873495344398 -5156.144088998866
-353942.89719180966 -6074175.1605122015 2664449.228364967 4722.856183090853 -2712.332090445691 -5159.78345711882
-349219.9998991904 -6076883.720604422 2659287.6282589333 4722.937513577817 -2704.7875767186447 -5163.415540469963
-344497.0239415975 -6079584.7346328115 2654122.39971368 4723.013513235139 -2697.239964511486 -5167.040334861586
-339773.9746492684 -6082278.199504067 2648953.5500202565 4723.084183248326 -2689.689264174352 -5170.657836114984
-335050.8573512518 -6084964.112135234 2643781.0864738855 4723.149524809404 -2682.135486059319 -5174.268040063549
-330327.6773754009 -6087642.469453712 2638605.0163739496 4723.209539117261 -2674.5786405205895 -5177.870942553162
-325604.4400483666 -6090313.268397254 2633425.3470239793 4723.2642273777865 -2667.018737914551 -5181.466539442355
-320881.15069559036 -6092976.505913971 2628242.085731641 4723.313590803879 -2659.455788599761 -5185.054826602323
-316157.8146412973 -6095632.178962337 2623055.239808723 4723.357630615437 -2651.889802936928 -5188.635799916929
-311434.437208489 -6098280.284511183 2617864.816571123 4723.396348039351 -2644.320791288888 -5192.209455282704
-306711.0237189368 -6100920.819539707 2612670.8233388374 4723.429744309501 -2636.7487640205854 -5195.775788608854
-301987.5794931746 -6103553.781037472 2607473.2674359446 4723.457820666622 -2629.1737314989828 -5199.334795817121
-297264.10985049244 -6106179.166004409 2602272.1561905975 4723.4805783579395 -2621.595704092838 -5202.886472841392
-292540.6201089298 -6108796.971450819 2597067.4969350076 4723.4980186370585 -2614.0146921726305 -5206.430815627582
-287817.11558526935 -6111407.194397373 2591859.2970054355 4723.510142763953 -2606.4307061105396 -5209.967820133635
-283093.60159503075 -6114009.831875117 2586647.5637421776 4723.516952004958 -2598.8437562804306 -5213.49748232952
-278370.0834524641 -6116604.880925469 2581432.304489553 4723.518447632763 -2591.2538530578317 -5217.01979819723
-273646.5664705435 -6119192.338600228 2576213.5265958942 4723.514630926408 -2583.661006819924 -5220.534763730789
-268923.0559609611 -6121772.201961564 2570991.2374135335 4723.505503171447 -2576.0652279456112 -5224.04237493644
-264199.5572341197 -6124344.468082033 2565765.444298791 4723.491065660233 -2568.466526815665 -5227.542627832967
-259476.07559912658 -6126909.134044571 2560536.15461196 4723.471319691972 -2560.8649138127334 -5231.035518451764
-254752.6163637863 -6129466.196942495 2555303.3757172986 4723.44626657271 -2553.260399321324 -5234.521042836834
-250029.1848345941 -6132015.653879511 2550067.1149830124 4723.415907615339 -2545.652993727779 -5237.9991970447945
-245305.78631672869 -6134557.501969712 2544827.379781245 4723.380244139583 -2538.0427074202607 -5241.469977144884
-240582.42611404578 -6137091.738337577 2539584.177488065 4723.339277471986 -2530.4295507887236 -5244.933379218952
-235859.10952907117 -6139618.360117979 2534337.5154834515 4723.293008945812 -2522.8135342248456 -5248.389399361358
-231135.84186299398 -6142137.364456181 2529087.4011512836 4723.241439900939 -2515.1946681219515 -5251.838033678859
-226412.6284156603 -6144648.748507842 2523833.8418793287 4723.184571683838 -2507.5729628749914 -5255.279278290599
-221689.47448556632 -6147152.509439016 2518576.8450592277 4723.1224056475685 -2499.9484288805206 -5258.713129328117
-216966.38536985192 -6149648.644426153 2513316.418086483 4723.054943151775 -2492.32107653668 -5262.139582935339
-212243.3663642941 -6152137.150656105 2508052.5683604483 4722.982185562677 -2484.6909162431766 -5265.558635268585
-207520.42276330036 -6154618.025326123 2502785.303284314 4722.904134253029 -2477.0579584012494 -5268.970282496536
-202797.55985990213 -6157091.265643859 2497514.630265096 4722.820790601941 -2469.4222134135553 -5272.374520800027
-198074.78294574874 -6159556.868827369 2492240.5567136244 4722.732155994756 -2461.7836916840947 -5275.771346371936
-193352.09731110107 -6162014.832105114 2486963.0900445282 4722.6382318230435 -2454.1424036181943 -5279.160755417173
-188629.5082448252 -6164465.152715961 2481682.2376762265 4722.539019484591 -2446.4983596224856 -5282.542744152683
-183907.0210343864 -6166907.827909185 2476398.0070309164 4722.434520383396 -2438.851570104891 -5285.91730880744
-179184.64096584285 -6169342.854944468 2471110.4055345585 4722.32473592966 -2431.2020454746053 -5289.284445622455
-174462.3733238393 -6171770.231091901 2465819.440616867 4722.209667539975 -2423.5497961421793 -5292.6441508509815
-169740.22339160062 -6174189.953631988 2460525.1197112966 4722.089316637827 -2415.8948325197616 -5295.996420759103
-165018.19645092453 -6176602.019855647 2455227.4502550294 4721.963684653744 -2408.237165021156 -5299.341251625892
-160296.29778217484 -6179006.42706421 2449926.4396889615 4721.832773025286 -2400.576804061801 -5302.678639743423
-155574.5326642742 -6181403.172569424 2444622.095457691 4721.696583197045 -2392.9137600587464 -5306.008581416773
-150852.9063746971 -6183792.253693453 2439314.4250095035 4721.55511662064 -2385.248043430634 -5309.3310729640325
-146131.42418946302 -6186173.6677688835 2434003.435796361 4721.408374754682 -2377.579664597663 -5312.64611071627
-141410.09138312947 -6188547.412138721 2428689.135273888 4721.25635906432 -2369.9086339813393 -5315.953691017037
-136688.91322878576 -6190913.4841563925 2423371.5309013594 4721.0990710206825 -2362.234962004182 -5319.253810221743
-131967.89499804712 -6193271.88118575 2418050.630141688 4720.936512100801 -2354.5586590896723 -5322.546464697577
-127247.04196104885 -6195622.600601067 2412726.4404614144 4720.768683787605 -2346.8797356622385 -5325.83165082351
-122526.35938644032 -6197965.639787044 2407398.9693306945 4720.595587569908 -2339.1982021472377 -5329.109364990285
-117805.85254137921 -6200300.996138807 2402068.224223287 4720.417224942403 -2331.5140689709406 -5332.379603600417
-113085.52669152549 -6202628.667061908 2396734.212616542 4720.23359740574 -2323.827346560559 -5335.64236306829
-108365.38710103536 -6204948.649972326 2391396.9419913897 4720.044706466973 -2316.1380453444535 -5338.897639820671
-103645.43903255461 -6207260.942296471 2386056.419832327 4719.850553639806 -2308.4461757522345 -5342.145430296985
-98925.68774721204 -6209565.541471182 2380712.6536274045 4719.651140444583 -2300.751748214747 -5345.38573094933
-94206.13850461275 -6211862.444943731 2375365.650868215 4719.446468408292 -2293.0547731640495 -5348.6185382424765
-89486.79656283156 -6214151.650171818 2370015.4190498805 4719.236539064556 -2285.355261033397 -5351.843848653873
-84767.66717840631 -6216433.154623583 2364661.9656710383 4719.021353953627 -2277.653222257219 -5355.061658673643
-80048.75560633134 -6218706.955777596 2359305.29823383 4718.800914622379 -2269.948667271102 -5358.271964804596
-75330.06710005074 -6220973.0511228675 2353945.4242438874 4718.575222624308 -2262.241606511766 -5361.4747635622225
-70611.60691145188 -6223231.438158841 2348582.351210321 4718.34427951952 -2254.532050417051 -5364.670051474702
-65893.38029085864 -6225482.114395402 2343216.0866457066 4718.108086874729 -2246.820009425892 -5367.8578250829005
-61175.392487024925 -6227725.077352874 2337846.6380660725 4717.866646263253 -2239.1054939783016 -5371.038080940378
-56457.648747128 -6229960.32456202 2332474.0129908877 4717.619959265002 -2231.38851451535 -5374.210815613386
-51740.15431676195 -6232187.853564045 2327098.218943048 4717.368027466416 -2223.6690814791173 -5377.3760256808055
-47022.91443993135 -6234407.6619106 2321719.263448864 4717.110852460024 -2215.9472053124687 -5380.533707733644
-42305.934359045335 -6236619.747163774 2316337.1540380516 4716.848435844123 -2208.2228964588903 -5383.683858374691
-37589.21931491186 -6238824.106896103 2310951.8982437146 4716.580779222751 -2200.4961653624646 -5386.826474218481
-32872.77454673199 -6241020.738690566 2305563.503602339 4716.307884205675 -2192.767022467855 -5389.961551891293
-28156.605292094166 -6243209.640140588 2300171.9776537763 4716.029752408384 -2185.03547822029 -5393.08908803115
-23440.716786968478 -6245390.808850038 2294777.3279412375 4715.746385452094 -2177.3015430655487 -5396.209079287817
-18725.114265700842 -6247564.242433232 2289379.562011275 4715.457784964029 -2169.5652274500894 -5399.3215223231555
-14009.802961006639 -6249729.938514934 2283978.687413774 4715.163952578127 -2161.826541821348 -5402.426413811909
-9294.788103963874 -6251887.894730353 2278574.711701938 4714.864889935183 -2154.085496627796 -5405.5237504419
-4580.074924006338 -6254038.10872515 2273167.6424322766 4714.560598682853 -2146.3421023189167 -5408.613528914033
134.33135108326996 -6256180.578155436 2267757.487164592 4714.251080475651 -2138.596369345187 -5411.695745942299
4848.425495180189 -6258315.300687769 2262344.2534619644 4713.936336974937 -2130.8483081580553 -5414.7703982537805
9562.202283824425 -6260442.273999164 2256927.9488907433 4713.616369848853 -2123.0979292098873 -5417.837482588578
14275.656494227314 -6262561.495777085 2251508.5810205294 4713.2911807718 -2115.3452429537206 -5420.896995699224
18988.782905277545 -6264672.963719452 2246086.157424165 4712.960771424071 -2107.590259843077 -5423.948934350267
23701.576297547024 -6266776.675534638 2240660.6856777235 4712.625143491816 -2099.8329903319386 -5426.993295318239
28414.031453296742 -6268872.628941468 2235232.173360494 4712.284298667033 -2092.07344487473 -5430.030075391649
33126.143156482605 -6270960.821669225 2229800.628054972 4711.938238647564 -2084.3116339263015 -5433.059271370988
37837.90619276128 -6273041.251457643 2224366.057346846 4711.586965137085 -2076.547567941916 -5436.080880068727
42549.31534949606 -6275113.916056915 2218928.4688249873 4711.230479845245 -2068.781257377291 -5439.094898309472
47260.36541576301 -6277178.81322769 2213487.870081434 4710.868784487927 -2061.012712688704 -5442.10132293029
51971.051182357216 -6279235.94074107 2208044.2687113835 4710.501880787301 -2053.241944333002 -5445.100150780764
56681.36744179906 -6281285.296378619 2202597.6723131756 4710.129770471821 -2045.468962767576 -5448.091378723004
61391.30898834054 -6283326.877932355 2197148.088488282 4709.752455276213 -2037.6937784503486 -5451.075003631639
66100.87061797151 -6285360.683204755 2191695.524841295 4709.3699369414735 -2029.916401839753 -5454.0510223938245
70810.04712842593 -6287386.710008756 2186239.9889799105 4708.982217214837 -2022.1368433947043 -5457.019431909213
75518.83331918808 -6289404.956167752 2180781.4885149216 4708.5892978496695 -2014.3551135745377 -5459.980229089839
80227.22399149864 -6291415.419515599 2175320.031060201 4708.191180605399 -2006.5712228389646 -5462.933410860043
84935.21394836075 -6293418.09789661 2169855.624232693 4707.787867247505 -1998.7851816480536 -5465.878974156473
89642.79799454602 -6295412.989165562 2164388.2756523974 4707.379359547518 -1990.997000462212 -5468.816915928082
94349.97093660069 -6297400.091187689 2158917.992942359 4706.965659283003 -1983.2066897421696 -5471.747233136122
99056.72758285148 -6299379.401838688 2153444.7837286554 4706.546768237562 -1975.414259948962 -5474.6699227541585
103763.0627434118 -6301350.919004716 2147968.6556403856 4706.12268820093 -1967.6197215439563 -5477.584981768181
108468.971230188 -6303314.640582392 2142489.6163096544 4705.693420969105 -1959.8230849888907 -5480.492407176766
113174.44785688545 -6305270.564478797 2137007.6733715637 4705.25896834436 -1952.0243607458629 -5483.3921959910995
117879.487439015 -6307218.688611476 2131522.8344641957 4704.819332135234 -1944.2235592773097 -5486.284345234973
122584.08479389914 -6309159.010908431 2126035.107228605 4704.374514156527 -1936.42069104599 -5489.168851944791
127288.23474067828 -6311091.529308135 2120544.4993088013 4703.924516229294 -1928.615766514965 -5492.045713169563
131991.93210031703 -6313016.241759515 2115051.01835174 4703.469340180817 -1920.8087961475699 -5494.914925970888
136695.1716956104 -6314933.146221971 2109554.6720073093 4703.00898784454 -1912.9997904073716 -5497.776487422878
141397.94835118979 -6316842.240665359 2104055.4679283155 4702.543461060036 -1905.1887597581415 -5500.630394612135
146100.25689352938 -6318743.523070006 2098553.413770473 4702.0727616730055 -1897.3757146638368 -5503.476644637753
150802.092150952 -6320636.991426694 2093048.517192391 4701.596891535268 -1889.5606655885817 -5506.315234611316
155503.4489536354 -6322522.643736677 2087540.78585556 4701.115852504754 -1881.7436229966497 -5509.146161656895
160204.3221336183 -6324400.4780116705 2082030.2274243415 4700.62964644545 -1873.9245973524255 -5511.969422910997
164904.70652480633 -6326270.492273854 2076516.8495659528 4700.13827522705 -1866.1035991202505 -5514.7850155221595
169604.59696297752 -6328132.6845558705 2071000.6599504582 4699.641740724709 -1858.2806387643122 -5517.592936650662
174303.98828578775 -6329987.05290083 2065481.6662507555 4699.14004481902 -1850.4557267486236 -5520.393183468513
179002.87533277622 -6331833.595362304 2059959.876142564 4698.633189395999 -1842.6288735370076 -5523.185753159444
183701.25294537088 -6333672.310004327 2054435.2973044142 4698.1211763470865 -1834.8000895930809 -5525.970642918899
188399.11596689382 -6335503.194901401 2048907.9374176348 4697.6040075691535 -1826.9693853802512 -5528.74784995406
193096.45924256684 -6337326.248138486 2043377.8041663414 4697.081684964918 -1819.1367713618629 -5531.517371484345
197793.2776195177 -6339141.46781101 2037844.9052374237 4696.554210443529 -1811.3022580014097 -5534.279204742092
202489.5659467865 -6340948.8520248635 2032309.248320533 4696.021585920638 -1803.4658557625442 -5537.033346972659
207185.31907533226 -6342748.398896399 2026770.8411080681 4695.483813318393 -1795.6275751090582 -5539.7797954344305
211880.53185803944 -6344540.106552433 2021229.6912951637 4694.940894565436 -1787.7874265048617 -5542.518547398813
216575.19914972433 -6346323.973130248 2015685.8065796753 4694.392831596893 -1779.9454204139613 -5545.2496001502395
221269.3158071416 -6348099.996777588 2010139.1946621686 4693.839626354225 -1772.1015673003847 -5547.972950985997
225962.87668899028 -6349868.175652662 2004589.8632459056 4693.281280784831 -1764.255877628015 -5550.688597215773
230655.8766559198 -6351628.507924144 1999037.820036832 4692.717796841942 -1756.4083618605323 -5553.396536161527
235348.3105705357 -6353380.991771171 1993483.0727435658 4692.149176484597 -1748.559030461397 -5556.0967651574865
240040.17329740548 -6355125.625383344 1987925.6290773847 4691.575421677654 -1740.70789389383 -5558.789281550142
244731.4597030644 -6356862.406960724 1982365.4967522137 4690.996534391766 -1732.8549626207982 -5561.474082698248
249422.16465602128 -6358591.334713837 1976802.6834846132 4690.412516603362 -1725.000247104988 -5564.1511659727985
254112.28302676408 -6360312.406863674 1971237.1969937652 4689.823370294545 -1717.1437578087541 -5566.820528756907
258801.80968776587 -6362025.621641683 1965669.0450014644 4689.229097453029 -1709.2855051940844 -5569.482168445748
263490.73951349006 -6363730.977289776 1960098.2352321032 4688.629700072131 -1701.4254997225828 -5572.136082446554
268179.06738039636 -6365428.472060328 1954524.775412661 4688.025180150764 -1693.5637518554538 -5574.782268178603
272866.78816694603 -6367118.104216176 1948948.673272692 4687.41553969343 -1685.7002720534856 -5577.420723073226
277553.8967536077 -6368799.872030611 1943369.9365443126 4686.800780710238 -1677.835070777043 -5580.051444573833
282240.38802286296 -6370473.773787391 1937788.5729621905 4686.180905217144 -1669.9681584861423 -5582.674430136203
286926.2568592124 -6372139.8077807315 1932204.5902635304 4685.555915236161 -1662.099545640508 -5585.289677228745
291611.4981491817 -6373797.972315306 1926617.9961880627 4684.925812795369 -1654.2292426995607 -5587.897183332511
296296.1067813277 -6375448.265706251 1921028.7984780304 4684.290599928905 -1646.3572601223977 -5590.4969459412
300980.07764624414 -6377090.686279159 1915437.0048781766 4683.650278676957 -1638.4836083677749 -5593.0889625611535
305663.40563656826 -6378725.23237008 1909842.6231357316 4683.004851085754 -1630.6082978940847 -5595.673230711353
310346.08564698644 -6380351.902325526 1904245.6610004003 4682.354319207471 -1622.731339159309 -5598.249747923318
315028.11257424 -6381970.6945024645 1898646.12622435 4681.69868510011 -1614.8527426209594 -5600.8185117409585
319709.4813171313 -6383581.6072683185 1893044.0265621978 4681.037950827472 -1606.972518736054 -5603.379519720565
324390.1867765294 -6385184.639000973 1887439.3697709988 4680.37211845915 -1599.0906779611014 -5605.9327694307985
329070.2238553759 -6386779.788088763 1881832.1636102328 4679.701190070527 -1591.2072307520807 -5608.478258452692
333749.5874586905 -6388367.052930484 1876222.415841792 4679.02516774276 -1583.3221875644247 -5611.015984379643
338428.27249357704 -6389946.431935383 1870610.1342299702 4678.344053562639 -1575.4355588529568 -5613.545944817256
343106.27386922884 -6391517.923523166 1864995.3265414485 4677.65784962232 -1567.547355071785 -5616.06813738302
347783.5864969339 -6393081.526123988 1859378.0005452852 4676.966558019256 -1559.657586674268 -5618.582559706236
352460.20529008046 -6394637.238178461 1853758.1640129033 4676.270180856187 -1551.7662641129998 -5621.089209428009
357136.125164162 -6396185.058137644 1848135.8247180793 4675.568720241134 -1543.8733978397947 -5623.5880842012475
361811.34103678295 -6397724.984463054 1842510.9904369295 4674.862178287392 -1535.9789983056733 -5626.079181690659
366485.84782766335 -6399257.015626651 1836883.6689479009 4674.150557113772 -1528.0830759609296 -5628.562499573053
371159.6404586453 -6400781.150110854 1831253.8680317563 4673.433858845335 -1520.1856412553564 -5631.03803553822
375832.7138536993 -6402297.3864085255 1825621.5954715626 4672.71208561361 -1512.286704638299 -5633.505787289214
380505.06293893047 -6403805.723022978 1819986.8590526772 4671.985239556596 -1504.3862765586343 -5635.965752542359
385176.68264258525 -6405306.158467972 1814349.6665627344 4671.253322818756 -1496.4843674647507 -5638.417929027251
389847.5678950578 -6406798.691267719 1808710.0257916315 4670.516337551009 -1488.5809878045234 -5640.86231448676
394517.71362889616 -6408283.3199568745 1803067.9445315176 4669.774285910449 -1480.6761480252057 -5643.29890667669
399187.1147788082 -6409760.043080544 1797423.4305767794 4669.027170059196 -1472.769858573051 -5645.727703364415
403855.76628166623 -6411228.859194278 1791776.4917240303 4668.274992163906 -1464.8621298931425 -5648.148702328281
408523.66307651147 -6412689.76686407 1786127.1357721013 4667.517754395753 -1456.9529724293816 -5650.5619013575815
413190.80010455847 -6414142.764666357 1780475.3705220271 4666.755458930406 -1449.0423966244753 -5652.967298252548
417857.1723091997 -6415587.85118802 1774821.2037770376 4665.988107948029 -1441.1304129199254 -5655.364890824345
422522.7746360102 -6417025.025026378 1769164.6433425457 4665.215703633494 -1433.2170317560876 -5657.754676895326
427187.6020327526 -6418454.2847891925 1763505.697026136 4664.438248177586 -1425.3022635725333 -5660.136654300517
431851.6494493838 -6419875.629094663 1757844.3726375508 4663.655743777678 -1417.3861188082365 -5662.510820888427
436514.91183806106 -6421289.056571429 1752180.6779886778 4662.868192637751 -1409.4686079015596 -5664.877174521088
441177.3841531492 -6422694.565858565 1746514.6208935352 4662.0755969683905 -1401.5497412902303 -5667.235713074057
445839.06135122676 -6424092.155605586 1740846.2091682598 4661.277958986777 -1393.6295294113183 -5669.586434436419
450499.9383910929 -6425481.824472443 1735175.450631092 4660.475280916568 -1385.7079827011794 -5671.929336510654
455160.0102337732 -6426863.571129523 1729502.3531023634 4659.667564987099 -1377.7851115951964 -5674.26441721167
459819.2718425252 -6428237.394257647 1723826.9244044847 4658.854813432835 -1369.8609265276027 -5676.591674466139
464477.71818284347 -6429603.292548069 1718149.1723619343 4658.037028493338 -1361.9354379314595 -5678.911106212467
469135.3442224647 -6430961.2647024775 1712469.1048012464 4657.214212413251 -1354.0086562386407 -5681.222710400781
473792.1449313728 -6432311.309432992 1706786.7295509987 4656.386367442293 -1346.0805918798185 -5683.526484992924
478448.1152818037 -6433653.425462158 1701102.054441802 4655.553495835264 -1338.1512552844538 -5685.822427962471
483103.2502482511 -6434987.611522958 1695415.0873062867 4654.715599852162 -1330.2206568808174 -5688.110537294872
487757.5448074709 -6436313.866358794 1689725.8359790924 4653.872681758275 -1322.2888070960032 -5690.390810987576
492410.9939384874 -6437632.188723499 1684034.3082968553 4653.024743824177 -1314.355716355914 -5692.663247050026
497063.59262259764 -6438942.577381329 1678340.5120981957 4652.1717883257215 -1306.4213950852466 -5694.92784350366
501715.3358433775 -6440245.031106967 1672644.4552237066 4651.313817544033 -1298.4858537074754 -5697.1845983819085
506366.21858668653 -6441539.548685516 1666946.1455159418 4650.450833765522 -1290.5491026448449 -5699.433509730216
511016.2358406733 -6442826.128912503 1661245.5908194035 4649.58283928213 -1282.6111523184209 -5701.674575606347
515665.3825957814 -6444104.770593872 1655542.79898053 4648.709836391538 -1274.6720131481356 -5703.907794080647
520313.65384475485 -6445375.472545991 1649837.777847682 4647.831827397175 -1266.7316955527722 -5706.133163236068
524961.044582644 -6446638.233595642 1644130.5352711324 4646.948814608214 -1258.7902099499472 -5708.350681168161
529607.5498068113 -6447893.052580027 1638421.0791030512 4646.060800339564 -1250.8475667560913 -5710.560345985079
534253.1645169365 -6449139.928346762 1632709.4171974943 4645.167786911836 -1242.903776386425 -5712.762155807543
538897.8837150236 -6450378.859753879 1626995.5574103903 4644.269776651101 -1234.9588492548764 -5714.956108768549
543541.7024054046 -6451609.845669823 1621279.5075995296 4643.366771888651 -1227.0127957740026 -5717.142203013078
548184.6155947457 -6452832.884973448 1615561.2756245509 4642.458774960972 -1219.0656263549704 -5719.320436698076
552826.618292052 -6454047.976554023 1609840.8693469304 4641.545788209736 -1211.1173514075394 -5721.4908079924435
557467.7055086727 -6455255.119311224 1604118.2966299695 4640.627813981794 -1203.1679813400485 -5723.653315077035
562107.8722583071 -6456454.312155133 1598393.5653387823 4639.7048546291935 -1195.2175265594055 -5725.807956144687
566747.1135570086 -6457645.554006241 1592666.6833402845 4638.776912509472 -1187.26599747115 -5727.954729400581
571385.4244231911 -6458828.843795441 1586937.6585031797 4637.843989985927 -1179.3134044795079 -5730.093633062594
576022.7998776351 -6460004.180464033 1581206.4986979475 4636.906089427644 -1171.3597579873783 -5732.224665361331
580659.2349434928 -6461171.562963716 1575473.2117968309 4635.963213209483 -1163.4050683963155 -5734.347824540119
585294.7246462941 -6462330.990256592 1569737.8056738223 4635.015363712073 -1155.4493461065088 -5736.463108855009
589929.2640139523 -6463482.4613151625 1564000.2882046527 4634.062543321751 -1147.4926015167512 -5738.570516574707
594562.8480767702 -6464625.975122326 1558260.667266778 4633.104754430023 -1139.534845024288 -5740.67004597991
599195.4718674438 -6465761.530671377 1552518.9507393674 4632.141999433051 -1131.5760870246777 -5742.761695362684
603827.1304210679 -6466889.126966004 1546775.1465032925 4631.174280731601 -1123.6163379117702 -5744.845463026398
608457.8187751404 -6468008.763020293 1541029.2624411162 4630.201600731038 -1115.6556080776932 -5746.921347285719
613087.5319695667 -6469120.437858717 1535281.306437081 4629.2239618413105 -1107.6939079128415 -5748.9893464666075
617716.2650466645 -6470224.150516138 1529531.2863770972 4628.2413664771 -1099.7312478058996 -5751.0494589064965
622344.0130511693 -6471319.90003781 1523779.2101487317 4627.253817059205 -1091.7676381441604 -5753.101682956022
626970.7710302399 -6472407.685479371 1518025.0856411948 4626.261316013265 -1083.8030893132059 -5755.146016977445
631596.5340334633 -6473487.505906843 1512268.9207453285 4625.263865770432 -1075.83761169705 -5757.182459345488
636221.2971128606 -6474559.360396632 1506510.7233535931 4624.26146876756 -1067.8712156781676 -5759.21100844758
640845.0553228924 -6475623.248035525 1500750.5013600558 4623.254127447191 -1059.9039116374738 -5761.231662683854
645467.8037204649 -6476679.167920692 1494988.2626603767 4622.241844257512 -1051.9357099542958 -5763.244420467079
650089.5373649352 -6477727.11915968 1489224.0151517978 4621.224621651975 -1043.9666210062724 -5765.249280222224
654710.2513181161 -6478767.100870409 1483457.7667331295 4620.202462089019 -1035.9966551692721 -5767.24624038609
659329.9406442817 -6479799.11218118 1477689.52530474 4619.175368032035 -1028.0258228173761 -5769.235299407286
663948.6004101714 -6480823.152230664 1471919.2987685427 4618.143341949362 -1020.0541343228628 -5771.216455746224
668566.225684996 -6481839.220167902 1466147.0950279844 4617.106386314273 -1012.0816000561925 -5773.189707875113
673182.8115404416 -6482847.315152309 1460372.9219880346 4616.06450360503 -1004.108230386007 -5775.155054278027
677798.3530506756 -6483847.436353662 1454596.7875551719 4615.017696305278 -996.1340356792001 -5777.112493451402
682412.8452923516 -6484839.582952109 1448818.6996373723 4613.9659669042985 -988.1590263009582 -5779.0620239043665
687026.2833446151 -6485823.754138161 1443038.6661440965 4612.909317897021 -980.1832126147449 -5781.00364415876
691638.66228911 -6486799.949112691 1437256.6949862768 4611.847751784012 -972.2066049822812 -5782.937352749132
696249.977209983 -6487768.167086931 1431472.7940763046 4610.781271071478 -964.2292137635266 -5784.863148222734
700860.2231938902 -6488728.407282474 1425686.9713280175 4609.709878271107 -956.2510493166308 -5786.781029139352
705469.3953300013 -6489680.668931274 1419899.234656688 4608.633575899315 -948.2721219977605 -5788.690994070351
710077.4887100051 -6490624.951275631 1414109.5919790114 4607.552366476815 -940.2924421609996 -5790.593041598153
714684.498428113 -6491561.253568207 1408318.0512130952 4606.466252528599 -932.3120201583355 -5792.4871703162
719290.4195810632 -6492489.57507201 1402524.6202784479 4605.37523658392 -924.3308663396473 -5794.373378828946
723895.2472681261 -6493409.915060397 1396729.3070959677 4604.279321176288 -916.3489910526962 -5796.251665751856
728498.9765911072 -6494322.272817074 1390932.1195879322 4603.178508843711 -908.3664046431633 -5798.122029711702
733101.6026543528 -6495226.647636091 1385133.065677986 4602.072802129702 -900.3831174548396 -5799.984469347856
737703.1205647558 -6496123.038821839 1379332.1532911272 4600.962203583739 -892.399139829696 -5801.838983312857
742303.5254317612 -6497011.445689051 1373529.3903536957 4599.846715761265 -884.4144821078635 -5803.685570272427
746902.8123673729 -6497891.8675628025 1367724.7847933585 4598.726341223677 -876.4291546276124 -5805.524228905469
751500.976486159 -6498764.303778499 1361918.3445390968 4597.601082538321 -868.4431677253293 -5807.354957904063
756098.0129052576 -6499628.75368189 1356110.077521194 4596.470942278129 -860.4565317354297 -5809.177755973022
760693.9167443825 -6500485.216629052 1350299.9916712225 4595.335923020502 -852.4692569901315 -5810.99262182848
765288.6831258264 -6501333.691986394 1344488.094922033 4594.196027346936 -844.4813538193748 -5812.799554197428
769882.307174466 -6502174.179130658 1338674.395207744 4593.051257843003 -836.4928325508113 -5814.598551817694
774474.7840177652 -6503006.677448906 1332858.9004637313 4591.901617098344 -828.5037035097932 -5816.389613437931
779066.10878578 -6503831.186338527 1327041.6186266153 4590.747107706669 -820.5139770193671 -5818.172737817626
783656.2766111621 -6504647.705207234 1321222.5576342526 4589.587732266216 -812.523663400346 -5819.947923727681
788245.2826291639 -6505456.233473057 1315401.7254257223 4588.423493380803 -804.532772971484 -5821.7151699517535
792833.1219776451 -6506256.770564345 1309579.1299413128 4587.254393660072 -796.5413160495013 -5823.47447528658
797419.7897970773 -6507049.3159197625 1303754.7791225093 4586.080435719491 -788.5493029490635 -5825.225838541971
802005.2812305511 -6507833.868988288 1297928.680911981 4584.901622180341 -780.5567439827607 -5826.969258540816
806589.5914237808 -6508610.42922921 1292100.8432535678 4583.717955669689 -772.5636494610822 -5828.704734119054
811172.7155251105 -6509378.996112129 1286271.2740922673 4582.529438819872 -764.5700296923101 -5830.432264125021
815754.6486855194 -6510139.569116949 1280439.9813742223 4581.336074267669 -756.5758949823663 -5832.15184741841
820335.3860586252 -6510892.147733882 1274606.9730467112 4580.1378646541625 -748.5812556347779 -5833.863482870093
824914.9228006889 -6511636.731463441 1268772.2570581357 4578.934812624729 -740.5861219506648 -5835.56716936211
829493.254070619 -6512373.3198164385 1262935.8413580095 4577.726920829024 -732.5905042287293 -5837.262905787663
834070.3750299759 -6513101.912313985 1257097.7338969477 4576.514191921021 -724.5944127652506 -5838.950691051164
838646.2808429763 -6513822.508487486 1251257.9426266558 4575.296628559534 -716.5978578541572 -5840.630524068904
843220.9666764983 -6514535.107878641 1245416.475499916 4574.074233408799 -708.6008497871038 -5842.302403769804
847794.4277000872 -6515239.710039438 1239573.340470575 4572.847009138527 -700.6033988534618 -5843.96632909549
852366.6590859605 -6515936.314532155 1233728.5454935322 4571.6149584238965 -692.6055153403001 -5845.622299000289
856937.6560090136 -6516624.920929353 1227882.0985247262 4570.378083945549 -684.6072095323658 -5847.270312451226
861507.4136468255 -6517305.52881388 1222034.0075211218 4569.136388389474 -676.6084917120493 -5848.910368427897
866075.9271796633 -6517978.137778865 1216184.2804406984 4567.889874446241 -668.6093721592536 -5850.542465921478
870643.191790487 -6518642.747427713 1210332.9252424394 4566.638544810428 -660.6098611512988 -5852.166603934007
875209.2026649526 -6519299.357374107 1204479.94988632 4565.382402180579 -652.6099689629069 -5853.782781478326
879773.9549914172 -6519947.9672420025 1198625.3623332977 4564.1214492591935 -644.6097058661925 -5855.390997578076
884337.4439609422 -6520588.576665626 1192769.1705453007 4562.8556887527175 -636.6090821306531 -5856.991251267689
888899.6647672976 -6521221.185289473 1186911.3824852174 4561.585123371759 -628.6081080231899 -5858.5835415926595
893460.6126069659 -6521845.792768304 1181052.0061168848 4560.309755832058 -620.6067938082316 -5860.1678676107995
898020.282679149 -6522462.398767142 1175191.049405075 4559.029588854937 -612.6051497477793 -5861.7442283928285
902578.670185772 -6523071.002961271 1169328.5203154837 4557.744625167311 -604.6031861013876 -5863.312623022386
907135.7703314907 -6523671.605036236 1163464.426814716 4556.454867501679 -596.6009131261445 -5864.873050596031
911691.5783236952 -6524264.204687833 1157598.7768702745 4555.16031859611 -588.5983410766502 -5866.425510223236
916246.0893725172 -6524848.801622115 1151731.578450545 4553.8609811939505 -580.5954802049591 -5867.970001026013
920799.2986908334 -6525425.395555384 1145862.8395247865 4552.55685804304 -572.5923407604637 -5869.506522137903
925351.2014942708 -6525993.9862141935 1139992.5680631185 4551.247951895479 -564.5889329898534 -5871.035072703696
929901.7930012107 -6526554.573335338 1134120.7720365098 4549.934265507624 -556.5852671371023 -5872.5556518794165
934451.0684327927 -6527107.156665856 1128247.4594167676 4548.615801640075 -548.5813534434565 -5874.06825883232
938999.023012919 -6527651.735963024 1122372.6381765269 4547.292563057675 -540.5772021474246 -5875.572892740888
943545.6519682591 -6528188.310994361 1116496.3162892377 4545.964552529676 -532.5728234847853 -5877.069552795055
948090.9505282542 -6528716.881537615 1110618.5017291545 4544.63177283001 -524.5682276886071 -5878.55823819655
952634.9139251213 -6529237.447380771 1104739.2024713245 4543.294226737317 -516.5634249892378 -5880.038948158954
957177.5373938587 -6529750.008322035 1098858.4264915748 4541.951917034945 -508.5584256142903 -5881.511681907695
961718.8161722504 -6530254.564169847 1092976.1817665016 4540.604846510938 -500.5532397886271 -5882.976438680038
966258.7455008707 -6530751.114742869 1087092.4762734578 4539.25301795804 -492.5478777343467 -5884.4332177251035
970797.3206230891 -6531239.659869979 1081207.3179905405 4537.896434173829 -484.5423496707834 -5885.882018304038
975334.5367850752 -6531720.199390279 1075320.714896581 4536.535097960836 -476.5366658145048 -5887.322839690171
979870.3892358036 -6532192.733153082 1069432.6749711295 4535.169012126539 -468.5308363792959 -5888.75568116903
984404.8732270587 -6532657.261017915 1063543.206194446 4533.798179483369 -460.5248715761424 -5890.180542038331
988937.9840134397 -6533113.782854514 1057652.316547486 4532.422602848686 -452.5187816132135 -5891.597421607978
993469.716852366 -6533562.298542824 1051760.0140118897 4531.042285044712 -444.51257669583777 -5893.00631919996
998000.0670040812 -6534002.80797299 1045866.306569968 4529.657228898132 -436.50626702644996 -5894.407234147851
1002529.029731658 -6534435.31104536 1039971.202204694 4528.267437239894 -428.4998628045585 -5895.800165796551
1007056.6003010019 -6534859.807670481 1034074.7088996895 4526.8729129051935 -420.49337422673193 -5897.185113502268
1011582.7739808558 -6535276.297769093 1028176.8346392149 4525.4736587334655 -412.4868114865868 -5898.56207663251
1016107.5460428041 -6535684.78127213 1022277.5874081572 4524.069677568373 -404.4801847747757 -5899.931054566083
1020630.911761277 -6536085.258120715 1016376.9751920186 4522.660972257875 -396.4735042789808 -5901.2920466931755
1025152.8664135551 -6536477.728266154 1010475.0059769058 4521.2475456544125 -388.4667801839182 -5902.645052415605
1029673.4052797735 -6536862.191669943 1004571.6877495178 4519.82940061495 -380.4600226713284 -5903.990071146881
1034192.5236429266 -6537238.648303751 998667.0284971342 4518.406540000967 -372.4532419199615 -5905.3271023122
1038710.2167888725 -6537607.098149429 992761.0362076034 4516.978966678452 -364.4464481055634 -5906.656145348437
1043226.4800063374 -6537967.541199 986853.7188693311 4515.546683517905 -356.43965140086175 -5907.977199704157
1047741.3085869205 -6538319.977454657 980945.0844712687 4514.109693394476 -348.43286197556347 -5909.290264839802
1052254.6978250984 -6538664.406928766 975035.1410029009 4512.667999188168 -340.4260899963553 -5910.595340227959
1056766.6430182303 -6539000.829643853 969123.8964542339 4511.221603783857 -332.41934562688897 -5911.892425353396
1061277.139466563 -6539329.245632609 963211.3588157829 4509.770510071285 -324.41263902776444 -5913.1815197130545
1065786.1824732348 -6539649.654937884 957297.5360785602 4508.314720945048 -316.4059803565128 -5914.462622816047
1070293.7673442815 -6539962.057612682 951382.4362340629 4506.854239304532 -308.399379767575 -5915.735734183565
1074799.8893886404 -6540266.453720163 945466.067274261 4505.389068053421 -300.39284741225293 -5917.000853348254
1079304.543918154 -6540562.843333635 939548.4371915865 4503.919210099359 -292.3863934386745 -5918.257979853765
1083807.726247575 -6540851.22653655 933629.5539789218 4502.444668353917 -284.380027991781 -5919.50711325472
1088309.4316945695 -6541131.603422508 927709.4256295902 4500.965445732588 -276.3737612133165 -5920.748253116703
1092809.6555797213 -6541403.974095245 921788.0601373429 4499.48154515478 -268.36760324181745 -5921.981399016256
1097308.393226535 -6541668.338668639 915865.4654963496 4497.9929695440105 -260.36156421261325 -5923.206550541138
1101805.6399614413 -6541924.697266697 909941.649701186 4496.499721828584 -252.35565425785438 -5924.423707291231
1106301.3911138014 -6542173.050023557 904016.6207468216 4495.001804941829 -244.34988350650818 -5925.63286887884
1110795.6420159135 -6542413.3970834855 898090.3866286078 4493.499221822091 -236.3442620843411 -5926.8340349287055
1115288.3880030152 -6542645.738600875 892162.9553422646 4491.99197541273 -228.3388001139002 -5928.027205077998
1119779.6244132912 -6542870.074740237 886234.334883869 4490.48006866208 -220.3335077144934 -5929.2123789762745
1124269.346587876 -6543086.4056762 880304.5332498424 4488.963504522891 -212.32839500214465 -5930.389556284747
1128757.5498708594 -6543294.731593508 874373.5584369393 4487.442285951426 -204.32347208953797 -5931.558736675099
1133244.2296092878 -6543495.052687015 868441.4184422379 4485.916415907316 -196.31874908600292 -5932.719919829286
1137729.3811531705 -6543687.369161685 862508.1212631289 4484.385897353548 -188.31423609750732 -5933.8731054395275
1142212.9998554804 -6543871.681232583 856573.6748973062 4482.850733256455 -180.30994322665006 -5935.018293208297
1146695.0810721589 -6544047.989124878 850638.0873427556 4481.310926585855 -172.3058805726596 -5936.155482848508
1151175.6201621192 -6544216.293073834 844701.3665977442 4479.766480316188 -164.30205823142893 -5937.28467408502
1155654.6124872514 -6544376.59332481 838763.5206608077 4478.2173974273865 -156.29848629553115 -5938.405866655794
1160132.053412429 -6544528.890133257 832824.5575307377 4476.663680904915 -148.2951748541992 -5939.519060311964
1164607.9383055135 -6544673.183764711 826884.4852065676 4475.10533373977 -140.29213399330337 -5940.6242548178325
1169082.2625373597 -6544809.474494798 820943.3116875599 4473.54235892846 -132.2893737953288 -5941.7214499508655
1173555.021481822 -6544937.762609217 815001.0449731937 4471.974759472624 -124.28690433934219 -5942.810645501178
1178026.2105157585 -6545058.04840375 809057.6930631518 4470.4025383777525 -116.28473570093803 -5943.891841269857
1182495.8250190343 -6545170.33218425 803113.2639573109 4468.825698652751 -108.28287795221654 -5944.965037068371
1186963.860374525 -6545274.6142666405 797167.7656557314 4467.244243309922 -100.2813411617755 -5946.0302327185545
1191430.31196812 -6545370.894976914 791221.2061586463 4465.658175364947 -92.28013539470257 -5947.08742805259
1195895.1751887272 -6545459.1746511245 785273.5934664512 4464.0674978369125 -84.27927071256778 -5948.136622913033
1200358.4454282739 -6545539.453635386 779324.935579694 4462.472213748633 -76.27875717342197 -5949.177817153256
1204820.1180817133 -6545611.732285871 773375.2404990635 4460.872326127152 -68.27860483179457 -5950.211010638113
1209280.1885470275 -6545676.0109688 767424.5162253778 4459.267838003801 -60.27882373868123 -5951.236203244028
1213738.6522252322 -6545732.2900604475 761472.7707595727 4457.6587524142 -52.27942394152945 -5952.253394858993
1218195.5045203804 -6545780.569947131 755520.0121026905 4456.045072398237 -44.28041548422444 -5953.262585382552
1222650.7408395677 -6545820.85102521 749566.248255868 4454.426801000089 -36.28180840707515 -5954.263774725833
1227104.356592936 -6545853.133701084 743611.4872203248 4452.803941268337 -28.283612746800895 -5955.2569628117
1231556.3471936774 -6545877.418391188 737655.7369973523 4451.176496256039 -20.285838536516668 -5956.242149574863
1236006.7080580401 -6545893.705521984 731699.0055883009 4449.544469020721 -12.28849580571748 -5957.21933496187
1240455.4346053316 -6545901.995529967 725741.3009945684 4447.907862624377 -4.291594580262672 -5958.188518931106
1244902.5222579238 -6545902.288861654 719782.6312175882 4446.26668013345 3.704855117639775 -5959.149701452782
1249347.966441257 -6545894.58597358 713823.0042588182 4444.620924618712 11.700843269448635 -5960.102882508774
1253791.7625838448 -6545878.887332301 707862.4281197283 4442.970599154953 19.696359860303218 -5961.048062092209
1258233.9061172768 -6545855.193414383 701900.9108017902 4441.315706820892 27.69139487903562 -5961.985240207356
1262674.3924762239 -6545823.504706402 695938.4603064649 4439.6562506991695 35.68593831818279 -5962.914416869611
1267113.2170984412 -6545783.821704941 689975.0846351933 4437.992233876338 43.67998017399855 -5963.835592105497
1271550.3754247727 -6545736.144916582 684010.7917893837 4436.323659442861 51.67351044646569 -5964.7487659526605
1275985.8628991547 -6545680.474857908 678045.5897704015 4434.650530493192 59.66651913930911 -5965.653938459981
1280419.6749686198 -6545616.812055495 672079.4865795573 4432.972850125858 67.65899626000974 -5966.551109687695
1284851.8070833012 -6545545.157045908 666112.4902180958 4431.2906214434615 75.65093181981796 -5967.440279707392
1289282.2546964374 -6545465.510375704 660144.6086871846 4429.603847552671 83.64231583376682 -5968.321448602012
1293711.013264374 -6545377.872601416 654175.8499879023 4427.912531564214 91.63313832068543 -5969.194616465844
1298138.0782465714 -6545282.244289562 648206.2221212281 4426.216676592871 99.62338930321226 -5970.059783404516
1302563.445105605 -6545178.6260166345 642235.7330880295 4424.5162857575 107.61305880780903 -5970.916949535026
1306987.1093071727 -6545067.018369096 636264.3908890516 4422.811362181026 115.60213686477428 -5971.766114985755
1311409.0663200957 -6544947.421943377 630292.203524905 4421.101908990448 123.59061350825704 -5972.60727989645
1315829.3116163255 -6544819.837345872 624319.1789960553 4419.387929316817 131.57847877627015 -5973.440444418225
1320247.8406709463 -6544684.265192936 618345.3253028109 4417.669426295233 139.56572271070362 -5974.26560871355
1324664.6489621794 -6544540.706110881 612370.6504453126 4415.946403064826 147.5523353573378 -5975.082772956223
1329079.7319713873 -6544389.1607359685 606395.1624235213 4414.218862768713 155.53830676585542 -5975.891937331332
1333493.085183077 -6544229.629714412 600418.8692372072 4412.486808553994 163.52362698985485 -5976.693102035238
1337904.7040849058 -6544062.113702365 594441.7788859388 4410.75024357174 171.50828608686294 -5977.486267275573
1342314.5841676828 -6543886.613365927 588463.8993690712 4409.009170976983 179.4922741183481 -5978.271433271228
1346722.720925375 -6543703.129381129 582485.2386857349 4407.263593928707 187.475581149733 -5979.04860025234
1351129.1098551098 -6543511.662433937 576505.8048348248 4405.513515589792 195.45819725040548 -5979.81776846023
1355533.7464571798 -6543312.213220246 570525.6058149885 4403.758939126981 203.44011249373025 -5980.5789381473505
1359936.626235046 -6543104.782445876 564544.649624616 4401.999867710871 211.42131695706087 -5981.3321095772835
1364337.7446953417 -6542889.370826565 558562.9442618283 4400.236304515899 219.40180072175215 -5982.077283024732
1368737.0973478772 -6542665.97908797 552580.4977244658 4398.468252720348 227.38155387317272 -5982.814458775511
1373134.6797056426 -6542434.60796566 546597.3180100775 4396.695715506361 235.36056650071905 -5983.543637126598
1377530.4872848121 -6542195.258205113 540613.41311591 4394.918696060031 243.33882869783284 -5984.264818386234
1381924.5156047484 -6541947.930561709 534628.7910388961 4393.137197571404 251.31633056201522 -5984.978002873952
1386316.7601880056 -6541692.625800733 528643.459775643 4391.351223234478 259.29306219484016 -5985.683190920567
1390707.216560334 -6541429.344697363 522657.42732242175 4389.560776247192 267.26901370196737 -5986.380382868162
1395095.8802506838 -6541158.0880366685 516670.7016751556 4387.76585981141 275.2441751931556 -5987.069579070088
1399482.746791209 -6540878.856613611 510683.2908294089 4385.96647713288 283.2185367822731 -5987.750779890895
1403867.8117172716 -6540591.651233032 504695.2027803759 4384.162631421183 291.1920885873081 -5988.423985706273
1408251.0705674447 -6540296.472709658 498706.4455228695 4382.354325889728 299.16482073038156 -5989.089196903053
1412632.5188835168 -6539993.321868084 492717.02705131023 4380.5415637557435 307.13672333775946 -5989.746413879188
1417012.1522104957 -6539682.199542783 486726.9553597152 4378.724348240269 315.10778653986534 -5990.395637043755
1421389.9660966117 -6539363.106578094 480736.2384416868 4376.902682568134 323.07800047129234 -5991.03686681693
1425765.9560933225 -6539036.043828218 474744.8842904017 4375.076569967933 331.04735527081385 -5991.670103629955
1430140.1177553155 -6538701.012157216 468752.9008985998 4373.246013672009 339.01584108139514 -5992.295347925112
1434512.446640513 -6538358.012439002 462760.2962585733 4371.411016916444 346.98344805020554 -5992.912600155724
1438882.9383100746 -6538007.045557344 456767.0783621555 4369.57158294105 354.95016632863053 -5993.521860786146
1443251.5883284025 -6537648.112405856 450773.2552007097 4367.727714989366 362.91598607228445 -5994.123130291759
1447618.3922631433 -6537281.213887991 444778.8347651184 4365.879416308711 370.8808974410274 -5994.716409159046
1451983.3456851935 -6536906.350917044 438783.825045772 4364.026690150236 378.8448905989829 -5995.301697885673
1456346.4441687025 -6536523.524416141 432788.23403255787 4362.169539768921 386.8079557145518 -5995.8789969804875
1460707.6832910767 -6536132.735318239 426792.0697148486 4360.307968423567 394.77008296042476 -5996.448306963507
1465067.0586329824 -6535733.984566118 420795.34008149133 4358.44197937679 402.7312625135956 -5997.009628365917
1469424.5657783516 -6535327.273112382 414798.05312079645 4356.571575894977 410.69148455537106 -5997.562961730017
1473780.200314384 -6534912.601919449 408800.2168205266 4354.696761248178 418.65073927137365 -5998.108307609072
1478133.957831551 -6534489.971959552 402801.83916788554 4352.8175387100555 426.6090168515496 -5998.645666567249
1482485.8339235994 -6534059.384214727 396802.9281495076 4350.933911557877 434.5663074901805 -5999.175039179609
1486835.8241875554 -6533620.83967682 390803.4917514465 4349.045883072507 442.5226013858949 -5999.6964260320965
1491183.924223728 -6533174.339347469 384803.5379591647 4347.1534565384 450.47788874168015 -6000.209827721542
1495530.129635712 -6532719.884238113 378803.07475752215 4345.256635243658 458.4321597649003 -6000.715244855734
1499874.4360303923 -6532257.475369978 372802.11013076565 4343.355422480089 466.3854046673158 -6001.212678053514
1504216.8390179477 -6531787.113774079 366800.6520625176 4341.449821543214 474.3376136650969 -6001.702127944776
1508557.334211854 -6531308.800491209 360798.7085357649 4339.539835732253 482.28877697883604 -6002.183595170465
1512895.9172288883 -6530822.53657194 354796.28753284813 4337.6254683501165 490.2388848335603 -6002.657080382564
1517232.5836891325 -6530328.323076618 348793.39703545027 4335.7067227033895 498.1879274587424 -6003.12258424407
1521567.3292159766 -6529826.161075354 342790.04502458585 4333.783602102269 506.13589508830734 -6003.5801074289175
1525900.149436123 -6529316.051648025 336786.23948059004 4331.85610986053 514.0827779606415 -6004.029650621939
1530231.0399795896 -6528797.9958842695 330781.9883831077 4329.924249295526 522.0285663186044 -6004.471214518857
1534559.9964797131 -6528271.994883477 324777.2997110825 4327.988023728175 529.9732504095407 -6004.904799826275
1538887.014573153 -6527738.049754789 318772.1814427461 4326.047436482954 537.9168204852921 -6005.330407261676
1543212.0898998955 -6527196.161617092 312766.64155560726 4324.102490887927 545.859266802213 -6005.748037553459
1547535.218103256 -6526646.331599017 306760.6880264409 4322.15319027478 553.8005796211887 -6006.157691440995
1551856.394829884 -6526088.5608389275 300754.3288312769 4320.199537978817 561.7407492076476 -6006.559369674623
1556175.6157297655 -6525522.8504849225 294747.5719453895 4318.241537338953 569.679765831574 -6006.953073015647
1560492.8764562279 -6524949.2016948275 288740.425343286 4316.2791916977085 577.61761976752 -6007.338802236324
1564808.1726659422 -6524367.615636191 282732.89699869615 4314.312504401173 585.5543012946151 -6007.7165581198315
1569121.500018928 -6523778.09348628 276724.994884561 4312.341478798917 593.489800696566 -6008.086341460131
1573432.8541785555 -6523180.636432077 270716.7269730223 4310.366118243941 601.4241082616634 -6008.448153061914
1577742.2308115503 -6522575.245670272 264708.10123541177 4308.386426092674 609.357214282792 -6008.801993740593
1582049.6255879954 -6521961.922407261 258699.12564224037 4306.402405704957 617.2891090574432 -6009.147864322293
1586355.0341813357 -6521340.66785914 252689.80816318752 4304.414060444047 625.2197828877247 -6009.485765643847
1590658.4522683811 -6520711.483251699 246680.1567670905 4302.421393676668 633.1492260803828 -6009.815698552882
1594959.87552931 -6520074.369820422 240670.1794219334 4300.424408773093 641.0774289468259 -6010.137663907929
1599259.2996476728 -6519429.328810476 234659.88409483645 4298.423109107143 649.0043818031376 -6010.451662578429
1603556.7203103958 -6518776.361476712 228649.2787520449 4296.417498056181 656.9300749700895 -6010.757695444724
1607852.133207784 -6518115.4690836575 222638.37135891826 4294.4075790011 664.8544987731535 -6011.055763398052
1612145.5340335248 -6517446.65290551 216627.16987991935 4292.393355326305 672.777643542511 -6011.345867340517
1616436.9184846925 -6516769.914226137 210615.68227860352 4290.3748304196515 680.6994996130574 -6011.628008185013
1620726.2822617504 -6516085.254339069 204603.91651760775 4288.352007672422 688.6200573244099 -6011.902186855185
1625013.6210685552 -6515392.674547493 198591.88055864008 4286.324890479305 696.5393070209199 -6012.16840428542
1629298.9306123594 -6514692.17616425 192579.58236246882 4284.293482238403 704.4572390516827 -6012.4266614208345
1633582.206603816 -6513983.760511828 186567.0298889117 4282.257786351211 712.3738437705499 -6012.676959217272
1637863.444756981 -6513267.428922361 180554.23109682536 4280.217806222597 720.2891115361384 -6012.9192986412745
1642142.6407893165 -6512543.18273762 174541.19394409453 4278.173545260787 728.2030327118392 -6013.153680670053
1646419.790421695 -6511811.023309012 168527.92638762132 4276.1250068773525 736.115597665828 -6013.380106291481
1650694.889378402 -6511070.951997572 162514.4363833148 4274.072194487196 744.0267967710762 -6013.598576504081
1654967.9333871396 -6510322.970173961 156500.73188608003 4272.01511150855 751.9366204053623 -6013.80909231702
1659238.9181790298 -6509567.079218457 150486.82084980764 4269.953761362985 759.8450589512852 -6014.01165475012
1663507.8394886178 -6508803.280520958 144472.71122736315 4267.888147475434 767.7521027962832 -6014.206264833913
1667774.693053876 -6508031.575480969 138458.41097057614 4265.8182732742225 775.6577423326495 -6014.39292360966
1672039.4746162056 -6507251.965507598 132443.9280302295 4263.744142191044 783.5619679575427 -6014.571632129345
1676302.179920442 -6506464.452019556 126429.27035604886 4261.66575766096 791.4647700729992 -6014.742391455662
1680562.8047148576 -6505669.036445152 120414.44589669177 4259.583123122385 799.3661390859436 -6014.905202662011
1684821.344751164 -6504865.720222282 114399.46259973707 4257.49624201706 807.2660654081958 -6015.060066832445
1689077.7957845172 -6504054.504798427 108384.32841167424 4255.405117790008 815.1645394564769 -6015.206985061629
1693332.153573519 -6503235.391630653 102369.05127789275 4253.309753889531 823.0615516524191 -6015.345958454827
1697584.4138802218 -6502408.382185599 96353.63914267159 4251.210153767199 830.9570924225774 -6015.47698812789
1701834.5724701309 -6501573.477939473 90338.0999491685 4249.106320877838 838.8511521984402 -6015.600075207251
1706082.6251122076 -6500730.680378055 84322.4416394096 4246.998258679534 846.7437214164415 -6015.7152208299285
1710328.5675788738 -6499879.99099668 78306.67215427864 4244.885970633641 854.6347905179751 -6015.822426143533
1714572.3956460136 -6499021.411300243 72290.79943350646 4242.769460204778 862.5243499494073 -6015.9216923062795
1718814.1050929779 -6498154.942803189 66274.83141566039 4240.648730860821 870.4123901620875 -6016.013020486968
1723053.6917025868 -6497280.587029508 60258.77603813369 4238.523786072895 878.2989016123596 -6016.096411864985
1727291.1512611336 -6496398.345512732 54242.64123713494 4236.394629315362 886.1838747615723 -6016.171867630284
1731526.4795583868 -6495508.21979593 48226.43494767749 4234.261264065793 894.0673000760843 -6016.239388983343
1735759.6723875948 -6494610.211431701 42210.165103568965 4232.123693804929 901.9491680272711 -6016.298977135124
1739990.7255454878 -6493704.321982171 36193.83963740081 4229.9819220166755 909.8294690915342 -6016.350633307063
1744219.6348322814 -6492790.553018986 30177.466480537772 4227.835952188096 917.7081937503123 -6016.394358731057
1748446.3960516804 -6491868.906123309 24161.053563107507 4225.685787809399 925.5853324900911 -6016.43015464946
1752671.005010881 -6490939.382885815 18144.608813990064 4223.531432373951 933.4608758024181 -6016.458022315094
1756893.4575205746 -6490001.984906682 12128.140160807421 4221.372889378302 941.3348141839208 -6016.477962991298
1761113.7493949505 -6489056.713795591 6111.655529912951 4219.210162322191 949.20713813632 -6016.489977951929
1765331.8764516993 -6488103.571171718 95.16284638092066 4217.043254708535 957.0778381664414 -6016.494068481358
1769547.8345120167 -6487142.558663729 -5921.329966004031 4214.872170043426 964.946904786225 -6016.4902358744575
1773761.6194006053 -6486173.677909777 -11937.814984757384 4212.696911836118 972.8143285127376 -6016.478481436599
1777973.2269456787 -6485196.930557493 -17954.28428870524 4210.517483599026 980.6800998681848 -6016.458806483652
1782182.652978965 -6484212.318263988 -23970.72995799482 4208.333888847736 988.5442093799236 -6016.431212341985
1786389.8933357089 -6483219.842695837 -29987.144074104963 4206.14613110098 996.4066475804724 -6016.395700348459
1790594.9438546759 -6482219.505529084 -36003.518719856605 4203.954213880643 1004.2674050075233 -6016.352271850417
1794797.800378154 -6481211.308449232 -42019.84597942327 4201.758140711744 1012.1264722039516 -6016.3009282056755
1798998.4587519588 -6480195.253151237 -48036.11793834151 4199.557915122395 1019.9838397178175 -6016.24167078246
1803196.914825435 -6479171.341339506 -54052.32668352125 4197.353540643714 1027.8394981023594 -6016.174500959288
1807393.1644514606 -6478139.574727889 -60068.46430325608 4195.14502080981 1035.6934379159984 -6016.099420124945
1811587.2034864486 -6477099.955039677 -66084.52288723347 4192.932359157766 1043.5456497223502 -6016.016429678468
1815779.0277903501 -6476052.484007591 -72100.49452654511 4190.715559227636 1051.3961240902327 -6015.925531029141
1819968.6332266585 -6474997.163373785 -78116.37131369705 4188.494624562454 1059.2448515936812 -6015.82672559651
1824156.0156624115 -6473933.994889833 -84132.14534262006 4186.269558708323 1067.0918228119835 -6015.720014810516
1828341.170968195 -6472862.980316728 -90147.80870868014 4184.040365214464 1074.937028329704 -6015.605400111565
1832524.0950181447 -6471784.121424878 -96163.35350868887 4181.807047633211 1082.7804587366952 -6015.482882950525
1836704.7836899506 -6470697.4199940935 -102178.77184091396 4179.569609520001 1090.6221046281098 -6015.352464788714
1840883.23286486 -6469602.877813593 -108194.05580508968 4177.328054433363 1098.4619566044096 -6015.214147097894
1845059.4384276797 -6468500.496681987 -114209.1975024272 4175.082385934863 1106.3000052713635 -6015.067931360183
1849233.3962667803 -6467390.278407282 -120224.18903562494 4172.832607589024 1114.1362412400395 -6014.913819067944
1853405.1022740975 -6466272.224806868 -126239.02250887881 4170.578722963299 1121.9706551268107 -6014.751811723763
1857574.5523451366 -6465146.337707516 -132253.69002789244 4168.320735628073 1129.803237553365 -6014.581910840438
1861741.7423789746 -6464012.618945372 -138268.18369988733 4166.058649156647 1137.633979146716 -6014.404117940965
1865906.668278263 -6462871.070365955 -144282.4956336131 4163.792467125245 1145.4628705392133 -6014.21843455855
1870069.3259492314 -6461721.693824148 -150296.61793935767 4161.522193113027 1153.289902368561 -6014.024862236633
1874229.7113016893 -6460564.491184192 -156310.5427289575 4159.247830702101 1161.1150652778315 -6013.823402528904
1878387.8202490304 -6459399.464319683 -162324.26211580788 4156.969383477512 1168.9383499154753 -6013.614056999287
1882543.648708235 -6458226.615113567 -168337.76821487318 4154.686855027231 1176.7597469353313 -6013.39682722194
1886697.1925998728 -6457045.945458132 -174351.05314269703 4152.400248942157 1184.5792469966366 -6013.171714781243
1890848.4478481056 -6455857.457255006 -180364.1090174125 4150.109568816119 1192.3968407640416 -6012.938721271813
1894997.4103806901 -6454661.152415146 -186376.9279587524 4147.814818245884 1200.212518907625 -6012.6978482985205
1899144.076128982 -6453457.032858839 -192389.50208805964 4145.516000831157 1208.0262721029055 -6012.449097476487
1903288.4410279382 -6452245.100515696 -198401.8235282973 4143.213120174568 1215.83809103085 -6012.192470431069
1907430.5010161188 -6451025.357324639 -204413.8844040589 4140.906179881666 1223.6479663778853 -6011.9279687978515
1911570.2520356919 -6449797.805233905 -210425.6768415787 4138.59518356089 1231.4558888359024 -6011.655594222619
1915707.6900324349 -6448562.446201033 -216437.19296874182 4136.280134823513 1239.2618491022502 -6011.375348361255
1919842.810955738 -6447319.282192864 -222448.42491509422 4133.961037283614 1247.0658378797398 -6011.087232879725
1923975.6107586066 -6446068.315185535 -228459.36481185292 4131.637894558067 1254.867845876655 -6010.791249454054
1928106.0853976652 -6444809.547164467 -234470.00479191603 4129.310710266539 1262.6678638067615 -6010.487399770325
1932234.2308331584 -6443542.98012437 -240480.33698987265 4126.979488031487 1270.4658823893171 -6010.1756855246795
1936360.0430289553 -6442268.616069229 -246490.35354201324 4124.644231478199 1278.2618923490984 -6009.856108423376
1940483.5179525511 -6440986.457012303 -252500.04658633942 4122.304944234831 1286.0558844164211 -6009.528670182851
1944604.6515750717 -6439696.504976115 -258509.40826257446 4119.961629932397 1293.8478493271534 -6009.193372529701
1948723.4398712742 -6438398.761992454 -264518.4307121733 4117.614292204762 1301.6377778227243 -6008.850217200685
1952839.8788195518 -6437093.23010236 -270527.10607833264 4115.262934688635 1309.4256606501333 -6008.499205942704
1956953.9644019352 -6435779.911356127 -276535.42650600115 4112.907561023529 1317.2114885619512 -6008.140340512756
1961065.6926040964 -6434458.8078132905 -282543.3841418895 4110.548174851696 1324.995252316312 -6007.773622677838
1965175.059415351 -6433129.921542627 -288550.97113448055 4108.184779818112 1332.7769426769173 -6007.399054214925
1969282.0608286608 -6431793.254622146 -294558.1796340388 4105.817379570461 1340.5565504130464 -6007.016636910955
1973386.692840637 -6430448.809139084 -300565.0017926208 4103.4459777591355 1348.3340662995647 -6006.626372562823
1977488.9514515419 -6429096.587189903 -306571.42976408504 4101.070578037234 1356.1094811169366 -6006.228262977389
1981588.832665293 -6427736.5908802785 -312577.45570410177 4098.6911840606 1363.8827856512503 -6005.822309971532
1985686.3324894642 -6426368.822325097 -318583.0717701633 4096.307799487849 1371.6539706942367 -6005.408515372191
1989781.44693529 -6424993.283648454 -324588.2701215937 4093.9204279803503 1379.423027043279 -6004.986881016343
1993874.1720176677 -6423609.97698364 -330593.0429195592 4091.5290732022286 1387.1899455014232 -6004.5574087510095
1997964.5037551594 -6422218.9044731455 -336597.38232707797 4089.1337388203497 1394.9547168773854 -6004.120100433234
2002052.4381699967 -6420820.068268642 -342601.2805090303 4086.734428504299 1402.7173319855585 -6003.674957930054
2006137.9712880808 -6419413.4705309905 -348604.72963216837 4084.3311459263537 1410.4777816460132 -6003.221983118463
2010221.099138987 -6417999.113430224 -354607.72186512646 4081.923894761471 1418.2360566845073 -6002.761177885399
2014301.8177559674 -6416576.999145552 -360610.2493784307 4079.512678687282 1425.9921479324942 -6002.29254412773
2018380.1231759521 -6415147.129865344 -366612.30434450903 4077.0975013840834 1433.7460462271326 -6001.81608375225
2022456.0114395535 -6413709.5077871345 -372613.8789377011 4074.6783665348225 1441.4977424112933 -6001.331798675656
2026529.478591068 -6412264.135117608 -378614.96533426846 4072.2552778250706 1449.2472273335609 -6000.839690824511
2030600.5206784795 -6410811.014072603 -384615.5557124038 4069.8282389430055 1456.9944918482408 -6000.339762135227
2034669.1337534604 -6409350.146877095 -390615.64225224126 4067.397253579407 1464.7395268153675 -5999.832014554049
2038735.3138713755 -6407881.535765199 -396615.2171358663 4064.962325427646 1472.4823231007138 -5999.316450037052
2042799.0570912848 -6406405.182980163 -402614.2725473251 4062.523458183683 1480.2228715758006 -5998.793070550132
2046860.359475945 -6404921.090774358 -408612.80067263485 4060.080655546093 1487.9611631179189 -5998.261878069051
2050919.2170918125 -6403429.261409277 -414610.79369979334 4057.6339212160906 1495.6971886101492 -5997.722874579472
2054975.6260090473 -6401929.697155526 -420608.24381878914 4055.183258897521 1503.430938941373 -5997.176062076954
2059029.5823015133 -6400422.400292818 -426605.14322161116 4052.7286722968565 1511.1624050062808 -5996.62144256694
2063081.082046783 -6398907.37310997 -432601.4841022587 4050.270165123185 1518.891577705382 -5996.059018064749
2067130.121326139 -6397384.617904895 -438597.2586567514 4047.8077410881906 1526.6184479450087 -5995.4887905955475
2071176.6962245768 -6395854.136984597 -444592.45908313885 4045.3414039061167 1534.343006637315 -5994.9107621942985
2075220.8028308076 -6394315.932665165 -450587.07758151065 4042.8711572937555 1542.0652447002826 -5994.324934905744
2079262.4372372606 -6392770.007271766 -456581.1063540058 4040.397004970435 1549.7851530577307 -5993.731310784394
2083301.5955400856 -6391216.363138642 -462574.53760482295 4037.918950658016 1557.502722639324 -5993.129891894515
2087338.273839155 -6389655.0026091 -468567.36354022974 4035.4369980808833 1565.2179443805824 -5992.520680310131
2091372.4682380678 -6388085.9280355135 -474559.57636857266 4032.951150965948 1572.9308092228923 -5991.903678115015
2095404.1748441507 -6386509.141779305 -480551.1683002871 4030.461413042641 1580.6413081135177 -5991.2788874026965
2099433.3897684603 -6384924.646210953 -486542.13154790655 4027.9677880429094 1588.3494320056095 -5990.646310276443
2103460.1091257883 -6383332.443709974 -492532.4583260728 4025.4702797012064 1596.0551718582126 -5990.005948849259
2107484.329034661 -6381732.536664927 -498522.1408515454 4022.9688917544836 1603.758518636277 -5989.357805243868
2111506.0456173415 -6380124.927473403 -504511.1713432116 4020.463627942181 1611.4594633106624 -5988.701881592709
2115525.2549998364 -6378509.618542016 -510499.542022096 4017.9544920062162 1619.1579968581495 -5988.038180037911
2119541.953311894 -6376886.612286403 -516487.24511137 4015.441487690976 1626.8541102614447 -5987.366702731291
2123556.1366870077 -6375255.911131213 -522474.2728363616 4012.9246187433087 1634.5477945091907 -5986.687451834345
2127567.8012624197 -6373617.517510106 -528460.6174245654 4010.4038889125172 1642.2390405959748 -5986.00042951823
2131576.9431791217 -6371971.433865742 -534446.2711056516 4007.8793019503514 1649.9278395223375 -5985.305637963763
2135583.5585818603 -6370317.662649779 -540431.2261114767 4005.3508616110003 1657.614182294782 -5984.603079361413
2139587.6436191364 -6368656.206322865 -546415.4746760917 4002.8185716510875 1665.298059925782 -5983.892755911286
2143589.1944432086 -6366987.0673546335 -552399.0090357531 4000.2824358296616 1672.979463433791 -5983.174669823124
2147588.2072100956 -6365310.248223696 -558381.8214289316 3997.742457908189 1680.65838384325 -5982.448823316287
2151584.6780795795 -6363625.751417636 -564363.9040963221 3995.198641650547 1688.3348121845977 -5981.715218619752
2155578.603215207 -6361933.579433003 -570345.2492808537 3992.650990823015 1696.0087394942768 -5980.973857972094
2159569.978784292 -6360233.73477531 -576325.8492276984 3990.099509194268 1703.680156814744 -5980.224743621486
2163558.8009579186 -6358526.219959022 -582305.6961842814 3987.544200535368 1711.3490551944767 -5979.467877825682
2167545.0659109433 -6356811.037507551 -588284.7824002902 3984.9850686197565 1719.0154256879837 -5978.70326285201
2171528.7698219973 -6355088.189953255 -594263.1001276848 3982.4221172232474 1726.6792593558114 -5977.930900977364
2175509.908873488 -6353357.679837426 -600240.6416207067 3979.8553501240194 1734.3405472645534 -5977.150794488193
2179488.479251604 -6351619.509710288 -606217.3991358882 3977.2847711026093 1741.999280486859 -5976.362945680493
2183464.4771463135 -6349873.682130988 -612193.3649320632 3974.710383941905 1749.6554501014423 -5975.567356859796
2187437.8987513697 -6348120.199667592 -618168.531270375 3972.132192427138 1757.3090471930884 -5974.764030341166
2191408.740264313 -6346359.064897078 -624142.8904142875 3969.5502003458746 1764.9600628526634 -5973.9529684491845
2195376.9978864696 -6344590.2804053305 -630116.4346295933 3966.9644114880075 1772.608488177122 -5973.134173517938
2199342.6678229608 -6342813.8487871345 -636089.1561844244 3964.37482964574 1780.2543142695101 -5972.307647890995
2203305.7462826977 -6341029.772646166 -642061.0473492608 3961.7814586135714 1787.8975322389726 -5971.473393921394
2207266.22947839 -6339238.054594992 -648032.1003969401 3959.1843021882905 1795.5381332007596 -5970.631413971626
2211224.113626543 -6337438.69725506 -654002.3076026677 3956.5833641689683 1803.1761082762353 -5969.781710413628
2215179.3949474636 -6335631.703256693 -659971.6612440249 3953.9786483569505 1810.8114485928863 -5968.924285628778
2219132.0696652606 -6333817.075239083 -665940.1536009797 3951.370158555879 1818.444145284342 -5968.059142007921
2223082.134007848 -6331994.815850285 -671907.7769558954 3948.757898571714 1826.074189490398 -5967.18628195141
2227029.584206946 -6330164.927747214 -677874.5235935403 3946.1418722127364 1833.701572357027 -5966.305707869108
2230974.4164980855 -6328327.413595634 -683840.3858010977 3943.522083289533 1841.326285036386 -5965.417422180375
2234916.627120608 -6326482.2760701515 -689805.3558681747 3940.898535614994 1848.9483186868258 -5964.521427314054
2238856.2123176698 -6324629.517854216 -695769.4260868123 3938.271233004277 1856.567664472886 -5963.617725708426
2242793.168336243 -6322769.141640104 -701732.5887514941 3935.6401792747142 1864.1843135652641 -5962.7063198110745
2246727.491427119 -6320901.150128924 -707694.8361591559 3933.005378245781 1871.7982571408095 -5961.787212078828
2250659.1778449086 -6319025.546030601 -713656.1606091952 3930.366833739084 1879.40948638253 -5960.860404977751
2254588.2238480453 -6317142.332063874 -719616.55440348 3927.724549578357 1887.0179924796007 -5959.925900983141
2258514.625698789 -6315251.510956291 -725576.0098463582 3925.0785295894607 1894.623766627374 -5958.983702579527
2262438.379663224 -6313353.085444201 -731534.519244667 3922.428777600467 1902.2268000274303 -5958.033812260794
2266359.482011266 -6311447.058272749 -737492.0749077422 3919.7752974417212 1909.827083887621 -5957.076232530285
2270277.9290166614 -6309533.432195868 -743448.6691474277 3917.118092945838 1917.424609422079 -5956.110965900798
2274193.7169569903 -6307612.209976274 -749404.2942780846 3914.4571679476944 1925.019367851226 -5955.138014894571
2278106.8421136686 -6305683.394385459 -755358.9426166016 3911.792526284422 1932.6113504017817 -5954.157382043275
2282017.3007719503 -6303746.988203686 -761312.606482403 3909.1241717953512 1940.2005483067487 -5953.169069887936
2285925.0892209304 -6301802.99421998 -767265.2781974592 3906.4521083219183 1947.786952805377 -5952.173080978784
2289830.2037535463 -6299851.415232128 -773216.9500862954 3903.7763397076387 1955.3705551431626 -5951.169417875224
2293732.64066658 -6297892.2540466655 -779167.6144760007 3901.0968697981016 1962.9513465718546 -5950.158083145821
2297632.39626066 -6295925.51347887 -785117.2636962372 3898.4137024409606 1970.5293183494618 -5949.139079368296
2301529.466840263 -6293951.196352761 -791065.8900792497 3895.7268414859427 1978.1044617402686 -5948.112409129532
2305423.8487137165 -6291969.305501094 -797013.4859598742 3893.0362907849194 1985.6767680148814 -5947.078075025691
2309315.538193202 -6289979.8437653445 -802960.0436755476 3890.342054191936 1993.246228450255 -5946.0360796622535
2313204.531594755 -6287982.813995712 -808905.5555663168 3887.6441355632055 2000.8128343297017 -5944.986425654018
2317090.8252382693 -6285978.219051107 -814850.0139748484 3884.9425387571023 2008.376576942899 -5943.929115625087
2320974.4154474963 -6283966.061799149 -820793.4112464375 3882.2372676341465 2015.937447585896 -5942.864152208851
2324855.2985500516 -6281946.345116159 -826735.7397290175 3879.52832605693 2023.4954375610846 -5941.791538047869
2328733.470877413 -6279919.071887149 -832676.9917731684 3876.8157178900246 2031.0505381771616 -5940.711275793737
2332608.928764924 -6277884.24500582 -838617.1597321271 3874.099446999964 2038.602740749133 -5939.623368107053
2336481.6685517947 -6275841.867374558 -844556.2359617946 3871.3795172552377 2046.1520365983192 -5938.527817657418
2340351.686581106 -6273791.941904423 -850494.2128207468 3868.655932526286 2053.698417052362 -5937.424627123423
2344218.9791998095 -6271734.4715151405 -856431.0826702423 3865.928696685536 2061.241873445256 -5936.313799192709
2348083.5427587307 -6269669.459135105 -862366.837874232 3863.1978136075318 2068.7823971174266 -5935.195336562164
2351945.373612571 -6267596.907701363 -868301.4707993683 3860.4632871689673 2076.319979415762 -5934.069241937978
2355804.468119908 -6265516.820159612 -874234.9738150148 3857.7251212486767 2083.8546116936195 -5932.935518035634
2359660.822643201 -6263429.199464195 -880167.3392932549 3854.9833197276303 2091.386285310835 -5931.794167579892
2363514.43354879 -6261334.04857809 -886098.5596089013 3852.237886488909 2098.914991633721 -5930.645193304765
2367365.297206901 -6259231.370472902 -892028.6271395053 3849.488825417593 2106.4407220350195 -5929.488597953335
2371213.4099916434 -6257121.168128867 -897957.5342653663 3846.7361404006683 2113.9634678938614 -5928.324384277623
2375058.7682810165 -6255003.444534834 -903885.2733695393 3843.9798353270166 2121.483220595772 -5927.1525550385695
2378901.3684569085 -6252878.202688264 -909811.8368378452 3841.219914087409 2128.999971532675 -5925.973113006025
2382741.2069051 -6250745.445595224 -915737.2170588793 3838.4563805744992 2136.513712102903 -5924.7860609587415
2386578.2800152646 -6248605.17627038 -921661.4064240201 3835.6892386828476 2144.024433711219 -5923.591401684408
2390412.5841809716 -6246457.397736986 -927584.3973274378 3832.918492308972 2151.5321277688563 -5922.389137979735
2394244.115799688 -6244302.113026886 -933506.1821661044 3830.1441453513494 2159.0367856935295 -5921.179272650456
2398072.871272779 -6242139.325180502 -939426.7533398018 3827.3662017104107 2166.5383989094435 -5919.961808511318
2401898.847005514 -6239969.037246826 -945346.1032511313 3824.5846652885307 2174.0369588473013 -5918.736748386071
2405722.0394070637 -6237791.25228342 -951264.2243055224 3821.7995399900256 2181.5324569443087 -5917.504095107464
2409542.4448905042 -6235605.973356403 -957181.108911242 3819.010829721156 2189.024884644192 -5916.263851517251
2413360.0598728186 -6233413.203540448 -963096.749479403 3816.2185383901233 2196.514233397205 -5915.016020466189
2417174.8807749003 -6231212.945918772 -969011.1384239737 3813.422669907065 2204.000494660138 -5913.760604814027
2420986.9040215528 -6229005.203583137 -974924.2681617866 3810.6232281840457 2211.4836598963243 -5912.497607429497
2424796.1260414924 -6226789.979633832 -980836.1311125475 3807.820217135047 2218.963720575646 -5911.227031190299
2428602.5432673525 -6224567.27717968 -986746.7196988442 3805.013640675928 2226.4406681745204 -5909.948878983039
2432406.15213568 -6222337.0993380165 -992656.0263461558 3802.203502724375 2233.9144941758855 -5908.663153703158
2436206.949086943 -6220099.449234698 -998564.0434828609 3799.3898071998965 2241.3851900692016 -5907.369858254914
2440004.9305655295 -6217854.330004083 -1004470.763540247 3796.5725580238095 2248.85274735046 -5906.068995551374
2443800.093019748 -6215601.744789033 -1010376.178952519 3793.7517591192372 2256.317157522188 -5904.760568514405
2447592.432901833 -6213341.696740906 -1016280.2821568081 3790.9274144111205 2263.7784120934684 -5903.444580074693
2451381.9466679445 -6211074.189019542 -1022183.0655931806 3788.099527826271 2271.236502579981 -5902.121033171825
2455168.6307781693 -6208799.224793267 -1028084.5217046468 3785.2681032933788 2278.69142050402 -5900.78993075431
2458952.4816965247 -6206516.807238879 -1033984.6429371699 3782.4331447430072 2286.1431573944988 -5899.451275779564
2462733.4958909596 -6204226.939541644 -1039883.4217396753 3779.594656107585 2293.5917047869607 -5898.1050712138995
2466511.669833356 -6201929.62489529 -1045780.850564059 3776.752641321389 2301.0370542235787 -5896.7513200325075
2470286.9999995306 -6199624.866501999 -1051676.9218651962 3773.9071043204885 2308.4791972531307 -5895.390025219361
2474059.4828692377 -6197312.667572402 -1057571.628100951 3771.05804904269 2315.918125430979 -5894.021189767138
2477829.11492617 -6194993.0313255675 -1063464.961732184 3768.2054794275336 2323.353830319079 -5892.6448166772125
2481595.8926579608 -6192665.960989003 -1069356.9152227624 3765.3493994162827 2330.786303485978 -5891.260908959641
2485359.812556185 -6190331.459798644 -1075247.4810395667 3762.48981295192 2338.215536506831 -5889.869469633157
2489120.8711163616 -6187989.530998845 -1081136.6516525012 3759.6267239791828 2345.641520963426 -5888.470501725225
2492879.064837956 -6185640.177842376 -1087024.4195345019 3756.7601364446296 2353.064248444242 -5887.064008272151
2496634.39022438 -6183283.403590416 -1092910.7771615454 3753.890054296651 2360.483710544463 -5885.649992319093
2500386.843782995 -6180919.211512546 -1098795.7170126578 3751.01648148546 2367.899898865985 -5884.228456920053
2504136.422025114 -6178547.60488674 -1104679.231569924 3748.1394219630843 2375.312805017424 -5882.799405137864
2507883.1214660024 -6176168.586999362 -1110561.313318496 3745.2588796833406 2382.7224206141104 -5881.362840044154
2511626.9386248803 -6173782.161145155 -1116441.9547466016 3742.3748586017437 2390.128737278041 -5879.9187647191975
2515367.870024924 -6171388.33062724 -1122321.1483455533 3739.4873626754556 2397.531746637861 -5878.467182251843
2519105.912193269 -6168987.098757103 -1128198.8866097569 3736.59639586328 2404.931440328864 -5877.008095739503
2522841.0616610087 -6166578.468854591 -1134075.1620367193 3733.7019621256527 2412.327809993004 -5875.541508288137
2526573.314963199 -6164162.44424791 -1139949.967127058 3730.804065424638 2419.7208472788975 -5874.067423012251
2530302.6686388585 -6161739.028273608 -1145823.2943845096 3727.902709723952 2427.1105438418504 -5872.585843034932
2534029.1192309693 -6159308.224276579 -1151695.1363159376 3724.997898988986 2434.496891343884 -5871.096771487884
2537752.663286481 -6156870.035610051 -1157565.4854313417 3722.089637186806 2441.879881453745 -5869.600211511434
2541473.2973563103 -6154424.465635577 -1163434.3342438664 3719.177928286146 2449.2595058469133 -5868.096166254517
2545191.017995344 -6151971.517723035 -1169301.6752698093 3716.2627762573998 2456.6357562056046 -5866.584638874665
2548905.82176244 -6149511.195250615 -1175167.5010286297 3713.344185072626 2464.008624218787 -5865.065632538018
2552617.7052204288 -6147043.501604813 -1181031.8040429577 3710.422158705583 2471.3781015822137 -5863.539150419378
2556326.6649361155 -6144568.440180432 -1186894.576838602 3707.4967011317335 2478.744179998438 -5862.005195702215
2560032.6974802813 -6142086.014380562 -1192755.81194456 3704.5678163282373 2486.1068511768194 -5860.463771578663
2563735.7994276877 -6139596.227616585 -1198615.5018930242 3701.635508273944 2493.46610683353 -5858.914881249504
2567435.967357073 -6137099.08330816 -1204473.6392193935 3698.6997809493773 2500.821938691556 -5857.358527924148
2571133.1978511573 -6134594.584883224 -1210330.2164622792 3695.7606383366583 2508.1743384806564 -5855.794714820508
2574827.4874966447 -6132082.735777977 -1216185.2261635165 3692.8180844194426 2515.52329793733 -5854.223445164902
2578518.832884223 -6129563.53943688 -1222038.6608681697 3689.872123182907 2522.868808804818 -5852.64472219204
2582207.230608566 -6127036.999312648 -1227890.5131245423 3686.922758613745 2530.2108628331107 -5851.058549145007
2585892.6772683356 -6124503.118866242 -1233740.7754841852 3683.9699947001604 2537.5494517789507 -5849.464929275258
2589575.169466181 -6121961.901566864 -1239589.440501905 3681.013835431892 2544.884567405863 -5847.863865842661
2593254.7038087444 -6119413.350891949 -1245436.5007357723 3678.0542848002756 2552.2162014842065 -5846.255362115588
2596931.2769066584 -6116857.470327155 -1251281.9487471303 3675.0913467982496 2559.5443457911883 -5844.639421370931
2600604.8853745493 -6114294.263366362 -1257125.7771006033 3672.1250254203496 2566.868992110872 -5843.016046894095
2604275.525831039 -6111723.733511665 -1262967.9783641056 3669.155324662701 2574.1901322341837 -5841.38524197898
2607943.1948987474 -6109145.8842733605 -1268808.5451088492 3666.182248523006 2581.5077579589133 -5839.747009927973
2611607.8892042907 -6106560.719169945 -1274647.469909353 3663.2058010005167 2588.821861089706 -5838.101354051893
2615269.6053782874 -6103968.241728109 -1280484.7453434507 3660.225986096014 2596.13243343806 -5836.448277669968
2618928.3400553563 -6101368.455482724 -1286320.3639923 3657.2428078118014 2603.4394668223295 -5834.787784109818
2622584.089874119 -6098761.363976844 -1292154.3184403896 3654.256270151696 2610.742953067731 -5833.119876707446
2626236.8514772025 -6096146.97076169 -1297986.6012755486 3651.2663771210214 2618.0428840063514 -5831.44455880723
2629886.6215112396 -6093525.279396653 -1303817.2050889554 3648.2731327265874 2625.3392514771367 -5829.761833761884
2633533.39662687 -6090896.293449276 -1309646.1224751442 3645.2765409766544 2632.6320473258847 -5828.071704932407
2637177.173478744 -6088260.016495258 -1315473.346032015 3642.2766058809275 2639.921263405246 -5826.374175688071
2640817.9487255206 -6085616.452118436 -1321298.8683608412 3639.273331450548 2647.2068915747286 -5824.66924940641
2644455.7190298713 -6082965.603910789 -1327122.6820662771 3636.2667216980867 2654.4889237007037 -5822.95692947321
2648090.4810584807 -6080307.475472423 -1332944.7797563681 3633.2567806375555 2661.767351656426 -5821.23721928253
2651722.2314820485 -6077642.070411571 -1338765.1540425569 3630.2435122844763 2669.0421673220903 -5819.510122236804
2655350.966975291 -6074969.392344579 -1344583.7975396933 3627.2269206559013 2676.313362584861 -5817.775641746884
2658976.6842169412 -6072289.4448959045 -1350400.702866042 3624.2070097704077 2683.580929338879 -5816.033781232028
2662599.379889753 -6069602.231698105 -1356215.8626432912 3621.183783648091 2690.8448594852657 -5814.2845441198915
2666219.0506804995 -6066907.756391835 -1362029.2694965613 3618.1572463105517 2698.1051449321267 -5812.527933846505
2669835.6932799765 -6064206.022625837 -1367840.916054412 3615.127401780814 2705.361777594502 -5810.763953856148
2673449.304383005 -6061497.034056934 -1373650.7949488522 3612.094254083241 2712.6147493943126 -5808.992607601208
2677059.880688429 -6058780.794350026 -1379458.8988153462 3609.057807243519 2719.8640522603564 -5807.213898542159
2680667.41889912 -6056057.307178079 -1385265.220292824 3606.018065288651 2727.109678128316 -5805.4278301475515
2684271.915721977 -6053326.576222121 -1391069.752023688 3602.9750322469517 2734.351618940762 -5803.634405894004
2687873.367867928 -6050588.6051712325 -1396872.4866538204 3599.9287121480766 2741.5898666471876 -5801.833629266249
2691471.7720519314 -6047843.397722543 -1402673.416832593 3596.8791090231257 2748.8244132040923 -5800.025503757299
2695067.124992977 -6045090.95758122 -1408472.5352128749 3593.826226904666 2756.0552505750165 -5798.210032868492
2698659.423414088 -6042331.288460464 -1414269.8344510398 3590.770069826728 2763.2823707305442 -5796.387220109475
2702248.664042322 -6039564.394081504 -1420065.3072069762 3587.7106418247977 2770.505765648311 -5794.557068998195
2705834.8436087747 -6036790.278173585 -1425858.9461440942 3584.6479469357964 2777.7254273130025 -5792.719583060879
2709417.958848577 -6034008.944473965 -1431650.743929334 3581.581989197989 2784.9413477162884 -5790.874765831868
2712998.0065009 -6031220.396727907 -1437440.6932331745 3578.512772650901 2792.1535188567723 -5789.022620853498
2716574.9833089556 -6028424.6386886705 -1443228.786729641 3575.440301335307 2799.3619327399915 -5787.163151676073
2720148.886019995 -6025621.674117508 -1449015.017096313 3572.3645792932252 2806.56658137842 -5785.296361857857
2723719.711385314 -6022811.506783655 -1454799.3770143318 3569.2856105679116 2813.7674567914755 -5783.422254965071
2727287.4561602515 -6019994.140464324 -1460581.8591684094 3566.2033992038982 2820.9645510055593 -5781.540834571949
2730852.1171041904 -6017169.578944698 -1466362.456246836 3563.1179492470924 2828.1578560541425 -5779.652104260898
2734413.690980563 -6014337.826017924 -1472141.1609414886 3560.0292647447905 2835.3473639777894 -5777.756067622531
2737972.1745568477 -6011498.885485102 -1477917.9659478383 3556.937349745673 2842.533066824165 -5775.852728255646
2741527.564604572 -6008652.761155284 -1483692.8639649593 3553.842208299799 2849.7149566480402 -5773.942089767226
2745079.857899315 -6005799.45684546 -1489465.847695537 3550.7438444585828 2856.893025511287 -5772.024155772402
2748629.051220708 -6002938.97638056 -1495236.909845876 3547.6422622747054 2864.067265482815 -5770.098929894307
2752175.1413524346 -6000071.323593434 -1501006.043125908 3544.5374658020496 2871.237668638531 -5768.16641576397
2755718.1250822344 -5997196.502324859 -1506773.240249199 3541.4294590956924 2878.4042270613404 -5766.226617020305
2759257.999201901 -5994314.516423523 -1512538.4939329594 3538.318246211896 2885.566932841152 -5764.279537310098
2762794.7605072847 -5991425.369746025 -1518301.7968980486 3535.2038312081054 2892.725778074883 -5762.325180288002
2766328.405798296 -5988529.066156855 -1524063.1418689855 3532.086218142972 2899.8807548664904 -5760.363549616575
2769858.9318789034 -5985625.609528403 -1529822.5215739552 3528.9654110764095 2907.031855327024 -5758.394648966372
2773386.3355571353 -5982715.00374094 -1535579.9287448179 3525.841414069597 2914.1790715746406 -5756.418482015948
2776910.613645083 -5979797.252682618 -1541335.3561171158 3522.714231184972 2921.322395734609 -5754.435052451852
2780431.7629588996 -5976872.360249458 -1547088.7964300818 3519.5838664862254 2928.461819939315 -5752.444363968615
2783949.780318805 -5973940.330345345 -1552840.2424266473 3516.4503240382924 2935.597336328267 -5750.446420268739
2787464.6625490817 -5971001.166882024 -1558589.6868534503 3513.3136079073483 2942.7289370481003 -5748.441225062684
2790976.406478081 -5968054.873779088 -1564337.122460843 3510.1737221608005 2949.856614252581 -5746.428782068862
2794485.008938221 -5965101.454963971 -1570082.5420029003 3507.0306708672797 2956.9803601026124 -5744.409095013622
2797990.4667659895 -5962140.914371944 -1575825.9382374275 3503.884458096637 2964.1001667662376 -5742.382167631244
2801492.776801945 -5959173.255946108 -1581567.3039259678 3500.7350879199325 2971.2160264186455 -5740.348003663919
2804991.935890718 -5956198.483637383 -1587306.6318338104 3497.5825644093984 2978.3279312421455 -5738.306606861692
2808487.94088101 -5953216.601404503 -1593043.9147299987 3494.426891638374 2985.435873426126 -5736.257980982354
2811980.788625599 -5950227.613214011 -1598779.1453873375 3491.268073681294 2992.5398451670503 -5734.2021297914225
2815470.4759813356 -5947231.523040249 -1604512.3165824017 3488.1061146136813 2999.639838668462 -5732.139057062132
2818956.999809148 -5944228.334865351 -1610243.4210955426 3484.9410185121415 3006.735846140989 -5730.068766575421
2822440.356974041 -5941218.052679239 -1615972.4517108963 3481.7727894543723 3013.827859802361 -5727.991262119951
2825920.5443450976 -5938200.680479609 -1621699.4012163915 3478.601431519238 3020.915871877483 -5725.906547492226
2829397.5587954805 -5935176.222271935 -1627424.2624037578 3475.4269487868014 3027.999874598474 -5723.814626496651
2832871.397202432 -5932144.682069451 -1633147.028068533 3472.2493453383204 3035.079860204675 -5721.715502945516
2836342.0564472787 -5929106.063893148 -1638867.6910100705 3469.068625256239 3042.1558209426503 -5719.609180658994
2839809.533415428 -5926060.37177177 -1644586.2440315485 3465.884792624179 3049.227749066194 -5717.495663465121
2843273.8249963718 -5923007.6097417995 -1650302.6799399767 3462.6978515268947 3056.295636836298 -5715.37495519972
2846734.928083688 -5919947.781847459 -1656016.9915462048 3459.5078060502046 3063.359476521103 -5713.247059706295
2850192.8395750406 -5916880.892140695 -1661729.17166493 3456.3146602809798 3070.4192603958963 -5711.111980836004
2853647.556372181 -5913806.944681177 -1667439.213114704 3453.118418307134 3077.474980743117 -5708.969722447649
2857099.0753809493 -5910725.943536289 -1673147.1087179412 3449.9190842176217 3084.526629852358 -5706.82028840767
2860547.393511274 -5907637.892781121 -1678852.8513009264 3446.7166621024353 3091.5742000203777 -5704.6636825901405
2863992.5076771756 -5904542.796498461 -1684556.4336938225 3443.511156052632 3098.6176835511296 -5702.499908876812
2867434.414796765 -5901440.658778793 -1690257.8487306775 3440.3025701603406 3105.6570727557814 -5700.328971157123
2870873.1117922463 -5898331.483720285 -1695957.0892494335 3437.0909085187554 3112.692359952719 -5698.150873328194
2874308.595589917 -5895215.275428782 -1701654.1480919325 3433.8761752221308 3119.7235374675497 -5695.965619294818
2877740.8631201703 -5892092.0380178 -1707349.0181039257 3430.658374365772 3126.750597633107 -5693.77321296944
2881169.9113174933 -5888961.775608518 -1713041.6921350805 3427.437510046029 3133.7735327894507 -5691.573658272147
2884595.737120473 -5885824.492329774 -1718732.1630389881 3424.2135863602753 3140.7923352838625 -5689.366959130647
2888018.337471791 -5882680.192318054 -1724420.4236731718 3420.986607406907 3147.8069974708515 -5687.153119480246
2891437.709318231 -5879528.879717482 -1730106.4668990932 3417.7565772853322 3154.817511712155 -5684.932143263846
2894853.849610673 -5876370.558679822 -1735790.2855821608 3414.5235000959588 3161.8238703767374 -5682.704034431918
2898266.755304101 -5873205.233364463 -1741471.8725917374 3411.2873799398853 3168.826065840512 -5680.468796941989
2901676.423357598 -5870032.907938414 -1747151.220801147 3408.0482209192955 3175.8240904867175 -5678.226434759298
2905082.8507343517 -5866853.586576299 -1752828.3230876827 3404.8060271376066 3182.817936706064 -5675.976951857046
2908486.034401654 -5863667.273460345 -1758503.1723326147 3401.5608026992254 3189.807596896517 -5673.720352215984
2911885.9713308993 -5860473.97278038 -1764175.7614211976 3398.3125517095414 3196.793063463304 -5671.456639824406
2915282.658497591 -5857273.688733822 -1769846.0832426783 3395.061278274921 3203.774328818916 -5669.18581867814
2918676.092881337 -5854066.425525673 -1775514.1306903032 3391.806986502697 3210.751385383107 -5666.907892780528
2922066.271465853 -5850852.18736851 -1781179.8966613256 3388.5496805011553 3217.7242255828965 -5664.622866142404
2925453.1912389654 -5847630.978482484 -1786843.3740570138 3385.289364379531 3224.6928418525667 -5662.330742782089
2928836.8491926086 -5844402.803095303 -1792504.5557826576 3382.026042248 3231.6572266336707 -5660.0315267253745
2932217.242322828 -5841167.665442231 -1798163.4347475765 3378.7597182176733 3238.6173723750353 -5657.725222005514
2935594.367629782 -5837925.569766081 -1803820.0038651275 3375.4903964005953 3245.573271532768 -5655.411832663222
2938968.2221177383 -5834676.520317206 -1809474.256052711 3372.2180809097595 3252.5249165702835 -5653.091362746699
2942338.802795081 -5831420.521353491 -1815126.1842317807 3368.9427758591146 3259.4722999583173 -5650.763816311639
2945706.106674308 -5828157.577140348 -1820775.7813278488 3365.664485363558 3266.41541417493 -5648.42919742122
2949070.130772032 -5824887.691950705 -1826423.0402704948 3362.3832135389293 3273.3542517055134 -5646.087510146096
2952430.872108982 -5821610.870065003 -1832067.9539933722 3359.098964502002 3280.2888050427896 -5643.73875856438
2955788.3277100045 -5818327.115771185 -1837710.5154342165 3355.8117423704603 3287.219066686798 -5641.382946761605
2959142.4946040637 -5815036.433364691 -1843350.7175348524 3352.5215512628556 3294.1450291448673 -5639.020078830656
2962493.3698242437 -5811738.827148452 -1848988.5532412017 3349.2283952986004 3301.0666849316117 -5636.650158871748
2965840.9504077486 -5808434.301432879 -1854624.0155032892 3345.932278597959 3307.9840265689368 -5634.273190992424
2969185.233395901 -5805122.860535856 -1860257.0972752515 3342.633205282042 3314.8970465860416 -5631.8891793075345
2972526.2158341478 -5801804.508782736 -1865887.7915153431 3339.3311794728074 3321.805737519426 -5629.498127939242
2975863.8947720565 -5798479.25050633 -1871516.091185945 3336.0262052930725 3328.7100919129175 -5627.100041017046
2979198.2672633184 -5795147.090046906 -1877141.9892535713 3332.718286866523 3335.6101023176852 -5624.694922677793
2982529.3303657486 -5791808.031752172 -1882765.478688876 3329.4074283177083 3342.5057612922465 -5622.282777065669
2985857.0811412884 -5788462.079977276 -1888386.5524666614 3326.0936337720323 3349.3970614024693 -5619.8636083321835
2989181.516656003 -5785109.239084797 -1894005.2035658855 3322.776907355751 3356.2839952215763 -5617.437420636169
2992502.6339800856 -5781749.513444737 -1899621.424969668 3319.457253195959 3363.166555330142 -5615.004218143752
2995820.4301878563 -5778382.907434511 -1905235.2096652982 3316.1346754205706 3370.044734316084 -5612.564005028326
2999134.9023577645 -5775009.425438946 -1910846.5506442434 3312.809178158315 3376.9185247746673 -5610.116785470541
3002446.0475723874 -5771629.07185027 -1916455.4409021542 3309.4807655387276 3383.787919308504 -5607.662563658288
3005753.8629184333 -5768241.851068102 -1922061.8734388733 3306.149441692146 3390.6529105275604 -5605.201343786691
3009058.3454867397 -5764847.767499448 -1927665.8412584416 3302.8152107497067 3397.5134910491593 -5602.7331300581045
3012359.4923722777 -5761446.825558695 -1933267.3373691067 3299.478076843357 3404.3696534980086 -5600.257926682136
3015657.3006741493 -5758039.0296676 -1938866.354783329 3296.138044105869 3411.2213905062167 -5597.775737875656
3018951.7674955903 -5754624.3842552835 -1944462.8865177892 3292.7951166708285 3418.068694713298 -5595.286567862796
3022242.88994397 -5751202.893758225 -1950056.925593396 3289.4492986726336 3424.9115587661777 -5592.790420874932
3025530.665130792 -5747774.562620251 -1955648.465035293 3286.100594246486 3431.749975319192 -5590.287301150678
3028815.0901716985 -5744339.395292533 -1961237.4978728667 3282.7490075283695 3438.58393703408 -5587.777212935851
3032096.1621864643 -5740897.396233573 -1966824.0171397522 3279.3945426550144 3445.4134365799514 -5585.2601604834
3035373.8782990025 -5737448.569909204 -1972408.0158738408 3276.03720376388 3452.238466633277 -5582.736148053384
3038648.2356373654 -5733992.920792576 -1977989.4871172886 3272.6769949931486 3459.0590198778955 -5580.205179912959
3041919.231333742 -5730530.453364152 -1983568.4239165212 3269.3139204817207 3465.8750890050146 -5577.667260336369
3045186.8625244615 -5727061.172111705 -1989144.8193222429 3265.9479843692106 3472.6866667132163 -5575.122393604939
3048451.126349993 -5723585.081530297 -1994718.6663894423 3262.5791907959597 3479.4937457084784 -5572.570584007097
3051712.019954947 -5720102.186122287 -2000289.9581773998 3259.207543903046 3486.2963187041983 -5570.01183583839
3054969.5404880736 -5716612.490397315 -2005858.6877496957 3255.833047832281 3493.094378421194 -5567.446153401476
3058223.6851022667 -5713115.998872295 -2011424.8481742162 3252.4557067262035 3499.88791758771 -5564.873541006118
3061474.450954562 -5709612.716071411 -2016988.4325231605 3249.0755247280745 3506.676928939419 -5562.294002969169
3064721.83520614 -5706102.646526106 -2022549.4338730483 3245.692505981866 3513.461405219424 -5559.707543614557
3067965.835022324 -5702585.794775079 -2028107.845304727 3242.306654632245 3520.241339178246 -5557.1141672732565
3071206.4475725847 -5699062.165364272 -2033663.6599033785 3238.917974824565 3527.016723573824 -5554.513878283271
3074443.6700305357 -5695531.762846865 -2039216.8707585256 3235.5264707048573 3533.787551171518 -5551.906680989619
3077677.4995739385 -5691994.59178327 -2044767.4709640401 3232.132146419827 3540.553814744111 -5549.292579744331
3080907.933384702 -5688450.656741125 -2050315.4536181497 3228.7350061168486 3547.3155070718135 -5546.671578906434
3084134.968648882 -5684899.96229528 -2055860.811823444 3225.3350539439743 3554.0726209422837 -5544.043682841968
3087358.602556683 -5681342.513027795 -2061403.5386868822 3221.9322940499487 3560.825149150652 -5541.408895924014
3090578.8323024586 -5677778.313527931 -2066943.6273198007 3218.526730584207 3567.573084499529 -5538.767222532688
3093795.6550847115 -5674207.368392145 -2072481.0708379187 3215.118367696869 3574.316419799006 -5536.118667055128
3097009.068106096 -5670629.682224078 -2078015.8623613466 3211.7072095387307 3581.0551478666607 -5533.463233885485
3100219.068573416 -5667045.259634549 -2083547.9950145925 3208.293260261256 3587.7892615275523 -5530.800927424906
3103425.653697629 -5663454.105241549 -2089077.4619265688 3204.8765240165326 3594.5187536141834 -5528.131752081453
3106628.820693844 -5659856.223670233 -2094604.2562305992 3201.457004957248 3601.243616966484 -5525.455712270064
3109828.566781323 -5656251.619552911 -2100128.3710644264 3198.0347072366817 3607.9638444318084 -5522.772812412546
3113024.8891834817 -5652640.2975290455 -2105649.799570218 3194.6096350087 3614.6794288649407 -5520.083056937552
3116217.7851278894 -5649022.262245238 -2111168.534894574 3191.1817924277516 3621.3903631281 -5517.386450280585
3119407.2518462706 -5645397.518355223 -2116684.570188532 3187.7511836488807 3628.0966400909565 -5514.682996884013
3122593.286574506 -5641766.070519864 -2122197.898607578 3184.317812827758 3634.798252630685 -5511.972701197124
3125775.886552631 -5638127.923407142 -2127708.5133116487 3180.881684120687 3641.4951936319762 -5509.255567676135
3128955.049024838 -5634483.081692149 -2133216.4074651403 3177.4428016845977 3648.1874559870407 -5506.531600784183
3132130.7712394763 -5630831.550057083 -2138721.5742369164 3174.0011696770384 3654.875032595609 -5503.8008049913105
3135303.050449054 -5627173.333191238 -2144224.0068003144 3170.5567922561704 3661.557916364935 -5501.063184774455
3138471.8839102373 -5623508.435790995 -2149723.698333151 3167.1096735807337 3668.2361002097664 -5498.318744617387
3141637.2688838504 -5619836.862559819 -2155220.642017732 3163.6598178100153 3674.9095770523145 -5495.567489010657
3144799.2026348785 -5616158.618208247 -2160714.831040855 3160.20722910384 3681.5783398222575 -5492.809422451579
3147957.682432466 -5612473.707453885 -2166206.258593819 3156.751911622568 3688.2423814567424 -5490.044549444224
3151112.705549919 -5608782.135021397 -2171694.9178724308 3153.2938695270873 3694.901694900385 -5487.2728744994065
3154264.2692647027 -5605083.905642496 -2177180.802077011 3149.833106978813 3701.556273105279 -5484.494402134685
3157412.370858446 -5601379.024055946 -2182663.904412402 3146.369628139696 3708.2061090310167 -5481.709136874371
3160557.0076169395 -5597667.495007539 -2188144.218087972 3142.903437172227 3714.851195644698 -5478.917083249545
3163698.1768301353 -5593949.323250103 -2193621.7363176257 3139.4345382394285 3721.491525920933 -5476.1182457980285
3166835.8757921504 -5590224.513543483 -2199096.4523198074 3135.9629355048496 3728.1270928418476 -5473.312629064385
3169970.101801266 -5586493.070654541 -2204568.359317511 3132.488633132561 3734.7578893970826 -5470.500237599908
3173100.852159925 -5582754.999357144 -2210037.4505382827 3129.0116352871596 3741.383908583808 -5467.681075962626
3176228.124174737 -5579010.304432162 -2215503.7192142326 3125.5319461337735 3748.0051434067423 -5464.8551487173145
3179351.915156478 -5575258.990667449 -2220967.1585820382 3122.0495698380637 3754.621586878157 -5462.022460435494
3182472.222420088 -5571501.0628578495 -2226427.761882951 3118.5645105662143 3761.2332320178816 -5459.183015695415
3185589.043284674 -5567736.525805182 -2231885.5223628045 3115.0767724849297 3767.8400718533053 -5456.336819082051
3188702.3750735107 -5563965.3843182335 -2237340.4332720214 3111.5863597614234 3774.4420994193756 -5453.483875187082
3191812.215114039 -5560187.643212753 -2242792.4878656175 3108.093276563388 3781.0393077585663 -5450.624188608838
3194918.5607378683 -5556403.307311443 -2248241.6794032124 3104.5975270589634 3787.6316899208528 -5447.757763952241
3198021.409280777 -5552612.381443951 -2253688.0011490323 3101.0991154167314 3794.2192389637107 -5444.884605828797
3201120.758082712 -5548814.870446866 -2259131.4463719195 3097.5980458057106 3800.8019479521204 -5442.004718856589
3204216.6044877893 -5545010.779163709 -2264572.008345337 3094.09432239535 3807.379809958566 -5439.118107660258
3207308.9458442936 -5541200.112444918 -2270009.6803473756 3090.5879493555344 3813.952818063053 -5436.22477687102
3210397.7795046805 -5537382.875147854 -2275444.4556607604 3087.0789308566173 3820.520965353154 -5433.324731126718
3213483.102825577 -5533559.072136785 -2280876.327572858 3083.5672710694284 3827.0842449240295 -5430.417975071831
3216564.9131677803 -5529728.708282879 -2286305.2893756833 3080.0529741652695 3833.6426498784317 -5427.504513357476
3219643.2078962587 -5525891.788464197 -2291731.334365905 3076.536044315908 3840.1961733267067 -5424.584350641388
3222717.984380154 -5522048.317565688 -2297154.455844853 3073.016485693572 3846.744808386796 -5421.657491587912
3225789.239992779 -5518198.300479176 -2302574.6471185256 3069.494302470928 3853.2885481842177 -5418.723940867964
3228856.9721116205 -5514341.742103361 -2307991.9014975927 3065.9694988210404 3859.827385852027 -5415.783703158964
3231921.178118337 -5510478.647343802 -2313406.212297408 3062.442078917365 3866.3613145308145 -5412.836783144814
3234981.8553987616 -5506609.021112913 -2318817.5728380103 3058.912046933742 3872.890327368706 -5409.883185515889
3238039.0013429024 -5502732.868329959 -2324225.9764441336 3055.3794070443896 3879.414417521365 -5406.922914969026
3241092.61334494 -5498850.1939210445 -2329631.41644521 3051.8441634239025 3885.933578151996 -5403.955976207522
3244142.6888032313 -5494961.002819106 -2335033.8861753796 3048.306320247258 3892.4478024313635 -5400.98237394114
3247189.2251203074 -5491065.299963906 -2340433.378973495 3044.7658816898233 3898.9570835378095 -5398.002112886121
3250232.2197028757 -5487163.090302027 -2345829.8881831295 3041.222851927351 3905.4614146572553 -5395.0151977651785
3253271.6699618185 -5483254.378786856 -2351223.40715258 3037.6772351359728 3911.9607889832037 -5392.021633307488
3256307.573312196 -5479339.170378591 -2356613.929234877 3034.129035492198 3918.4551997167446 -5389.021424248673
3259339.927173244 -5475417.470044219 -2362001.447787791 3030.5782571729055 3924.9446400665543 -5386.014575330803
3262368.7289683754 -5471489.282757514 -2367385.956173835 3027.0249043553495 3931.4291032489114 -5383.001091302395
3265393.9761251807 -5467554.613499036 -2372767.4477602765 3023.468981217156 3937.9085824877025 -5379.980976918411
3268415.6660754285 -5463613.467256111 -2378145.9159191404 3019.910491936319 3944.383071014425 -5376.954236940247
3271433.796255065 -5459665.849022832 -2383521.354027215 3016.3494406911955 3950.852562068189 -5373.920876135723
3274448.364104215 -5455711.76380005 -2388893.755466061 3012.7858316604993 3957.317048895719 -5370.880899279076
3277459.3670671834 -5451751.216595365 -2394263.113622016 3009.219669023294 3963.7765247513507 -5367.8343111509375
3280466.8025924526 -5447784.212423118 -2399629.421886201 3005.650956958974 3970.230982897024 -5364.781116538311
3283470.668132685 -5443810.756304385 -2404992.673654529 3002.0796996472623 3976.680416602277 -5361.7213202345565
3286470.9611447244 -5439830.853266968 -2410352.8623277065 2998.505901268203 3983.124819144252 -5358.6549270393825
3289467.679089593 -5435844.50834539 -2415709.981311246 2994.9295660021558 3989.5641838076954 -5355.581941758833
3292460.8194324938 -5431851.726580882 -2421064.024015467 2991.3506980297916 3995.99850388496 -5352.502369205276
3295450.379642811 -5427852.5130213825 -2426414.9838555055 2987.7693015320806 4002.427772675998 -5349.416214197392
3298436.35719411 -5423846.872721524 -2431762.854251319 2984.1853806902805 4008.851983488352 -5346.323481560135
3301418.7495641373 -5419834.810742628 -2437107.6286276933 2980.5989396859263 4015.2711296371563 -5343.224176124732
3304397.5542348213 -5415816.332152697 -2442449.300414248 2977.0099827008316 4021.6852044451366 -5340.118302728666
3307372.7686922722 -5411791.442026408 -2447787.8630454447 2973.418513917078 4028.0942012426144 -5337.005866215669
3310344.3904267834 -5407760.145445104 -2453123.30996059 2969.824537517015 4034.498113367507 -5333.886871435717
3313312.4169328283 -5403722.447496782 -2458455.6346038454 2966.228057683261 4040.896934165342 -5330.761323245028
3316276.845709066 -5399678.353276097 -2463784.83042423 2962.629078598705 4047.290656989268 -5327.629226506068
3319237.6742583364 -5395627.867884343 -2469110.8908756305 2959.027604446502 4053.679275200057 -5324.490586087543
3322194.9000876644 -5391570.996429447 -2474433.8094168035 2955.4236394100703 4060.0627821661033 -5321.345406864385
3325148.5207082564 -5387507.744025968 -2479753.5795113845 2951.8171876730817 4066.441171263429 -5318.1936937177425
3328098.5336355045 -5383438.115795082 -2485070.1946278936 2948.2082534194633 4072.814435875687 -5315.035451534976
3331044.9363889843 -5379362.116864582 -2490383.6482397397 2944.5968408333983 4079.1825693941746 -5311.870685209667
3333987.726492455 -5375279.752368859 -2495693.9338252307 2940.982954099328 4085.545565217841 -5308.699399641608
3336926.9014738617 -5371191.027448908 -2501001.0448675766 2937.366597401943 4091.903416753291 -5305.5215997368
3339862.4588653324 -5367095.94725231 -2506304.974854896 2933.7477749261825 4098.256117414785 -5302.33729040744
3342794.3962031826 -5362994.516933229 -2511605.7172802226 2930.1264908572266 4104.6036606242415 -5299.146476571907
3345722.711027911 -5358886.741652402 -2516903.2656415123 2926.5027493804882 4110.9460398112315 -5295.949163154753
3348647.4008842027 -5354772.626577135 -2522197.613441648 2922.8765546815994 4117.283248412973 -5292.7453550866685
3351568.4633209286 -5350652.17688129 -2527488.7541884473 2919.2479109464048 4123.615279874325 -5289.535057304476
3354485.8958911453 -5346525.397745283 -2532776.6813946664 2915.6168223609543 4129.942127647789 -5286.3182747511155
3357399.696152095 -5342392.294356071 -2538061.3885780084 2911.9832931115 4136.2637851935115 -5283.095012375636
3360309.8616652084 -5338252.87190715 -2543342.869261129 2908.347327384492 4142.580245979287 -5279.865275133182
3363216.3899961 -5334107.135598542 -2548621.11697164 2904.7089293665663 4148.891503480549 -5276.629067984983
3366119.2787145735 -5329955.09063679 -2553896.125242119 2901.068103244532 4155.197551180359 -5273.386395898316
3369018.525394617 -5325796.742234951 -2559167.8876101146 2897.424853205367 4161.4983825694135 -5270.1372638465045
3371914.127614408 -5321632.095612588 -2564436.39761815 2893.7791834362138 4167.793991146036 -5266.8816768089055
3374806.0829563085 -5317461.155995761 -2569701.648813732 2890.13109812437 4174.084370416187 -5263.619639770896
3377694.3890068713 -5313283.92861702 -2574963.6347493557 2886.48060145729 4180.369513893457 -5260.351157723871
3380579.043356834 -5309100.418715398 -2580222.3489825097 2882.8276976225825 4186.649415099086 -5257.076235665238
3383460.043601123 -5304910.631536403 -2585477.7850756836 2879.1723908080157 4192.924067561968 -5253.7948785984245
3386337.387338852 -5300714.57233201 -2590729.9365963736 2875.514685201512 4199.19346481866 -5250.50709153287
3389211.072173324 -5296512.246360654 -2595978.797117088 2871.854584991142 4205.457600413378 -5247.212879484014
3392081.0957120284 -5292303.658887221 -2601224.360215354 2868.192094365122 4211.716467898002 -5243.912247473287
3394947.4555666447 -5288088.815183042 -2606466.6194737223 2864.52721751181 4217.970060832077 -5240.605200528105
3397810.149353039 -5283867.720525884 -2611705.568479776 2860.8599586197056 4224.218372782827 -5237.291743681868
3400669.1746912673 -5279640.3801999455 -2616941.200826132 2857.190321877454 4230.461397325158 -5233.971881973965
3403524.5292055733 -5275406.799495842 -2622173.5101104514 2853.5183114738393 4236.69912804167 -5230.645620449758
3406376.21052439 -5271166.9837106075 -2627402.489935443 2849.8439315977807 4242.93155852265 -5227.312964160582
3409224.2162803407 -5266920.938147677 -2632628.1339088697 2846.1671864383266 4249.158682366079 -5223.973918163726
3412068.5441102353 -5262668.668116886 -2637850.435643555 2842.4880801846493 4255.380493177627 -5220.628487522423
3414909.191655075 -5258410.178934461 -2643069.3887573886 2838.806617026034 4261.596984570646 -5217.276677305831
3417746.156560049 -5254145.475923011 -2648284.986873333 2835.1228011518697 4267.808150166168 -5213.918492589012
3420579.4364745365 -5249874.56441152 -2653497.223619427 2831.4366367516427 4274.013983592899 -5210.553938452927
3423409.0290521067 -5245597.449735337 -2658706.0926287947 2827.748128014935 4280.214478487231 -5207.183019984419
3426234.9319505175 -5241314.137236175 -2663911.5875396496 2824.0572791314175 4286.409628493231 -5203.80574227621
3429057.142831717 -5237024.632262096 -2669113.7019953006 2820.3640942908423 4292.599427262647 -5200.42211042688
3431875.6593618435 -5232728.940167509 -2674312.429644158 2816.6685776830273 4298.783868454886 -5197.032129540839
3434690.479211224 -5228427.066313157 -2679507.7641397403 2812.970733497843 4304.962945737007 -5193.635804728303
3437501.6000543763 -5224119.0160661135 -2684699.6991406777 2809.270565925211 4311.136652783722 -5190.233141105287
3440309.0195700084 -5219804.794799774 -2689888.228310721 2805.5680791551 4317.304983277397 -5186.824143793596
3443112.735441017 -5215484.407893847 -2695073.345318744 2801.863277377518 4323.467930908057 -5183.408817920814
3445912.7453544904 -5211157.860734347 -2700255.043838753 2798.1561647825197 4329.625489373392 -5179.987168620312
3448709.0470017055 -5206825.158713588 -2705433.317549888 2794.4467455602244 4335.777652378807 -5176.559201031283
3451501.6380781317 -5202486.307230172 -2710608.1601364333 2790.73502390082 4341.924413637425 -5173.124920298742
3454290.516283425 -5198141.311688988 -2715779.5652878205 2787.0210039945587 4348.06576687009 -5169.684331573523
3457075.679321435 -5193790.177501197 -2720947.526698635 2783.3046900317504 4354.201705805373 -5166.237440012265
3459857.1249001995 -5189432.910084231 -2726112.038068621 2779.586086202759 4360.332224179571 -5162.784250777405
3462634.8507319484 -5185069.514861777 -2731273.0931026875 2775.8651966979905 4366.457315736692 -5159.3247690371445
3465408.8545331005 -5180699.997263779 -2736430.685510917 2772.142025707868 4372.57697422843 -5155.858999965419
3468179.134024266 -5176324.362726422 -2741584.8090085676 2768.4165774228245 4378.69119341416 -5152.386948741868
3470945.686930245 -5171942.61669213 -2746735.4573160787 2764.6888560332986 4384.799967060936 -5148.908620551834
3473708.5109800277 -5167554.764609556 -2751882.624159079 2760.958865729728 4390.903288943494 -5145.424020586346
3476467.6039067963 -5163160.811933571 -2757026.3032683916 2757.2266107025475 4397.001152844251 -5141.9331540421135
3479222.963447922 -5158760.764125264 -2762166.488380038 2753.492095142186 4403.093552553316 -5138.436026121525
3481974.587344967 -5154354.626651929 -2767303.1732352455 2749.755323239069 4409.1804818684905 -5134.932642032645
3484722.473343683 -5149942.404987057 -2772436.3515804517 2746.016299183614 4415.26193459528 -5131.4230069892055
3487466.619194013 -5145524.10461033 -2777566.017167312 2742.275027166226 4421.337904546889 -5127.9071262106
3490207.0226500914 -5141099.731007616 -2782692.1637527025 2738.5315113772936 4427.408385544227 -5124.38500492187
3492943.681470241 -5136669.289670952 -2787814.7850987287 2734.785756007185 4433.473371415904 -5120.856648353701
3495676.593416976 -5132232.786098547 -2792933.874972729 2731.0377652462444 4439.532855998237 -5117.322061742409
3498405.756257 -5127790.225794771 -2798049.42714728 2727.287543284789 4445.586833135255 -5113.781250329937
3501131.1677612085 -5123341.614270141 -2803161.435400204 2723.535094313106 4451.635296678692 -5110.23421936385
3503852.825704686 -5118886.957041325 -2808269.8935145736 2719.7804225214472 4457.678240487999 -5106.680974097312
3506570.727866708 -5114426.2596311215 -2813374.7952787173 2716.023532100023 4463.715658430339 -5103.121519789095
3509284.8720307397 -5109959.527568462 -2818476.1344862254 2712.2644272390025 4469.74754438059 -5099.555861703556
3511995.2559844363 -5105486.766388398 -2823573.904935955 2708.5031121285047 4475.773892221338 -5095.98400511063
3514701.877519644 -5101007.981632094 -2828668.100432036 2704.739590958595 4481.794695842889 -5092.405955285821
3517404.7344323974 -5096523.17884682 -2833758.7147838767 2700.973867919279 4487.809949143258 -5088.82171751019
3520103.8245229223 -5092032.363585947 -2838845.7418061686 2697.2059472005026 4493.819646028176 -5085.231297070347
3522799.1455956344 -5087535.541408933 -2843929.175318893 2693.435832992142 4499.82378041109 -5081.634699258438
3525490.695459139 -5083032.71788132 -2849009.009147327 2689.663529484003 4505.822346213164 -5078.03192937214
3528178.4719262314 -5078523.898574726 -2854085.2371220463 2685.8890408658144 4511.815337363272 -5074.42299271465
3530862.4728138964 -5074009.089066833 -2859157.8530789344 2682.1123713272245 4517.802747798007 -5070.807894594667
3533542.6959433085 -5069488.294941387 -2864226.850859186 2678.333525057793 4523.784571461674 -5067.1866403263875
3536219.139139832 -5064961.521788184 -2869292.2243093112 2674.5525062469897 4529.760802306294 -5063.559235229495
3538891.800233019 -5060428.775203062 -2874353.9672811436 2670.7693190841887 4535.7314342916015 -5059.925684629148
3541560.677056613 -5055890.060787899 -2879412.0736318445 2666.983967758665 4541.696461385048 -5056.285993855975
3544225.767448545 -5051345.384150598 -2884466.5372239095 2663.196456459592 4547.655877561803 -5052.640168246061
3546887.0692509366 -5046794.750905086 -2889517.3519251714 2659.406789376035 4553.6096768047555 -5048.988213140944
3549544.580310098 -5042238.166671303 -2894564.5116088083 2655.6149706969477 4559.557853104515 -5045.330133887604
3552198.298476528 -5037675.637075192 -2899608.0101533476 2651.821004611172 4565.500400459411 -5041.665935838451
3554848.2216049144 -5033107.167748696 -2904647.841442672 2648.0248953074297 4571.437312875498 -5037.995624351322
3557494.347554133 -5028532.764329748 -2909683.999366025 2644.226646974318 4577.36858436655 -5034.319204789463
3560136.6741872486 -5023952.432462264 -2914716.4778180155 2640.42626380031 4583.294208954065 -5030.636682521529
3562775.199371516 -5019366.177796133 -2919745.2706986237 2636.6237499737476 4589.21418066727 -5026.9480629215695
3565409.9209783743 -5014774.005987209 -2924770.371913207 2632.819109682838 4595.128493543115 -5023.253351369025
3568040.8368834555 -5010175.92269731 -2929791.775372505 2629.012347115652 4601.03714162628 -5019.5525532487145
3570667.9449665765 -5005571.933594204 -2934809.474992645 2625.2034664601165 4606.940118969172 -5015.845673950824
3573291.2431117427 -5000962.0443516 -2939823.464695146 2621.392471904013 4612.837419631927 -5012.132718870901
3575910.7292071474 -4996346.260649146 -2944833.738406926 2617.5793676349713 4618.72903768241 -5008.413693409843
3578526.401145171 -4991724.588172415 -2949840.2900603064 2613.764157840463 4624.6149671962075 -5004.688602973883
3581138.256822382 -4987097.032612905 -2954843.113593018 2609.9468467078 4630.495202256632 -5000.957452974577
3583746.294139536 -4982463.599668024 -2959842.2029482056 2606.1274384241265 4636.369736954723 -4997.220248828801
3586350.5110015753 -4977824.295041084 -2964837.552074434 2602.3059371764175 4642.238565389242 -4993.47699595874
3588950.9053176297 -4973179.124441298 -2969829.154925691 2598.4823471514737 4648.101681666681 -4989.727699791874
3591547.4750010152 -4968528.0935837645 -2974817.005461396 2594.656672535919 4653.959079901257 -4985.972365760974
3594140.217969234 -4963871.208189468 -2979801.0976464045 2590.828917516195 4659.8107542149155 -4982.210999304091
3596729.1321439752 -4959208.473985265 -2984781.4254510105 2586.99908627856 4665.656698737333 -4978.443605864549
3599314.215451114 -4954539.8967038775 -2989757.982850956 2583.167183009082 4671.496907605912 -4974.670190890934
3601895.465820711 -4949865.482083889 -2994730.7638274324 2579.3332118936355 4677.331374965789 -4970.890759837085
3604472.8811870143 -4945185.235869731 -2999699.7623670897 2575.497177117899 4683.160094969829 -4967.105318162087
3607046.459488455 -4940499.163811681 -3004664.972462038 2571.6590828673498 4688.983061778627 -4963.313871330259
3609616.1986676524 -4935807.271665849 -3009626.388109854 2567.818933327264 4694.800269560519 -4959.516424811154
3612182.0966714085 -4931109.5651941765 -3014584.003313589 2563.9767326827123 4700.611712491579 -4955.712984079546
3614744.1514507113 -4926406.050164422 -3019537.812081769 2560.132485118557 4706.417384755618 -4951.903554615425
3617302.3609607336 -4921696.732350157 -3024487.8084284044 2556.286194819445 4712.217280544185 -4948.088141903984
3619856.7231608336 -4916981.6175307585 -3029433.986372992 2552.4378659698073 4718.011394056573 -4944.266751435615
3622407.236014552 -4912260.7114914 -3034376.3399405223 2548.5875027538523 4723.799719499808 -4940.439388705891
3624953.8974896143 -4907534.020023044 -3039314.863161484 2544.735109355557 4729.582251088646 -4936.60605921555
3627496.7055579307 -4902801.5489224335 -3044249.5500718686 2540.880689958664 4735.358983045573 -4932.766768470485
3630035.658195594 -4898063.303992086 -3049180.3947131764 2537.0242487466735 4741.129909600801 -4928.921521981736
3632570.7533828802 -4893319.291040287 -3054107.3911324223 2533.1657899028432 4746.895024992268 -4925.070325265477
3635101.9891042495 -4888569.515881076 -3059030.5333821387 2529.3053176101844 4752.654323465645 -4921.213183843009
3637629.363348345 -4883813.984334245 -3063949.815520382 2525.4428360514553 4758.407799274328 -4917.350103240752
3640152.874107991 -4879052.702225329 -3068865.2316107377 2521.5783494091647 4764.155446679453 -4913.481088990245
3642672.519380196 -4874285.675385598 -3073776.7757223253 2517.7118618655677 4769.8972599498975 -4909.606146628134
3645188.297166149 -4869512.909652048 -3078684.4419298037 2513.843377602663 4775.633233362276 -4905.725281696173
3647700.2054712214 -4864734.410867397 -3083588.224313376 2509.972900802189 4781.363361200947 -4901.838499741203
3650208.2423049673 -4859950.184880073 -3088488.1169587956 2506.10043564562 4787.087637758012 -4897.945806315152
3652712.4056811207 -4855160.237544209 -3093384.1139573683 2502.225986314159 4792.806057333307 -4894.047206975021
3655212.693617597 -4850364.574719632 -3098276.209405961 2498.3495569887355 4798.518614234409 -4890.142707282869
3657709.104136493 -4845563.20227186 -3103164.397407005 2494.471151849998 4804.225302776625 -4886.232312805804
3660201.6352640856 -4840756.12607209 -3108048.672068502 2490.590775078308 4809.926117282993 -4882.3160291159675
3662690.2850308316 -4835943.351997196 -3112929.0275040255 2486.70843085374 4815.621052084284 -4878.39386179053
3665175.051471369 -4831124.88592971 -3117805.457832732 2482.824123356075 4821.310101519 -4874.465816411679
3667655.9326245133 -4826300.73375783 -3122677.9571793606 2478.937856764798 4826.993259933375 -4870.531898566614
3670132.926533261 -4821470.901375399 -3127546.5196742406 2475.0496352590976 4832.670521681384 -4866.592113847538
3672606.0312447865 -4816635.394681903 -3132411.1394532965 2471.159463017863 4838.341881124747 -4862.646467851661
3675075.244810444 -4811794.219582461 -3137271.810658052 2467.2673442196833 4844.00733263292 -4858.694966181187
3677540.565285766 -4806947.381987823 -3142128.527435636 2463.373283042843 4849.666870583113 -4854.737614443301
3680001.990730463 -4802094.887814353 -3146981.283938787 2459.4772836653165 4855.320489360278 -4850.774418250167
3682459.5192084224 -4797236.742984029 -3151830.074325857 2455.5793502647653 4860.968183357111 -4846.805383218917
3684913.1487877104 -4792372.953424431 -3156674.8927608193 2451.6794870185327 4866.609946974047 -4842.8305149716325
3687362.8775405698 -4787503.525068738 -3161515.7334132707 2447.777698103634 4872.245774619251 -4838.849819135333
3689808.70354342 -4782628.463855713 -3166352.590458438 2443.873987696755 4877.875660708622 -4834.86330134196
3692250.6248768573 -4777747.775729699 -3171185.4580771807 2439.9683599742452 4883.499599665786 -4830.870967228377
3694688.6396256546 -4772861.466640616 -3176014.3304560008 2436.0608191121164 4889.1175859221 -4826.872822436347
3697122.74587876 -4767969.542543942 -3180839.201787042 2432.151369286038 4894.729613916652 -4822.868872612536
3699552.941729297 -4763072.009400721 -3185660.0662680985 2428.2400146713358 4900.335678096261 -4818.859123408501
3701979.225274564 -4758168.873177537 -3190476.9181026174 2424.3267594429913 4905.935772915491 -4814.843580480692
3704401.5946160364 -4753260.139846522 -3195289.7514997055 2420.4116077756407 4911.529892836647 -4810.822249490443
3706820.047859361 -4748345.815385341 -3200098.560674133 2416.4945638435706 4917.11803232978 -4806.795136103964
3709234.5831143605 -4743425.90577718 -3204903.3398463386 2412.575631820714 4922.700185872684 -4802.762245992334
3711645.19849503 -4738500.41701075 -3209704.0832424345 2408.654815880648 4928.2763479508985 -4798.723584831486
3714051.89211954 -4733569.355080268 -3214500.785094212 2404.7321201965883 4933.846513057703 -4794.679158302204
3716454.6621102323 -4728632.725985458 -3219293.4396391446 2400.807548941382 4939.410675694117 -4790.628972090105
3718853.5065936227 -4723690.535731534 -3224082.041120394 2396.8811062875047 4944.968830368891 -4786.573031885625
3721248.4237003983 -4718742.790329201 -3228866.5837868163 2392.952796407055 4950.520971598507 -4782.511343384013
3723639.411565419 -4713789.495794644 -3233647.061892963 2389.0226234717516 4956.0670939071815 -4778.44391228532
3726026.468327714 -4708830.658149517 -3238423.4696990894 2385.0905916529296 4961.607191826864 -4774.3707442943905
3728409.5921304873 -4703866.283420941 -3243195.8014711575 2381.1567051215375 4967.141259897236 -4770.291845120856
3730788.78112111 -4698896.377641491 -3247964.0514808414 2377.2209680481337 4972.669292665711 -4766.207220479125
3733164.033451126 -4693920.946849192 -3252728.2140055317 2373.2833846028852 4978.191284687444 -4762.116876088377
3735535.347276248 -4688939.99708751 -3257488.2833283423 2369.343958955564 4983.707230525321 -4758.020817672553
3737902.7207563594 -4683953.534405346 -3262244.2537381114 2365.4026952755435 4989.21712474997 -4753.919050960353
3740266.1520555113 -4678961.564857023 -3266996.119529409 2361.4595977317954 4994.720961939751 -4749.811581685218
3742625.6393419243 -4673964.094502283 -3271743.8750025406 2357.514670492884 5000.218736680762 -4745.698415585325
3744981.1807879875 -4668961.12940628 -3276487.514463552 2353.5679177269653 5005.710443566835 -4741.57955840358
3747332.774570258 -4663952.675639568 -3281227.032224236 2349.6193436017816 5011.19607719954 -4737.455015887605
3749680.4188694605 -4658938.739278096 -3285962.4226021334 2345.668952284659 5016.675632188177 -4733.324793789731
3752024.111870486 -4653919.3264032 -3290693.67992054 2341.7167479425043 5022.1491031497835 -4729.188897866989
3754363.851762392 -4648894.443101596 -3295420.7985085123 2337.7627347417997 5027.616484709128 -4725.047333881099
3756699.636738405 -4643864.095465371 -3300143.77270087 2333.806916848601 5033.077771498713 -4720.900107598466
3759031.4649959137 -4638828.2895919755 -3304862.5968382014 2329.8492984285326 5038.532958158778 -4716.747224790165
3761359.334736475 -4633787.031584214 -3309577.265266868 2325.889883646787 5043.982039337287 -4712.588691231937
3763683.2441658084 -4628740.327550243 -3314287.772339009 2321.9286766681166 5049.425009689942 -4708.424512704177
3766003.1914938 -4623688.183603556 -3318994.1124125477 2317.9656816568345 5054.8618638801745 -4704.254694991925
3768319.174934499 -4618630.605862981 -3323696.279851194 2314.0009027768097 5060.292596579148 -4700.07924388486
3770631.1927061183 -4613567.600452669 -3328394.26902445 2310.034344191463 5065.717202465758 -4695.898165177289
3772939.2430310342 -4608499.173502091 -3333088.074307614 2306.066010063764 5071.135676226627 -4691.711464668139
3775243.324135786 -4603425.331146027 -3337777.6900817864 2302.095904556231 5076.548012556112 -4687.519148160949
3777543.434251074 -4598346.079524557 -3342463.1107338723 2298.124031830922 5081.954206156302 -4683.321221463862
3779839.571611762 -4593261.424783056 -3347144.330656588 2294.1503960494383 5087.354251737019 -4679.117690389618
3782131.7344568744 -4588171.373072185 -3351821.344248465 2290.1750013729184 5092.748144015819 -4674.908560755547
3784419.921029596 -4583075.930547884 -3356494.1459138533 2286.1978519620334 5098.1358777179885 -4670.693838383556
3786704.129577274 -4577975.103371363 -3361162.730062928 2282.218951976986 5103.517447576546 -4666.47352910012
3788984.358351412 -4572868.897709097 -3365827.091111693 2278.2383055775044 5108.892848332241 -4662.24763873628
3791260.605607677 -4567757.319732816 -3370487.2234819853 2274.2559169228407 5114.262074733546 -4658.016173127622
3793532.8696058923 -4562640.375619496 -3375143.1216014796 2270.2717901717633 5119.625121536665 -4653.779138114271
3795801.148610041 -4557518.071551355 -3379794.7799036936 2266.285929482556 5124.98198350552 -4649.5365395408835
3798065.4408882638 -4552390.41371584 -3384442.1928279907 2262.2983390130153 5130.33265541176 -4645.288383256638
3800325.744712859 -4547257.408305626 -3389085.354819587 2258.3090229204454 5135.677132034758 -4641.034675115224
3802582.0583602823 -4542119.061518603 -3393724.260329554 2254.3179853616557 5141.015408161612 -4636.775420974838
3804834.380111146 -4536975.379557871 -3398358.9038148243 2250.3252304929574 5146.347478587139 -4632.510626698174
3807082.7082502176 -4531826.36863173 -3402989.279738194 2246.330762470164 5151.6733381138865 -4628.240298152413
3809327.0410664203 -4526672.034953673 -3407615.3825683296 2242.3345854485833 5156.992981552123 -4623.964441209217
3811567.376852833 -4521512.384742382 -3412237.206779771 2238.3367035830192 5162.306403719841 -4619.683061744721
3813803.7139066895 -4516347.424221715 -3416854.746852938 2234.3371210277637 5167.613599442759 -4615.396165639527
3816036.050529376 -4511177.159620701 -3421467.9972741315 2230.335841936597 5172.914563554317 -4611.103758778685
3818264.385026435 -4506001.597173532 -3426076.95253554 2226.332870462782 5178.209290895678 -4606.805847051698
3820488.715707558 -4500820.743119551 -3430681.607135244 2222.3282107590653 5183.4977763157285 -4602.502436352506
3822709.0408865935 -4495634.603703255 -3435281.9555772203 2218.32186697767 5188.780014671077 -4598.193532579479
3824925.3588815387 -4490443.185174276 -3439877.9923713463 2214.313843270296 5194.056000826055 -4593.879141635409
3827137.6680145427 -4485246.493787379 -3444469.7120334036 2210.304143788112 5199.325729652716 -4589.5592694275
3829345.966611907 -4480044.535802453 -3449057.109085084 2206.2927726817593 5204.5891960308345 -4585.233921867363
3831550.253004082 -4474837.317484504 -3453640.1780539933 2202.2797341013434 5209.846394847905 -4580.903104871005
3833750.525525668 -4469624.845103646 -3458218.913473654 2198.2650321964306 5215.097320999143 -4576.566824358817
3835946.7825154164 -4464407.124935093 -3462793.309883514 2194.2486711160477 5220.341969387479 -4572.225086255571
3838139.022316225 -4459184.163259154 -3467363.361828945 2190.2306550086764 5225.580334923563 -4567.877896490406
3840327.2432751404 -4453955.966361224 -3471929.063861252 2186.210988022251 5230.812412525761 -4563.525260996821
3842511.4437433584 -4448722.540531772 -3476490.410537675 2182.1896743041552 5236.038197120156 -4559.16718571267
3844691.6220762203 -4443483.892066342 -3481047.3964213943 2178.16671800122 5241.257683640545 -4554.803676580148
3846867.7766332147 -4438240.027265536 -3485600.0160815343 2174.1421232597186 5246.470867028439 -4550.4347395457835
3849039.905777976 -4432990.952435013 -3490148.264093168 2170.115894225363 5251.677742233062 -4546.060380560432
3851208.007878283 -4427736.673885478 -3494692.135037323 2166.088035043302 5256.878304211348 -4541.680605579264
3853372.0813060612 -4422477.197932676 -3499231.6235009814 2162.0585498581186 5262.072547927942 -4537.295420561756
3855532.1244373797 -4417212.530897385 -3503766.7240770888 2158.027442813824 5267.260468355195 -4532.904831471683
3857688.1356524504 -4411942.679105404 -3508297.4313645563 2153.994718053858 5272.442060473173 -4528.508844277111
3859840.1133356295 -4406667.648887546 -3512823.7399682654 2149.9603797210825 5277.617319269643 -4524.107464950389
3861988.0558754154 -4401387.446579639 -3517345.644499072 2145.9244319577824 5282.786239740089 -4519.700699468139
3864131.9616644485 -4396102.078522507 -3521863.1395738097 2141.8868789056633 5287.948816887698 -4515.288553811251
3866271.829099511 -4390811.551061967 -3526376.2198152975 2137.8477247058463 5293.105045723373 -4510.871033964879
3868407.6565815248 -4385515.870548825 -3530884.879852339 2133.8069734988676 5298.254921265726 -4506.448145918426
3870539.4425155534 -4380215.043338859 -3535389.114319732 2129.7646294246742 5303.398438541078 -4502.01989566554
3872667.1853107987 -4374909.075792821 -3539888.917858267 2125.720696622621 5308.535592583457 -4497.586289204105
3874790.883380602 -4369597.9742764225 -3544384.2851147377 2121.6751792314676 5313.666378434602 -4493.1473325362285
3876910.5351424445 -4364281.745160333 -3548875.210741939 2117.6280813893763 5318.790791143954 -4488.703031668238
3879026.1390179433 -4358960.394820164 -3553361.6893986766 2113.579407233906 5323.90882576866 -4484.253392610668
3881137.6934328536 -4353633.929636469 -3557843.715749768 2109.5291609020123 5329.0204773735695 -4479.798421378253
3883245.1968170675 -4348302.355994733 -3562321.2844660473 2105.4773465300423 5334.125741031235 -4475.338123989917
3885348.6476046126 -4342965.680285363 -3566794.39022437 2101.423968253733 5339.224611821906 -4470.87250646877
3887448.044233652 -4337623.908903684 -3571263.027707617 2097.3690302082086 5344.317084833539 -4466.401574842091
3889543.385146484 -4332277.048249925 -3575727.1916046967 2093.312536527975 5349.403155161788 -4461.925335141332
3891634.668789541 -4326925.10472922 -3580186.876610553 2089.25449134692 5354.482817910002 -4457.443793402094
3893721.8936133883 -4321568.084751595 -3584642.077426167 2085.1948987983073 5359.556068189227 -4452.956955664131
3895805.058072726 -4316205.994731958 -3589092.7887585624 2081.133763014775 5364.622901118203 -4448.464827971331
3897884.1606263835 -4310838.841090099 -3593539.005320807 2077.0710881283326 5369.683311823366 -4443.967416371717
3899959.1997373253 -4305466.630250676 -3597980.7218320207 2073.0068782703584 5374.737295438844 -4439.464726917433
3902030.173872644 -4300089.368643205 -3602417.933017376 2068.941137571595 5379.784847106458 -4434.956765664736
3904097.081503565 -4294707.062702061 -3606850.633608104 2064.8738701621505 5384.825961975723 -4430.443538673993
3906159.9211054416 -4289319.718866466 -3611278.8183414997 2060.805080171493 5389.860635203849 -4425.925052009671
3908218.6911577573 -4283927.343580477 -3615702.481960922 2056.734771728451 5394.888861955739 -4421.40131174033
3910273.390144124 -4278529.9432929875 -3620121.6192158023 2052.6629489612087 5399.910637403993 -4416.872323938617
3912324.0165522816 -4273127.52445771 -3624536.2248616465 2048.589615997303 5404.925956728902 -4412.338094681254
3914370.5688740956 -4267720.093533174 -3628946.2936600395 2044.5147769636226 5409.934815118449 -4407.798630049032
3916413.0456055603 -4262307.656982719 -3633351.820378648 2040.4384359864025 5414.937207768309 -4403.253936126802
3918451.445246795 -4256890.221274483 -3637752.799791226 2036.360597191224 5419.933129881845 -4398.704019003467
3920485.766302045 -4251467.792881397 -3642149.226677619 2032.281264703008 5424.9225766701065 -4394.148884771969
3922516.0072796782 -4246040.378281178 -3646541.0958237667 2028.2004426460142 5429.905543351829 -4389.588539529286
3924542.166692188 -4240607.98395632 -3650928.402021708 2024.1181351438377 5434.882025153427 -4385.022989376418
3926564.2430561916 -4235170.616394088 -3655311.140069585 2020.0343463194067 5439.852017309007 -4380.452240418384
3928582.234892427 -4229728.282086505 -3659689.3047716464 2015.9490802949792 5444.815515060352 -4375.8762987642085
3930596.1407257556 -4224280.987530352 -3664062.8909382527 2011.8623411921412 5449.772513656926 -4371.29517052692
3932605.959085159 -4218828.739227156 -3668431.8933858788 2007.7741331318032 5454.723008355879 -4366.708861823537
3934611.68850374 -4213371.543683185 -3672796.306937118 2003.6844602341978 5459.666994422037 -4362.117378775063
3936613.3275187216 -4207909.407409433 -3677156.1264206883 1999.593326618878 5464.604467127907 -4357.5207275064795
3938610.8746714448 -4202442.336921623 -3681511.3466714337 1995.500736404713 5469.535421753673 -4352.918914146736
3940604.3285073703 -4196970.3387401905 -3685861.9625303294 1991.4066937098867 5474.4598535872 -4348.311944828741
3942593.687576076 -4191493.419390281 -3690207.968844484 1987.3112026518938 5479.377757924026 -4343.699825689356
3944578.950431258 -4186011.5854017404 -3694549.360467147 1983.2142673475391 5484.2891300673655 -4339.082562869386
3946560.1156307277 -4180524.8433091072 -3698886.13225771 1979.115891912933 5489.193965328108 -4334.460162513571
3948537.1817364125 -4175033.1996516054 -3703218.279081712 1975.0160804634888 5494.092259024816 -4329.832630770581
3950510.1473143543 -4169536.6609731363 -3707545.7958108406 1970.9148371139217 5498.98400648372 -4325.199973793003
3952479.010934711 -4164035.233822272 -3711868.6773229386 1966.8121659782444 5503.8692030387265 -4320.562197737336
3954443.7711717533 -4158528.924752246 -3716186.918502009 1962.708071169765 5508.74784403141 -4315.919308763981
3956404.426603864 -4153017.740320947 -3720500.514238215 1958.602556801085 5513.619924811012 -4311.271313037234
3958360.9758135392 -4147501.6870909096 -3724809.459427888 1954.4956269840966 5518.485440734445 -4306.618216725282
3960313.417387387 -4141980.771629309 -3729113.748973528 1950.3872858299792 5523.344387166285 -4301.960026000187
3962261.749916124 -4136455.0005079503 -3733413.3777838093 1946.277537449199 5528.196759478778 -4297.296747037884
3964205.97199458 -4130924.3803032646 -3737708.3407735843 1942.166385951504 5533.042553051838 -4292.628386018175
3966146.082221691 -4125388.917596298 -3741998.632863887 1938.0538354459238 5537.881763273036 -4287.954949124712
3968082.0792005053 -4119848.6189727047 -3746284.2489819378 1933.939890040765 5542.714385537614 -4283.276442544998
3970013.9615381756 -4114303.491022741 -3750565.184061145 1929.82455384361 5547.5404152484725 -4278.592872470377
3971941.727845964 -4108753.5403412553 -3754841.4330411116 1925.707830961313 5552.359847816172 -4273.904245096021
3973865.3767392384 -4103198.773527683 -3759112.9908676366 1921.5897254999984 5557.172678658932 -4269.210566620926
3975784.906837472 -4097639.197186037 -3763379.8524927204 1917.4702415650559 5561.978903202626 -4264.511843247898
3977700.3167642453 -4092074.8179249 -3767642.0128745683 1913.349383261139 5566.778516880779 -4259.808081183547
3979611.6051472398 -4086505.6423574174 -3771899.4669775935 1909.2271546921634 5571.571515134572 -4255.099286638282
3981518.770618242 -4080931.67710129 -3776152.209772422 1905.103559961303 5576.357893412838 -4250.385465826303
3983421.8118131426 -4075352.9287787653 -3780400.2362358957 1900.978603170989 5581.137647172059 -4245.6666249655855
3985320.7273719315 -4069769.404016631 -3784643.5413510767 1896.8522884229058 5585.910771876367 -4240.942770277884
3987215.515938703 -4064181.109446207 -3788882.1201072503 1892.7246198179932 5590.677262997557 -4236.213907988721
3989106.1761616496 -4058588.0517033376 -3793115.96749993 1888.5956014564424 5595.4371160150695 -4231.480044327384
3990992.706693064 -4052990.2374283825 -3797345.0785308587 1884.4652374376933 5600.1903264160055 -4226.7411855269165
3992875.106189339 -4047387.673266213 -3801569.4482080163 1880.3335318604331 5604.936889695118 -4221.997337824106
3994753.3733109646 -4041780.365866199 -3805789.0715456195 1876.200488822593 5609.676801354811 -4217.2485074594815
3996627.5067225294 -4036168.321882207 -3810003.943564129 1872.0661124213457 5614.410056905136 -4212.494700677305
3998497.505092718 -4030551.547972587 -3814214.0592902508 1867.9304067531034 5619.136651863797 -4207.73592372556
4000363.367094312 -4024930.0508001684 -3818419.41375694 1863.7933759135117 5623.856581756134 -4202.972182855934
4002225.0914041866 -4019303.8370322525 -3822620.0020034076 1859.6550239974483 5628.569842115126 -4198.203484323824
4004082.6767033124 -4013672.9133406025 -3826815.8190751197 1855.5153550990203 5633.276428481391 -4193.4298343883165
4005936.121676754 -4008037.286401438 -3831006.8600238035 1851.3743733115618 5637.9763364031805 -4188.651239312182
4007785.4250136693 -4002396.9628954264 -3835193.119907452 1847.2320827276312 5642.669561436383 -4183.867705361874
4009630.5854073074 -3996751.949507674 -3839374.5937903253 1843.0884874390092 5647.356099144519 -4179.079238807512
4011471.6015550094 -3991102.252927722 -3843551.2767429566 1838.9435915366973 5652.035945098744 -4174.285845922883
4013308.472158206 -3985447.879849535 -3847723.163842153 1834.7973991109166 5656.709094877848 -4169.487532985428
4015141.1959224194 -3979788.8369714958 -3851890.2501710025 1830.649914251105 5661.375544068262 -4164.684306276244
4016969.7715572594 -3974125.1309963963 -3856052.5308188754 1826.5011410459163 5666.035288264049 -4159.876172080071
4018794.1977764256 -3968456.768631432 -3860210.0008814293 1822.3510835832167 5670.68832306691 -4155.063136685288
4020614.473297702 -3962783.7565881913 -3864362.6554606105 1818.1997459500833 5675.334644086179 -4150.245206383899
4022430.5968429637 -3957106.1015826496 -3868510.48966466 1814.047132232801 5679.974246938819 -4145.422387471531
4024242.5671381685 -3951423.8103351616 -3872653.498608116 1809.8932465168602 5684.607127249426 -4140.594686247423
4026050.3829133594 -3945736.8895704546 -3876791.6774118184 1805.7380928869527 5689.233280650216 -4135.762109014415
4027854.042902665 -3940045.346017618 -3880925.02120291 1801.5816754269688 5693.852702781027 -4130.924662078938
4029653.5458442974 -3934349.1864101 -3885053.525114845 1797.4239982199954 5698.465389289314 -4126.082351751007
4031448.89048055 -3928648.4174856963 -3889177.184287386 1793.2650653483136 5703.071335830152 -4121.235184344216
4033240.0755577995 -3922943.045986543 -3893295.9938666127 1789.104880893396 5707.67053806623 -4116.383166175722
4035027.0998265026 -3917233.0786591102 -3897409.949004924 1784.9434489359053 5712.262991667852 -4111.52630356625
4036809.9620411973 -3911518.5222541937 -3901519.04486104 1780.780773555692 5716.848692312939 -4106.664602840073
4038588.6609605 -3905799.3835269087 -3905623.2766000084 1776.6168588317921 5721.427635687028 -4101.798070325018
4040363.1953471065 -3900075.6692366796 -3909722.6393932044 1772.4517088424282 5725.999817483271 -4096.9267123524505
4042133.5639677895 -3894347.386147235 -3913817.128418339 1768.2853276650042 5730.565233402441 -4092.0505352572754
4043899.765593399 -3888614.541026598 -3917906.738859458 1764.1177193761057 5735.123879152922 -4087.1695453779225
4045661.7989988625 -3882877.1406470793 -3921991.4659069474 1759.9488880514962 5739.675750450715 -4082.283749056343
4047419.662963182 -3877135.191785272 -3926071.3047575383 1755.7788377661152 5744.2208430194305 -4077.393152637999
4049173.356269433 -3871388.70122204 -3930146.2506143074 1751.6075725940764 5748.759152590293 -4072.4977624718567
4050922.8777047656 -3865637.675742512 -3934216.2986866827 1747.435096608665 5753.290674902134 -4067.597584910381
4052668.2260604026 -3859882.1221360737 -3938281.4441904477 1743.261413882335 5757.815405701394 -4062.692626309525
4054409.4001316405 -3854122.0471963626 -3942341.6823477414 1739.086528486709 5762.333340742119 -4057.7828930287224
4056146.398717844 -3848357.4577212557 -3946397.008387066 1734.910444492573 5766.84447578596 -4052.86839143088
4057879.2206224496 -3842588.360512867 -3950447.417543286 1730.7331659698764 5771.348806602174 -4047.949127882373
4059607.864652964 -3836814.7623775364 -3954492.9050576366 1726.5546969877296 5775.846328967618 -4043.025108753033
4061332.329620961 -3831036.670125822 -3958533.4661777224 1722.3750416144012 5780.33703866675 -4038.0963404161425
4063052.614342084 -3825254.090572495 -3962569.0961575247 1718.1942039173161 5784.8209314916285 -4033.1628292484284
4064768.7176360427 -3819467.0305365305 -3966599.790257402 1714.0121879630517 5789.298003241903 -4028.2245816300483
4066480.6383266128 -3813675.4968411005 -3970625.5437440956 1709.8289978173373 5793.768249724816 -4023.281603944587
4068188.3752416354 -3807879.4963135654 -3974646.351890731 1705.64463754505 5798.231666755204 -4018.333902579047
4069891.9272130155 -3802079.035785467 -3978662.209976823 1701.4591112102146 5802.688250155493 -4013.3814839238394
4071591.2930767224 -3796274.122092521 -3982673.113288279 1697.2724228759998 5807.137995755694 -4008.4243543727807
4073286.4716727883 -3790464.7620746098 -3986679.0571174016 1693.0845766047173 5811.580899393408 -4003.462520323081
4074977.4618453067 -3784650.9625757737 -3990680.0367628923 1688.8955764578197 5816.016956913825 -3998.4959881753407
4076664.262442432 -3778832.7304442036 -3994676.047529854 1684.705426495899 5820.446164169717 -3993.524764333542
4078346.8723163796 -3773010.0725322356 -3998667.0847297963 1680.5141307786853 5824.868517021448 -3988.5488552050433
4080025.2903234237 -3767182.9956963393 -4002653.143680638 1676.321693365044 5829.284011336968 -3983.568267200573
4081699.515323897 -3761351.5067971153 -4006634.2197067095 1672.128118312975 5833.692642991813 -3978.5830067342195
4083369.5461821896 -3755515.6126992824 -4010610.3081387575 1667.9334096796094 5838.094407869099 -3973.5930802234275
4085035.381766748 -3749675.320271673 -4014581.404313948 1663.737571521208 5842.4893018595285 -3968.5984940889866
4086697.0209500757 -3743830.6363872266 -4018547.5035758684 1659.5406078931594 5846.877320861382 -3963.5992547550263
4088354.4626087295 -3737981.567922978 -4022508.601274533 1655.3425228499768 5851.2584607805165 -3958.5953686490047
4090007.705623322 -3732128.1217600554 -4026464.6927663856 1651.143320445296 5855.632717530365 -3953.586842201703
4091656.7488785177 -3726270.3047836674 -4030415.7734143003 1646.9430047318733 5860.000087031928 -3948.5736818472146
4093301.5912630334 -3720408.1238830984 -4034361.8385875896 1642.7415797615827 5864.36056521378 -3943.5558940229403
4094942.231669639 -3714541.5859517013 -4038302.883662003 1638.5390495854147 5868.714148012064 -3938.5334851695784
4096578.668995152 -3708670.697886888 -4042238.904019733 1634.3354182534745 5873.060831370484 -3933.5064617311195
4098210.902140443 -3702795.4665901237 -4046169.895049419 1630.130689814979 5877.400611240319 -3928.474830154839
4099838.9300104296 -3696915.898966918 -4050095.852146147 1625.9248683182566 5881.733483580408 -3923.438596891287
4101462.7515140763 -3691032.0019268175 -4054016.7707114564 1621.7179578107439 5886.059444357153 -3918.397768394288
4103082.3655643957 -3685143.7823834005 -4057932.6461533434 1617.5099623389856 5890.378489544523 -3913.3523511209287
4104697.771078448 -3679251.247254265 -4061843.4738862603 1613.3008859486315 5894.690615124051 -3908.3023515315526
4106308.9669773346 -3673354.4034610256 -4065749.2493311227 1609.0907326844344 5898.995817084829 -3903.247776089753
4107915.952186206 -3667453.2579293028 -4069649.9679153115 1604.8795065902493 5903.294091423506 -3898.1886312623647
4109518.7256342527 -3661547.8175887177 -4073545.6250726753 1600.6672117090309 5907.585434144296 -3893.1249235194573
4111117.286254709 -3655638.089372883 -4077436.2162435357 1596.4538520828307 5911.869841258966 -3888.0566593343274
4112711.6329848506 -3649724.0802193955 -4081321.736874689 1592.2394317527967 5916.147308786834 -3882.9838451834926
4114301.7647659937 -3643805.79706983 -4085202.1824194076 1588.0239547591702 5920.417832754775 -3877.906487546681
4115887.6805434944 -3637883.2468697284 -4089077.5483374475 1583.8074251412843 5924.681409197213 -3872.824592906827
4117469.3792667477 -3631956.436568597 -4092947.8300950485 1579.5898469375618 5928.938034156122 -3867.7381677500616
4119046.8598891865 -3626025.3731198944 -4096813.0231649387 1575.3712241855133 5933.187703681025 -3862.6472185657058
4120620.121368281 -3620090.0634810273 -4100673.1230263356 1571.1515609217363 5937.430413828989 -3857.551751846264
4122189.162665538 -3614150.514613341 -4104528.1251649517 1566.9308611819117 5941.666160664628 -3852.451774087417
4123753.982746498 -3608206.7334821126 -4108378.0250729965 1562.7091290008034 5945.8949402600965 -3847.3472917880135
4125314.580580737 -3602258.727056542 -4112222.818249181 1558.4863684122556 5950.116748695095 -3842.238311450065
4126870.9551418643 -3596306.5023097466 -4116062.5001987186 1554.2625834491928 5954.331582056867 -3837.124839578737
4128423.105407521 -3590350.066218754 -4119897.06643333 1550.0377781436164 5958.539436440192 -3832.0068826823444
4129971.030359381 -3584389.4257644913 -4123726.512471245 1545.8119565266027 5962.74030794739 -3826.884447272343
4131514.7289831475 -3578424.5879317806 -4127550.833837208 1541.5851226283025 5966.934192688322 -3821.7575398633226
4133054.2002685536 -3572455.5597093306 -4131370.026062478 1537.3572804779392 5971.121086780379 -3816.626166972998
4134589.4432093618 -3566482.348089728 -4135184.084684834 1533.1284341038051 5975.300986348492 -3811.4903351222056
4136120.456803362 -3560504.9600694315 -4138993.0052485764 1528.8985875332614 5979.473887525121 -3806.350050834892
4137647.2400523713 -3554523.4026487623 -4142796.7833045335 1524.667744792736 5983.639786450256 -3801.205320638109
4139169.791962233 -3548537.6828318993 -4146595.4144100593 1520.43590990772 5987.798679271416 -3796.056151062004
4140688.111542814 -3542547.807626869 -4150388.894129041 1516.2030869027692 5991.950562143647 -3790.9025486398173
4142202.1978080063 -3536553.7840455407 -4154177.218031902 1511.969279801499 5996.095431229521 -3785.744519907869
4143712.0497757257 -3530555.6191036156 -4157960.3816956 1507.7344926265841 6000.233282699129 -3780.5820714055562
4145217.666467909 -3524553.3198206224 -4161738.380703637 1503.4987293997576 6004.364112730088 -3775.415209675346
4146719.0469105146 -3518546.893219907 -4165511.2106460566 1499.2619941418075 6008.487917507536 -3770.2439412627646
4148216.190133522 -3512536.346328628 -4169278.8671194506 1495.0242908725756 6012.604693224125 -3765.0682727163935
4149709.095170928 -3506521.686177746 -4173041.3457269613 1490.7856236109562 6016.714436080027 -3759.8882105878597
4151197.7610607515 -3500502.919802019 -4176798.6420782832 1486.545996374893 6020.817142282922 -3754.70376143183
4152682.1868450255 -3494480.054239993 -4180550.751789668 1482.305413181379 6024.912808048009 -3749.514931806002
4154162.3715698007 -3488453.096533995 -4184297.6704839254 1478.063878046453 6029.001429597989 -3744.3217282710993
4155638.314285143 -3482422.0537301255 -4188039.393790428 1473.8213949851995 6033.083003163078 -3739.1241573908633
4157110.0140451337 -3476386.9328782517 -4191775.9173451136 1469.5779680117462 6037.157524980998 -3733.922225732046
4158577.4699078673 -3470347.741031998 -4195507.236790489 1465.3336011392626 6041.224991296973 -3728.715939864404
4160040.6809354504 -3464304.4852487408 -4199233.347775631 1461.0882983799586 6045.285398363738 -3723.5053063606906
4161499.6461940017 -3458257.1725896 -4202954.24595619 1456.8420637450836 6049.338742441533 -3718.290331796653
4162954.3647536514 -3452205.810119432 -4206669.926994396 1452.5949012449248 6053.3850197981 -3713.0710227510235
4164404.835688539 -3446150.4049068196 -4210380.386559058 1448.3468148888057 6057.4242267086875 -3707.8473858055127
4165851.0580768124 -3440090.9640240693 -4214085.620325568 1444.097808685084 6061.456359456044 -3702.6194275448024
4167293.031000628 -3434027.494547199 -4217785.623975905 1439.8478866411497 6065.4814143304175 -3697.387154556539
4168730.7535461495 -3427960.003555934 -4221480.393198635 1435.5970527634247 6069.499387629556 -3692.150573431326
4170164.2248035455 -3421888.4981336966 -4225169.923688919 1431.3453110573598 6073.510275658699 -3686.909690762717
4171593.44386699 -3415812.985367602 -4228854.211148512 1427.0926655274334 6077.514074730585 -3681.6645131472087
4173018.4098346606 -3409733.4723484474 -4232533.251285764 1422.839120177149 6081.510781165435 -3676.4150471842295
4174439.1218087384 -3403649.9661707077 -4236207.039815631 1418.5846790090336 6085.5003912909615 -3671.1612994761354
4175855.5788954063 -3397562.473932524 -4239875.572459669 1414.3293460246364 6089.4829014423585 -3665.903276628204
4177267.780204849 -3391471.0027357005 -4243538.844946042 1410.0731252245268 6093.458307962306 -3660.6409852486236
4178675.7248512497 -3385375.5596856936 -4247196.853009525 1405.8160206082937 6097.426607200966 -3655.3744319484895
4180079.4119527927 -3379276.1518916064 -4250849.592391503 1401.558036174543 6101.3877955159805 -3650.1036233417963
4181478.840631659 -3373172.7864661817 -4254497.058839978 1397.299175920897 6105.34186927247 -3644.8285660454317
4182874.010014027 -3367065.470525791 -4258139.24810957 1393.0394438439916 6109.2888248430345 -3639.54926667917
4184264.9192300714 -3360954.2111904314 -4261776.155961519 1388.778843939478 6113.228658607757 -3634.265731865667
4185651.5674139615 -3354839.015583716 -4265407.778163692 1384.517380202019 6117.161366954195 -3628.977968230453
4187033.9537038626 -3348719.8908328647 -4269034.110490582 1380.255056625288 6121.086946277384 -3623.685982401926
4188412.0772419306 -3342596.844068702 -4272655.148723309 1375.9918772019678 6125.005392979839 -3618.389781011346
4189785.937174315 -3336469.882425643 -4276270.8886496285 1371.7278459237486 6128.916703471541 -3613.089370692826
4191155.5326511567 -3330339.0130416905 -4279881.326063931 1367.4629667813272 6132.820874169948 -3607.784758083326
4192520.8628265862 -3324204.243058426 -4283486.456767245 1363.1972437644047 6136.7179014999865 -3602.475949822647
4193881.9268587236 -3318065.5796210025 -4287086.27656724 1358.930680861684 6140.6077818940485 -3597.1629525534213
4195238.723909677 -3311923.0298781367 -4290680.78127823 1354.66328206087 6144.490511791986 -3591.845772921105
4196591.253145541 -3305776.6009821016 -4294269.966721176 1350.3950513486652 6148.366087641112 -3586.5244175739713
4197939.513736399 -3299626.3000887195 -4297853.828723689 1346.1259927107706 6152.2345058962 -3581.198893163103
4199283.504856315 -3293472.1343573537 -4301432.363120031 1341.8561101318826 6156.095763019475 -3575.8692063423873
4200623.225683344 -3287314.1109509016 -4305005.565751121 1337.585407595693 6159.94985548062 -3570.535363768508
4201958.675399516 -3281152.237035787 -4308573.432464535 1333.3138890848857 6163.796779756768 -3565.1973721009376
4203289.853190848 -3274986.519781955 -4312135.9591145115 1329.0415585811372 6167.636532332508 -3559.855238001933
4204616.75824734 -3268816.9663628587 -4315693.14156195 1324.768420065115 6171.469109699878 -3554.5089681365275
4205939.389762969 -3262643.583955458 -4319244.975674418 1320.4944775164765 6175.294508358371 -3549.158569172531
4207257.746935689 -3256466.3797402093 -4322791.457326152 1316.219734913868 6179.112724814936 -3543.804047780517
4208571.828967437 -3250285.3609010577 -4326332.582398062 1311.944196234924 6182.923755583969 -3538.445410633822
4209881.635064125 -3244100.53462543 -4329868.346777728 1307.6678654562645 6186.727597187319 -3533.0826644085364
4211187.164435641 -3237911.908104229 -4333398.746359411 1303.3907465534944 6190.524246154282 -3527.715815783494
4212488.416295848 -3231719.488531822 -4336923.777044054 1299.1128435012017 6194.313699021602 -3522.344871440272
4213785.389862584 -3225523.2831060374 -4340443.43473928 1294.8341602729558 6198.095952333463 -3516.9698380631803
4215078.084357658 -3219323.2990281563 -4343957.715359398 1290.5547008413073 6201.8710026414965 -3511.5907223392533
4216366.499006855 -3213119.543502903 -4347466.614825406 1286.2744691777832 6205.638846504759 -3506.207530958241
4217650.633039927 -3206912.0237384397 -4350970.129064992 1281.9934692528861 6209.399480489743 -3500.8202706126017
4218930.485690597 -3200700.7469463586 -4354468.25401254 1277.7117050360932 6213.152901170363 -3495.428947997494
4220206.056196559 -3194485.7203416736 -4357960.985609129 1273.4291804958548 6216.899105127964 -3490.0335698107724
4221477.343799472 -3188266.9511428145 -4361448.319802538 1269.1458995995922 6220.638088951312 -3484.6341427529783
4222744.347744962 -3182044.446571617 -4364930.252547246 1264.8618663136974 6224.3698492366 -3479.2306735273355
4224007.067282624 -3175818.213853319 -4368406.779804438 1260.5770846035316 6228.094382587437 -3473.8231688397414
4225265.501666015 -3169588.2602165504 -4371877.897542007 1256.2915584334235 6231.811685614857 -3468.4116353987642
4226519.650152657 -3163354.5928933253 -4375343.601734555 1252.0052917666699 6235.521754937315 -3462.9960799156365
4227769.5120040355 -3157117.219119036 -4378803.888363396 1247.7182885655352 6239.224587180694 -3457.576509104252
4229015.086485596 -3150876.146132446 -4382258.75341656 1243.4305527912488 6242.920178978302 -3452.152929681161
4230256.372866746 -3144631.3811756806 -4385708.192888794 1239.1420884040058 6246.608526970874 -3446.7253483655595
4231493.370420852 -3138382.9314942225 -4389152.202781566 1234.8528993629636 6250.28962780656 -3441.293771879287
4232726.07842524 -3132130.8043369018 -4392590.7791030705 1230.5629896262428 6253.963478140934 -3435.8582069468166
4233954.496161192 -3125875.0069558877 -4396023.917868221 1226.2723631509234 6257.630074636989 -3430.418660295251
4235178.622913948 -3119615.5466066846 -4399451.615098665 1221.9810238930454 6261.289413965131 -3424.975138654314
4236398.457972703 -3113352.4305481217 -4402873.866822776 1217.6889758076068 6264.941492803178 -3419.527648756343
4237614.000630605 -3107085.666042347 -4406290.669075669 1213.3962228485595 6268.586307836353 -3414.076197336278
4238825.250184759 -3100815.26035482 -4409702.017899187 1209.10276896881 6272.223855757279 -3408.6207911316574
4240032.205936219 -3094541.2207543035 -4413107.909341916 1204.8086181202168 6275.85413326598 -3403.16143688261
4241234.867189992 -3088263.5545128565 -4416508.339459185 1200.5137742535894 6279.4771370698745 -3397.6981413318476
4242433.233255036 -3081982.268905828 -4419903.304313062 1196.218241318688 6283.0928638837795 -3392.23091122466
4243627.303444258 -3075697.371211846 -4423292.799972366 1191.9220232642203 6286.701310429906 -3386.759753308908
4244817.077074509 -3069408.868712815 -4426676.822512661 1187.625124037843 6290.302473437856 -3381.284674335017
4246002.553466592 -3063116.768693905 -4430055.368016267 1183.3275475861585 6293.896349644623 -3375.8056810559706
4247183.731945254 -3056821.078443545 -4433428.432572256 1179.0292978547154 6297.4829357945955 -3370.322780227307
4248360.611839188 -3050521.8052534168 -4436796.012276457 1174.7303787880076 6301.062228639557 -3364.835978607114
4249533.192481032 -3044218.956418447 -4440158.103231459 1170.4307943294739 6304.634224938686 -3359.3452829560238
4250701.473207363 -3037912.539236799 -4443514.701546612 1166.1305484214954 6308.198921458552 -3353.850700037205
4251865.453358705 -3031602.5610098653 -4446865.803338031 1161.829645005396 6311.756314973116 -3348.352236616356
4253025.132279519 -3025289.0290422607 -4450211.4047286 1157.52808802144 6315.3064022637245 -3342.8498994617003
4254180.509318206 -3018971.950641816 -4453551.501847967 1153.225881408831 6318.849180119115 -3337.343695343979
4255331.583827107 -3012651.3331195693 -4456886.090832557 1148.923029105711 6322.384645335406 -3331.833631036445
4256478.3551625 -3006327.183789758 -4460215.1678255685 1144.6195350491594 6325.912794716103 -3326.3197133148533
4257620.8226846 -2999999.5099698124 -4463538.728976975 1140.3154031751894 6329.43362507208 -3320.801948957455
4258758.985757557 -2993668.318980349 -4466856.770443532 1136.0106374187476 6332.947133221583 -3315.2803447449883
4259892.843749455 -2987333.6181451627 -4470169.288388774 1131.7052417137138 6336.453315990228 -3309.754907460673
4261022.396032312 -2980995.414791218 -4473476.278983024 1127.3992199928975 6339.952170210998 -3304.2256438902027
4262147.6419820795 -2974653.7162486436 -4476777.738403388 1123.0925761880387 6343.443692724241 -3298.6925608217393
4263268.580978638 -2968308.529850723 -4480073.662833764 1118.7853142298056 6346.92788037767 -3293.1556650459083
4264385.212405798 -2961959.8629338904 -4483364.048464841 1114.4774380477952 6350.4047300263555 -3287.61496335579
4265497.535651301 -2955607.722837718 -4486648.891494103 1110.16895157053 6353.874238532732 -3282.0704625469148
4266605.550106816 -2949252.1169049153 -4489928.188125828 1105.859858725459 6357.336402766594 -3276.522169417256
4267709.255167938 -2942893.052481317 -4493201.934571098 1101.5501634389566 6360.7912196051 -3270.9700907672304
4268808.650234188 -2936530.5369158764 -4496470.127047791 1097.239869636322 6364.238685932771 -3265.4142333996883
4269903.734709013 -2930164.5775606586 -4499732.761780593 1092.928981241779 6367.678798641492 -3259.8546041199106
4270994.507999783 -2923795.1817708337 -4502989.835000996 1088.6175021784732 6371.111554630507 -3254.2912097355998
4272080.96951779 -2917422.356904669 -4506241.3429473 1084.305436368472 6374.53695080642 -3248.7240570568756
4273163.118678246 -2911046.1103235213 -4509487.281864616 1079.992787732764 6377.954984083188 -3243.1531528962673
4274240.954900287 -2904666.449391829 -4512727.64800487 1075.679560191256 6381.365651382125 -3237.5785040687083
4275314.477606966 -2898283.381477107 -4515962.437626803 1071.365757662774 6384.768949631899 -3232.0001173915302
4276383.686225256 -2891896.913949936 -4519191.646995977 1067.0513840650606 6388.164875768524 -3226.417999684454
4277448.580186046 -2885507.05418396 -4522415.272384769 1062.7364433147739 6391.553426735361 -3220.8321577695847
4278509.158924141 -2879113.8095558723 -4525633.310072387 1058.4209393274866 6394.934599483114 -3215.242598471402
4279565.421878261 -2872717.1874454147 -4528845.7563448595 1054.1048760176843 6398.308390969822 -3209.6493286167556
4280617.36849104 -2866317.1952353655 -4532052.607495045 1049.7882572987646 6401.674798160865 -3204.0523550348603
4281664.998209026 -2859913.8403115347 -4535253.85982263 1045.4710870830365 6405.03381802896 -3198.4516845572866
4282708.310482677 -2853507.130062755 -4538449.509634138 1041.1533692817195 6408.385447554157 -3192.8473240179574
4283747.304766363 -2847097.071880878 -4541639.553242924 1036.8351078049418 6411.729683723839 -3187.23928025314
4284781.980518364 -2840683.673160761 -4544823.986969181 1032.5163065617396 6415.066523532722 -3181.6275601014418
4285812.337200867 -2834266.941300265 -4548002.807139944 1028.196969460057 6418.39596398285 -3176.012170403802
4286838.3742799675 -2827846.8837002455 -4551176.010089088 1023.877100406744 6421.718002083593 -3170.3931180034874
4287860.091225666 -2821423.5077645425 -4554343.592157332 1019.5567033075563 6425.03263485165 -3164.770409746085
4288877.4875118695 -2814996.8208999783 -4557505.549692244 1015.2357820671534 6428.339859311044 -3159.1440524794975
4289890.562616387 -2808566.8305163463 -4560661.8790482385 1010.9143405890984 6431.639672493118 -3153.514053053935
4290899.316020936 -2802133.544026405 -4563812.576586582 1006.5923827758569 6434.9320714365385 -3147.8804183219113
4291903.7472111285 -2795696.9688458713 -4566957.638675397 1002.2699125287958 6438.217053187288 -3142.2431551382356
4292903.855676482 -2789257.1123934104 -4570097.061689661 997.9469337481829 6441.494614798669 -3136.6022703600074
4293899.640910414 -2782813.982090633 -4573230.842011206 993.6234503331852 6444.764753331299 -3130.9577708466113
4294891.102410237 -2776367.5853620847 -4576358.976028729 989.2994661818685 6448.027465853109 -3125.3096634597105
4295878.239677165 -2769917.929635239 -4579481.460137788 984.974985191197 6451.282749439342 -3119.65795506324
4296861.0522163045 -2763465.02234049 -4582598.290740808 980.6500112570318 6454.53060117256 -3114.0026525234043
4297839.539536662 -2757008.870911148 -4585709.464247078 976.3245482741305 6457.771018142632 -3108.3437627086682
4298813.701151135 -2750549.482783427 -4588814.977072757 971.9986001361466 6461.003997446739 -3102.681292489752
4299783.536576514 -2744086.8653964414 -4591914.825640879 967.6721707356276 6464.229536189369 -3097.015248739627
4300749.045333483 -2737621.0261921976 -4595009.006381351 963.3452639640147 6467.447631482317 -3091.345638333507
4301710.226946617 -2731151.9726155866 -4598097.515730954 959.0178837116421 6470.658280444682 -3085.6724681488427
4302667.080944376 -2724679.7121143765 -4601180.350133348 954.6900338677356 6473.861480202866 -3079.9957450653164
4303619.606859117 -2718204.2521392046 -4604257.506039077 950.361718320412 6477.05722789057 -3074.3154759648373
4304567.804227077 -2711725.600143572 -4607328.979905565 946.032940956678 6480.245520648794 -3068.6316677315317
4305511.672588385 -2705243.7635838347 -4610394.768197124 941.7037056624282 6483.426355625829 -3062.944327251735
4306451.211487052 -2698758.749919196 -4613454.867384951 937.3740163224452 6486.599729977257 -3057.2534614139913
4307386.420470975 -2692270.566611701 -4616509.27394713 933.043876820398 6489.765640865947 -3051.559077109041
4308317.299091933 -2685779.221126228 -4619557.984368645 928.713291038842 6492.924085462058 -3045.861181229819
4309243.846905586 -2679284.720930482 -4622600.995141364 924.3822628592173 6496.075060943033 -3040.159780671447
4310166.063471478 -2672787.0734949852 -4625638.30276406 920.0507961618481 6499.218564493596 -3034.4548823312275
4311083.948353031 -2666286.286293074 -4628669.9037424 915.7188948259422 6502.354593305754 -3028.74649310864
4311997.501117543 -2659782.366800887 -4631695.794588951 911.3865627295899 6505.483144578795 -3023.0346199053324
4312906.721336194 -2653275.322497361 -4634715.971823186 907.0538037497631 6508.604215519286 -3017.3192696251153
4313811.60858404 -2646765.160864222 -4637730.431971477 902.7206217623155 6511.717803341071 -3011.6004491739604
4314712.1624400085 -2640251.8893859787 -4640739.171567112 898.3870206419809 6514.823905265274 -3005.878165459992
4315608.382486904 -2633735.515549915 -4643742.187150281 894.0530042623735 6517.922518520297 -3000.152425393482
4316500.268311404 -2627216.046846083 -4646739.475268086 889.7185764959859 6521.013640341812 -2994.4232358868444
4317387.819504057 -2620693.4907672955 -4649731.032474547 885.3837412141893 6524.097267972768 -2988.6906038546285
4318271.035659283 -2614167.8548091184 -4652716.855330594 881.0485022872319 6527.173398663385 -2982.9545362135136
4319149.916375373 -2607639.1464698636 -4655696.940404077 876.7128635842391 6530.24202967115 -2977.2150398823037
4320024.461254482 -2601107.3732505823 -4658671.284269769 872.3768289732116 6533.303158260818 -2971.4721217819206
4320894.669902638 -2594572.5426550573 -4661639.883509359 868.0404023210253 6536.356781704412 -2965.7257888353975
4321760.541929731 -2588034.6621897956 -4664602.734711465 863.7035874934303 6539.402897281216 -2959.976047967875
4322622.07694952 -2581493.7393640215 -4667559.83447163 859.3663883550495 6542.441502277773 -2954.2229061065923
4323479.2745796265 -2574949.7816896685 -4670511.179392324 855.0288087693788 6545.472593987887 -2948.466370180883
4324332.134441531 -2568402.7966813743 -4673456.766082947 850.6908525987855 6548.496169712618 -2942.7064471221684
4325180.656160583 -2561852.7918564696 -4676396.5911598345 846.3525237045078 6551.512226760277 -2936.943143863952
4326024.839365985 -2555299.7747349744 -4679330.651246253 842.0138259466542 6554.520762446433 -2931.1764673418147
4326864.683690807 -2548743.75283959 -4682258.94297241 837.6747631842024 6557.521774093901 -2925.406424493405
4327700.188771971 -2542184.73369569 -4685181.462975446 833.3353392749992 6560.515259032748 -2919.6330222584406
4328531.35425026 -2535622.724831315 -4688098.207899446 828.9955580757593 6563.501214600288 -2913.8562675786934
4329358.17977031 -2529057.733777165 -4691009.174395436 824.6554234420644 6566.4796381410815 -2908.076167397992
4330180.664980616 -2522489.768066591 -4693914.35912139 820.314939228363 6569.450527006932 -2902.292728662212
4330998.809533525 -2515918.8352355896 -4696813.758742224 815.9741092879694 6572.413878556887 -2896.505958319271
4331812.613085236 -2509344.942822794 -4699707.369929809 811.632937473064 6575.369690157237 -2890.7158633191234
4332622.0752957985 -2502768.0983694675 -4702595.189362962 807.2914276346911 6578.317959181512 -2884.9224506137552
4333427.195829114 -2496188.3094194965 -4705477.213727453 802.9495836227596 6581.258683010486 -2879.125727157177
4334227.974352935 -2489605.583519382 -4708353.43971601 798.6074092860412 6584.191859032161 -2873.3256999054192
4335024.410538861 -2483019.9282182357 -4711223.864028318 794.2649084721702 6587.117484641781 -2867.522375816526
4335816.504062336 -2476431.351067768 -4714088.4833710175 789.922085027643 6590.035557241817 -2861.7157618505507
4336604.254602654 -2469839.859622285 -4716947.294457714 785.5789427978171 6592.946074241978 -2855.9058649695476
4337387.6618429525 -2463245.4614386787 -4719800.294008973 781.2354856269108 6595.849033059199 -2850.0926921375676
4338166.725470209 -2456648.16407642 -4722647.478752327 776.8917173580014 6598.744431117642 -2844.2762503206527
4338941.445175248 -2450047.9750975524 -4725488.845422275 772.5476418330259 6601.6322658486915 -2838.456546486829
4339711.820652735 -2443444.9020666857 -4728324.390760286 768.2032628927789 6604.512534690955 -2832.6335876061003
4340477.851601175 -2436838.9525509854 -4731154.111514797 763.8585843769127 6607.385235090259 -2826.8073806504435
4341239.537722911 -2430230.1341201686 -4733978.004441221 759.5136101239368 6610.250364499645 -2820.9779325938016
4341996.878724123 -2423618.454346496 -4736796.066301944 755.1683439712168 6613.107920379374 -2815.1452504120803
4342749.8743148325 -2417003.9208047637 -4739608.293866329 750.8227897549738 6615.9579001969205 -2809.3093410831393
4343498.524208891 -2410386.541072298 -4742414.68391072 746.4769513102838 6618.800301426969 -2803.4702115867894
4344242.828123989 -2403766.3227289454 -4745215.23321844 742.1308324710776 6621.635121551415 -2797.6278689047863
4344982.785781646 -2397143.2733570673 -4748009.938579795 737.7844370701398 6624.462358059366 -2791.782320020824
4345718.396907218 -2390517.4005415333 -4750798.796792077 733.437768939108 6627.282008447136 -2785.9335719205296
4346449.661229891 -2383888.711869712 -4753581.80465956 729.0908319084729 6630.094070218243 -2780.08163159146
4347176.578482678 -2377257.2149314657 -4756358.958993514 724.7436298075772 6632.898540883419 -2774.2265060230948
4347899.1484024245 -2370622.9173191413 -4759130.256612192 720.3961664646159 6635.695417960594 -2768.368202206831
4348617.370729802 -2363985.826627565 -4761895.694340844 716.0484457066347 6638.484698974903 -2762.5067271359767
4349331.245209307 -2357345.950454035 -4764655.269011712 711.7004713595297 6641.266381458685 -2756.642087805749
4350040.771589266 -2350703.296398312 -4767408.977464035 707.3522472480472 6644.040462951474 -2750.7742912132635
4350745.949621824 -2344057.8720626137 -4770156.81654405 703.0037771957828 6646.806941000005 -2744.9033443575336
4351446.779062951 -2337409.6850516084 -4772898.783104996 698.655065025181 6649.565813158208 -2739.02925423946
4352143.2596724415 -2330758.742972407 -4775634.87400711 694.3061145575341 6652.317076987205 -2733.152027861828
4352835.391213907 -2324105.053434554 -4778365.0861176355 689.9569296129824 6655.060730055313 -2727.2716722293035
4353523.173454782 -2317448.624050024 -4781089.41631082 685.6075140105132 6657.796769938037 -2721.3881943484225
4354206.606166316 -2310789.462433212 -4783807.861467919 681.25787156796 6660.525194218069 -2715.5016012275896
4354885.689123578 -2304127.5762009257 -4786520.418477198 676.908006102002 6663.246000485289 -2709.6118998770703
4355560.422105452 -2297462.97297238 -4789227.084233933 672.5579214281639 6665.959186336757 -2703.719097308986
4356230.804894637 -2290795.6603691895 -4791927.855640414 668.2076213608152 6668.664749376716 -2697.823200537308
4356896.837277647 -2284125.64601536 -4794622.729605945 663.8571097131693 6671.36268721659 -2691.9242165778523
4357558.519044808 -2277452.9375372836 -4797311.703046845 659.5063902972835 6674.052997474979 -2686.0221524482763
4358215.849990256 -2270777.542563729 -4799994.772886457 655.1554669240584 6676.735677777663 -2680.117015168069
4358868.82991194 -2264099.468725836 -4802671.936055139 650.8043434032368 6679.410725757596 -2674.2088117585486
4359517.458611616 -2257418.7236571084 -4805343.189490272 646.4530235434039 6682.078139054902 -2668.2975492428563
4360161.7358948495 -2250735.3149934052 -4808008.530136264 642.1015111519866 6684.7379153168795 -2662.3832346459517
4360801.661571012 -2244049.2503729356 -4810667.954944546 637.7498100352532 6687.3900521979995 -2656.465874994606
4361437.23545328 -2237360.537436249 -4813321.460873579 633.3979239983123 6690.034547359897 -2650.5454773173974
4362068.457358635 -2230669.1838262323 -4815969.044888849 629.0458568451132 6692.671398471381 -2644.622048644707
4362695.327107864 -2223975.197188098 -4818610.703962881 624.6936123784448 6695.300603208421 -2638.6955960087107
4363317.844525554 -2217278.585169379 -4821246.435075224 620.3411943999355 6697.922159254156 -2632.7661264433777
4363936.009440094 -2210579.3554199236 -4823876.23521247 615.9886067100524 6700.536064298884 -2626.8336469844608
4364549.821683671 -2203877.515591883 -4826500.101368243 611.635853108101 6703.1423160400645 -2620.8981646694933
4365159.281092272 -2197173.0733397105 -4829118.030543204 607.2829373922244 6705.740912182317 -2614.9596865377835
4365764.387505682 -2190466.0363201485 -4831730.01974506 602.9298633594036 6708.331850437416 -2609.0182196304095
4366365.140767483 -2183756.4121922255 -4834336.065988555 598.5766348054561 6710.915128524294 -2603.0737709902114
4366961.540725051 -2177044.208617247 -4836936.166295477 594.2232555250362 6713.4907441690375 -2597.12634766179
4367553.5872295555 -2170329.433258791 -4839530.317694664 589.8697293116335 6716.058695104878 -2591.175956691497
4368141.28013596 -2163612.0937826945 -4842118.517221997 585.5160599575736 6718.6189790722 -2585.222605127431
4368724.619303022 -2156892.197857054 -4844700.761920406 581.1622512540167 6721.171593818532 -2579.2663000194316
4369303.604593283 -2150169.7531522135 -4847277.048839872 576.8083069909576 6723.716537098545 -2573.3070484190744
4369878.23587308 -2143444.7673407593 -4849847.375037431 572.4542309572249 6726.253806674055 -2567.3448573796677
4370448.513012535 -2136717.248097511 -4852411.737577169 568.1000269404811 6728.783400314018 -2561.3797339562425
4371014.435885562 -2129987.203099518 -4854970.133530234 563.7456987272217 6731.305315794528 -2555.4116852055504
4371576.004369854 -2123254.640026048 -4857522.559974825 559.3912501027754 6733.819550898819 -2549.4407181860593
4372133.218346892 -2116519.5665585822 -4860069.013996203 555.0366848513029 6736.326103417258 -2543.466839957945
4372686.077701942 -2109781.990380809 -4862609.492686693 550.6820067557971 6738.824971147348 -2537.4900575830884
4373234.58232405 -2103041.9191786153 -4865143.993145675 546.3272195980825 6741.316151893722 -2531.510378125068
4373778.732106045 -2096299.360640079 -4867672.512479602 541.9723271588149 6743.79964346815 -2525.527808649159
4374318.526944535 -2089554.3224554635 -4870195.047801988 537.6173332174812 6746.27544368953 -2519.5423562223245
4374853.966739905 -2082806.8123172093 -4872711.596233418 533.2622415523994 6748.743550383896 -2513.5540279132115
4375385.051396323 -2076056.8379199274 -4875222.154901544 528.907055940717 6751.2039613844045 -2507.562830792147
4375911.780821729 -2069304.4069603921 -4877726.720941088 524.551780158412 6753.656674531344 -2501.568771931131
4376434.154927841 -2062549.527137534 -4880225.29149385 520.1964179802919 6756.101687672124 -2495.571858403832
4376952.173630149 -2055792.2061524321 -4882717.863708698 515.8409731799932 6758.538998661283 -2489.5720972855815
4377465.836847917 -2049032.4517083082 -4885204.434741582 511.485449529981 6760.9686053604755 -2483.56949565337
4377975.144504182 -2042270.2715105184 -4887685.001755526 507.129850801549 6763.390505638483 -2477.564060585839
4378480.09652575 -2035505.6732665466 -4890159.561920635 502.774180764819 6765.804697371199 -2471.555799163278
4378980.692843198 -2028738.664685997 -4892628.112414095 498.41844318874024 6768.2111784416375 -2465.5447184676186
4379476.933390871 -2021969.2534805874 -4895090.650420174 494.0626418410894 6770.609946739926 -2459.5308255824284
4379968.818106878 -2015197.447364142 -4897547.173130226 489.7067804884698 6773.001000163303 -2453.514127592907
4380456.346933099 -2008423.2540525843 -4899997.677742688 485.3508628963113 6775.384336616113 -2447.494631585877
4380939.519815178 -2001646.6812639297 -4902442.161463088 480.99489282886975 6777.759954009809 -2441.4723446497833
4381418.336702519 -1994867.7367182784 -4904880.621504042 476.63887404922673 6780.127850262951 -2435.447273874685
4381892.797548292 -1988086.4281378088 -4907313.055085255 472.28281031928924 6782.488023301201 -2429.41942635225
4382362.902309427 -1981302.7632467702 -4909739.459433528 467.92670539978945 6784.840471057321 -2423.3888091757526
4382828.650946614 -1974516.7497714753 -4912159.831782754 463.57056305028414 6787.185191471177 -2417.355429440065
4383290.043424304 -1967728.3954402935 -4914574.169373921 459.2143870291547 6789.522182489731 -2411.319294241654
4383747.0797107015 -1960937.7079836433 -4916982.469455116 454.85818109360673 6791.8514420670435 -2405.280410678576
4384199.75977777 -1954144.6951339864 -4919384.729281524 450.5019489996697 6794.17296816427 -2399.2387858504712
4384648.083601231 -1947349.3646258193 -4921780.94611543 446.14569450219665 6796.486758749658 -2393.1944268585594
4385092.051160556 -1940551.7241956664 -4924171.117226222 441.7894213548638 6798.792811798552 -2387.1473408056327
4385531.662438974 -1933751.7815820738 -4926555.239890389 437.4331333101709 6801.091125293387 -2381.0975347960543
4385966.917423461 -1926949.5445256012 -4928933.311391531 433.0768341194402 6803.38169722369 -2375.0450159357524
4386397.816104747 -1920145.020768816 -4931305.329020347 428.7205275328167 6805.664525586078 -2368.9897913322125
4386824.358477311 -1913338.2180562844 -4933671.290074651 424.36421729926764 6807.939608384257 -2362.931868094476
4387246.54453938 -1906529.1441345657 -4936031.191859363 420.00790716658247 6810.206943629018 -2356.8712533331336
4387664.374292927 -1899717.8067522051 -4938385.031686514 415.6516008813722 6812.466529338238 -2350.807954160319
4388077.847743673 -1892904.2136597263 -4940732.80687525 411.2953021890693 6814.7183635368765 -2344.7419776897045
4388486.964901084 -1886088.3726096246 -4943074.514751832 406.9390148339275 6816.9624442569775 -2338.6733310364966
4388891.725778368 -1879270.2913563591 -4945410.1526496345 402.5827425590216 6819.198769537662 -2332.602021317432
4389292.130392477 -1872449.9776563472 -4947739.717909151 398.2264891062468 6821.42733742513 -2326.5280556507682
4389688.178764102 -1865627.4392679557 -4950063.207877993 393.87025821631875 6823.6481459726565 -2320.4514411562836
4390079.870917677 -1858802.6839514952 -4952380.619910894 389.5140536287734 6825.861193240595 -2314.372184955269
4390467.206881373 -1851975.7194692122 -4954691.951369709 385.1578790819665 6828.066477296366 -2308.2902941705233
4390850.1866871 -1845146.553585282 -4956997.199623416 380.8017383130732 6830.263996214465 -2302.2057759263475
4391228.810370504 -1838315.1940658023 -4959296.362048117 376.4456350580882 6832.45374807645 -2296.1186373485416
4391603.077970966 -1831481.6486787854 -4961589.4360270435 372.08957305182514 6834.635730970948 -2290.0288855643967
4391972.989531602 -1824645.9251941512 -4963876.418950554 367.7335560279166 6836.809942993654 -2283.9365277026923
4392338.545099259 -1817808.0313837212 -4966157.308216135 363.37758771881386 6838.9763822473205 -2277.8415708936905
4392699.7447245205 -1810967.97502121 -4968432.101228404 359.02167185578645 6841.135046841768 -2271.7440222691303
4393056.588461696 -1804125.763882219 -4970700.795399112 354.66581216892246 6843.285934893873 -2265.6438889622254
4393409.076368826 -1797281.4057442287 -4972963.3881471455 350.31001238712764 6845.429044527572 -2259.5411781076555
4393757.208507681 -1790434.9083865932 -4975219.876898524 345.9542762381258 6847.564373873858 -2253.4358968415627
4394100.984943756 -1783586.279590531 -4977470.259086404 341.59860744845827 6849.691921070779 -2247.328052301547
4394440.405746273 -1776735.52713912 -4979714.532151082 337.24300974348375 6851.811684263439 -2241.217651626662
4394775.470988179 -1769882.6588172887 -4981952.693539992 332.8874868473783 6853.923661603994 -2235.104701957408
4395106.180746145 -1763027.68241181 -4984184.740707711 328.5320424831349 6856.027851251651 -2228.9892104357305
4395432.535100563 -1756170.6057112943 -4986410.67111596 324.1766803725635 6858.124251372665 -2222.8711842050106
4395754.5341355475 -1749311.4365061827 -4988630.482233602 319.8214042362908 6860.212860140343 -2216.7506304100634
4396072.177938933 -1742450.1825887384 -4990844.171536642 315.4662177937598 6862.293675735037 -2210.627556197133
4396385.466602271 -1735586.8517530414 -4993051.736508238 311.11112476323007 6864.366696344143 -2204.5019687138847
4396694.400220835 -1728721.4517949808 -4995253.174638696 306.75612886177703 6866.431920162103 -2198.3738751094043
4396998.97889361 -1721853.9905122474 -4997448.483425467 302.4012338052924 6868.4893453904 -2192.24328253419
4397299.202723298 -1714984.4757043272 -4999637.660373158 298.0464433084837 6870.538970237558 -2186.1101981401484
4397595.071816317 -1708112.9151724942 -5001820.702993526 293.6917610848738 6872.580792919139 -2179.97462908059
4397886.586282797 -1701239.3167198037 -5003997.608805482 289.3371908468014 6874.614811657741 -2173.8365825102237
4398173.746236578 -1694363.6881510837 -5006168.3753350945 284.9827363054203 6876.641024683001 -2167.696065585152
4398456.551795211 -1687486.0372729301 -5008333.000115586 280.6284011706997 6878.659430231589 -2161.5530854628664
4398735.003079958 -1680606.3718936983 -5010491.480687342 276.2741891514237 6880.670026547207 -2155.4076493022417
4399009.100215789 -1673724.6998234966 -5012643.8145979 271.9201039551913 6882.672811880587 -2149.2597642635315
4399278.843331379 -1666841.0288741789 -5014789.999401963 267.5661492884162 6884.667784489491 -2143.1094375083644
4399544.232559111 -1659955.3668593375 -5016930.032661399 263.21232885632685 6886.65494263871 -2136.9566761997376
4399805.268035071 -1653067.7215942973 -5019063.911945234 258.85864636296606 6888.634284600059 -2130.8014875020126
4400061.94989905 -1646178.1008961073 -5021191.634829663 254.50510551119103 6890.605808652376 -2124.643878580911
4400314.278294541 -1639286.512583534 -5023313.1988980435 250.15171000267316 6892.569513081526 -2118.4838566035073
4400562.253368737 -1632392.9644770545 -5025428.601740906 245.79846353789796 6894.525396180392 -2112.321428738227
4400805.875272532 -1625497.4643988502 -5027537.840955947 241.44536981616494 6896.473456248879 -2106.156602154841
4401045.144160517 -1618600.0201727983 -5029640.914148034 237.09243253558748 6898.413691593912 -2099.989384024459
4401280.060190983 -1611700.639624466 -5031737.818929204 232.73965539309273 6900.3461005294275 -2093.8197815195267
4401510.623525915 -1604799.3305811025 -5033828.552918673 228.38704208442147 6902.2706813763825 -2087.647801813819
4401736.834330995 -1597896.1008716335 -5035913.113742825 224.03459630412803 6904.187432462746 -2081.4734520824377
4401958.692775597 -1590990.9583266524 -5037991.499035222 219.68232174558028 6906.096352123501 -2075.296739501805
4402176.199032791 -1584083.9107784142 -5040063.706436605 215.33022210095933 6907.997438700638 -2069.1176712496585
4402389.3532793345 -1577174.9660608293 -5042129.733594892 210.97830106125966 6909.89069054316 -2062.936254505049
4402598.155695678 -1570264.1320094543 -5044189.578165178 206.6265623162889 6911.776106007081 -2056.752496448332
4402802.60646596 -1563351.416461487 -5046243.237809744 202.27500955466783 6913.653683455417 -2050.566404261165
4403002.705778009 -1556436.827255759 -5048290.71019805 197.92364646383024 6915.5234212581945 -2044.3779851265042
4403198.453823339 -1549520.3722327272 -5050331.993006743 193.57247673002283 6917.385317792438 -2038.187246228596
4403389.850797149 -1542602.0592344692 -5052367.083919649 189.22150403830517 6919.2393714421805 -2031.9941947529749
4403576.896898325 -1535681.8961046743 -5054395.980627785 184.87073207254966 6921.085580598453 -2025.7988378864582
4403759.592329432 -1528759.8906886377 -5056418.680829354 180.5201645154414 6922.923943659284 -2019.6011828171409
4403937.93729672 -1521836.050833253 -5058435.182229748 176.16980504847808 6924.754459029706 -2013.4012367343912
4404111.932010118 -1514910.384387005 -5060445.482541548 171.81965735197005 6926.577125121741 -2007.1990068288458
4404281.576683239 -1507982.899199963 -5062449.579484528 167.46972510504017 6928.391940354411 -2000.9945002924046
4404446.871533371 -1501053.6031237743 -5064447.470785653 163.1200119856238 6930.198903153728 -1994.7877243182265
4404607.816781479 -1494122.504011656 -5066439.154179083 158.7705216704686 6931.998011952699 -1988.578686100725
4404764.412652205 -1487189.6097183889 -5068424.627406172 154.42125783513475 6933.789265191317 -1982.367392835562
4404916.659373867 -1480254.928100311 -5070403.888215471 150.0722241539946 6935.572661316567 -1976.1538517196439
4405064.557178456 -1473318.467015309 -5072376.934362728 145.72342430023278 6937.348198782417 -1969.9380699511173
4405208.1063016355 -1466380.2343228126 -5074343.763610888 141.37486194584613 6939.115876049821 -1963.7200547293633
4405347.306982738 -1459440.2378837867 -5076304.373730102 137.02654076164373 6940.875691586718 -1957.499813254993
4405482.159464772 -1452498.4855607247 -5078258.762497715 132.67846441724683 6942.627643868027 -1951.2773527298434
4405612.66399441 -1445554.985217642 -5080206.927698279 128.33063658108873 6944.371731375649 -1945.0526803569724
4405738.820821993 -1438609.7447200685 -5082148.867123548 123.9830609204149 6946.107952598462 -1938.8258033406541
4405860.630201532 -1431662.7719350415 -5084084.578572482 119.63574110128289 6947.836306032327 -1932.5967288863742
4405978.092390698 -1424714.0747310997 -5086014.059851245 115.28868078856232 6949.556790180079 -1926.3654642008248
4406091.207650832 -1417763.6609782742 -5087937.308773209 110.94188364593485 6951.269403551523 -1920.132016491901
4406199.976246933 -1410811.5385480835 -5089854.323158957 106.5953533358942 6952.974144663445 -1913.8963929686945
4406304.398447667 -1403857.7153135259 -5091765.100836279 102.2490935197461 6954.6710120396 -1907.6586008414906
4406404.474525358 -1396902.1991490729 -5093669.639640177 97.90310785760833 6956.360004210713 -1901.418647321763
4406500.204755988 -1389944.9979306608 -5095567.937412864 93.55740000841077 6958.041119714481 -1895.1765396221683
4406591.589419199 -1382986.1195356853 -5097459.992003766 89.21197362989523 6959.714357095569 -1888.9322849565428
4406678.62879829 -1376025.5718429934 -5099345.801269527 84.86683237861564 6961.379714905608 -1882.685890539898
4406761.323180217 -1369063.3627328782 -5101225.363074001 80.52197990993797 6963.0371917032 -1876.4373635884147
4406839.6728555905 -1362099.5000870696 -5103098.675288265 76.17741987804021 6964.686786053906 -1870.1867113194394
4406913.678118672 -1355133.9917887289 -5104965.7357906075 71.8331559359125 6966.328496530256 -1863.9339409514794
4406983.339267378 -1348166.845722441 -5106826.542466541 67.48919173535698 6967.96232171174 -1857.679059704198
4407048.656603275 -1341198.0697742084 -5108681.093208797 63.145530926987945 6969.588260184806 -1851.42207479841
4407109.63043158 -1334227.671831443 -5110529.385917326 58.802177160231764 6971.206310542865 -1845.1629934560772
4407166.26106116 -1327255.6597829608 -5112371.418499305 54.45913408332697 6972.816471386285 -1838.9018229003036
4407218.548804526 -1320282.041518973 -5114207.188869131 50.11640534332428 6974.41874132239 -1832.6385703553315
4407266.49397784 -1313306.8249310805 -5116036.694948427 45.77399458608658 6976.0131189654585 -1826.3732430465357
4407310.0969009055 -1306330.0179122663 -5117859.934666044 41.431905456289 6977.599602936724 -1820.1058482004194
4407349.357897175 -1299351.6283568887 -5119676.905958058 37.09014159741892 6979.178191864373 -1813.8363930446105
4407384.277293738 -1292371.664160674 -5121487.606767773 32.74870665177604 6980.748884383541 -1807.5648848078556
4407414.85542133 -1285390.1332207106 -5123292.0350457225 28.40760426047238 6982.311679136313 -1801.291330720017
4407441.092614323 -1278407.0434354406 -5125090.188749672 24.066838063432357 6983.866574771723 -1795.0157380120656
4407462.989210733 -1271422.4027046543 -5126882.065844618 19.726411699392813 6985.413569945751 -1788.7381139160798
4407480.545552212 -1264436.2189294822 -5128667.664302787 15.386328805903078 6986.952663321323 -1782.4584656652373
4407493.7619840475 -1257448.500012388 -5130446.982103642 11.046593019325009 6988.483853568305 -1776.1768004938133
4407502.638855164 -1250459.253857163 -5132220.017233879 6.707207974833063 6990.00713936351 -1769.8931256371748
4407507.176518122 -1243468.4883689175 -5133986.767687433 2.36817730641434 6991.522519390689 -1763.6074483317757
4407507.375329113 -1236476.2114540746 -5135747.231465474 -1.9704953531313416 6993.0299923405355 -1757.3197758151534
4407503.235647962 -1229482.4310203632 -5137501.406576407 -6.308806372191384 6994.5295569106775 -1751.0301153259236
4407494.757838125 -1222487.1549768117 -5139249.291035881 -10.646752120340345 6996.021211805683 -1744.738474103775
4407481.942266689 -1215490.3912337401 -5140990.882866784 -14.984328968339872 6997.504955737055 -1738.444859389467
4407464.7893043645 -1208492.147702753 -5142726.180099243 -19.321533288138614 6998.98078742323 -1732.1492784248228
4407443.299325497 -1201492.432296734 -5144455.180770631 -23.658361452872157 7000.448705589579 -1725.8517384527263
4407417.472708051 -1194491.2529298367 -5146177.882925561 -27.99480983686294 7001.9087089684035 -1719.5522467171172
4407387.3098336235 -1187488.61751748 -5147894.284615893 -32.33087481562019 7003.360796298936 -1713.2508104629862
4407352.811087429 -1180484.53397634 -5149604.383900731 -36.666552765839796 7004.804966327337 -1706.9474369363716
4407313.976858308 -1173479.010224342 -5151308.178846425 -41.00184006540428 7006.241217806697 -1700.6421333843532
4407270.807538722 -1166472.0541806566 -5153005.667526575 -45.336733093382655 7007.66954949703 -1694.334907055049
4407223.303524752 -1159463.6737656891 -5154696.848022026 -49.67122823003036 7009.089960165276 -1688.0257651976103
4407171.465216099 -1152453.8769010757 -5156381.718420877 -54.005321856789145 7010.502448585301 -1681.7147150622175
4407115.293016082 -1145442.6715096748 -5158060.276818475 -58.339010356287005 7011.907013537889 -1675.4017639000747
4407054.787331634 -1138430.0655155603 -5159732.521317419 -62.672290112338025 7013.303653810747 -1669.0869189634066
4406989.948573309 -1131416.0668440154 -5161398.450027561 -67.00515750994235 7014.692368198503 -1662.770187505453
4406920.777155272 -1124400.6834215247 -5163058.061066007 -71.33760893528599 7016.0731555027 -1656.4515767804644
4406847.2734953 -1117383.9231757685 -5164711.352557118 -75.66964077574077 7017.446014531802 -1650.131094043699
4406769.438014785 -1110365.7940356145 -5166358.32263251 -80.00124941986422 7018.810944101187 -1643.8087465514163
4406687.271138729 -1103346.3039311122 -5167998.969431056 -84.33243125739948 7020.167943033148 -1637.484541560874
4406600.773295742 -1096325.4607934847 -5169633.291098885 -88.66318267927508 7021.517010156891 -1631.1584863303228
4406509.944918045 -1089303.2725551229 -5171261.285789389 -92.99350007760493 7022.858144308535 -1624.830588119002
4406414.786441463 -1082279.7471495776 -5172882.951663217 -97.32337984568817 7024.19134433111 -1618.5008541871355
4406315.298305431 -1075254.8925115538 -5174498.286888278 -101.652818378009 7025.516609074553 -1612.169291795928
4406211.4809529865 -1068228.716576903 -5176107.289639744 -105.98181207023663 7026.833937395715 -1605.8359082075594
4406103.334830772 -1061201.2272826156 -5177709.958100049 -110.31035731922509 7028.1433281583495 -1599.5007106851806
4405990.860389031 -1054172.432566816 -5179306.290458891 -114.63845052301313 7029.444780233118 -1593.1637064929096
4405874.058081608 -1047142.3403687532 -5180896.284913233 -118.96608808082408 7030.738292497586 -1586.8249028958269
4405752.9283659505 -1040110.9586287963 -5182479.939667302 -123.29326639306571 7032.023863836225 -1580.484307159971
4405627.471703103 -1033078.2952884259 -5184057.252932596 -127.61998186133012 7033.3014931404105 -1574.141926552335
4405497.688557709 -1026044.3582902278 -5185628.222927874 -131.9462308883936 7034.5711793084165 -1567.7977683408612
4405363.579398005 -1019009.1555778864 -5187192.847879167 -136.2720098782164 7035.832921245419 -1561.4518397944366
4405225.14469583 -1011972.6950961769 -5188751.126019775 -140.5973152359428 7037.086717863495 -1555.1041481828888
4405082.38492661 -1004934.9847909596 -5190303.055590268 -144.9221433679007 7038.332568081618 -1548.7547007769822
4404935.300569367 -997896.032609172 -5191848.634838488 -149.24649068160164 7039.570470825658 -1542.4035048484127
4404783.8921067165 -990855.8464988223 -5193387.862019548 -153.57035358574055 7040.800425028384 -1536.0505676698046
4404628.160024863 -983814.4344089826 -5194920.735395835 -157.89372849019574 7042.022429629457 -1529.695896514705
4404468.104813599 -976771.804289782 -5196447.25323701 -162.21661180602857 7043.236483575432 -1523.33949865758
4404303.726966309 -969727.9640923992 -5197967.413820009 -166.5389999454834 7044.4425858197565 -1516.9813813738094
4404135.026979962 -962682.9217690564 -5199481.215429042 -170.8608893219874 7045.640735322767 -1510.6215519396849
4403962.005355115 -955636.6852730118 -5200988.656355597 -175.18227635015037 7046.8309310516925 -1504.2600176324024
4403784.662595906 -948589.2625585533 -5202489.734898441 -179.50315744576463 7048.01317198065 -1497.8967857300604
4403602.999210061 -941540.6615809905 -5203984.449363617 -183.82352902580476 7049.187457090643 -1491.5318635116537
4403417.015708886 -934490.8902966494 -5205472.798064451 -188.14338750842754 7050.353785369561 -1485.1652582570712
4403226.71260727 -927439.9566628638 -5206954.779321545 -192.46272931297167 7051.512155812182 -1478.7969772470897
4403032.09042368 -920387.8686379702 -5208430.391462786 -196.7815508599577 7052.662567420163 -1472.4270277633698
4402833.149680162 -913334.6341812991 -5209899.6328233415 -201.09984857108768 7053.805019202048 -1466.0554170884525
4402629.890902341 -906280.2612531697 -5211362.501745662 -205.4176188692452 7054.939510173258 -1459.6821525057544
4402422.314619419 -899224.7578148823 -5212818.99657948 -209.734858178495 7056.0660393560975 -1453.307241299563
4402210.421364171 -892168.1318287109 -5214269.115681816 -214.05156292408293 7057.184605779748 -1446.9306907550326
4401994.211672951 -885110.3912578974 -5215712.857416973 -218.3677295324357 7058.29520848027 -1440.552508158181
4401773.686085678 -878051.544066644 -5217150.220156544 -222.68335443116072 7059.3978465006 -1434.172700795883
4401548.845145849 -870991.5982201067 -5218581.202279406 -226.99843404904587 7060.492518890549 -1427.7912759558685
4401319.68940053 -863930.5616843877 -5220005.802171725 -231.31296481605932 7061.579224706805 -1421.4082409267173
4401086.219400357 -856868.44242653 -5221424.018226959 -235.62694316334935 7062.657963012928 -1415.0236029978544
4400848.435699534 -849805.2484145086 -5222835.848845852 -239.94036552324417 7063.72873287935 -1408.6373694595457
4400606.338855829 -842740.9876172256 -5224241.292436439 -244.25322832925167 7064.791533383374 -1402.2495476028948
4400359.929430581 -835675.6680045017 -5225640.347414048 -248.5655280160593 7065.846363609175 -1395.8601447198378
4400109.207988691 -828609.29754707 -5227033.012201301 -252.87726101953376 7066.893222647794 -1389.469168103139
4399854.175098623 -821541.8842165694 -5228419.285228108 -257.18842377672087 7067.932109597142 -1383.0766250463876
4399594.831332406 -814473.4359855375 -5229799.164931677 -261.4990127258454 7068.963023561997 -1376.6825228439914
4399331.177265627 -807403.9608274034 -5231172.649756512 -265.8090243063106 7069.985963654003 -1370.2868687911757
4399063.2134774355 -800333.4667164813 -5232539.7381544085 -270.1184549586985 7071.000928991667 -1363.8896701839765
4398790.940550538 -793261.9616279633 -5233900.428584461 -274.42730112476926 7072.007918700359 -1357.4909343192367
4398514.3590712 -786189.4535379132 -5235254.71951306 -278.73555924746097 7073.006931912315 -1351.0906684946028
4398233.469629243 -779115.9504232582 -5236602.609413896 -283.0432257708896 7073.99796776663 -1344.68888000852
4397948.272818042 -772041.460261784 -5237944.096767956 -287.3502971403488 7074.981025409259 -1338.2855761602282
4397658.769234531 -764965.9910321264 -5239279.180063529 -291.65676980230967 7075.956103993019 -1331.8807642497572
4397364.959479191 -757889.5507137647 -5240607.8577962015 -295.9626402044204 7076.9232026775835 -1325.4744515779234
4397066.844156059 -750812.1472870156 -5241930.128468865 -300.26790479550607 7077.882320629485 -1319.0666454463255
4396764.4238727195 -743733.7887330257 -5243245.9905917095 -304.57256002556863 7078.83345702211 -1312.6573531573392
4396457.69924031 -736654.4830337646 -5244555.442682228 -308.87660234578647 7079.776611035704 -1306.2465820141142
4396146.6708735125 -729574.2381720184 -5245858.483265219 -313.1800282085142 7080.711781857363 -1299.8343393205696
4395831.33939056 -722493.0621313828 -5247155.1108727865 -317.48283406728257 7081.638968681039 -1293.4206323813894
4395511.705413228 -715410.9628962558 -5248445.324044336 -321.7850163767979 7082.5581707075335 -1287.0054685020189
4395187.769566838 -708327.9484518312 -5249729.12132658 -326.0865715929423 7083.469387144502 -1280.58885498866
4394859.532480255 -701244.0267840921 -5251006.501273537 -330.3874961727732 7084.372617206451 -1274.1707991482667
4394526.994785884 -694159.2058798032 -5252277.462446536 -334.68778657452293 7085.267860114733 -1267.7513082885423
4394190.1571196765 -687073.4937265046 -5253542.00341421 -338.9874392575989 7086.155115097548 -1261.3303897179342
4393849.020121121 -679986.8983125051 -5254800.122752504 -343.28645068258305 7087.034381389948 -1254.908050745629
4393503.584433243 -672899.4276268745 -5256051.819044672 -347.5848173112317 7087.905658233828 -1248.48429868155
4393153.850702608 -665811.0896594377 -5257297.090881274 -351.8825356064752 7088.76894487793 -1242.0591408363518
4392799.819579319 -658721.8924007671 -5258535.936860187 -356.17960203241785 7089.6242405778385 -1235.6325845214174
4392441.491717012 -651631.8438421763 -5259768.355586597 -360.47601305433756 7090.471544595982 -1229.204637048852
4392078.867772857 -644540.9519757129 -5260994.345673003 -364.77176513868557 7091.3108562016305 -1222.7753057314808
4391711.948407558 -637449.2247941521 -5262213.905739216 -369.0668547530863 7092.1421746708975 -1216.344597882844
4391340.734285351 -630356.6702909893 -5263427.034412363 -373.361278366337 7092.965499286735 -1209.9125208171922
4390965.226074001 -623263.2964604335 -5264633.730326883 -377.6550324484076 7093.780829338934 -1203.4790818494835
4390585.424444807 -616169.1112974008 -5265833.992124531 -381.9481134704402 7094.588164124127 -1197.0442882953785
4390201.330072589 -609074.1227975069 -5267027.818454383 -386.2405179047492 7095.38750294578 -1190.6081474712362
4389812.943635701 -601978.3389570607 -5268215.207972824 -390.5322422248207 7096.1788451142 -1184.17066669411
4389420.265816019 -594881.7677730575 -5269396.15934356 -394.8232829053125 7096.9621899465255 -1177.7318532817435
4389023.2972989455 -587784.417243172 -5270570.671237615 -399.1136364220536 7097.737536766733 -1171.291714552567
4388622.0387734035 -580686.2953657514 -5271738.742333332 -403.4032992520441 7098.504884905631 -1164.8502578256928
4388216.490931843 -573587.4101398088 -5272900.371316373 -407.6922678734549 7099.264233700861 -1158.40749042091
4387806.654470233 -566487.7695650163 -5274055.556879721 -411.9805387656273 7100.015582496897 -1151.9634196586826
4387392.530088062 -559387.381641698 -5275204.297723678 -416.26810840907285 7100.758930645044 -1145.5180528601436
4386974.118488339 -552286.2543708232 -5276346.592555869 -420.5549732854733 7101.494277503436 -1139.0713973470927
4386551.420377586 -545184.3957539998 -5277482.440091241 -424.8411298776799 7102.221622437038 -1132.6234604419894
4386124.436465848 -538081.8137934671 -5278611.839052064 -429.1265746697133 7102.940964817642 -1126.1742494679518
4385693.167466685 -530978.5164920897 -5279734.78816793 -433.4113041467634 7103.652304023869 -1119.7237717487508
4385257.614097165 -523874.51185334945 -5280851.286175757 -437.69531479518895 7104.355639441163 -1113.2720346088067
4384817.777077874 -516769.80788133986 -5281961.331819784 -441.97860310251707 7105.050970461796 -1106.8190453731843
4384373.657132911 -509664.4125807586 -5283064.923851579 -446.2611655574435 7105.7382964848675 -1100.3648113675902
4383925.254989881 -502558.3339569009 -5284162.061030038 -450.542998649832 7106.417616916295 -1093.9093399183678
4383472.571379903 -495451.5800156526 -5285252.742121377 -454.8240988707137 7107.0889311688225 -1087.4526383524926
4383015.607037601 -488344.15876348334 -5286336.965899145 -459.1044627122877 7107.752238662017 -1080.99471399757
4382554.362701108 -481236.07820743986 -5287414.731144219 -463.3840866679199 7108.407538822263 -1074.5355741818285
4382088.839112063 -474127.346355139 -5288486.036644799 -467.6629672321432 7109.05483108277 -1068.0752262341189
4381619.0370156085 -467017.9712147611 -5289550.88119642 -471.9411009006572 7109.694114883562 -1061.6136774839074
4381144.957160395 -459907.9607950431 -5290609.263601943 -476.2184841703277 7110.325389671486 -1055.1509352612727
4380666.600298569 -452797.32310527156 -5291661.182671561 -480.4951135391865 7110.948654900204 -1048.6870068969029
4380183.967185783 -445686.06615527597 -5292706.637222799 -484.7709855064312 7111.563910030197 -1042.2218997220891
4379697.058581189 -438574.197955422 -5293745.626080512 -489.04609657242486 7112.171154528761 -1035.7556210687242
4379205.8752474375 -431461.7265166045 -5294778.148076888 -493.3204432386954 7112.770387870005 -1029.2881782692957
4378710.417950677 -424348.659850241 -5295804.202051446 -497.594022007936 7113.361609534856 -1022.8195786568845
4378210.687460553 -417235.00596826454 -5296823.786851041 -501.86682938400406 7113.944819011053 -1016.3498295651591
4377706.684550204 -410120.7728831172 -5297836.901329862 -506.1388618719214 7114.520015793148 -1009.8789383283722
4377198.409996269 -403005.9686077428 -5298843.544349428 -510.4101159778736 7115.087199382504 -1003.4069122813565
4376685.864578874 -395890.60115558066 -5299843.714778599 -514.68058820921 7115.646369287297 -996.9337587595209
4376169.049081639 -388774.6785405583 -5300837.411493569 -518.9502750744432 7116.197525022511 -990.459485098846
4375647.964291678 -381658.2087770851 -5301824.633377863 -523.2191730832491 7116.74066610994 -983.9840986358807
4375122.610999589 -374541.19988004514 -5302805.379322352 -527.4872787464659 7117.27579207819 -977.5076067077379
4374592.989999463 -367423.65986479033 -5303779.648225237 -531.7545885760944 7117.80290246267 -971.0300166520897
4374059.102088877 -360305.59674713394 -5304747.43899206 -536.0210990852979 7118.321996805599 -964.5513358071647
4373520.9480688935 -353187.0185433436 -5305708.750535702 -540.286806788401 7118.833074656003 -958.0715715117436
4372978.528744062 -346067.93327013444 -5306663.5817763815 -544.55170820089 7119.336135569712 -951.5907311051545
4372431.844922417 -338948.3489446625 -5307611.931641656 -548.8157998394122 7119.831179109361 -945.1088219272694
4371880.897415469 -331828.27358451753 -5308553.799066425 -553.0790782217761 7120.31820484439 -938.6258513185002
4371325.687038219 -324707.71520771674 -5309489.182992929 -557.3415398669505 7120.797212351041 -932.1418266197945
4370766.214609141 -317586.6818326975 -5310418.082370749 -561.6031812950647 7121.2682012123605 -925.6567551726322
4370202.480950194 -310465.1814783108 -5311340.496156806 -565.8639990274077 7121.731171018196 -919.1706443190205
4369634.486886811 -303343.2221638143 -5312256.423315366 -570.1239895864283 7122.186121365195 -912.683501401491
4369062.233247905 -296220.81190886575 -5313165.862818035 -574.3831494957344 7122.6330518568075 -906.1953337630943
4368485.7208658615 -289097.95873351605 -5314068.813643767 -578.6414752800932 7123.071962103281 -899.7061487473975
4367904.950576545 -281974.6706582022 -5314965.274778853 -582.8989634654304 7123.502851721664 -893.2159536984796
4367319.923219288 -274850.955703741 -5315855.245216934 -587.1556105788299 7123.9257203358 -886.7247559609269
4366730.639636901 -267726.8218913221 -5316738.723958994 -591.4114131485337 7124.340567576334 -880.2325628798303
4366137.100675662 -260602.2772425007 -5317615.710013362 -595.6663677039418 7124.7473930807055 -873.7393818007802
4365539.307185321 -253477.32977919158 -5318486.202395711 -599.9204707756111 7125.1461964931505 -867.2452200698626
4364937.260019096 -246351.98752366166 -5319350.200129066 -604.1737188952561 7125.536977464699 -860.7500850336564
4364330.960033671 -239226.2584985235 -5320207.702243793 -608.4261085957477 7125.919735653178 -854.2539840392275
4363720.408089198 -232100.1507267284 -5321058.707777608 -612.6776364111133 7126.294470723207 -847.7569244341264
4363105.605049298 -224973.6722315597 -5321903.215775574 -616.9282988765365 7126.661182346201 -841.2589135663834
4362486.551781051 -217846.83103662587 -5322741.225290102 -621.1780925283564 7127.0198702003645 -834.7599587845051
4361863.249155001 -210719.63516585383 -5323572.735380954 -625.4270139040677 7127.370533970696 -828.2600674374701
4361235.698045156 -203592.09264348212 -5324397.745115238 -629.6750595423204 7127.713173348984 -821.7592468747251
4360603.899328982 -196464.21149405398 -5325216.253567414 -633.9222259829188 7128.047788033809 -815.2575044461812
4359967.853887409 -189335.99974241082 -5326028.2598192915 -638.1685097668221 7128.374377730541 -808.7548475022093
4359327.56260482 -182207.46541368516 -5326833.76296003 -642.4139074361435 7128.692942151337 -802.2512833936371
4358683.026369059 -175078.61653329406 -5327632.762086141 -646.65841553415 7129.003481015147 -795.7468194717444
4358034.246071426 -167949.46112693223 -5328425.256301487 -650.9020306052618 7129.305994047708 -789.2414630882595
4357381.222606675 -160820.00722056517 -5329211.244717282 -655.1447491950524 7129.6004809815395 -782.7352215953551
4356723.956873013 -153690.26284042254 -5329990.726452094 -659.3865678502485 7129.886941555955 -776.2281023456444
4356062.449772102 -146560.23601299126 -5330763.700631839 -663.6274831187286 7130.165375517048 -769.7201126921772
4355396.7022090545 -139429.93476500883 -5331530.166389795 -667.8674915495235 7130.435782617701 -763.2112599884356
4354726.715092433 -132299.3671234564 -5332290.122866585 -672.1065896928161 7130.698162617581 -756.7015515883309
4354052.489334247 -125168.54111555207 -5333043.569210191 -676.3447740999403 7130.9525152831375 -750.1909948461991
4353374.02584996 -118037.4647687441 -5333790.504575949 -680.5820413233815 7131.198840387604 -743.6795971167969
4352691.325558477 -110906.14611070415 -5334530.9281265475 -684.8183879167755 7131.437137710998 -737.1673657552979
4352004.389382152 -103774.59316932046 -5335264.839032034 -689.0538104349088 7131.667407040121 -730.6543081172883
4351313.21824678 -96642.81397269109 -5335992.236469809 -693.2883054337178 7131.889648168554 -724.1404315587644
4350617.813081605 -89510.81654911708 -5336713.119624631 -697.5218694702892 7132.10386089666 -717.6257434361264
4349918.174819309 -82378.60892709577 -5337427.487688613 -701.7544991028582 7132.31004503158 -711.1102511061767
4349214.304396016 -75246.19913531395 -5338135.339861227 -705.9861908908097 7132.508200387239 -704.5939619261146
4348506.202751289 -68113.5952026411 -5338836.675349302 -710.2169413946772 7132.698326784341 -698.0768832535325
4347793.870828134 -60980.80515812257 -5339531.493367022 -714.4467471761425 7132.880424050365 -691.5590224464128
4347077.309572991 -53847.83703097291 -5340219.793135935 -718.6756047980356 7133.054492019574 -685.040386863123
4346356.519935737 -46714.698850568966 -5340901.573884943 -722.9035108243339 7133.220530533006 -678.5209838624127
4345631.502869686 -39581.398646443165 -5341576.834850308 -727.1304618201624 7133.378539438476 -672.0008208034088
4344902.259331586 -32447.944448276743 -5342245.57527565 -731.3564543517932 7133.528518590576 -665.4799050456124
4344168.790281617 -25314.344285892956 -5342907.794411954 -735.5814849866448 7133.670467850674 -658.9582439488943
4343431.0966833895 -18180.60618925029 -5343563.491517557 -739.8055502932822 7133.804387086914 -652.4358448734915
4342689.179503949 -11046.738188435713 -5344212.665858163 -744.0286468414162 7133.930276174216 -645.9127151800033
4341943.039713769 -3912.748313657882 -5344855.316706833 -748.2507712019035 7134.048134994272 -639.3888622293867
4341192.678286751 3221.3554047596285 -5345491.443343991 -752.4719199467459 7134.15796343555 -632.8642933829539
4340438.096200223 10355.564936385097 -5346121.045057422 -756.6920896490899 7134.259761393292 -626.3390160023665
4339679.294434941 17489.87225068543 -5346744.121142272 -760.9112768832271 7134.353528769512 -619.8130374496335
4338916.273975087 24624.269317032937 -5347360.670901051 -765.1294782245928 7134.439265472996 -613.2863650871063
4338149.035808264 31758.748104712093 -5347970.6936436305 -769.3466902497668 7134.516971419304 -606.7590062774752
4337377.5809255 38893.30058292633 -5348574.188687244 -773.5629095364719 7134.586646530765 -600.2309683837653
4336601.910321244 46027.91872080477 -5349171.155356491 -777.7781326635742 7134.648290736482 -593.7022587693327
4335822.024993367 53162.59448740906 -5349761.592983331 -781.9923562110829 7134.7019039723245 -587.1728847978608
4335037.925943156 60297.31985174007 -5350345.500907089 -786.2055767601491 7134.747486180936 -580.6428538333562
4334249.61417532 67432.08678274471 -5350922.878474454 -790.417790893067 7134.785037311728 -574.112173240145
4333457.090697981 74566.8872493227 -5351493.725039481 -794.6289951932716 7134.814557320881 -567.5808503828687
4332660.356522682 81701.71322033329 -5352058.039963587 -798.83918624534 7134.836046171344 -561.0488926264804
4331859.412664378 88836.5566646021 -5352615.822615556 -803.04836063499 7134.849503832835 -554.5163073362412
4331054.260141438 95971.40955092786 -5353167.072371537 -807.2565149490803 7134.854930281838 -547.9831018777159
4330244.899975643 103106.2638480891 -5353711.788615044 -811.4636457756098 7134.852325501608 -541.4492836167695
4329431.3331921855 110241.11152485108 -5354249.970736958 -815.6697497037178 7134.841689482162 -534.9148599195632
4328613.5608196715 117375.94454997235 -5354781.618135528 -819.874823323683 7134.823022220286 -528.3798381525504
4327791.583890111 124510.75489221173 -5355306.730216363 -824.0788632269234 7134.796323719533 -521.844225682473
4326965.403438926 131645.53452033494 -5355825.306392447 -828.2818660059962 7134.76159399022 -515.3080298763574
4326135.020504942 138780.2754031214 -5356337.346084126 -832.483828254597 7134.718833049429 -508.7712581015111
4325300.436130395 145914.96950937097 -5356842.848719116 -836.6847465675594 7134.668040921008 -502.2339177255178
4324461.65136092 153049.6088079108 -5357341.813732499 -840.8846175408555 7134.609217635566 -495.69601611623494
4323618.66724556 160184.18526760195 -5357834.240566727 -845.0834377715946 7134.542363230481 -489.1575606417887
4322771.484836759 167318.6908573463 -5358320.128671616 -849.2812038580233 7134.46747774989 -482.6185586705707
4321920.10519036 174453.1175460932 -5358799.477504358 -853.4779123995249 7134.384561244698 -476.0790175712341
4321064.5293656085 181587.4573028464 -5359272.286529507 -857.6735599966194 7134.293613772566 -469.53894471268944
4320204.758425148 188721.70209667055 -5359738.555218987 -861.8681432509626 7134.194635397922 -462.99834746410136
4319340.79343502 195855.84389669818 -5360198.283052095 -866.0616587653466 7134.087626191955 -456.45723319488405
4318472.635464663 202989.8746721364 -5360651.469515494 -870.2541031436986 7133.972586232615 -449.91560927469817
4317600.28558691 210123.78639227359 -5361098.114103218 -874.4454729910808 7133.849515604613 -443.37348307344627
4316723.744877989 217257.5710264863 -5361538.21631667 -878.6357649136903 7133.718414399423 -436.83086196126953
4315843.014417523 224391.22054424585 -5361971.775664626 -882.8249755188583 7133.579282715275 -430.2877533085436
4314958.095288522 231524.72691512524 -5362398.791663229 -887.0131014150504 7133.432120657164 -423.74416448587476
4314068.988577391 238658.08210880583 -5362819.263835997 -891.2001392118656 7133.276928336842 -417.20010286409627
4313175.695373926 245791.2780950841 -5363233.191713815 -895.3860855200361 7133.113705872822 -410.65557581426435
4312278.21677131 252924.3068438784 -5363640.57483494 -899.5709369514271 7132.942453390373 -404.1105907076545
4311376.553866112 260057.16032523577 -5364041.412745001 -903.7546901190369 7132.763171021526 -397.5651549157575
4310470.707758289 267189.83050933864 -5364435.704996999 -907.9373416369951 7132.575858905069 -391.0192758102758
4309560.679551182 274322.3093665116 -5364823.451151307 -912.118888120564 7132.380517186548 -384.4729607631195
4308646.47035152 281454.5888672282 -5365204.650775668 -916.2993261861369 7132.177146018265 -377.9262171464024
4307728.08126941 288586.66098211764 -5365579.3034452 -920.4786524512385 7131.965745559285 -371.3790523324387
4306805.513418345 295718.5176819716 -5365947.4087423915 -924.6568635345243 7131.746315975425 -364.8314736937384
4305878.767915196 302850.1509377508 -5366308.966257104 -928.83395605578 7131.51885743926 -358.2834886030043
4304947.845880214 309981.5527205922 -5366663.975586571 -933.0099266359219 7131.2833701301215 -351.73510443312745
4304012.74843703 317112.7150018151 -5367012.436335401 -937.1847718969957 7131.039854234098 -345.18632855718386
4303073.476712652 324243.6297529287 -5367354.348115575 -941.3584884621765 7130.788309944034 -338.63716834843035
4302130.0318374615 331374.28894563805 -5367689.710546445 -945.5310729557686 7130.528737459529 -332.08763118030083
4301182.4149452215 338504.6845518514 -5368018.52325474 -949.7025220032045 7130.261136986938 -325.53772442640263
4300230.627173062 345634.80854368664 -5368340.7858745605 -953.8728322310459 7129.985508739372 -318.9874554605123
4299274.66966149 352764.65289347817 -5368656.498047382 -958.0420002669817 7129.701852936694 -312.4368316565723
4298314.543554382 359894.20957378356 -5368965.659422052 -962.2100227398288 7129.4101698055265 -305.88586038868675
4297350.249998988 367023.4705573905 -5369268.2696547955 -966.3768962795313 7129.110459579241 -299.33454903111783
4296381.790145924 374152.4278173234 -5369564.328409209 -970.5426175171601 7128.802722497969 -292.7829049582819
4295409.1651491765 381281.07332685014 -5369853.835356265 -974.7071830849129 7128.486958808589 -286.23093554474565
4294432.3761661 388409.39905948885 -5370136.790174309 -978.8705896161134 7128.16316876474 -279.67864816522246
4293451.424357412 395537.3969890147 -5370413.192549065 -983.0328337452114 7127.831352626807 -273.1260501945684
4292466.310887198 402665.0590894666 -5370683.042173627 -987.1939121077817 7127.491510661934 -266.5731490077785
4291477.036922906 409792.3773351539 -5370946.338748467 -991.3538213405247 7127.143643144017 -260.01995197998286
4290483.6036353465 416919.34370066354 -5371203.081981433 -995.5125580812658 7126.787750353704 -253.46646648644298
4289486.012198694 424045.9501608661 -5371453.271587743 -999.6701189689543 7126.4238325783945 -246.91269990254779
4288484.26379048 431172.1886909231 -5371696.907289999 -1003.8265006436638 7126.051890112241 -240.35865960381003
4287478.359591597 438298.0512662936 -5371933.9888181705 -1007.9816997465919 7125.671923256148 -233.80435296586228
4286468.300786297 445423.529862741 -5372164.515909608 -1012.1357129200593 7125.283932317771 -227.24978736445325
4285454.088562185 452548.61645633954 -5372388.488309036 -1016.2885368075098 7124.8879176115215 -220.6949701754439
4284435.724110228 459673.3030234815 -5372605.905768556 -1020.44016805351 7124.483879458556 -214.1399087748037
4283413.208624744 466797.58154088346 -5372816.768047641 -1024.5906033037486 7124.071818186788 -207.58461053860682
4282386.543303404 473921.44398559345 -5373021.074913146 -1028.739839205037 7123.651734130878 -201.0290828430283
4281355.729347235 481044.8823349974 -5373218.826139299 -1032.8878724053072 7123.22362763224 -194.4733330643402
4280320.767960612 488167.8885668262 -5373410.0215077065 -1037.0346995536133 7122.787499039039 -187.91736857890794
4279281.660351262 495290.45465916203 -5373594.660807348 -1041.1803173001304 7122.343348706189 -181.3611967631863
4278238.407730262 502412.5725904456 -5373772.743834582 -1045.3247222961534 7121.891176995355 -174.8048249937159
4277191.011312036 509534.2343394826 -5373944.270393144 -1049.4679111940986 7121.430984274953 -168.24826064711914
4276139.472314356 516655.43188545044 -5374109.240294144 -1053.6098806475013 7120.962770920149 -161.69151110009645
4275083.791958338 523776.1572079051 -5374267.653356069 -1057.7506273110166 7120.486537312857 -155.13458372942262
4274023.971468445 530896.4022867879 -5374419.509404786 -1061.8901478404193 7120.002283841745 -148.5774859119429
4272960.012072484 538016.1591024322 -5374564.808273535 -1066.0284388926025 7119.510010902228 -142.02022502456919
4271891.9150016 545135.4196355701 -5374703.549802938 -1070.165497125578 7119.009718896471 -135.46280844427628
4270819.681490285 552254.1758673391 -5374835.733840986 -1074.301319198476 7118.50140823339 -128.9052435480981
4269743.312776369 559372.4197792894 -5374961.360243054 -1078.435901771544 7117.985079328649 -122.34753771312384
4268662.810101021 566490.1433533899 -5375080.428871891 -1082.5692415061476 7117.460732604662 -115.78969831649418
4267578.174708748 573607.3385720353 -5375192.939597625 -1086.7013350647696 7116.928368490591 -109.23173273539754
4266489.407847394 580723.997418053 -5375298.89229776 -1090.8321791110093 7116.38798742235 -102.6736483470662
4265396.510768142 587840.1118747093 -5375398.286857176 -1094.9617703095826 7115.8395898426 -96.11545252877265
4264299.484725503 594955.673925717 -5375491.123168133 -1099.0901053263215 7115.28317620075 -89.55715265782558
4263198.330977328 602070.6755552418 -5375577.4011302665 -1103.2171808281737 7114.71874695296 -82.99875611156631
4262093.050784797 609185.1087479084 -5375657.1206505895 -1107.3429934832027 7114.146302562139 -76.44027026736482
4260983.645412423 616298.965488808 -5375730.281643494 -1111.467539960587 7113.565843497942 -69.88170250261611
4259870.116128046 623412.237763505 -5375796.884030747 -1115.59081693062 7112.977370236776 -63.3230601947363
4258752.46420284 630524.9175580433 -5375856.927741495 -1119.7128210647088 7112.380883261794 -56.76435072115887
4257630.690911305 637636.9968589535 -5375910.41271226 -1123.8335490353757 7111.776383062901 -50.20558145933088
4256504.797531267 644748.4676532595 -5375957.338886944 -1127.9529975162561 7111.163870136746 -43.64675978670916
4255374.785343878 651859.3219284853 -5375997.706216822 -1132.071163182099 7110.543344986728 -37.08789308075656
4254240.655633616 658969.5516726613 -5376031.514660552 -1136.188042708767 7109.914808122998 -30.528988718938088
4253102.409688282 666079.148874332 -5376058.764184168 -1140.3036327732348 7109.2782600624505 -23.97005407871719
4251960.048798998 673188.1055225615 -5376079.454761078 -1144.4179300535895 7108.633701328731 -17.411096537551924
4250813.57426021 680296.4136069415 -5376093.586372068 -1148.5309312290308 7107.981132452233 -10.85212347289117
4249662.987369681 687404.0651175971 -5376101.159005308 -1152.64263297987 7107.3205539701 -4.293142262170854
4248508.289428497 694511.0520451941 -5376102.172656338 -1156.75303198753 7106.651966426221 2.265839717189845
4247349.481741059 701617.3663809455 -5376096.627328077 -1160.8621249345445 7105.975370371234 8.824815087792292
4246186.565615086 708723.0001166185 -5376084.523030824 -1164.9699085045581 7105.290766362527 15.38377647226218
4245019.542361612 715827.9452445406 -5376065.859782253 -1169.0763793823264 7104.598154964235 21.942716493253318
4243848.41329499 722932.1937576071 -5376040.637607417 -1173.181534253714 7103.89753674724 28.50162777345143
4242673.179732879 730035.7376492877 -5376008.856538746 -1177.2853698056965 7103.188912289175 35.06050293557793
4241493.8429962555 737138.568913633 -5375970.5166160455 -1181.3878827263584 7102.472282174421 41.619334602393714
4240310.404409407 744240.6795452811 -5375925.6178864995 -1185.4890697048936 7101.747646994105 48.178115396702964
4239122.865299929 751342.061539465 -5375874.160404668 -1189.5889274316044 7101.0150073461045 54.73683794135691
4237931.226998729 758442.7068920188 -5375816.144232491 -1193.687452597902 7100.274363835047 61.29549485925766
4236735.490840021 765542.6075993844 -5375751.569439284 -1197.7846418963056 7099.525717072304 67.85407877336195
4235535.658161326 772641.7556586186 -5375680.436101737 -1201.8804920204425 7098.769067676 74.41258230668494
4234331.730303472 779740.1430673999 -5375602.744303923 -1205.9749996650476 7098.004416271006 80.97099808230402
4233123.70861059 786837.7618240347 -5375518.494137285 -1210.0681615259628 7097.231763488943 87.5293187233626
4231911.594430115 793934.6039274647 -5375427.6857006475 -1214.159974300137 7096.451109968178 94.08753685307391
4230695.389112786 801030.661377273 -5375330.319100209 -1218.250434685626 7095.66245635383 100.6456450947247
4229475.094012641 808125.9261736915 -5375226.394449547 -1222.339539381591 7094.865803297764 107.20363607167917
4228250.710487019 815220.3903176072 -5375115.9118696125 -1226.4272850883003 7094.061151458595 113.76150240738265
4227022.239896561 822314.0458105691 -5374998.871488738 -1230.513668507127 7093.24850150169 120.31923672536547
4225789.683605202 829406.8846547949 -5374875.273442628 -1234.5986863405503 7092.42785409916 126.87683164924668
4224553.042980174 836498.8988531781 -5374745.117874363 -1238.6823352921538 7091.599209929869 133.43427980273788
4223312.31939201 843590.080409294 -5374608.404934404 -1242.7646120666257 7090.762569679429 139.99157380964704
4222067.514214532 850680.421327407 -5374465.134780585 -1246.8455133697594 7089.9179340402015 146.54870629388222
4220818.62882486 857769.9136124775 -5374315.307578117 -1250.9250359084517 7089.065303711299 153.10566987945538
4219565.664603402 864858.5492701681 -5374158.923499584 -1255.0031763907034 7088.204679398579 159.66245719048626
4218308.622933861 871946.3203068507 -5373995.982724952 -1259.079931525619 7087.3360618146535 166.21906085120605
4217047.50520323 879033.2187296132 -5373826.485441557 -1263.155298023406 7086.459451678883 172.77547348596121
4215782.31280179 886119.2365462664 -5373650.431844113 -1267.2292725953746 7085.574849717378 179.33168771921737
4214513.047123111 893204.3657653502 -5373467.822134711 -1271.301851953938 7084.682256662999 185.88769617556298
4213239.70956405 900288.598396141 -5373278.656522813 -1275.3730328126117 7083.781673255355 192.4434914797132
4211962.301524748 907371.9264486582 -5373082.93522526 -1279.442811886012 7082.873100240809 198.99906625651366
4210680.824408635 914454.341933671 -5372880.658466267 -1283.511185889858 7081.956538372473 205.5544131309442
4209395.27962242 921535.836862705 -5372671.826477425 -1287.578151540971 7081.031988410207 212.1095247281228
4208105.668576099 928616.4032480487 -5372456.439497696 -1291.6437055572712 7080.099451120628 218.66439367330926
4206811.992682945 935696.0331027613 -5372234.497773422 -1295.7078446577814 7079.158927277098 225.2190125919091
4205514.253359514 942774.718440678 -5372006.001558314 -1299.7705655626237 7078.210417659733 231.77337410947717
4204212.452025643 949852.451276418 -5371770.951113461 -1303.831864993021 7077.253923055401 238.32747085172167
4202906.590104444 956929.2236253907 -5371529.346707326 -1307.8917396712964 7076.28944425772 244.8812954445078
4201596.669022309 964005.0275038022 -5371281.188615746 -1311.9501863208716 7075.31698206706 251.43484051386167
4200282.690208903 971079.8549286627 -5371026.4771219315 -1316.0072016662684 7074.3365372905455 257.9880986859739
4198964.655097169 978153.6979177924 -5370765.212516465 -1320.0627824331073 7073.348110742048 264.5410625872037
4197642.5651233215 985226.5484898293 -5370497.395097305 -1324.116925348108 7072.351703242197 271.0937248440825
4196316.421726847 992298.3986642351 -5370223.025169782 -1328.1696271390879 7071.347315618371 277.6460780833177
4194986.226350509 999369.2404613025 -5369942.103046602 -1332.2208845349635 7070.334948704702 284.1981149317967
4193651.9804403335 1006439.0659021613 -5369654.62904784 -1336.2706942657483 7069.314603342077 290.74982801659036
4192313.685445622 1013507.867008786 -5369360.603500947 -1340.3190530625538 7068.286280378134 297.30120996495714
4190971.3428189424 1020575.6358040016 -5369060.026740746 -1344.365957657589 7067.249980667262 303.8522534043467
4189624.954016129 1027642.3643114915 -5368752.8991094325 -1348.4114047841595 7066.205705070611 310.4029509624039
4188274.5204962846 1034708.0445558033 -5368439.220956573 -1352.4553911766677 7065.153454456078 316.95329526697225
4186920.0437217746 1041772.6685623557 -5368118.992639108 -1356.497913570613 7064.093229698319 323.503278946098
4185561.5251582297 1048836.2283574457 -5367792.214521347 -1360.5389687025906 7063.025031678741 330.05289462803415
4184198.9662745437 1055898.7159682552 -5367458.886974975 -1364.5785533102915 7061.948861285507 336.6021349412437
4182832.368542871 1062960.123422857 -5367119.010379044 -1368.6166641325028 7060.864719413534 343.15099251440387
4181461.7334386273 1070020.442750223 -5366772.585119982 -1372.6532979091069 7059.772606964497 349.69945997640974
4180087.0624404876 1077079.6659802299 -5366419.611591585 -1376.688451381081 7058.672524846822 356.24752995637823
4178708.357030386 1084137.7851436653 -5366060.09019502 -1380.7221212904974 7057.564473975694 362.79519508365166
4177325.6186935133 1091194.7922722371 -5365694.021338824 -1384.754304380523 7056.4484552730555 369.34244798780173
4175938.848918317 1098250.679398577 -5365321.405438907 -1388.7849973954187 7055.3244696676 375.8892812986335
4174548.0491964994 1105305.4385562493 -5364942.242918548 -1392.81419708054 7054.192518094783 382.43568764618874
4173153.221023017 1112359.0617797577 -5364556.534208393 -1396.8419001823358 7053.052601496813 388.9816596607502
4171754.36589608 1119411.5411045507 -5364164.27974646 -1400.8681034483486 7051.904720822657 395.52718997284524
4170351.48531715 1126462.8685670295 -5363765.479978138 -1404.892803627214 7050.74887702804 402.0722712132495
4168944.580790939 1133513.036204554 -5363360.135356181 -1408.915997468661 7049.585071075444 408.61689601299105
4167533.6538254083 1140562.0360554503 -5362948.246340714 -1412.9376817235116 7048.41330393411 415.16105700335396
4166118.70593177 1147609.8601590176 -5362529.813399233 -1416.9578531436796 7047.233576580038 421.7047468158821
4164699.738624482 1154656.5005555337 -5362104.837006597 -1420.976508482171 7046.045889995984 428.2479580823833
4163276.753421249 1161701.9492862627 -5361673.3176450385 -1424.9936444930847 7044.850245171466 434.79068343493276
4161849.7518430203 1168746.1983934618 -5361235.255804154 -1429.0092579316106 7043.6466431027575 441.3329155058771
4160418.7354139914 1175789.2399203877 -5360790.65198091 -1433.02334555403 7042.435084792896 447.8746469278381
4158983.705661599 1182831.0659113037 -5360339.506679637 -1437.0359041177157 7041.21557125168 454.4158703337165
4157544.664116523 1189871.668411486 -5359881.820412037 -1441.0469303811321 7039.988103495662 460.9565783566961
4156101.6123126843 1196911.0394672311 -5359417.593697174 -1445.0564211038336 7038.75268254816 467.4967636302472
4154654.5517872423 1203949.1711258618 -5358946.827061482 -1449.064373046465 7037.509309439254 474.03641878813045
4153203.4840805973 1210986.0554357343 -5358469.521038759 -1453.0707829707624 7036.2579852057825 480.57553646440124
4151748.410736386 1218021.6844462457 -5357985.676170169 -1457.0756476395504 7034.998710891347 487.1141092934129
4150289.3333014823 1225056.0502078396 -5357495.293004244 -1461.078963816745 7033.7314875463135 493.6521299098209
4148826.2533259946 1232089.1447720132 -5356998.372096876 -1465.080728267351 7032.456316227806 500.1895909485864
4147359.1723632673 1239120.9601913246 -5356494.914011327 -1469.0809377574624 7031.173197999716 506.7264850449803
4145888.0919698775 1246151.4885193992 -5355984.919318221 -1473.0795890542624 7029.882133932695 513.2628048345871
4144413.013705634 1253180.7218109358 -5355468.3885955475 -1477.076678926023 7028.583125104161 519.7985429533085
4142933.9391335775 1260208.6521217145 -5354945.32242866 -1481.0722041421056 7027.276172598294 526.3336920373675
4141450.869819978 1267235.2715086034 -5354415.721410273 -1485.0661614729595 7025.96127750604 532.8682447233123
4139963.807334335 1274260.5720295638 -5353879.586140466 -1489.0585476901215 7024.638440925109 539.4021936480199
4138472.7532493775 1281284.5457436587 -5353336.917226683 -1493.0493595662174 7023.307663959978 545.9355314487
4136977.7091410584 1288307.1847110589 -5352787.715283731 -1497.0385938749605 7021.968947721889 552.4682507628986
4135478.676588558 1295328.4809930504 -5352231.980933775 -1501.0262473911512 7020.62229332885 559.0003442285027
4133975.6571742813 1302348.4266520396 -5351669.714806345 -1505.0123168906775 7019.267701905635 565.5318044837434
4132468.6524838563 1309367.0137515618 -5351100.917538332 -1508.9967991505148 7017.905174583785 572.0626241671996
4130957.6641061343 1316384.234356287 -5350525.589773988 -1512.9796909487247 7016.534712501612 578.5927959178025
4129442.693633187 1323400.0805320262 -5349943.732164928 -1516.9609890644563 7015.156316804193 585.1223123748391
4127923.742660307 1330414.5443457405 -5349355.345370124 -1520.9406902779447 7013.769988643372 591.6511661779562
4126400.812786005 1337427.6178655445 -5348760.43005591 -1524.9187913705114 7012.375729177764 598.179349967164
4124873.905612012 1344439.2931607158 -5348158.98689598 -1528.8952891245633 7010.973539572755 604.7068563828401
4123343.0227432735 1351449.5623017005 -5347551.016571389 -1532.8701803235942 7009.563421000499 611.2336780657338
4121808.1657879543 1358458.4173601205 -5346936.519770546 -1536.843461752183 7008.145374639919 617.7598076569691
4120269.336357431 1365465.8504087795 -5346315.497189225 -1540.8151301959938 7006.719401676711 624.2852377980491
4118726.5360662956 1372471.8535216704 -5345687.949530554 -1544.7851824417764 7005.285503303339 630.8099611308598
4117179.7665323513 1379476.4187739822 -5345053.877505019 -1548.7536152773657 7003.843680719044 637.3339702976743
4115629.0293766144 1386479.5382421063 -5344413.281830466 -1552.7204254916808 7002.393935129835 643.8572579411558
4114074.326223312 1393481.204003644 -5343766.1632320965 -1556.6856098747262 7000.936267748494 650.3798167043622
4112515.658699879 1400481.4081374123 -5343112.522442468 -1560.6491652175907 6999.470679794578 656.9016392307499
4110953.0284369593 1407480.142723451 -5342452.360201498 -1564.6110883124468 6997.997172494418 663.4227181641775
4109386.437068405 1414477.3998430297 -5341785.677256456 -1568.5713759525513 6996.515747081116 669.9430461489095
4107815.8862312743 1421473.171578655 -5341112.474361968 -1572.5300249322459 6995.026404794551 676.4626158296206
4106241.3775658286 1428467.4500140764 -5340432.752280016 -1576.4870320469547 6993.529146881377 682.9814198513996
4104662.912715536 1435460.2272342932 -5339746.511779937 -1580.4423940931863 6992.023974595024 689.4994508597525
4103080.4933270663 1442451.495325562 -5339053.753638419 -1584.3961078685318 6990.510889195699 696.0167015006075
4101494.1210502903 1449441.2463754024 -5338354.478639509 -1588.3481701716662 6988.989891950384 702.5331644203183
4099903.797538281 1456429.472472605 -5337648.687574602 -1592.2985778023472 6987.460984132837 709.0488322656676
4098309.52444731 1463416.1657072373 -5336936.381242451 -1596.2473275614152 6985.924167023597 715.5636976838719
4096711.303436848 1470401.3181706504 -5336217.56044916 -1600.194416250794 6984.379441909981 722.0777533225844
4095109.1361695635 1477384.9219554868 -5335492.226008184 -1604.1398406734884 6982.826810086086 728.5909918299
4093503.0243113223 1484366.9691556857 -5334760.378740328 -1608.0835976335875 6981.266272852784 735.1034058543582
4091892.969531182 1491347.4518664912 -5334022.019473754 -1612.0256839362612 6979.69783151773 741.6149880449477
4090278.9735014 1498326.3621844582 -5333277.149043968 -1615.9660963877616 6978.12148739536 748.1257310511098
4088661.037897422 1505303.6922074596 -5332525.76829383 -1619.904831795423 6976.537241806891 754.6356275227428
4087039.164397888 1512279.4340346924 -5331767.87807355 -1623.8418869676611 6974.9450960803215 761.1446701102051
4085413.3546846285 1519253.5797666851 -5331003.479240687 -1627.7772587139734 6973.345051550434 767.6528514643202
4083783.610442665 1526226.1215053054 -5330232.572660147 -1631.7109438449386 6971.737109558789 774.1601642363794
4082149.933360207 1533197.0513537647 -5329455.159204189 -1635.6429391722165 6970.121271453737 780.6666010781471
4080512.325128651 1540166.3614166267 -5328671.239752416 -1639.5732415085486 6968.497538590407 787.1721546418637
4078870.787442582 1547134.0437998131 -5327880.815191779 -1643.5018476677567 6966.865912330718 793.6768175802493
4077225.32199977 1554100.0906106117 -5327083.886416578 -1647.4287544647434 6965.2263940433695 800.1805825465088
4075575.930501169 1561064.493957682 -5326280.454328459 -1651.3539587154924 6963.578985103849 806.6834421943347
4073922.6146509163 1568027.2459510625 -5325470.519836411 -1655.2774572370674 6961.923686894431 813.1853891779116
4072265.376156332 1574988.3387021772 -5324654.083856773 -1659.1992468476133 6960.260500804177 819.68641615192
4070604.216727918 1581947.7643238422 -5323831.147313225 -1663.119324366354 6958.589428228936 826.1865157715401
4068939.1380793564 1588905.5149302739 -5323001.711136796 -1667.0376866135946 6956.910470571345 832.685680692456
4067270.1419275077 1595861.5826370937 -5322165.776265855 -1670.9543304107194 6955.2236292408315 839.1839035708592
4065597.229992411 1602815.9595613363 -5321323.343646117 -1674.8692525801935 6953.528905653609 845.6811770634529
4063920.4039972825 1609768.637821456 -5320474.414230638 -1678.7824499455605 6951.826301232686 852.177493827456
4062239.6656685136 1616719.6095373335 -5319618.988979818 -1682.6939193314447 6950.11581740786 858.6728465206069
4060555.0167356706 1623668.8668302826 -5318757.068861401 -1686.6036575635492 6948.397455615719 865.1672278011671
4058866.458931495 1630616.4018230569 -5317888.654850468 -1690.5116614686563 6946.671217299644 871.6606303279257
4057173.9939919002 1637562.206639857 -5317013.747929444 -1694.4179278746285 6944.93710390981 878.153046760203
4055477.62365597 1644506.2734063372 -5316132.349088092 -1698.3224536104065 6943.195116903183 884.6444697578548
4053777.34966596 1651448.594249612 -5315244.459323519 -1702.2252355060104 6941.445257743526 891.1348919812758
4052073.1737672943 1658389.1612982631 -5314350.079640168 -1706.1262703925393 6939.687527901397 897.624306091404
4050365.097708567 1665327.966682346 -5313449.21104982 -1710.0255551021703 6937.921928854144 904.1127047497247
4048653.123241538 1672265.0025333972 -5312541.854571599 -1713.9230864681608 6936.14846208592 910.6000806182741
4046937.252121134 1679200.2609844408 -5311628.011231961 -1717.818861324845 6934.367129087669 917.0864263596434
4045217.4861054467 1686133.7341699947 -5310707.682064702 -1721.712876507637 6932.577931357134 923.5717346369829
4043493.8269557315 1693065.4142260787 -5309780.868110954 -1725.6051288530282 6930.780870398856 930.0559981140058
4041766.276436407 1699995.29329022 -5308847.570419185 -1729.4956151985891 6928.975947724174 936.5392094549925
4040034.836315055 1706923.3635014608 -5307907.790045199 -1733.3843323829683 6927.16316485123 943.0213613247939
4038299.508362415 1713849.6170003645 -5306961.528052136 -1737.2712772458915 6925.342523304966 949.5024463888362
4036560.2943523894 1720774.0459290233 -5306008.785510468 -1741.1564466281638 6923.51402461712 955.9824573131242
4034817.196062038 1727696.642431064 -5305049.563498001 -1745.0398373716678 6921.677670326239 962.4613867642457
4033070.2152715786 1734617.3986516562 -5304083.863099874 -1748.9214463193637 6919.833461977667 968.9392274093755
4031319.3537643836 1741536.3067375172 -5303111.685408561 -1752.80127031529 6917.981401123552 975.4159719162789
4029564.6133269835 1748453.358836921 -5302133.031523864 -1756.679306204562 6916.121489322851 981.8916129533162
4027805.9957490615 1755368.5470997025 -5301147.90255292 -1760.5555508333734 6914.25372814132 988.3661431894465
4026043.5028234543 1762281.8636772675 -5300156.299610196 -1764.4300010489953 6912.378119151523 994.8395552942316
4024277.1363461516 1769193.300722596 -5299158.223817486 -1768.3026536997766 6910.494663932829 1001.3118419378402
4022506.898116293 1776102.850390252 -5298153.676303917 -1772.1735056351426 6908.603364071416 1007.7829957910518
4020732.7899361695 1783010.5048363886 -5297142.658205943 -1776.0425537055967 6906.704221160268 1014.2530095252608
4018954.81361122 1789916.2562187556 -5296125.170667348 -1779.90979476272 6904.79723679918 1020.7218758124802
4017172.9709500317 1796820.0966967056 -5295101.214839242 -1783.77522565917 6902.882412594752 1027.1895873253463
4015387.2637643376 1803722.0184312016 -5294070.791880064 -1787.6388432486822 6900.9597501603985 1033.6561367371216
4013597.6938690185 1810622.0135848226 -5293033.902955578 -1791.5006443860686 6899.029251116342 1040.1215167216997
4011804.2630820978 1817520.074321773 -5291990.549238872 -1795.3606259272185 6897.090917089617 1046.5857199536092
4010006.9732247437 1824416.1928078854 -5290940.731910363 -1799.218784729098 6895.14474971407 1053.0487391080171
4008205.826121267 1831310.3612106314 -5289884.45215779 -1803.075117649751 6893.190750630362 1059.5105668607343
4006400.8235991187 1838202.5716991257 -5288821.711176217 -1806.9296215482973 6891.228921485968 1065.9711958882178
4004591.9674888914 1845092.8164441343 -5287752.510168029 -1810.7822932849342 6889.259263935178 1072.4306188675757
4002779.259624316 1851981.0876180807 -5286676.850342938 -1814.6331297209356 6887.281779639095 1078.888828476571
4000962.7018422624 1858867.377395053 -5285594.732917974 -1818.4821277186527 6885.296470265639 1085.3458173936267
3999142.295982737 1865751.6779508109 -5284506.159117488 -1822.3292841415127 6883.30333748955 1091.8015782978275
3997318.0438888827 1872633.9814627916 -5283411.130173156 -1826.1745958540207 6881.302382992383 1098.256103868926
3995489.947406977 1879514.2801101177 -5282309.647323968 -1830.0180597217575 6879.293608462511 1104.709386787346
3993658.0083864317 1886392.566073604 -5281201.711816238 -1833.8596726113808 6877.277015595129 1111.161419734186
3991822.228679791 1893268.8315357629 -5280087.324903597 -1837.6994313906257 6875.252606092252 1117.6121953912245
3989982.610142731 1900143.0686808126 -5278966.487846993 -1841.5373329283034 6873.220381662716 1124.061706440923
3988139.1546340585 1907015.269694684 -5277839.201914691 -1845.3733740943019 6871.180344022178 1130.5099455664301
3986291.8640157096 1913885.426765027 -5276705.468382275 -1849.207551759586 6869.132494893119 1136.956905451586
3984440.740152749 1920753.532081217 -5275565.288532641 -1853.0398627961968 6867.076836004841 1143.4025787809264
3982585.7849133685 1927619.5778343622 -5274418.663656003 -1856.8703040772516 6865.013369093476 1149.8469582396865
3980727.0001688884 1934483.5562173105 -5273265.595049889 -1860.698872476946 6862.942095901976 1156.2900365138055
3978864.3877937505 1941345.4594246557 -5272106.08401914 -1864.5255648705504 6860.863018180122 1162.73180628993
3976997.9496655236 1948205.2796527457 -5270940.131875913 -1868.350378134413 6858.77613768452 1169.1722602554187
3975127.687664899 1955063.0090996877 -5269767.739939671 -1872.1733091459578 6856.681456178605 1175.6113910983452
3973253.60367569 1961918.6399653559 -5268588.909537194 -1875.994354783686 6854.5789754326415 1182.049191507504
3971375.6995848296 1968772.1644513982 -5267403.642002571 -1879.813511927175 6852.468697223722 1188.4856541724137
3969493.977282373 1975623.5747612433 -5266211.938677201 -1883.6307774570794 6850.35062333577 1194.9207717833203
3967608.438661493 1982472.863100107 -5265013.800909793 -1887.4461482551299 6848.224755559541 1201.3545370312029
3965719.08561848 1989320.0216749988 -5263809.230056363 -1891.2596212041335 6846.091095692621 1207.7869426077755
3963825.9200527403 1996165.04269473 -5262598.227480236 -1895.0711931879753 6843.949645539431 1214.2179812054937
3961928.9438667973 2003007.918369919 -5261380.794552046 -1898.880861091616 6841.800406911224 1220.6476455175577
3960028.158966288 2009848.6409129996 -5260156.932649732 -1902.6886218010932 6839.643381626088 1227.0759282379158
3958123.5672599636 2016687.2025382267 -5258926.643158536 -1906.4944722035214 6837.478571508949 1233.5028220612687
3956215.170659687 2023523.5954616836 -5257689.927471009 -1910.298409187092 6835.305978391568 1239.9283196830745
3954302.9710804326 2030357.811901289 -5256446.786987005 -1914.1004296410729 6833.1256041125425 1246.352413799552
3952386.9704402843 2037189.8440768032 -5255197.22311368 -1917.9005304558093 6830.93745051731 1252.7750971076857
3950467.1706604366 2044019.6842098352 -5253941.237265494 -1921.698708522723 6828.741519458146 1259.1963623052281
3948543.5736651905 2050847.3245238508 -5252678.830864207 -1925.4949607343135 6826.5378127941685 1265.6162020907063
3946616.1813819553 2057672.7572441772 -5251410.005338882 -1929.2892839841556 6824.326332391333 1272.0346091634242
3944684.995741245 2064495.9745980112 -5250134.762125883 -1933.081675166903 6822.107080122441 1278.451576223467
3942750.018676679 2071316.968814426 -5248853.102668873 -1936.8721311782858 6819.880057867134 1284.8670959717067
3940811.25212498 2078135.7321243784 -5247565.02841881 -1940.6606489151109 6817.645267511899 1291.281161109804
3938868.698025974 2084952.256760714 -5246270.540833956 -1944.447225275263 6815.402710950067 1297.693764340214
3936922.3583225887 2091766.5349581763 -5244969.641379865 -1948.2318571577039 6813.152390081816 1304.1048983661908
3934972.2349608517 2098578.5589534114 -5243662.331529391 -1952.0145414624728 6810.894306814168 1310.5145558917893
3933018.3298898893 2105388.3209849764 -5242348.61276268 -1955.7952750906863 6808.628463060996 1316.9227296218721
3931060.645061928 2112195.813293345 -5241028.486567177 -1959.5740549445384 6806.354860743019 1323.3294122621123
3929099.1824322906 2119001.0281209163 -5239701.954437616 -1963.3508779273009 6804.073501787807 1329.734596518997
3927133.943959396 2125803.95771202 -5238369.01787603 -1967.125740943323 6801.784388129781 1336.1382750998337
3925164.931604758 2132604.594312922 -5237029.678391738 -1970.8986408980325 6799.487521710213 1342.540440712752
3923192.147332985 2139402.9301718357 -5235683.937501357 -1974.6695746979335 6797.182904477228 1348.9410860667085
3921215.593111778 2146198.9575389237 -5234331.796728788 -1978.4385392506097 6794.870538385802 1355.3402038714928
3919235.27091193 2152992.668666308 -5232973.257605226 -1982.2055314647216 6792.550425397769 1361.737786837729
3917251.1827073256 2159784.0558080766 -5231608.321669154 -1985.9705482500087 6790.222567481815 1368.1338276768813
3915263.3304749364 2166573.111220288 -5230236.990466343 -1989.733586517288 6787.886966613484 1374.528319101258
3913271.7161948257 2173359.8271609806 -5228859.2655498525 -1993.494643178455 6785.543624775178 1380.921253824016
3911276.341850144 2180144.195890178 -5227475.148480025 -1997.253715146484 6783.1925439561555 1387.3126245591645
3909277.209427126 2186926.209669898 -5226084.640824492 -2001.0107993354277 6780.833726152537 1393.7024240215694
3907274.3209150946 2193705.860764156 -5224687.744158167 -2004.765892660417 6778.467173367301 1400.0906449269573
3905267.6783064543 2200483.141438975 -5223284.460063251 -2008.5189920376617 6776.092887610288 1406.47727999192
3903257.2835966954 2207258.043962391 -5221874.790129224 -2012.2700943844513 6773.710870898202 1412.862321933919
3901243.138784389 2214030.5606044605 -5220458.73595285 -2016.019196619153 6771.32112525461 1419.2457634712887
3899225.2458711877 2220800.6836372665 -5219036.299138177 -2019.766295661214 6768.923652709939 1425.6275973232414
3897203.6068618237 2227568.4053349257 -5217607.481296527 -2023.5113884311602 6766.518455301489 1432.0078162098716
3895178.223764109 2234333.7179735964 -5216172.284046506 -2027.2544718505974 6764.10553507342 1438.3864128521607
3893149.0985889323 2241096.6138314833 -5214730.709013997 -2030.9955428422104 6761.68489407676 1444.7633799719788
3891116.2333502597 2247857.085188846 -5213282.757832161 -2034.7345983297644 6759.256534369412 1451.1387102920924
3889079.6300651324 2254615.1243280065 -5211828.432141437 -2038.4716352381035 6756.820458016141 1457.5123965361659
3887039.2907536677 2261370.7235333533 -5210367.733589539 -2042.2066504931527 6754.376667088586 1463.8844314287674
3884995.217439055 2268123.8750913516 -5208900.663831455 -2045.9396410219163 6751.925163665256 1470.2548076953726
3882947.412147557 2274874.571290547 -5207427.224529448 -2049.670603752479 6749.465949831535 1476.6235180623687
3880895.8769085067 2281622.8044215753 -5205947.417353053 -2053.399535614007 6746.999027679678 1482.9905552570588
3878840.613754309 2288368.566777167 -5204461.243979081 -2057.1264335367455 6744.524399308817 1489.3559120076666
3876781.624720436 2295111.850652155 -5202968.706091609 -2060.8512944520216 6742.04206682496 1495.7195810433398
3874718.91184543 2301852.648343483 -5201469.805381989 -2064.5741152922424 6739.552032340989 1502.0815550941554
3872652.477170899 2308590.9521502093 -5199964.54354884 -2068.2948929908976 6737.054297976669 1508.4418268911234
3870582.3227415173 2315326.754373518 -5198452.92229805 -2072.0136244825567 6734.548865858638 1514.8003891661908
3868508.4506050246 2322060.0473167193 -5196934.943342772 -2075.730306702871 6732.035738120417 1521.1572346522464
3866430.8628122234 2328790.8232852644 -5195410.608403431 -2079.4449365885725 6729.514916902409 1527.5123560831255
3864349.56141698 2335519.0745867463 -5193879.919207714 -2083.157511077478 6726.986404351898 1533.8657461936127
3862264.548476221 2342244.7935309084 -5192342.877490572 -2086.8680271084822 6724.450202623052 1540.2173977194482
3860175.8260499355 2348967.972429653 -5190799.484994222 -2090.5764816215656 6721.9063138769225 1546.56730339733
3858083.39620117 2355688.603597046 -5189249.743468146 -2094.2828715577884 6719.354740281447 1552.91545596492
3855987.2609960316 2362406.6793493247 -5187693.654669083 -2097.987193859295 6716.795484011451 1559.2618481608472
3853887.422503682 2369122.192004904 -5186131.220361035 -2101.689445469313 6714.228547248643 1565.6064727247124
3851783.8827963416 2375835.1338843866 -5184562.442315264 -2105.38962333215 6711.6539321816235 1571.9493223970928
3849676.6439492847 2382545.4973105644 -5182987.322310289 -2109.0877243932 6709.071641005884 1578.2903899195455
3847565.708040841 2389253.274608429 -5181405.862131894 -2112.7837455989384 6706.481675923804 1584.6296680346125
3845451.0771523905 2395958.458105179 -5179818.06357311 -2116.4776838969246 6703.884039144654 1590.9671494858246
3843332.7533683665 2402661.0401302245 -5178223.928434229 -2120.169536235802 6701.278732884599 1597.3028270177065
3841210.738776255 2409361.0130151953 -5176623.4585228 -2123.859299565296 6698.665759366696 1603.6366933757797
3839085.035466589 2416058.369093948 -5175016.655653622 -2127.546970836219 6696.045120820899 1609.9687413065683
3836955.645532951 2422753.100702573 -5173403.521648747 -2131.2325470004653 6693.416819484056 1616.2989635576027
3834822.5710719726 2429445.2001794004 -5171784.058337484 -2134.9160250110144 6690.780857599911 1622.6273528774236
3832685.814183329 2436134.659865007 -5170158.267556386 -2138.5974018219317 6688.137237419109 1628.9539020155867
3830545.3769697435 2442821.472102225 -5168526.151149263 -2142.276674388366 6685.4859611991915 1635.2786037226679
3828401.261536982 2449505.6292361463 -5166887.710967167 -2145.9538396665516 6682.827031204603 1641.6014507502664
3826253.469993854 2456187.123614132 -5165242.948868404 -2149.6288946138097 6680.160449706688 1647.9224358510096
3824102.004452212 2462865.9475858174 -5163591.866718522 -2153.3018361885456 6677.486218983694 1654.2415517785573
3821946.867026948 2469542.093503119 -5161934.466390319 -2156.972661350251 6674.8043413207715 1660.5587912876063
3819788.0598359955 2476215.5537202423 -5160270.749763834 -2160.641367059505 6672.1148190099775 1666.8741471338947
3817625.5850003264 2482886.3205936886 -5158600.718726352 -2164.307950277971 6669.417654350272 1673.1876120742065
3815459.4446439496 2489554.3864822616 -5156924.375172401 -2167.972407968401 6666.712849647525 1679.4991788663756
3813289.640893911 2496219.7437470737 -5155241.721003749 -2171.634737094633 6664.000407214514 1685.8088402692906
3811116.1758802934 2502882.3847515536 -5153552.758129405 -2175.2949346215923 6661.280329370925 1692.1165890428986
3808939.0517362123 2509542.301861454 -5151857.488465618 -2178.9529975152936 6658.5526184433575 1698.4224179482108
3806758.270597818 2516199.4874448567 -5150155.913935877 -2182.6089227428374 6655.817276765321 1704.7263197473058
3804573.8346042926 2522853.9338721815 -5148448.036470905 -2186.262707272414 6653.074306677242 1711.0282872033345
3802385.7458978496 2529505.63351619 -5146733.858008664 -2189.9143480733023 6650.323710526458 1717.3283130805253
3800194.0066237324 2536154.578751997 -5145013.380494349 -2193.5638421158696 6647.5654906672235 1723.626390144187
3797998.6189302136 2542800.7619570745 -5143286.605880392 -2197.211186371572 6644.7996494607105 1729.9225111607143
3795799.5849685944 2549444.175511258 -5141553.536126455 -2200.856377812956 6642.02618927501 1736.216668897592
3793596.906893201 2556084.8117967565 -5139814.173199434 -2204.4994134136577 6639.245112485133 1742.5088561233995
3791390.5868613888 2562722.663198155 -5138068.519073455 -2208.1402901484025 6636.456421473009 1748.7990656078152
3789180.6270335345 2569357.7221024246 -5136316.575729875 -2211.7790049930086 6633.66011862749 1755.0872901216208
3786967.029573041 2575989.9808989307 -5134558.345157278 -2215.415554924382 6630.8562063443505 1761.3735224367058
3784749.7966463314 2582619.4319794355 -5132793.829351476 -2219.049936920521 6628.044687026293 1767.6577553260727
3782528.9304228523 2589246.0677381083 -5131023.030315509 -2222.682147960515 6625.225563082941 1773.93998156384
3780304.433075069 2595869.880571531 -5129245.95005964 -2226.312185024547 6622.398836930845 1780.220193925248
3778076.3067784673 2602490.8628787077 -5127462.590601359 -2229.9400450938892 6619.564510993487 1786.4983851866627
3775844.553711551 2609109.0070610666 -5125672.953965375 -2233.565725150908 6616.7225877012725 1792.7745481255804
3773609.1760558407 2615724.3055224707 -5123877.042183622 -2237.1892221790613 6613.873069491542 1799.048675520632
3771370.1759958733 2622336.750669225 -5122074.857295255 -2240.8105331629013 6611.015958808564 1805.3207601515883
3769127.5557192005 2628946.334910081 -5120266.401346647 -2244.429655088072 6608.151258103542 1811.590794799363
3766881.3174163876 2635553.0506562446 -5118451.67639139 -2248.0465849413126 6605.27896983461 1817.8587722460181
3764631.4632810126 2642156.890321384 -5116630.684490294 -2251.6613197104557 6602.399096466837 1824.1246852747688
3762377.995509665 2648757.846321636 -5114803.427711385 -2255.2738563844273 6599.51164047223 1830.3885266699872
3760120.916301945 2655355.9110756125 -5112969.9081299035 -2258.884191953249 6596.616604329733 1836.650289217207
3757860.227860463 2661951.077004408 -5111130.127828305 -2262.4923234080366 6593.713990525223 1842.9099657031284
3755595.9323908365 2668543.3365316065 -5109284.088896255 -2266.098247741002 6590.803801551526 1849.167548915622
3753328.0321016903 2675132.6820832877 -5107431.793430635 -2269.7019619454527 6587.886039908399 1855.4230316437347
3751056.5292046564 2681719.106088035 -5105573.243535533 -2273.303463015793 6584.960708102548 1861.676406677692
3748781.425914371 2688302.600976942 -5103708.441322246 -2276.902747947522 6582.02780864762 1867.927666808905
3746502.7244484746 2694883.1591836205 -5101837.388909283 -2280.4998137372377 6579.087344064204 1874.176804829973
3744220.4270276106 2701460.7731442037 -5099960.088422358 -2284.0946573826336 6576.139316879839 1880.423813534689
3741934.535875424 2708035.435297358 -5098076.541994388 -2287.687275882502 6573.183729629006 1886.6686857180446
3739645.0532185608 2714607.138084287 -5096186.751765497 -2291.2776662367337 6570.220584853139 1892.9114141762334
3737351.981286666 2721175.8739487384 -5094290.719883012 -2294.865825446316 6567.2498851006185 1899.1519917066566
3735055.3223123825 2727741.6353370133 -5092388.44850146 -2298.4517505133376 6564.271632926777 1905.3904111079273
3732755.078531352 2734304.4146979717 -5090479.939782572 -2302.0354384409834 6561.285830893895 1911.6266651798742
3730451.2521822127 2740864.204483038 -5088565.195895276 -2305.61688623354 6558.292481571209 1917.860746723547
3728143.8455065954 2747420.9971462097 -5086644.219015701 -2309.196090896393 6555.291587534907 1924.0926485412213
3725832.8607491283 2753974.7851440646 -5084717.011327168 -2312.773049436028 6552.283151368135 1930.3223634364024
3723518.300157429 2760525.560935766 -5082783.5750202 -2316.347758860032 6549.2671756609925 1936.5498842138304
3721200.1659821104 2767073.316983072 -5080843.91229251 -2319.9202161770936 6546.2436630105385 1942.7752036794845
3718878.4604767743 2773618.04575034 -5078898.025349009 -2323.4904183970016 6543.212616020791 1948.998314640588
3716553.185898012 2780159.7397045367 -5076945.916401795 -2327.058362530648 6540.174037302726 1955.2192099056124
3714224.344505404 2786698.3913152423 -5074987.58767016 -2330.6240455900265 6537.127929474283 1961.437882284282
3711891.9385615187 2793233.993054657 -5073023.041380585 -2334.1874645882344 6534.074295160363 1967.65432458758
3709555.9703319096 2799766.537397611 -5071052.279766739 -2337.748616539471 6531.013136992833 1973.8685296277506
3707216.4420851166 2806296.0168215707 -5069075.30506948 -2341.3074984590417 6527.9444576105225 1980.0804902183056
3704873.356092663 2812822.423806642 -5067092.119536848 -2344.864107363354 6524.868259659228 1986.2901991740289
3702526.714629056 2819345.7508355835 -5065102.725424072 -2348.4184402699207 6521.784545791716 1992.49764931098
3700176.519971783 2825865.990393807 -5063107.124993561 -2351.9704941973605 6518.693318667719 1998.7028334464994
3697822.774401314 2832383.134969389 -5061105.320514907 -2355.5202661653975 6515.594580953946 2004.9057443992147
3695465.4802010977 2838897.177053076 -5059097.314264883 -2359.0677531948627 6512.488335324076 2011.1063749890432
3693104.6396575626 2845408.109138292 -5057083.108527442 -2362.612952307694 6509.37458445876 2017.304718037198
3690740.255060113 2851915.923721144 -5055062.7055937145 -2366.155860526937 6506.253331045627 2023.500766366192
3688372.328701132 2858420.6133004315 -5053036.107762007 -2369.6964748767446 6503.124577779285 2029.6945127998426
3686000.8628759747 2864922.170377651 -5051003.3173378045 -2373.2347923823786 6499.988327361314 2035.8859501632771
3683625.859882973 2871420.587457006 -5048964.336633761 -2376.7708100702102 6496.844582500278 2042.0750712829367
3681247.3220234313 2877915.8570454093 -5046919.167969709 -2380.3045249677193 6493.693345911721 2048.2618689865812
3678865.2516016252 2884407.9716524943 -5044867.813672651 -2383.8359341034957 6490.534620318165 2054.446336103295
3676479.6509248014 2890896.92379062 -5042810.276076756 -2387.36503450724 6487.3684084491215 2060.6284654634887
3674090.522303177 2897382.7059748787 -5040746.557523366 -2390.891823209764 6484.194713041081 2066.808249898908
3671697.8680499378 2903865.3107231027 -5038676.660360988 -2394.41629724299 6481.013536837522 2072.985682242635
3669301.690481236 2910344.7305558715 -5036600.586945298 -2397.938453639954 6477.824882588911 2079.1607553290946
3666901.9919161918 2916820.9579965184 -5034518.339639137 -2401.4582894348027 6474.6287530527015 2085.3334619940592
3664498.7746768887 2923293.985571136 -5032429.920812506 -2404.975801662796 6471.425150993336 2091.5037950746523
3662092.041088376 2929763.8058085875 -5030335.332842571 -2408.490987360308 6468.214079182246 2097.6717474093543
3659681.793478666 2936230.4112405092 -5028234.578113657 -2412.003843564824 6464.9955403978565 2103.837311838007
3657268.034178732 2942693.79440132 -5026127.659017251 -2415.5143673149464 6461.769537425583 2110.0004812018165
3654850.7655225084 2949153.947828228 -5024014.577951996 -2419.0225556503906 6458.536073057836 2116.161248343361
3652429.98984689 2955610.864061237 -5021895.337323691 -2422.528405611988 6455.295150094022 2122.3196061065933
3650005.709491729 2962064.535643153 -5019769.939545293 -2426.031914241686 6452.046771340542 2128.4755473368464
3647577.926799836 2968514.9551195926 -5017638.387036913 -2429.533078582547 6448.790939610796 2134.6290648808395
3645146.6441169786 2974962.115038989 -5015500.682225812 -2433.031895678753 6445.527657725184 2140.7801515866795
3642711.8637918783 2981406.0079525993 -5013356.827546405 -2436.5283625756 6442.256928511106 2146.9288003038696
3640273.588176212 2987846.6264145123 -5011206.825440252 -2440.022476319506 6438.978754802961 2153.075003883311
3637831.819624608 2994283.9629816543 -5009050.678356067 -2443.5142339580048 6435.693139442155 2159.21875517731
3635386.560494648 3000718.010213796 -5006888.388749709 -2447.0036325397505 6432.400085277098 2165.360047039582
3632937.8131468645 3007148.7606735593 -5004719.959084181 -2450.4906691145165 6429.099595163205 2171.4988723252545
3630485.5799447387 3013576.2069264264 -5002545.391829632 -2453.9753407331973 6425.791671962898 2177.635223890876
3628029.8632547003 3020000.341540746 -5000364.689463354 -2457.4576444478093 6422.47631854561 2183.769094594418
3625570.665446127 3026421.157087738 -4998177.854469778 -2460.937577311489 6419.153537787785 2189.9004772952803
3623107.988891342 3032838.6461415025 -4995984.889340478 -2464.4151363784968 6415.823332572875 2196.0293648542947
3620641.835965616 3039252.801279028 -4993785.796574163 -2467.8903187042156 6412.485705791349 2202.1557501337334
3618172.2090471615 3045663.615080195 -4991580.578676683 -2471.3631213451526 6409.140660340689 2208.27962599731
3615699.1105171354 3052071.080127787 -4989369.23816102 -2474.8335413589384 6405.788199125394 2214.400985310187
3613222.5427596336 3058475.1890074946 -4987151.7775472915 -2478.3015758043284 6402.428325056979 2220.5198209389796
3610742.508161696 3064875.9343079226 -4984928.199362747 -2481.767221741204 6399.0610410539775 2226.636125751759
3608259.009113301 3071273.308620599 -4982698.50614177 -2485.2304762305725 6395.686350041943 2232.7498926180624
3605772.0480073644 3077667.3045399804 -4980462.700425871 -2488.691336334568 6392.304254953453 2238.8611144088914
3603281.6272397395 3084057.9146634596 -4978220.784763688 -2492.1497991164515 6388.914758728104 2244.9697839967207
3600787.7492092173 3090445.1315913727 -4975972.761710988 -2495.6058616406126 6385.517864312519 2251.075894255503
3598290.416317523 3096828.947927006 -4973718.633830662 -2499.0595209725698 6382.113574660346 2257.179438060672
3595789.6309693144 3103209.3562766016 -4971458.403692726 -2502.51077417897 6378.701892732256 2263.2804082891494
3593285.3955721837 3109586.349249367 -4969192.073874316 -2505.9596183275908 6375.282821495953 2269.3787978193473
3590777.7125366554 3115959.9194574817 -4966919.646959692 -2509.4060504873387 6371.8563639261665 2275.474599531176
3588266.584276182 3122330.059516102 -4964641.125540233 -2512.8500677282523 6368.422523004659 2281.567806306047
3585752.0132071483 3128696.76204337 -4962356.5122144325 -2516.291667121503 6364.981301720221 2287.6584110268777
3583234.0017488645 3135060.0196604203 -4960065.809587903 -2519.730845739393 6361.532703068681 2293.7464065780982
3580712.55232357 3141419.8249913864 -4957769.020273371 -2523.1676006553585 6358.0767300529 2299.831785845655
3578187.6673564296 3147776.170663408 -4955466.146890677 -2526.60192894397 6354.613385682773 2305.9145417170153
3575659.349275533 3154129.049306639 -4953157.192066772 -2530.033827680931 6351.142672975236 2311.9946670811732
3573127.600511893 3160478.453554254 -4950842.15843572 -2533.4632939430817 6347.664594954261 2318.0721548286547
3570592.4234994464 3166824.3760424536 -4948521.04863869 -2536.8903248083975 6344.179154650861 2324.1469978515215
3568053.8206750494 3173166.809410474 -4946193.86532396 -2540.3149173559905 6340.686355103092 2330.219189043376
3565511.7944784802 3179505.7463005926 -4943860.611146914 -2543.7370686661093 6337.1861993560515 2336.288721299369
3562966.3473524353 3185841.1793581364 -4941521.288770041 -2547.1567758201436 6333.678690461882 2342.355587516202
3560417.4817425306 3192173.101231487 -4939175.90086293 -2550.5740359006186 6330.163831479774 2348.419780592132
3557865.200097298 3198501.504572089 -4936824.4501022715 -2553.9888459912017 6326.641625475963 2354.48129342698
3555309.5048681838 3204826.382034456 -4934466.939171856 -2557.4012031767 6323.112075523738 2360.540118922131
3552750.3985095504 3211147.72627618 -4932103.370762574 -2560.8111045430624 6319.575184703435 2366.5962499805446
3550187.883478675 3217465.5299579357 -4929733.747572406 -2564.2185471773787 6316.030956102444 2372.6496795067555
3547621.962235744 3223779.785743489 -4927358.072306435 -2567.6235281678814 6312.479392815208 2378.70040040688
3545052.6372438576 3230090.486299704 -4924976.347676832 -2571.026044603948 6308.9204979432225 2384.7484055886216
3542479.9109690245 3236397.6242965497 -4922588.576402861 -2574.426093576098 6305.3542745950435 2390.793687961276
3539903.785880163 3242701.192407107 -4920194.761210875 -2577.823672175998 6301.780725886281 2396.8362404357354
3537324.264449099 3249001.183307576 -4917794.904834318 -2581.218777496459 6298.199854939607 2402.8760559244947
3534741.3491505655 3255297.589677283 -4915389.010013716 -2584.611406631438 6294.611664884749 2408.913127341654
3532155.0424621995 3261590.4041986885 -4912977.079496685 -2588.001556676039 6291.016158858501 2414.9474476029272
3529565.3468645443 3267879.619557391 -4910559.116037922 -2591.389224726514 6287.413340004712 2420.979009625644
3526972.2648410453 3274165.2284421385 -4908135.122399207 -2594.774407880261 6283.803211474298 2427.007806328754
3524375.7988780504 3280447.2235448333 -4905705.101349398 -2598.1571032358293 6280.185776425238 2433.0338306328354
3521775.951464807 3286725.597560538 -4903269.055664433 -2601.537307892916 6276.561038022575 2439.0570754600976
3519172.7250934634 3293000.3431874844 -4900826.988127329 -2604.9150189523684 6272.928999438422 2445.077533734387
3516566.122259067 3299271.45312708 -4898378.901528174 -2608.290233516186 6269.289663851957 2451.0951983811915
3513956.145459562 3305538.920083916 -4895924.798664133 -2611.6629486875195 6265.643034449429 2457.110062327646
3511342.7971957885 3311802.736765771 -4893464.682339442 -2615.0331615706727 6261.98911442416 2463.1221185025393
3508726.079971482 3318062.895883623 -4890998.555365408 -2618.400869271102 6258.327906976541 2469.131359836315
3506105.996293272 3324319.390151652 -4888526.4205604065 -2621.766068895418 6254.659415314039 2475.1377792610806
3503482.5486706807 3330572.2122872504 -4886048.280749879 -2625.1287575513884 6250.983642651196 2481.1413697106113
3500855.7396161226 3336821.355011028 -4883564.1387663325 -2628.4889323479356 6247.300592209634 2487.1421241203557
3498225.5716449018 3343066.8110468197 -4881073.997449339 -2631.8465903951414 6243.610267218053 2493.1400354274415
3495592.0472752117 3349308.573121692 -4878577.8596455315 -2635.2017288042452 6239.91267091224 2499.1350965706797
3492955.169028135 3355546.6339659533 -4876075.728208604 -2638.554344687647 6236.207806535061 2505.127300490571
3490314.9394276408 3361780.9863131554 -4873567.6059993105 -2641.9044351589046 6232.4956773364665 2511.116640129312
3487671.3610005835 3368011.6229001046 -4871053.495885458 -2645.2519973327408 6228.7762865734985 2517.1031084307974
3485024.436276703 3374238.5364668686 -4868533.400741913 -2648.597028325037 6225.049637510281 2523.0866983406263
3482374.167788622 3380461.7197567816 -4866007.323450592 -2651.93952525284 6221.3157334180305 2529.067402806109
3479720.5580718457 3386681.165516454 -4863475.266900466 -2655.2794852343586 6217.574577575053 2535.0452147762717
3477063.6096647615 3392896.8664957765 -4860937.233987554 -2658.616905388967 6213.826173266748 2541.02012720186
3474403.325108636 3399108.81544793 -4858393.227614926 -2661.951782837206 6210.0705237856055 2546.992133035345
3471739.706947615 3405317.0051293895 -4855843.250692696 -2665.2841147007807 6206.307632431214 2552.96122523093
3469072.7577287215 3411521.428299936 -4853287.306138025 -2668.613898102563 6202.537502510253 2558.9273967445515
3466402.480001855 3417722.0777226584 -4850725.396875115 -2671.941130166592 6198.760137336495 2564.8906405338876
3463728.876319792 3423918.946163964 -4848157.525835212 -2675.265808018075 6194.975540230813 2570.850949558361
3461051.949238181 3430112.026393585 -4845583.695956601 -2678.587928783387 6191.183714521173 2576.808316779147
3458371.7013155445 3436301.311184583 -4843003.910184602 -2681.907489590072 6187.3846635426435 2582.762735159175
3455688.135113277 3442486.7933133612 -4840418.171471574 -2685.224487566847 6183.578390637392 2588.714197663136
3453001.253195644 3448668.4655596656 -4837826.482776912 -2688.538919843598 6179.764899154687 2594.662697257488
3450311.0581297795 3454846.3207065966 -4835228.84706704 -2691.8507835513838 6175.944192450903 2600.6082269104604
3447617.5524856863 3461020.351540615 -4832625.267315415 -2695.1600758224367 6172.116273889515 2606.55077959206
3444920.7388362354 3467190.550851546 -4830015.746502521 -2698.4667937901622 6168.2811468411055 2612.490348274075
3442220.619757162 3473356.911432593 -4827400.287615874 -2701.770934589143 6164.438814683367 2618.426925930083
3439517.1978270677 3479519.426080338 -4824778.893650012 -2705.0724953551357 6160.589280801101 2624.3605055354537
3436810.4756274167 3485678.087594751 -4822151.567606495 -2708.371473225077 6156.732548586221 2630.2910800673567
3434100.455742536 3491832.8887791988 -4819518.312493909 -2711.667865337082 6152.868621437757 2636.218642504767
3431387.1407596148 3497983.8224404505 -4816879.131327856 -2714.961668830445 6148.997502761852 2642.1431858284695
3428670.5332687013 3504130.8813886843 -4814234.027130962 -2718.2528808456436 6145.119195971771 2648.064703021065
3425950.6358627025 3510274.0584374955 -4811583.002932864 -2721.541498524336 6141.233704487894 2653.9831870669736
3423227.4511373835 3516413.346403904 -4808926.061770216 -2724.8275190093623 6137.341031737725 2659.898630952444
3420500.981691367 3522548.73810836 -4806263.206686684 -2728.1109394447485 6133.4411811558875 2665.8110276655552
3417771.2301261295 3528680.2263747524 -4803594.440732946 -2731.391756975705 6129.534156184128 2671.7203701962235
3415038.199046002 3534807.804030414 -4800919.7669666875 -2734.669968748628 6125.6199602713195 2677.6266515362076
3412301.8910581684 3540931.463906133 -4798239.188452605 -2737.9455719111 6121.69859687346 2683.5298646791143
3409562.308772666 3547051.1988361543 -4795552.708262396 -2741.218563611892 6117.770069453673 2689.4300026204032
3406819.454802382 3553167.0016581896 -4792860.329474766 -2744.4889410009614 6113.834381482211 2695.3270583573903
3404073.3317630515 3559278.8652134268 -4790162.055175416 -2747.7567012294558 6109.891536436452 2701.2210248892557
3401323.942273259 3565386.782346532 -4787457.888457055 -2751.0218414497117 6105.9415378009035 2707.1118952170477
3398571.2889544372 3571490.7459056615 -4784747.832419383 -2754.2843588152564 6101.9843890672055 2712.999662343688
3395815.3744308627 3577590.7487424663 -4782031.8901691 -2757.544250480809 6098.02009373413 2718.884319273978
3393056.2013296573 3583686.783712099 -4779310.064819898 -2760.8015136022823 6094.04865530758 2724.765859014603
3390293.7722807876 3589778.8436732213 -4776582.359492464 -2764.056145336782 6090.0700773005965 2730.6442745741383
3387528.0899170605 3595866.9214880127 -4773848.777314473 -2767.3081428426085 6086.084363233354 2736.519558963055
3384759.1568741254 3601951.010022176 -4771109.32142059 -2770.557503279258 6082.091516633168 2742.391705193724
3381986.9757904713 3608031.102144946 -4768363.994952466 -2773.8042238074245 6078.09154103449 2748.2607062804254
3379211.549307426 3614107.1907290923 -4765612.8010587385 -2777.0483015889995 6074.084439978914 2754.126555239348
3376432.8800691543 3620179.2686509336 -4762855.742895025 -2780.289733787074 6070.070217015177 2759.9892450886
3373650.970722658 3626247.3287903387 -4760092.8236239245 -2783.5285175659405 6066.048875699163 2765.848768848214
3370865.8239177736 3632311.3640307356 -4757324.046415017 -2786.7646500910923 6062.0204195939 2771.70511954015
3368077.4423071714 3638371.3672591196 -4754549.414444858 -2789.998128529226 6057.984852269567 2777.558290188302
3365285.8285463545 3644427.3313660603 -4751768.930896979 -2793.228950048242 6053.942177303487 2783.408273818506
3362490.985293658 3650479.2492457074 -4748982.598961883 -2796.457111817246 6049.892398280137 2789.2550634585427
3359692.9152102466 3656527.1137957987 -4746190.421837049 -2799.6826110065495 6045.835518791146 2795.0986521381424
3356891.6209601145 3662570.9179176674 -4743392.4027269175 -2802.90544478767 6041.771542435295 2800.939032888993
3354087.1052100835 3668610.654516249 -4740588.544842903 -2806.125610333335 6037.700472818522 2806.776198744745
3351279.370629802 3674646.3165000887 -4737778.851403381 -2809.3431048174803 6033.622313553919 2812.6101427410154
3348468.419891744 3680677.8967813477 -4734963.325633694 -2812.5579254152517 6029.537068261736 2818.4408579153933
3345654.255671208 3686705.388275812 -4732141.970766145 -2815.770069303007 6025.444740569379 2824.2683373074474
3342836.880646315 3692728.7839028975 -4729314.790039994 -2818.9795336583134 6021.345334111415 2830.092573958729
3340016.2974980087 3698748.0765856598 -4726481.786701459 -2822.1863156599534 6017.238852529568 2835.913560912779
3337192.5089100525 3704763.259250798 -4723642.964003718 -2825.3904124879227 6013.125299472729 2841.731291215132
3334365.51756903 3710774.324828665 -4720798.325206897 -2828.591821323432 6009.004678596948 2847.5457579133235
3331535.3261643425 3716781.2662532725 -4717947.873578076 -2831.7905393489095 6004.876993565442 2853.356954056895
3328701.9373882078 3722784.0764623 -4715091.612391285 -2834.9865637479998 6000.742248048591 2859.1648726973986
3325865.3539356603 3728782.7483971003 -4712229.544927499 -2838.1798917055658 5996.600445723945 2864.9695068884034
3323025.578504549 3734777.275002707 -4709361.674474641 -2841.370520407691 5992.451590276221 2870.7708496855025
3320182.613795535 3740767.6492278418 -4706488.004327575 -2844.55844704168 5988.295685397309 2876.5688941463163
3317336.4625120927 3746753.8640249236 -4703608.537788108 -2847.743668796061 5984.132734786272 2882.3636333305003
3314487.1273605064 3752735.9123500725 -4700723.2781649865 -2850.9261828605863 5979.962742149348 2888.1550602997518
3311634.6110498714 3758713.7871631184 -4697832.228773893 -2854.105986426234 5975.785711199954 2893.943168117814
3308778.9162920895 3764687.481427608 -4694935.392937446 -2857.2830766852085 5971.601645658683 2899.7279498504818
3305920.0458018724 3770656.9881108133 -4692032.773985197 -2860.4574508309433 5967.41054925331 2905.509398565608
3303058.0022967346 3776622.3001837377 -4689124.37525363 -2863.6291060581007 5963.21242571879 2911.2875073331093
3300192.788496997 3782583.4106211215 -4686210.200086156 -2866.7980395625723 5959.007278797262 2917.0622692249713
3297324.407125784 3788540.3124014526 -4683290.251833113 -2869.964248541484 5954.795112238048 2922.8336773152546
3294452.860909023 3794492.9985069702 -4680364.533851767 -2873.1277301931914 5950.5759297976565 2928.6017246801
3291578.1525754402 3800441.4619236747 -4677433.049506303 -2876.2884817172862 5946.349735239782 2934.3664043977337
3288700.284856564 3806385.6956413337 -4674495.802167828 -2879.446500314593 5942.116532335303 2940.1277095484747
3285819.2604867197 3812325.692653489 -4671552.795214367 -2882.6017831871727 5937.876324862289 2945.8856332147366
3282935.0822030306 3818261.4459574632 -4668604.032030865 -2885.7543275383214 5933.629116605996 2951.6401684810357
3280047.7527454155 3824192.94855437 -4665649.516009177 -2888.904130572573 5929.374911358868 2957.391308433996
3277157.2748565893 3830120.193449117 -4662689.250548072 -2892.051189495701 5925.113712920544 2963.1390461623546
3274263.6512820595 3836043.1736504156 -4659723.239053231 -2895.1955015147173 5920.84552509785 2968.883374756968
3271366.8847701256 3841961.8821707885 -4656751.4849372385 -2898.3370638378765 5916.570351704812 2974.6242873108176
3268466.9780718796 3847876.312026575 -4653773.99161959 -2901.4758736746753 5912.2881965626475 2980.361776919016
3265563.9339412022 3853786.45623794 -4650790.762526683 -2904.6119282358536 5907.999063499769 2986.0958366788113
3262657.7551347627 3859692.3078288794 -4647801.801091815 -2907.745224733397 5903.702956351794 2991.826459689595
3259748.4444120186 3865593.8598272293 -4644807.1107551865 -2910.875760380538 5899.399878961534 2997.5536390529064
3256836.0045352136 3871491.1052646716 -4641806.694963891 -2914.0035323917564 5895.089835179005 3003.2773678724407
3253920.4382693754 3877384.037176742 -4638800.557171921 -2917.128537982783 5890.772828861428 3008.9976392540516
3251001.7483823164 3883272.6486028377 -4635788.70084016 -2920.2507743706 5886.44886387323 3014.7144463057607
3248079.9376446297 3889156.9325862224 -4632771.129436382 -2923.3702387734397 5882.117944086042 3020.4277821377614
3245155.0088296914 3895036.882174036 -4629747.846435253 -2926.4869284107895 5877.780073378707 3026.1376398624247
3242226.964713657 3900912.4904173017 -4626718.855318322 -2929.6008405033913 5873.435255637274 3031.844012594306
3239295.8080754587 3906783.75037093 -4623684.1595740225 -2932.7119722732423 5869.083494755006 3037.5468934501496
3236361.5416968097 3912650.655093731 -4620643.762697673 -2935.8203209435983 5864.724794632375 3043.2462755488955
3233424.168362197 3918513.1976484167 -4617597.66819147 -2938.925883738973 5860.359159177067 3048.9421520116853
3230483.6908588815 3924371.3711016118 -4614545.879564487 -2942.028657885139 5855.986592303983 3054.634515961866
3227540.1119769006 3930225.1685238588 -4611488.400332675 -2945.1286406091303 5851.607097935238 3060.3233605249975
3224593.4345090613 3936074.5829896266 -4608425.234018858 -2948.2258291392413 5847.220680000162 3066.0086788288577
3221643.6612509433 3941919.607577316 -4605356.384152727 -2951.320220705031 5842.827342435303 3071.6904640034472
3218690.795000896 3947760.2353692683 -4602281.854270849 -2954.4118125373207 5838.427089184425 3077.3687091809975
3215734.838560036 3953596.4594517727 -4599201.647916654 -2957.5006018681993 5834.019924198515 3083.043407495975
3212775.794732249 3959428.2729150727 -4596115.768640434 -2960.5865859310215 5829.605851435781 3088.714552085087
3209813.666324185 3965255.6688533737 -4593024.219999347 -2963.6697619604106 5825.184874861653 3094.382136087289
3206848.4561452605 3971078.640364849 -4589927.0055574095 -2966.75012719226 5820.756998448784 3100.0461526437903
3203880.1670076535 3976897.1805516505 -4586824.128885495 -2969.827678863736 5816.3222261770525 3105.706594898059
3200908.8017263063 3982711.282519912 -4583715.593561333 -2972.9024142132766 5811.880562033572 3111.363455995831
3197934.363118921 3988520.9393797577 -4580601.403169506 -2975.974330480597 5807.432010012682 3117.0167290851145
3194956.854005959 3994326.144245311 -4577481.561301448 -2979.043424906689 5802.97657411596 3122.666407316198
3191976.2772106403 4000126.8902347004 -4574356.071555443 -2982.109694733823 5798.514258352214 3128.3124838416525
3188992.6355589423 4005923.170470065 -4571224.937536616 -2985.173137205549 5794.045066737488 3133.9549518163417
3186005.931879598 4011714.9780775653 -4568088.16285694 -2988.233749566699 5789.569003295065 3139.5938043974256
3183016.169004096 4017502.306187389 -4564945.751135231 -2991.2915290633864 5785.086072055466 3145.2290347443677
3180023.349766677 4023285.1479337565 -4561797.705997141 -2994.3464729430098 5780.596277056449 3150.86063601894
3177027.477004333 4029063.4964549304 -4558644.031075162 -2997.398578454252 5776.099622343017 3156.48860138523
3174028.553556808 4034837.344893222 -4555484.730008618 -3000.4478428470816 5771.596111967405 3162.112924009643
3171026.5822665947 4040606.6863949974 -4552319.806443667 -3003.4942633727533 5767.085749989096 3167.7335970609092
3168021.5659789345 4046371.5141106877 -4549149.264033296 -3006.5378372838095 5762.568540474808 3173.350613710091
3165013.507541815 4052131.821194793 -4545973.106437322 -3009.578561834081 5758.044487498503 3178.9639671305845
3162002.409805969 4057887.6008058907 -4542791.337322386 -3012.616434278689 5753.513595141386 3184.5736504981314
3158988.275624874 4063638.8461066443 -4539603.960361951 -3015.651451874047 5748.975867491907 3190.1796569908206
3155971.1078547514 4069385.5502638086 -4536410.979236303 -3018.683611877861 5744.43130864576 3195.781979789096
3152950.9093545624 4075127.706448238 -4533212.397632544 -3021.7129115491325 5739.879922705888 3201.3806120757617
3149927.6829860103 4080865.3078348925 -4530008.219244594 -3024.739348148158 5735.321713782482 3206.97554703599
3146901.4316135366 4086598.347602847 -4526798.447773186 -3027.7629189365334 5730.756685992987 3212.5667778573256
3143872.1581043205 4092326.8189352974 -4523583.086925862 -3030.783621177155 5726.184843462098 3218.1542977296945
3140839.865328277 4098050.715019568 -4520362.140416978 -3033.80145213422 5721.606190321768 3223.7380998454096
3137804.5561580583 4103770.0290471176 -4517135.611967693 -3036.816409073232 5717.020730711207 3229.318177399177
3134766.233469048 4109484.7542135487 -4513903.505305969 -3039.8284892609963 5712.428468776883 3234.894523588101
3131724.900139364 4115194.8837186145 -4510665.824166572 -3042.8376899656278 5707.829408672523 3240.467131611692
3128680.559049855 4120900.4107662234 -4507422.572291067 -3045.844008456548 5703.223554559115 3246.035994671872
3125633.2130840984 4126601.3285644515 -4504173.753427815 -3048.847442004489 5698.610910604911 3251.6011059729794
3122582.8651284026 4132297.6303255446 -4500919.371331973 -3051.8479878814937 5693.991480985425 3257.162458721777
3119529.5180718014 4137989.3092659283 -4497659.429765487 -3054.845643360917 5689.365269883437 3262.7200461274574
3116473.174806055 4143676.358606214 -4494393.932497096 -3057.8404057174293 5684.732281488992 3268.2738614016494
3113413.8382256487 4149358.771571208 -4491122.8833023235 -3060.8322722270163 5680.092519999404 3273.823897758425
3110351.5112277907 4155036.541389916 -4487846.28596348 -3063.821240166982 5675.445989619256 3279.3701484143035
3107286.1967124115 4160709.661295553 -4484564.144269657 -3066.8073068159492 5670.792694560401 3284.9126065882597
3104217.8975821626 4166378.12452555 -4481276.462016725 -3069.7904694538615 5666.132639041965 3290.4512655017293
3101146.6167424144 4172041.924321559 -4477983.243007334 -3072.7707253619847 5661.465827290345 3295.986118378616
3098072.357101255 4177701.053929463 -4474684.4910509065 -3075.748071822908 5656.792263539215 3301.5171584452964
3094995.1215694896 4183355.5065993834 -4471380.209963639 -3078.722506120546 5652.111952029522 3307.044378930627
3091914.91306064 4189005.2755856845 -4468070.403568497 -3081.69402554014 5647.42489700949 3312.5677730659486
3088831.7344909403 4194650.3541469835 -4464755.075695213 -3084.662627368257 5642.731102734618 3318.087334085092
3085745.5887793377 4200290.735546156 -4461434.230180287 -3087.6283088927917 5638.030573467675 3323.6030552243847
3082656.4788474925 4205926.413050344 -4458107.870866979 -3090.591067402967 5633.32331347871 3329.114929722654
3079564.407619773 4211557.379930966 -4454776.001605309 -3093.5509001893356 5628.609327045047 3334.6229508212355
3076469.3780232575 4217183.6294637155 -4451438.626252054 -3096.507804543784 5623.888618451289 3340.1271117639803
3073371.392987731 4222805.154928579 -4448095.74867075 -3099.4617777595317 5619.161191989317 3345.6274057972587
3070270.4554456854 4228421.949609837 -4444747.37273168 -3102.4128171311327 5614.4270519582915 3351.1238261699677
3067166.5683323178 4234034.006796073 -4441393.502311881 -3105.3609199544776 5609.686202664658 3356.6163661335377
3064059.734585527 4239641.319780182 -4438034.141295133 -3108.306083526798 5604.938648422144 3362.1050189419393
3060949.957145915 4245243.881859375 -4434669.293571964 -3111.248305146668 5600.1843935517745 3367.589777851693
3057837.2389567844 4250841.6863351865 -4431298.963039643 -3114.1875821140093 5595.423442381862 3373.0706361218754
3054721.582964137 4256434.7265134845 -4427923.15360218 -3117.12391173009 5590.655799248014 3378.5475870141277
3051602.992116674 4262022.995704476 -4424541.86917032 -3120.057291297528 5585.8814684931385 3384.0206237926586
3048481.469365791 4267606.487222714 -4421155.113661545 -3122.9877181202924 5581.100454467437 3389.489739724254
3045357.0176655804 4273185.194387107 -4417762.891000066 -3125.915189503705 5576.312761528411 3394.954928078281
3042229.639972828 4278759.110520922 -4414365.205116824 -3128.839702754441 5571.518394040861 3400.416182126695
3039099.339247013 4284328.228951796 -4410962.05994949 -3131.7612551805346 5566.717356376888 3405.873495144048
3035966.1184503054 4289892.543011744 -4407553.459442455 -3134.679844091372 5561.909652915895 3411.32686040749
3032829.9805475655 4295452.046037159 -4404139.407546834 -3137.5954667976976 5557.095288044579 3416.7762711967744
3029690.9285063413 4301006.731368827 -4400719.908220459 -3140.508120611611 5552.274266156934 3422.221720794263
3026548.9652968687 4306556.592351933 -4397294.96542788 -3143.4178028465712 5547.44659165425 3427.6632024849346
3023404.0938920695 4312101.622336066 -4393864.583140362 -3146.324510817396 5542.6122689451195 3433.10070955639
3020256.31726755 4317641.814675226 -4390428.7653358765 -3149.2282418402656 5537.771302445433 3438.534235298857
3017105.6384015996 4323177.162727833 -4386987.515999109 -3152.128993232723 5532.923696578383 3443.963773005199
3013952.060275189 4328707.659856735 -4383540.839121446 -3155.026762313678 5528.0694557744655 3449.3893159709205
3010795.58587197 4334233.299429214 -4380088.738700981 -3157.9215464034046 5523.208584471479 3454.810857494174
3007636.218178272 4339754.0748169925 -4376631.218742506 -3160.81334282355 5518.341087114534 3460.228390875769
3004473.9601831045 4345269.979396242 -4373168.28325751 -3163.7021488971345 5513.466968156054 3465.64190941918
3001308.8148781513 4350781.00654759 -4369699.936264179 -3166.5879619485563 5508.586232055776 3471.051406430554
2998140.7852577725 4356287.149656127 -4366226.18178739 -3169.4707793035914 5503.6988832807565 3476.4568752187147
2994969.8743190006 4361788.402111417 -4362747.023858712 -3172.3505982893935 5498.804926305365 3481.8583090951724
2991796.0850615404 4367284.757307499 -4359262.466516399 -3175.2274162344997 5493.904365611294 3487.2557013741275
2988619.420487768 4372776.208642896 -4355772.51380539 -3178.1012304688293 5488.997205687554 3492.649045372478
2985439.883602729 4378262.74952063 -4352277.169777307 -3180.9720383236877 5484.083451030475 3498.0383344098286
2982257.4774141363 4383744.373348216 -4348776.438490449 -3183.839837131766 5479.163106143709 3503.4235618084904
2979072.2049323698 4389221.073537678 -4345270.324009795 -3186.7046242271394 5474.2361755382235 3508.8047208934895
2975884.069170475 4394692.843505559 -4341758.830406992 -3189.5663969452685 5469.302663732301 3514.181804992569
2972693.07314416 4400159.676672919 -4338241.961760362 -3192.425152623001 5464.362575251543 3519.554807436199
2969499.2198717967 4405621.566465348 -4334719.722154893 -3195.2808885985737 5459.415914628866 3524.92372155758
2966302.5123744174 4411078.506312975 -4331192.1156822415 -3198.133602211614 5454.4626864045085 3530.288540692649
2963102.9536757143 4416530.489650471 -4327659.146440724 -3200.9832908031412 5449.502895126027 3535.64925818009
2959900.5468020374 4421977.50991706 -4324120.818535317 -3203.8299517155706 5444.536545348303 3541.005867361337
2956695.294782395 4427419.560556522 -4320577.136077655 -3206.673582292712 5439.5636416335365 3546.358361580581
2953487.200648449 4432856.635017203 -4317028.103186027 -3209.514179879777 5434.584188551259 3551.706734184783
2950276.2674345165 4438288.726752025 -4313473.723985374 -3212.3517418233832 5429.598190678338 3557.050978523679
2947062.4981775675 4443715.829218489 -4309914.002607283 -3215.1862654715537 5424.6056525989725 3562.3910879497903
2943845.895917222 4449137.935878684 -4306348.943189993 -3218.017748173722 5419.6065789047025 3567.7270558184264
2940626.4636957515 4454555.040199294 -4302778.549878379 -3220.846187280732 5414.600974194402 3573.0588754876967
2937404.204558075 4459967.135651604 -4299202.826823964 -3223.671580144841 5409.588843074287 3578.386540318513
2934179.1215517586 4465374.215711512 -4295621.778184901 -3226.4939241197208 5404.570190157912 3583.7100436745986
2930951.217727014 4470776.273859528 -4292035.408125984 -3229.3132165604598 5399.545020066175 3589.029378922493
2927720.4961366975 4476173.303580794 -4288443.720818635 -3232.1294548235633 5394.513337427313 3594.3445394315577
2924486.9598363074 4481565.298365078 -4284846.72044091 -3234.9426362669524 5389.4751468768945 3599.6555185739803
2921250.611883984 4486952.25170679 -4281244.411177485 -3237.7527582499656 5384.430453057831 3604.9623097247804
2918011.4553405074 4492334.157104988 -4277636.797219665 -3240.55981813336 5379.379260620367 3610.2649062618148
2914769.493269296 4497711.008063379 -4274023.882765372 -3243.3638132793144 5374.321574222085 3615.563301565786
2911524.7287364057 4503082.798090333 -4270405.672019149 -3246.1647410514297 5369.257398527907 3620.8574890202476
2908277.1648105285 4508449.520698892 -4266782.169192152 -3248.96259881473 5364.186738210098 3626.1474620116114
2905026.8045629906 4513811.169406771 -4263153.37850215 -3251.7573839356683 5359.10959794826 3631.433213929155
2901773.651067749 4519167.737736369 -4259519.304173521 -3254.549093782126 5354.025982429342 3636.714738165027
2898517.7074013953 4524519.219214775 -4255879.950437248 -3257.3377257234165 5348.935896347637 3641.9920281142586
2895258.9766431474 4529865.607373777 -4252235.321530922 -3260.1232771302903 5343.839344404793 3647.26507717477
2891997.461874855 4535206.895749867 -4248585.421698729 -3262.9057453749347 5338.736331309808 3652.533878747377
2888733.166180994 4540543.077884251 -4244930.255191456 -3265.685127830978 5333.626861779032 3657.7984262357995
2885466.0926486645 4545874.147322853 -4241269.826266484 -3268.4614218734905 5328.510940536169 3663.0587130466665
2882196.2443675925 4551200.097616329 -4237604.139187787 -3271.234624878984 5323.3885723122785 3668.314732589523
2878923.624430126 4556520.922320064 -4233933.198225924 -3274.0047342254193 5318.259761845776 3673.566478276838
2875648.2359312344 4561836.614994188 -4230257.007658046 -3276.7717472922022 5313.124513882432 3678.813943524011
2872370.0819685077 4567147.16920358 -4226575.571767883 -3279.535661460187 5307.982833175374 3684.0571217493734
2869089.1656421535 4572452.578517878 -4222888.894845747 -3282.296474111677 5302.834724485084 3689.2960063742016
2865805.4900549958 4577752.83651148 -4219196.981188527 -3285.0541826304275 5297.680192579397 3694.530590822717
2862519.0583124757 4583047.936763558 -4215499.835099685 -3287.8087844016454 5292.519242233507 3699.7608685220944
2859229.8735226463 4588337.872858061 -4211797.460889256 -3290.5602768119916 5287.351878229963 3704.986832902472
2855937.9387961756 4593622.638383728 -4208089.862873842 -3293.308657249585 5282.178105358676 3710.2084773969555
2852643.2572463416 4598902.226934088 -4204377.045376611 -3296.053923104003 5276.997928416912 3715.425795441624
2849345.8319890318 4604176.632107473 -4200659.012727294 -3298.7960717662836 5271.811352209303 3720.638780475539
2846045.666142742 4609445.847507022 -4196935.7692621825 -3301.5351006289297 5266.618381547839 3725.847425940754
2842742.762828576 4614709.86674069 -4193207.3193241204 -3304.271007085911 5261.41902125188 3731.0517252823183
2839437.1251702406 4619968.683421255 -4189473.6672625095 -3307.003788532666 5256.2132761481525 3736.2516719482883
2836128.756294049 4625222.291166327 -4185734.8174332995 -3309.733442366105 5251.001151070753 3741.4472593897312
2832817.6593289142 4630470.683598352 -4181990.7741989875 -3312.459965984614 5245.782650861144 3746.638481060734
2829503.837406352 4635713.854344621 -4178241.541928616 -3315.1833567880503 5240.557780368162 3751.825330418411
2826187.2936604763 4640951.797037278 -4174487.1249977686 -3317.903612177752 5235.326544448013 3757.0078009229064
2822868.0312280003 4646184.505313329 -4170727.5277885674 -3320.620729556537 5230.088947964276 3762.1858860374077
2819546.053248232 4651411.972814643 -4166962.754689669 -3323.3347063286997 5224.844995787898 3767.359579228146
2816221.362863077 4656634.193187967 -4163192.810096263 -3326.04553990002 5219.594692797203 3772.528873964403
2812893.9632170307 4661851.160084928 -4159417.6984100677 -3328.7532276777597 5214.338043877879 3777.6937637185197
2809563.8574571833 4667062.867162044 -4155637.4240393285 -3331.4577670706653 5209.075053922989 3782.854241965901
2806231.0487332144 4672269.308080728 -4151851.9913988123 -3334.159155488971 5203.805727832971 3788.0103021850246
2802895.540197393 4677470.4765073 -4148061.4049098073 -3336.857390344401 5198.530070515632 3793.1619378574464
2799557.335004576 4682666.3661129875 -4144265.6690001185 -3339.552469050171 5193.24808688616 3798.3091424678087
2796216.4363122047 4687856.970573941 -4140464.7881040634 -3342.24438902099 5187.9597818671145 3803.4519095038463
2792872.8472803067 4693042.283571235 -4136658.7666624724 -3344.933147673065 5182.665160388436 3808.5902324563967
2789526.571071492 4698222.298790878 -4132847.609122681 -3347.618742424103 5177.364227387443 3813.724104819406
2786177.6108509526 4703397.009923818 -4129031.319938531 -3350.3011706933135 5172.056987808839 3818.8535200899364
2782825.9697864596 4708566.4106659535 -4125209.9035703656 -3352.9804299014086 5166.74344660471 3823.978471768175
2779471.6510483627 4713730.494718138 -4121383.364485025 -3355.65651747061 5161.423608734524 3829.0989533574393
2776114.6578095895 4718889.255786189 -4117551.707155845 -3358.329430824647 5156.097479165138 3834.214958364184
2772754.993245643 4724042.687580893 -4113714.936062655 -3360.999167388758 5150.765062870789 3839.326480298009
2769392.6605346 4729190.783818016 -4109873.05569177 -3363.6657245896968 5145.426364833103 3844.433512671666
2766027.6628571087 4734333.538218307 -4106026.070535993 -3366.3290998557304 5140.081390041094 3849.5360490010657
2762660.00339639 4739470.944507511 -4102173.9850946097 -3368.989290616643 5134.730143491157 3854.6340828052826
2759289.6853382336 4744602.99641637 -4098316.8038733834 -3371.646294303735 5129.372630187078 3859.727607606563
2755916.7118709967 4749729.687680637 -4094454.5313845556 -3374.30010834983 5124.008855140031 3864.8166169303336
2752541.0861856034 4754851.012041076 -4090587.1721468396 -3376.950730189273 5118.638823368578 3869.9011043052064
2749162.811475542 4759966.963243475 -4086714.730685418 -3379.598157257935 5113.262539898671 3874.981063262988
2745781.8909368655 4765077.535038653 -4082837.2115319413 -3382.2423869932118 5107.880009763652 3880.056487338684
2742398.327768188 4770182.721182462 -4078954.6192245223 -3384.883416834031 5102.491238004255 3885.127370070508
2739012.125170683 4775282.515435802 -4075066.9583077347 -3387.5212442208494 5097.096229668605 3890.1937049998883
2735623.286348084 4780376.911564625 -4071174.2333326084 -3390.155866595658 5091.694989812218 3895.2554856714746
2732231.814506681 4785465.903339939 -4067276.448856628 -3392.787281401983 5086.287523498005 3900.3127056331437
2728837.7128553214 4790549.484537824 -4063373.609443728 -3395.4154860848867 5080.873835796268 3905.365358436009
2725440.9846054036 4795627.648939429 -4059465.7196642905 -3398.0404780909726 5075.453931784707 3910.413437634426
2722041.6329708816 4800700.390330985 -4055552.784095141 -3400.6622548683845 5070.027816548411 3915.456936786001
2718639.6611682596 4805767.702503814 -4051634.807319547 -3403.2808138668124 5064.59549517987 3920.4958494515968
2715235.072416591 4810829.579254334 -4047711.7939272122 -3405.896152537492 5059.156972778972 3925.530169195341
2711827.8699374767 4815886.014384064 -4043783.7485142746 -3408.508268333208 5053.712254452999 3930.5598895846347
2708418.0569550646 4820937.001699637 -4039850.6756833037 -3411.117158708298 5048.261345316636 3935.585004190158
2705005.636696048 4825982.535012801 -4035912.5800432977 -3413.722821118654 5042.8042504919695 3940.605506585879
2701590.6123896632 4831022.608140433 -4031969.4662096766 -3416.325253021723 5037.340975108484 3945.62139034906
2698172.9872676875 4836057.214904543 -4028021.3388042836 -3418.9244518765117 5031.871524303069 3950.6326490602664
2694752.7645644397 4841086.349132279 -4024068.2024553795 -3421.5204151435887 5026.395903220016 3955.6392763033714
2691329.9475167757 4846110.00465594 -4020110.061797638 -3424.1131402850847 5020.914117011021 3960.641265665565
2687904.5393640897 4851128.175312979 -4016146.9214721452 -3426.702624764696 5015.4261708351805 3965.63861073736
2684476.5433483114 4856140.854946011 -4012178.7861263948 -3429.288866047686 5009.932069858997 3970.6313051126003
2681045.962713904 4861148.037402822 -4008205.660414286 -3431.8718616008878 5004.431819256378 3975.619342388467
2677612.800707863 4866149.716536376 -4004227.5489961174 -3434.4516088927066 4998.925424208636 3980.602716165486
2674177.0605797153 4871145.88620482 -4000244.4565385864 -3437.028105393121 4993.412889904488 3985.581420047535
2670738.7455815165 4876136.540271496 -3996256.387714785 -3439.6013485736867 4987.89422154006 3990.5554476418515
2667297.8589678505 4881121.672604947 -3992263.3472041953 -3442.171335907537 4982.369424318885 3995.5247925590397
2663854.403995826 4886101.277078918 -3988265.339692688 -3444.738064869389 4976.838503451903 4000.4894484130796
2660408.3839250775 4891075.347572374 -3984262.369872518 -3447.301532935542 4971.301464157467 4005.4494088213323
2656959.8020177614 4896043.877969499 -3980254.4424423203 -3449.8617375838858 4965.7583116613405 4010.404667404553
2653508.6615385558 4901006.862159707 -3976241.5621071095 -3452.4186762938975 4960.209051196702 4015.3552177868924
2650054.965754659 4905964.29403765 -3972223.7335782717 -3454.9723465466477 4954.653688004139 4020.301053595908
2646598.717935787 4910916.167503223 -3968200.9615735654 -3457.5227458248014 4949.092227331657 4025.242168462569
2643139.9213541728 4915862.476461572 -3964173.250817116 -3460.0698716126203 4943.524674434673 4030.178556021268
2639678.579284563 4920803.214823104 -3960140.606039413 -3462.613721395965 4937.95103457602 4035.110209909823
2636214.6950042197 4925738.376503494 -3956103.031977306 -3465.1542926622974 4932.371313025945 4040.0371237694862
2632748.2717929147 4930667.955423685 -3952060.5333740027 -3467.6915829006784 4926.785515062105 4044.9592912449493
2629279.312932931 4935591.945509908 -3948013.114979062 -3470.2255896017746 4921.193645969573 4049.8767059843503
2625807.8217090596 4940510.340693679 -3943960.7815483953 -3472.7563102578574 4915.595711040832 4054.789361639282
2622333.801408599 4945423.134911811 -3939903.5378442598 -3475.283742362807 4909.991715575781 4059.6972518648
2618857.2553213527 4950330.322106421 -3935841.388635256 -3477.807883412115 4904.381664881735 4064.6003703194274
2615378.1867396277 4955231.896224936 -3931774.338696324 -3480.3287309028856 4898.765564273422 4069.4987106651647
2611896.598958234 4960127.851220103 -3927702.39280874 -3482.8462823338396 4893.143419072989 4074.3922665674986
2608412.49527448 4965018.181049994 -3923625.5557601135 -3485.3605352053187 4887.515234610002 4079.2810316954096
2604925.878988176 4969902.879678014 -3919543.832344383 -3487.8714870192885 4881.881016221449 4084.164999721382
2601436.753401627 4974781.941072908 -3915457.2273618127 -3490.379135279341 4876.240769251738 4089.0441643214103
2597945.1218196345 4979655.359208773 -3911365.745618989 -3492.883477490696 4870.594499052704 4093.9185191750057
2594450.987549493 4984523.128065056 -3907269.3919288176 -3495.3845111602036 4864.9422109836 4098.7880579652065
2590954.3539009914 4989385.241626572 -3903168.171110518 -3497.882233796349 4859.283910411104 4103.652774378581
2587455.2241864083 4994241.693883501 -3899062.0879896223 -3500.376642909251 4853.61960270932 4108.512662105241
2583953.6017205105 4999092.478831407 -3894951.1473979717 -3502.867736010666 4847.9492932597705 4113.367714838843
2580449.489820553 5003937.590471233 -3890835.35417371 -3505.355510613988 4842.2729874514 4118.217926276596
2576942.891806277 5008777.02280932 -3886714.7131612836 -3507.8399642342524 4836.590690680576 4123.063290119268
2573433.8109999066 5013610.769857408 -3882589.229211435 -3510.3210943881386 4830.902408351089 4127.903800071195
2569922.25072615 5018438.825632641 -3878458.9071812024 -3512.79889859397 4825.208145874152 4132.739449840292
2566408.214312195 5023261.184157581 -3874323.751933912 -3515.27337437172 4819.507908668402 4137.570233138053
2562891.705087709 5028077.839460211 -3870183.768339178 -3517.744519243012 4813.801702159898 4142.3961436795635
2559372.7263848367 5032888.785573944 -3866038.9612728986 -3520.2123307311217 4808.089531782127 4147.2171751835085
2555851.2815381996 5037694.016537632 -3861889.33561725 -3522.6768063609807 4802.371402975996 4152.033321372179
2552327.3738848926 5042493.526395569 -3857734.896260684 -3525.1379436591797 4796.647321189839 4156.844575971473
2548801.006764483 5047287.309197503 -3853575.6480979268 -3527.5957401539686 4790.9172918794175 4161.650932710918
2545272.18351901 5052075.35899864 -3849411.5960299713 -3530.0501933752603 4785.181320507914 4166.452385323662
2541740.907492981 5056857.669859656 -3845242.744964076 -3532.5013008546334 4779.439412545943 4171.248927546495
2538207.1820333707 5061634.235846696 -3841069.099813761 -3534.9490601253347 4773.69157347154 4176.040553119846
2534671.0104896217 5066405.051031389 -3836890.6654988048 -3537.3934687222827 4767.9378087701725 4180.8272557878
2531132.3962136386 5071170.109490858 -3832707.4469452384 -3539.8345241820743 4762.178123934741 4185.609029298104
2527591.3425597902 5075929.405307715 -3828519.449085344 -3542.272224042984 4756.41252446558 4190.385867402179
2524047.852884906 5080682.932570081 -3824326.6768576517 -3544.7065658449706 4750.641015870455 4195.1577638551225
2520501.930548273 5085430.685371586 -3820129.1352069317 -3547.1375471296783 4744.8636036645685 4199.924712415719
2516953.578911638 5090172.65781138 -3815926.829084197 -3549.5651654404364 4739.080293370556 4204.686706846449
2513402.801339202 5094908.843994141 -3811719.7634466942 -3551.989418322267 4733.291090518489 4209.443740913496
2509849.6011976213 5099639.238030076 -3807507.943257902 -3554.4103033218826 4727.496000645871 4214.195808386752
2506293.9818560034 5104363.834034938 -3803291.3734875275 -3556.8278179876866 4721.695029297637 4218.94290303982
2502735.9466859074 5109082.626130029 -3799070.0591115034 -3559.2419598697747 4715.8881820261495 4223.685018650024
2499175.499061341 5113795.608442202 -3794844.0051119816 -3561.6527265199406 4710.075464391201 4228.422148998417
2495612.6423587603 5118502.775103879 -3790613.2164773326 -3564.060115491673 4704.256881960016 4233.154287869782
2492047.3799570655 5123204.120253049 -3786377.6982021383 -3566.464124340164 4698.432440307244 4237.8814290526525
2488479.7152376017 5127899.638033279 -3782137.4552871925 -3568.864750622307 4692.60214501497 4242.603566339308
2484909.6515841563 5132589.322593727 -3777892.4927394935 -3571.2619918967034 4686.76600167271 4247.320693525788
2481337.1923829573 5137273.16808914 -3773642.815572242 -3573.6558457236674 4680.924015877416 4252.032804411903
2477762.3410226707 5141951.168679865 -3769388.428804836 -3576.0463096652293 4675.076193233476 4256.739892801245
2474185.100894401 5146623.318531861 -3765129.3374628695 -3578.433381285137 4669.222539352717 4261.441952501193
2470605.475391686 5151289.611816698 -3760865.5465781265 -3580.81705814886 4663.363059854405 4266.138977322919
2467023.4679104993 5155950.042711572 -3756597.0611885786 -3583.197337823593 4657.497760365242 4270.830961081401
2463439.0818492454 5160604.605399309 -3752323.8863383792 -3585.574217878255 4651.626646519372 4275.517897595428
2459852.3206087593 5165253.294068371 -3748046.027077862 -3587.947695883495 4645.749723958373 4280.199780687605
2456263.1875923043 5169896.102912868 -3743763.488463536 -3590.31776941169 4639.866998331256 4284.876604184362
2452671.68620557 5174533.026132563 -3739476.2755580815 -3592.684436036945 4633.978475294466 4289.548361915951
2449077.8198566725 5179164.057932875 -3735184.3934303476 -3595.047693335098 4628.084160511882 4294.215047716466
2445481.59195615 5183789.192524895 -3730887.8471553465 -3597.40753888372 4622.1840596548145 4298.876655423844
2441883.0059169624 5188408.424125387 -3726586.6418142505 -3599.763970262121 4616.278178402003 4303.533178879872
2438282.0651544896 5193021.746956796 -3722280.7824943885 -3602.1169850513497 4610.366522439624 4308.184611930197
2434678.773086529 5197629.155247261 -3717970.2742892415 -3604.4665808341983 4604.449097461287 4312.830948424337
2431073.1331332955 5202230.643230614 -3713655.12229844 -3606.8127551952093 4598.525909168041 4317.472182215687
2427465.148717418 5206826.205146395 -3709335.3316277587 -3609.1555057206774 4592.596963268373 4322.108307161533
2423854.8232639376 5211415.835239853 -3705010.907389112 -3611.4948299986536 4586.662265478212 4326.739317123058
2420242.160200307 5215999.527761961 -3700681.8547005523 -3613.8307256189482 4580.721821520928 4331.3652059653505
2416627.1629563887 5220577.276969416 -3696348.178686265 -3616.1631901731316 4574.775637127327 4335.985967557414
2413009.8349644523 5225149.07712465 -3692009.8844765634 -3618.4922212545403 4568.823718035661 4340.601595772171
2409390.179659173 5229714.922495837 -3687666.977207887 -3620.817816458276 4562.86606999162 4345.212084486476
2405768.20047763 5234274.807356901 -3683319.4620227967 -3623.1399733812086 4556.902698748333 4349.817427581114
2402143.900859305 5238828.72598752 -3678967.34406997 -3625.458689621978 4550.933610066366 4354.417618940821
2398517.28424608 5243376.6726731425 -3674610.6285041976 -3627.7739627809974 4544.958809713721 4359.012652454273
2394888.3540822365 5247918.641704983 -3670249.3204863793 -3630.0857904604545 4538.978303465842 4363.60252201411
2391257.1138144513 5252454.627380038 -3665883.4251835216 -3632.394170264316 4532.992097105609 4368.18722151694
2387623.5668917974 5256984.624001088 -3661512.9477687315 -3634.6990997983294 4527.000196423341 4372.76674486334
2383987.716765742 5261508.625876709 -3657137.893421213 -3637.0005766700265 4521.002607216793 4377.341085957875
2380349.566890142 5266026.627321281 -3652758.2673262637 -3639.298598488727 4514.9993352911615 4381.910238709099
2376709.1207212457 5270538.622654989 -3648374.0746752718 -3641.59316286554 4508.99038645908 4386.474197029565
2373066.3817176875 5275044.606203837 -3643985.3206657097 -3643.884267413368 4502.975766540622 4391.032954835836
2369421.3533404907 5279544.572299652 -3639592.010501132 -3646.1719097469095 4496.955481363303 4395.586506048487
2365774.03905306 5284038.51528009 -3635194.1493911697 -3648.4560874826616 4490.929536762073 4400.134844592118
2362124.442321185 5288526.429488649 -3630791.742551528 -3650.7367982389237 4484.897938579325 4404.677964395362
2358472.5666130357 5293008.309274671 -3626384.795203982 -3653.0140396357983 4478.860692664888 4409.215859390893
2354818.41539916 5297484.148993352 -3621973.312576371 -3655.287809295196 4472.817804876034 4413.748523515428
2351161.9921524837 5301953.943005753 -3617557.2999025946 -3657.5581048408367 4466.769281077468 4418.275950709746
2347503.300348308 5306417.685678796 -3613136.762422613 -3659.824923898252 4460.7151271413395 4422.798134918684
2343842.3434643075 5310875.371385282 -3608711.7053824365 -3662.0882640947916 4454.655348947234 4427.315070091153
2340179.1249805293 5315326.9945038995 -3604282.134034125 -3664.348123059621 4448.589952382176 4431.826750180147
2336513.6483793887 5319772.549419221 -3599848.053635785 -3666.6044984237283 4442.5189433406285 4436.333169142745
2332845.9171456713 5324212.030521722 -3595409.469451561 -3668.857387819926 4436.442327724493 4440.834320940124
2329175.9347665263 5328645.432207781 -3590966.386751638 -3671.1067888828534 4430.360111443111 4445.330199537565
2325503.7047314704 5333072.748879692 -3586518.8108122298 -3673.352699248981 4424.272300413262 4449.820798904464
2321829.230532381 5337493.974945666 -3582066.746915581 -3675.5951165566125 4418.178900559167 4454.306113014339
2318152.515663497 5341909.104819845 -3577610.200349961 -3677.834038445888 4412.079917812483 4458.7861358448345
2314473.5636214153 5346318.132922307 -3573149.1764096576 -3680.069462558787 4405.975358112307 4463.260861377738
2310792.3779050903 5350721.053679069 -3568683.680394976 -3682.3013865391313 4399.865227405175 4467.730283598981
2307108.962015833 5355117.8615221 -3564213.717612234 -3684.5298080325856 4393.749531645058 4472.194396498648
2303423.319457305 5359508.550889328 -3559739.2933737547 -3686.7547246866616 4387.628276793365 4476.653194070983
2299735.4537355225 5363893.116224646 -3555260.412997868 -3688.9761341507206 4381.501468818942 4481.106670314402
2296045.3683588505 5368271.551977917 -3550777.0818089014 -3691.194034075974 4375.369113698068 4485.554819231493
2292353.066838 5372643.852604987 -3546289.3051371784 -3693.4084221154885 4369.231217414456 4489.997634829031
2288658.55268603 5377010.01256769 -3541797.088319013 -3695.619295924188 4363.087785959259 4494.435111117986
2284961.8294183435 5381370.026333849 -3537300.436696707 -3697.826653158859 4356.938825331062 4498.867242113526
2281262.9005526844 5385723.888377296 -3532799.355618544 -3700.0304914781514 4350.784341535886 4503.294021835033
2277561.769609139 5390071.593177869 -3528293.850438787 -3702.2308085425857 4344.624340587193 4507.715444306112
2273858.4401101302 5394413.135221426 -3523783.9265176733 -3704.427602014556 4338.458828505883 4512.131503554595
2270152.9155804194 5398748.508999847 -3519269.5892214086 -3706.620869558332 4332.287811320291 4516.542193612557
2266445.1995471013 5403077.709011043 -3514750.8439221666 -3708.810608840061 4326.1112950661945 4520.947508516317
2262735.295539604 5407400.72975897 -3510227.695998081 -3710.9968175277736 4319.929285786807 4525.347442306449
2259023.207089687 5411717.565753627 -3505700.1508332435 -3713.179493291384 4313.741789532774 4529.741989027793
2255308.9377314392 5416028.211511063 -3501168.213817699 -3715.358633802694 4307.548812362184 4534.131142729459
2251592.4910012754 5420332.661553399 -3496631.8903474403 -3717.5342367353933 4301.350360340556 4538.514897464831
2247873.870437936 5424630.910408817 -3492091.1858244054 -3719.7062997650646 4295.146439540842 4542.893247291584
2244153.079582487 5428922.952611581 -3487546.1056564725 -3721.8748205691854 4288.937056043431 4547.266186271686
2240430.121978313 5433208.782702035 -3482996.655257456 -3724.0397968271322 4282.722215936145 4551.63370847141
2236705.0011711204 5437488.395226616 -3478442.8400470996 -3726.2012262201815 4276.501925314241 4555.995807961339
2232977.720708933 5441761.78473786 -3473884.6654510777 -3728.3591064315146 4270.276190280402 4560.352478816378
2229248.28414209 5446028.94579441 -3469322.1369009856 -3730.5134351462184 4264.04501694475 4564.703715115754
2225516.6950232447 5450289.872961022 -3464755.259834337 -3732.664210051288 4257.808411424834 4569.049510943031
2221782.9569073617 5454544.560808574 -3460184.039694561 -3734.811428835631 4251.566379845632 4573.389860386119
2218047.0733517166 5458793.003914071 -3455608.481930996 -3736.955089190069 4245.318928339553 4577.724757537276
2214309.047915893 5463035.196860657 -3451028.591998886 -3739.0951888073423 4239.066063046436 4582.054196493122
2210568.884161782 5467271.134237618 -3446444.375359375 -3741.2317253821125 4232.8077901135475 4586.378171354645
2206826.5856535775 5471500.81064039 -3441855.837479506 -3743.3646966109654 4226.544115695587 4590.696676227213
2203082.1559577766 5475724.220670569 -3437262.983832214 -3745.4941001924203 4220.275045954683 4595.009705220583
2199335.598643176 5479941.358935914 -3432665.8198963203 -3747.619933826929 4214.000587060399 4599.317252448911
2195586.9172808714 5484152.220050364 -3428064.351156532 -3749.742195216879 4207.7207451897275 4603.619312030758
2191836.1154442555 5488356.79863403 -3423458.583103434 -3751.8608820665977 4201.435526527092 4607.915878089101
2188083.1967090163 5492555.089313217 -3418848.5212334865 -3753.975992082358 4195.144937264347 4612.206944751343
2184328.164653133 5496747.086720424 -3414234.17104902 -3756.087522972376 4188.848983600776 4616.492506149313
2180571.022856877 5500932.785494353 -3409615.5380582307 -3758.1954724468164 4182.547671743087 4620.772556419283
2176811.774902808 5505112.180279916 -3404992.6277751774 -3760.2998382177943 4176.241007905422 4625.047089701971
2173050.424375772 5509285.265728244 -3400365.4457197743 -3762.400617999378 4169.92899830934 4629.316100142551
2169286.974862901 5513452.036496691 -3395733.9974177894 -3764.4978095075935 4163.611649183832 4633.579581890655
2165521.429953609 5517612.487248846 -3391098.288400839 -3766.591410460426 4157.288966765311 4637.837529100397
2161753.793239592 5521766.612654538 -3386458.324206382 -3768.6814185778226 4150.960957297614 4642.089935930363
2157984.0683148247 5525914.407389842 -3381814.110377717 -3770.767831581699 4144.627627032006 4646.336796543634
2154212.2587755593 5530055.866137089 -3377165.6524639777 -3772.850647195936 4138.288982227167 4650.578105107784
2150438.3682203214 5534190.983584872 -3372512.956020127 -3774.9298631463876 4131.945029149204 4654.813855794892
2146662.4002499115 5538319.754428054 -3367856.0266069546 -3777.0054771608816 4125.595774071644 4659.044042781554
2142884.3584674015 5542442.173367775 -3363194.8697910705 -3779.077486969224 4119.241223275432 4663.268660248885
2139104.2464781315 5546558.235111461 -3358529.491144901 -3781.1458903032008 4112.881383048935 4667.487702382531
2135322.067889709 5550667.934372828 -3353859.8962466856 -3783.2106848965827 4106.516259687939 4671.70116337268
2131537.8263120065 5554771.265871893 -3349186.0906804716 -3785.2718684851293 4100.145859495649 4675.909037414064
2127751.5253571607 5558868.2243349785 -3344508.080036108 -3787.3294388065915 4093.770188782689 4680.111318705981
2123963.168639569 5562958.804494723 -3339825.869909242 -3789.383393600714 4087.3892538671007 4684.308001452289
2120172.7597758877 5567043.001090087 -3335139.4659013157 -3791.4337306092402 4081.003061074346 4688.499079861426
2116380.3023850312 5571120.808866357 -3330448.8736195606 -3793.4804475759147 4074.611616737302 4692.68454814641
2112585.8000881686 5575192.222575161 -3325754.0986769916 -3795.523542246486 4068.2149271962626 4696.864400524851
2108789.2565087215 5579257.236974465 -3321055.1466924055 -3797.5630123687124 4061.812998798938 4701.038631218965
2104990.6752723637 5583315.846828592 -3316352.023290373 -3799.598855692364 4055.405837900457 4705.207234455581
2101190.0600070185 5587368.04690822 -3311644.734101237 -3801.6310699692276 4048.993450863363 4709.370204466145
2097387.414342856 5591413.831990396 -3306933.2847611043 -3803.65965295311 4042.5758440576155 4713.527535486736
2093582.7419122916 5595453.196858538 -3302217.680911846 -3805.6846023998396 4036.1530238605915 4717.6792217580705
2089776.0463499832 5599486.136302448 -3297497.9282010896 -3807.705916067272 4029.7249966570785 4721.825257525513
2085967.3312928302 5603512.645118313 -3292774.0322822137 -3809.7235917152902 4023.29176883928 4725.965637039081
2082156.6003799716 5607532.718108721 -3288045.998814345 -3811.737627105807 4016.853346806806 4730.100354553455
2078343.857252783 5611546.350082657 -3283313.833462354 -3813.7480200027667 4010.4097369666747 4734.229404327981
2074529.105554875 5615553.535855523 -3278577.541896848 -3815.754768172149 4003.9609457333117 4738.352780626686
2070712.3489320918 5619554.270249134 -3273837.12979417 -3817.7578693819723 3997.506979528549 4742.47047771828
2066893.5910325078 5623548.548091733 -3269092.6028363905 -3819.757321402296 3991.0478447816226 4746.5824898761675
2063072.8355064266 5627536.364217996 -3264343.9667113037 -3821.753122005225 3984.583547929174 4750.688811378459
2059250.0860063785 5631517.713469038 -3259591.2271124246 -3823.7452689649126 3978.11409541525 4754.789436507978
2055425.3461871194 5635492.590692422 -3254834.3897389825 -3825.733760057568 3971.6394936913007 4758.8843595522685
2051598.6197056267 5639460.990742169 -3250073.4602959175 -3827.718593061456 3965.1597492161823 4762.973574803613
2047769.9102210994 5643422.908478759 -3245308.444493874 -3829.699765756904 3958.6748684561544 4767.05707655903
2043939.221394955 5647378.338769143 -3240539.3480491973 -3831.6772759263017 3952.1848578848785 4771.134859120293
2040106.5568908276 5651327.276486752 -3235766.176683929 -3833.651121354107 3945.689723983419 4775.206916793932
2036271.9203745653 5655269.716511496 -3230988.936125801 -3835.621299826849 3939.189473240239 4779.273243891244
2032435.3155142295 5659205.653729783 -3226207.632108233 -3837.5878091331288 3932.684112151203 4783.333834728306
2028596.7459800914 5663135.083034518 -3221422.270370324 -3839.550647063625 3926.1736472195735 4787.388683625977
2024756.2154446302 5667057.999325112 -3216632.856656852 -3841.509811411098 3919.658084956009 4791.43778490991
2020913.727582532 5670974.397507492 -3211839.3967182655 -3843.4652999703894 3913.137431878567 4795.481132910561
2017069.2860706863 5674884.272494106 -3207041.89631068 -3845.4171105384294 3906.6116945126973 4799.518721963201
2013222.8945881857 5678787.619203932 -3202240.361195875 -3847.3652409142383 3900.080879391247 4803.550546407913
2009374.5568163218 5682684.4325624835 -3197434.797141285 -3849.309688898929 3893.5449930544546 4807.5766005896185
2005524.276438584 5686574.707501818 -3192625.20992 -3851.2504522957106 3887.0040420499504 4811.596878858069
2001672.0571406581 5690458.438960546 -3187811.605310756 -3853.1875289098934 3880.4580329327546 4815.611375567866
1997817.902610423 5694335.621883834 -3182993.9890979314 -3855.120916548889 3873.9069722652785 4819.620085078463
1993961.8165379493 5698206.251223416 -3178172.367071544 -3857.0506130222157 3867.350866617321 4823.6230017541775
1990103.802615497 5702070.3219376 -3173346.7450272446 -3858.9766161415023 3860.7897225660686 4827.620119964202
1986243.8645375133 5705927.828991273 -3168517.128766313 -3860.8989237204923 3854.2235466960956 4831.611434082611
1982382.006000631 5709778.767355915 -3163683.5240956508 -3862.81753357505 3847.652345599365 4835.596938488374
1978518.2307036654 5713623.132009597 -3158845.9368277793 -3864.7324435231635 3841.076125875229 4839.576627565365
1974652.5423476135 5717460.917936993 -3154004.372780833 -3866.6436513849476 3834.494894130426 4843.550495702372
1970784.9446356504 5721292.120129389 -3149158.837778556 -3868.551154982649 3827.9086569790793 4847.5185372931055
1966915.4412731284 5725116.733584689 -3144309.337650296 -3870.454952140648 3821.3174210426964 4851.4807467362025
1963044.0359675735 5728934.753307423 -3139455.8782309988 -3872.3550406854592 3814.721192950167 4855.437118435243
1959170.7324286858 5732746.17430875 -3134598.465361204 -3874.251418445732 3808.119979337753 4859.387646798743
1955295.5343683339 5736550.991606473 -3129737.104887042 -3876.1440832522508 3801.5137868490924 4863.332326240166
1951418.4455005552 5740349.20022504 -3124871.8026602254 -3878.033032937941 3794.902622135191 4867.2711511779335
1947539.4695415534 5744140.795195555 -3120002.5645380467 -3879.9182653378703 3788.2864918544274 4871.204116035429
1943658.6102096955 5747925.771555783 -3115129.396383372 -3881.799778289252 3781.665402672548 4875.131215241013
1939775.8712255112 5751704.124350158 -3110252.304064638 -3883.6775696314526 3775.03936126267 4879.052443228028
1935891.2563116888 5755475.848629791 -3105371.2934558433 -3885.551637205999 3768.4083743052825 4882.967794434825
1932004.7691930742 5759240.9394524805 -3100486.3704365473 -3887.421978856588 3761.772448488254 4886.877263304766
1928116.4135966685 5762999.391882712 -3095597.5408918634 -3889.288592429086 3755.131590506827 4890.780844286238
1924226.193251626 5766751.200991673 -3090704.8107124534 -3891.1514757715354 3748.485807063616 4894.678531832661
1920334.111889252 5770496.361857256 -3085808.1857945235 -3893.010626734158 3741.8351048686104 4898.570320402499
1916440.1732430002 5774234.869564065 -3080907.672039819 -3894.8660431693565 3735.1794906391688 4902.456204459266
1912544.3810484712 5777966.719203429 -3076003.2753556194 -3896.7177229317117 3728.5189711000107 4906.336178471527
1908646.739043409 5781691.905873405 -3071095.001654733 -3898.5656638779833 3721.8535529832156 4910.210236912904
1904747.250967701 5785410.424678783 -3066182.8568554907 -3900.4098638671107 3715.183243028217 4914.078374262081
1900845.9205633737 5789122.270731097 -3061266.846881745 -3902.2503207602185 3708.5080479818025 4917.940585002816
1896942.7515745917 5792827.439148634 -3056346.9776628586 -3904.08703242062 3701.8279745981145 4921.7968636239475
1893037.747747655 5796525.925056435 -3051423.2551337057 -3905.9199967138193 3695.143029638645 4925.6472046194085
1889130.9128309975 5800217.72358631 -3046495.685234662 -3907.74921150752 3688.453219872243 4929.491602488237
1885222.2505751834 5803902.829876837 -3041564.2739116033 -3909.5746746716345 3681.758552075112 4933.330051734589
1881311.7647329068 5807581.239073378 -3036629.0271158973 -3911.3963840782876 3675.059033030815 4937.162546867755
1877399.459058988 5811252.94632808 -3031689.9508044003 -3913.2143376018175 3668.354669530268 4940.989082402163
1873485.337310372 5814917.946799886 -3026747.050939452 -3915.0285331187847 3661.6454683717416 4944.809652857392
1869569.4032461264 5818576.235654539 -3021800.3334888704 -3916.8389685079696 3654.9314363608587 4948.624252758179
1865651.6606274387 5822227.808064595 -3016849.8044259446 -3918.6456416503775 3648.2125803105905 4952.432876634422
1861732.1132176137 5825872.659209421 -3011895.469729432 -3920.4485504292365 3641.4889070412505 4956.23551902119
1857810.764782073 5829510.784275212 -3006937.3353835517 -3922.2476927299995 3634.7604233804905 4960.032174458726
1853887.6190883506 5833142.178454995 -3001975.4073779816 -3924.0430664403484 3628.0271361633027 4963.8228374924565
1849962.6799060924 5836766.836948634 -2997009.691707851 -3925.8346694501975 3621.289052232015 4967.607502673003
1846035.951007053 5840384.754962838 -2992040.1943737348 -3927.622499651697 3614.546178436292 4971.386164556189
1842107.4361650937 5843995.927711171 -2987066.921381651 -3929.40655493924 3607.7985216331326 4975.158817703051
1838177.1391561802 5847600.350414056 -2982089.8787430525 -3931.186833209469 3601.046088686877 4978.925456679861
1834245.063758381 5851198.018298787 -2977109.072474824 -3932.9633323612848 3594.2888864692036 4982.686076058128
1830311.2137518637 5854788.92659953 -2972124.508599276 -3934.7360502958472 3587.5269218591293 4986.440670414618
1826375.5929188943 5858373.070557336 -2967136.193144141 -3936.5049849165807 3580.760201743007 4990.189234331356
1822438.2050438332 5861950.445420146 -2962144.1321425643 -3938.2701341291777 3573.988733014525 4993.931762395636
1818499.0539131358 5865521.046442795 -2957148.331633103 -3940.031495841599 3567.212522574702 4997.668249200033
1814558.143315347 5869084.868887026 -2952148.797659718 -3941.789067964072 3560.4315773318804 5001.398689342397
1810615.4770411006 5872641.908021494 -2947145.536271771 -3943.5428484090926 3553.645904201723 5005.123077425863
1806671.0588831166 5876192.159121773 -2942138.553524017 -3945.2928350914285 3546.855510107211 5008.841408058862
1802724.8926361997 5879735.617470363 -2937127.855476599 -3947.0390259281216 3540.060401978641 5012.553675855124
1798776.982097236 5883272.278356697 -2932113.448195046 -3948.7814188384928 3533.260586753625 5016.259875433695
1794827.3310651912 5886802.137077152 -2927095.3377502626 -3950.5200117441454 3526.456071377089 5019.96000141894
1790875.943341108 5890325.188935052 -2922073.530218529 -3952.254802568973 3519.6468628012726 5023.654048440561
1786922.8227281047 5893841.429240675 -2917048.0316814906 -3953.985789239164 3512.832967985731 5027.342011133609
1782967.9730313718 5897350.853311266 -2912018.8482261575 -3955.712969683207 3506.014393897332 5031.023884138486
1779011.3980581702 5900853.456471038 -2906985.9859448946 -3957.436341831893 3499.191147510254 5034.699662100966
1775053.101617829 5904349.234051182 -2901949.4509354196 -3959.1559036183194 3492.3632358059854 5038.369339672194
1771093.0875217426 5907838.181389875 -2896909.2493007956 -3960.8716529778935 3485.530665773321 5042.0329115087
1767131.3595833695 5911320.293832285 -2891865.3871494276 -3962.5835878483376 3478.693444408364 5045.690372272411
1763167.921618229 5914795.566730581 -2886817.870595054 -3964.291706169693 3471.85157871452 5049.341716630658
1759202.7774438993 5918263.99544394 -2881766.705756744 -3965.9960058843244 3465.005075702499 5052.986939256184
1755235.9308800146 5921725.575338552 -2876711.898758893 -3967.6964849369224 3458.153942390312 5056.626034827157
1751267.385748264 5925180.301787629 -2871653.455731213 -3969.3931412745073 3451.2981858032686 5060.258998027179
1747297.1458723876 5928628.170171411 -2866591.3828087323 -3971.085972846434 3444.437812973976 5063.88582354529
1743325.2150781758 5932069.175877175 -2861525.686131785 -3972.77497760439 3437.572830942335 5067.506506075981
1739351.5971934653 5935503.3142992435 -2856456.3718460095 -3974.4601535024035 3430.7032467555337 5071.121040319199
1735376.2960481388 5938930.580838986 -2851383.4461023407 -3976.141498496841 3423.82906746805 5074.729420980355
1731399.31547412 5942350.970904833 -2846306.915057006 -3977.8190105464128 3416.950300141647 5078.33164277033
1727420.6593053737 5945764.479912279 -2841226.7848715186 -3979.492687612179 3410.06695184537 5081.927700405494
1723440.3313779025 5949171.103283892 -2836143.0617126734 -3981.16252765755 3403.1790296555473 5085.517588607705
1719458.335529744 5952570.8364493195 -2831055.7517525386 -3982.8285286482937 3396.286540655787 5089.101302104326
1715474.6756009683 5955963.674845297 -2825964.861168455 -3984.4906885525406 3389.3894919369773 5092.678835628236
1711489.3554336776 5959349.613915653 -2820870.396143026 -3986.149005340785 3382.487890597283 5096.250183917835
1707502.3788720013 5962728.649111319 -2815772.3628641153 -3987.803476985892 3375.581743742145 5099.815341717059
1703513.749762095 5966100.775890336 -2810670.7675248384 -3989.454101463098 3368.671058484278 5103.374303775383
1699523.4719521387 5969465.989717861 -2805565.6163235595 -3991.100876750018 3361.7558419436664 5106.927064847836
1695531.5492923323 5972824.286066173 -2800456.9154638844 -3992.7438008266477 3354.836101247566 5110.473619695012
1691537.985634895 5976175.660414682 -2795344.6711546555 -3994.38287167537 3347.911843530502 5114.013963083074
1687542.7848340627 5979520.10824994 -2790228.8896099473 -3996.0180872809574 3340.983075934265 5117.5480897837715
1683545.950746085 5982857.625065641 -2785109.5770490584 -3997.6494456305777 3334.0498056079095 5121.075994574446
1679547.4872292238 5986188.206362631 -2779986.739696508 -3999.2769447137957 3327.112039707753 5124.597672238039
1675547.3981437492 5989511.8476489205 -2774860.3837820287 -4000.900582522578 3320.1697853973737 5128.113117563105
1671545.6873519388 5992828.544439681 -2769730.515540563 -4002.520357051295 3313.223049847605 5131.622325343817
1667542.3587180746 5996138.292257262 -2764597.141212256 -4004.1362662967226 3306.2718402365335 5135.125290379971
1663537.4161084404 5999441.086631195 -2759460.2670424497 -4005.748308258047 3299.316163749496 5138.6220074770035
1659530.8633913195 6002736.923098199 -2754319.8992816783 -4007.356480936868 3292.3560275790765 5142.11247144599
1655522.7044369928 6006025.797202191 -2749176.0441856612 -4008.9607823372016 3285.391438925106 5145.596677103662
1651512.943117736 6009307.704494289 -2744028.7080153003 -4010.561210465485 3278.4224049946583 5149.074619272414
1647501.5833078164 6012582.640532825 -2738877.8970366702 -4012.1577633305797 3271.448933002047 5152.546292780315
1643488.628883492 6015850.600883346 -2733723.617521016 -4013.7504389437727 3264.4710301688247 5156.011692461108
1639474.0837230084 6019111.581118626 -2728565.875744744 -4015.3392353187833 3257.4887037237772 5159.470813154232
1635457.9517065955 6022365.576818668 -2723404.677989422 -4016.9241504717625 3250.5019609029237 5162.923649704819
1631440.2367164663 6025612.58357072 -2718240.0305417655 -4018.505182421303 3243.510808949514 5166.370196963711
1627420.9426368137 6028852.596969272 -2713071.9396936395 -4020.0823291884362 3236.515255114024 5169.810449787469
1623400.0733538088 6032085.612616072 -2707900.411742048 -4021.655588796644 3229.515306654159 5173.244403038385
1619377.632755598 6035311.626120128 -2702725.4529891307 -4023.224959271862 3222.5109708348505 5176.672051584491
1615353.6247323002 6038530.633097714 -2697547.069742156 -4024.790438642485 3215.5022549282544 5180.093390299573
1611328.0531760047 6041742.629172382 -2692365.2683135155 -4026.352024939368 3208.489166213749 5183.50841406318
1607300.9219807684 6044947.609974967 -2687180.0550207184 -4027.9097161958343 3201.471711977931 5186.9171177606295
1603272.2350426146 6048145.571143595 -2681991.436186386 -4029.4635104476765 3194.449899514617 5190.319496283025
1599241.996259529 6051336.508323687 -2676799.4181382456 -4031.013405733171 3187.423736124842 5193.715544527268
1595210.2095314574 6054520.417167972 -2671604.007209124 -4032.559400093084 3180.393229116865 5197.10525739608
1591176.878760304 6057697.293336487 -2666405.209736943 -4034.1014915706783 3173.358385806166 5200.488629798008
1587142.0078499285 6060867.132496592 -2661203.0320647126 -4035.639678211716 3166.319213515442 5203.865656647439
1583105.6007061433 6064029.930322968 -2655997.480540526 -4037.173958064463 3159.275719574605 5207.236332864605
1579067.661236712 6067185.682497636 -2650788.561517552 -4038.70432917969 3152.227911320777 5210.6006533755935
1575028.1933513454 6070334.384709954 -2645576.2813540325 -4040.230789610649 3145.1757960982677 5213.958613112317
1570987.2009617002 6073476.032656628 -2640360.6464132727 -4041.753337413065 3138.119381258559 5217.310207012509
1566944.687981376 6076610.622041718 -2635141.663063639 -4043.2719706451358 3131.058674160303 5220.65543001973
1562900.6583259131 6079738.14857665 -2629919.337678548 -4044.786687367537 3123.9936821693186 5223.994277083381
1558855.1159127897 6082858.607980217 -2624693.6766364677 -4046.297485643427 3116.92441265859 5227.326743158703
1554808.0646614197 6085971.995978587 -2619464.686320906 -4047.804363538456 3109.850873008267 5230.652823206802
1550759.5084931504 6089078.308305316 -2614232.3731204076 -4049.3073191208027 3102.7730706056914 5233.972512194702
1546709.451331259 6092177.5407013465 -2608996.743428546 -4050.806350461198 3095.691012845404 5237.285805095377
1542657.897100951 6095269.688915022 -2603757.8036439195 -4052.3014556329276 3088.604707129147 5240.592696887759
1538604.8497293578 6098354.748702089 -2598515.560170145 -4053.7926327118385 3081.5141608658564 5243.89318255675
1534550.3131455325 6101432.7158257095 -2593270.0194158503 -4055.2798797763407 3074.4193814716623 5247.187257093232
1530494.2912804496 6104503.586056463 -2588021.1877946705 -4056.763194907409 3067.3203763698807 5250.474915494072
1526436.788067001 6107567.355172357 -2582769.07172524 -4058.242576188567 3060.2171529909983 5253.756152762106
1522377.8074399938 6110624.018958832 -2577513.6776311877 -4059.7180217058844 3053.109718772663 5257.030963906139
1518317.3533361477 6113673.573208772 -2572255.011941131 -4061.1895295479812 3045.9980811596824 5260.299343940955
1514255.4296940928 6116716.013722505 -2566993.081088669 -4062.657097806031 3038.8822476040186 5263.561287887331
1510192.0404543662 6119751.336307819 -2561727.8915123777 -4064.1207245737637 3031.762225564787 5266.816790772037
1506127.1895594103 6122779.5367799625 -2556459.449655802 -4065.580407947471 3024.6380225082507 5270.06584762785
1502060.88095357 6125800.610961654 -2551187.7619674522 -4067.036146025993 3017.50964590781 5273.308453493547
1497993.1185830897 6128814.55468309 -2545912.834900797 -4068.4879369107234 3010.3771032439963 5276.5446034139095
1493923.9063961117 6131821.3637819495 -2540634.6749142557 -4069.935778705613 3003.2404020044696 5279.774292439733
1489853.2483426728 6134821.034103404 -2535353.288471196 -4071.379669517172 2996.099549684016 5282.997515627836
1485781.148374702 6137813.561500123 -2530068.6820399244 -4072.819607454475 2988.9545537845447 5286.214268041076
1481707.6104460182 6140798.941832283 -2524780.8620936824 -4074.2555906291714 2981.8054218150905 5289.424544748357
1477632.6385123266 6143777.170967569 -2519489.8351106383 -4075.687617155498 2974.6521612918164 5292.628340824659
1473556.2365312178 6146748.24478119 -2514195.607573883 -4077.1156851502888 2967.494779738013 5295.825651351052
1469478.4084621635 6149712.159155878 -2508898.185971424 -4078.5397927329773 2960.3332846841 5299.016471414701
1465399.1582665152 6152668.909981904 -2503597.5767961773 -4079.9599380256004 2953.1676836676165 5302.200796108881
1461318.4899075008 6155618.493157074 -2498293.7865459635 -4081.376119152804 2945.997984233223 5305.378620532985
1457236.4073502223 6158560.904586747 -2492986.8217234993 -4082.788334241855 2938.8241939327027 5308.549939792544
1453152.9145616533 6161496.140183836 -2487676.6888363957 -4084.1965814226533 2931.6463203249646 5311.71474899925
1449068.0155106357 6164424.195868815 -2482363.394397146 -4085.600858827742 2924.4643709760444 5314.873043270971
1444981.714167878 6167345.067569731 -2477046.9449231243 -4087.001164592308 2917.278353459099 5318.024817731756
1440894.0145059521 6170258.7512222035 -2471727.3469365765 -4088.3974968541893 2910.0882753544047 5321.170067511852
1436804.9204992906 6173165.242769439 -2466404.606964616 -4089.7898537538754 2902.894144249351 5324.308787747706
1432714.4361241844 6176064.538162232 -2461078.731539216 -4091.1782334345035 2895.6959677384352 5327.440973581968
1428622.5653587799 6178956.63335898 -2455749.727197204 -4092.562634041853 2888.493753423248 5330.566620163482
1424529.312183076 6181841.52432568 -2450417.600480255 -4093.943053724348 2881.287508912471 5333.685722647302
1420434.6805789229 6184719.207035945 -2445082.357934888 -4095.3194906330627 2874.0772418218726 5336.798276194696
1416338.674530017 6187589.677471004 -2439744.006112455 -4096.691942921723 2866.862959774308 5339.904275973159
1412241.298021901 6190452.931619718 -2434402.55156914 -4098.060408746713 2859.6446703997117 5343.003717156418
1408142.555041959 6193308.965478575 -2429058.000865948 -4099.424886267061 2852.422381335086 5346.096594924432
1404042.4495794147 6196157.7750517065 -2423710.360568701 -4100.785373644446 2845.1961002244957 5349.182904463384
1399940.9856253297 6198999.356350893 -2418359.637248033 -4102.14186904319 2837.9658347190607 5352.262640965697
1395838.1671725991 6201833.705395567 -2413005.8374793828 -4103.494370630271 2830.731592476956 5355.33579963004
1391733.99821595 6204660.818212824 -2407648.9678429845 -4104.842876575322 2823.493381163406 5358.4023756613415
1387628.4827519385 6207480.690837428 -2402289.034923867 -4106.187385050641 2816.2512084506857 5361.462364270798
1383521.6247789473 6210293.31931182 -2396926.045311844 -4107.527894231206 2809.005082018125 5364.515760675906
1379413.428297182 6213098.699686121 -2391560.005601509 -4108.8644022946855 2801.755009552108 5367.562560100472
1375303.8973086705 6215896.828018145 -2386190.9223922268 -4110.19690742144 2794.5009987460708 5370.602757774631
1371193.0358172574 6218687.700373401 -2380818.8022881304 -4111.525407794534 2787.2430573004995 5373.636348934848
1367080.847828604 6221471.312825102 -2375443.651898114 -4112.849901599727 2779.981192922923 5376.663328823934
1362967.3373501846 6224247.661454175 -2370065.4778358233 -4114.170387025499 2772.715413327917 5379.683692691059
1358852.5083912825 6227016.74234926 -2364684.2867196538 -4115.486862263052 2765.445726237107 5382.697435791783
1354736.36496299 6229778.551606726 -2359300.085172741 -4116.799325506329 2758.172139379167 5385.7045533880655
1350618.9110782025 6232533.085330673 -2353912.8798229564 -4118.1077749520155 2750.8946604898188 5388.705040748277
1346500.1507516187 6235280.339632941 -2348522.6773028984 -4119.412208799536 2743.6132973118224 5391.698893147213
1342380.0879997357 6238020.310633117 -2343129.4842498885 -4120.712625251069 2736.328057594977 5394.686105866098
1338258.7268408474 6240752.994458538 -2337733.3073059637 -4122.009022511537 2729.0389490961115 5397.666674192586
1334136.071295041 6243478.387244304 -2332334.1531178695 -4123.3013987886 2721.7459795790705 5400.640593420757
1330012.1253841945 6246196.485133281 -2326932.028337055 -4124.589752292655 2714.4491568147105 5403.607858851124
1325886.8931319756 6248907.28427611 -2321526.9396196646 -4125.874081236849 2707.148488580898 5406.568465790643
1321760.3785638358 6251610.780831214 -2316118.893626533 -4127.1543838370735 2699.843982662505 5409.52240955272
1317632.5857070098 6254306.970964803 -2310707.897023178 -4128.430658311973 2692.5356468514033 5412.469685457226
1313503.518590513 6256995.850850886 -2305293.9564797957 -4129.7029028829365 2685.2234889464553 5415.410288830485
1309373.1812451372 6259677.416671268 -2299877.078671251 -4130.971115774094 2677.907516753505 5418.344215005281
1305241.5777034492 6262351.664615569 -2294457.270277072 -4132.235295212319 2670.5877380853735 5421.2714593208575
1301108.711999787 6265018.590881221 -2289034.5379814473 -4133.495439427235 2663.264160761854 5424.192017122937
1296974.588170258 6267678.191673484 -2283608.888473214 -4134.751546651217 2655.93679260971 5427.105883763725
1292839.2102527365 6270330.463205444 -2278180.328445855 -4136.003615119397 2648.605641462674 5430.013054601923
1288702.5822868587 6272975.401698025 -2272748.8645974905 -4137.251643069687 2641.270715161448 5432.913525002755
1284564.7083140227 6275613.003379998 -2267314.5036308724 -4138.4956287427785 2633.9320215537064 5435.807290337985
1280425.5923773844 6278243.264487981 -2261877.252253378 -4139.735570382151 2626.589568494089 5438.694345985924
1276285.2385218542 6280866.181266455 -2256437.1171770017 -4140.9714662340775 2619.243363844199 5441.574687331439
1272143.6507940958 6283481.749967762 -2250994.1051183525 -4142.203314547627 2611.893415472598 5444.448309765969
1268000.8332425216 6286089.966852117 -2245548.2227986413 -4143.431113574678 2604.5397312548107 5447.315208687541
1263856.789917291 6288690.828187616 -2240099.4769436806 -4144.654861569946 2597.182319073332 5450.1753795008135
1259711.5248703067 6291284.330250238 -2234647.8742838725 -4145.874556790992 2589.8211868176277 5453.028817617092
1255565.0421552137 6293870.469323858 -2229193.421554206 -4147.090197498226 2582.4563423841273 5455.875518454333
1251417.345827394 6296449.241700248 -2223736.125494249 -4148.301781954913 2575.087793676225 5458.715477437165
1247268.4399439655 6299020.643679089 -2218275.9928481397 -4149.509308427173 2567.7155486042675 5461.548689996884
1243118.3285637782 6301584.671567975 -2212813.0303645837 -4150.7127751839525 2560.3396150855365 5464.375151571429
1238967.0157474123 6304141.32168242 -2207347.244796844 -4151.912180496997 2552.960001044217 5467.194857605343
1234814.505557174 6306690.590345866 -2201878.6429027366 -4153.107522640847 2545.5767144113943 5470.007803549774
1230660.8020570944 6309232.473889691 -2196407.231444622 -4154.298799892841 2538.18976312505 5472.813984862489
1226505.9093129255 6311766.968653213 -2190933.0171894007 -4155.486010533127 2530.7991551300565 5475.6133970078845
1222349.8313921376 6314294.070983699 -2185456.0069085048 -4156.669152844667 2523.4048983781804 5478.406035457001
1218192.572363917 6316813.777236369 -2179976.2073778925 -4157.848225113293 2516.0070008281054 5481.1918956876025
1214034.1362991626 6319326.08377441 -2174493.6253780406 -4159.023225627736 2508.6054704454446 5483.970973184217
1209874.5272704826 6321830.986968974 -2169008.2676939387 -4160.194152679631 2501.2003152027373 5486.743263438148
1205713.7493521927 6324328.4831991885 -2163520.14111508 -4161.361004563523 2493.7915430794446 5489.508761947487
1201551.8066203129 6326818.568852168 -2158029.252435458 -4162.523779576871 2486.3791620619436 5492.267464217124
1197388.7031525627 6329301.240323013 -2152535.608453556 -4163.68247602003 2478.9631801435125 5495.019365758729
1193224.4430283618 6331776.494014822 -2147039.215972344 -4164.837092196218 2471.543605324302 5497.764462090709
1189059.0303288242 6334244.326338697 -2141540.0817992697 -4165.987626411505 2464.120445611321 5500.502748738197
1184892.4691367564 6336704.733713751 -2136038.2127462523 -4167.134076974814 2456.6937090184347 5503.234221233067
1180724.7635366549 6339157.712567114 -2130533.6156296753 -4168.276442197933 2449.263403566358 5505.958875113939
1176555.9176147026 6341603.25933394 -2125026.297270381 -4169.414720395508 2441.8295372826565 5508.676705926196
1172385.9354587665 6344041.370457414 -2119516.264493662 -4170.548909885076 2434.3921182017452 5511.387709222004
1168214.821158395 6346472.042388758 -2114003.524129256 -4171.679008987073 2426.9511543648973 5514.0918805603515
1164042.578804814 6348895.2715872405 -2108488.083011339 -4172.805016024847 2419.50665382024 5516.789215507058
1159869.2124909249 6351311.054520181 -2102969.9479785156 -4173.926929324661 2412.05862462275 5519.479709634785
1155694.726311301 6353719.387662956 -2097449.1258738157 -4175.0447472156975 2404.60707483425 5522.1633585230475
1151519.1243621858 6356120.267499008 -2091925.6235446872 -4176.158468030066 2397.1520125234056 5524.840157758226
1147342.4107414884 6358513.690519854 -2086399.447842986 -4177.268090102825 2389.6934457657326 5527.5101029336065
1143164.5895487817 6360899.653225085 -2080870.605624973 -4178.373611772003 2382.2313826435966 5530.173189649398
1138985.664885299 6363278.152122383 -2075339.1037513046 -4179.475031378595 2374.765831246211 5532.829413512752
1134805.6408539312 6365649.18372752 -2069804.949087027 -4180.572347266576 2367.29679966963 5535.4787701377645
1130624.5215592235 6368012.744564365 -2064268.1485015682 -4181.665557782894 2359.824296016748 5538.121255145492
1126442.3111073729 6370368.831164897 -2058728.7088687324 -4182.754661277466 2352.3483283972782 5540.756864163929
1122259.013606225 6372717.440069209 -2053186.637066692 -4183.8396561031295 2344.868904927727 5543.385592827967
1118074.633165271 6375058.567825509 -2047641.9399779812 -4184.920540615642 2337.386033731378 5546.007436779382
1113889.1738956452 6377392.210990138 -2042094.6244894885 -4185.997313173675 2329.899722938295 5548.622391666849
1109702.6399101217 6379718.366127566 -2036544.6974924507 -4187.069972138829 2322.409980685311 5551.230453145945
1105515.0353231109 6382037.0298104035 -2030992.1658824456 -4188.138515875635 2314.9168151160293 5553.831616879172
1101326.3642506576 6384348.1986194085 -2025437.0365593848 -4189.202942751598 2307.4202343808397 5556.42587853601
1097136.630810438 6386651.869143494 -2019879.316427507 -4190.263251137245 2299.920246636936 5559.01323379299
1092945.8391217557 6388948.037979733 -2014319.012395371 -4191.31943940613 2292.416860048313 5561.593678333703
1088753.9933055392 6391236.701733366 -2008756.1313758483 -4192.3715059348415 2284.910082785763 5564.167207848814
1084561.0974843397 6393517.857017806 -2003190.6802861162 -4193.419449103007 2277.3999230268682 5566.7338180360675
1080367.1557823261 6395791.500454648 -1997622.6660476509 -4194.463267293282 2269.8863889559934 5569.293504600289
1076172.1723252838 6398057.628673677 -1992052.0955862198 -4195.502958891311 2262.369488764251 5571.846263253327
1071976.1512406114 6400316.238312869 -1986478.9758318753 -4196.538522285708 2254.849230649487 5574.392089714038
1067779.096657317 6402567.326018403 -1980903.3137189476 -4197.569955868057 2247.325622816275 5576.930979708287
1063581.0127060148 6404810.888444667 -1975325.1161860367 -4198.597258032925 2239.7986734759124 5579.462928968967
1059381.9035189243 6407046.92225426 -1969744.3901760078 -4199.62042717786 2232.2683908464164 5581.987933236008
1055181.7732298658 6409275.424118005 -1964161.1426359809 -4200.639461703408 2224.734783152526 5584.505988256401
1050980.6259742565 6411496.390714955 -1958575.380517326 -4201.654360013162 2217.197858625714 5587.017089784258
1046778.4658891096 6413709.818732392 -1952987.110775656 -4202.66512051375 2209.6576255041864 5589.52123358082
1042575.2971130293 6415915.704865846 -1947396.3403708187 -4203.671741614855 2202.1140920328735 5592.018415414469
1038371.123786209 6418114.045819092 -1941803.0762668897 -4204.674221729215 2194.5672664634285 5594.508631060741
1034165.950050428 6420304.83830416 -1936207.3254321655 -4205.672559272624 2187.0171570542193 5596.9918763023325
1029959.780049048 6422488.079041342 -1930609.0948391568 -4206.6667526639285 2179.463772070318 5599.468146929092
1025752.6179270105 6424663.764759199 -1925008.39146458 -4207.656800325014 2171.907119783491 5601.9374387380185
1021544.4678308334 6426831.892194566 -1919405.2222893522 -4208.642700680815 2164.3472084721916 5604.399747533273
1017335.3339086082 6428992.458092563 -1913799.5942985814 -4209.624452159319 2156.7840464215587 5606.855069126181
1013125.220309997 6431145.459206594 -1908191.5144815615 -4210.60205319157 2149.2176419234083 5609.303399335254
1008914.1311862293 6433290.89229836 -1902580.989831764 -4211.575502211684 2141.648003276237 5611.744733986206
1004702.0706900987 6435428.754137864 -1896968.0273468313 -4212.54479765688 2134.0751387852292 5614.179068912004
1000489.0429759604 6437559.04150342 -1891352.6340285686 -4213.5099379675 2126.499056762258 5616.606399952893
996275.0521997276 6439681.751181652 -1885734.8168829381 -4214.470921587006 2118.91976552588 5619.026722956403
992060.1025188682 6441796.879967509 -1880114.5829200502 -4215.427746961989 2111.3372734013283 5621.440033777359
987844.1980924021 6443904.42466427 -1874491.9391541574 -4216.380412542168 2103.751588720507 5623.846328277888
983627.3430808979 6446004.382083546 -1868866.8926036453 -4217.328916780367 2096.1627198219676 5626.245602327389
979409.5416464702 6448096.749045291 -1863239.4502910275 -4218.273258132476 2088.5706750508916 5628.637851802496
975190.7979527755 6450181.522377807 -1857609.6192429373 -4219.213435057462 2080.975462759078 5631.023072587078
970971.1161650105 6452258.698917754 -1851977.40649012 -4220.149446017365 2073.37709130494 5633.4012605722555
966750.5004499077 6454328.275510152 -1846342.819067427 -4221.08128947731 2065.775569053503 5635.77241165641
962528.9549757334 6456390.249008386 -1840705.8640138062 -4222.00896390551 2058.1709043763985 5638.136521745199
958306.4839122838 6458444.616274222 -1835066.5483722978 -4222.932467773309 2050.563105651877 5640.493586751611
954083.0914308822 6460491.374177802 -1829424.8791900242 -4223.851799555194 2042.9521812648059 5642.843602595986
949858.7817043763 6462530.519597661 -1823780.8635181845 -4224.766957728795 2035.338139606667 5645.186565206034
945633.5589071341 6464562.049420725 -1818134.5084120454 -4225.677940774901 2027.720989075549 5647.5224705168375
941407.4272150414 6466585.960542322 -1812485.8209309366 -4226.584747177454 2020.1007380761412 5649.851314470864
937180.3908054982 6468602.249866191 -1806834.80813824 -4227.487375423549 2012.477395019726 5652.173093017966
932952.4538574165 6470610.914304482 -1801181.4771013842 -4228.3858240034215 2004.8509683241653 5654.487802115371
928723.6205512158 6472611.950777766 -1795525.8348918376 -4229.280091410458 1997.2214664138949 5656.79543772769
924493.8950688211 6474605.356215047 -1789867.8885851 -4230.170176141191 1989.588897719919 5659.095995826927
920263.2815936592 6476591.127553757 -1784207.6452606954 -4231.0560766953095 1981.9532706798052 5661.389472392489
916031.7843106554 6478569.261739773 -1778545.1120021644 -4231.937791575665 1974.3145937376805 5663.675863411205
911799.4074062308 6480539.755727416 -1772880.2958970573 -4232.81531928831 1966.6728753442408 5665.955164877373
907566.1550682986 6482502.606479462 -1767213.2040369269 -4233.688658342513 1959.0281239567505 5668.227372792794
903332.0314862614 6484457.810967151 -1761543.8435173193 -4234.557807250765 1951.3803480390382 5670.492483166776
899097.0408510074 6486405.366170187 -1755872.2214377685 -4235.422764528784 1943.72955606149 5672.750492016151
894861.1873549077 6488345.269076747 -1750198.3449017876 -4236.283528695518 1936.0757565010438 5675.001395365278
890624.4751918128 6490277.51668349 -1744522.221016861 -4237.140098273128 1928.418957841172 5677.245189246029
886386.9085570496 6492202.10599556 -1738843.8568944386 -4237.992471786949 1920.759168571858 5679.481869697738
882148.4916474177 6494119.034026597 -1733163.2596499266 -4238.840647765486 1913.0963971895858 5681.7114327672025
877909.2286611868 6496028.297798736 -1727480.4364026806 -4239.68462474042 1905.4306521973347 5683.93387450869
873669.1237980933 6497929.894342625 -1721795.3942759985 -4240.524401246613 1897.761942104575 5686.149190983952
869428.1812593373 6499823.8206974175 -1716108.1403971121 -4241.359975822112 1890.0902754272622 5688.357378262241
865186.4052475791 6501710.073910791 -1710418.6818971809 -4242.1913470081845 1882.4156606878457 5690.558432420347
860943.7999669362 6503588.651038948 -1704727.0259112837 -4243.0185133493405 1874.7381064152678 5692.752349542644
856700.3696229798 6505459.5491466215 -1699033.1795784107 -4243.841473393331 1867.0576211449604 5694.939125721086
852456.1184227319 6507322.765307085 -1693337.1500414566 -4244.660225691159 1859.3742134188367 5697.1187570552265
848211.0505746616 6509178.296602156 -1687638.9444472129 -4245.474768797079 1851.6878917852875 5699.291239652226
843965.1702886826 6511026.140122204 -1681938.5699463598 -4246.285101268605 1843.998664799173 5701.456569626856
839718.4817761491 6512866.292966157 -1676236.0336934594 -4247.091221666497 1836.306541021812 5703.614743101502
835470.9892498531 6514698.752241507 -1670531.342846947 -4247.893128554774 1828.6115290209773 5705.7657562061695
831222.6969240207 6516523.515064317 -1664824.5045691247 -4248.690820500709 1820.9136373708875 5707.909605078491
826973.6090143091 6518340.578559226 -1659115.5260261528 -4249.4842960747965 1813.212874652184 5710.046285863677
822723.729737804 6520149.939859461 -1653404.4143880429 -4250.2735538503 1805.5092494517326 5712.175794713928
818473.0633130159 6521951.596106835 -1647691.17682865 -4251.058592404181 1797.8027703630105 5714.298127789665
814221.6139598762 6523745.544451758 -1641975.8205256655 -4251.839410316804 1790.0934459859727 5716.413281259161
809969.3858997349 6525531.782053246 -1636258.3526606087 -4252.616006171824 1782.3812849269948 5718.52125129837
805716.3833553563 6527310.306078922 -1630538.7804188181 -4253.3883785561875 1774.6662957988665 5720.622034090955
801462.6105509163 6529081.113705026 -1624817.1109894451 -4254.156526060143 1766.9484872207856 5722.715625828286
797208.0717119987 6530844.202116421 -1619093.351565447 -4254.920447277233 1759.2278678183511 5724.802022709451
792952.7710655922 6532599.5685065985 -1613367.5093435764 -4255.680140804293 1751.5044462235508 5726.88122094125
788696.712840087 6534347.210077683 -1607639.591524376 -4256.435605241457 1743.7782310747555 5728.9532167382
784439.9012652716 6536087.124040444 -1601909.605312171 -4257.186839192153 1736.0492310167126 5731.018006322548
780182.3405723295 6537819.307614298 -1596177.557915059 -4257.933841263113 1728.3174547005399 5733.075585924277
775924.0349938355 6539543.758027312 -1590443.4565449043 -4258.676610064383 1720.5829107837212 5735.125951781127
771664.988763753 6541260.47251622 -1584707.30841733 -4259.415144209358 1712.8456079301143 5737.169100138647
767405.2061174301 6542969.448326418 -1578969.1207517092 -4260.149442314811 1705.105554809953 5739.205027250239
763144.6912915966 6544670.6827119775 -1573228.900771158 -4260.879503000902 1697.3627600998425 5741.233729377173
758883.4485243604 6546364.172935649 -1567486.655702527 -4261.605324891183 1689.6172324827523 5743.255202788592
754621.4820552041 6548049.916268869 -1561742.392776394 -4262.326906612598 1681.8689806480093 5745.269443761526
750358.7961249816 6549727.909991769 -1555996.1192270557 -4263.0442467954545 1674.1180132912768 5747.276448580855
746095.394975915 6551398.151393178 -1550247.8422925198 -4263.757344073348 1666.3643391145174 5749.276213539205
741831.2828515911 6553060.637770628 -1544497.5692144977 -4264.466197083148 1658.6079668259795 5751.2687349369435
737566.4639969582 6554715.366430365 -1538745.307238397 -4265.170804465003 1650.848905140191 5753.254009082178
733300.9426583227 6556362.334687349 -1532991.0636133126 -4265.871164862343 1643.087162777954 5755.232032290771
729034.7230833464 6558001.53986527 -1527234.84559202 -4266.567276921896 1635.3227484663432 5757.20280088637
724767.8095210418 6559632.979296543 -1521476.6604309673 -4267.259139293783 1627.5556709387326 5759.166311200527
720500.2062217704 6561256.650322323 -1515716.5153902664 -4267.946750631581 1619.785938934815 5761.1225595728
716231.9174372379 6562872.550292502 -1509954.4177336867 -4268.630109592337 1612.0135612005947 5763.07154235077
711962.9474204915 6564480.67656573 -1504190.374728645 -4269.3092148365695 1604.2385464883819 5765.013255890047
707693.3004259159 6566081.026509405 -1498424.3936461988 -4269.984065028273 1596.4609035567844 5766.947696554283
703422.9807092301 6567673.597499691 -1492656.4817610378 -4270.654658834893 1588.6806411706882 5768.874860715138
699151.9925274842 6569258.3869215185 -1486886.6463514764 -4271.320994927256 1580.8977681012252 5770.794744752196
694880.3401390557 6570835.392168591 -1481114.8946994455 -4271.983071979561 1573.1122931257607 5772.707345052949
690608.027803646 6572404.610643394 -1475341.2340904844 -4272.640888669384 1565.3242250278865 5774.612658012813
686335.0597822777 6573966.039757201 -1469565.671813733 -4273.294443677681 1557.5335725974144 5776.510680035135
682061.44033729 6575519.676930076 -1463788.2151619233 -4273.943735688792 1549.740344630371 5778.401407531204
677787.1737323368 6577065.5195908835 -1458008.871431373 -4274.588763390447 1541.944549928989 5780.28483692026
673512.2642323822 6578603.565177293 -1452227.6479219762 -4275.229525473771 1534.1461973017033 5782.160964629503
669236.7161036974 6580133.811135784 -1446444.5519371955 -4275.866020633287 1526.3452955631415 5784.029787094102
664960.5336138577 6581656.254921655 -1440659.590784055 -4276.498247566918 1518.54185353412 5785.89130075721
660683.7210317386 6583170.893999031 -1434872.771773131 -4277.126204975997 1510.7358800416364 5787.745502069969
656406.2826275125 6584677.725840862 -1429084.1022185455 -4277.749891565307 1502.9273839188763 5789.592387491577
652128.2226726452 6586176.747928938 -1423293.5894379562 -4278.369306043158 1495.116374005232 5791.431953489393
647849.5454398928 6587667.95775389 -1417501.2407525498 -4278.984447121407 1487.302859146301 5793.264196538965
643570.2552032974 6589151.352815199 -1411707.0634870336 -4279.595313515462 1479.4868481938772 5795.089113124045
639290.3562381839 6590626.930621199 -1405911.0649696265 -4280.201903944288 1471.6683500059444 5796.906699736596
635009.8528211565 6592094.688689087 -1400113.2525320514 -4280.804217130393 1463.8473734466622 5798.716952876784
630728.7492300955 6593554.624544925 -1394313.6335095277 -4281.402251799729 1456.0239273863233 5800.519869052837
626447.0497441532 6595006.735723651 -1388512.215240762 -4281.996006681632 1448.198020701325 5802.31544478098
622164.7586437507 6596451.01976908 -1382709.0050679403 -4282.58548050882 1440.3696622741618 5804.103676585432
617881.8802105752 6597887.474233915 -1376904.0103367215 -4283.170672017409 1432.5388609934187 5805.884560998419
613598.4187275758 6599316.096679748 -1371097.2383962274 -4283.751579946906 1424.705625753767 5807.65809456019
609314.3784789604 6600736.88467707 -1365288.6965990355 -4284.328203040292 1416.8699654559796 5809.424273819118
605029.7637501919 6602149.835805277 -1359478.3923011716 -4284.900540044138 1409.0318890069627 5811.183095331866
600744.5788279853 6603554.9476526715 -1353666.3328620994 -4285.468589708635 1401.1914053197552 5812.934555663428
596458.8280003034 6604952.217816476 -1347852.5256447145 -4286.032350787589 1393.3485233135198 5814.678651387137
592172.515556353 6606341.643902833 -1342036.978015334 -4286.5918220384365 1385.5032519135364 5816.415379084675
587885.6457865823 6607723.223526815 -1336219.6973436906 -4287.147002222218 1377.655600051185 5818.144735346054
583598.2229826764 6609096.954312427 -1330400.6910029217 -4287.697890103462 1369.8055766638995 5819.866716769451
579310.2514375539 6610462.8338926155 -1324579.9663695628 -4288.244484450122 1361.9531906951393 5821.581319961141
575021.7354453641 6611820.859909273 -1318757.5308235388 -4288.786784033588 1354.0984510943842 5823.288541535501
570732.6793014831 6613171.030013245 -1312933.3917481569 -4289.324787628684 1346.2413668171266 5824.988378115018
566443.0873025103 6614513.341864334 -1307107.5565300968 -4289.858494013679 1338.3819468248657 5826.680826330308
562152.9637462653 6615847.793131311 -1301280.0325594048 -4290.387901970371 1330.5202000851282 5828.365882820233
557862.312931784 6617174.381491914 -1295450.8272294828 -4290.9130102842055 1322.656135571493 5830.043544232066
553571.1391593149 6618493.104632857 -1289619.947937082 -4291.433817744292 1314.7897622635894 5831.713807221514
549279.4467303159 6619803.960249839 -1283787.402082293 -4291.950323143414 1306.921089147089 5833.376668452738
544987.2399474498 6621106.946047546 -1277953.1970685385 -4292.462525278023 1299.050125213697 5835.032124598356
540694.5231145815 6622402.05973966 -1272117.3403025647 -4292.970422948227 1291.1768794611344 5836.680172339418
536401.3005367739 6623689.299048862 -1266279.8391944317 -4293.4740149576655 1283.3013608930964 5838.320808365249
532107.5765202843 6624968.661706843 -1260440.7011575068 -4293.973300113474 1275.4235785192295 5839.9540293734
527813.3553725614 6626240.145454305 -1254599.9336084556 -4294.468277226281 1267.5435413551252 5841.579832069655
523518.6414022415 6627503.748040965 -1248757.5439672335 -4294.958945110219 1259.6612584223121 5843.198213168038
519223.4389191449 6628759.467225568 -1242913.539657078 -4295.44530258293 1251.7767387482515 5844.809169390832
514927.75223427254 6630007.30077589 -1237067.9281045003 -4295.9273484656305 1243.8899913663483 5846.412697468674
510631.58565980225 6631247.246468743 -1231220.7167392762 -4296.405081583194 1236.0010253159637 5848.008794140664
506334.9435090852 6632479.30208998 -1225371.9129944388 -4296.878500764156 1228.1098496424095 5849.5974561543735
502037.83009664225 6633703.465434503 -1219521.5243062687 -4297.347604840719 1220.2164733969396 5851.178680265869
497740.2497381602 6634919.734306268 -1213669.5581142867 -4297.812392648759 1212.3209056367432 5852.752463239713
493442.206750488 6636128.106518292 -1207816.0218612445 -4298.272863027817 1204.4231554249318 5854.318801848962
489143.70545163343 6637328.579892657 -1201960.9229931168 -4298.729014821078 1196.523231830524 5855.877692875134
484844.7501607591 6638521.152260518 -1196104.2689590922 -4299.180846875357 1188.621143928435 5857.42913310821
480545.3451981791 6639705.821462105 -1190246.0672115653 -4299.628358041112 1180.7169007994678 5858.973119346636
476245.4948853552 6640882.585346737 -1184386.3252061282 -4300.071547172443 1172.8105115303065 5860.509648397336
471945.20354489324 6642051.441772816 -1178525.0504015614 -4300.510413127099 1164.901985213507 5862.038717075722
467644.4755005395 6643212.388607847 -1172662.2502598262 -4300.944954766453 1156.9913309474841 5863.560322205669
463343.31507717725 6644365.42372843 -1166797.9322460555 -4301.375170955492 1149.0785578364973 5865.074460619495
459041.7266008227 6645510.545020274 -1160932.1038285457 -4301.801060562818 1141.1636749906438 5866.58112915798
454739.71439862164 6646647.7503782045 -1155064.7724787483 -4302.222622460656 1133.2466915258506 5868.080324670366
450437.2827988461 6647777.03770616 -1149195.9456712613 -4302.639855524854 1125.3276165638674 5869.572044014371
446134.4361308902 6648898.4049172085 -1143325.6308838206 -4303.05275863493 1117.4064592322686 5871.056284056252
441831.17872526683 6650011.849933546 -1137453.8355972916 -4303.4613306741485 1109.4832286644653 5872.533041670913
437527.5149136035 6651117.370686505 -1131580.5672956603 -4303.86557052955 1101.5579339997016 5874.002313741951
433223.4490286389 6652214.965116561 -1125705.833466025 -4304.265477091947 1093.6305843830467 5875.464097161659
428918.9854042192 6653304.631173338 -1119829.6415985874 -4304.661049255939 1085.7011889653845 5876.918388831039
424614.1283752939 6654386.366815611 -1113951.9991866434 -4305.052285919895 1077.7697569034035 5878.36518565979
420308.88227791234 6655460.170011317 -1108072.9137265754 -4305.4391859858715 1069.836297359565 5879.804484566197
416003.2514492199 6656526.038737559 -1102192.392717843 -4305.821748359562 1061.9008195020806 5881.23628247707
411697.24022745446 6657583.970980608 -1096310.443662975 -4306.199971950299 1053.9633325049062 5882.660576327745
407390.85295194277 6658633.964735915 -1090427.07406756 -4306.57385567106 1046.023845547733 5884.077363062097
403084.0939630969 6659676.018008112 -1084542.291440239 -4306.943398438472 1038.0823678159795 5885.486639632547
398776.96760241035 6660710.1288110195 -1078656.1032926962 -4307.308599172842 1030.1389085007922 5886.888403000117
394469.4782124544 6661736.295167651 -1072768.51713965 -4307.669456798203 1022.1934767990458 5888.28265013449
390161.63013687456 6662754.515110222 -1066879.5404988455 -4308.025970242327 1014.2460819133377 5889.669378014028
385853.4277203866 6663764.786680153 -1060989.180891045 -4308.378138436729 1006.2967330519792 5891.048583625784
381544.87530877284 6664767.107928073 -1055097.4458400183 -4308.725960316669 998.3454394289877 5892.420263965517
377235.97724887857 6665761.47691383 -1049204.3428725365 -4309.069434821172 990.3922102640807 5893.784416037708
372926.7378886082 6666747.891706496 -1043309.8795183613 -4309.408560893077 982.4370547826784 5895.14103685564
368617.16157692124 6667726.350384368 -1037414.0633102363 -4309.74333747906 974.479982215899 5896.490123441435
364307.2526638287 6668696.851034978 -1031516.901783879 -4310.073763529644 966.5210018005504 5897.8316728260625
359997.0155003892 6669659.3917551 -1025618.4024779715 -4310.399837999199 958.5601227791212 5899.165682049353
355686.4544387049 6670613.970650751 -1019718.5729341514 -4310.721559845944 950.5973543997702 5900.492148159995
351375.57383191783 6671560.585837199 -1013817.4206970035 -4311.03892803188 942.6327059163023 5901.811068215454
347064.37803420634 6672499.23543897 -1007914.9533140504 -4311.3519415227065 934.666186588141 5903.122439281863
342752.87140078115 6673429.917589849 -1002011.1783357448 -4311.6605992878285 926.6978056803207 5904.426258434028
338441.0582878817 6674352.6304328935 -996106.1033154596 -4311.964900300351 918.7275724634769 5905.722522755432
334128.9430527726 6675267.372120431 -990199.7358094803 -4312.26484353709 910.7554962138396 5907.011229338248
329816.53005373955 6676174.14081407 -984292.0833769959 -4312.560427978611 902.7815862132319 5908.292375283394
325503.8236500859 6677072.934684701 -978383.1535800898 -4312.851652609319 894.8058517490811 5909.565957700667
321190.82820212864 6677963.75191251 -972472.9539837311 -4313.138516417495 886.8283021144152 5910.831973708795
316877.54807119456 6678846.590686973 -966561.4921557661 -4313.421018395302 878.8489466078548 5912.090420435441
312563.9876196164 6679721.449206871 -960648.7756669087 -4313.699157538786 870.8677945336033 5913.341295017219
308250.1512107287 6680588.3256802885 -954734.8120907317 -4313.972932847876 862.8848552014363 5914.58459459969
303936.0432088644 6681447.218324626 -948819.6090036579 -4314.242343326328 854.9001379266806 5915.820316337289
299621.6679793506 6682298.125366601 -942903.1739849513 -4314.507387981679 846.9136520301962 5917.048457393271
295307.0298885052 6683141.045042254 -936985.5146167083 -4314.76806582525 838.9254068383672 5918.269014939716
290992.13330363255 6683975.975596955 -931066.6384838485 -4315.024375872153 830.9354116830934 5919.481986157537
286676.98259302037 6684802.915285409 -925146.5531741065 -4315.276317141293 822.9436759017829 5920.687368236496
282361.5821259353 6685621.862371663 -919225.2662780226 -4315.523888655406 814.9502088373484 5921.885158375254
278045.93627261935 6686432.815129105 -913302.7853889338 -4315.767089441133 806.9550198382126 5923.075353781468
273730.0494042859 6687235.771840479 -907379.1181029652 -4316.0059185290265 798.9581182582992 5924.257951671824
269413.9258931159 6688030.730797882 -901454.2720190204 -4316.240374953562 790.9595134570253 5925.432949272041
265097.57011225395 6688817.690302775 -895528.2547387731 -4316.470457753145 782.9592147992912 5926.600343816878
260780.98643580402 6689596.648665986 -889601.0738666574 -4316.696165970097 774.9572316554697 5927.760132550144
256464.17923882604 6690367.604207716 -883672.7370098594 -4316.917498650617 766.953573401388 5928.912312724619
252147.15289733178 6691130.555257546 -877743.2517783076 -4317.134454844754 758.9482494183128 5930.056881602043
247829.9117882809 6691885.500154439 -871812.6257846645 -4317.347033606412 750.9412690929428 5931.19383645311
243512.46028957737 6692632.437246748 -865880.8666443173 -4317.555233993354 742.9326418173991 5932.323174557487
239194.8027800654 6693371.364892223 -859947.9819753692 -4317.7590550672085 734.9223769892168 5933.444893203824
234876.94363952565 6694102.28145801 -854013.97939863 -4317.958495893484 726.9104840113379 5934.558989689773
230558.88724867132 6694825.185320665 -848078.8665376077 -4318.1535555415785 718.8969722921039 5935.665461322013
226240.6379891443 6695540.074866152 -842142.6510184988 -4318.344233084791 710.8818512452473 5936.76430541626
221922.20024351118 6696246.948489853 -836205.3404701798 -4318.5305276003255 702.8651302898824 5937.855519297284
217603.57839525942 6696945.804596571 -830266.9425241977 -4318.712438169293 694.8468188504966 5938.9391002989105
213284.77682879337 6697636.641600537 -824327.4648147613 -4318.889963876742 686.8269263569446 5940.015045764065
208965.79992943033 6698319.457925413 -818386.9149787315 -4319.063103811723 678.8054622444495 5941.083353044871
204646.6520833966 6698994.2520043 -812445.3006556128 -4319.231857067323 670.7824359535971 5942.1440195026935
200327.33767782332 6699661.022279743 -806502.6294875438 -4319.396222740669 662.7578569303262 5943.197042508153
196007.86110074248 6700319.767203734 -800558.9091192876 -4319.556199932929 654.7317346259179 5944.24241944113
191688.22674108294 6700970.485237721 -794614.1471982229 -4319.711787749309 646.7040784969847 5945.280147690761
187368.43898866628 6701613.17485261 -788668.3513743347 -4319.862985298941 638.674898005443 5946.310224655291
183048.50223420316 6702247.834528768 -782721.5293002052 -4320.009791694788 630.6442026184894 5947.332647741943
178728.42086928926 6702874.46275604 -776773.6886310049 -4320.152206053645 622.6120018085917 5948.347414366928
174408.19928640153 6703493.058033736 -770824.8370244836 -4320.290227496141 614.5783050534802 5949.354521955441
170087.84187889448 6704103.618870659 -764874.9821409617 -4320.423855146741 606.5431218361399 5950.3539679416845
165767.3530409961 6704706.143785084 -758924.1316433202 -4320.553088133828 598.506461644811 5951.345749768967
161446.73716780404 6705300.631304786 -752972.2931969927 -4320.677925589847 590.4683339730007 5952.329864889914
157125.99865528144 6705887.079967033 -747019.4744699554 -4320.7983666513455 582.428748319477 5953.306310766519
152805.14190025284 6706465.488318597 -741065.6831327177 -4320.91441045897 574.3877141882585 5954.275084870161
148484.17130040008 6707035.854915753 -735110.9268583129 -4321.026056157484 566.3452410886044 5955.2361846816075
144163.09125425815 6707598.178324291 -729155.2133222888 -4321.133302895742 558.3013385350015 5956.1896076910025
139841.90616121126 6708152.457119512 -723198.5502026988 -4321.236149826595 550.2560160471404 5957.13535139773
135520.6204214887 6708698.689886249 -717240.9451800918 -4321.3345961068335 542.209283149899 5958.07341331034
131199.2384361611 6709236.875218853 -711282.4059375039 -4321.428640897191 534.1611493733321 5959.003790946558
126877.76460713628 6709767.011721214 -705322.9401604488 -4321.51828336235 526.111624252664 5959.926481833294
122556.20333715546 6710289.098006758 -699362.5555369088 -4321.603522670946 518.0607173282779 5960.841483506657
118234.55902978922 6710803.132698451 -693401.2597573252 -4321.68435799563 510.00843814571476 5961.748793512039
113912.83608943343 6711309.114428814 -687439.0605145893 -4321.760788513151 501.954796255672 5962.648409404234
109591.03892130521 6711807.041839913 -681475.9655040333 -4321.832813404368 493.89980121399486 5963.540328747458
105269.17193143869 6712296.913583379 -675511.9824234198 -4321.900431854257 485.84346258166596 5964.424549115362
100947.23952668099 6712778.728320402 -669547.1189729335 -4321.963643051915 477.78578992479515 5965.301068091042
96625.24611468808 6713252.484721744 -663581.3828551711 -4322.0224461905345 469.72679281460603 5966.169883267005
92303.19610392075 6713718.18146774 -657614.7817751324 -4322.07684046731 461.6664808274149 5967.030992245045
87981.09390364058 6714175.817248302 -651647.3234402103 -4322.126825083403 453.60486354461744 5967.884392636196
83658.943923906 6714625.390762927 -645679.0155601825 -4322.172399243946 445.5419505526794 5968.730082060746
79336.75057556837 6715066.900720702 -639709.8658472014 -4322.213562158049 437.47775144312783 5969.568058148244
75014.51827026789 6715500.345840306 -633739.8820157856 -4322.250313038815 429.4122758125423 5970.398318537521
70692.25142042966 6715925.724850019 -627769.0717828099 -4322.28265110343 421.345533262555 5971.22086087683
66369.95443925951 6716343.0364877265 -621797.4428674963 -4322.310575573258 413.27753339984855 5972.035682823966
62047.63174073978 6716752.279500919 -615825.0029914039 -4322.334085673846 405.20828583614616 5972.842782046294
57725.28773962519 6717153.452646704 -609851.7598784199 -4322.353180634934 397.137800188201 5973.642156220745
53402.92685143865 6717546.554691808 -603877.7212547498 -4322.367859690454 389.0660860777852 5974.433803033837
49080.553492467 6717931.584412581 -597902.8948489076 -4322.3781220784995 380.9931531316757 5975.21772018162
44758.172079756965 6718308.540595003 -591927.2883917068 -4322.383967041237 372.91901098163595 5975.99390536957
40435.7870311111 6718677.422034688 -585950.9096162504 -4322.38539382489 364.8436692644044 5976.7623563125635
36113.402765083665 6719038.22753689 -579973.7662579222 -4322.382401679746 356.7671376216846 5977.52307073489
31791.023700976635 6719390.955916505 -573995.8660543765 -4322.374989860157 348.6894257001355 5978.276046370262
27468.65425883557 6719735.605998081 -568017.2167455298 -4322.363157624555 340.6105431513623 5979.0212809618315
23146.298859445556 6720072.1766158175 -562037.8260735502 -4322.3469042354955 332.53049963191006 5979.7587722622575
18823.961924327046 6720400.666613574 -556057.7017828486 -4322.326228959681 324.44930480325473 5980.488518033747
14501.647875731704 6720721.074844874 -550076.8516200687 -4322.301131067978 316.3669683317933 5981.210516048067
10179.361136638257 6721033.4001729125 -544095.2833340779 -4322.271609835407 308.2834998888335 5981.924764086552
5857.106130748328 6721337.641470553 -538113.0046759574 -4322.237664541159 300.19890915058306 5982.631259940119
1534.887282482262 6721633.797620343 -532130.0233989927 -4322.199294468586 292.11320579813923 5983.330001409257
-2787.2909830250273 6721921.867514508 -526146.3472586641 -4322.156498905203 284.02639951747744 5984.020986304036
-7109.424239928219 6722201.850054965 -520161.98401263665 -4322.109277142685 275.93849999944115 5984.704212444108
-11431.508061675753 6722473.744153326 -514176.94142075133 -4322.057628476873 267.84951693973136 5985.379677658715
-15753.538021013994 6722737.548730898 -508191.22724501503 -4322.001552207784 259.75946003889607 5986.047379786706
-20075.509689991413 6722993.262718692 -502204.84924959094 -4321.941047639606 251.66833900232027 5986.70731667654
-24397.418639962758 6723240.885057428 -496217.815200789 -4321.876114080714 243.57616354021522 5987.359486186301
-28719.26044159324 6723480.414697536 -490230.1328670561 -4321.806750843668 235.48294336760821 5988.003886183706
-33041.030664862745 6723711.850599166 -484241.8100189668 -4321.73295724522 227.38868820433197 5988.640514546112
-37362.72487906998 6723935.19173219 -478252.85442921345 -4321.654732606318 219.29340777501426 5989.269369160534
-41684.338652836734 6724150.437076204 -472263.27387259644 -4321.572076252114 211.1971118090671 5989.890447923644
-46005.86755411202 6724357.585620541 -466273.07612601476 -4321.48498751196 203.09981004067657 5990.503748741789
-50327.307150176304 6724556.636364265 -460282.26896845613 -4321.393465719424 195.0015122087919 5991.109269530998
-54648.65300764577 6724747.588316185 -454290.8601809874 -4321.2975102122855 186.90222805711505 5991.707008216985
-58969.900692476454 6724930.440494856 -448298.857546745 -4321.197120332543 178.80196733409 5992.2969627351695
-63291.045769968514 6725105.19192858 -442306.268850925 -4321.092295426421 170.70073979289205 5992.879131030681
-67612.08380477043 6725271.841655421 -436313.10188077326 -4320.983034844371 162.5985551914173 5993.453511058364
-71933.01036088329 6725430.388723197 -430319.3644255763 -4320.869337941083 154.49542329227185 5994.020100782798
-76253.82100166494 6725580.832189496 -424325.06427665096 -4320.751204075485 146.39135386276118 5994.578898178305
-80574.51128983434 6725723.17112167 -418330.2092273349 -4320.6286326107465 138.28635667487927 5995.129901228955
-84895.07678747566 6725857.404596851 -412334.807072977 -4320.501622914293 130.18044150529792 5995.673107928578
-89215.51305604269 6725983.531701947 -406338.8656109272 -4320.370174357798 122.07361813535587 5996.208516280778
-93535.81565636299 6726101.551533651 -400342.3926405271 -4320.23428631719 113.96589635104775 5996.7361242989255
-97855.9801486422 6726211.463198441 -394345.39596309996 -4320.093958172655 105.85728594301337 5997.255930006174
-102176.00209246825 6726313.265812593 -388347.883381941 -4319.949189308641 97.74779670652676 5997.7679314354655
-106495.87704681567 6726406.958502177 -382349.8627023077 -4319.799979113856 89.63743844148532 5998.272126629538
-110815.60057004982 6726492.540403068 -376351.3417314098 -4319.646326981287 81.52622095239892 5998.76851364094
-115135.16821993119 6726570.0106609445 -370352.3282783996 -4319.48823230819 73.41415404837915 5999.257090532042
-119454.57555361967 6726639.368431298 -364352.8301543621 -4319.325694496123 65.30124754312838 5999.7378553750605
-123773.81812767884 6726700.612879436 -358352.85517230514 -4319.158712950937 57.1875112549288 6000.210806252067
-128092.89149808032 6726753.743180488 -352352.4111471496 -4318.9872870827885 49.07295500663125 6000.675941255003
-132411.79122020805 6726798.758519406 -346351.5058957195 -4318.811416306141 40.95758862564415 6001.133258485678
-136730.5128488625 6726835.658090973 -340350.14723673207 -4318.631100039764 32.8414219439223 6001.582756055782
-141049.05193826513 6726864.441099806 -334348.3429907879 -4318.446337706703 24.72446479795551 6002.024432086844
-145367.40404206258 6726885.106760361 -328346.1009803612 -4318.257128734279 16.60672702875766 6002.458284710228
-149685.5647133309 6726897.654296938 -322343.4290297899 -4318.063472554088 8.488218481855862 6002.8843120671445
-154003.52950457993 6726902.0829436835 -316340.3349652657 -4317.865368602006 0.36894900727953805 6003.302512308648
-158321.2939677575 6726898.391944596 -310336.82661482436 -4317.662816318197 -7.751071540450449 6003.7128835956655
-162638.8536542537 6726886.580553532 -304332.91180833586 -4317.455815147148 -15.871833302332835 6004.115424099041
-166956.20411490544 6726866.6480342075 -298328.5983774942 -4317.244364537716 -23.99332641489732 6004.510131999599
-171273.34090000056 6726838.593660207 -292323.8941558076 -4317.0284639431275 -32.115541010216106 6004.897005488158
-175590.2595592823 6726802.416714984 -286318.8069785885 -4316.808112820989 -40.2384672159154 6005.27604276554
-179906.95564195374 6726758.116491864 -280313.34468294354 -4316.583310633289 -48.362095155187035 6005.647242042579
-184223.42469668222 6726705.692294056 -274307.51510776347 -4316.354056846397 -56.486414946799925 6006.010601540118
-188539.6622716035 6726645.143434648 -268301.32609371317 -4316.120350931042 -64.61141670511137 6006.36611948899
-192855.6639143263 6726576.46923662 -262294.7854832218 -4315.882192362315 -72.73709054007831 6006.713794130021
-197171.4251719366 6726499.66903284 -256287.9011204725 -4315.639580619674 -80.86342655726888 6007.053623714036
-201486.94159100208 6726414.742166077 -250280.68085139277 -4315.392515186944 -88.99041485787366 6007.385606501867
-205802.20871757634 6726321.687988998 -244273.1325236442 -4315.140995552321 -97.11804553871714 6007.7097407643605
-210117.2220972034 6726220.505864176 -238265.26398661252 -4314.885021208357 -105.24630869226873 6008.026024782357
-214431.97727492204 6726111.195164095 -232257.0830913977 -4314.624591651946 -113.37519440665362 6008.334456846679
-218746.46979527004 6725993.755271149 -226248.59769080378 -4314.359706384328 -121.50469276566399 6008.635035258136
-223060.6952022886 6725868.185577656 -220239.81563932908 -4314.090364911095 -129.63479384877027 6008.927758327533
-227374.64903952676 6725734.485485853 -214230.7447931561 -4313.816566742195 -137.76548773113245 6009.212624375687
-231688.32685004568 6725592.654407904 -208221.39301014147 -4313.538311391965 -145.8967644836122 6009.489631733466
-236001.72417642298 6725442.691765906 -202211.76814980592 -4313.255598379185 -154.0286141727863 6009.758778741875
-240314.8365607574 6725284.596991891 -196201.8780733241 -4312.968427227093 -162.16102686095883 6010.02006375208
-244627.65954467308 6725118.369527831 -190191.73064351434 -4312.676797463392 -170.2939926061733 6010.273485125412
-248940.18866932415 6724944.00882564 -184181.33372482867 -4312.3807086202505 -178.42750146222465 6010.519041233381
-253252.4194753991 6724761.514347185 -178170.6951833424 -4312.0801602343 -186.5615434786708 6010.756730457669
-257564.3475031253 6724570.885564282 -172159.82288674425 -4311.775151846577 -194.6961087008422 6010.986551190052
-261875.96829227326 6724372.121958702 -166148.72470432598 -4311.465683002495 -202.83118716985175 6011.208501832369
-266187.2773821612 6724165.22302218 -160137.40850697254 -4311.151753251854 -210.96676892260632 6011.4225807965295
-270498.2703116593 6723950.1882564165 -154125.88216715195 -4310.8333621488355 -219.10284399181816 6011.628786504521
-274808.9426191941 6723727.017173081 -148114.15355890518 -4310.510509252017 -227.23940240601627 6011.827117388419
-279119.2898427529 6723495.709293814 -142102.230557836 -4310.183194124412 -235.37643418956023 6012.017571890456
-283429.30751988833 6723256.264150239 -136090.121041101 -4309.85141633353 -243.51392936265484 6012.200148463102
-287738.9911877227 6723008.6812839545 -130077.832887399 -4309.51517545139 -251.6518779413628 6012.374845569089
-292048.33638295264 6722752.960246551 -124065.37397696101 -4309.174471054523 -259.7902699376172 6012.541661681417
-296357.3386418536 6722489.100599605 -118052.75219153993 -4308.829302723977 -267.9290953592336 6012.700595283361
-300665.9935002843 6722217.10191469 -112039.97541440019 -4308.479670045307 -276.06834420992146 6012.851644868462
-304974.29649369133 6721936.963773375 -106027.05153030765 -4308.125572608524 -284.20800648929304 6012.9948089404625
-309282.24315711326 6721648.685767235 -100013.98842551929 -4307.767010008079 -292.3480721928737 6013.130086013281
-313589.8290251857 6721352.26749785 -94000.79398777307 -4307.4039818428655 -300.4885313121136 6013.257474611018
-317897.04963214503 6721047.70857681 -87987.4761062778 -4307.036487716225 -308.62937383439953 6013.376973267973
-322203.9005118334 6720735.008625719 -81974.04267170285 -4306.664527235954 -316.7705897430667 6013.488580528648
-326510.3771977029 6720414.167276202 -75960.50157616798 -4306.2881000143225 -324.91216901741194 6013.592294947785
-330816.47522282024 6720085.184169903 -69946.86071323308 -4305.9072056681 -333.05410163270716 6013.688115090396
-335122.1901198711 6719748.058958499 -63933.12797788788 -4305.521843818556 -341.1963775602114 6013.776039531779
-339427.5174211646 6719402.79130369 -57919.311266541685 -4305.132014091472 -349.33898676718303 6013.856066857523
-343732.452658638 6719049.380877215 -51905.41847701304 -4304.737716117141 -357.4819192168921 6013.928195663518
-348036.99136386113 6718687.8273608545 -45891.457508519445 -4304.338949530384 -365.6251648686333 6013.99242455598
-352341.1290680409 6718318.130446427 -39877.43626166701 -4303.935713970586 -373.76871367774106 6014.048752151502
-356644.86130202573 6717940.289835796 -33863.36263844004 -4303.528009081709 -381.9125555956029 6014.097177077078
-360948.1835963106 6717554.305240883 -27849.24454219066 -4303.115834512292 -390.05668056967215 6014.137697970109
-365251.091481041 6717160.176383656 -21835.089877628365 -4302.6991899154655 -398.2010785434804 6014.170313478409
-369553.5804860181 6716757.902996149 -15820.906550809632 -4302.278074948936 -406.34573945664965 6014.195022260209
-373855.6461407029 6716347.4848204525 -9806.70246912755 -4301.852489274927 -414.4906532448983 6014.2118229840635
-378157.28397422086 6715928.921608725 -3792.4855413015075 -4301.422432560127 -422.6358098400474 6014.220714328777
-382458.48951536644 6715502.213123194 2221.7363226330262 -4300.9879044756835 -430.7811991700326 6014.221694983415
-386759.2582926074 6715067.359136164 8235.955211334785 -4300.548904697216 -438.92681115891565 6014.214763647303
-391059.5858340893 6714624.359430017 14250.163212166965 -4300.105432904814 -447.07263572689635 6014.199919030048
-395359.4676676403 6714173.213797213 20264.352411207525 -4299.657488783094 -455.2186627903294 6014.177159851603
-399658.89932077524 6713713.9220403 26278.514893259635 -4299.205072021309 -463.364882261748 6014.146484842434
-403957.8763207006 6713246.483971917 32292.642741862193 -4298.748182313372 -471.51128404987895 6014.107892743549
-408256.3941943192 6712770.899414794 38306.7280393004 -4298.286819357865 -479.6578580596565 6014.061382306516
-412554.4484682347 6712287.168201756 44320.76286661626 -4297.820982858038 -487.804594192235 6014.006952293467
-416852.03466875624 6711795.290175734 50334.739303619266 -4297.35067252181 -495.95148234500107 6013.944601477096
-421149.1483219034 6711295.26518976 56348.64942889678 -4296.875888061694 -504.0985124115786 6013.874328640559
-425445.7849534105 6710787.093106976 62362.48531982456 -4296.396629194757 -512.2456742818359 6013.796132577426
-429741.94008873106 6710270.773800633 68376.23905257713 -4295.912895642627 -520.3929578418979 6013.710012091685
-434037.6092530425 6709746.3071541 74389.90270213824 -4295.424687131492 -528.5403529741583 6013.6159659977475
-438332.787971251 6709213.693060867 80403.46834231121 -4294.932003392105 -536.6878495572925 6013.513993120459
-442627.4717679955 6708672.931424543 86416.92804572951 -4294.434844159799 -544.83543746627 6013.404092295117
-446921.6561676527 6708124.022158868 92430.27388386706 -4293.933209174491 -552.9831065723688 6013.286262367489
-451215.33669434144 6707566.96518771 98443.49792704885 -4293.4270981806985 -561.1308467431872 6013.160502193825
-455508.50887192745 6707001.760445071 104456.59224446132 -4292.916510927533 -569.2786478426577 6013.026810640864
-459801.16822402773 6706428.407875095 110469.54890416293 -4292.401447168712 -577.4264997310582 6012.885186585846
-464093.3102740155 6705846.907432061 116482.35997309463 -4291.881906662569 -585.5743922650271 6012.735628916527
-468384.9305450246 6705257.259080399 122495.01751709038 -4291.357889172091 -593.7223152975796 6012.578136531241
-472676.02455995395 6704659.462794684 128507.51360088782 -4290.829394464946 -601.870258678125 6012.412708338938
-476966.5878414728 6704053.518559646 134519.84028813883 -4290.296422313489 -610.0182122524789 6012.239343259188
-481256.615912025 6703439.426370169 140531.98964142016 -4289.758972494764 -618.1661658628768 6012.058040222195
-485546.1042938336 6702817.1862312965 146543.95372224413 -4289.217044790507 -626.3141093479878 6011.868798168801
-489835.04850890604 6702186.798158237 152555.72459106919 -4288.670638987132 -634.4620325429239 6011.67161605047
-494123.4440790383 6701548.262176364 158567.2943073105 -4288.119754875705 -642.6099252792498 6011.466492829255
-498411.28652581974 6700901.578321221 164578.65492935068 -4287.5643922519475 -650.7577773849948 6011.253427477795
-502698.571370638 6700246.746638528 170589.79851455017 -4287.004550916237 -658.9055786846664 6011.0324189793355
-506985.2941346831 6699583.767184179 176600.71711925804 -4286.440230673613 -667.0533189992617 6010.803466327723
-511271.4503389526 6698912.640024251 182611.40279882247 -4285.871431333782 -675.200988146283 6010.56656852743
-515557.03550425614 6698233.365235004 188621.8476076014 -4285.298152711147 -683.3485759397523 6010.321724593578
-519842.04515122005 6697545.942902885 194632.04359897337 -4284.720394624813 -691.4960721902265 6010.06893355197
-524126.4748002922 6696850.373124534 200641.98282534795 -4284.138156898591 -699.6434667048106 6009.808194439087
-528410.3199717466 6696146.656006786 206651.65733817656 -4283.551439361007 -707.7907492871708 6009.539506302104
-532693.5761856881 6695434.791666671 212661.0591879631 -4282.960241845302 -715.9379097375479 6009.262868198892
-536976.238962057 6694714.780231423 218670.18042427482 -4282.364564189415 -724.0849378527666 6008.978279197999
-541258.3038206343 6693986.62183848 224679.01309575263 -4281.764406235958 -732.2318234262442 6008.685738378611
-545539.7662810454 6693250.316635489 230687.54925012216 -4281.159767832212 -740.3785562480024 6008.3852448305615
-549820.6218627656 6692505.864780307 236695.7809342041 -4280.550648830136 -748.5251261046805 6008.076797654334
-554100.8660851248 6691753.266441006 242703.7001939249 -4279.937049086372 -756.6715227795484 6007.760395961074
-558380.4944673113 6690992.521795881 248711.29907432754 -4279.318968462252 -764.817736052522 6007.436038872609
-562659.5025283776 6690223.631033443 254718.56961958227 -4278.696406823859 -772.9637557001844 6007.103725521526
-566937.8857872443 6689446.594352432 260725.50387299721 -4278.069364042047 -781.1095714958028 6006.763455051206
-571215.6397627054 6688661.4119618125 266732.0938770294 -4277.437839992443 -789.2551732093431 6006.415226615833
-575492.7599734331 6687868.084080784 272738.3316732953 -4276.801834555454 -797.400550607483 6006.0590393804005
-579769.241937982 6687066.610938781 278744.2093025819 -4276.161347616273 -805.5456934536256 6005.694892520726
-584045.0811747946 6686256.992775475 284749.71880485734 -4275.516379064864 -813.6905915079116 6005.32278522343
-588320.2732022057 6685439.229840778 290754.8522192818 -4274.866928795958 -821.8352345272294 6004.942716685935
-592594.813538447 6684613.322394848 296759.60158421827 -4274.212996709057 -829.9796122652291 6004.554686116466
-596868.6977016523 6683779.270708091 302763.95893724344 -4273.554582708426 -838.1237144723361 6004.158692734059
-601141.9212098621 6682937.075061164 308767.91631515836 -4272.891686703113 -846.2675308957638 6003.754735768567
-605414.479581028 6682086.735744978 314771.4657539995 -4272.22430860693 -854.411051279526 6003.342814460657
-609686.3683330182 6681228.253060704 320774.5992890491 -4271.552448338407 -862.5542653644395 6002.922928061737
-613957.5829836214 6680361.62731977 326777.30895484635 -4270.876105820779 -870.6971628881333 6002.495075833943
-618228.1190505524 6679486.8588438695 332779.586785198 -4270.1952809819895 -878.8397335850619 6002.059257050139
-622497.9720514556 6678603.947964964 338781.42481318885 -4269.509973754691 -886.9819671865185 6001.6154709939365
-626767.1375039112 6677712.895025285 344782.81507119286 -4268.820184076256 -895.1238534206484 6001.163716959693
-631035.6109254382 6676813.700377338 350783.7495908837 -4268.125911888848 -903.2653820124767 6000.703994252625
-635303.3878335012 6675906.3643839015 356784.2204032456 -4267.427157139505 -911.4065426839397 6000.23630218893
-639570.4637455137 6674990.887418037 362784.21953858476 -4266.723919780156 -919.547325153901 5999.7606400958
-643836.8341788435 6674067.269863089 368783.73902653984 -4266.016199767626 -927.6877191381664 5999.277007311443
-648102.4946508182 6673135.5121126855 374782.77089609334 -4265.303997063634 -935.8277143494975 5998.7854031850775
-652367.4406787289 6672195.614570744 380781.30717558245 -4264.587311634785 -943.9673004976229 5998.285827076918
-656631.6677798362 6671247.577651476 386779.33989271004 -4263.86614345248 -952.1064672892326 5997.778278358064
-660895.1714713745 6670291.401779383 392776.86107455543 -4263.140492492891 -960.2452044279844 5997.262756410454
-665157.9472705562 6669327.08738927 398773.8627475854 -4262.41035873696 -968.3835016145168 5996.739260626873
-669419.9906945778 6668354.634926238 404770.3369376648 -4261.675742170405 -976.521348546463 5996.207790410961
-673681.2972606233 6667374.044845697 410766.2756700677 -4260.936642783727 -984.6587349184641 5995.668345177223
-677941.8624858699 6666385.317613359 416761.6709694881 -4260.19306057224 -992.7956504221914 5995.120924351083
-682201.6818874925 6665388.453705246 422756.51486005087 -4259.444995536131 -1000.9320847463697 5994.565527368952
-686460.7509826687 6664383.453607696 428750.7993653228 -4258.692447680455 -1009.0680275767933 5994.002153678249
-690719.0652885833 6663370.317817363 434744.5165083237 -4257.9354170151555 -1017.2034685963401 5993.430802737402
-694976.6203224338 6662349.046841214 440737.6583115371 -4257.1739035550545 -1025.338397484986 5992.851474015858
-699233.4116014347 6661319.641196544 446730.2167969217 -4256.407907319851 -1033.4728039198167 5992.26416699408
-703489.4346428231 6660282.101410968 452722.1839859221 -4255.6374283340765 -1041.6066775750294 5991.668881163479
-707744.6849638623 6659236.42802243 458713.5518994795 -4254.862466627076 -1049.7400081219419 5991.0656160263925
-711999.1580818479 6658182.621579204 464704.31255804346 -4254.083022233008 -1057.8727852290058 5990.454371096089
-716252.8495141121 6657120.682639897 470694.45798158174 -4253.299095190853 -1066.0049985618207 5989.83514589678
-720505.754778028 6656050.611773451 476683.98018959217 -4252.510685544418 -1074.1366377831482 5989.207939963629
-724757.8693910154 6654972.4095591465 482672.87120111287 -4251.717793342393 -1082.2676925529388 5988.572752842828
-729009.1888705451 6653886.076586608 488661.1230347341 -4250.920418638427 -1090.3981525283662 5987.929584091717
-733259.7087341442 6652791.613455802 494648.7277086088 -4250.118561491146 -1098.5280073638442 5987.278433278805
-737509.4244994007 6651689.020777043 500635.6772404641 -4249.312221964159 -1106.657246711042 5986.61929998378
-741758.3316839687 6650578.299170993 506621.96364761237 -4248.501400126061 -1114.7858602188999 5985.9521837975135
-746006.4258055735 6649459.449268669 512607.5789469624 -4247.686096050413 -1122.9138375336383 5985.277084322045
-750253.7023820162 6648332.471711442 518592.51515503076 -4246.866309815658 -1131.0411682987485 5984.594001170448
-754500.1569311791 6647197.3671510415 524576.7642879523 -4246.042041505064 -1139.1678421549905 5983.902933966771
-758745.78497103 6646054.136249556 530560.3183614917 -4245.213291206731 -1147.2938487404087 5983.203882346034
-762990.5820196273 6644902.779679439 536543.1693910537 -4244.380059013593 -1155.4191776903442 5982.496845954243
-767234.5435951247 6643743.29812351 542525.3093916951 -4243.542345023425 -1163.543818637449 5981.781824448394
-771477.665215776 6642575.692274956 548506.7303781348 -4242.7001493388825 -1171.6677612117126 5981.058817496539
-775719.9423999401 6641399.962837337 554487.4243647655 -4241.8534720675825 -1179.7909950404937 5980.327824777894
-779961.3706660862 6640216.110524584 560467.3833656649 -4241.0023133221175 -1187.9135097485407 5979.588845982871
-784201.9455327985 6639024.136061006 566446.5993946061 -4240.146673220063 -1196.0352949580058 5978.8418808130755
-788441.6625187814 6637824.040181294 572425.0644650699 -4239.286551883978 -1204.1563402884601 5978.086928981324
-792680.5171428641 6636615.823630516 578402.7705902556 -4238.421949441407 -1212.2766353569077 5977.323990211637
-796918.504924006 6635399.4871641295 584379.709783092 -4237.552866024864 -1220.396169777795 5976.55306423923
-801155.6213813013 6634175.031547973 590355.8740562486 -4236.679301771823 -1228.5149331630212 5975.774150810492
-805391.8620339845 6632942.457558279 596331.2554221466 -4235.80125682472 -1236.6329151219538 5974.987249682996
-809627.2224014349 6631701.76598167 602305.845892971 -4234.918731330961 -1244.7501052614432 5974.192360625509
-813861.6980031815 6630452.95761516 608279.6374806807 -4234.03172544292 -1252.8664931858357 5973.389483417992
-818095.2843589082 6629196.033266169 614252.6221970204 -4233.140239317927 -1260.9820684969843 5972.578617851583
-822327.9769884589 6627930.993752506 620224.7920535314 -4232.244273118223 -1269.0968207942499 5971.759763728544
-826559.771411842 6626657.839902387 626196.1390615628 -4231.3438270109555 -1277.2107396745105 5970.932920862246
-830790.6631492355 6625376.572554432 632166.6552322827 -4230.438901168179 -1285.323814732177 5970.098089077174
-835020.647720992 6624087.192557666 638136.3325766892 -4229.529495766861 -1293.4360355592069 5969.255268208945
-839249.7206476436 6622789.700771526 644105.1631056216 -4228.6156109888925 -1301.5473917451204 5968.404458104313
-843477.8774499063 6621484.09806586 650073.1388297715 -4227.697247021157 -1309.6578728770357 5967.545658621273
-847705.1136486863 6620170.385320928 656040.2517596942 -4226.7744040555945 -1317.7674685397023 5966.678869629158
-851931.4247650837 6618848.563427409 662006.4939058201 -4225.847082289212 -1325.8761683155185 5965.804091008649
-856156.8063203982 6617518.633286399 667971.8572784656 -4224.915281924086 -1333.983961784547 5964.921322651786
-860381.2538361346 6616180.595809416 673936.3338878455 -4223.9790031673665 -1342.09083852453 5964.030564461967
-864604.7628340065 6614834.451918402 679899.9157440831 -4223.038246231266 -1350.1967881109 5963.131816353945
-868827.3288359428 6613480.202545723 685862.5948572224 -4222.093011333024 -1358.301800116782 5962.225078253772
-873048.9473640922 6612117.848634173 691824.3632372388 -4221.1432986948885 -1366.4058641130034 5961.310350098778
-877269.613940828 6610747.391136978 697785.212894051 -4220.189108544123 -1374.5089696681077 5960.387631837579
-881489.3240887534 6609368.831017795 703745.1358375316 -4219.230441113009 -1382.6111063483715 5959.456923430087
-885708.073330706 6607982.169250717 709704.1240775192 -4218.26729663885 -1390.712263717818 5958.518224847512
-889925.8571897638 6606587.406820275 715662.1696238288 -4217.299675363955 -1398.8124313382261 5957.571536072352
-894142.6711892491 6605184.544721437 721619.2644862641 -4216.327577535626 -1406.9115987691396 5956.61685709836
-898358.5108527344 6603773.583959614 727575.4006746275 -4215.351003406154 -1415.0097555678797 5955.654187930552
-902573.3717040466 6602354.525550661 733530.5701987323 -4214.369953232824 -1423.106891289561 5954.683528585214
-906787.2492672727 6600927.370520877 739484.7650684142 -4213.38442727792 -1431.2029954871045 5953.704879089907
-911000.1390667642 6599492.11990701 745437.9772935414 -4212.394425808731 -1439.2980577112564 5952.718239483479
-915212.0366271426 6598048.774756262 751390.1988840271 -4211.399949097578 -1447.3920675106083 5951.7236098161075
-919422.9374733042 6596597.336126281 757341.4218498401 -4210.400997421828 -1455.4850144316176 5950.720990149319
-923632.8371304251 6595137.805085176 763291.6382010165 -4209.397571063901 -1463.576888018623 5949.710380555996
-927841.7311239667 6593670.182711507 769240.839947671 -4208.38967031127 -1471.667677813859 5948.691781120389
-932049.61497968 6592194.470094298 775189.0191000081 -4207.37729545647 -1479.7573733574725 5947.665191938122
-936256.4842236112 6590710.668333029 781136.1676683337 -4206.360446797148 -1487.8459641875552 5946.6306131162655
-940462.3343821069 6589218.778537648 787082.2776630669 -4205.339124636175 -1495.933439840197 5945.588044773501
-944667.1609818189 6587718.801828563 793027.3410947504 -4204.313329281676 -1504.0197898495123 5944.537487040161
-948870.95954971 6586210.739336652 798971.3499740639 -4203.283061047029 -1512.1050037476564 5943.478940058237
-953073.725613059 6584694.59220326 804914.296311835 -4202.2483202508765 -1520.1890710648415 5942.4124039813805
-957275.4546994657 6583170.361580207 810856.1721190499 -4201.209107217098 -1528.2719813293475 5941.337878974886
-961476.1423368566 6581638.048629779 816796.9694068667 -4200.165422274598 -1536.3537240674557 5940.255365215381
-965675.7840534896 6580097.65452474 822736.6801866252 -4199.1172657571 -1544.4342888033887 5939.164862890534
-969874.3753779584 6578549.180448332 828675.2964698586 -4198.064638003127 -1552.5136650593158 5938.0663721990395
-974071.9118391979 6576992.6275942745 834612.8102683041 -4197.007539356011 -1560.5918423553678 5936.959893350626
-978268.3889664884 6575427.997166769 840549.2135939142 -4195.945970163898 -1568.6688102096498 5935.8454265660575
-982463.8022894613 6573855.290380497 846484.4984588678 -4194.879930779781 -1576.7445581382663 5934.7229720771975
-986658.147338103 6572274.508460629 852418.6568755811 -4193.809421561632 -1584.8190756553845 5933.592530127184
-990851.4196427608 6570685.652642818 858351.6808567194 -4192.73444287246 -1592.8923522732684 5932.45410097052
-995043.6147341467 6569088.724173211 864283.5624152081 -4191.654995080318 -1600.964377502294 5931.307684873085
-999234.7281433444 6567483.7243084395 870214.293564244 -4190.571078558307 -1609.0351408509655 5930.153282112134
-1003424.7554018126 6565870.654315633 876143.8663173071 -4189.482693684586 -1617.1046318259346 5928.990892976322
-1007613.6920413907 6564249.51547241 882072.2726881716 -4188.389840842659 -1625.1728399321232 5927.820517766114
-1011801.5335943047 6562620.30906689 887999.5046909185 -4187.2925204218745 -1633.2397546729337 5926.642156794478
-1015988.275593173 6560983.036397686 893925.5543399481 -4186.19073281751 -1641.3053655503031 5925.455810387025
-1020173.9135710121 6559337.698773911 899850.4136499928 -4185.084478430776 -1649.3696620647252 5924.261478882002
-1024358.4430612425 6557684.297515179 905774.0746361294 -4183.973757668812 -1657.4326337152704 5923.059162630302
-1028541.8595976953 6556022.833951604 911696.5293137919 -4182.858570944587 -1665.4942699995634 5921.848861995304
-1032724.1587146167 6554353.309423803 917617.7696987834 -4181.738918675912 -1673.5545604134134 5920.6305773515005
-1036905.3359466726 6552675.725282903 923537.7878072864 -4180.614801284653 -1681.6134944505093 5919.404309083371
-1041085.3868289533 6550990.082890531 929456.575655873 -4179.486219196687 -1689.671061602405 5918.1700575853165
-1045264.3068969768 6549296.38361883 935374.1252615148 -4178.353172841899 -1697.7272513585274 5916.927823261672
-1049442.0916866928 6547594.628850451 941290.4286415924 -4177.215662654203 -1705.7820532061871 5915.6776065267195
-1053618.736734487 6545884.819978558 947205.4778139058 -4176.073689071872 -1713.8354566307228 5914.419407805175
-1057794.237577186 6544166.958406835 953119.2647966859 -4174.927252538782 -1721.8874511160166 5913.153227533936
-1061968.5897520639 6542441.045549478 959031.7816086067 -4173.776353504889 -1729.938026144712 5911.879066162761
-1066141.7887968472 6540707.082831204 964943.0202687986 -4172.620992426232 -1737.9871711982369 5910.596924154286
-1070313.8302497219 6538965.071687247 970852.972796861 -4171.461169764943 -1746.0348757568281 5909.306801984029
-1074484.7096493386 6537215.013563362 976761.6312128751 -4170.296885989222 -1754.081129299544 5908.008700140359
-1078654.42253482 6535456.909915826 982668.987537417 -4169.128141572857 -1762.125921304085 5906.702619123823
-1082822.9644457637 6533690.76221144 988575.0337915686 -4167.954936994397 -1770.1692412464577 5905.388559445969
-1086990.330922249 6531916.571927529 994479.761996929 -4166.777272737001 -1778.2110786009246 5904.066521629134
-1091156.5175048404 6530134.3405519435 1000383.1641756247 -4165.595149288444 -1786.2514228400162 5902.7365062064555
-1095321.5197345926 6528344.069583064 1006285.232350321 -4164.408567141122 -1794.2902634345428 5901.398513721886
-1099485.3331530553 6526545.7605298 1012185.9585442325 -4163.217526792113 -1802.3275898536313 5900.052544730265
-1103647.9533022768 6524739.414911593 1018085.3347811344 -4162.02202874369 -1810.3633915649586 5898.698599798062
-1107809.375724812 6522925.034258418 1023983.3530853745 -4160.822073503772 -1818.397658034962 5897.336679504008
-1111969.595963725 6521102.620110783 1029880.0054818853 -4159.617661585959 -1826.4303787288738 5895.966784439154
-1116128.6095625972 6519272.174019732 1035775.2839961967 -4158.408793509535 -1834.461543110741 5894.588915206872
-1120286.4120655325 6517433.697546844 1041669.1806544481 -4157.195469799471 -1842.4911406434437 5893.203072422857
-1124442.9990171618 6515587.192264239 1047561.6874834008 -4155.977690986309 -1850.5191607886654 5891.809256714974
-1128598.3659626492 6513732.659754575 1053452.7965104496 -4154.755457605692 -1858.5455930066955 5890.407468722578
-1132752.5084476974 6511870.101611048 1059342.4997636343 -4153.528770198139 -1866.5704267563488 5888.997709096215
-1136905.4220185515 6509999.519437399 1065230.7892716508 -4152.2976293090505 -1874.5936514949758 5887.579978497615
-1141057.102222005 6508120.9148479095 1071117.6570638628 -4151.062035488709 -1882.615256678477 5886.154277599704
-1145207.5446054034 6506234.289467408 1077003.0951703116 -4149.82198929229 -1890.6352317613173 5884.7206070866105
-1149356.7447166508 6504339.644931269 1082887.095621729 -4148.577491279958 -1898.6535661965856 5883.278967653815
-1153504.6981042135 6502436.982885414 1088769.650449548 -4147.328542017086 -1906.6702494361061 5881.8293600084535
-1157651.400317125 6500526.304986313 1094650.7516859144 -4146.075142074307 -1914.6852709304771 5880.371784869396
-1161796.8469049938 6498607.612900985 1100530.391363699 -4144.817292027519 -1922.6986201290886 5878.906242967251
-1165941.0334180056 6496680.908307005 1106408.5615165085 -4143.554992457887 -1930.7102864801382 5877.4327350443755
-1170083.9554069303 6494746.192892493 1112285.2541786986 -4142.288243951856 -1938.7202594306516 5875.951261854885
-1174225.6084231273 6492803.468356129 1118160.4613853847 -4141.017047101272 -1946.7285284265563 5874.461824164838
-1178365.9880185502 6490852.736407143 1124034.175172454 -4139.7414025035305 -1954.7350829127672 5872.96442275244
-1182505.0897457527 6488893.998765325 1129906.3875765787 -4138.461310761599 -1962.7399123332127 5871.459058408078
-1186642.9091578946 6486927.257161018 1135777.0906352268 -4137.176772484014 -1970.7430061308532 5869.945731934316
-1190779.441808747 6484952.513335124 1141646.2763866757 -4135.887788284886 -1978.7443537477 5868.42444414591
-1194914.683252697 6482969.769039103 1147513.9368700224 -4134.594358783852 -1986.7439446248109 5866.8951958697335
-1199048.6290447554 6480979.026034975 1153380.0641251984 -4133.296484605765 -1994.7417682021558 5865.35798794434
-1203181.2747405593 6478980.28609532 1159244.6501929779 -4131.994166380469 -2002.7378139185257 5863.812821219652
-1207312.6158963786 6476973.55100328 1165107.6871149912 -4130.687404742804 -2010.732071211544 5862.259696556954
-1211442.6480691207 6474958.82255256 1170969.166933736 -4129.376200332599 -2018.724529517681 5860.698614828903
-1215571.3668163344 6472936.102547429 1176829.081692588 -4128.060553794684 -2026.7151782722676 5859.129576919532
-1219698.7676962172 6470905.392802721 1182687.4234358128 -4126.74046577893 -2034.7040069095317 5857.552583724314
-1223824.846267618 6468866.6951438375 1188544.1842085768 -4125.415936940418 -2042.6910048626908 5855.9676361503925
-1227949.5980900438 6466820.011406746 1194399.35605696 -4124.08696793949 -2050.676161563997 5854.374735116676
-1232073.0187236646 6464765.343437983 1200252.931027967 -4122.753559441764 -2058.6594664447557 5852.7738815538405
-1236195.1037293186 6462702.693094653 1206104.9011695385 -4121.415712118135 -2066.6409089353406 5851.16507640434
-1240315.8486685175 6460632.062244432 1211955.2585305646 -4120.073426644778 -2074.6204784652127 5849.54832062241
-1244435.249103452 6458553.452765566 1217803.9951608942 -4118.726703703276 -2082.598164462999 5847.923615174253
-1248553.3005969971 6456466.866546874 1223651.1031113502 -4117.375543980888 -2090.5739563566462 5846.290961038418
-1252669.9987127176 6454372.305487746 1229496.5744337386 -4116.019948170611 -2098.547843573466 5844.650359205886
-1256785.339014875 6452269.771498145 1235340.4011808638 -4114.659916971181 -2106.5198155401577 5843.001810680078
-1260899.3170684315 6450159.266498608 1241182.5754065395 -4113.2954510870695 -2114.4898616828273 5841.345316476854
-1265011.9284390572 6448040.792420246 1247023.089165601 -4111.926551228466 -2122.4579714269926 5839.68087762448
-1269123.168693135 6445914.351204745 1252861.9345139184 -4110.553218110825 -2130.4241341973693 5838.008495162985
-1273233.0333977656 6443779.944804368 1258699.103508407 -4109.175452454265 -2138.388339417577 5836.328170143321
-1277341.518120772 6441637.575181952 1264534.588207039 -4107.793254983503 -2146.3505765101095 5834.63990362726
-1281448.6184307039 6439487.2443109155 1270368.3806688532 -4106.40662642786 -2154.31083489635 5832.943696687402
-1285554.3298968435 6437328.954175254 1276200.4729539666 -4105.015567521259 -2162.2691039965825 5831.239550407183
-1289658.6480892086 6435162.706769545 1282030.8571235852 -4103.620079002321 -2170.2253732300474 5829.527465881003
-1293761.5685785587 6432988.504098943 1287859.5252400152 -4102.220161615109 -2178.179632015344 5827.807444215283
-1297863.0869363993 6430806.34817919 1293686.4693666755 -4100.815816109751 -2186.1318697707866 5826.079486529357
-1301963.1987349906 6428616.241036606 1299511.681568111 -4099.407043242492 -2194.0820759144476 5824.343593955547
-1306061.8995473508 6426418.184708092 1305335.1539100055 -4097.993843775695 -2202.030239864178 5822.599767639152
-1310159.1849472646 6424212.181241136 1311156.8784591944 -4096.576218477834 -2209.976351037632 5820.8480087384605
-1314255.0505092875 6421998.2326938035 1316976.847283678 -4095.1541681233653 -2217.920398852214 5819.088318424552
-1318349.491808752 6419776.341134746 1322795.0524526332 -4093.727693491989 -2225.862372724701 5817.3206978802555
-1322442.5044217736 6417546.508643197 1328611.4860364262 -4092.296795368243 -2233.802262071036 5815.5451482995695
-1326534.0839252537 6415308.737308974 1334426.140106622 -4090.861474541489 -2241.7400563063306 5813.761670887647
-1330624.2258968865 6413063.029232482 1340239.006735996 -4089.421731805918 -2249.675744844882 5811.970266860804
-1334712.925915162 6410809.386524712 1346050.0779985473 -4087.9775679605605 -2257.6093171001853 5810.170937446529
-1338800.1795593721 6408547.811307238 1351859.3459695063 -4086.528983809467 -2265.540762485049 5808.363683883743
-1342885.9824096153 6406278.305712227 1357666.8027253489 -4085.0759801623667 -2273.4700704119705 5806.548507423741
-1346970.3300468032 6404000.871882429 1363472.4403438088 -4083.6185578349127 -2281.3972302932934 5804.725409330538
-1351053.2180526655 6401715.511971184 1369276.2509038905 -4082.156717648689 -2289.3222315412304 5802.894390880876
-1355134.6420097565 6399422.228142421 1375078.2264858813 -4080.6904604312117 -2297.245063567884 5801.055453364231
-1359214.5975014616 6397121.022570653 1380878.359171364 -4079.2197870159175 -2305.165715785261 5799.208598082798
-1363293.0801120019 6394811.897440983 1386676.6410432302 -4077.7446982418564 -2313.084177605119 5797.353826351051
-1367370.0854264402 6392494.854949105 1392473.064185691 -4076.2651949529095 -2321.000438438538 5795.491139494634
-1371445.6090306854 6390169.897301298 1398267.6206842896 -4074.7812779975884 -2328.914487695821 5793.62053885008
-1375519.6465114974 6387837.026714435 1404060.3026259106 -4073.292948229043 -2336.8263147865023 5791.7420257648155
-1379592.1934564915 6385496.245415978 1409851.1020987916 -4071.8002065050628 -2344.7359091193634 5789.855601597166
-1383663.245454143 6383147.55564398 1415640.0111925337 -4070.303053688107 -2352.6432601024558 5787.961267716401
-1387732.7980937923 6380790.959647088 1421427.021998113 -4068.8014906458006 -2360.5483571434006 5786.05902550344
-1391800.8469656506 6378426.459684539 1427212.1266078937 -4067.29551825184 -2368.451189649926 5784.148876352136
-1395867.3876608054 6376054.058026164 1432995.3171156398 -4065.785137386151 -2376.3517470299844 5782.230821669508
-1399932.4157712276 6373673.756952385 1438776.5856165288 -4064.2703489348955 -2384.2500186917755 5780.304862875745
-1403995.926889777 6371285.558754218 1444555.9242071651 -4062.751153790467 -2392.145994043769 5778.371001404205
-1408057.9166102097 6368889.465733266 1450333.3249855933 -4061.2275528514538 -2400.0396624947057 5776.429238701361
-1412118.3805271827 6366485.480201727 1456108.78005131 -4059.6995470220213 -2407.931013453253 5774.479576225924
-1416177.3142362598 6364073.604482388 1461882.2815052771 -4058.167137211071 -2415.820036327522 5772.522015447643
-1420234.7133339155 6361653.840908631 1467653.821449931 -4056.63032433213 -2423.706720525016 5770.556557847158
-1424290.5734175404 6359226.191824428 1473423.3919891943 -4055.0891093033592 -2431.5910554526413 5768.583204916003
-1428344.8900854462 6356790.659584346 1479190.9852284868 -4053.543493047559 -2439.473030516718 5766.601958156616
-1432397.658936869 6354347.246553547 1484956.5932747358 -4051.9934764922277 -2447.3526351230307 5764.612819082428
-1436448.875571975 6351895.955107784 1490720.2082363884 -4050.4390605702406 -2455.229858677244 5762.615789218824
-1440498.5355918668 6349436.787633408 1496481.822223423 -4048.88024622057 -2463.1046905853564 5760.61087010417
-1444546.6345985883 6346969.746527361 1502241.4273473632 -4047.3170343883594 -2470.97712025377 5758.598063289921
-1448593.1681951326 6344494.8341971785 1507999.0157212906 -4045.749426024924 -2478.8471370893085 5756.577370340615
-1452638.1319854464 6342012.053060991 1513754.5794598581 -4044.177422087748 -2486.714730499242 5754.54879283388
-1456681.5215744374 6339521.40554752 1519508.1106793024 -4042.601023540424 -2494.5798898912703 5752.512332360343
-1460723.3325679798 6337022.894096079 1525259.6014974571 -4041.0202313520977 -2502.4426046732 5750.467990522834
-1464763.5605729194 6334516.521156574 1531009.0440337644 -4039.4350464969675 -2510.3028642526565 5748.415768935692
-1468802.201197078 6332002.289189504 1536756.4304092866 -4037.8454699542585 -2518.160658037072 5746.355669224705
-1472839.2500492602 6329480.200665963 1542501.752746718 -4036.251502708222 -2526.0159754337064 5744.28769302713
-1476874.7027392564 6326950.258067632 1548245.003170395 -4034.653145748139 -2533.8688058496587 5742.2118419916915
-1480908.5548778495 6324412.463886788 1553986.1738063088 -4033.050400068374 -2541.7191386919108 5740.128117778648
-1484940.8020768196 6321866.820626303 1559725.256782117 -4031.4432666687026 -2549.5669633675525 5738.036522060278
-1488971.4399489486 6319313.330799639 1565462.2442271556 -4029.8317465545715 -2557.4122692839583 5735.937056521237
-1493000.4641080275 6316751.996930852 1571197.1282724515 -4028.215840737113 -2565.2550458488154 5733.829722858578
-1497027.8701688603 6314182.821554589 1576929.9010507343 -4026.5955502331444 -2573.0952824701435 5731.714522781761
-1501053.6537472717 6311605.807216089 1582660.5546964505 -4024.9708760651724 -2580.9329685563134 5729.59145801265
-1505077.8104601116 6309020.956471184 1588389.0813457733 -4023.3418192613444 -2588.768093516035 5727.460530285448
-1509100.3359252599 6306428.271886297 1594115.473136617 -4021.7083808551206 -2596.600646758163 5725.32174134623
-1513121.2257616334 6303827.756038438 1599839.7222086473 -4020.070561885057 -2604.430617691573 5723.175092952635
-1517140.4755891897 6301219.411515213 1605561.8207032937 -4018.4283633947985 -2612.2579957251696 5721.020586873858
-1521158.0810289325 6298603.240914817 1611281.76076376 -4016.781786433083 -2620.082770267903 5718.8582248906505
-1525174.0377029167 6295979.246846037 1616999.5345350374 -4015.1308320541802 -2627.9049307290647 5716.68800879595
-1529188.341234255 6293347.43192825 1622715.134163916 -4013.4755013177933 -2635.7244665182457 5714.5099403947415
-1533200.9872471213 6290707.7987914225 1628428.5517989967 -4011.8157952887223 -2643.5413670451285 5712.3240215035785
-1537211.9713667582 6288060.350076112 1634139.7795907028 -4010.1517150378245 -2651.3556217201326 5710.130253951943
-1541221.2892194816 6285405.088433464 1639848.809691294 -4008.483261642051 -2659.1672199544623 5707.928639582306
-1545228.936432688 6282742.016525215 1645555.6342548796 -4006.8104361844466 -2666.9761511601287 5705.719180250126
-1549234.9086348594 6280071.137023684 1651260.2454374295 -4005.133239754152 -2674.7824047499694 5703.501877823851
-1553239.2014555703 6277392.452611782 1656962.6353967893 -4003.4516734463077 -2682.5859701376103 5701.276734184782
-1557241.8105254928 6274705.965983004 1662662.7962926922 -4001.765738361514 -2690.3868367371206 5699.043751226305
-1561242.7314764026 6272011.679841432 1668360.7202867703 -4000.075435605513 -2698.1849939628187 5696.802930853438
-1565241.9599411832 6269309.596901732 1674056.3995425664 -3998.3807662891786 -2705.980431229275 5694.554274982816
-1569239.491553832 6266599.719889156 1679749.826225546 -3996.68173152852 -2713.7731379513307 5692.297785542699
-1573235.3219494654 6263882.051539539 1685440.9925031082 -3994.978332444685 -2721.5631035441124 5690.0334644729755
-1577229.4467643222 6261156.594599306 1691129.890544599 -3993.2705701640193 -2729.350317423086 5687.761313725246
-1581221.8616357716 6258423.35182546 1696816.5125213203 -3991.5584458183694 -2737.1347690042767 5685.481335263251
-1585212.5622023162 6255682.325985592 1702500.8506065453 -3989.841960545265 -2744.9164477044133 5683.19353106314
-1589201.5441036003 6252933.519857873 1708182.8969755294 -3988.121115487929 -2752.6953429409514 5680.8979031134795
-1593188.8029804132 6250176.936231058 1713862.6438055225 -3986.3959117952786 -2760.471444132095 5678.594453415256
-1597174.3344746968 6247412.577904483 1719540.0832757812 -3984.666350621926 -2768.244740696811 5676.283183981878
-1601158.13422955 6244640.4476880655 1725215.2075675828 -3982.9324331281427 -2776.015222054826 5673.964096839123
-1605140.1978892346 6241860.548402302 1730888.0088642354 -3981.1941604796193 -2783.7828776264773 5671.6371940248
-1609120.5210991811 6239072.882878267 1736558.4793510912 -3979.4515338473216 -2791.5476968326234 5669.302477588538
-1613099.0995059933 6236277.453957617 1742226.6112155586 -3977.704554407486 -2799.3096690946595 5666.959949591784
-1617075.9287574538 6233474.264492585 1747892.3966471122 -3975.953223341621 -2807.0687838345348 5664.609612107807
-1621051.0045025297 6230663.317345982 1753555.8278373065 -3974.197541836515 -2814.825030474766 5662.251467221702
-1625024.3223913778 6227844.615391197 1759216.8969797872 -3972.437511084269 -2822.578398438481 5659.885517030447
-1628995.8780753484 6225018.1615121905 1764875.596270302 -3970.6731322825312 -2830.328877149599 5657.511763643226
-1632965.6672069938 6222183.958603507 1770531.9179067153 -3968.90440663466 -2838.0764560329626 5655.13020918167
-1636933.6854400719 6219342.009570259 1776185.8540890184 -3967.131335349733 -2845.8211245143625 5652.740855779862
-1640899.9284295526 6216492.317328136 1781837.3970193435 -3965.3539196425436 -2853.5628720205596 5650.3437055843415
-1644864.3918316232 6213634.884803399 1787486.5389019751 -3963.572160733609 -2861.301687979299 5647.93876075411
-1648827.0713036945 6210769.714932883 1793133.2719433636 -3961.7860598491793 -2869.037561819345 5645.526023460644
-1652787.962504407 6207896.810663991 1798777.5883521365 -3959.9956182213473 -2876.7704829705713 5643.105495888051
-1656747.0610936354 6205016.174954696 1804419.480339112 -3958.2008370881304 -2884.500440864046 5640.677180233191
-1660704.3627324959 6202127.810773538 1810058.940117312 -3956.401717693477 -2892.227424932055 5638.2410787056815
-1664659.8630833516 6199231.721099629 1815695.9599019731 -3954.5982612872676 -2899.95142460812 5635.797193527896
-1668613.5578098185 6196327.9089226425 1821330.5319105624 -3952.790469125312 -2907.6724293270236 5633.345526934965
-1672565.442576771 6193416.377242818 1826962.6483627874 -3950.9783424692946 -2915.3904285247827 5630.8860811747
-1676515.513050348 6190497.129070956 1832592.301480609 -3949.1618825861915 -2923.105411638242 5628.418858506755
-1680463.7648979581 6187570.167428425 1838219.4834882547 -3947.341090747719 -2930.8173681046783 5625.943861201848
-1684410.1937882837 6184635.495347151 1843844.1866122275 -3945.5159682302947 -2938.5262873617808 5623.461091541701
-1688354.795391286 6181693.115869625 1849466.4030813172 -3943.6865163150424 -2946.2321588476657 5620.970551819044
-1692297.5653782098 6178743.032048899 1855086.1251266124 -3941.8527362877985 -2953.934972000889 5618.472244337634
-1696238.4994215877 6175785.246948587 1860703.344981511 -3940.014629439172 -2961.634716260505 5615.96617141233
-1700177.593195246 6172819.763642862 1866318.054881731 -3938.1721970652975 -2969.3313810666364 5613.452335370175
-1704114.8423743104 6169846.585216458 1871930.2470653253 -3936.325440468731 -2977.024955861173 5610.930738551663
-1708050.242635212 6166865.714764662 1877539.9137726934 -3934.4743609585494 -2984.715430087871 5608.401383310889
-1711983.7896556945 6163877.155393322 1883147.0472465954 -3932.6189598503474 -2992.402793192374 5605.864272015543
-1715915.4791148202 6160880.910218836 1888751.6397321664 -3930.7592384662353 -3000.087034622238 5603.319407046898
-1719845.3066929774 6157876.982368153 1894353.6834769293 -3928.8951981348087 -3007.7681438269374 5600.76679079978
-1723773.2680718855 6154865.374978772 1899953.1707308087 -3927.0268401905937 -3015.446110257459 5598.206425681767
-1727699.3589346008 6151846.091198744 1905550.0937461422 -3925.154165973173 -3023.120923365656 5595.638314111948
-1731623.5749655222 6148819.134186663 1911144.444777692 -3923.2771768270495 -3030.7925726041526 5593.062458520725
-1735545.911850395 6145784.507111674 1916736.2160826565 -3921.39587410165 -3038.4610474263595 5590.47886134982
-1739466.3652763169 6142742.213153465 1922325.3999206822 -3919.510259151332 -3046.1263372864896 5587.887525052286
-1743384.930931742 6139692.25550227 1927911.9885538733 -3917.6203333353947 -3053.78843163958 5585.288452092519
-1747301.6045064868 6136634.6373588685 1933495.9742468046 -3915.726098018354 -3061.4473199417153 5582.6816449466505
-1751216.3816917348 6133569.361934585 1939077.3492665337 -3913.8275545705474 -3069.1029916505177 5580.067106103411
-1755129.2581800427 6130496.43245128 1944656.1058826125 -3911.924704368271 -3076.7554362252727 5577.444838064327
-1759040.229665347 6127415.852141359 1950232.2363671013 -3910.017548793783 -3084.4046431269544 5574.81484334372
-1762949.2918429687 6124327.624247763 1955805.7329945813 -3908.106089235304 -3092.050601818243 5572.177124468709
-1766856.4404096208 6121231.752023972 1961376.588042167 -3906.1903270870125 -3099.6933017635465 5569.5316839792085
-1770761.6710634127 6118128.238733997 1966944.793789519 -3904.27026374898 -3107.3327324289667 5566.87852442783
-1774664.979503857 6115017.087652384 1972510.342518857 -3902.3459006269427 -3114.968883282139 5564.217648379555
-1778566.3614318753 6111898.302064213 1978073.2265149713 -3900.417239132221 -3122.6017437921855 5561.549058411625
-1782465.8125498027 6108771.8852650905 1983633.4380652364 -3898.484280681721 -3130.231303429735 5558.872757113541
-1786363.3285613942 6105637.840561152 1989190.969459622 -3896.547026697937 -3137.85755166694 5556.188747087066
-1790258.90517183 6102496.171269064 1994745.8129907055 -3894.6054786089508 -3145.480477977496 5553.497030946222
-1794152.5380877212 6099346.880716015 2000297.9609536848 -3892.659637848417 -3153.1000718366454 5550.7976113172745
-1798044.2230171156 6096189.972239716 2005847.4056463896 -3890.709505855458 -3160.7163227211113 5548.090490838575
-1801933.9556695025 6093025.449188405 2011394.139369295 -3888.7550840746094 -3168.32922010907 5545.37567216049
-1805821.7317558185 6089853.314920838 2016938.1544255314 -3886.7963739558227 -3175.9387534801645 5542.653157945397
-1809707.5469884528 6086673.57280629 2022479.443120898 -3884.8333769544656 -3183.5449123155254 5539.922950867691
-1813591.3970812531 6083486.226224558 2028017.9977638745 -3882.866094531325 -3191.1476860977878 5537.185053613783
-1817473.2777495303 6080291.278565952 2033553.8106656328 -3880.89452815263 -3198.7470643111274 5534.439468882137
-1821353.1847100635 6077088.733231298 2039086.8741400496 -3878.9186792902556 -3206.3430364414407 5531.686199383558
-1825231.1136811085 6073878.593631933 2044617.1805037186 -3876.938549421904 -3213.9355919765185 5528.925247841449
-1829107.0603823997 6070660.863189712 2050144.722075963 -3874.9541400311214 -3221.5247204060747 5526.156616991834
-1832981.0205351596 6067435.5453369925 2055669.4911788488 -3872.965452607296 -3229.1104112217686 5523.380309583359
-1836852.9898621016 6064202.643516643 2061191.4801371966 -3870.9724886456593 -3236.692653917223 5520.596328377287
-1840722.9640874383 6060962.161182034 2066710.681278595 -3868.975249647284 -3244.2714379880435 5517.804676147502
-1844590.938936886 6057714.101797042 2072227.0869334121 -3866.973737119036 -3251.846752931798 5515.005355680432
-1848456.9101376706 6054458.468836047 2077740.6894348091 -3864.9679525735023 -3259.418588247976 5512.198369774952
-1852320.8734185332 6051195.265783924 2083251.4811187526 -3862.957897528979 -3266.9869334379955 5509.38372124236
-1856182.8245097368 6047924.496136046 2088759.454324026 -3860.943573509472 -3274.551778005225 5506.561412906384
-1860042.7591430706 6044646.163398285 2094264.6013922428 -3858.924982044699 -3282.1131114550008 5503.7314476031825
-1863900.6730518565 6041360.271087006 2099766.914667859 -3856.9021246700872 -3289.6709232946455 5500.893828181335
-1867756.5619709545 6038066.822729063 2105266.3864981863 -3854.8750029266666 -3297.225203033397 5498.048557501698
-1871610.4216367686 6034765.821861803 2110763.0092334007 -3852.8436183607573 -3304.7759401821554 5495.1956384369505
-1875462.2477872523 6031457.272033058 2116256.7752265595 -3850.807972523875 -3312.323124253419 5492.335073871466
-1879312.0361619117 6028141.176801151 2121747.6768336087 -3848.768066972734 -3319.8667447612993 5489.466866701309
-1883159.7825018133 6024817.539734886 2127235.706413396 -3846.723903269252 -3327.406791221539 5486.591019834245
-1887005.482549588 6021486.364413551 2132720.856327684 -3844.6754829805523 -3334.943253151531 5483.707536189744
-1890849.1320494362 6018147.654426919 2138203.11894116 -3842.622807679054 -3342.4761200704056 5480.816418699106
-1894690.7267471342 6014801.413375241 2143682.486621448 -3840.5658789429735 -3350.0053814994862 5477.917670306177
-1898530.2623900387 6011447.644869244 2149158.9517391236 -3838.5046983566313 -3357.531026962576 5475.011293967786
-1902367.7347270942 6008086.352530129 2154632.506667725 -3836.4392675104646 -3365.0530459859906 5472.0972926537615
-1906203.1395088383 6004717.539989576 2160103.143783767 -3834.3695880010255 -3372.571428098579 5469.175669346931
-1910036.4724874091 6001341.210889727 2165570.855466753 -3832.29566143098 -3380.0861628317452 5466.246427043111
-1913867.7294165494 5997957.368883194 2171035.6340991897 -3830.2174894090904 -3387.5972397194582 5463.309568751092
-1917696.9060516146 5994566.017633057 2176497.4720665994 -3828.1350735500064 -3395.1046482980846 5460.365097492329
-1921523.9981495768 5991167.160812855 2181956.36175753 -3826.0484154740006 -3402.6083781061784 5457.413016300573
-1925349.001469032 5987760.802106588 2187412.295563571 -3823.957516806939 -3410.1084186844705 5454.453328221822
-1929171.9117702038 5984346.945208714 2192865.265879364 -3821.862379180283 -3417.6047595758882 5451.486036314321
-1932992.7248149512 5980925.593824149 2198315.265102614 -3819.7630042310893 -3425.0973903255754 5448.5111436485695
-1936811.4363667723 5977496.75166826 2203762.2856341028 -3817.659393602013 -3432.5863004809107 5445.528653307319
-1940628.0421908111 5974060.422466869 2209206.3198777023 -3815.551548941289 -3440.071479591509 5442.5385683855475
-1944442.538053862 5970616.609956242 2214647.3602403835 -3813.4394719026873 -3447.5529172091988 5439.540891990395
-1948254.9197243766 5967165.317883096 2220085.399132232 -3811.323164145498 -3455.0306028880254 5436.535627241139
-1952065.1829724682 5963706.550004593 2225520.4289664584 -3809.202627334533 -3462.504526184273 5433.522777269201
-1955873.3235699176 5960240.310088336 2230952.442159411 -3807.0778631401313 -3469.97467665648 5430.502345218144
-1959679.337290179 5956766.601912368 2236381.431130587 -3804.9488732381565 -3477.44104386546 5427.4743342436805
-1963483.2199083848 5953285.429265171 2241807.3883026466 -3802.8156593100175 -3484.9036173743348 5424.438747513692
-1967284.9672013526 5949796.795945663 2247230.306101423 -3800.6782230427816 -3492.3623867486563 5421.395588208393
-1971084.5749475884 5946300.705763196 2252650.176955936 -3798.5365661292544 -3499.817341556499 5418.344859520444
-1974882.0389272948 5942797.16253755 2258066.9932984044 -3796.390690267984 -3507.2684713684826 5415.286564654954
-1978677.354922376 5939286.170098933 2263480.7475642585 -3794.240597163263 -3514.7157657577914 5412.2207068294865
-1982470.518716443 5935767.7322879825 2268891.4321921524 -3792.086288525127 -3522.1592143001976 5409.147289274052
-1986261.52609482 5932241.852955755 2274299.0396239767 -3789.927766069355 -3529.598806574073 5406.066315231112
-1990050.3728445494 5928708.53596373 2279703.5623048698 -3787.76503151742 -3537.034532160369 5402.977787955503
-1993837.0547543983 5925167.785183803 2285104.9926832323 -3785.598086596407 -3544.466380642556 5399.881710714324
-1997621.5676148632 5921619.604498285 2290503.3232107367 -3783.4269330390002 -3551.8943416066304 5396.778086786912
-2001403.9072181766 5918063.997799899 2295898.5463423408 -3781.2515725834837 -3559.318404641131 5393.666919464847
-2005184.0693583118 5914500.968991782 2301290.6545363017 -3779.072006973743 -3566.7385593371623 5390.548212051945
-2008962.049830989 5910930.521987474 2306679.640254186 -3776.888237959267 -3574.15479528841 5387.421967864268
-2012737.8444336802 5907352.660710921 2312065.4959608815 -3774.700267295193 -3581.567102091205 5384.28819023019
-2016511.448965616 5903767.389096472 2317448.214124611 -3772.508096742532 -3588.9754693447558 5381.146882490703
-2020282.8592277912 5900174.711088879 2322827.7872169456 -3770.311728068275 -3596.379886651266 5377.998047999581
-2024052.0710229694 5896574.630643283 2328204.207712815 -3768.111163045393 -3603.780343615964 5374.841690123375
-2027819.0801556916 5892967.151725224 2333577.4680905235 -3765.906403452841 -3611.176829847121 5371.677812241413
-2031583.8824322799 5889352.27831063 2338947.56083176 -3763.697451075553 -3618.569334956073 5368.5064177458
-2035346.4736608444 5885730.014385814 2344314.4784216117 -3761.4843077044284 -3625.9578485572247 5365.327510041387
-2039106.8496512894 5882100.363947477 2349678.2133485787 -3759.266975136038 -3633.3423602677935 5362.141092545361
-2042865.0062153179 5878463.331002702 2355038.7581045814 -3757.045455172228 -3640.7228597074386 5358.947168686675
-2046620.9391664374 5874818.919568946 2360396.1051849774 -3754.8197496200596 -3648.099336498224 5355.7457419059565
-2050374.6443199657 5871167.133674047 2365750.2470885697 -3752.58986029182 -3655.471780264639 5352.536815655529
-2054126.1174930346 5867507.977356216 2371101.1763176196 -3750.3557890050206 -3662.8401806336115 5349.320393399403
-2057875.354504597 5863841.454664036 2376448.8853778583 -3748.117537582404 -3670.204527234531 5346.09647861329
-2061622.3511754298 5860167.569656459 2381793.3667784985 -3745.8751078520695 -3677.5648096993823 5342.865074784775
-2065367.1033281428 5856486.326402804 2387134.613032246 -3743.628501648015 -3684.9210176633014 5339.626185414093
-2069109.606787181 5852797.728982753 2392472.6166553157 -3741.37772081039 -3692.273140764836 5336.3798140144845
-2072849.857378834 5849101.781486349 2397807.3701674407 -3739.122767185499 -3699.621168645983 5333.125964112203
-2076587.85093124 5845398.488013988 2403138.866091886 -3736.8636426258013 -3706.9650909522006 5329.864639246512
-2080323.583274393 5841687.852676421 2408467.0969554633 -3734.6003489899063 -3714.304897332439 5326.595842969672
-2084057.050240149 5837969.879594749 2413792.055288543 -3732.332888142561 -3721.6405774391424 5323.319578846931
-2087788.2476622309 5834244.572900416 2419113.7336250674 -3730.0612619544154 -3728.972120928043 5320.035850456181
-2091517.171376236 5830511.936735213 2424432.124502562 -3727.7854723016717 -3736.299517457831 5316.744661387458
-2095243.81721964 5826771.975251266 2429747.22046215 -3725.505521066033 -3743.6227566901202 5313.446015242871
-2098968.1810318027 5823024.692611043 2435059.01404856 -3723.2214101347063 -3750.941828289466 5310.139915636599
-2102690.2586539746 5819270.092987343 2440367.4978101444 -3720.9331414004005 -3758.2567219233865 5306.82636619489
-2106410.0459293015 5815508.180563295 2445672.664298884 -3718.6407167613324 -3765.56742726238 5303.505370556072
-2110127.53870283 5811738.95953236 2450974.506070407 -3716.3441381212265 -3772.8739339799463 5300.176932370546
-2113842.7328215134 5807962.434098318 2456273.015683997 -3714.043407389317 -3780.176231752604 5296.84105530079
-2117555.624134217 5804178.608475276 2461568.1857026056 -3711.73852648035 -3787.47431025991 5293.4977430213585
-2121266.2084917217 5800387.486887659 2466860.0086928657 -3709.429497314587 -3794.768159184481 5290.14699921889
-2124974.4817467355 5796589.073570206 2472148.4772251025 -3707.1163218178035 -3802.057768212012 5286.788827592101
-2128680.439753891 5792783.37276797 2477433.583873346 -3704.799001921292 -3809.3431270312926 5283.423231851791
-2132384.0783697567 5788970.388736315 2482715.3212153427 -3702.477539561871 -3816.6242253342357 5280.0502157208475
-2136085.393452841 5785150.125740908 2487993.681832569 -3700.151936682048 -3823.901052816067 5276.669782934492
-2139784.3808635967 5781322.588057723 2493268.658310243 -3697.822195230391 -3831.1735991757214 5273.28193724079
-2143481.036464429 5777487.77997303 2498540.2432373352 -3695.488317161605 -3838.4418541159516 5269.886682400771
-2147175.3561197007 5773645.705783396 2503808.4292065864 -3693.1503044365318 -3845.705807343348 5266.48402218842
-2150867.3356957384 5769796.369795678 2509073.208814516 -3690.808159022146 -3852.9654485683627 5263.073960390677
-2154556.9710608395 5765939.776327022 2514334.5746614384 -3688.4618828915545 -3860.2207675053273 5259.656500807428
-2158244.2580852755 5762075.929704858 2519592.5193514726 -3686.111478023954 -3867.4717538724376 5256.231647251447
-2161929.192641303 5758204.834266894 2524847.0354925585 -3683.756946404235 -3874.718397391357 5252.799403547829
-2165611.7706031636 5754326.494361117 2530098.1156964647 -3681.3982900225988 -3881.960687786835 5249.359773533436
-2169291.9878470926 5750440.914345786 2535345.7525788047 -3679.0355108745275 -3889.1986147866915 5245.9127610568685
-2172969.8402513238 5746548.098589432 2540589.9387590447 -3676.668610960788 -3896.432168121836 5242.4583699784525
-2176645.3236960946 5742648.051470853 2545830.666860518 -3674.2975922874352 -3903.661337526286 5238.996604170253
-2180318.4340636497 5738740.777379112 2551067.929510436 -3671.9224568658155 -3910.8861127371847 5235.527467516073
-2183989.167238249 5734826.280713531 2556301.7193398997 -3669.5432067126576 -3918.106483494915 5232.0509639115835
-2187657.5191061716 5730904.565883691 2561532.0289839115 -3667.1598438504634 -3925.322439543535 5228.5670972648795
-2191323.4855557224 5726975.63730943 2566758.851081389 -3664.7723703076836 -3932.5339706309837 5225.07587149673
-2194987.0624772375 5723039.499420832 2571982.1782751754 -3662.3807881187236 -3939.7410665091124 5221.57729054058
-2198648.245763091 5719096.156658229 2577202.0032120557 -3659.9850993239415 -3946.943716933701 5218.071358342551
-2202307.0313076987 5715145.613472196 2582418.318542766 -3657.585305969646 -3954.1419116644824 5214.558078861433
-2205963.415007527 5711187.874323544 2587631.116922008 -3655.1814101080927 -3961.3356404651595 5211.037456068682
-2209617.3927610978 5707222.94368332 2592840.391008461 -3652.773413797418 -3968.524893103354 5207.509493948318
-2213268.9604689935 5703250.826032801 2598046.133464794 -3650.3613191014906 -3975.709659350468 5203.974196496715
-2216918.114033862 5699271.525863491 2603248.33695768 -3647.9451280898807 -3982.8899289816704 5200.431567722555
-2220564.8493604255 5695285.047677117 2608446.9941578056 -3645.5248428378577 -3990.065691775915 5196.881611646825
-2224209.162355484 5691291.395985625 2613642.097739884 -3643.100465426391 -3997.236937515961 5193.324332302811
-2227851.0489279204 5687290.575311175 2618833.64038267 -3640.6719979421505 -4004.4036559883916 5189.759733736104
-2231490.5049887076 5683282.5901861405 2624021.6147689684 -3638.2394424775016 -4011.5658369836315 5186.187820004588
-2235127.526450915 5679267.445153102 2629206.0135856476 -3635.802801130438 -4018.72347029589 5182.608595178338
-2238762.109229709 5675245.144764843 2634386.8295236533 -3633.3620760045005 -4025.876545723091 5179.022063339511
-2242394.2492423668 5671215.69358435 2639564.055278019 -3630.917269208766 -4033.025053066882 5175.428228582323
-2246023.9424082744 5667179.096184802 2644737.6835478796 -3628.4683828578513 -4040.168982132649 5171.827095013054
-2249651.184648937 5663135.357149574 2649907.707036481 -3626.0154190719127 -4047.3083227295447 5168.218666750045
-2253275.971887981 5659084.481072228 2655074.1184511925 -3623.5583799766478 -4054.443064670501 5164.602947923703
-2256898.3000511634 5655026.472556513 2660236.910503521 -3621.097267703324 -4061.573197772283 5160.979942676534
-2260518.1650663735 5650961.336216357 2665396.075909123 -3618.6320843889844 -4068.698711855736 5157.349655163438
-2264135.562863642 5646889.076675866 2670551.607387815 -3616.162832176603 -4075.819596745985 5153.712089551929
-2267750.4893751433 5642809.69856932 2675703.497663588 -3613.6895132150926 -4082.935842272464 5150.0672500221435
-2271362.9405352073 5638723.206541166 2680851.7394646173 -3611.212129659304 -4090.0474382689363 5146.415140766834
-2274972.9122803183 5634629.605246014 2685996.32552328 -3608.7306836700236 -4097.154374573515 5142.755765991368
-2278580.4005491254 5630528.899348636 2691137.2485761647 -3606.245177413969 -4104.256641028685 5139.08912991372
-2282185.4012824483 5626421.093523959 2696274.501364083 -3603.755613063737 -4111.354227481262 5135.415236764395
-2285787.9104232807 5622306.192457058 2701408.076632084 -3601.2619927975384 -4118.447123782111 5131.7340907860425
-2289387.9239167986 5618184.20084316 2706537.967129464 -3598.7643187990707 -4125.535319786023 5128.045696233285
-2292985.437710364 5614055.123387633 2711664.165609781 -3596.262593257513 -4132.618805351726 5124.350057372698
-2296580.44775353 5609918.964805982 2716786.664830866 -3593.7568183675294 -4139.697570341907 5120.647178482817
-2300172.9499980486 5605775.729823852 2721905.457554833 -3591.2469963292683 -4146.771604623228 5116.93706385414
-2303762.940397874 5601625.423177016 2727020.536548095 -3588.7331293483676 -4153.840898066353 5113.219717789124
-2307350.414909168 5597468.049611375 2732131.89458137 -3586.215219636031 -4160.90544054605 5109.495144602299
-2310935.3694903078 5593303.613882951 2737239.5244297003 -3583.6932694093007 -4167.965221941531 5105.763348620646
-2314517.8001018893 5589132.120757891 2742343.4188724593 -3581.167280891148 -4175.020232136578 5102.024334183736
-2318097.702706736 5584953.575012449 2747443.5706933667 -3578.637256310478 -4182.070461019568 5098.278105643723
-2321675.073269901 5580767.981432992 2752539.9726805002 -3576.1031979021227 -4189.115898483496 5094.5246673653455
-2325249.9077586774 5576575.34481599 2757632.6176263094 -3573.565107906844 -4196.15653442599 5090.76402372591
-2328822.202142601 5572375.669968013 2762721.498327628 -3571.0229885713247 -4203.192358749336 5086.9961791152955
-2332391.9523934573 5568168.961705728 2767806.6075856835 -3568.476842148083 -4210.223361360389 5083.221137935817
-2335959.154485287 5563955.224855892 2772887.9382061143 -3565.92667089523 -4217.249532170318 5079.43890460188
-2339523.8043943928 5559734.464255349 2777965.482998978 -3563.372477076404 -4224.270861094539 5075.64948353989
-2343085.8980993414 5555506.684751025 2783039.234778764 -3560.8142629607705 -4231.287338052742 5071.852879188247
-2346645.4315809733 5551271.891199925 2788109.1863644077 -3558.252030823024 -4238.298952968905 5068.049095997346
-2350202.400822406 5547030.088469125 2793175.3305792995 -3555.685782943389 -4245.305695771316 5064.238138429574
-2353756.8018090413 5542781.281435776 2798237.660251299 -3553.115521607619 -4252.307556392599 5060.420010959316
-2357308.630528567 5538525.474987089 2803296.1682127463 -3550.541249107061 -4259.304524769792 5056.594718073028
-2360857.882970966 5534262.674020337 2808350.8473004727 -3547.9629677387834 -4266.2965908445385 5052.762264269436
-2364404.555128522 5529992.883442851 2813401.6903558164 -3545.3806798056107 -4273.283744563139 5048.922654059571
-2367948.642995824 5525716.108172012 2818448.690224631 -3542.794387616123 -4280.265975876578 5045.075891966771
-2371490.142569773 5521432.353135248 2823491.839757301 -3540.204093484654 -4287.243274740537 5041.221982526673
-2375029.0498495856 5517141.623270027 2828531.1318087513 -3537.6097997312913 -4294.215631115424 5037.360930287214
-2378565.360836803 5512843.923523857 2833566.5592384627 -3535.011508681874 -4301.183034966385 5033.492739808624
-2382099.0715352944 5508539.258854279 2838598.1149104806 -3532.4092226679772 -4308.145476263309 5029.6174156634015
-2385630.1779512633 5504227.634228858 2843625.791693429 -3529.8029440268742 -4315.102944980807 5025.734962436258
-2389158.676093254 5499909.054625184 2848649.582460524 -3527.1926751015267 -4322.0554310982125 5021.845384724102
-2392684.5619721552 5495583.525030866 2853669.4800895844 -3524.578418240587 -4329.002924599613 5017.94868713604
-2396207.8316012085 5491251.050443527 2858685.4774630438 -3521.960175798395 -4335.945415473865 5014.044874293368
-2399728.4809960118 5486911.635870798 2863697.5674679633 -3519.3379501349787 -4342.882893714613 5010.133950829576
-2403246.506174526 5482565.286330311 2868705.742996044 -3516.711743616053 -4349.815349320312 5006.215921390334
-2406761.903157082 5478212.006849701 2873709.9969436377 -3514.0815586130234 -4356.742772294252 5002.290790633508
-2410274.667966383 5473851.8024665965 2878710.3222117615 -3511.4473975029964 -4363.665152644589 4998.358563229156
-2413784.796627513 5469484.678228616 2883706.7117061075 -3508.809262668778 -4370.582480384372 4994.419243859541
-2417292.285167942 5465110.63919336 2888699.1583370566 -3506.1671564988756 -4377.494745531557 4990.472837219119
-2420797.1296175304 5460729.69042841 2893687.6550196907 -3503.5210813874965 -4384.401938109034 4986.519348014541
-2424299.3260085364 5456341.837011322 2898672.1946738036 -3500.871039734546 -4391.304048144641 4982.558780964642
-2427798.8703756207 5451947.084029623 2903652.7702239146 -3498.2170339456284 -4398.201065671189 4978.591140800449
-2431295.7587558525 5447545.436580804 2908629.3745992803 -3495.559066432044 -4405.09298072648 4974.616432265165
-2434789.9871887155 5443136.899772313 2913602.0007339064 -3492.8971396107895 -4411.979783353328 4970.634660114172
-2438281.5517161125 5438721.478721557 2918570.6415665597 -3490.231255904553 -4418.861463599572 4966.6458291150275
-2441770.4483823725 5434299.17855589 2923535.2900407803 -3487.5614177417187 -4425.738011518104 4962.649944047452
-2445256.673234255 5429870.00441261 2928495.9391048956 -3484.8876275563603 -4432.609417166887 4958.6470097033325
-2448740.2223209566 5425433.961438958 2933452.5817120294 -3482.2098877882436 -4439.475670608972 4954.637030886722
-2452221.091694118 5420991.054792104 2938405.2108201166 -3479.5282008828244 -4446.336761912522 4950.620012413826
-2455699.2774078264 5416541.2896391535 2943353.8193919137 -3476.8425692912474 -4453.192681150831 4946.595959113006
-2459174.775518624 5412084.671157131 2948298.4003950134 -3474.15299547034 -4460.043418402336 4942.564875824763
-2462647.582085512 5407621.204532983 2953238.9468018515 -3471.45948188261 -4466.888963750637 4938.526767401737
-2466117.6931699566 5403150.894963568 2958175.4515897264 -3468.7620309962444 -4473.729307284516 4934.481638708699
-2469585.104835896 5398673.747655655 2963107.9077408044 -3466.060645285109 -4480.564439097958 4930.42949462255
-2473049.8131497446 5394189.767825914 2968036.308242136 -3463.3553272287472 -4487.394349290172 4926.3703400323175
-2476511.8141803993 5389698.960700913 2972960.6460856674 -3460.6460793123797 -4494.219027965609 4922.304179839145
-2479971.1039992454 5385201.331517117 2977880.914268251 -3457.9329040269054 -4501.038465233989 4918.231018956303
-2483427.6786801615 5380696.885520876 2982797.1057916586 -3455.215803868918 -4507.85265121034 4914.150862309201
-2486881.534299526 5376185.627968421 2987709.2136625936 -3452.4947813407143 -4514.661576015036 4910.063714835402
-2490332.6669362215 5371667.564125862 2992617.2308927034 -3449.7698389502934 -4521.465229773811 4905.969581484614
-2493781.072671643 5367142.699269178 2997521.1504985914 -3447.040979211355 -4528.263602617786 4901.868467218689
-2497226.747589701 5362611.038684219 3002420.9655018277 -3444.308204643299 -4535.056684683482 4897.760377011618
-2500669.6877768287 5358072.58766669 3007316.668928963 -3441.5715177712236 -4541.844466112846 4893.645315849527
-2504109.889321986 5353527.351522156 3012208.253811541 -3438.830921125918 -4548.626937053264 4889.52328873066
-2507547.3483166685 5348975.335566029 3017095.7131861085 -3436.0864172438105 -4555.404087657508 4885.394300665308
-2510982.0608549095 5344416.545123567 3021979.04009423 -3433.3380086669167 -4562.175908083696 4881.258356675732
-2514414.023033287 5339850.985529867 3026858.2275824966 -3430.5856979428377 -4568.942388495302 4877.115461796154
-2517843.23095093 5335278.662129858 3031733.2687025405 -3427.829487624758 -4575.703519061182 4872.965621072753
-2521269.680709524 5330699.580278301 3036604.1565110465 -3425.069380271445 -4582.459289955594 4868.808839563665
-2524693.3684133156 5326113.745339777 3041470.884069762 -3422.3053784472504 -4589.20969135821 4864.645122338979
-2528114.290169118 5321521.162688687 3046333.4444455127 -3419.5374847221087 -4595.954713454147 4860.47447448073
-2531532.4420863176 5316921.837709242 3051191.83071021 -3416.765701671548 -4602.694346433998 4856.296901082919
-2534947.820276879 5312315.775795461 3056046.0359408665 -3413.9900318767054 -4609.428580493874 4852.112407251527
-2538360.4208553513 5307702.982351162 3060896.053219607 -3411.2104779243314 -4616.15740583543 4847.920998104519
-2541770.2399388724 5303083.46278996 3065741.87563368 -3408.4270424067868 -4622.880812665884 4843.7226787718355
-2545177.2736471756 5298457.222535262 3070583.496275469 -3405.639727922045 -4629.59879119804 4839.517454395398
-2548581.518102595 5293824.267020257 3075420.908242507 -3402.8485370736885 -4636.311331650304 4835.305330129094
-2551982.9694300713 5289184.601687913 3080254.1046374855 -3400.053472470909 -4643.018424246711 4831.086311138784
-2555381.6237571565 5284538.231990972 3085083.0785682686 -3397.2545367285684 -4649.720059217021 4826.860402602377
-2558777.4772140216 5279885.163391942 3089907.8231479046 -3394.4517324673993 -4656.416226797025 4822.627609710118
-2562170.52593346 5275225.401363093 3094728.3314946378 -3391.645062314079 -4663.106917228665 4818.387937664687
-2565560.7660508957 5270558.951386451 3099544.5967319217 -3388.8345289012286 -4669.79212076006 4814.141391681193
-2568948.193704388 5265885.818953788 3104356.6119884304 -3386.020134867405 -4676.471827645521 4809.887976987164
-2572332.805034638 5261206.009566623 3109164.370398072 -3383.201882857098 -4683.146028145577 4805.627698822541
-2575714.5961849936 5256519.528736204 3113967.8651000024 -3380.3797755207297 -4689.814712526987 4801.360562439667
-2579093.563301456 5251826.381983517 3118767.0892386334 -3377.553815514609 -4696.477871062719 4797.086573103225
-2582469.7025326863 5247126.574839269 3123562.03596365 -3374.724005500607 -4703.13549403151 4792.805736089775
-2585843.0100300102 5242420.112843883 3128352.698430017 -3371.8903481458806 -4709.787571717509 4788.518056687353
-2589213.481947422 5237707.001547499 3133139.069797995 -3369.052846122856 -4716.434094410272 4784.223540195452
-2592581.1144415922 5232987.246509963 3137921.1432331484 -3366.2115021092304 -4723.075052404776 4779.922191925016
-2595945.903671871 5228260.853300822 3142698.9119063597 -3363.3663187879743 -4729.710436001447 4775.614017198439
-2599307.845800295 5223527.8274993235 3147472.368993838 -3360.517298847331 -4736.340235506175 4771.299021349571
-2602666.93699159 5218788.174694403 3152241.5076771327 -3357.664444980826 -4742.964441230343 4766.977209723721
-2606023.1734131803 5214041.900484685 3157006.3211431447 -3354.8077598874024 -4749.583043491039 4762.648587677848
-2609376.5512351906 5209289.010478469 3161766.802584138 -3351.947246271723 -4756.196032611501 4758.313160580985
-2612727.0666304533 5204529.5102937315 3166522.94519775 -3349.082906844233 -4762.803398921235 4753.970933814331
-2616074.7157745142 5199763.405558118 3171274.7421870073 -3346.2147443211597 -4769.405132756033 4749.621912771241
-2619419.4948456376 5194990.70190893 3176022.1867603348 -3343.342761424508 -4776.001224457994 4745.266102857221
-2622761.400024814 5190211.404993131 3180765.2721315697 -3340.4669608820586 -4782.591664375545 4740.90350948992
-2626100.4274957636 5185425.520467324 3185503.991519973 -3337.5873454273647 -4789.176442863461 4736.534138099122
-2629436.573444944 5180633.053997761 3190238.338150241 -3334.703917799747 -4795.755550282881 4732.157994126738
-2632769.8340615532 5175834.011260326 3194968.3052525176 -3331.816680744278 -4802.3289770013125 4727.77508302678
-2636100.2055375394 5171028.397940535 3199693.8860624074 -3328.9256370117705 -4808.896713392636 4723.385410265336
-2639427.6840676027 5166216.219733524 3204415.073820987 -3326.030789358774 -4815.458749837126 4718.988981320573
-2642752.2658492033 5161397.482344047 3209131.861774817 -3323.132140547572 -4822.015076721468 4714.585801682719
-2646073.947082567 5156572.1914864695 3213844.243175955 -3320.229693346178 -4828.565684438786 4710.175876854061
-2649392.72397069 5151740.352884759 3218552.211281966 -3317.323450528336 -4835.110563388653 4705.759212348938
-2652708.5927193444 5146901.97227248 3223255.7593559353 -3314.41341487351 -4841.649703977114 4701.335813693729
-2656021.549537086 5142057.055392789 3227954.8806664823 -3311.4995891667886 -4848.183096616559 4696.905686426706
-2659331.590635257 5137205.607998425 3232649.568487768 -3308.5819761986486 -4854.710731725407 4692.468836097703
-2662638.712227994 5132347.635851707 3237339.8160995105 -3305.660578764901 -4861.232599728046 4688.025268268033
-2665942.910532232 5127483.144724527 3242025.6167869945 -3302.735399666688 -4867.748691054848 4683.5749885104815
-2669244.181767708 5122612.140398344 3246706.9638410835 -3299.8064417104893 -4874.258996142191 4679.118002409312
-2672542.522156971 5117734.628664176 3251383.8505582307 -3296.8737077081178 -4880.763505432482 4674.654315560258
-2675837.927925382 5112850.615322596 3256056.2702404903 -3293.937200476723 -4887.262209374175 4670.183933570523
-2679130.395301122 5107960.106183726 3260724.2161955307 -3290.9969228388177 -4893.755098421834 4665.706862058817
-2682419.9205151997 5103063.107067231 3265387.6817366434 -3288.052877622552 -4900.242163036558 4661.223106655742
-2685706.4998014523 5098159.623802309 3270046.6601827587 -3285.1050676619825 -4906.723393686408 4656.73267300417
-2688990.1293965555 5093249.662227689 3274701.144858454 -3282.1534957970916 -4913.198780846459 4652.235566759262
-2692270.8055400266 5088333.228191621 3279351.1290939683 -3279.1981648737797 -4919.668314998824 4647.731793588464
-2695548.524474234 5083410.327551866 3283996.606225215 -3276.2390777438627 -4926.131986632668 4643.221359171489
-2698823.2824443984 5078480.966175696 3288637.569593793 -3273.276237265066 -4932.58978624423 4638.704269200312
-2702095.0756986025 5073545.149939883 3293274.0125469984 -3270.3096463010174 -4939.041704336844 4634.180529379157
-2705363.900487795 5068602.884730691 3297905.9284378393 -3267.3393077211495 -4945.4877314208115 4629.650145424346
-2708629.7530657975 5063654.176443872 3302533.3106250446 -3264.365224400263 -4951.927858012767 4625.113123063687
-2711892.629689309 5058699.030984655 3307156.152473077 -3261.3873992183253 -4958.362074635399 4620.569468036185
-2715152.5266179093 5053737.454267747 3311774.447352144 -3258.4058350604696 -4964.790371817461 4616.0191860920295
-2718409.440114068 5048769.452217323 3316388.1886382084 -3255.420534816994 -4971.212740093788 4611.462282992595
-2721663.3664431465 5043795.030767015 3320997.3697130014 -3252.431501383364 -4977.62917000532 4606.898764510446
-2724914.3018734045 5038814.195859918 3325601.98396403 -3249.4387376602162 -4984.039652099125 4602.328636429332
-2728162.2426760052 5033826.953448572 3330202.0247845924 -3246.442246553364 -4990.444176928428 4597.751904544193
-2731407.1851250203 5028833.309494963 3334797.4855737863 -3243.442030974001 -4996.842735052939 4593.168574661452
-2734649.1254974348 5023833.269970511 3339388.3597365217 -3240.438093839194 -5003.2353170396345 4588.5786525997
-2737888.0600731545 5018826.84085607 3343974.6406835355 -3237.430438071995 -5009.621913462962 4583.982144189858
-2741123.985135011 5013814.028141911 3348556.3218313996 -3234.419066601443 -5016.002514904864 4579.3790552751725
-2744356.896968768 5008794.8378277235 3353133.396602536 -3231.403982362552 -5022.3771119547955 4574.769391711193
-2747586.791863127 5003769.2759226 3357705.858425228 -3228.3851882963077 -5028.745695209747 4570.15315936577
-2750813.6661097337 4998737.348445035 3362273.7007336337 -3225.3626873496596 -5035.108255274256 4565.530364119033
-2754037.5160031836 4993699.061422911 3366836.9169677966 -3222.336482475501 -5041.464782760411 4560.901011863365
-2757258.337841028 4988654.420893501 3371395.500573659 -3219.306576632381 -5047.815268287425 4556.265108502984
-2760476.12792378 4983603.432903448 3375949.4450030727 -3216.2729727840688 -5054.159702480975 4551.622659953325
-2763690.8825549176 4978546.103508771 3380498.7437138115 -3213.235673899482 -5060.498075973116 4546.973672140942
-2766902.5980408913 4973482.438774856 3385043.39016958 -3210.1946829526946 -5066.830379402308 4542.3181510035065
-2770111.270691129 4968412.44477644 3389583.3778400267 -3207.150002922934 -5073.156603413425 4537.656102489809
-2773316.8968180376 4963336.127597618 3394118.700200754 -3204.1016367945863 -5079.476738657789 4532.987532559752
-2776519.4727370143 4958253.493331827 3398649.350733331 -3201.049587557194 -5085.7907757931835 4528.312447184358
-2779718.9947664463 4953164.548081846 3403175.3229253017 -3197.993858205484 -5092.0987054839115 4523.630852345787
-2782915.45922772 4948069.297959784 3407696.6102701994 -3194.9344517396507 -5098.400518401274 4518.942754037757
-2786108.862445223 4942967.749087075 3412213.2062675557 -3191.8713711656933 -5104.696205224123 4514.248158265995
-2789299.2007463523 4937859.907594471 3416725.1044229157 -3188.8046194954422 -5110.985756638941 4509.547071048285
-2792486.470461521 4932745.779622035 3421232.298247847 -3185.734199746558 -5117.269163339854 4504.839498414456
-2795670.6679241606 4927625.371319129 3425734.7812599535 -3182.660114942521 -5123.546416028657 4500.1254464063695
-2798851.7894707303 4922498.688844413 3430232.5469828863 -3179.582368112631 -5129.817505414833 4495.404921077906
-2802029.8314407216 4917365.738365829 3434725.5889463574 -3176.5009622919974 -5136.082422215564 4490.677928494954
-2805204.790176664 4912226.526060602 3439213.90068615 -3173.4159005215147 -5142.341157155726 4485.944474735371
-2808376.66202413 4907081.058115226 3443697.4757441315 -3170.327185847601 -5148.593700967487 4481.204565888609
-2811545.4433317417 4901929.340725463 3448176.307668264 -3167.234821321938 -5154.840044389911 4476.458208055342
-2814711.1304511754 4896771.3800963275 3452650.3900126168 -3164.138810001447 -5161.080178168935 4471.705407347429
-2817873.7197371665 4891607.182442089 3457119.716337375 -3161.0391549482865 -5167.314093057396 4466.946169887911
-2821033.2075475166 4886436.753986257 3461584.280208853 -3157.935859229857 -5173.5417798150465 4462.180501811008
-2824189.5902430955 4881260.10096158 3466044.075199506 -3154.8289259187973 -5179.763229208577 4457.408409262112
-2827342.864187849 4876077.229610036 3470499.0948879384 -3151.7183580929864 -5185.978432011639 4452.629898397792
-2830493.025748804 4870888.146182828 3474949.3328589182 -3148.6041588355624 -5192.187379004892 4447.844975385809
-2833640.0712960726 4865692.856940368 3479394.7827033866 -3145.4863312351504 -5198.390060976407 4443.05364640544
-2836783.9972028583 4860491.368152284 3483835.438018469 -3142.364878386097 -5204.586468722073 4438.255917647804
-2839924.799845462 4855283.686097398 3488271.2924074894 -3139.2398033884933 -5210.776593045666 4433.451795315886
-2843062.475603288 4850069.817063729 3492702.3394799805 -3136.111109348168 -5216.960424758863 4428.64128562453
-2846197.020858848 4844849.767348478 3497128.5728516937 -3132.978799376681 -5223.137954681262 4423.824394800421
-2849328.43199777 4839623.543258022 3501549.9861446163 -3129.842876591319 -5229.309173640399 4419.00112908208
-2852456.7054088004 4834391.151107907 3505966.5729869767 -3126.70334411509 -5235.474072471772 4414.171494719846
-2855581.8374838126 4829152.597222841 3510378.3270132616 -3123.560205076707 -5241.6326420188325 4409.335497975853
-2858703.824617811 4823907.8879366815 3514785.241864226 -3120.413462610399 -5247.784873132701 4404.493145123756
-2861822.663208937 4818657.029592434 3519187.3111869018 -3117.2631198556655 -5253.9307566717835 4399.644442448385
-2864938.3496584743 4813400.028542242 3523584.5286346134 -3114.1091799572464 -5260.070283501735 4394.7893962456965
-2868050.8803708535 4808136.891147377 3527976.887866986 -3110.951646065122 -5266.203444495483 4389.928012822767
-2871160.251753658 4802867.623778237 3532364.382549958 -3107.790521334512 -5272.330230533251 4385.060298497793
-2874266.460217629 4797592.232814333 3536747.006355791 -3104.6258089258763 -5278.4506325025695 4380.186259600083
-2877369.5021766718 4792310.72464429 3541124.7529630815 -3101.4575120049117 -5284.56464129831 4375.305902470056
-2880469.374047858 4787023.105665828 3545497.616056771 -3098.2856337425583 -5290.672247822703 4370.419233459241
-2883566.072251435 4781729.382285764 3549865.58932816 -3095.110177315113 -5296.773442985557 4365.526258930433
-2886659.593210827 4776429.560920005 3554228.666474917 -3091.931145904447 -5302.868217704658 4360.626985257998
-2889749.9333526446 4771123.647993528 3558586.84120109 -3088.7485426980443 -5308.956562905859 4355.721418827927
-2892837.0891066887 4765811.649940387 3562940.107217119 -3085.562370889 -5315.038469523104 4350.809566037822
-2895921.056905955 4760493.573203696 3567288.4582398483 -3082.3726336760137 -5321.1139284984465 4345.891433296888
-2899001.833186641 4755169.4242356215 3571631.887992536 -3079.179334263387 -5327.182930782064 4340.9670270259185
-2902079.4143881514 4749839.209497377 3575970.3902048673 -3075.982475861015 -5333.245467332285 4336.03635365729
-2905153.7969531044 4744502.935459212 3580303.9586129654 -3072.782061684384 -5339.301529115601 4331.099419634949
-2908224.9773273356 4739160.608600411 3584632.586959404 -3069.5780949545065 -5345.351107106577 4326.156231414308
-2911292.9519599047 4733812.235409271 3588956.268993216 -3066.3705788976977 -5351.394192287506 4321.206795461942
-2914357.7173030996 4728457.8223831095 3593274.998469909 -3063.1595167454966 -5357.430775648276 4316.251118255465
-2917419.269812443 4723097.376028249 3597588.7691514716 -3059.9449117346653 -5363.460848186398 4311.289206283521
-2920477.605946697 4717730.902860009 3601897.5748063875 -3056.7267671071854 -5369.484400907023 4306.3210660457835
-2923532.7221678672 4712358.409402704 3606201.409209645 -3053.50508611026 -5375.501424822966 4301.346704052949
-2926584.614941211 4706979.902189626 3610500.2661427488 -3050.27987199631 -5381.511910954723 4296.366126826731
-2929633.2807352394 4701595.387763047 3614794.1393937315 -3047.0511280229753 -5387.515850330493 4291.379340899853
-2932678.7160217245 4696204.872674204 3619083.022757163 -3043.8188574531364 -5393.513233986239 4286.38635281608
-2935720.917275703 4690808.363483299 3623366.910034163 -3040.5830635550983 -5399.504052966041 4281.387169130475
-2938759.8809754835 4685405.86675948 3627645.7950324113 -3037.3437496027404 -5405.488298322381 4276.381796409595
-2941795.60360265 4679997.389080842 3631919.6715661623 -3034.1009188755193 -5411.465961116179 4271.3702412315015
-2944828.081642071 4674582.937034413 3636188.5334562515 -3030.8545746584646 -5417.437032416814 4266.352510185747
-2947857.311581901 4669162.517216147 3640452.374530111 -3027.604720242172 -5423.401503302143 4261.328609873361
-2950883.2899135873 4663736.136230919 3644711.1886217794 -3024.3513589228014 -5429.3593648585165 4256.29854690684
-2953906.013131879 4658303.800692509 3648964.9695719145 -3021.0944940020686 -5435.3106081808 4251.262327910136
-2956925.477734827 4652865.517223602 3653213.7112278016 -3017.83412878724 -5441.255224372385 4246.219959518643
-2959941.680223793 4647421.292455772 3657457.407443369 -3014.570266591056 -5447.193204545085 4241.171448379079
-2962954.617103454 4641971.133029479 3661696.052079196 -3011.3029107315792 -5453.124539818886 4236.116801149279
-2965964.284881809 4636515.045594058 3665929.6390025266 -3008.032064532159 -5459.049221321907 4231.056024498133
-2968970.680070181 4631053.036807713 3670158.162087278 -3004.75773132143 -5464.967240190418 4225.989125105584
-2971973.7991832253 4625585.1133375075 3674381.6152140535 -3001.4799144333115 -5470.878587568865 4220.916109662616
-2974973.6387389344 4620111.281859355 3678599.992270153 -2998.1986172070006 -5476.783254609888 4215.836984871247
-2977970.195258642 4614631.549058014 3682813.287149584 -2994.913842986974 -5482.681232474338 4210.751757444529
-2980963.4652670277 4609145.921627075 3687021.493753071 -2991.6255951229837 -5488.572512331301 4205.660434106529
-2983953.445292125 4603654.406268961 3691224.605988071 -2988.3338769700576 -5494.45708535812 4200.56302159233
-2986940.131865325 4598157.009694907 3695422.617768779 -2985.0386918885097 -5500.33494274044 4195.459526648046
-2989923.5215213806 4592653.738624963 3699615.5230161427 -2981.740043243948 -5506.206075672249 4190.349956030822
-2992903.6107984153 4587144.5997879775 3703803.3156578722 -2978.437934407275 -5512.070475355897 4185.23431650883
-2995880.3962379233 4581629.599921595 3707985.9896284514 -2975.132368754681 -5517.928133002114 4180.112614861259
-2998853.8743847795 4576108.745772246 3712163.538869149 -2971.8233496676444 -5523.779039830037 4174.984857878313
-3001824.041787242 4570582.044095133 3716335.9573280294 -2968.5108805329273 -5529.623187067223 4169.851052361194
-3004790.8949969597 4565049.501654231 3720503.238959964 -2965.1949647425727 -5535.460565949671 4164.7112051220965
-3007754.4305689745 4559511.125222272 3724665.3777266406 -2961.875605693904 -5541.291167721843 4159.565322984206
-3010714.645061729 4553966.921580741 3728822.3675965774 -2958.5528067895457 -5547.114983636729 4154.413412781718
-3013671.535037071 4548416.897519865 3732974.2025451316 -2955.2265714374994 -5552.932004956021 4149.255481359941
-3016625.0970602594 4542861.059838605 3737120.8765545096 -2951.8969030511635 -5558.74222295017 4144.091535575323
-3019575.3276999686 4537299.415344647 3741262.383613783 -2948.5638050493285 -5564.545628898406 4138.921582295441
-3022522.2235282944 4531731.970854394 3745398.7177188946 -2945.2272808561734 -5570.342214088758 4133.745628398986
-3025465.78112076 4526158.733192957 3749529.872872672 -2941.8873339012603 -5576.131969818074 4128.563680775754
-3028405.9970563212 4520579.709194144 3753655.8430848373 -2938.5439676195306 -5581.914887392039 4123.375746326634
-3031342.8679173705 4514994.9057004545 3757776.62237202 -2935.197185451301 -5587.690958125194 4118.181831963604
-3034276.3902897434 4509404.329563067 3761892.2047577673 -2931.846990842254 -5593.460173340945 4112.981944609705
-3037206.560762725 4503807.987641835 3766002.584272553 -2928.493387243384 -5599.222524371492 4107.776091198967
-3040133.3759290525 4498205.886805273 3770107.7549537937 -2925.136378110911 -5604.978002557683 4102.564278676277
-3043056.832384923 4492598.033930551 3774207.710845853 -2921.7759669062634 -5610.726599249009 4097.346513997357
-3045976.9267299967 4486984.435903488 3778302.4460000577 -2918.4121570960747 -5616.46830580363 4092.1228041287486
-3048893.6555674034 4481365.0996185355 3782391.954474706 -2915.044952152183 -5622.203113588386 4086.8931560478154
-3051807.0155037483 4475740.031978778 3786476.230335078 -2911.674355551629 -5627.931013978828 4081.657576742726
-3054717.003149115 4470109.239895916 3790555.2676534494 -2908.3003707766484 -5633.651998359224 4076.416073212448
-3057623.615117072 4464472.730290265 3794629.0605090978 -2904.923001314674 -5639.366058122594 4071.1686524667393
-3060526.848024679 4458830.510090742 3798697.6029883176 -2901.5422506583336 -5645.073184670722 4065.9153215261467
-3063426.6984924893 4453182.586234859 3802760.889184429 -2898.1581223054964 -5650.773369414278 4060.65608742206
-3066323.1631445587 4447528.96566871 3806818.913197788 -2894.7706197593166 -5656.4666037729285 4055.390957196773
-3069216.238608446 4441869.655346965 3810871.6691357996 -2891.3797465282355 -5662.152879175367 4050.11993790348
-3072105.9215152236 4436204.662232865 3814919.151112927 -2887.9855061259777 -5667.8321870593345 4044.843036606266
-3074992.20849948 4430533.993298205 3818961.3532507024 -2884.587902071546 -5673.504518871633 4039.5602603800944
-3077875.0961993244 4424857.655523328 3822998.269677739 -2881.186937889216 -5679.169866068149 4034.2716163107966
-3080754.5812563924 4419175.655897119 3827029.8945297417 -2877.782617108536 -5684.828220113871 4028.977111495062
-3083630.660315853 4413488.001416992 3831056.2219495163 -2874.3749432643194 -5690.47957248291 4023.676753040428
-3086503.3300264133 4407794.6990888845 3835077.246086982 -2870.963919896635 -5696.123914658507 4018.3705480652616
-3089372.587040321 4402095.755927242 3839092.9610991827 -2867.549550550761 -5701.76123813296 4013.0585036986836
-3092238.4280133722 4396391.1789550185 3843103.3611502955 -2864.131838777135 -5707.39153440756 4007.7406270805013
-3095100.8496049177 4390680.9752036575 3847108.440411643 -2860.7107881313473 -5713.014794992604 4002.416925361192
-3097959.8484778646 4384965.15171309 3851108.193061704 -2857.2864021741407 -5718.631011407411 3997.087405701895
-3100815.421298684 4379243.715531724 3855102.6132861236 -2853.8586844714046 -5724.240175180345 3991.7520752744026
-3103667.5647374163 4373516.673716431 3859091.6952777235 -2850.427638594172 -5729.842277848832 3986.4109412611497
-3106516.2754676733 4367784.033332543 3863075.4332365147 -2846.993268118619 -5735.437310959384 3981.064010855207
-3109361.550166648 4362045.801453845 3867053.8213697043 -2843.555576626059 -5741.025266067613 3975.71129126027
-3112203.3855151157 4356301.985162554 3871026.8538917094 -2840.114567702944 -5746.606134738263 3970.352789690656
-3115041.7781974413 4350552.591549324 3874994.5250241687 -2836.6702449409145 -5752.179908545332 3964.988513371367
-3117876.724901584 4344797.627713224 3878956.8289959477 -2833.222611936849 -5757.746579072203 3959.618469538155
-3120708.222319102 4339037.100761742 3882913.7600431554 -2829.7716722928635 -5763.306137911669 3954.2426654375176
-3123536.2671451587 4333271.017810764 3886865.312409152 -2826.3174296163093 -5768.858576665958 3948.861108326687
-3126360.856078528 4327499.385984569 3890811.4803445605 -2822.8598875197645 -5774.403886946744 3943.473805473617
-3129181.9858215973 4321722.212415822 3894752.2581072776 -2819.3990496210326 -5779.942060375171 3938.080764156973
-3131999.6530803763 4315939.50424556 3898687.639962483 -2815.9349195431373 -5785.473088581868 3932.6819916661193
-3134813.8545645 4310151.268623186 3902617.620182652 -2812.4675009143148 -5790.996963206969 3927.2774953011067
-3137624.586987233 4304357.512706458 3906542.1930475645 -2808.996797368012 -5796.513675900129 3921.867282372662
-3140431.8470654762 4298558.243661477 3910461.352844316 -2805.5228125428616 -5802.023218320508 3916.4513602021498
-3143235.6315197735 4292753.468662685 3914375.0938673313 -2802.0455500826533 -5807.525582136731 3911.0297361215244
-3146035.9370743134 4286943.194892846 3918283.4104183693 -2798.5650136363242 -5813.020759026905 3905.6024174733143
-3148832.760456936 4281127.429543044 3922186.2968065394 -2795.081206857955 -5818.508740678629 3900.169411610611
-3151626.098399138 4275306.179812671 3926083.7473483067 -2791.5941334067643 -5823.98951878902 3894.730725897058
-3154415.94763608 4269479.452909412 3929975.7563675074 -2788.1037969471076 -5829.463085064729 3889.28636770684
-3157202.304906586 4263647.256049247 3933862.3181953565 -2784.610201148471 -5834.92943122196 3883.8363444246697
-3159985.166953155 4257809.596456434 3937743.427170458 -2781.113349685466 -5840.388548986486 3878.3806634457806
-3162764.530521962 4251966.481363494 3941619.0776388175 -2777.613246237827 -5845.840430093674 3872.919332175912
-3165540.3923628638 4246117.918011217 3945489.263953851 -2774.1098944903933 -5851.2850662884675 3867.452358031285
-3168312.749229406 4240263.913648638 3949353.9804763966 -2770.603298133068 -5856.722449325337 3861.979748438533
-3171081.597878825 4234404.475533032 3953213.2215747237 -2767.0934608608027 -5862.152570968263 3856.5015108346797
-3173846.9350720556 4228539.610929908 3957066.9816245446 -2763.580386373591 -5867.5754229907625 3851.0176526671266
-3176608.757573735 4222669.327112996 3960915.255009023 -2760.0640783764698 -5872.990997175904 3845.528181393645
-3179367.0621522083 4216793.631364238 3964758.0361187863 -2756.5445405795117 -5878.399285316332 3840.0331044823633
-3182121.845579533 4210912.530973779 3968595.3193519344 -2753.021776697823 -5883.800279214277 3834.532429411759
-3184873.1046314826 4205026.033239954 3972427.099114052 -2749.4957904515404 -5889.193970681583 3829.026163670648
-3187620.836087556 4199134.145469286 3976253.369818218 -2745.9665855658277 -5894.580351539725 3823.514314758175
-3190365.0367309786 4193236.8749764673 3980074.125885015 -2742.4341657708705 -5899.9594136198275 3817.996890183802
-3193105.703348707 4187334.2290843586 3983889.3617425384 -2738.898534801882 -5905.331148762697 3812.473897467309
-3195842.832731438 4181426.2151239715 3987699.0718264114 -2735.359696399098 -5910.695548818847 3806.9453441387873
-3198576.4216736094 4175512.8404344637 3991503.2505797916 -2731.817654307779 -5916.052605648521 3801.411237738628
-3201306.466973407 4169594.112363127 3995301.892453382 -2728.272412278202 -5921.402311121708 3795.8715858175146
-3204032.965432771 4163670.038265379 3999094.99190544 -2724.723974065659 -5926.744657118168 3790.326395936409
-3206755.9138573976 4157740.625504753 4002882.5434017912 -2721.172343430452 -5932.079635527443 3784.775675666545
-3209475.3090567463 4151805.881452887 4006664.5414158367 -2717.617524137892 -5937.407238248882 3779.2194325894143
-3212191.1478440445 4145865.813489515 4010440.980428565 -2714.05951995829 -5942.727457191656 3773.6576742967577
-3214903.4270362924 4139920.4290024573 4014211.854928559 -2710.4983346669583 -5948.040284274782 3768.0904083905557
-3217612.1434542676 4133969.7353876093 4017977.159412012 -2706.9339720442613 -5953.345711427261 3762.517642483092
-3220317.2939225314 4128013.7400489333 4021736.888382732 -2703.3664358757733 -5958.643730588465 3756.9393841971755
-3223018.875269434 4122052.4503984465 4025491.036352157 -2699.795729952326 -5963.9343337082555 3751.355641166192
-3225716.8843271164 4116085.8738562106 4029239.5978393634 -2696.221858069999 -5969.217512747014 3745.766421034092
-3228411.317931521 4110114.0178503226 4032982.567371076 -2692.644824030115 -5974.493259675647 3740.1717314553725
-3231102.172922393 4104136.8898169026 4036719.93948168 -2689.0646316392294 -5979.7615664756095 3734.5715800950607
-3233789.446143286 4098154.497200084 4040451.70871323 -2685.4812847091225 -5985.022425138913 3728.965974628697
-3236473.1344415694 4092166.847452003 4044177.8696154635 -2681.8947870567936 -5990.275827668148 3723.3549227423205
-3239153.2346684323 4086173.9480327885 4047898.416745807 -2678.3051425044514 -5995.521766076493 3717.7384321324494
-3241829.743678887 4080175.8064105497 4051613.3446693895 -2674.712354879497 -6000.76023238771 3712.116510506053
-3244502.6583317774 4074172.430061368 4055322.647959052 -2671.11642801432 -6005.991218635715 3706.489165580261
-3247171.975489781 4068163.826469285 4059026.321195359 -2667.5173657459864 -6011.214716863919 3700.8564050819277
-3249837.692019415 4062150.0031262957 4062724.3589666043 -2663.9151719161937 -6016.430719125131 3695.218236747562
-3252499.804791041 4056130.9675323362 4066416.755868824 -2660.3098503712695 -6021.639217481589 3689.574668323323
-3255158.310678869 4050106.7271952773 4070103.506505806 -2656.7014049621735 -6026.8402040049805 3683.925707565014
-3257813.2065609624 4044077.2896309104 4073784.605489098 -2653.089839544495 -6032.033670776464 3678.2713622380784
-3260464.489319242 4038042.662362945 4077460.0474380176 -2649.475157978455 -6037.219609886695 3672.611640117595
-3263112.1558394916 4032002.8529229914 4081129.826979663 -2645.857364128906 -6042.398013435846 3666.9465489882728
-3265756.203011362 4025957.868850557 4084793.938748922 -2642.23646186533 -6047.56887353363 3661.2760966444466
-3268396.6277283756 4019907.7176930355 4088452.377388482 -2638.61245506186 -6052.732182299358 3655.600290890093
-3271033.426887932 4013852.407005693 4092105.1375488373 -2634.9853475974874 -6057.887931862462 3649.919139539122
-3273666.5973913115 4007791.9443516643 4095752.2138883024 -2631.355143356305 -6063.036114363062 3644.2326504157045
-3276296.1361436816 4001726.3373019374 4099393.601073022 -2627.721846227526 -6068.176721952048 3638.5408313542907
-3278922.0400541015 3995655.593435344 4103029.293776979 -2624.0854601054775 -6073.309746791098 3632.843690199598
-3281544.306035528 3989579.7203385485 4106659.286682008 -2620.4459888895917 -6078.435181052694 3627.14123480659
-3284162.931004818 3983498.725606037 4110283.574477801 -2616.803436484399 -6083.553016920128 3621.433473040464
-3286777.911882737 3977412.616840108 4113902.151861923 -2613.157806799518 -6088.663246587532 3615.7204127766327
-3289389.2455939623 3971321.40165086 4117515.0135398167 -2609.509103749652 -6093.765862259879 3610.0020619007087
-3291996.929067088 3965225.0876561813 4121122.1542248186 -2605.85733125458 -6098.860856153007 3604.2784283084866
-3294600.9592346307 3959123.6824817387 4124723.5686381636 -2602.2024932391414 -6103.948220493618 3598.549519905921
-3297201.333033036 3953017.1937609664 4128319.251508999 -2598.5445936331434 -6109.0279475190855 3592.815344608988
-3299798.047402679 3946905.629135057 4131909.1975743924 -2594.8836363712485 -6114.100029477227 3587.075910343522
-3302391.099287873 3940788.9962529493 4135493.401579342 -2591.219625392955 -6119.164458626289 3581.3312250451927
-3304980.4856368746 3934667.3027713187 4139071.8582767867 -2587.552564642599 -6124.221227234967 3575.5812966594885
-3307566.203401884 3928540.556354567 4142644.562427616 -2583.882458069344 -6129.270327582429 3569.826133141707
-3310148.249539057 3922408.7646748116 4146211.5088006807 -2580.2093096271788 -6134.311751958325 3564.0657424569445
-3312726.6210085023 3916271.9354118747 4149772.6921727993 -2576.533123274914 -6139.345492662812 3558.300132580082
-3315301.3147742916 3910130.076253273 4153328.1073287716 -2572.8539029761782 -6144.371542006568 3552.529311495774
-3317872.327804462 3903983.194894208 4156877.7490613866 -2569.1716526994105 -6149.389892310819 3546.753287198437
-3320439.6570710223 3897831.2990375548 4160421.612171432 -2565.4863764178585 -6154.400535907345 3540.9720676922398
-3323003.2995499554 3891674.396393849 4163959.6914677056 -2561.7980781095907 -6159.403465138551 3535.1856609911106
-3325563.2522212267 3885512.494681282 4167491.981767024 -2558.1067617575227 -6164.398672357553 3529.394075118772
-3328119.5120687853 3879345.601625684 4171018.4778942307 -2554.412431349416 -6169.3861499282075 3523.5973181087325
-3330672.076080571 3873173.7249605176 4174539.1746822097 -2550.715090877876 -6174.3658902251345 3517.7953980042753
-3333220.941248519 3866996.8724268633 4178054.066971892 -2547.014744340342 -6179.337885633731 3511.9883228584426
-3335766.1045685634 3860815.0517734136 4181563.149612267 -2543.311395739087 -6184.302128550193 3506.1761007340247
-3338307.5630406444 3854628.270756458 4185066.4174603913 -2539.6050490812086 -6189.258611381526 3500.3587397035462
-3340845.3136687106 3848436.5371398735 4188563.8653813996 -2535.895708378625 -6194.2073265455665 3494.536247849252
-3343379.3534607254 3842239.858695113 4192055.4882485126 -2532.18337764807 -6199.148266470998 3488.708633263095
-3345909.6794286715 3836038.243201198 4195541.280943049 -2528.468060911086 -6204.081423597372 3482.8759040467216
-3348436.288588554 3829831.6984447017 4199021.238354432 -2524.7497621940197 -6209.006790375113 3477.0380683114554
-3350959.177960409 3823620.2322197435 4202495.355380205 -2521.0284855280024 -6213.924359265518 3471.195134178271
-3353478.3445683047 3817403.8523279764 4205963.626926033 -2517.3042349489447 -6218.834122740764 3465.347109777775
-3355993.785440349 3811182.5665785735 4209426.047905718 -2513.5770144975286 -6223.736073283918 3459.494003250194
-3358505.4976086915 3804956.3827882214 4212882.613241207 -2509.846828219205 -6228.6302033889615 3453.6358227453593
-3361013.4781095292 3798725.308781107 4216333.317862602 -2506.1136801641837 -6233.516505560808 3447.7725764226934
-3363517.7239831127 3792489.352388906 4219778.15670817 -2502.377574387435 -6238.3949723153155 3441.904272451199
-3366018.23227375 3786248.5214507733 4223217.124724349 -2498.6385149486773 -6243.265596179307 3436.030919009445
-3368515.000029811 3780002.823813332 4226650.216865762 -2494.896505912377 -6248.128369690587 3430.152524285552
-3371008.024303732 3773752.2673306605 4230077.428095225 -2491.1515513477407 -6252.983285397959 3424.2690964771805
-3373497.302152022 3767496.8598642848 4233498.753383757 -2487.4036553287115 -6257.830335861245 3418.380643791517
-3375982.830635264 3761236.609283163 4236914.187710587 -2483.6528219339666 -6262.669513651312 3412.4871744452676
-3378464.606818125 3754971.5234636795 4240323.726063169 -2479.8990552469204 -6267.500811350111 3406.5886966646535
-3380942.627769356 3748701.6102896295 4243727.363437183 -2476.142359355721 -6272.3242215506925 3400.6852186854007
-3383416.890561799 3742426.8776522097 4247125.094836555 -2472.382738353244 -6277.139736857227 3394.7767487527253
-3385887.3922723914 3736147.3334500077 4250516.915273456 -2468.620196337084 -6281.947349885023 3388.863295121319
-3388354.1299821693 3729862.98558899 4253902.819768319 -2464.854737409554 -6286.747053260538 3382.944866055336
-3390817.1007762747 3723573.841982492 4257282.803349847 -2461.0863656776783 -6291.538839621404 3377.02146982838
-3393276.3017439595 3717279.910551203 4260656.861055017 -2457.315085253183 -6296.322701616435 3371.0931147234887
-3395731.729978589 3710981.199223161 4264024.987929098 -2453.5409002524966 -6301.098631905655 3365.159809033121
-3398183.382577646 3704677.7159337373 4267387.179025655 -2449.7638147967386 -6305.866623160303 3359.2215610591425
-3400631.2566427393 3698369.4686256247 4270743.429406559 -2445.983833011716 -6310.626668062854 3353.27837911281
-3403075.3492796035 3692056.465248831 4274093.734141997 -2442.2009590279 -6315.378759306992 3347.3302715147342
-3405515.657598107 3685738.7137606624 4277438.088310481 -2438.4151969804034 -6320.122889597578 3341.377246594843
-3407952.178712256 3679416.222125715 4280776.486998858 -2434.626551008974 -6324.859051650672 3335.419312692367
-3410384.9097401975 3673088.9983158647 4284108.925302321 -2430.8350252579908 -6329.587238193547 3329.456478155827
-3412813.847804227 3666757.0503102527 4287435.398324411 -2427.040623876459 -6334.307441964704 3323.4887513430203
-3415238.9900307907 3660420.3860952766 4290755.901177037 -2423.243351018003 -6339.019655713895 3317.516140621007
-3417660.33355049 3654079.013664579 4294070.428980475 -2419.443210840861 -6343.723872202137 3311.538654366095
-3420077.8754980867 3647732.941019036 4297378.976863385 -2415.6402075078836 -6348.420084201728 3305.556300963832
-3422491.6130125085 3641382.176166745 4300681.539962818 -2411.834345186525 -6353.108284496269 3299.5690888089866
-3424901.5432368536 3635026.727123014 4303978.113424221 -2408.0256280488384 -6357.788465880676 3293.577026305538
-3427307.663318393 3628666.601910352 4307268.692401451 -2404.2140602714785 -6362.460621161216 3287.580121866669
-3429709.970408577 3622301.8085584543 4310553.272056784 -2400.3996460357503 -6367.124743155679 3281.578383914831
-3432108.4616630403 3615932.355104193 4313831.847560921 -2396.5823895276603 -6371.780824693532 3275.571820881807
-3434503.134241605 3609558.249591606 4317104.414093001 -2392.762294937913 -6376.42885861595 3269.560441208696
-3436893.985308287 3603179.5000718827 4320370.966840608 -2388.9393664619024 -6381.068837775832 3263.544253345899
-3439281.0120313 3596796.1146033537 4323631.500999781 -2385.113608299706 -6385.700755037811 3257.5232657531024
-3441664.2115830593 3590408.1012514806 4326886.011775026 -2381.2850246560765 -6390.324603278273 3251.4974868992613
-3444043.581140188 3584015.4680888415 4330134.494379319 -2377.4536197404345 -6394.940375385367 3245.4669252625827
-3446419.1178835207 3577618.223195121 4333376.944034121 -2373.6193977668627 -6399.548064259022 3239.431589330508
-3448790.818998108 3571216.3746570977 4336613.3559693815 -2369.782362954096 -6404.147662810963 3233.3914875996984
-3451158.681673223 3564809.9305686327 4339843.725423556 -2365.942519525515 -6408.739163964724 3227.3466285760155
-3453522.703102363 3558398.899030657 4343068.047643607 -2362.099871709132 -6413.32256065564 3221.297020774497
-3455882.8804832557 3551983.288151161 4346286.317885019 -2358.2544237374327 -6417.897845830451 3215.2426727191328
-3458239.2110178648 3545563.1060451823 4349498.531411804 -2354.4061798471434 -6422.465012446707 3209.183592942544
-3460591.691912391 3539138.360834798 4352704.683496511 -2350.555144279197 -6427.0240534726945 3203.1197899859276
-3462940.320377279 3532709.060649108 4355904.769420233 -2346.701321278733 -6431.574961887458 3197.051272399053
-3465285.093627221 3526275.2136242306 4359098.784472619 -2342.844715095096 -6436.117730680827 3190.9780487402527
-3467626.0088811596 3519836.8279032875 4362286.723951878 -2338.985329981837 -6440.65235285344 3184.90012757642
