# Tacode wind table
# Source: NCEP/NCAR Reanalysis 1, pressure-level uwnd/vwnd/hgt
# --Obtained from https://psl.noaa.gov/thredds/dodsC/Datasets/ncep.reanalysis/pressure
# Epoch (UTC): 2024-01-01T00:00:00.000Z
# Region: longitude 230 to 250 deg. (0-360 convention), latitude -5 to -25 deg.
# Vertical: geometric altitude from the region-mean geopotential height of each pressure level
# The vertical wind is not modelled and is written as zero
# Generated: 2026-09-10T03:59:46Z by generate_wind_table.py
#
# The wind is given in the local geocentric horizon [East, North, Up]
# Longitude[deg.] Latitude[deg.] Altitude[km] East[m/s] North[m/s] Up[m/s]
     230.00000    -5.00000     0.13204     -7.15473      1.02909      0.00000
     230.00000    -5.00000     0.80847     -9.31765     -0.04117      0.00000
     230.00000    -5.00000     1.52714     -7.77072     -0.82744      0.00000
     230.00000    -5.00000     3.14410     -6.15183     -2.28540      0.00000
     230.00000    -5.00000     4.40866     -2.86285     -1.31344      0.00000
     230.00000    -5.00000     5.86584      1.79498     -2.99818      0.00000
     230.00000    -5.00000     7.59040      0.20894      0.57989      0.00000
     230.00000    -5.00000     9.71025     -0.88578     -0.58449      0.00000
     230.00000    -5.00000    10.97997      1.22953      1.43273      0.00000
     230.00000    -5.00000    12.46326      6.51093      2.36849      0.00000
     230.00000    -5.00000    14.27759      3.31652      3.85006      0.00000
     230.00000    -5.00000    16.66871      0.84459      3.31115      0.00000
     230.00000    -5.00000    18.70741     -0.11454     -0.09732      0.00000
     230.00000    -5.00000    20.72160     -4.18530      0.51499      0.00000
     230.00000    -5.00000    23.85301    -24.16040     -4.78082      0.00000
     230.00000    -5.00000    26.44489    -36.83495     10.14479      0.00000
     230.00000    -5.00000    30.99574     -0.70000     -6.90000      0.00000
     232.50000    -5.00000     0.13204     -7.01447      0.52560      0.00000
     232.50000    -5.00000     0.80847     -8.81268     -0.65404      0.00000
     232.50000    -5.00000     1.52714     -7.01745      0.28256      0.00000
     232.50000    -5.00000     3.14410     -8.04517     -0.79739      0.00000
     232.50000    -5.00000     4.40866     -3.84077     -0.61030      0.00000
     232.50000    -5.00000     5.86584      2.99733     -1.79954      0.00000
     232.50000    -5.00000     7.59040     -0.98458      1.18844      0.00000
     232.50000    -5.00000     9.71025     -1.39484      0.50904      0.00000
     232.50000    -5.00000    10.97997      1.79679      2.63119      0.00000
     232.50000    -5.00000    12.46326      7.30406      3.37551      0.00000
     232.50000    -5.00000    14.27759      5.28146      3.88229      0.00000
     232.50000    -5.00000    16.66871     -0.58528      2.91944      0.00000
     232.50000    -5.00000    18.70741      1.48115     -0.49269      0.00000
     232.50000    -5.00000    20.72160     -3.84146      1.30349      0.00000
     232.50000    -5.00000    23.85301    -28.48525     -3.68187      0.00000
     232.50000    -5.00000    26.44489    -40.21495      6.53575      0.00000
     232.50000    -5.00000    30.99574      1.00000     -7.30000      0.00000
     235.00000    -5.00000     0.13204     -6.29687      0.44188      0.00000
     235.00000    -5.00000     0.80847     -8.11318     -0.62828      0.00000
     235.00000    -5.00000     1.52714     -5.93837      1.21279      0.00000
     235.00000    -5.00000     3.14410     -8.85436      2.18016      0.00000
     235.00000    -5.00000     4.40866     -4.24935      0.19209      0.00000
     235.00000    -5.00000     5.86584      2.09890     -0.79935      0.00000
     235.00000    -5.00000     7.59040     -2.28813      1.79299      0.00000
     235.00000    -5.00000     9.71025     -0.12736      1.50373      0.00000
     235.00000    -5.00000    10.97997      3.48717      2.56646      0.00000
     235.00000    -5.00000    12.46326      7.84900      2.98627      0.00000
     235.00000    -5.00000    14.27759      6.84311      3.48204      0.00000
     235.00000    -5.00000    16.66871     -1.83981      1.53641      0.00000
     235.00000    -5.00000    18.70741      2.58189      0.51156      0.00000
     235.00000    -5.00000    20.72160     -2.64128      3.40227      0.00000
     235.00000    -5.00000    23.85301    -31.26806     -1.56096      0.00000
     235.00000    -5.00000    26.44489    -43.17345      3.09400      0.00000
     235.00000    -5.00000    30.99574      3.30000     -8.50000      0.00000
     237.50000    -5.00000     0.13204     -6.07274      1.46172      0.00000
     237.50000    -5.00000     0.80847     -7.81040      0.53090      0.00000
     237.50000    -5.00000     1.52714     -5.02272      1.53925      0.00000
     237.50000    -5.00000     3.14410     -7.17631      5.27022      0.00000
     237.50000    -5.00000     4.40866     -3.66917      0.88557      0.00000
     237.50000    -5.00000     5.86584      0.99912     -1.29912      0.00000
     237.50000    -5.00000     7.59040     -2.49056      2.19056      0.00000
     237.50000    -5.00000     9.71025      2.04067      3.08839      0.00000
     237.50000    -5.00000    10.97997      4.42494      2.51877      0.00000
     237.50000    -5.00000    12.46326      7.39892      1.92022      0.00000
     237.50000    -5.00000    14.27759      7.40348      3.25121      0.00000
     237.50000    -5.00000    16.66871     -0.08081      0.34705      0.00000
     237.50000    -5.00000    18.70741      2.18850      1.01188      0.00000
     237.50000    -5.00000    20.72160     -1.28373      4.02822      0.00000
     237.50000    -5.00000    23.85301    -32.14680     -0.42177      0.00000
     237.50000    -5.00000    26.44489    -43.83550      2.27464      0.00000
     237.50000    -5.00000    30.99574      5.40000     -6.50000      0.00000
     240.00000    -5.00000     0.13204     -6.85428      3.46268      0.00000
     240.00000    -5.00000     0.80847     -8.29295      2.37465      0.00000
     240.00000    -5.00000     1.52714     -4.59709      1.54951      0.00000
     240.00000    -5.00000     3.14410     -4.28860      6.57201      0.00000
     240.00000    -5.00000     4.40866     -2.08129      1.17921      0.00000
     240.00000    -5.00000     5.86584      1.49860     -2.79845      0.00000
     240.00000    -5.00000     7.59040     -1.29082      2.68198      0.00000
     240.00000    -5.00000     9.71025      3.43141      5.55856      0.00000
     240.00000    -5.00000    10.97997      3.98395      3.76101      0.00000
     240.00000    -5.00000    12.46326      5.83718      1.86282      0.00000
     240.00000    -5.00000    14.27759      7.25421      3.15421      0.00000
     240.00000    -5.00000    16.66871      4.44055      0.34055      0.00000
     240.00000    -5.00000    18.70741      1.89086      0.11058      0.00000
     240.00000    -5.00000    20.72160     -0.34261      2.26974      0.00000
     240.00000    -5.00000    23.85301    -32.00931     -0.38823      0.00000
     240.00000    -5.00000    26.44489    -42.45315      3.74428      0.00000
     240.00000    -5.00000    30.99574      5.80000      1.40000      0.00000
     242.50000    -5.00000     0.13204     -7.35309      5.64337      0.00000
     242.50000    -5.00000     0.80847     -8.67883      4.02020      0.00000
     242.50000    -5.00000     1.52714     -4.68140      1.42791      0.00000
     242.50000    -5.00000     3.14410     -2.87965      4.07136      0.00000
     242.50000    -5.00000     4.40866     -0.18510      0.27924      0.00000
     242.50000    -5.00000     5.86584      3.09646     -4.29507      0.00000
     242.50000    -5.00000     7.59040      0.51003      3.66915      0.00000
     242.50000    -5.00000     9.71025      3.25739      8.32848      0.00000
     242.50000    -5.00000    10.97997      3.10628      6.17222      0.00000
     242.50000    -5.00000    12.46326      4.64817      3.68098      0.00000
     242.50000    -5.00000    14.27759      7.31318      2.82572      0.00000
     242.50000    -5.00000    16.66871      7.59695      0.63351      0.00000
     242.50000    -5.00000    18.70741      3.08458     -0.30000      0.00000
     242.50000    -5.00000    20.72160     -0.71948     -0.29419      0.00000
     242.50000    -5.00000    23.85301    -31.00036      0.62177      0.00000
     242.50000    -5.00000    26.44489    -40.83013      5.13488      0.00000
     242.50000    -5.00000    30.99574      3.50000     11.30000      0.00000
     245.00000    -5.00000     0.13204     -6.55890      6.52269      0.00000
     245.00000    -5.00000     0.80847     -7.99360      4.38769      0.00000
     245.00000    -5.00000     1.52714     -4.49069      0.67724      0.00000
     245.00000    -5.00000     3.14410     -3.56086     -1.50091      0.00000
     245.00000    -5.00000     4.40866      0.71579     -1.61624      0.00000
     245.00000    -5.00000     5.86584      4.19386     -5.19368      0.00000
     245.00000    -5.00000     7.59040      1.40919      4.76719      0.00000
     245.00000    -5.00000     9.71025      1.89309      9.82947      0.00000
     245.00000    -5.00000    10.97997      2.77593      7.95350      0.00000
     245.00000    -5.00000    12.46326      4.83772      6.44449      0.00000
     245.00000    -5.00000    14.27759      8.58011      1.94514      0.00000
     245.00000    -5.00000    16.66871      7.12969     -0.06474      0.00000
     245.00000    -5.00000    18.70741      4.89820      0.79932      0.00000
     245.00000    -5.00000    20.72160     -2.17818     -1.76489      0.00000
     245.00000    -5.00000    23.85301    -29.22541      3.53894      0.00000
     245.00000    -5.00000    26.44489    -39.74873      5.12870      0.00000
     245.00000    -5.00000    30.99574     -0.40000     15.70000      0.00000
     247.50000    -5.00000     0.13204     -4.86617      6.01177      0.00000
     247.50000    -5.00000     0.80847     -6.52123      3.58184      0.00000
     247.50000    -5.00000     1.52714     -3.80821     -0.55384      0.00000
     247.50000    -5.00000     3.14410     -4.66002     -6.37001      0.00000
     247.50000    -5.00000     4.40866     -0.28586     -3.10754      0.00000
     247.50000    -5.00000     5.86584      4.18289     -5.49088      0.00000
     247.50000    -5.00000     7.59040      1.40595      4.27916      0.00000
     247.50000    -5.00000     9.71025      1.49894      8.35663      0.00000
     247.50000    -5.00000    10.97997      3.26178      7.32336      0.00000
     247.50000    -5.00000    12.46326      5.34760      7.30000      0.00000
     247.50000    -5.00000    14.27759     10.05423      0.70651      0.00000
     247.50000    -5.00000    16.66871      5.11788     -1.35693      0.00000
     247.50000    -5.00000    18.70741      4.30405      1.58264      0.00000
     247.50000    -5.00000    20.72160     -3.87101     -2.13523      0.00000
     247.50000    -5.00000    23.85301    -27.56090      6.61980      0.00000
     247.50000    -5.00000    26.44489    -38.99297      4.06410      0.00000
     247.50000    -5.00000    30.99574     -3.90000     11.20000      0.00000
     250.00000    -5.00000     0.13204     -3.86000      5.22942      0.00000
     250.00000    -5.00000     0.80847     -5.44115      3.18497      0.00000
     250.00000    -5.00000     1.52714     -3.31019     -1.05010      0.00000
     250.00000    -5.00000     3.14410     -4.48517     -6.87389      0.00000
     250.00000    -5.00000     4.40866     -2.00078     -2.50137      0.00000
     250.00000    -5.00000     5.86584      3.16954     -4.58770      0.00000
     250.00000    -5.00000     7.59040      1.20426      1.38722      0.00000
     250.00000    -5.00000     9.71025      2.88597      3.28432      0.00000
     250.00000    -5.00000    10.97997      4.37405      3.59481      0.00000
     250.00000    -5.00000    12.46326      5.76977      4.38273      0.00000
     250.00000    -5.00000    14.27759     10.74284     -0.83360      0.00000
     250.00000    -5.00000    16.66871      4.95835     -2.36366      0.00000
     250.00000    -5.00000    18.70741      1.14369     -0.72008      0.00000
     250.00000    -5.00000    20.72160     -5.47807     -3.11261      0.00000
     250.00000    -5.00000    23.85301    -27.21590      7.28538      0.00000
     250.00000    -5.00000    26.44489    -37.44651      3.29280      0.00000
     250.00000    -5.00000    30.99574     -6.80000      3.00000      0.00000
     230.00000    -7.50000     0.13204     -7.96277     -0.18560      0.00000
     230.00000    -7.50000     0.80847     -8.87471     -1.55247      0.00000
     230.00000    -7.50000     1.52714     -6.08392     -0.53216      0.00000
     230.00000    -7.50000     3.14410     -5.01066     -2.67761      0.00000
     230.00000    -7.50000     4.40866     -5.98469     -0.60585      0.00000
     230.00000    -7.50000     5.86584     -2.61291     -1.89506      0.00000
     230.00000    -7.50000     7.59040     -2.89763     -0.01501      0.00000
     230.00000    -7.50000     9.71025     -5.17021     -2.76373      0.00000
     230.00000    -7.50000    10.97997      0.12382     -0.38008      0.00000
     230.00000    -7.50000    12.46326      6.46763      3.55477      0.00000
     230.00000    -7.50000    14.27759      2.92373      6.02386      0.00000
     230.00000    -7.50000    16.66871      1.32659      2.26913      0.00000
     230.00000    -7.50000    18.70741      0.19354     -1.00162      0.00000
     230.00000    -7.50000    20.72160     -3.72693     -1.92549      0.00000
     230.00000    -7.50000    23.85301    -25.56638     -3.19416      0.00000
     230.00000    -7.50000    26.44489    -37.49821     10.39238      0.00000
     230.00000    -7.50000    30.99574     -4.80000     -8.60000      0.00000
     232.50000    -7.50000     0.13204     -7.32818     -0.06106      0.00000
     232.50000    -7.50000     0.80847     -7.79089     -1.21271      0.00000
     232.50000    -7.50000     1.52714     -4.91339      1.06469      0.00000
     232.50000    -7.50000     3.14410     -5.99454     -1.78817      0.00000
     232.50000    -7.50000     4.40866     -5.38019     -0.50720      0.00000
     232.50000    -7.50000     5.86584     -1.01670     -2.09393      0.00000
     232.50000    -7.50000     7.59040     -4.67290      0.38169      0.00000
     232.50000    -7.50000     9.71025     -5.48927     -0.48793      0.00000
     232.50000    -7.50000    10.97997      0.40444      1.53268      0.00000
     232.50000    -7.50000    12.46326      5.90386      4.87875      0.00000
     232.50000    -7.50000    14.27759      3.48706      6.16131      0.00000
     232.50000    -7.50000    16.66871      0.15989      1.97804      0.00000
     232.50000    -7.50000    18.70741      1.89072     -0.49722      0.00000
     232.50000    -7.50000    20.72160     -2.60630      0.64562      0.00000
     232.50000    -7.50000    23.85301    -29.37003     -1.98106      0.00000
     232.50000    -7.50000    26.44489    -39.42854      6.51632      0.00000
     232.50000    -7.50000    30.99574     -2.40000     -7.10000      0.00000
     235.00000    -7.50000     0.13204     -6.11911      0.55795      0.00000
     235.00000    -7.50000     0.80847     -6.50851     -0.42326      0.00000
     235.00000    -7.50000     1.52714     -3.52624      2.09417      0.00000
     235.00000    -7.50000     3.14410     -6.18582      1.49392      0.00000
     235.00000    -7.50000     4.40866     -4.08694      0.58874      0.00000
     235.00000    -7.50000     5.86584     -1.20904     -1.89221      0.00000
     235.00000    -7.50000     7.59040     -5.37167      0.88111      0.00000
     235.00000    -7.50000     9.71025     -3.32912      1.68891      0.00000
     235.00000    -7.50000    10.97997      1.44279      2.37754      0.00000
     235.00000    -7.50000    12.46326      5.07395      4.90896      0.00000
     235.00000    -7.50000    14.27759      3.74754      5.67782      0.00000
     235.00000    -7.50000    16.66871     -0.52915      1.07744      0.00000
     235.00000    -7.50000    18.70741      2.68695      0.81271      0.00000
     235.00000    -7.50000    20.72160     -1.77070      4.52068      0.00000
     235.00000    -7.50000    23.85301    -30.93542      0.57260      0.00000
     235.00000    -7.50000    26.44489    -40.56261      3.60568      0.00000
     235.00000    -7.50000    30.99574      0.40000     -5.90000      0.00000
     237.50000    -7.50000     0.13204     -5.51773      1.76750      0.00000
     237.50000    -7.50000     0.80847     -6.02113      0.73307      0.00000
     237.50000    -7.50000     1.52714     -3.01909      2.03182      0.00000
     237.50000    -7.50000     3.14410     -5.09035      5.48464      0.00000
     237.50000    -7.50000     4.40866     -2.89464      1.98699      0.00000
     237.50000    -7.50000     5.86584     -1.50341     -1.39171      0.00000
     237.50000    -7.50000     7.59040     -3.98458      1.38273      0.00000
     237.50000    -7.50000     9.71025     -0.05544      3.66812      0.00000
     237.50000    -7.50000    10.97997      2.23145      3.11788      0.00000
     237.50000    -7.50000    12.46326      4.42883      4.45471      0.00000
     237.50000    -7.50000    14.27759      3.53002      5.46998      0.00000
     237.50000    -7.50000    16.66871      1.13349      0.37256      0.00000
     237.50000    -7.50000    18.70741      1.28499      0.72787      0.00000
     237.50000    -7.50000    20.72160     -1.96591      5.83367      0.00000
     237.50000    -7.50000    23.85301    -30.52468      1.82968      0.00000
     237.50000    -7.50000    26.44489    -40.05929      3.08318      0.00000
     237.50000    -7.50000    30.99574      3.00000     -2.90000      0.00000
     240.00000    -7.50000     0.13204     -6.22527      3.56350      0.00000
     240.00000    -7.50000     0.80847     -7.02051      2.28314      0.00000
     240.00000    -7.50000     1.52714     -3.79818      1.65179      0.00000
     240.00000    -7.50000     3.14410     -3.59460      7.28237      0.00000
     240.00000    -7.50000     4.40866     -2.09425      2.38697      0.00000
     240.00000    -7.50000     5.86584     -0.60161     -0.99635      0.00000
     240.00000    -7.50000     7.59040     -1.29649      1.48748      0.00000
     240.00000    -7.50000     9.71025      2.35047      5.44646      0.00000
     240.00000    -7.50000    10.97997      2.01100      4.81924      0.00000
     240.00000    -7.50000    12.46326      3.74658      4.89703      0.00000
     240.00000    -7.50000    14.27759      3.50850      5.96882      0.00000
     240.00000    -7.50000    16.66871      4.19083      0.47335      0.00000
     240.00000    -7.50000    18.70741     -0.41201     -0.97409      0.00000
     240.00000    -7.50000    20.72160     -2.60506      3.08003      0.00000
     240.00000    -7.50000    23.85301    -30.01924      1.36796      0.00000
     240.00000    -7.50000    26.44489    -39.02303      4.37842      0.00000
     240.00000    -7.50000    30.99574      3.40000      3.20000      0.00000
     242.50000    -7.50000     0.13204     -7.43841      5.24681      0.00000
     242.50000    -7.50000     0.80847     -8.61083      3.44395      0.00000
     242.50000    -7.50000     1.52714     -5.18251      1.33985      0.00000
     242.50000    -7.50000     3.14410     -3.38515      5.37097      0.00000
     242.50000    -7.50000     4.40866     -1.18960      1.08688      0.00000
     242.50000    -7.50000     5.86584      1.09959     -1.79718      0.00000
     242.50000    -7.50000     7.59040      0.60135      1.59083      0.00000
     242.50000    -7.50000     9.71025      2.27807      7.12777      0.00000
     242.50000    -7.50000    10.97997      1.52075      7.20000      0.00000
     242.50000    -7.50000    12.46326      3.34617      6.81133      0.00000
     242.50000    -7.50000    14.27759      3.98301      6.11982      0.00000
     242.50000    -7.50000    16.66871      5.87114      0.58505      0.00000
     242.50000    -7.50000    18.70741     -0.01626     -1.39761      0.00000
     242.50000    -7.50000    20.72160     -3.58145     -0.88684      0.00000
     242.50000    -7.50000    23.85301    -29.82401      1.11200      0.00000
     242.50000    -7.50000    26.44489    -38.32041      5.77256      0.00000
     242.50000    -7.50000    30.99574     -0.60000      9.80000      0.00000
     245.00000    -7.50000     0.13204     -7.74131      5.92919      0.00000
     245.00000    -7.50000     0.80847     -9.01810      3.52532      0.00000
     245.00000    -7.50000     1.52714     -5.68814      0.50000      0.00000
     245.00000    -7.50000     3.14410     -4.36265      0.48361      0.00000
     245.00000    -7.50000     4.40866     -0.28385     -1.31458      0.00000
     245.00000    -7.50000     5.86584      2.79732     -4.09154      0.00000
     245.00000    -7.50000     7.59040      0.90182      1.89424      0.00000
     245.00000    -7.50000     9.71025      0.50460      8.32529      0.00000
     245.00000    -7.50000    10.97997      0.98860      9.18175      0.00000
     245.00000    -7.50000    12.46326      3.04340      9.20000      0.00000
     245.00000    -7.50000    14.27759      5.04450      5.50545      0.00000
     245.00000    -7.50000    16.66871      5.10000     -0.48651      0.00000
     245.00000    -7.50000    18.70741      1.50269      0.69903      0.00000
     245.00000    -7.50000    20.72160     -4.91195     -2.67621      0.00000
     245.00000    -7.50000    23.85301    -29.04471      2.49531      0.00000
     245.00000    -7.50000    26.44489    -37.75126      6.20504      0.00000
     245.00000    -7.50000    30.99574     -8.00000     11.90000      0.00000
     247.50000    -7.50000     0.13204     -6.82656      5.53094      0.00000
     247.50000    -7.50000     0.80847     -7.73179      2.91687      0.00000
     247.50000    -7.50000     1.52714     -4.60316     -0.92449      0.00000
     247.50000    -7.50000     3.14410     -4.95635     -3.99272      0.00000
     247.50000    -7.50000     4.40866     -0.18312     -3.21304      0.00000
     247.50000    -7.50000     5.86584      4.19829     -6.59868      0.00000
     247.50000    -7.50000     7.59040      0.40145      1.49692      0.00000
     247.50000    -7.50000     9.71025     -0.59129      8.04254      0.00000
     247.50000    -7.50000    10.97997      0.67649      9.57287      0.00000
     247.50000    -7.50000    12.46326      2.35880     10.08788      0.00000
     247.50000    -7.50000    14.27759      5.70949      3.77303      0.00000
     247.50000    -7.50000    16.66871      3.74661     -1.87572      0.00000
     247.50000    -7.50000    18.70741      1.12023      2.16732      0.00000
     247.50000    -7.50000    20.72160     -6.48515     -2.57269      0.00000
     247.50000    -7.50000    23.85301    -27.85234      4.24516      0.00000
     247.50000    -7.50000    26.44489    -36.68999      5.93796      0.00000
     247.50000    -7.50000    30.99574    -15.50000      7.90000      0.00000
     250.00000    -7.50000     0.13204     -5.41400      5.14122      0.00000
     250.00000    -7.50000     0.80847     -5.82763      3.00634      0.00000
     250.00000    -7.50000     1.52714     -2.51163     -1.32616      0.00000
     250.00000    -7.50000     3.14410     -4.07981     -4.89050      0.00000
     250.00000    -7.50000     4.40866     -0.69756     -3.30153      0.00000
     250.00000    -7.50000     5.86584      5.17751     -6.98590      0.00000
     250.00000    -7.50000     7.59040      0.70695     -0.31035      0.00000
     250.00000    -7.50000     9.71025      0.40205      5.06302      0.00000
     250.00000    -7.50000    10.97997      1.08900      7.36387      0.00000
     250.00000    -7.50000    12.46326      2.07909      8.08537      0.00000
     250.00000    -7.50000    14.27759      5.70178      1.18848      0.00000
     250.00000    -7.50000    16.66871      3.55669     -2.51126      0.00000
     250.00000    -7.50000    18.70741     -1.72439     -0.62853      0.00000
     250.00000    -7.50000    20.72160     -8.10045     -3.15907      0.00000
     250.00000    -7.50000    23.85301    -27.11180      4.51808      0.00000
     250.00000    -7.50000    26.44489    -34.80544      5.13323      0.00000
     250.00000    -7.50000    30.99574    -20.10000      1.80000      0.00000
     230.00000   -10.00000     0.13204     -7.19148     -1.05534      0.00000
     230.00000   -10.00000     0.80847     -6.90008     -2.23554      0.00000
     230.00000   -10.00000     1.52714     -3.88450     -0.31447      0.00000
     230.00000   -10.00000     3.14410     -2.42705     -1.68572      0.00000
     230.00000   -10.00000     4.40866     -5.99822      0.20160      0.00000
     230.00000   -10.00000     5.86584     -5.00381      1.09657      0.00000
     230.00000   -10.00000     7.59040     -5.09904     -0.58365      0.00000
     230.00000   -10.00000     9.71025     -4.40908     -4.74552      0.00000
     230.00000   -10.00000    10.97997      2.38107     -1.02198      0.00000
     230.00000   -10.00000    12.46326      7.52155      4.50406      0.00000
     230.00000   -10.00000    14.27759      4.02651      6.34340      0.00000
     230.00000   -10.00000    16.66871      3.90000      1.09359      0.00000
     230.00000   -10.00000    18.70741      2.39231     -1.50205      0.00000
     230.00000   -10.00000    20.72160     -3.87503     -3.08352      0.00000
     230.00000   -10.00000    23.85301    -25.50857     -1.54485      0.00000
     230.00000   -10.00000    26.44489    -35.20416     10.55652      0.00000
     230.00000   -10.00000    30.99574     -7.80000     -6.30000      0.00000
     232.50000   -10.00000     0.13204     -6.48309      0.07971      0.00000
     232.50000   -10.00000     0.80847     -5.91870     -0.43648      0.00000
     232.50000   -10.00000     1.52714     -2.79065      1.97194      0.00000
     232.50000   -10.00000     3.14410     -1.71653     -1.28723      0.00000
     232.50000   -10.00000     4.40866     -3.89911      0.40053      0.00000
     232.50000   -10.00000     5.86584     -3.40190      0.69886      0.00000
     232.50000   -10.00000     7.59040     -6.07403     -0.19134      0.00000
     232.50000   -10.00000     9.71025     -3.93160     -1.77702      0.00000
     232.50000   -10.00000    10.97997      2.29450      1.68441      0.00000
     232.50000   -10.00000    12.46326      6.07285      6.24192      0.00000
     232.50000   -10.00000    14.27759      3.49018      6.01288      0.00000
     232.50000   -10.00000    16.66871      3.69468      1.67803      0.00000
     232.50000   -10.00000    18.70741      3.59064     -0.69856      0.00000
     232.50000   -10.00000    20.72160     -2.02544      0.07905      0.00000
     232.50000   -10.00000    23.85301    -28.13105     -1.04929      0.00000
     232.50000   -10.00000    26.44489    -35.58245      7.84208      0.00000
     232.50000   -10.00000    30.99574     -4.80000     -3.80000      0.00000
     235.00000   -10.00000     0.13204     -5.68598      1.18879      0.00000
     235.00000   -10.00000     0.80847     -5.12972      0.84988      0.00000
     235.00000   -10.00000     1.52714     -2.08897      2.98266      0.00000
     235.00000   -10.00000     3.14410     -0.70595      0.80238      0.00000
     235.00000   -10.00000     4.40866     -1.70295      1.19655      0.00000
     235.00000   -10.00000     5.86584     -2.89625     -0.19563      0.00000
     235.00000   -10.00000     7.59040     -5.67148      1.18574      0.00000
     235.00000   -10.00000     9.71025     -1.66272      1.59388      0.00000
     235.00000   -10.00000    10.97997      2.66185      3.92464      0.00000
     235.00000   -10.00000    12.46326      4.63722      7.19096      0.00000
     235.00000   -10.00000    14.27759      3.24585      5.65197      0.00000
     235.00000   -10.00000    16.66871      3.98716      1.56579      0.00000
     235.00000   -10.00000    18.70741      3.58534      0.41015      0.00000
     235.00000   -10.00000    20.72160     -2.03267      3.95175      0.00000
     235.00000   -10.00000    23.85301    -28.60392      1.07022      0.00000
     235.00000   -10.00000    26.44489    -35.47391      5.90100      0.00000
     235.00000   -10.00000    30.99574     -1.90000     -1.90000      0.00000
     237.50000   -10.00000     0.13204     -5.39763      2.18105      0.00000
     237.50000   -10.00000     0.80847     -5.24664      1.42135      0.00000
     237.50000   -10.00000     1.52714     -2.77542      2.40594      0.00000
     237.50000   -10.00000     3.14410      0.09496      3.09533      0.00000
     237.50000   -10.00000     4.40866     -1.30315      1.79371      0.00000
     237.50000   -10.00000     5.86584     -2.29756     -0.19512      0.00000
     237.50000   -10.00000     7.59040     -3.58825      2.57470      0.00000
     237.50000   -10.00000     9.71025      1.13109      3.97990      0.00000
     237.50000   -10.00000    10.97997      2.75350      5.74768      0.00000
     237.50000   -10.00000    12.46326      3.86731      7.64353      0.00000
     237.50000   -10.00000    14.27759      3.31669      6.04728      0.00000
     237.50000   -10.00000    16.66871      5.37250      1.46023      0.00000
     237.50000   -10.00000    18.70741      1.47538     -0.17683      0.00000
     237.50000   -10.00000    20.72160     -3.91023      4.57286      0.00000
     237.50000   -10.00000    23.85301    -27.70661      2.53647      0.00000
     237.50000   -10.00000    26.44489    -34.77425      5.03715      0.00000
     237.50000   -10.00000    30.99574      0.70000     -0.20000      0.00000
     240.00000   -10.00000     0.13204     -5.81661      2.97716      0.00000
     240.00000   -10.00000     0.80847     -6.55803      1.89201      0.00000
     240.00000   -10.00000     1.52714     -4.46360      1.52201      0.00000
     240.00000   -10.00000     3.14410     -0.20484      4.09436      0.00000
     240.00000   -10.00000     4.40866     -2.59653      1.29716      0.00000
     240.00000   -10.00000     5.86584     -1.50043      0.40035      0.00000
     240.00000   -10.00000     7.59040     -1.00337      2.68452      0.00000
     240.00000   -10.00000     9.71025      2.55508      4.77380      0.00000
     240.00000   -10.00000    10.97997      2.21006      7.43209      0.00000
     240.00000   -10.00000    12.46326      3.95375      8.37687      0.00000
     240.00000   -10.00000    14.27759      4.00000      7.32931      0.00000
     240.00000   -10.00000    16.66871      6.56707      1.47472      0.00000
     240.00000   -10.00000    18.70741     -0.72806     -1.98359      0.00000
     240.00000   -10.00000    20.72160     -6.18156      1.11018      0.00000
     240.00000   -10.00000    23.85301    -27.51641      2.33827      0.00000
     240.00000   -10.00000    26.44489    -34.28497      4.67334      0.00000
     240.00000   -10.00000    30.99574      1.10000      2.40000      0.00000
     242.50000   -10.00000     0.13204     -6.73110      3.77098      0.00000
     242.50000   -10.00000     0.80847     -8.16281      2.37211      0.00000
     242.50000   -10.00000     1.52714     -6.16855      0.91965      0.00000
     242.50000   -10.00000     3.14410     -2.20365      3.39045      0.00000
     242.50000   -10.00000     4.40866     -3.48962      0.00115      0.00000
     242.50000   -10.00000     5.86584     -0.79845      0.30211      0.00000
     242.50000   -10.00000     7.59040      0.29640      1.79509      0.00000
     242.50000   -10.00000     9.71025      1.78342      4.76684      0.00000
     242.50000   -10.00000    10.97997      1.50661      8.61411      0.00000
     242.50000   -10.00000    12.46326      4.23376      9.57871      0.00000
     242.50000   -10.00000    14.27759      5.17702      8.23575      0.00000
     242.50000   -10.00000    16.66871      6.28379      1.00759      0.00000
     242.50000   -10.00000    18.70741     -1.01855     -2.10055      0.00000
     242.50000   -10.00000    20.72160     -7.79365     -2.28285      0.00000
     242.50000   -10.00000    23.85301    -28.01870      1.45661      0.00000
     242.50000   -10.00000    26.44489    -34.02733      4.50359      0.00000
     242.50000   -10.00000    30.99574     -3.30000      4.80000      0.00000
     245.00000   -10.00000     0.13204     -7.32667      4.36622      0.00000
     245.00000   -10.00000     0.80847     -8.76358      2.46200      0.00000
     245.00000   -10.00000     1.52714     -6.48620      0.10872      0.00000
     245.00000   -10.00000     3.14410     -4.59017      1.28499      0.00000
     245.00000   -10.00000     4.40866     -2.68923     -1.60115      0.00000
     245.00000   -10.00000     5.86584      0.10060     -1.89424      0.00000
     245.00000   -10.00000     7.59040      0.39971      0.99722      0.00000
     245.00000   -10.00000     9.71025     -0.09518      5.35758      0.00000
     245.00000   -10.00000    10.97997      0.87957      9.80806      0.00000
     245.00000   -10.00000    12.46326      3.73149     11.07165      0.00000
     245.00000   -10.00000    14.27759      5.84751      7.68749      0.00000
     245.00000   -10.00000    16.66871      4.91805     -0.74658      0.00000
     245.00000   -10.00000    18.70741     -0.18084      0.59436      0.00000
     245.00000   -10.00000    20.72160     -8.92019     -2.39615      0.00000
     245.00000   -10.00000    23.85301    -27.90901      1.26863      0.00000
     245.00000   -10.00000    26.44489    -32.94203      4.60496      0.00000
     245.00000   -10.00000    30.99574    -12.40000      5.00000      0.00000
     247.50000   -10.00000     0.13204     -7.11778      4.55911      0.00000
     247.50000   -10.00000     0.80847     -8.05256      2.24782      0.00000
     247.50000   -10.00000     1.52714     -5.10333     -0.99867      0.00000
     247.50000   -10.00000     3.14410     -5.57321     -0.81190      0.00000
     247.50000   -10.00000     4.40866     -1.09209     -2.80544      0.00000
     247.50000   -10.00000     5.86584      2.09970     -4.99862      0.00000
     247.50000   -10.00000     7.59040      0.90115      0.49472      0.00000
     247.50000   -10.00000     9.71025     -0.88516      6.64888      0.00000
     247.50000   -10.00000    10.97997      0.37550     11.01709      0.00000
     247.50000   -10.00000    12.46326      2.15871     11.68624      0.00000
     247.50000   -10.00000    14.27759      5.12989      5.74257      0.00000
     247.50000   -10.00000    16.66871      4.22091     -2.82019      0.00000
     247.50000   -10.00000    18.70741     -1.14195      2.24303      0.00000
     247.50000   -10.00000    20.72160     -9.98789     -0.59601      0.00000
     247.50000   -10.00000    23.85301    -26.78645      1.47822      0.00000
     247.50000   -10.00000    26.44489    -30.78958      5.16533      0.00000
     247.50000   -10.00000    30.99574    -22.30000      2.50000      0.00000
     250.00000   -10.00000     0.13204     -6.51110      4.94892      0.00000
     250.00000   -10.00000     0.80847     -6.92017      2.62017      0.00000
     250.00000   -10.00000     1.52714     -3.01259     -1.30393      0.00000
     250.00000   -10.00000     3.14410     -4.57947     -1.80655      0.00000
     250.00000   -10.00000     4.40866      0.09854     -3.29953      0.00000
     250.00000   -10.00000     5.86584      5.08434     -6.29061      0.00000
     250.00000   -10.00000     7.59040      2.40730     -0.51569      0.00000
     250.00000   -10.00000     9.71025      0.11792      6.84236      0.00000
     250.00000   -10.00000    10.97997      0.29654     10.92914      0.00000
     250.00000   -10.00000    12.46326      1.08325     10.70628      0.00000
     250.00000   -10.00000    14.27759      3.44529      2.58920      0.00000
     250.00000   -10.00000    16.66871      4.18394     -3.75544      0.00000
     250.00000   -10.00000    18.70741     -3.96550     -0.94862      0.00000
     250.00000   -10.00000    20.72160    -10.70130     -0.59987      0.00000
     250.00000   -10.00000    23.85301    -25.46470      0.98896      0.00000
     250.00000   -10.00000    26.44489    -28.59735      5.22568      0.00000
     250.00000   -10.00000    30.99574    -28.40000     -0.30000      0.00000
     230.00000   -12.50000     0.13204     -6.09706     -1.22350      0.00000
     230.00000   -12.50000     0.80847     -5.94840     -1.96824      0.00000
     230.00000   -12.50000     1.52714     -3.38808     -0.39295      0.00000
     230.00000   -12.50000     3.14410     -1.21309      0.90437      0.00000
     230.00000   -12.50000     4.40866     -4.19670      1.89890      0.00000
     230.00000   -12.50000     5.86584     -5.19482      4.88446      0.00000
     230.00000   -12.50000     7.59040     -4.40908     -0.04328      0.00000
     230.00000   -12.50000     9.71025      0.92734     -4.63811      0.00000
     230.00000   -12.50000    10.97997      7.11238     -0.81912      0.00000
     230.00000   -12.50000    12.46326     10.20101      3.84491      0.00000
     230.00000   -12.50000    14.27759      8.36754      5.64259      0.00000
     230.00000   -12.50000    16.66871      7.90694      1.76936      0.00000
     230.00000   -12.50000    18.70741      5.29769     -1.20029      0.00000
     230.00000   -12.50000    20.72160     -3.65584     -2.28133      0.00000
     230.00000   -12.50000    23.85301    -22.78624      0.09690      0.00000
     230.00000   -12.50000    26.44489    -32.27762     10.81568      0.00000
     230.00000   -12.50000    30.99574    -11.50000     -3.50000      0.00000
     232.50000   -12.50000     0.13204     -5.39558      0.30221      0.00000
     232.50000   -12.50000     0.80847     -5.15748      0.42677      0.00000
     232.50000   -12.50000     1.52714     -2.48556      2.09519      0.00000
     232.50000   -12.50000     3.14410      0.48811      1.11010      0.00000
     232.50000   -12.50000     4.40866     -1.50252      2.80275      0.00000
     232.50000   -12.50000     5.86584     -3.79281      5.29218      0.00000
     232.50000   -12.50000     7.59040     -3.80000      0.25776      0.00000
     232.50000   -12.50000     9.71025      2.20943     -2.16437      0.00000
     232.50000   -12.50000    10.97997      7.72857      2.06530      0.00000
     232.50000   -12.50000    12.46326      9.73974      6.07312      0.00000
     232.50000   -12.50000    14.27759      8.25227      5.42613      0.00000
     232.50000   -12.50000    16.66871      8.20000      2.84721      0.00000
     232.50000   -12.50000    18.70741      5.29808     -0.69979      0.00000
     232.50000   -12.50000    20.72160     -2.22694      0.09381      0.00000
     232.50000   -12.50000    23.85301    -24.04453     -0.44390      0.00000
     232.50000   -12.50000    26.44489    -31.58700      9.15347      0.00000
     232.50000   -12.50000    30.99574     -7.90000     -0.60000      0.00000
     235.00000   -12.50000     0.13204     -5.69645      1.60178      0.00000
     235.00000   -12.50000     0.80847     -5.46250      1.72163      0.00000
     235.00000   -12.50000     1.52714     -2.86977      3.18731      0.00000
     235.00000   -12.50000     3.14410      2.08990      1.10943      0.00000
     235.00000   -12.50000     4.40866      0.59284      2.50321      0.00000
     235.00000   -12.50000     5.86584     -2.29688      3.79860      0.00000
     235.00000   -12.50000     7.59040     -2.39881      2.02137      0.00000
     235.00000   -12.50000     9.71025      4.09584      1.11420      0.00000
     235.00000   -12.50000    10.97997      8.27122      4.97735      0.00000
     235.00000   -12.50000    12.46326      8.88480      7.91180      0.00000
     235.00000   -12.50000    14.27759      8.41525      5.47931      0.00000
     235.00000   -12.50000    16.66871      9.28518      2.84280      0.00000
     235.00000   -12.50000    18.70741      4.19454     -0.19800      0.00000
     235.00000   -12.50000    20.72160     -3.10116      2.38409      0.00000
     235.00000   -12.50000    23.85301    -24.42813      0.73228      0.00000
     235.00000   -12.50000    26.44489    -30.40227      7.67528      0.00000
     235.00000   -12.50000    30.99574     -5.20000      1.30000      0.00000
     237.50000   -12.50000     0.13204     -6.40148      2.09406      0.00000
     237.50000   -12.50000     0.80847     -6.47260      1.71010      0.00000
     237.50000   -12.50000     1.52714     -4.55595      2.38733      0.00000
     237.50000   -12.50000     3.14410      2.68772      0.30176      0.00000
     237.50000   -12.50000     4.40866     -0.10221      0.70410      0.00000
     237.50000   -12.50000     5.86584     -0.79973      1.99949      0.00000
     237.50000   -12.50000     7.59040     -0.40452      3.87853      0.00000
     237.50000   -12.50000     9.71025      5.60943      3.40742      0.00000
     237.50000   -12.50000    10.97997      7.73892      7.18656      0.00000
     237.50000   -12.50000    12.46326      8.38374      9.14851      0.00000
     237.50000   -12.50000    14.27759      8.88613      6.38047      0.00000
     237.50000   -12.50000    16.66871     10.47905      2.45106      0.00000
     237.50000   -12.50000    18.70741      1.88653     -0.99575      0.00000
     237.50000   -12.50000    20.72160     -5.82167      1.40455      0.00000
     237.50000   -12.50000    23.85301    -24.43078      2.12339      0.00000
     237.50000   -12.50000    26.44489    -29.31023      5.88635      0.00000
     237.50000   -12.50000    30.99574     -3.10000      1.90000      0.00000
     240.00000   -12.50000     0.13204     -6.90937      2.29063      0.00000
     240.00000   -12.50000     0.80847     -7.78664      1.39795      0.00000
     240.00000   -12.50000     1.52714     -6.45672      1.19134      0.00000
     240.00000   -12.50000     3.14410      1.49113     -0.40242      0.00000
     240.00000   -12.50000     4.40866     -2.89053     -1.59116      0.00000
     240.00000   -12.50000     5.86584      0.10020      1.20082      0.00000
     240.00000   -12.50000     7.59040      0.89279      4.47025      0.00000
     240.00000   -12.50000     9.71025      5.44250      3.61125      0.00000
     240.00000   -12.50000    10.97997      6.37736      7.98681      0.00000
     240.00000   -12.50000    12.46326      8.45157      9.85849      0.00000
     240.00000   -12.50000    14.27759     10.15753      7.75496      0.00000
     240.00000   -12.50000    16.66871     10.39772      1.86722      0.00000
     240.00000   -12.50000    18.70741      0.08941     -2.59924      0.00000
     240.00000   -12.50000    20.72160     -8.33945     -1.99037      0.00000
     240.00000   -12.50000    23.85301    -25.13136      2.11102      0.00000
     240.00000   -12.50000    26.44489    -28.69893      3.39462      0.00000
     240.00000   -12.50000    30.99574     -2.50000      2.00000      0.00000
     242.50000   -12.50000     0.13204     -7.10896      2.49463      0.00000
     242.50000   -12.50000     0.80847     -8.59329      1.59451      0.00000
     242.50000   -12.50000     1.52714     -7.47452      0.69624      0.00000
     242.50000   -12.50000     3.14410     -1.40155     -0.20112      0.00000
     242.50000   -12.50000     4.40866     -4.98887     -2.79060      0.00000
     242.50000   -12.50000     5.86584     -0.49860      1.00207      0.00000
     242.50000   -12.50000     7.59040      1.18955      3.48463      0.00000
     242.50000   -12.50000     9.71025      3.57453      2.60955      0.00000
     242.50000   -12.50000    10.97997      4.87139      7.68557      0.00000
     242.50000   -12.50000    12.46326      8.62264     10.24910      0.00000
     242.50000   -12.50000    14.27759     11.62843      8.54294      0.00000
     242.50000   -12.50000    16.66871      8.93538      0.69983      0.00000
     242.50000   -12.50000    18.70741      0.11532     -2.39478      0.00000
     242.50000   -12.50000    20.72160     -9.37757     -3.59717      0.00000
     242.50000   -12.50000    23.85301    -26.12005      1.00401      0.00000
     242.50000   -12.50000    26.44489    -27.99539      1.40141      0.00000
     242.50000   -12.50000    30.99574     -5.90000      1.70000      0.00000
     245.00000   -12.50000     0.13204     -7.00765      2.99505      0.00000
     245.00000   -12.50000     0.80847     -8.69023      1.89024      0.00000
     245.00000   -12.50000     1.52714     -7.08956      0.30209      0.00000
     245.00000   -12.50000     3.14410     -4.60004      0.79858      0.00000
     245.00000   -12.50000     4.40866     -4.69625     -2.49713      0.00000
     245.00000   -12.50000     5.86584     -1.29935      0.10063      0.00000
     245.00000   -12.50000     7.59040      1.29149      2.59181      0.00000
     245.00000   -12.50000     9.71025      1.89448      2.89724      0.00000
     245.00000   -12.50000    10.97997      4.15305      7.89588      0.00000
     245.00000   -12.50000    12.46326      7.92274     10.84104      0.00000
     245.00000   -12.50000    14.27759     11.71547      8.16229      0.00000
     245.00000   -12.50000    16.66871      7.56322     -1.85151      0.00000
     245.00000   -12.50000    18.70741      0.45125      0.08484      0.00000
     245.00000   -12.50000    20.72160     -9.91831     -1.38822      0.00000
     245.00000   -12.50000    23.85301    -25.99896      0.01041      0.00000
     245.00000   -12.50000    26.44489    -25.83888      0.99852      0.00000
     245.00000   -12.50000    30.99574    -13.50000      0.70000      0.00000
     247.50000   -12.50000     0.13204     -6.90971      3.58730      0.00000
     247.50000   -12.50000     0.80847     -8.17427      1.87530      0.00000
     247.50000   -12.50000     1.52714     -5.70181     -0.48916      0.00000
     247.50000   -12.50000     3.14410     -5.99622      1.29598      0.00000
     247.50000   -12.50000     4.40866     -2.90097     -1.99897      0.00000
     247.50000   -12.50000     5.86584     -0.30280     -1.50054      0.00000
     247.50000   -12.50000     7.59040      2.59217      2.19001      0.00000
     247.50000   -12.50000     9.71025      1.90611      5.07470      0.00000
     247.50000   -12.50000    10.97997      3.66467      9.70774      0.00000
     247.50000   -12.50000    12.46326      5.95327     11.56343      0.00000
     247.50000   -12.50000    14.27759      9.42780      6.60520      0.00000
     247.50000   -12.50000    16.66871      7.43518     -4.80735      0.00000
     247.50000   -12.50000    18.70741     -0.79898      1.22332      0.00000
     247.50000   -12.50000    20.72160    -10.48973      1.99204      0.00000
     247.50000   -12.50000    23.85301    -24.58194     -0.47292      0.00000
     247.50000   -12.50000    26.44489    -22.79557      2.18670      0.00000
     247.50000   -12.50000    30.99574    -21.90000     -0.50000      0.00000
     250.00000   -12.50000     0.13204     -6.91637      4.16070      0.00000
     250.00000   -12.50000     0.80847     -7.82925      1.74787      0.00000
     250.00000   -12.50000     1.52714     -4.10847     -0.98730      0.00000
     250.00000   -12.50000     3.14410     -5.09219      0.49439      0.00000
     250.00000   -12.50000     4.40866     -1.21043     -2.29251      0.00000
     250.00000   -12.50000     5.86584      3.08356     -2.69847      0.00000
     250.00000   -12.50000     7.59040      4.79441      1.38653      0.00000
     250.00000   -12.50000     9.71025      3.01571      7.05026      0.00000
     250.00000   -12.50000    10.97997      3.09811     11.41703      0.00000
     250.00000   -12.50000    12.46326      3.88429     11.59804      0.00000
     250.00000   -12.50000    14.27759      5.95671      3.56905      0.00000
     250.00000   -12.50000    16.66871      7.37366     -6.60811      0.00000
     250.00000   -12.50000    18.70741     -3.32424     -1.97901      0.00000
     250.00000   -12.50000    20.72160    -10.62498      2.55311      0.00000
     250.00000   -12.50000    23.85301    -22.97589     -1.05479      0.00000
     250.00000   -12.50000    26.44489    -20.63772      3.37504      0.00000
     250.00000   -12.50000    30.99574    -27.10000     -0.90000      0.00000
     230.00000   -15.00000     0.13204     -5.70706     -1.30882      0.00000
     230.00000   -15.00000     0.80847     -6.08324     -1.79118      0.00000
     230.00000   -15.00000     1.52714     -4.19725     -0.79175      0.00000
     230.00000   -15.00000     3.14410     -2.60040      4.00120      0.00000
     230.00000   -15.00000     4.40866     -2.79931      4.59792      0.00000
     230.00000   -15.00000     5.86584     -3.59258      6.87868      0.00000
     230.00000   -15.00000     7.59040     -0.63758      1.66640      0.00000
     230.00000   -15.00000     9.71025      6.71068     -1.95655      0.00000
     230.00000   -15.00000    10.97997     11.66668     -0.73466      0.00000
     230.00000   -15.00000    12.46326     14.32628      1.82628      0.00000
     230.00000   -15.00000    14.27759     16.44166      5.30277      0.00000
     230.00000   -15.00000    16.66871     13.05459      4.51404      0.00000
     230.00000   -15.00000    18.70741      7.91656     -0.78279      0.00000
     230.00000   -15.00000    20.72160     -2.63070     -0.09659      0.00000
     230.00000   -15.00000    23.85301    -17.86001      1.59556      0.00000
     230.00000   -15.00000    26.44489    -29.54245     11.15278      0.00000
     230.00000   -15.00000    30.99574    -15.80000     -2.30000      0.00000
     232.50000   -15.00000     0.13204     -5.30473      0.10237      0.00000
     232.50000   -15.00000     0.80847     -5.68968      0.30668      0.00000
     232.50000   -15.00000     1.52714     -3.99553      1.40482      0.00000
     232.50000   -15.00000     3.14410     -1.39713      4.20645      0.00000
     232.50000   -15.00000     4.40866     -0.60025      5.99944      0.00000
     232.50000   -15.00000     5.86584     -2.58964      8.68602      0.00000
     232.50000   -15.00000     7.59040      0.56187      1.78340      0.00000
     232.50000   -15.00000     9.71025      8.00253     -0.86621      0.00000
     232.50000   -15.00000    10.97997     13.45312      1.53324      0.00000
     232.50000   -15.00000    12.46326     15.73906      4.22521      0.00000
     232.50000   -15.00000    14.27759     17.06391      5.85558      0.00000
     232.50000   -15.00000    16.66871     12.77594      4.81898      0.00000
     232.50000   -15.00000    18.70741      7.11822     -0.78178      0.00000
     232.50000   -15.00000    20.72160     -2.14971      1.29763      0.00000
     232.50000   -15.00000    23.85301    -18.82937      0.50336      0.00000
     232.50000   -15.00000    26.44489    -28.23551      9.04100      0.00000
     232.50000   -15.00000    30.99574    -11.40000      1.00000      0.00000
     235.00000   -15.00000     0.13204     -6.60297      0.90075      0.00000
     235.00000   -15.00000     0.80847     -6.98967      1.00608      0.00000
     235.00000   -15.00000     1.52714     -5.28875      2.00094      0.00000
     235.00000   -15.00000     3.14410     -0.49286      2.41310      0.00000
     235.00000   -15.00000     4.40866      0.69605      4.60666      0.00000
     235.00000   -15.00000     5.86584     -0.89719      7.29525      0.00000
     235.00000   -15.00000     7.59040      2.16317      2.85346      0.00000
     235.00000   -15.00000     9.71025      9.59555      1.22228      0.00000
     235.00000   -15.00000    10.97997     14.76091      4.21708      0.00000
     235.00000   -15.00000    12.46326     16.55514      6.63667      0.00000
     235.00000   -15.00000    14.27759     17.57441      6.79744      0.00000
     235.00000   -15.00000    16.66871     13.75910      3.55001      0.00000
     235.00000   -15.00000    18.70741      5.42279     -0.78819      0.00000
     235.00000   -15.00000    20.72160     -3.63880      1.79814      0.00000
     235.00000   -15.00000    23.85301    -20.24039      1.00286      0.00000
     235.00000   -15.00000    26.44489    -26.15047      7.14795      0.00000
     235.00000   -15.00000    30.99574     -8.50000      3.20000      0.00000
     237.50000   -15.00000     0.13204     -8.30211      1.19849      0.00000
     237.50000   -15.00000     0.80847     -8.99538      0.70231      0.00000
     237.50000   -15.00000     1.52714     -7.58690      1.39604      0.00000
     237.50000   -15.00000     3.14410     -0.00060     -0.89165      0.00000
     237.50000   -15.00000     4.40866     -0.09501      0.51305      0.00000
     237.50000   -15.00000     5.86584      1.20062      3.90005      0.00000
     237.50000   -15.00000     7.59040      3.67319      4.09786      0.00000
     237.50000   -15.00000     9.71025     10.51041      2.91558      0.00000
     237.50000   -15.00000    10.97997     14.40482      6.02191      0.00000
     237.50000   -15.00000    12.46326     16.55161      8.15160      0.00000
     237.50000   -15.00000    14.27759     18.06656      7.71115      0.00000
     237.50000   -15.00000    16.66871     14.63979      1.66935      0.00000
     237.50000   -15.00000    18.70741      3.43618     -1.78902      0.00000
     237.50000   -15.00000    20.72160     -5.89195     -0.30130      0.00000
     237.50000   -15.00000    23.85301    -21.87860      1.99692      0.00000
     237.50000   -15.00000    26.44489    -24.08074      4.47811      0.00000
     237.50000   -15.00000    30.99574     -6.50654      4.20011      0.00000
     240.00000   -15.00000     0.13204     -9.20000      1.50000      0.00000
     240.00000   -15.00000     0.80847    -10.29734      0.60217      0.00000
     240.00000   -15.00000     1.52714     -9.09595      0.69817      0.00000
     240.00000   -15.00000     3.14410     -0.70477     -3.10168      0.00000
     240.00000   -15.00000     4.40866     -2.38812     -3.68837      0.00000
     240.00000   -15.00000     5.86584      2.40156      1.00288      0.00000
     240.00000   -15.00000     7.59040      4.28180      4.46647      0.00000
     240.00000   -15.00000     9.71025      9.83779      3.01666      0.00000
     240.00000   -15.00000    10.97997     12.83625      5.93625      0.00000
     240.00000   -15.00000    12.46326     16.33343      8.55055      0.00000
     240.00000   -15.00000    14.27759     19.05021      8.10922      0.00000
     240.00000   -15.00000    16.66871     14.34036      0.26643      0.00000
     240.00000   -15.00000    18.70741      2.35643     -3.08448      0.00000
     240.00000   -15.00000    20.72160     -6.94094     -3.10000      0.00000
     240.00000   -15.00000    23.85301    -23.79908      1.79922      0.00000
     240.00000   -15.00000    26.44489    -22.50937      0.70793      0.00000
     240.00000   -15.00000    30.99574     -5.84700      4.19015      0.00000
     242.50000   -15.00000     0.13204     -8.90000      2.00000      0.00000
     242.50000   -15.00000     0.80847    -10.38749      1.20667      0.00000
     242.50000   -15.00000     1.52714     -9.10223      0.80069      0.00000
     242.50000   -15.00000     3.14410     -2.70181     -2.49906      0.00000
     242.50000   -15.00000     4.40866     -4.09763     -5.09784      0.00000
     242.50000   -15.00000     5.86584      1.60057      0.10100      0.00000
     242.50000   -15.00000     7.59040      3.88321      4.07080      0.00000
     242.50000   -15.00000     9.71025      8.05930      2.11938      0.00000
     242.50000   -15.00000    10.97997     11.14145      4.65089      0.00000
     242.50000   -15.00000    12.46326     16.22014      8.53893      0.00000
     242.50000   -15.00000    14.27759     20.13672      8.10811      0.00000
     242.50000   -15.00000    16.66871     13.15663     -1.42343      0.00000
     242.50000   -15.00000    18.70741      2.77957     -2.98852      0.00000
     242.50000   -15.00000    20.72160     -6.67848     -3.19744      0.00000
     242.50000   -15.00000    23.85301    -25.09392      0.59570      0.00000
     242.50000   -15.00000    26.44489    -21.02008     -2.28580      0.00000
     242.50000   -15.00000    30.99574     -7.54988      3.27931      0.00000
     245.00000   -15.00000     0.13204     -8.30000      2.50000      0.00000
     245.00000   -15.00000     0.80847     -9.78970      1.70550      0.00000
     245.00000   -15.00000     1.52714     -8.20050      1.00022      0.00000
     245.00000   -15.00000     3.14410     -5.00683      0.10192      0.00000
     245.00000   -15.00000     4.40866     -4.50134     -3.39059      0.00000
     245.00000   -15.00000     5.86584     -0.40443      0.49579      0.00000
     245.00000   -15.00000     7.59040      3.57996      4.08197      0.00000
     245.00000   -15.00000     9.71025      6.67436      2.31489      0.00000
     245.00000   -15.00000    10.97997     10.14217      4.66035      0.00000
     245.00000   -15.00000    12.46326     15.52281      9.13567      0.00000
     245.00000   -15.00000    14.27759     19.64246      7.62245      0.00000
     245.00000   -15.00000    16.66871     12.35893     -3.90763      0.00000
     245.00000   -15.00000    18.70741      3.29189     -1.32726      0.00000
     245.00000   -15.00000    20.72160     -6.52941      0.17415      0.00000
     245.00000   -15.00000    23.85301    -24.69805     -0.50078      0.00000
     245.00000   -15.00000    26.44489    -18.72247     -2.89101      0.00000
     245.00000   -15.00000    30.99574    -11.82243      1.88440      0.00000
     247.50000   -15.00000     0.13204     -7.90000      2.90000      0.00000
     247.50000   -15.00000     0.80847     -9.19578      1.69770      0.00000
     247.50000   -15.00000     1.52714     -6.99706      0.50441      0.00000
     247.50000   -15.00000     3.14410     -6.00213      1.99681      0.00000
     247.50000   -15.00000     4.40866     -4.30859     -1.28333      0.00000
     247.50000   -15.00000     5.86584     -1.20975      0.89308      0.00000
     247.50000   -15.00000     7.59040      4.28194      4.38850      0.00000
     247.50000   -15.00000     9.71025      6.68242      4.20147      0.00000
     247.50000   -15.00000    10.97997      9.55666      6.85965      0.00000
     247.50000   -15.00000    12.46326     13.34322     10.34770      0.00000
     247.50000   -15.00000    14.27759     16.65546      6.45398      0.00000
     247.50000   -15.00000    16.66871     12.43782     -6.88215      0.00000
     247.50000   -15.00000    18.70741      2.32795     -0.77903      0.00000
     247.50000   -15.00000    20.72160     -7.11735      3.61541      0.00000
     247.50000   -15.00000    23.85301    -23.09403     -0.89826      0.00000
     247.50000   -15.00000    26.44489    -15.92421     -1.19899      0.00000
     247.50000   -15.00000    30.99574    -16.29870      0.89317      0.00000
     250.00000   -15.00000     0.13204     -7.60394      3.09393      0.00000
     250.00000   -15.00000     0.80847     -8.86706      1.08662      0.00000
     250.00000   -15.00000     1.52714     -5.69640     -0.19040      0.00000
     250.00000   -15.00000     3.14410     -5.10127      1.39661      0.00000
     250.00000   -15.00000     4.40866     -4.10662     -0.78543      0.00000
     250.00000   -15.00000     5.86584      0.38274      0.79386      0.00000
     250.00000   -15.00000     7.59040      5.58894      3.49426      0.00000
     250.00000   -15.00000     9.71025      6.89109      5.68493      0.00000
     250.00000   -15.00000    10.97997      8.27909      9.34474      0.00000
     250.00000   -15.00000    12.46326     10.27012     10.87759      0.00000
     250.00000   -15.00000    14.27759     12.07375      3.90356      0.00000
     250.00000   -15.00000    16.66871     11.80339     -8.95420      0.00000
     250.00000   -15.00000    18.70741      0.46148     -3.67723      0.00000
     250.00000   -15.00000    20.72160     -7.46333      4.06506      0.00000
     250.00000   -15.00000    23.85301    -21.19487     -1.09800      0.00000
     250.00000   -15.00000    26.44489    -14.40705      0.89793      0.00000
     250.00000   -15.00000    30.99574    -18.28648      1.29861      0.00000
     230.00000   -17.50000     0.13204     -5.20148     -1.70370      0.00000
     230.00000   -17.50000     0.80847     -5.39753     -2.19753      0.00000
     230.00000   -17.50000     1.52714     -4.10220     -0.90220      0.00000
     230.00000   -17.50000     3.14410     -3.80008      5.99805      0.00000
     230.00000   -17.50000     4.40866     -1.21310      6.69647      0.00000
     230.00000   -17.50000     5.86584      0.48077      6.00792      0.00000
     230.00000   -17.50000     7.59040      4.65211      3.72623      0.00000
     230.00000   -17.50000     9.71025     11.44027      1.22196      0.00000
     230.00000   -17.50000    10.97997     15.82043     -0.76383      0.00000
     230.00000   -17.50000    12.46326     19.72345     -0.21178      0.00000
     230.00000   -17.50000    14.27759     25.31800      4.92386      0.00000
     230.00000   -17.50000    16.66871     18.75898      7.08152      0.00000
     230.00000   -17.50000    18.70741     10.35195     -0.05548      0.00000
     230.00000   -17.50000    20.72160     -1.14402      2.28832      0.00000
     230.00000   -17.50000    23.85301    -14.06234      2.10212      0.00000
     230.00000   -17.50000    26.44489    -25.11220     10.55450      0.00000
     230.00000   -17.50000    30.99574    -15.23533     -1.35768      0.00000
     232.50000   -17.50000     0.13204     -5.30090     -1.00060      0.00000
     232.50000   -17.50000     0.80847     -5.59972     -1.19981      0.00000
     232.50000   -17.50000     1.52714     -4.70153      0.19762      0.00000
     232.50000   -17.50000     3.14410     -3.89549      5.90268      0.00000
     232.50000   -17.50000     4.40866     -0.20699      8.09584      0.00000
     232.50000   -17.50000     5.86584      0.79142      8.59571      0.00000
     232.50000   -17.50000     7.59040      5.15246      3.85186      0.00000
     232.50000   -17.50000     9.71025     11.93711      1.52127      0.00000
     232.50000   -17.50000    10.97997     17.69503      0.91086      0.00000
     232.50000   -17.50000    12.46326     22.30971      2.17448      0.00000
     232.50000   -17.50000    14.27759     25.75022      6.63411      0.00000
     232.50000   -17.50000    16.66871     17.58690      5.80942      0.00000
     232.50000   -17.50000    18.70741      9.94334     -0.36464      0.00000
     232.50000   -17.50000    20.72160     -1.45021      3.08471      0.00000
     232.50000   -17.50000    23.85301    -15.54071      1.02356      0.00000
     232.50000   -17.50000    26.44489    -23.94498      7.57636      0.00000
     232.50000   -17.50000    30.99574    -10.55972      2.12459      0.00000
     235.00000   -17.50000     0.13204     -6.80000     -0.80000      0.00000
     235.00000   -17.50000     0.80847     -7.29806     -1.09883      0.00000
     235.00000   -17.50000     1.52714     -6.50248      0.19598      0.00000
     235.00000   -17.50000     3.14410     -4.18529      3.31041      0.00000
     235.00000   -17.50000     4.40866     -0.09835      6.20197      0.00000
     235.00000   -17.50000     5.86584      1.39326      7.99192      0.00000
     235.00000   -17.50000     7.59040      6.05746      4.03620      0.00000
     235.00000   -17.50000     9.71025     13.03862      2.41403      0.00000
     235.00000   -17.50000    10.97997     19.19748      3.18677      0.00000
     235.00000   -17.50000    12.46326     23.92031      4.87117      0.00000
     235.00000   -17.50000    14.27759     25.97515      8.35651      0.00000
     235.00000   -17.50000    16.66871     17.97118      2.75009      0.00000
     235.00000   -17.50000    18.70741      8.74782     -0.78181      0.00000
     235.00000   -17.50000    20.72160     -2.74980      2.88385      0.00000
     235.00000   -17.50000    23.85301    -17.74970      1.51394      0.00000
     235.00000   -17.50000    26.44489    -21.72223      5.22422      0.00000
     235.00000   -17.50000    30.99574     -7.37984      4.70330      0.00000
     237.50000   -17.50000     0.13204     -8.50000     -0.50000      0.00000
     237.50000   -17.50000     0.80847     -9.19313     -1.09411      0.00000
     237.50000   -17.50000     1.52714     -8.60437     -0.30583      0.00000
     237.50000   -17.50000     3.14410     -4.08706     -0.49317      0.00000
     237.50000   -17.50000     4.40866     -0.49235      1.40765      0.00000
     237.50000   -17.50000     5.86584      2.59667      4.49667      0.00000
     237.50000   -17.50000     7.59040      7.06711      3.90438      0.00000
     237.50000   -17.50000     9.71025     14.15114      3.50275      0.00000
     237.50000   -17.50000    10.97997     19.43321      4.68488      0.00000
     237.50000   -17.50000    12.46326     24.13930      6.47675      0.00000
     237.50000   -17.50000    14.27759     25.88734      8.88213      0.00000
     237.50000   -17.50000    16.66871     18.73601     -0.65199      0.00000
     237.50000   -17.50000    18.70741      7.27643     -1.79269      0.00000
     237.50000   -17.50000    20.72160     -4.02810      0.98218      0.00000
     237.50000   -17.50000    23.85301    -20.17453      2.38916      0.00000
     237.50000   -17.50000    26.44489    -19.02683      2.40000      0.00000
     237.50000   -17.50000    30.99574     -5.50205      6.76698      0.00000
     240.00000   -17.50000     0.13204     -9.20000      0.40000      0.00000
     240.00000   -17.50000     0.80847    -10.18129     -0.38503      0.00000
     240.00000   -17.50000     1.52714     -9.50903     -0.10387      0.00000
     240.00000   -17.50000     3.14410     -3.69646     -2.90061      0.00000
     240.00000   -17.50000     4.40866     -0.79482     -3.39559      0.00000
     240.00000   -17.50000     5.86584      3.90314      0.60240      0.00000
     240.00000   -17.50000     7.59040      7.67881      3.48383      0.00000
     240.00000   -17.50000     9.71025     14.46285      3.79836      0.00000
     240.00000   -17.50000    10.97997     18.56446      4.39480      0.00000
     240.00000   -17.50000    12.46326     23.85655      6.87950      0.00000
     240.00000   -17.50000    14.27759     26.19181      8.39466      0.00000
     240.00000   -17.50000    16.66871     19.01481     -3.07635      0.00000
     240.00000   -17.50000    18.70741      6.61323     -3.29819      0.00000
     240.00000   -17.50000    20.72160     -3.68834     -1.02493      0.00000
     240.00000   -17.50000    23.85301    -22.59549      2.28175      0.00000
     240.00000   -17.50000    26.44489    -16.71409     -1.52705      0.00000
     240.00000   -17.50000    30.99574     -4.90407      7.71710      0.00000
     242.50000   -17.50000     0.13204     -9.20000      1.30000      0.00000
     242.50000   -17.50000     0.80847    -10.27449      0.51855      0.00000
     242.50000   -17.50000     1.52714     -9.21881      0.50000      0.00000
     242.50000   -17.50000     3.14410     -3.91140     -2.29397      0.00000
     242.50000   -17.50000     4.40866     -0.90569     -5.19450      0.00000
     242.50000   -17.50000     5.86584      4.00092     -1.39888      0.00000
     242.50000   -17.50000     7.59040      7.68362      3.08007      0.00000
     242.50000   -17.50000     9.71025     13.87491      3.29919      0.00000
     242.50000   -17.50000    10.97997     17.67906      3.30000      0.00000
     242.50000   -17.50000    12.46326     23.87429      7.08424      0.00000
     242.50000   -17.50000    14.27759     26.69806      7.59696      0.00000
     242.50000   -17.50000    16.66871     18.90291     -4.59544      0.00000
     242.50000   -17.50000    18.70741      7.03171     -4.00659      0.00000
     242.50000   -17.50000    20.72160     -2.34245     -0.75531      0.00000
     242.50000   -17.50000    23.85301    -24.08653      1.28954      0.00000
     242.50000   -17.50000    26.44489    -15.04222     -4.90366      0.00000
     242.50000   -17.50000    30.99574     -5.87409      7.39823      0.00000
     245.00000   -17.50000     0.13204     -9.30000      1.80000      0.00000
     245.00000   -17.50000     0.80847    -10.27826      0.91957      0.00000
     245.00000   -17.50000     1.52714     -8.72291      0.90000      0.00000
     245.00000   -17.50000     3.14410     -4.71850      0.10370      0.00000
     245.00000   -17.50000     4.40866     -1.52126     -3.67476      0.00000
     245.00000   -17.50000     5.86584      2.69256     -1.10461      0.00000
     245.00000   -17.50000     7.59040      7.28491      3.58458      0.00000
     245.00000   -17.50000     9.71025     12.78295      3.20124      0.00000
     245.00000   -17.50000    10.97997     16.98682      3.20000      0.00000
     245.00000   -17.50000    12.46326     23.59050      7.99309      0.00000
     245.00000   -17.50000    14.27759     26.08632      6.87456      0.00000
     245.00000   -17.50000    16.66871     18.98828     -6.29702      0.00000
     245.00000   -17.50000    18.70741      7.73043     -3.43318      0.00000
     245.00000   -17.50000    20.72160     -1.79697      1.78791      0.00000
     245.00000   -17.50000    23.85301    -23.86334      0.40932      0.00000
     245.00000   -17.50000    26.44489    -13.33241     -5.72399      0.00000
     245.00000   -17.50000    30.99574     -8.03424      6.02163      0.00000
     247.50000   -17.50000     0.13204     -9.60000      1.90000      0.00000
     247.50000   -17.50000     0.80847    -10.58418      0.62057      0.00000
     247.50000   -17.50000     1.52714     -8.41917      0.89739      0.00000
     247.50000   -17.50000     3.14410     -5.22066      1.69484      0.00000
     247.50000   -17.50000     4.40866     -2.92434     -1.36719      0.00000
     247.50000   -17.50000     5.86584      1.08185      0.29229      0.00000
     247.50000   -17.50000     7.59040      6.79119      4.39366      0.00000
     247.50000   -17.50000     9.71025     11.88902      3.80129      0.00000
     247.50000   -17.50000    10.97997     15.98715      5.09593      0.00000
     247.50000   -17.50000    12.46326     21.58816      9.19133      0.00000
     247.50000   -17.50000    14.27759     23.09132      5.57339      0.00000
     247.50000   -17.50000    16.66871     18.58258     -8.19227      0.00000
     247.50000   -17.50000    18.70741      7.22597     -3.15587      0.00000
     247.50000   -17.50000    20.72160     -2.68862      3.75203      0.00000
     247.50000   -17.50000    23.85301    -22.35932      0.12727      0.00000
     247.50000   -17.50000    26.44489    -11.71288     -3.85858      0.00000
     247.50000   -17.50000    30.99574     -9.61183      5.14616      0.00000
     250.00000   -17.50000     0.13204     -9.30000      2.10000      0.00000
     250.00000   -17.50000     0.80847    -10.29012      0.51581      0.00000
     250.00000   -17.50000     1.52714     -7.70809      0.69938      0.00000
     250.00000   -17.50000     3.14410     -4.82045      1.39507      0.00000
     250.00000   -17.50000     4.40866     -4.60274     -0.17806      0.00000
     250.00000   -17.50000     5.86584      0.46977      1.48992      0.00000
     250.00000   -17.50000     7.59040      6.20075      3.70000      0.00000
     250.00000   -17.50000     9.71025     10.79011      3.70000      0.00000
     250.00000   -17.50000    10.97997     13.78588      6.68588      0.00000
     250.00000   -17.50000    12.46326     17.88301      9.38881      0.00000
     250.00000   -17.50000    14.27759     18.59907      3.10841      0.00000
     250.00000   -17.50000    16.66871     16.70390     -9.37434      0.00000
     250.00000   -17.50000    18.70741      5.83160     -4.95384      0.00000
     250.00000   -17.50000    20.72160     -3.63597      3.55151      0.00000
     250.00000   -17.50000    23.85301    -20.48512     -0.17333      0.00000
     250.00000   -17.50000    26.44489    -10.98175     -0.89410      0.00000
     250.00000   -17.50000    30.99574     -9.50797      5.36415      0.00000
     230.00000   -20.00000     0.13204     -4.19996     -1.80003      0.00000
     230.00000   -20.00000     0.80847     -3.50271     -2.39767      0.00000
     230.00000   -20.00000     1.52714     -2.30538     -0.50851      0.00000
     230.00000   -20.00000     3.14410     -1.90061      5.89026      0.00000
     230.00000   -20.00000     4.40866      2.37829      6.59647      0.00000
     230.00000   -20.00000     5.86584      7.45958      4.02061      0.00000
     230.00000   -20.00000     7.59040     10.77574      5.19118      0.00000
     230.00000   -20.00000     9.71025     17.28286      3.60422      0.00000
     230.00000   -20.00000    10.97997     21.78234      0.61177      0.00000
     230.00000   -20.00000    12.46326     27.08163     -0.29688      0.00000
     230.00000   -20.00000    14.27759     31.47781      4.10971      0.00000
     230.00000   -20.00000    16.66871     23.44568      7.57136      0.00000
     230.00000   -20.00000    18.70741     12.55097      1.82687      0.00000
     230.00000   -20.00000    20.72160     -0.17445      3.58234      0.00000
     230.00000   -20.00000    23.85301    -13.10038      1.72917      0.00000
     230.00000   -20.00000    26.44489    -17.78675      8.13751      0.00000
     230.00000   -20.00000    30.99574     -6.82628      0.88456      0.00000
     232.50000   -20.00000     0.13204     -4.30000     -1.70000      0.00000
     232.50000   -20.00000     0.80847     -3.70410     -2.19658      0.00000
     232.50000   -20.00000     1.52714     -3.00412     -0.41058      0.00000
     232.50000   -20.00000     3.14410     -2.80018      5.09503      0.00000
     232.50000   -20.00000     4.40866      1.98333      6.99340      0.00000
     232.50000   -20.00000     5.86584      6.76527      6.00723      0.00000
     232.50000   -20.00000     7.59040     10.67360      5.50338      0.00000
     232.50000   -20.00000     9.71025     17.18286      3.60501      0.00000
     232.50000   -20.00000    10.97997     22.88213      1.90533      0.00000
     232.50000   -20.00000    12.46326     29.08689      1.80021      0.00000
     232.50000   -20.00000    14.27759     31.26714      6.09747      0.00000
     232.50000   -20.00000    16.66871     22.16030      5.38216      0.00000
     232.50000   -20.00000    18.70741     13.32390      1.41074      0.00000
     232.50000   -20.00000    20.72160     -0.37849      4.47270      0.00000
     232.50000   -20.00000    23.85301    -14.86680      0.76069      0.00000
     232.50000   -20.00000    26.44489    -17.43815      5.27888      0.00000
     232.50000   -20.00000    30.99574     -3.54976      3.52018      0.00000
     235.00000   -20.00000     0.13204     -4.70000     -2.10000      0.00000
     235.00000   -20.00000     0.80847     -4.30451     -2.49549      0.00000
     235.00000   -20.00000     1.52714     -4.30000     -1.01509      0.00000
     235.00000   -20.00000     3.14410     -3.80014      2.49901      0.00000
     235.00000   -20.00000     4.40866      0.79129      5.49432      0.00000
     235.00000   -20.00000     5.86584      5.37929      6.39595      0.00000
     235.00000   -20.00000     7.59040     10.38066      5.30425      0.00000
     235.00000   -20.00000     9.71025     17.69808      4.10032      0.00000
     235.00000   -20.00000    10.97997     23.40910      3.70069      0.00000
     235.00000   -20.00000    12.46326     30.00144      4.20577      0.00000
     235.00000   -20.00000    14.27759     30.84792      7.76079      0.00000
     235.00000   -20.00000    16.66871     22.34232      1.39680      0.00000
     235.00000   -20.00000    18.70741     13.41973      0.90110      0.00000
     235.00000   -20.00000    20.72160     -1.40562      4.57656      0.00000
     235.00000   -20.00000    23.85301    -16.36866      1.15362      0.00000
     235.00000   -20.00000    26.44489    -15.91934      3.72540      0.00000
     235.00000   -20.00000    30.99574     -1.36279      5.67896      0.00000
     237.50000   -20.00000     0.13204     -4.60000     -1.90000      0.00000
     237.50000   -20.00000     0.80847     -4.69784     -2.09567      0.00000
     237.50000   -20.00000     1.52714     -5.09317     -1.21536      0.00000
     237.50000   -20.00000     3.14410     -3.80118     -0.20091      0.00000
     237.50000   -20.00000     4.40866      0.39869      2.09928      0.00000
     237.50000   -20.00000     5.86584      4.39569      4.39752      0.00000
     237.50000   -20.00000     7.59040     10.49768      4.59992      0.00000
     237.50000   -20.00000     9.71025     18.72400      5.00153      0.00000
     237.50000   -20.00000    10.97997     23.44212      5.30476      0.00000
     237.50000   -20.00000    12.46326     29.60546      6.01274      0.00000
     237.50000   -20.00000    14.27759     30.42491      7.98415      0.00000
     237.50000   -20.00000    16.66871     23.39141     -2.67848      0.00000
     237.50000   -20.00000    18.70741     12.44042     -0.50801      0.00000
     237.50000   -20.00000    20.72160     -2.00801      3.47462      0.00000
     237.50000   -20.00000    23.85301    -17.68768      2.21747      0.00000
     237.50000   -20.00000    26.44489    -13.91608      1.61699      0.00000
     237.50000   -20.00000    30.99574     -0.17114      7.92063      0.00000
     240.00000   -20.00000     0.13204     -4.40000     -1.10000      0.00000
     240.00000   -20.00000     0.80847     -4.69082     -1.29388      0.00000
     240.00000   -20.00000     1.52714     -5.08982     -0.81272      0.00000
     240.00000   -20.00000     3.14410     -2.80783     -1.49762      0.00000
     240.00000   -20.00000     4.40866      1.39535     -1.50000      0.00000
     240.00000   -20.00000     5.86584      4.80533      1.30183      0.00000
     240.00000   -20.00000     7.59040     11.21351      3.50334      0.00000
     240.00000   -20.00000     9.71025     19.73555      5.60099      0.00000
     240.00000   -20.00000    10.97997     23.37208      5.71588      0.00000
     240.00000   -20.00000    12.46326     29.21442      7.00665      0.00000
     240.00000   -20.00000    14.27759     30.41605      7.41038      0.00000
     240.00000   -20.00000    16.66871     24.53946     -5.46473      0.00000
     240.00000   -20.00000    18.70741     11.57345     -2.61614      0.00000
     240.00000   -20.00000    20.72160     -1.27971      2.25431      0.00000
     240.00000   -20.00000    23.85301    -19.28487      2.79406      0.00000
     240.00000   -20.00000    26.44489    -12.10341     -1.96885      0.00000
     240.00000   -20.00000    30.99574     -0.54754      9.44989      0.00000
     242.50000   -20.00000     0.13204     -5.00000     -0.70000      0.00000
     242.50000   -20.00000     0.80847     -5.38479     -1.18098      0.00000
     242.50000   -20.00000     1.52714     -5.10892     -0.61783      0.00000
     242.50000   -20.00000     3.14410     -2.01828     -1.09705      0.00000
     242.50000   -20.00000     4.40866      2.87900     -3.58928      0.00000
     242.50000   -20.00000     5.86584      6.10849     -1.49420      0.00000
     242.50000   -20.00000     7.59040     12.11653      2.60558      0.00000
     242.50000   -20.00000     9.71025     20.14177      5.29877      0.00000
     242.50000   -20.00000    10.97997     23.59619      5.24402      0.00000
     242.50000   -20.00000    12.46326     29.42179      7.88600      0.00000
     242.50000   -20.00000    14.27759     30.71081      6.74335      0.00000
     242.50000   -20.00000    16.66871     25.69765     -7.06065      0.00000
     242.50000   -20.00000    18.70741     11.60072     -4.31959      0.00000
     242.50000   -20.00000    20.72160     -0.12603      2.00564      0.00000
     242.50000   -20.00000    23.85301    -20.86511      2.79209      0.00000
     242.50000   -20.00000    26.44489    -10.93521     -5.50776      0.00000
     242.50000   -20.00000    30.99574     -2.39460      9.72431      0.00000
     245.00000   -20.00000     0.13204     -7.20000     -0.70000      0.00000
     245.00000   -20.00000     0.80847     -7.48856     -2.14278      0.00000
     245.00000   -20.00000     1.52714     -6.14162     -1.03567      0.00000
     245.00000   -20.00000     3.14410     -2.33181     -0.10753      0.00000
     245.00000   -20.00000     4.40866      3.15462     -3.47194      0.00000
     245.00000   -20.00000     5.86584      6.99851     -2.60035      0.00000
     245.00000   -20.00000     7.59040     12.51447      2.50414      0.00000
     245.00000   -20.00000     9.71025     19.55550      4.50555      0.00000
     245.00000   -20.00000    10.97997     23.60795      4.96548      0.00000
     245.00000   -20.00000    12.46326     29.61101      8.55779      0.00000
     245.00000   -20.00000    14.27759     30.12296      6.00807      0.00000
     245.00000   -20.00000    16.66871     26.17856     -8.04735      0.00000
     245.00000   -20.00000    18.70741     12.19303     -4.72212      0.00000
     245.00000   -20.00000    20.72160      0.32354      2.66029      0.00000
     245.00000   -20.00000    23.85301    -21.64391      2.50349      0.00000
     245.00000   -20.00000    26.44489    -10.01878     -6.82823      0.00000
     245.00000   -20.00000    30.99574     -4.74608      9.05363      0.00000
     247.50000   -20.00000     0.13204     -9.80000     -0.50000      0.00000
     247.50000   -20.00000     0.80847    -10.18591     -2.52604      0.00000
     247.50000   -20.00000     1.52714     -7.96193     -1.14039      0.00000
     247.50000   -20.00000     3.14410     -3.24796      0.38469      0.00000
     247.50000   -20.00000     4.40866      1.73508     -2.46235      0.00000
     247.50000   -20.00000     5.86584      6.58480     -2.10127      0.00000
     247.50000   -20.00000     7.59040     11.51323      2.70124      0.00000
     247.50000   -20.00000     9.71025     17.95624      3.32224      0.00000
     247.50000   -20.00000    10.97997     22.29536      5.06130      0.00000
     247.50000   -20.00000    12.46326     27.80000      8.52843      0.00000
     247.50000   -20.00000    14.27759     27.75134      4.42834      0.00000
     247.50000   -20.00000    16.66871     25.18930     -8.63803      0.00000
     247.50000   -20.00000    18.70741     11.88195     -4.72410      0.00000
     247.50000   -20.00000    20.72160     -0.47332      2.76218      0.00000
     247.50000   -20.00000    23.85301    -21.04719      1.81350      0.00000
     247.50000   -20.00000    26.44489     -9.18499     -5.29171      0.00000
     247.50000   -20.00000    30.99574     -6.22156      8.88914      0.00000
     250.00000   -20.00000     0.13204    -10.90000      0.80000      0.00000
     250.00000   -20.00000     0.80847    -11.47973     -1.13244      0.00000
     250.00000   -20.00000     1.52714     -9.05697     -0.12506      0.00000
     250.00000   -20.00000     3.14410     -3.85933      0.39430      0.00000
     250.00000   -20.00000     4.40866     -0.26085     -1.17296      0.00000
     250.00000   -20.00000     5.86584      5.06850     -0.70297      0.00000
     250.00000   -20.00000     7.59040      9.41280      2.09917      0.00000
     250.00000   -20.00000     9.71025     15.64241      1.73095      0.00000
     250.00000   -20.00000    10.97997     19.36269      4.43679      0.00000
     250.00000   -20.00000    12.46326     23.89690      7.01306      0.00000
     250.00000   -20.00000    14.27759     23.67688      1.32993      0.00000
     250.00000   -20.00000    16.66871     22.17161     -8.76362      0.00000
     250.00000   -20.00000    18.70741     10.39576     -5.42713      0.00000
     250.00000   -20.00000    20.72160     -1.63327      1.79941      0.00000
     250.00000   -20.00000    23.85301    -19.28902      0.41788      0.00000
     250.00000   -20.00000    26.44489     -8.65272     -1.76946      0.00000
     250.00000   -20.00000    30.99574     -6.81158      9.12507      0.00000
     230.00000   -22.50000     0.13204     -3.60000     -0.60000      0.00000
     230.00000   -22.50000     0.80847     -2.31467     -1.29210      0.00000
     230.00000   -22.50000     1.52714     -0.71610      0.38290      0.00000
     230.00000   -22.50000     3.14410      1.59507      4.19185      0.00000
     230.00000   -22.50000     4.40866      7.18495      4.39946      0.00000
     230.00000   -22.50000     5.86584     13.80086      3.00055      0.00000
     230.00000   -22.50000     7.59040     17.21594      5.20021      0.00000
     230.00000   -22.50000     9.71025     24.97727      5.28300      0.00000
     230.00000   -22.50000    10.97997     30.00120      4.15952      0.00000
     230.00000   -22.50000    12.46326     35.39800      2.02999      0.00000
     230.00000   -22.50000    14.27759     35.10357      3.55115      0.00000
     230.00000   -22.50000    16.66871     25.38195      5.95047      0.00000
     230.00000   -22.50000    18.70741     13.45703      4.10032      0.00000
     230.00000   -22.50000    20.72160      0.25653      4.19883      0.00000
     230.00000   -22.50000    23.85301    -13.35072      1.64731      0.00000
     230.00000   -22.50000    26.44489     -9.62597      4.12012      0.00000
     230.00000   -22.50000    30.99574      2.57989      3.11968      0.00000
     232.50000   -22.50000     0.13204     -2.80000     -0.60000      0.00000
     232.50000   -22.50000     0.80847     -1.61532     -1.19234      0.00000
     232.50000   -22.50000     1.52714     -0.70907      0.28489      0.00000
     232.50000   -22.50000     3.14410      0.79771      2.79619      0.00000
     232.50000   -22.50000     4.40866      5.69071      3.49867      0.00000
     232.50000   -22.50000     5.86584     12.79722      3.20012      0.00000
     232.50000   -22.50000     7.59040     17.31987      5.39847      0.00000
     232.50000   -22.50000     9.71025     25.18358      4.79318      0.00000
     232.50000   -22.50000    10.97997     30.11668      4.37748      0.00000
     232.50000   -22.50000    12.46326     35.67950      3.33189      0.00000
     232.50000   -22.50000    14.27759     34.57462      4.69324      0.00000
     232.50000   -22.50000    16.66871     24.53998      4.38104      0.00000
     232.50000   -22.50000    18.70741     15.10833      3.70677      0.00000
     232.50000   -22.50000    20.72160      0.44457      4.78933      0.00000
     232.50000   -22.50000    23.85301    -14.22182      0.48270      0.00000
     232.50000   -22.50000    26.44489     -9.84759      3.11391      0.00000
     232.50000   -22.50000    30.99574      2.69928      4.28248      0.00000
     235.00000   -22.50000     0.13204     -1.40000     -1.00000      0.00000
     235.00000   -22.50000     0.80847     -0.41721     -1.29484      0.00000
     235.00000   -22.50000     1.52714     -0.30156     -0.41407      0.00000
     235.00000   -22.50000     3.14410     -0.00083      0.59723      0.00000
     235.00000   -22.50000     4.40866      3.49335      2.69601      0.00000
     235.00000   -22.50000     5.86584     10.10156      3.70040      0.00000
     235.00000   -22.50000     7.59040     16.33969      5.29732      0.00000
     235.00000   -22.50000     9.71025     25.29276      4.71131      0.00000
     235.00000   -22.50000    10.97997     29.44892      5.19243      0.00000
     235.00000   -22.50000    12.46326     35.17596      4.92404      0.00000
     235.00000   -22.50000    14.27759     34.06612      5.68175      0.00000
     235.00000   -22.50000    16.66871     25.12579      1.35012      0.00000
     235.00000   -22.50000    18.70741     15.96666      3.01870      0.00000
     235.00000   -22.50000    20.72160     -0.19719      5.28558      0.00000
     235.00000   -22.50000    23.85301    -13.83690      0.29723      0.00000
     235.00000   -22.50000    26.44489     -9.54809      3.20233      0.00000
     235.00000   -22.50000    30.99574      2.70936      5.36745      0.00000
     237.50000   -22.50000     0.13204      0.80000     -1.30000      0.00000
     237.50000   -22.50000     0.80847      1.38435     -1.10521      0.00000
     237.50000   -22.50000     1.52714      0.71584     -0.51358      0.00000
     237.50000   -22.50000     3.14410      0.20232     -0.89814      0.00000
     237.50000   -22.50000     4.40866      2.29600      1.59524      0.00000
     237.50000   -22.50000     5.86584      7.31586      4.00261      0.00000
     237.50000   -22.50000     7.59040     15.27406      5.30293      0.00000
     237.50000   -22.50000     9.71025     25.39538      5.72981      0.00000
     237.50000   -22.50000    10.97997     28.68580      6.70641      0.00000
     237.50000   -22.50000    12.46326     34.29365      6.88093      0.00000
     237.50000   -22.50000    14.27759     33.87509      6.03448      0.00000
     237.50000   -22.50000    16.66871     26.53517     -2.08054      0.00000
     237.50000   -22.50000    18.70741     15.46558      1.52851      0.00000
     237.50000   -22.50000    20.72160     -0.82893      4.98492      0.00000
     237.50000   -22.50000    23.85301    -12.96961      1.07492      0.00000
     237.50000   -22.50000    26.44489     -9.13698      2.16086      0.00000
     237.50000   -22.50000    30.99574      2.41247      7.11917      0.00000
     240.00000   -22.50000     0.13204      2.30000     -2.10000      0.00000
     240.00000   -22.50000     0.80847      2.87896     -1.52104      0.00000
     240.00000   -22.50000     1.52714      1.83410     -0.72480      0.00000
     240.00000   -22.50000     3.14410      1.20466     -0.99767      0.00000
     240.00000   -22.50000     4.40866      3.19459     -0.00271      0.00000
     240.00000   -22.50000     5.86584      6.33279      3.10603      0.00000
     240.00000   -22.50000     7.59040     15.10833      4.72248      0.00000
     240.00000   -22.50000     9.71025     25.70952      6.94154      0.00000
     240.00000   -22.50000    10.97997     28.70213      8.03887      0.00000
     240.00000   -22.50000    12.46326     33.71898      8.90892      0.00000
     240.00000   -22.50000    14.27759     34.00483      6.17352      0.00000
     240.00000   -22.50000    16.66871     28.31220     -5.05332      0.00000
     240.00000   -22.50000    18.70741     14.38912     -0.86495      0.00000
     240.00000   -22.50000    20.72160     -0.90273      3.96925      0.00000
     240.00000   -22.50000    23.85301    -13.17130      2.23320      0.00000
     240.00000   -22.50000    26.44489     -8.65975     -1.08915      0.00000
     240.00000   -22.50000    30.99574      0.85058      8.54429      0.00000
     242.50000   -22.50000     0.13204      1.30000     -3.90000      0.00000
     242.50000   -22.50000     0.80847      2.06596     -3.80425      0.00000
     242.50000   -22.50000     1.52714      1.61764     -2.15997      0.00000
     242.50000   -22.50000     3.14410      1.89711     -0.71348      0.00000
     242.50000   -22.50000     4.40866      5.28806     -1.69649      0.00000
     242.50000   -22.50000     5.86584      7.84535      0.81549      0.00000
     242.50000   -22.50000     7.59040     16.12031      3.64010      0.00000
     242.50000   -22.50000     9.71025     26.03902      6.96951      0.00000
     242.50000   -22.50000    10.97997     29.31960      8.60065      0.00000
     242.50000   -22.50000    12.46326     33.92231     10.52601      0.00000
     242.50000   -22.50000    14.27759     34.24737      6.23367      0.00000
     242.50000   -22.50000    16.66871     30.03697     -7.16529      0.00000
     242.50000   -22.50000    18.70741     14.20723     -3.36130      0.00000
     242.50000   -22.50000    20.72160     -0.63146      2.82968      0.00000
     242.50000   -22.50000    23.85301    -14.83989      3.39091      0.00000
     242.50000   -22.50000    26.44489     -8.21017     -4.84839      0.00000
     242.50000   -22.50000    30.99574     -2.18100      8.90505      0.00000
     245.00000   -22.50000     0.13204     -2.40000     -5.50000      0.00000
     245.00000   -22.50000     0.80847     -1.54370     -6.83201      0.00000
     245.00000   -22.50000     1.52714     -0.53953     -4.40278      0.00000
     245.00000   -22.50000     3.14410      1.47824     -1.13481      0.00000
     245.00000   -22.50000     4.40866      6.76872     -3.08819      0.00000
     245.00000   -22.50000     5.86584     10.53315     -1.87972      0.00000
     245.00000   -22.50000     7.59040     17.30101      2.23651      0.00000
     245.00000   -22.50000     9.71025     25.67446      5.30559      0.00000
     245.00000   -22.50000    10.97997     29.51690      7.65282      0.00000
     245.00000   -22.50000    12.46326     33.70992     10.37675      0.00000
     245.00000   -22.50000    14.27759     33.79163      5.46279      0.00000
     245.00000   -22.50000    16.66871     30.82343     -8.46535      0.00000
     245.00000   -22.50000    18.70741     14.61324     -4.66282      0.00000
     245.00000   -22.50000    20.72160     -0.46841      1.80075      0.00000
     245.00000   -22.50000    23.85301    -17.00248      3.96236      0.00000
     245.00000   -22.50000    26.44489     -7.64824     -6.43170      0.00000
     245.00000   -22.50000    30.99574     -5.62030      9.11956      0.00000
     247.50000   -22.50000     0.13204     -6.70000     -5.30000      0.00000
     247.50000   -22.50000     0.80847     -6.22585     -7.76560      0.00000
     247.50000   -22.50000     1.52714     -4.08721     -5.21100      0.00000
     247.50000   -22.50000     3.14410      0.05287     -1.83793      0.00000
     247.50000   -22.50000     4.40866      6.83830     -3.68276      0.00000
     247.50000   -22.50000     5.86584     12.21197     -3.48881      0.00000
     247.50000   -22.50000     7.59040     16.87618      0.81609      0.00000
     247.50000   -22.50000     9.71025     24.07433      2.42203      0.00000
     247.50000   -22.50000    10.97997     28.08985      5.23630      0.00000
     247.50000   -22.50000    12.46326     31.78996      7.68415      0.00000
     247.50000   -22.50000    14.27759     31.54269      3.04012      0.00000
     247.50000   -22.50000    16.66871     29.77389     -8.96434      0.00000
     247.50000   -22.50000    18.70741     14.33533     -4.97580      0.00000
     247.50000   -22.50000    20.72160     -0.86656      0.71265      0.00000
     247.50000   -22.50000    23.85301    -17.99173      3.15699      0.00000
     247.50000   -22.50000    26.44489     -6.84897     -4.92338      0.00000
     247.50000   -22.50000    30.99574     -8.18481     10.05477      0.00000
     250.00000   -22.50000     0.13204     -9.30000     -2.20000      0.00000
     250.00000   -22.50000     0.80847     -9.48902     -4.65720      0.00000
     250.00000   -22.50000     1.52714     -7.19541     -2.97553      0.00000
     250.00000   -22.50000     3.14410     -1.57126     -1.51781      0.00000
     250.00000   -22.50000     4.40866      6.19230     -2.88067      0.00000
     250.00000   -22.50000     5.86584     11.60071     -3.19934      0.00000
     250.00000   -22.50000     7.59040     14.46493     -0.60000      0.00000
     250.00000   -22.50000     9.71025     21.53174     -0.51088      0.00000
     250.00000   -22.50000    10.97997     24.94052      1.78343      0.00000
     250.00000   -22.50000    12.46326     27.99065      3.40358      0.00000
     250.00000   -22.50000    14.27759     27.77179     -0.93446      0.00000
     250.00000   -22.50000    16.66871     26.70433     -8.80849      0.00000
     250.00000   -22.50000    18.70741     12.40340     -5.50079      0.00000
     250.00000   -22.50000    20.72160     -1.42907     -0.46227      0.00000
     250.00000   -22.50000    23.85301    -16.92582      0.87715      0.00000
     250.00000   -22.50000    26.44489     -6.32765     -1.15693      0.00000
     250.00000   -22.50000    30.99574     -9.96816     10.70202      0.00000
     230.00000   -25.00000     0.13204     -4.40000      1.70000      0.00000
     230.00000   -25.00000     0.80847     -3.32714      0.72468      0.00000
     230.00000   -25.00000     1.52714     -1.33973      1.19007      0.00000
     230.00000   -25.00000     3.14410      2.78607      2.39593      0.00000
     230.00000   -25.00000     4.40866      9.21085      2.10127      0.00000
     230.00000   -25.00000     5.86584     15.25981      2.81447      0.00000
     230.00000   -25.00000     7.59040     21.54649      4.34115      0.00000
     230.00000   -25.00000     9.71025     30.56971      6.84995      0.00000
     230.00000   -25.00000    10.97997     35.99946      7.67701      0.00000
     230.00000   -25.00000    12.46326     41.18137      5.44068      0.00000
     230.00000   -25.00000    14.27759     38.46839      4.39549      0.00000
     230.00000   -25.00000    16.66871     24.45729      4.34906      0.00000
     230.00000   -25.00000    18.70741     11.82777      5.29282      0.00000
     230.00000   -25.00000    20.72160      0.14438      4.80602      0.00000
     230.00000   -25.00000    23.85301    -12.03779      2.45116      0.00000
     230.00000   -25.00000    26.44489     -4.48613      0.85652      0.00000
     230.00000   -25.00000    30.99574      3.71068      3.24157      0.00000
     232.50000   -25.00000     0.13204     -2.80000      2.40000      0.00000
     232.50000   -25.00000     0.80847     -1.82319      1.42319      0.00000
     232.50000   -25.00000     1.52714     -0.22955      1.59631      0.00000
     232.50000   -25.00000     3.14410      2.29306      1.10139      0.00000
     232.50000   -25.00000     4.40866      7.51775      0.70050      0.00000
     232.50000   -25.00000     5.86584     14.66949      0.92510      0.00000
     232.50000   -25.00000     7.59040     21.95614      3.52546      0.00000
     232.50000   -25.00000     9.71025     31.23755      5.07558      0.00000
     232.50000   -25.00000    10.97997     35.67661      6.34814      0.00000
     232.50000   -25.00000    12.46326     40.10170      5.44796      0.00000
     232.50000   -25.00000    14.27759     37.82363      4.56642      0.00000
     232.50000   -25.00000    16.66871     23.84862      3.93541      0.00000
     232.50000   -25.00000    18.70741     13.27117      4.60532      0.00000
     232.50000   -25.00000    20.72160      0.72370      4.89712      0.00000
     232.50000   -25.00000    23.85301    -11.63395      1.18088      0.00000
     232.50000   -25.00000    26.44489     -4.17367      1.48632      0.00000
     232.50000   -25.00000    30.99574      1.09302      3.16434      0.00000
     235.00000   -25.00000     0.13204     -0.50000      2.50000      0.00000
     235.00000   -25.00000     0.80847      0.47684      1.71853      0.00000
     235.00000   -25.00000     1.52714      1.48016      1.40595      0.00000
     235.00000   -25.00000     3.14410      2.19762     -0.59321      0.00000
     235.00000   -25.00000     4.40866      5.41300      0.30108      0.00000
     235.00000   -25.00000     5.86584     12.66968      0.91954      0.00000
     235.00000   -25.00000     7.59040     20.98325      3.21258      0.00000
     235.00000   -25.00000     9.71025     31.21148      3.99399      0.00000
     235.00000   -25.00000    10.97997     34.88735      5.52446      0.00000
     235.00000   -25.00000    12.46326     39.23200      5.85672      0.00000
     235.00000   -25.00000    14.27759     37.51241      5.04894      0.00000
     235.00000   -25.00000    16.66871     24.44460      2.38628      0.00000
     235.00000   -25.00000    18.70741     14.39756      3.92961      0.00000
     235.00000   -25.00000    20.72160      0.48156      5.29202      0.00000
     235.00000   -25.00000    23.85301     -9.96841      0.01798      0.00000
     235.00000   -25.00000    26.44489     -4.40317      2.89503      0.00000
     235.00000   -25.00000    30.99574     -0.96563      3.98011      0.00000
     237.50000   -25.00000     0.13204      2.50000      1.50000      0.00000
     237.50000   -25.00000     0.80847      3.28029      1.50000      0.00000
     237.50000   -25.00000     1.52714      3.59281      1.20719      0.00000
     237.50000   -25.00000     3.14410      2.90368     -1.58526      0.00000
     237.50000   -25.00000     4.40866      3.80668      0.60256      0.00000
     237.50000   -25.00000     5.86584      9.88283      2.91001      0.00000
     237.50000   -25.00000     7.59040     19.12730      4.01196      0.00000
     237.50000   -25.00000     9.71025     30.53080      4.71870      0.00000
     237.50000   -25.00000    10.97997     34.13636      6.48745      0.00000
     237.50000   -25.00000    12.46326     38.75348      7.58036      0.00000
     237.50000   -25.00000    14.27759     37.43437      5.56145      0.00000
     237.50000   -25.00000    16.66871     25.82498      0.14301      0.00000
     237.50000   -25.00000    18.70741     14.34613      2.56134      0.00000
     237.50000   -25.00000    20.72160     -0.25819      5.09275      0.00000
     237.50000   -25.00000    23.85301     -7.82497     -0.27498      0.00000
     237.50000   -25.00000    26.44489     -5.20156      2.30194      0.00000
     237.50000   -25.00000    30.99574     -2.45314      5.53702      0.00000
     240.00000   -25.00000     0.13204      4.50000     -1.40000      0.00000
     240.00000   -25.00000     0.80847      5.56801     -0.72036      0.00000
     240.00000   -25.00000     1.52714      5.30844      0.07750      0.00000
     240.00000   -25.00000     3.14410      3.91085     -1.38838      0.00000
     240.00000   -25.00000     4.40866      3.90173      0.50168      0.00000
     240.00000   -25.00000     5.86584      8.10237      4.50436      0.00000
     240.00000   -25.00000     7.59040     17.67451      4.93660      0.00000
     240.00000   -25.00000     9.71025     29.69601      6.65540      0.00000
     240.00000   -25.00000    10.97997     33.79710      8.75734      0.00000
     240.00000   -25.00000    12.46326     38.65576     10.41242      0.00000
     240.00000   -25.00000    14.27759     37.48032      6.21161      0.00000
     240.00000   -25.00000    16.66871     27.36103     -2.42150      0.00000
     240.00000   -25.00000    18.70741     13.72999      0.48331      0.00000
     240.00000   -25.00000    20.72160     -0.93603      3.78560      0.00000
     240.00000   -25.00000    23.85301     -6.95557      0.67577      0.00000
     240.00000   -25.00000    26.44489     -5.94386     -0.74883      0.00000
     240.00000   -25.00000    30.99574     -4.62419      6.46229      0.00000
     242.50000   -25.00000     0.13204      3.90000     -6.10000      0.00000
     242.50000   -25.00000     0.80847      5.63412     -5.52196      0.00000
     242.50000   -25.00000     1.52714      5.60324     -3.17774      0.00000
     242.50000   -25.00000     3.14410      4.51058     -1.51538      0.00000
     242.50000   -25.00000     4.40866      5.50135     -0.59827      0.00000
     242.50000   -25.00000     5.86584      8.81552      3.51726      0.00000
     242.50000   -25.00000     7.59040     17.69729      4.86314      0.00000
     242.50000   -25.00000     9.71025     29.08982      7.42394      0.00000
     242.50000   -25.00000    10.97997     33.81146     10.13512      0.00000
     242.50000   -25.00000    12.46326     38.25901     12.25727      0.00000
     242.50000   -25.00000    14.27759     37.26203      6.46614      0.00000
     242.50000   -25.00000    16.66871     28.87310     -4.90987      0.00000
     242.50000   -25.00000    18.70741     13.83919     -1.81267      0.00000
     242.50000   -25.00000    20.72160     -1.36530      1.86740      0.00000
     242.50000   -25.00000    23.85301     -8.42704      2.38782      0.00000
     242.50000   -25.00000    26.44489     -5.90138     -4.15379      0.00000
     242.50000   -25.00000    30.99574     -7.76716      6.71447      0.00000
     245.00000   -25.00000     0.13204      1.00000    -10.10000      0.00000
     245.00000   -25.00000     0.80847      3.19500    -10.76804      0.00000
     245.00000   -25.00000     1.52714      4.16573     -7.14469      0.00000
     245.00000   -25.00000     3.14410      4.29904     -2.64241      0.00000
     245.00000   -25.00000     4.40866      7.60165     -2.39886      0.00000
     245.00000   -25.00000     5.86584     11.60387      0.33763      0.00000
     245.00000   -25.00000     7.59040     18.67246      2.86394      0.00000
     245.00000   -25.00000     9.71025     28.62256      5.39051      0.00000
     245.00000   -25.00000    10.97997     33.36416      8.67312      0.00000
     245.00000   -25.00000    12.46326     36.98218     10.90998      0.00000
     245.00000   -25.00000    14.27759     36.36672      4.95530      0.00000
     245.00000   -25.00000    16.66871     29.76586     -7.17814      0.00000
     245.00000   -25.00000    18.70741     14.36546     -3.52406      0.00000
     245.00000   -25.00000    20.72160     -1.38956      0.05223      0.00000
     245.00000   -25.00000    23.85301    -11.45014      3.61094      0.00000
     245.00000   -25.00000    26.44489     -5.32426     -5.09079      0.00000
     245.00000   -25.00000    30.99574    -11.30914      7.41251      0.00000
     247.50000   -25.00000     0.13204     -2.10000    -10.40000      0.00000
     247.50000   -25.00000     0.80847     -0.30972    -12.19028      0.00000
     247.50000   -25.00000     1.52714      1.42534     -8.76249      0.00000
     247.50000   -25.00000     3.14410      3.28261     -3.94541      0.00000
     247.50000   -25.00000     4.40866      9.29810     -3.80003      0.00000
     247.50000   -25.00000     5.86584     14.36652     -2.86385      0.00000
     247.50000   -25.00000     7.59040     19.12662     -0.36997      0.00000
     247.50000   -25.00000     9.71025     27.55520      0.95990      0.00000
     247.50000   -25.00000    10.97997     31.57576      3.92061      0.00000
     247.50000   -25.00000    12.46326     34.31825      5.72599      0.00000
     247.50000   -25.00000    14.27759     34.19946      1.20570      0.00000
     247.50000   -25.00000    16.66871     29.42657     -8.85435      0.00000
     247.50000   -25.00000    18.70741     14.03777     -4.54488      0.00000
     247.50000   -25.00000    20.72160     -1.17401     -1.34750      0.00000
     247.50000   -25.00000    23.85301    -13.88700      3.28507      0.00000
     247.50000   -25.00000    26.44489     -4.70343     -2.89874      0.00000
     247.50000   -25.00000    30.99574    -13.77994      9.14329      0.00000
     250.00000   -25.00000     0.13204     -3.70000     -6.40000      0.00000
     250.00000   -25.00000     0.80847     -2.95361     -8.35926      0.00000
     250.00000   -25.00000     1.52714     -1.56768     -6.21602      0.00000
     250.00000   -25.00000     3.14410      1.96178     -3.52839      0.00000
     250.00000   -25.00000     4.40866     10.37046     -3.50000      0.00000
     250.00000   -25.00000     5.86584     15.02780     -4.29396      0.00000
     250.00000   -25.00000     7.59040     17.49618     -3.79503      0.00000
     250.00000   -25.00000     9.71025     25.45421     -3.47290      0.00000
     250.00000   -25.00000    10.97997     28.59007     -1.89633      0.00000
     250.00000   -25.00000    12.46326     30.64336     -1.02547      0.00000
     250.00000   -25.00000    14.27759     30.92404     -3.83989      0.00000
     250.00000   -25.00000    16.66871     27.73241     -9.69751      0.00000
     250.00000   -25.00000    18.70741     12.05307     -5.56491      0.00000
     250.00000   -25.00000    20.72160     -1.01243     -2.44479      0.00000
     250.00000   -25.00000    23.85301    -13.89025      1.40708      0.00000
     250.00000   -25.00000    26.44489     -4.97601      0.82034      0.00000
     250.00000   -25.00000    30.99574    -14.98705      9.90008      0.00000
