# Tecplot data: Tacode
Variables = Time[s],X[km],Y[km],Z[km],Long[deg.],Lati[deg.],Alti[km],Upl[m/s],Vpl[m/s],Wpl[m/s],VelplAbs[m/s],Dens[kg/m3],Temp[K],Kn,WindE[m/s],WindN[m/s],WindU[m/s],VelairAbs[m/s]
zone t=time i= 2773 f=point
0.0 -3772.3654475379267 3000.674967768374 4388.053261258401 141.5 42.5 150.0 7450 0 0 7450.0 1.7500000000001226e-09 661.4999999999927 82.68936707019084 -26.74222 65.191565 0.0 7477.026425289513
1.0 -3777.0009049738533 2994.842731440795 4388.050100104099 141.58855420519373 42.49996255864024 149.99996673223143 7449.9900961094045 -8.514405356219385 -0.038715352722832996 7449.994961657737 1.7500029298200535e-09 661.4998226606671 82.68923086883754 -26.742190773234007 65.1915795655772 0.0 7477.0955767213145
2.0 -3781.6318051271783 2989.0068891187675 4388.040616648416 141.6771081305623 42.49985023484299 149.9998669208491 7449.970545909687 -17.028751636730235 -0.07744298807192607 7449.990008000118 1.7500117200169194e-09 661.4992905998331 82.68882223281959 -26.74210308584047 65.19162326584502 0.0 7477.164718775176
3.0 -3786.2581418990017 2983.1674484908203 4388.024810908889 141.76566155667726 42.499663029306284 149.99970055387962 7449.941349669765 -25.542996573902634 -0.11618286999822303 7449.985139024896 1.7500263717213413e-09 661.4984037543283 82.68814111649962 -26.741956927300414 65.19169610604571 0.0 7477.233851171261
4.0 -3790.879909195674 2977.3244172496325 4388.002682911984 141.85421426411997 42.49940094309475 149.99946761954064 7449.902507814051 -34.05709790235301 -0.15493496247748695 7449.980354729565 1.750046886098176e-09 661.4971620624347 82.68718747726854 -26.741752287262656 65.19179809133796 0.0 7477.302973630714
5.0 -3795.4971009288006 2971.477803092024 4387.974232693108 141.942766033486 42.499063977639466 149.99916810624535 7449.854020922436 -42.571013359928116 -0.19369922951096896 7449.975655111369 1.7500732643460816e-09 661.4955654639048 82.68596127557016 -26.741489155547832 65.19192922679477 0.0 7477.372085875665
6.0 -3800.1097110152577 2965.627613718947 4387.939460296593 142.0313166453894 42.49865213473806 149.99880200259946 7449.795889730265 -51.084700688698156 -0.23247563511595715 7449.971040167292 1.7501055076979155e-09 661.4936138999386 82.68446247488819 -26.74116752214571 65.1920895174049 0.0 7477.441187629233
7.0 -3804.7177333771883 2959.773856835475 4387.898365775707 142.11986588046722 42.498165416554635 149.99836929739897 7449.72811512831 -59.59811763592782 -0.2712641433401508 7449.966509894067 1.7501436174210799e-09 661.4913073131609 82.68269104173609 -26.74078737721321 65.19227896807377 0.0 7477.510278615534
8.0 -3809.3211619420204 2953.916540150793 4387.850949192654 142.20841351938367 42.497603825619635 149.99786997963676 7449.650698162735 -68.1112219550643 -0.3100647182572729 7449.962064288172 1.7501875948171117e-09 661.488645647644 82.68064694568275 -26.740348711080262 65.19249758362061 0.0 7477.579358559689
9.0 -3813.9199906424656 2948.0556713781903 4387.797210618568 142.29695934283487 42.49696736482994 149.99730403849645 7449.563640035052 -76.6239714067373 -0.34887732394896176 7449.957703345827 1.750237441222434e-09 661.4856288488612 82.6783301593251 -26.73985151424432 65.19274536878115 0.0 7477.648427187828
10.0 -3818.514213416535 2942.1912582350483 4387.7371501335165 142.3855031315528 42.49625603744865 149.9966714633566 7449.466942102075 -85.13632375971252 -0.387701924537474 7449.953427063 1.750293158008212e-09 661.4822568636913 82.67574065830287 -26.739295777374128 65.19302232820577 0.0 7477.717484227097
11.0 -3823.1038242075397 2936.323308442832 4387.6707678265 142.47404466630996 42.49546984710512 149.99597224378587 7449.360605875867 -93.64823679189823 -0.42653848415944395 7449.949235435405 1.7503547465810288e-09 661.4785296403743 82.6728784212759 -26.738681491305442 65.1933284664616 0.0 7477.78652940566
12.0 -3827.6888169641024 2930.451829727081 4387.598063795452 142.56258372792374 42.49460879779476 149.99520636954787 7449.244633023675 -102.1596682913204 -0.4653869669735897 7449.945128458495 1.7504222083827543e-09 661.474447128515 82.66974342993993 -26.738008647045262 65.1936637880304 0.0 7477.855562452715
13.0 -3832.2691856401634 2924.5768298173994 4387.519038147239 142.65112009726047 42.49367289387906 149.99437383059785 7449.119025367876 -110.67057605709607 -0.5042473371701348 7449.941106127473 1.750495544891133e-09 661.4700092790428 82.66633566900941 -26.737277235768964 65.19402829731008 0.0 7477.924583098491
14.0 -3836.8449241949893 2918.698316447445 4387.433690997659 142.73965355524038 42.492662140085464 149.99347461708473 7448.98378488589 -119.1809179004338 -0.5431195589491296 7449.937168437285 1.750574757619945e-09 661.4652160441946 82.66265512622083 -26.736487248822066 65.1944219986137 0.0 7477.993591074254
15.0 -3841.4160265931787 2912.8162973549215 4387.342022471444 142.8281838828413 42.491576541507186 149.9925087193502 7448.838913710113 -127.69065164559129 -0.5820035965456896 7449.933315382623 1.7506598481194485e-09 661.4600673774833 82.65870179232418 -26.735638677719464 65.19484489616997 0.0 7478.062586112321
16.0 -3845.9824868046708 2906.9307802815683 4387.244032702254 142.91671086110355 42.49041610360313 149.99147612792743 7448.684414127831 -136.19973513087228 -0.620899414210939 7449.929546957922 1.7507508179768847e-09 661.4545632336589 82.65447566107142 -26.734731514144208 65.19529699412372 0.0 7478.131567946053
17.0 -3850.544298804754 2901.041772973153 4387.139721832688 143.00523427113404 42.489180832197874 149.9903768335446 7448.520288581121 -144.70812620959865 -0.6598069762196701 7449.925863157359 1.7508476688165725e-09 661.4487035686948 82.64997672922543 -26.733765749950763 65.19577829653443 0.0 7478.200536309875
18.0 -3855.1014565740697 2895.1492831794562 4387.029090014271 143.09375389411065 42.48787073348132 149.9892108271201 7448.346539666774 -153.21578275108897 -0.6987262468694126 7449.922263974867 1.7509504023007807e-09 661.4424883397272 82.64520499653315 -26.732741377160654 65.19628880737824 0.0 7478.269490939273
19.0 -3859.653954098626 2889.2533186542687 4386.912137407462 143.18226951128662 42.48648581400872 149.98797809976713 7448.163170136166 -161.72266264163156 -0.7376571904852938 7449.918749404107 1.751059020129796e-09 661.4359175050406 82.6401604657369 -26.73165838796652 65.1968285305461 0.0 7478.338431570799
20.0 -3864.2017853697976 2883.3538871553765 4386.788864181652 143.2707809039949 42.48502608070047 149.98667864279076 7447.970182895173 -170.2287237854675 -0.7765997714123216 7449.915319438496 1.751173524042666e-09 661.4289910240137 82.63484314255511 -26.73051677472961 65.19739746984487 0.0 7478.407357942081
21.0 -3868.7449443843393 2877.450996444554 4386.6592705151625 143.35928785365257 42.483491540841946 149.98531244768714 7447.767581004042 -178.7339241057678 -0.815553954013609 7449.91197407119 1.7512939158177996e-09 661.4217088570718 82.6292530356703 -26.729316529979027 65.19799562899782 0.0 7478.476269791824
22.0 -3873.283425144391 2871.5446542875543 4386.523356595247 143.44779014176507 42.481882202083376 149.98387950614608 7447.55536767728 -187.23822154560162 -0.8545197026763987 7449.908713295093 1.7514201972732829e-09 661.4140709656563 82.62339015673105 -26.728057646414022 65.19862301164332 0.0 7478.545166859823
23.0 -3877.817221657486 2865.6348684540994 4386.381122618087 143.53628754993045 42.480198072439535 149.98237981005013 7447.333546283518 -195.74157406890237 -0.8934969818200642 7449.905537102848 1.751552370267542e-09 661.4060773121726 82.6172545203385 -26.726740116903155 65.19927962133546 0.0 7478.614048886959
24.0 -3882.346327936556 2859.7216467178687 4386.232568788799 143.62477985984404 42.47843916028976 149.98081335147424 7447.102120345389 -204.24393966146044 -0.9324857558732589 7449.902445486848 1.7516904366999715e-09 661.3977278599392 82.61084614403528 -26.725363934484015 65.19996546154405 0.0 7478.682915615212
25.0 -3886.870737999943 2853.8049968564924 4386.077695321426 143.71326685330246 42.47660547437755 149.97918012268585 7446.86109353938 -212.74527633187427 -0.9714859892952461 7449.899438439225 1.751834398511554e-09 661.3890225731363 82.60416504829536 -26.72392909236332 65.20068053565464 0.0 7478.751766787659
26.0 -3891.390445871403 2847.8849266515404 4385.916502438942 143.80174831220805 42.47469702381052 149.97748011614198 7446.610469695692 -221.24554211253025 -1.010497646564744 7449.896515951858 1.751984257685777e-09 661.3799614167369 82.59721125650108 -26.722435583914326 65.20142484696973 0.0 7478.820602148491
27.0 -3895.9054455801142 2841.961443888512 4385.748990373253 143.89022401857324 42.472713818060136 149.9757133244958 7446.350252798091 -229.74469506056695 -1.0495206921838616 7449.893678016375 1.7521400162487328e-09 661.3705443564845 82.58998479495862 -26.72088340268263 65.20219839870599 0.0 7478.889421443005
28.0 -3900.415731160687 2836.0345563568276 4385.575159365194 143.9786937545248 42.47065586696146 149.97387974059208 7446.080446983744 -238.24269325884123 -1.0885550906791366 7449.890924624135 1.7523016762702367e-09 661.3607713588112 82.58248569286694 -26.7192725423821 65.20300119399619 0.0 7478.958224417616
29.0 -3904.9212966531677 2830.1042718498193 4385.395009664527 144.0671573023082 42.46852318071295 149.97197935746493 7445.801056543065 -246.73949481689846 -1.1276008065958791 7449.88825576625 1.7524692398647483e-09 661.3506423907645 82.5747139822966 -26.717602996893028 65.20383323589017 0.0 7479.027010819861
30.0 -3909.422136103049 2824.1705981647183 4385.208541529945 144.1556144442919 42.46631576987623 149.97001216834667 7445.5120859195395 -255.23505787193386 -1.1666578045010993 7449.8856714335725 1.7526427091913668e-09 661.3401574199909 82.56666969821238 -26.71587476026977 65.20469452735102 0.0 7479.095780398409
31.0 -3913.9182435612743 2818.2335431026495 4385.01575522907 144.24406496297152 42.464033645375864 149.96797816665378 7445.213539709557 -263.72934058975045 -1.2057260489882253 7449.883171616701 1.7528220864558526e-09 661.3293164145957 82.55835287840229 -26.71408782672851 65.20558507126123 0.0 7479.164532903054
32.0 -3918.409613084249 2812.293114468619 4384.81665103845 144.33250864097442 42.46167681849906 149.96587734599993 7444.905422662227 -272.2223011657288 -1.2448055046673403 7449.880756305978 1.7530073739102978e-09 661.3181193431449 82.54976356351685 -26.712242190658664 65.20650487041688 0.0 7479.233268084732
33.0 -3922.896238733844 2806.3493200715056 4384.611229243563 144.4209452610637 42.45924530089541 149.9637097001893 7444.587739679189 -280.7138978257745 -1.2838961361779013 7449.878425491487 1.7531985738545574e-09 661.3065661745586 82.54090179702679 -26.710337846617005 65.20745392753068 0.0 7479.301985695519
34.0 -3927.378114577406 2800.4021677240503 4384.399490138814 144.50937460614267 42.45673910457666 149.96147522321974 7444.260495814424 -289.20408882728896 -1.3229979081741021 7449.876179163054 1.7533956886368423e-09 661.294656878056 82.53176762522095 -26.708374789330456 65.20843224523054 0.0 7479.370685488638
35.0 -3931.855234687764 2794.451665242848 4384.181434027536 144.59779645925892 42.454158241916474 149.95917390927696 7443.92369627406 -297.6928324601108 -1.3621107853404908 7449.874017310251 1.753598720655129e-09 661.2823914230489 82.5223610971666 -26.706353013690993 65.20943982606214 0.0 7479.439367218465
36.0 -3936.327593143236 2788.497820448338 4383.957061221988 144.6862106036088 42.451502725649995 149.95680575274326 7443.577346416161 -306.18008704748127 -1.4012347323794643 7449.871939922393 1.753807672357312e-09 661.2697697791116 82.51268226472888 -26.70427251476329 65.21047667248504 0.0 7479.508030640533
37.0 -3940.795184027638 2782.540641164791 4383.726372043357 144.7746168225417 42.448772568873636 149.95437074819068 7443.221451750519 -314.6658109469996 -1.4403697140074314 7449.869946988534 1.754022546242764e-09 661.2567919158641 82.50273118252586 -26.70213328777871 65.2115427868758 0.0 7479.576675511535
38.0 -3945.2580014302885 2776.580135220303 4383.489366821755 144.86301489956398 42.445967785044864 149.9518688903826 7442.856017938446 -323.1499625515505 -1.4795156949799946 7449.8680384974805 1.7542433448631668e-09 661.2434578028999 82.49250790791793 -26.699935328136718 65.21263817152712 0.0 7479.645301589329
39.0 -3949.7160394460216 2770.6163104467846 4383.2460458962205 144.9514046183436 42.44308838798176 149.94930017427566 7442.481050792539 -331.63250029028313 -1.5186726400580994 7449.866214437772 1.7544700708233478e-09 661.2297674097103 82.48201250099748 -26.697678631406575 65.21376282864715 0.0 7479.713908632947
40.0 -3954.169292175186 2764.6491746799516 4382.996409614715 145.03978576271405 42.44013439186272 149.9466645950142 7442.096556276463 -340.11338262953075 -1.5578405140369682 7449.864474797697 1.7547027267828079e-09 661.21572070557 82.47124502454788 -26.69536319332242 65.21491676036183 0.0 7479.782496402588
41.0 -3958.6177537236595 2758.6787357593143 4382.740458334128 145.1281581166789 42.43710581122625 149.94396214793832 7441.702540504717 -348.5925680737764 -1.5970192817228224 7449.862819565285 1.7549413154560587e-09 661.2013176594903 82.46020554405749 -26.692989009790402 65.21609996871139 0.0 7479.85106465964
42.0 -3963.0614182028544 2752.7050015281698 4382.4781924202725 145.21652146441568 42.43400266097044 149.94119282857957 7441.299009742385 -357.07001516657783 -1.6362089079516124 7449.861248728304 1.7551858396140976e-09 661.1865582401045 82.44889412768237 -26.69055607688484 65.21731245565225 0.0 7479.919613166668
43.0 -3967.5002797297225 2746.72797983359 4382.209612247885 145.30487559028026 42.43082495635277 149.93835663265943 7440.88597040491 -365.54568249151464 -1.6754093575810884 7449.859762274275 1.7554363020856486e-09 661.1714424155675 82.43731084622023 -26.688064390846925 65.21855422305767 0.0 7479.9881416874305
44.0 -3971.9343324267656 2740.7476785264134 4381.934718200626 145.39322027881116 42.427572712989665 149.93545355608873 7440.463429057823 -374.01952867312906 -1.7146205954877303 7449.858360190451 1.7556927057583529e-09 661.1559701534558 82.42545577308738 -26.685513948084186 65.21982527271801 0.0 7480.05664998687
45.0 -3976.3635704220414 2734.764105461234 4381.65351067108 145.48155531473355 42.42424594685624 149.93248359497403 7440.031392416505 -382.4915123778594 -1.7538425865685952 7449.857042463835 1.7559550535793723e-09 661.1401414207038 82.41332898432378 -26.68290474517613 65.2211256063379 0.0 7480.125137831134
46.0 -3980.78798784917 2728.777268496395 4381.365990060753 145.5698804829635 42.42084467428578 149.92944674561105 7439.5898673459105 -390.9615923149685 -1.7930752957465472 7449.8558090811675 1.7562233485571602e-09 661.1239561834683 82.40093055854454 -26.680236778868416 65.22245522553924 0.0 7480.193604987566
47.0 -3985.2075788473435 2722.787175493975 4381.072156780073 145.65819556861226 42.41736891196959 149.926343004487 7439.13886086031 -399.42972723748187 -1.8323186879627258 7449.854660028934 1.7564975937624766e-09 661.1074144070378 82.38826057692728 -26.677510046074964 65.22381413185997 0.0 7480.262051224719
48.0 -3989.6223375613326 2716.79383431978 4380.77201124839 145.74650035699028 42.41381867695631 149.92317236827873 7438.678380123014 -407.8958759431123 -1.8715727281801264 7449.853595293361 1.7567777923297956e-09 661.090516055718 82.37531912318192 -26.67472454387628 65.22520232675508 0.0 7480.330476312345
49.0 -3994.032258141492 2710.797252843335 4380.465553893977 145.8347946336115 42.41019398665177 149.919934833857 7438.208432446088 -416.3599972751838 -1.9108373813863864 7449.852614860417 1.7570639474582015e-09 661.0732610927469 82.36210628354493 -26.671880269523236 65.22661981159463 0.0 7480.398880021419
50.0 -3998.4373347437704 2704.7974389378724 4380.152785154025 145.92307818419735 42.40649485881854 149.9166303982823 7437.729025290082 -424.8220501235594 -1.9501126125892085 7449.851718715812 1.757356062413061e-09 661.0556494801617 82.3486221467383 -26.66897722043335 65.22806658766565 0.0 7480.467262124128
51.0 -4002.837561529715 2698.7944004803226 4379.833705474647 146.0113507946811 42.40272131157543 149.91325905880473 7437.240166263726 -433.28199342556184 -1.9893983868157648 7449.850906844999 1.7576541405273521e-09 661.0376811786887 82.33486680394516 -26.666015394190776 65.22954265617211 0.0 7480.535622393879
52.0 -4007.232932666483 2692.788145351305 4379.508315310874 146.09961225121177 42.398873363397136 149.90982081286842 7436.741863123645 -441.7397861668886 -2.028694669117243 7449.850179233175 1.7579581852026291e-09 661.0193561476495 82.32084034880289 -26.6629947885501 65.23104801823304 0.0 7480.6039606053055
53.0 -4011.6234423268443 2686.7786814351193 4379.176615126657 146.18786234015843 42.39495103311383 149.90631565810483 7436.234123774053 -450.19538738253175 -2.0680014245644998 7449.849535865275 1.758268199910999e-09 661.0006743448106 82.30654287735022 -26.659915401430496 65.23258267488545 0.0 7480.672276534267
54.0 -4016.009084689192 2680.766016619733 4378.838605394866 146.2761008481142 42.39095433991071 149.90274359234027 7435.716956266443 -458.6487561576889 -2.1073186182489394 7449.848976725974 1.7585841881958568e-09 660.9816357263032 82.29197448803231 -26.656777230922287 65.23414662708105 0.0 7480.740569957855
55.0 -4020.3898539375477 2674.750158796774 4378.494286597288 146.36432756190035 42.38688330332758 149.89910461358656 7435.190368799285 -467.0998516286662 -2.146646215292691 7449.8485017996945 1.758906153674148e-09 660.9622402464531 82.2771352816362 -26.653580275278813 65.23573987569033 0.0 7480.808840654396
56.0 -4024.765744261571 2668.73111586152 4378.143659224627 146.45254226857048 42.38273794325835 149.89539872005116 7434.654369717699 -475.54863298380576 -2.1859841808245903 7449.848111070593 1.7592341000369258e-09 660.9424878577104 82.2620253613053 -26.650324532925264 65.23736242149808 0.0 7480.877088403455
57.0 -4029.136749856564 2662.7088957128885 4377.786723776508 146.5407447554146 42.37851827995063 149.89162591013033 7434.108967513135 -483.99505946437154 -2.225332480002777 7449.847804522572 1.75956803105145e-09 660.9223785104872 82.24664483248381 -26.647010002452706 65.23901426520649 0.0 7480.94531298584
58.0 -4033.502864923483 2656.683506253428 4377.423480761463 146.62893480996297 42.37422433400523 149.88778618240963 7433.55417082305 -492.4390903654536 -2.264691078010543 7449.847582139275 1.7599079505626482e-09 660.9019121530318 82.23099380289112 -26.64363668261851 65.24069540743486 0.0 7481.013514183606
59.0 -4037.8640836689387 2650.654955389308 4377.053930696949 146.7171122199905 42.36985612637571 149.88387953566738 7432.989988430561 -500.8806850368783 -2.304059940044482 7449.847443904082 1.7602538624943528e-09 660.8810887313178 82.21507238250727 -26.640204572349397 65.24240584871806 0.0 7481.081691780055
60.0 -4042.220400305212 2644.6232510303084 4376.678074109332 146.80527677352057 42.36541367836795 149.87990596886982 7432.416429264125 -509.31980288409494 -2.3434390313249764 7449.847389800121 1.7606057708512912e-09 660.8599081888833 82.1988806835242 -26.636713670737173 65.24414558950869 0.0 7481.149845559739
61.0 -4046.5718090502546 2638.5884010898108 4376.2959115338945 146.8934282588291 42.36089701163958 149.87586548117432 7431.833502397172 -517.7564033690675 -2.382828317096994 7449.847419810253 1.7609636797203984e-09 660.8383704667151 82.18241882032927 -26.633163977041555 65.24591463017568 0.0 7481.217975308469
62.0 -4050.918304127698 2632.5504134847884 4375.907443514831 146.98156646444858 42.3563061481995 149.87175807192875 7431.241217047774 -526.1904460111708 -2.422227762623436 7449.847533917084 1.7613275932724832e-09 660.8164755031062 82.16568690947285 -26.62955549068964 65.24771297100453 0.0 7481.286080813313
63.0 -4055.259879766864 2626.5092961357977 4375.512670605252 147.0696911791721 42.35164111040738 149.86758374067256 7430.63958257828 -534.6218903880712 -2.4616373331917316 7449.847732102959 1.7616975157637878e-09 660.7942232335223 82.14868506964184 -26.625888211276802 65.24954061219694 0.0 7481.354161862601
64.0 -4059.5965302027676 2620.465056966964 4375.111593367179 147.15780219205743 42.34690192097327 149.86334248713356 7430.0286084949585 -543.0506961366175 -2.501056994105852 7449.848014349963 1.7620734515379324e-09 660.7716135904438 82.13141342161572 -26.62216213856394 65.25139755387204 0.0 7481.422218245927
65.0 -4063.928249676126 2614.4177039059778 4374.704212371542 147.24589929243083 42.34208860295686 149.85903431123006 7429.408304447628 -551.4768229537149 -2.5404867106930737 7449.84838063992 1.762455405027433e-09 660.7486465032308 82.11387208824335 -26.618377272479258 65.2532837960656 0.0 7481.490249754155
66.0 -4068.255032433367 2608.3672448840816 4374.290528198186 147.33398226989112 42.33720117976715 149.85465921306798 7428.778680229296 -559.9002305972047 -2.579926448301876 7449.848830954397 1.7628433807556742e-09 660.7253218979625 82.09606119439938 -26.61453361311582 65.25519933873127 0.0 7481.558256179414
67.0 -4072.5768727266354 2602.313687836061 4373.870541435865 147.42205091431367 42.33223967516181 149.85021719294997 7428.1397457757685 -568.3208788867363 -2.61937617230285 7449.849365274698 1.7632373833378538e-09 660.701639697337 82.07798086698853 -26.61063116073953 65.2571441817365 0.0 7481.626237315112
68.0 -4076.893764813799 2596.2570407002345 4373.444252682241 147.51010501585426 42.327204113246694 149.84570825136126 7427.491511165278 -576.7387277046394 -2.6588358480880174 7449.849983581864 1.7636374174840148e-09 660.6775998204437 82.05963123485476 -26.606669915776656 65.25911832486888 0.0 7481.69419295593
69.0 -4081.2057029584566 2590.1973114184448 4373.011662543886 147.59814436495316 42.322094518475204 149.84113238897686 7426.8339866181 -585.1537369967941 -2.6983054410666227 7449.850685856682 1.7640434880002068e-09 660.653202182649 82.04101242877697 -26.60264987882023 65.26112176783285 0.0 7481.762122897826
70.0 -4085.512681429948 2584.1345079360467 4372.572771636278 147.68616875233883 42.316910915647895 149.83648960666847 7426.16718249615 -593.5658667734881 -2.737784916673263 7449.851472079669 1.7644555997897034e-09 660.6284466954776 82.02212458146282 -26.598571050636053 65.26315451024675 0.0 7481.830026938044
71.0 -4089.8146945033554 2578.0686382019 4372.127580583807 147.77417796903208 42.31165332991174 149.83177990549058 7425.491109302602 -601.9750771102827 -2.777274240360782 7449.852342231095 1.7648737578560876e-09 660.6033332663797 82.00296782745758 -26.59443343215054 65.2652165516489 0.0 7481.897904875112
72.0 -4094.111736459516 2571.99971016836 4371.676090019765 147.8621718063498 42.306321786759746 149.82700328669068 7424.805777681469 -610.3813281488677 -2.8167733776032264 7449.853296290952 1.765297967304231e-09 660.5778617986257 81.9835423031502 -26.590237024459654 65.26730789149315 0.0 7481.965756508838
73.0 -4098.403801585027 2565.927731791264 4371.218300586353 147.9501500559089 42.30091631203012 149.8221597517035 7424.111198417213 -618.7845800979086 -2.8562822939013586 7449.854334238983 1.7657282333427087e-09 660.5520321911132 81.9638481467142 -26.585981828823837 65.26942852915127 0.0 7482.033581640324
74.0 -4102.6908841722525 2559.8527110299256 4370.754212934673 148.03811250963017 42.29543693190593 149.81724930215347 7423.407382434321 -627.1847932339119 -2.8958009547660595 7449.855456054662 1.7661645612855157e-09 660.5258443382143 81.94388549808127 -26.58166784667019 65.27157846391209 0.0 7482.101380071961
75.0 -4106.972978519333 2553.7746558471226 4370.283827724734 148.12605895974212 42.28988367291442 149.812271939856 7422.694340796896 -635.581927902055 -2.935329325735893 7449.856661717204 1.7666069565539081e-09 660.4992981296166 81.92365449891004 -26.577295079593632 65.27375769498076 0.0 7482.169151607434
76.0 -4111.2500789301885 2547.6935742090877 4369.807145625447 148.21398919878484 42.28425656192634 149.80722766681436 7421.972084708231 -643.9759445170313 -2.9748673723742627 7449.857951205561 1.7670554246786727e-09 660.4723934501369 81.90315529253552 -26.57286352935408 65.27596622148018 0.0 7482.236896051726
77.0 -4115.522179714529 2541.6094740855 4369.3241673146285 148.30190301961386 42.27855562615545 149.8021164852197 7421.240625510387 -652.366803563903 -3.0144150602539526 7449.859324498426 1.7675099713021274e-09 660.4451301795494 81.88238802393184 -26.568373197876546 65.278204042451 0.0 7482.304613211111
78.0 -4119.78927518786 2535.522363449475 4368.834893478993 148.3898002154038 42.27278089315786 149.7969383974548 7420.49997468376 -660.7544655989116 -3.0539723549835003 7449.860781574225 1.7679706021798317e-09 660.4175081924326 81.86135283968873 -26.563824087254357 65.28047115684997 0.0 7482.372302893171
79.0 -4124.051359671492 2529.432250277551 4368.339324814157 148.47768057965249 42.26693239083141 149.79169340609013 7419.750143846641 -669.1388912503345 -3.0935392221791176 7449.862322411126 1.7684373231829943e-09 660.3895273579714 81.84004988795706 -26.559216199745773 65.28276756355167 0.0 7482.439964906787
80.0 -4128.308427492546 2523.339142549685 4367.8374620246395 148.56554390618442 42.26101014741502 149.78638151388358 7418.991144754778 -677.520041219296 -3.133115627483164 7449.8639469870295 1.7689101403005896e-09 660.3611875397784 81.81847931840791 -26.554549537773653 65.28509326134862 0.0 7482.507599062142
81.0 -4132.560472983959 2517.2430482492405 4367.329305823855 148.65338998915462 42.255014191488115 149.78100272378418 7418.222989300933 -685.8978762805925 -3.1727015365612488 7449.865655279572 1.769389059641137e-09 660.3324885957325 81.79664128220821 -26.54982410392884 65.28744824894966 0.0 7482.575205170725
82.0 -4136.807490484493 2511.1439753629757 4366.814856934118 148.74121862305256 42.24894455196987 149.77555703892676 7417.445689514424 -694.2723572835191 -3.212296915095294 7449.867447266131 1.7698740874353166e-09 660.3034303777683 81.77453593195847 -26.54503990096537 65.28983252498226 0.0 7482.642783045333
83.0 -4141.049474338747 2505.041931881036 4366.29411608664 148.82902960270565 42.24280125811871 149.7700444626373 7416.659257560682 -702.6434451526761 -3.251901728792859 7449.869322923822 1.7703652300376617e-09 660.2740127317193 81.75216342167352 -26.5401969318052 65.29224608799021 0.0 7482.710332500075
84.0 -4145.286418897152 2498.9369257969443 4365.7670840215305 148.91682272328316 42.236584339531525 149.76446499842848 7415.863705740778 -711.0111008887909 -3.2915159433759413 7449.871282229487 1.770862493929136e-09 660.2442354971071 81.72952390672339 -26.535295199534367 65.29468893643556 0.0 7482.777853350368
85.0 -4149.51831851599 2492.8289651075906 4365.233761487793 149.0045977802998 42.2302938261431 149.75881865000423 7415.059046490967 -719.3752855695151 -3.3311395245922313 7449.873325159716 1.771365885718959e-09 660.2140985069767 81.70661754380934 -26.530334707406865 65.29716106869662 0.0 7482.845345412942
86.0 -4153.745167557396 2486.718057813222 4364.694149243328 149.09235456961946 42.22392974822536 149.75310542125254 7414.245292382217 -727.7359603502321 -3.370772438210736 7449.875451690825 1.7718754121474758e-09 660.1836015876657 81.68344449089273 -26.525315458838417 65.29966248307113 0.0 7482.912808505843
87.0 -4157.966960389364 2480.604211917433 4364.148248054927 149.18009288745893 42.21749213638673 149.74732531625173 7413.422456119733 -736.0930864648616 -3.4104146500166053 7449.87766179887 1.7723910800878712e-09 660.1527445586454 81.66000490717722 -26.52023745741195 65.30219317777349 0.0 7482.980242448428
88.0 -4162.18369138576 2474.487435427157 4363.596058698275 149.26781253039138 42.210981021571506 149.74147833926884 7412.590550542482 -744.446625226642 -3.4500661258239234 7449.879955459638 1.7729128965486045e-09 660.1215272323143 81.63629895305907 -26.51510070687619 65.30475315093543 0.0 7483.047647061376
89.0 -4166.39535492632 2468.3677363526544 4363.03758195795 149.35551329535033 42.20439643505906 149.73556449475956 7411.749588622708 -752.7965380289402 -3.4897268314563803 7449.882332648657 1.7734408686757322e-09 660.0899494138015 81.61232679008273 -26.509905211145607 65.30734240060616 0.0 7483.115022166684
90.0 -4170.6019453966655 2462.2451227075026 4362.472818627422 149.44319497963295 42.197738408463195 149.72958378736396 7410.899583465449 -761.1427863460174 -3.5293967327691007 7449.884793341185 1.773975003755633e-09 660.0580109007425 81.58808858087923 -26.504650974296652 65.30996092475412 0.0 7483.182367587666
91.0 -4174.8034571883045 2456.1196025085897 4361.90176950905 149.53085738090385 42.191006973731454 149.72353622191213 7410.040548308037 -769.4853317338293 -3.5690757956305106 7449.887337512214 1.7745153092168756e-09 660.0257114831068 81.56358448914396 -26.499338000572678 65.31260872126454 0.0 7483.249683148958
92.0 -4178.9998846986455 2449.9911837761 4361.324435414079 149.61850029719864 42.184202163144384 149.71742180342275 7409.172496519614 -777.8241358307928 -3.608763985934388 7449.889965136472 1.7750617926327314e-09 659.993050942986 81.53881467958573 -26.493966294382794 65.31528578794013 0.0 7483.316968676517
93.0 -4183.191222330997 2443.859874533509 4360.740817162646 149.70612352692748 42.177324009314816 149.71124053710048 7408.295441600622 -786.1591603585682 -3.6484612695912233 7449.892676188422 1.7756144617238351e-09 659.9600290543722 81.51377931786988 -26.48853586029942 65.3179921225021 0.0 7483.384223997626
94.0 -4187.37746449458 2437.725682807569 4360.150915583776 149.7937268688787 42.17037254518716 149.70499242833793 7407.409397182304 -794.4903671228226 -3.688167612533789 7449.895470642256 1.7761733243604445e-09 659.9266455829604 81.48847857058021 -26.483046703060147 65.32072772258945 0.0 7483.45144894089
95.0 -4191.558605604531 2431.588616628303 4359.554731515375 149.8813101222222 42.16334780403669 149.69867748271628 7406.514377026189 -802.8177180139905 -3.7278829807240186 7449.898348471901 1.7767383885648587e-09 659.8929002859401 81.46291260517435 -26.477498827568212 65.32349258575856 0.0 7483.51864333624
96.0 -4195.734640081914 2425.448684028992 4358.952265804239 149.96887308651327 42.15624981946866 149.69229570600157 7405.6103950235865 -811.1411750080563 -3.767607340128677 7449.901309651016 1.7773096625142373e-09 659.8587929117616 81.43708158992139 -26.471892238889268 65.32628670948489 0.0 7483.58580701493
97.0 -4199.905562353725 2419.305893046167 4358.343519306045 150.05641556169576 42.14907862541781 149.68584710415033 7404.697465195064 -819.4607001672869 -3.8073406567441452 7449.904354152994 1.7778871545426214e-09 659.8243231999519 81.4109856938768 -26.46622694225629 65.32911009116052 0.0 7483.652939809545
98.0 -4204.071366852896 2413.1602517195997 4357.728492885355 150.14393734810574 42.14183425614739 149.679331683303 7403.77560168993 -827.7762556409888 -3.847082896592383 7449.9074819509615 1.7784708731440588e-09 659.78949088086 81.38462508680736 -26.46050294306386 65.33196272809698 0.0 7483.720041553993
99.0 -4208.23204801831 2407.0117680922885 4357.107187415612 150.23143824647508 42.134516746248565 149.67274944979 7402.844818785701 -836.0878036662657 -3.8868340257089926 7449.91069301777 1.7790608269746287e-09 659.7542956754712 81.35799993916692 -26.45472024687345 65.33484461752263 0.0 7483.787112083516
100.0 -4212.387600294796 2400.860450210456 4356.479603779141 150.31891805793467 42.12712613063952 149.6661004101257 7401.9051308875805 -844.395306568754 -3.926594010150552 7449.913987326012 1.7796570248555769e-09 659.7187372951519 81.3311104220225 -26.448878859408136 65.3377557565853 0.0 7483.854151234677
101.0 -4216.538018133148 2394.7063061235303 4355.845742867145 150.4063765840181 42.11966244456471 149.6593845710135 7400.956552527918 -852.6987267633613 -3.9663628159962627 7449.917364848 1.7802594757754748e-09 659.682815441453 81.30395670702511 -26.442978786557063 65.34069614235001 0.0 7483.921158845375
102.0 -4220.68329599013 2388.549343884144 4355.205605579707 150.49381362666477 42.11212572359419 149.65260193934105 7399.999098365675 -860.9980267549963 -4.0061404093492 7449.920825555784 1.7808681888932895e-09 659.646529805858 81.2765389663399 -26.437020034371233 65.34366577180121 0.0 7483.9881347548335
103.0 -4224.823428328474 2382.389571548118 4354.559192825786 150.58122898822378 42.10451600362277 149.64575252218498 7399.032783185887 -869.2931691393105 -4.045926756324889 7449.924369421147 1.781483173540623e-09 659.60988006958 81.24885737261468 -26.43100260906769 65.34666464184053 0.0 7484.055078803611
104.0 -4228.958409616899 2376.226997174453 4353.9065055232195 150.66862247145679 42.09683332086909 149.63883632680867 7398.057621899108 -877.584116603407 -4.085721823066763 7449.927996415596 1.7821044392246e-09 659.5728659033196 81.22091209891947 -26.42492651702755 65.34969274928784 0.0 7484.121990833591
105.0 -4233.088234330107 2370.061628825323 4353.24754459872 150.7559938795417 42.089077711875056 149.63185336066013 7397.073629540867 -885.8708319265668 -4.125525575739857 7449.931706510365 1.782731995630779e-09 659.53548696702 81.19270331868607 -26.418791764794108 65.35275009088222 0.0 7484.18887068799
106.0 -4237.212896948802 2363.8934745660613 4352.582310987874 150.843343016076 42.08124921350493 149.62480363137345 7396.080821271118 -894.153277980969 -4.1653379805241 7449.935499676428 1.7833658526257524e-09 659.4977429096418 81.1642312056618 -26.412598359074153 65.35583666328121 0.0 7484.255718211357
107.0 -4241.332391959686 2357.722542465153 4351.9108056351415 150.93066968507986 42.07334786294445 149.61768714677055 7395.079212373676 -902.4314177323888 -4.2051590036281254 7449.939375884477 1.7840060202597558e-09 659.4596333689333 81.13549593386362 -26.406346306739476 65.35895246306016 0.0 7484.322533249568
108.0 -4245.44671385547 2351.548840594223 4351.233029493855 151.01797369099984 42.06537369770013 149.61050391485938 7394.068818255656 -910.7052142409182 -4.244988611271481 7449.943335104938 1.7846525087696115e-09 659.4211579711847 81.1064976775178 -26.400035614825324 65.362097486713 0.0 7484.389315649836
109.0 -4249.555857134885 2345.3723770280294 4350.548983526215 151.1052548387118 42.0573267555984 149.60325394383167 7393.049654446918 -918.9746306616502 -4.28482676970367 7449.947377307967 1.7853053285817465e-09 659.3823163309726 81.07723661099705 -26.393666290528383 65.36527173065309 0.0 7484.456065260698
110.0 -4253.659816302682 2339.1931598444507 4349.858668703295 151.1925129335243 42.04920707478472 149.59593724206533 7392.021736599484 -927.2396302453847 -4.324673445191706 7449.951502463439 1.7859644903148064e-09 659.3431080509317 81.04771290877594 -26.3872383412089 65.3684751912124 0.0 7484.522781932022
111.0 -4257.758585869648 2333.0111971244773 4349.162086005035 151.27974778118212 42.04101469372282 149.5885538181269 7390.985080486977 -935.5001763393232 -4.364528604017039 7449.955710540964 1.786630004782291e-09 659.303532721522 81.01792674538633 -26.380751774392856 65.37170786464023 0.0 7484.589465515014
112.0 -4261.852160352603 2326.8264969522033 4348.459236420245 151.36695918786896 42.032749651193875 149.58110368076734 7389.9397020040415 -943.7562323877343 -4.404392212497783 7449.960001509876 1.7873018829958206e-09 659.2635899207582 80.98787829534493 -26.374206597768215 65.37496974710515 0.0 7484.656115862205
113.0 -4265.940534274412 2320.639067414811 4347.750120946597 151.4541469602112 42.02441198629561 149.57358683891852 7388.8856171657635 -952.0077619326612 -4.444264236957395 7449.964375339236 1.787980136168351e-09 659.2232792139449 80.95756773308393 -26.367602819181922 65.37826083469656 0.0 7484.722732827455
114.0 -4270.023702163994 2314.448916602568 4347.034740590632 151.5413109052808 42.01600173844139 149.56600330170548 7387.822842107085 -960.2547286145777 -4.484144643749573 7449.968831997826 1.7886647757159972e-09 659.1826001534866 80.92699523294411 -26.360940446650616 65.38158112341924 0.0 7484.789316265954
115.0 -4274.101658556326 2308.256052608812 4346.313096367753 151.6284508305985 42.007518947359536 149.55835307843307 7386.751393082226 -968.4970961730708 -4.5240333992438195 7449.973371454161 1.789355813262196e-09 659.1415522785668 80.89616096906443 -26.354219488348885 65.38493060919926 0.0 7484.855866034227
116.0 -4278.174397992448 2302.060483529944 4345.5851893022245 151.7155665441371 41.99896365309236 149.55063617859315 7385.6712864640895 -976.7348284474966 -4.563930469835896 7449.977993676479 1.7900532606400261e-09 659.1001351149287 80.8650651153541 -26.34743995261562 65.38830928788083 0.0 7484.922381990121
117.0 -4282.2419150194755 2295.862217465418 4344.851020427175 151.80265785432448 41.99033589599518 149.54285261186143 7384.582538743661 -984.9678893776556 -4.60383582193424 7449.982698632737 1.7907571298954927e-09 659.0583481746021 80.83370784542242 -26.34060184795124 65.39171715522762 0.0 7484.988863992814
118.0 -4286.304204190604 2289.6612625177295 4344.1105907845895 151.8897245700468 41.98163571673577 149.5350023880992 7383.485166529426 -993.1962430044293 -4.643749421978953 7449.987486290624 1.7914674332903966e-09 659.0161909556529 80.80208933252773 -26.33370518301918 65.39515420692211 0.0 7485.05531190281
119.0 -4290.361260065112 2283.4576267924076 4343.363901425314 151.97676650065156 41.97286315629301 149.52708551735267 7382.379186546758 -1001.4198534704462 -4.683671236426278 7449.992356617542 1.792184183305432e-09 658.9736629419186 80.77020974951647 -26.326749966645362 65.39862043856576 0.0 7485.121725581939
120.0 -4294.413077208376 2277.251318398004 4342.610953409052 152.06378345595073 41.96401825595651 149.51910200985358 7381.264615637324 -1009.6386850207264 -4.723601231749967 7449.997309580627 1.792907392643207e-09 658.9307636027479 80.73806926876662 -26.31973620781868 65.40211584567882 0.0 7485.188104893363
121.0 -4298.459650191871 2271.042345446084 4341.8517478043605 152.15077524622373 41.955101057325344 149.5110518760162 7380.141470758471 -1017.8527020033114 -4.763539374451284 7450.002345146733 1.7936370742315986e-09 658.8874923927189 80.70566806211644 -26.312663915688397 65.40564042370164 0.0 7485.254449701562
122.0 -4302.500973593179 2264.830716051215 4341.086285688654 152.2377416822205 41.94611160230731 149.50293512644015 7379.00976898262 -1026.06186886991 -4.803485631051103 7450.007463282433 1.7943732412266198e-09 658.8438487513876 80.67300630081589 -26.30553309956659 65.4091941679934 0.0 7485.320759872345
123.0 -4306.537041995997 2258.6164383309574 4340.314568148201 152.32468257516464 41.93704993311802 149.4947517719108 7377.869527496652 -1034.266150176527 -4.8434399680873526 7450.012663954027 1.795115907015508e-09 658.7998321030204 80.64008415546836 -26.298343768928575 65.41277707383195 0.0 7485.38703527284
124.0 -4310.567849990143 2252.3995204058556 4339.536596278121 152.41159773675625 41.927916092279986 149.48650182339503 7376.720763601294 -1042.465510584083 -4.883402352123767 7450.017947127531 1.7958650852202832e-09 658.7554418562995 80.60690179595231 -26.29109593340906 65.41638913641569 0.0 7485.453275771501
125.0 -4314.593392171565 2246.179970399428 4338.752371182383 152.49848697917497 41.9187101226217 149.47818529204605 7375.563494710493 -1050.6599148590394 -4.923372749743407 7450.023312768685 1.7966207897004776e-09 658.7106774040768 80.57345939138031 -26.283789602806507 65.42003035086142 0.0 7485.519481238101
126.0 -4318.613663142343 2239.957796438155 4337.961893973808 152.58535011508297 41.90943206727665 149.46980218919995 7374.397738350805 -1058.8493278740068 -4.963351127554802 7450.028760842948 1.7973830345566639e-09 658.6655381230786 80.539757110023 -26.276424787080025 65.42370071220587 0.0 7485.585651543736
127.0 -4322.628657510702 2233.7330066514733 4337.165165774066 152.67218695762782 41.90008196968253 149.46135252637697 7373.22351216076 -1067.033714608364 -5.003337452182336 7450.034291315499 1.7981518341335633e-09 658.6200233736361 80.50579511925233 -26.269001496350487 65.42740021540516 0.0 7485.651786560818
128.0 -4326.638369891016 2227.5056091717597 4336.36218771367 152.75899732044556 41.890659873580226 149.45283631527982 7372.040833890234 -1075.2130401488546 -5.043331690274272 7450.039904151232 1.7989272030234436e-09 658.5741324993973 80.47157358547241 -26.2615197408991 65.4311288553355 0.0 7485.717886163075
129.0 -4330.642794903813 2221.2756121343273 4335.552960931981 152.84578101766343 41.88116582301288 149.44425356779598 7370.849721399827 -1083.3872696901894 -5.0833338084972866 7450.045599314764 1.7997091560691895e-09 658.527864827058 80.43709267406575 -26.253979531169374 65.43488662679223 0.0 7485.783950225551
130.0 -4334.641927175786 2215.0430236774127 4334.7374865772035 152.93253786390272 41.871599862325 149.43560429599626 7369.65019266022 -1091.5563685356312 -5.1233437735486405 7450.051376770427 1.8004977083677182e-09 658.481219666071 80.40235254932409 -26.246380877765887 65.43867352449041 0.0 7485.8499786246075
131.0 -4338.635761339795 2208.8078519421674 4333.915765806386 153.0192676742819 41.86196203616146 149.4268885121355 7368.442265751541 -1099.720302097596 -5.163361552140145 7450.05723648227 1.8012928752732345e-09 658.4341963083652 80.36735337438765 -26.238723791454905 65.44248954306448 0.0 7485.915971237919
132.0 -4342.62429203488 2202.5701050726448 4333.087799785418 153.1059702644192 41.8522523894666 149.4181062286501 7367.225958862725 -1107.8790358982324 -5.2033871110011205 7450.063178414061 1.8020946724007944e-09 658.3867940280456 80.33209531117059 -26.23100828316219 65.44633467706947 0.0 7485.981927944466
133.0 -4346.607513906264 2196.329791215794 4332.253589689026 153.19264545043544 41.84247096748323 149.4092574581604 7366.001290290874 -1116.032535569986 -5.2434204168951055 7450.06920252928 1.8029031156294468e-09 658.3390120811172 80.29657852030627 -26.22323436397511 65.45020892097983 0.0 7486.047848624545
134.0 -4350.585421605357 2190.0869185214497 4331.4131367007785 153.27929304895696 41.83261781575168 149.4003422134684 7364.768278440611 -1124.1807668561892 -5.283461436598145 7450.075308791126 1.803718221105821e-09 658.2908497051814 80.26080316107256 -26.21540204514061 65.45411226919045 0.0 7486.1137331597565
135.0 -4354.558009789772 2183.8414951423188 4330.566442013079 153.36591287711835 41.8226929801089 149.3913605075602 7363.526941823428 -1132.3236956116186 -5.323510136909022 7450.081497162512 1.80454000524731e-09 658.2423061191582 80.22476939133642 -26.207511338067363 65.45804471601568 0.0 7486.17958143301
136.0 -4358.52527312332 2177.5935292339736 4329.713506827167 153.45250475256515 41.81269650668739 149.38231235360425 7362.277299057042 -1140.4612878030593 -5.363566484648004 7450.087767606064 1.8053684847456462e-09 658.1933805229816 80.18847736748101 -26.19956225432429 65.46200625568997 0.0 7486.245393328513
137.0 -4362.4872062760305 2171.343028954841 4328.854332353118 153.53906849345648 41.80262844191423 149.37319776495266 7361.019368864738 -1148.5935095098498 -5.403630446665943 7450.094120084121 1.8062036765702363e-09 658.1440720973093 80.15192724434408 -26.19155480564163 65.46599688236742 0.0 7486.311168731788
138.0 -4366.443803924143 2165.0900024661923 4327.988919809838 153.6256039184681 41.79248883251027 149.36401675513736 7359.753170074715 -1156.7203269244533 -5.443701989823921 7450.100554558736 1.8070455979719758e-09 658.0943800032063 80.115119175136 -26.183489003907578 65.47001659012335 0.0 7486.376907529644
139.0 -4370.39506075013 2158.8344579321356 4327.117270425064 153.71211084679467 41.782277725488946 149.3547693378744 7358.478721619425 -1164.8417063529841 -5.4837810810103065 7450.107070991673 1.8078942664863403e-09 658.044303381866 80.0780533113899 -26.17536486117212 65.47406537295247 0.0 7486.442609610195
140.0 -4374.340971442687 2152.576403519601 4326.239385435364 153.79858909815272 41.77199516815531 149.34545552706183 7357.196042534919 -1172.9576142157516 -5.523867687139841 7450.113669344408 1.808749699937091e-09 657.9938413542983 80.04072980288531 -26.167182389645156 65.47814322476981 0.0 7486.508274862853
141.0 -4378.281530696756 2146.3158473983353 4325.355266086134 153.8850384927832 41.761641208105246 149.3360753367783 7355.905151960178 -1181.0680170478022 -5.563961775140683 7450.12034957813 1.8096119164399383e-09 657.9429930210176 80.0031487975742 -26.15894160169517 65.48225013941136 0.0 7486.573903178318
142.0 -4382.21673321352 2140.0527977408888 4324.464913631597 153.97145885145403 41.75121589322418 149.3266287812856 7354.606069136451 -1189.1728814994344 -5.604063311971004 7450.127111653733 1.8104809344058507e-09 657.8917574617518 79.96531044152321 -26.150642509851608 65.4863861106329 0.0 7486.639494448586
143.0 -4386.146573700413 2133.787262722609 4323.568329334799 154.05784999546285 41.74071927168629 149.31711587502622 7353.298813406589 -1197.2721743367326 -5.644172264607732 7450.133955531827 1.8113567725448546e-09 657.8401337351207 79.92721487883445 -26.142285126802662 65.49055113211108 0.0 7486.705048566943
144.0 -4390.071046871132 2127.5192505216264 4322.665514467612 154.1442117466394 41.73015139195341 149.30753663262516 7351.983404214367 -1205.3658624420793 -5.68428860004974 7450.140881172724 1.8122394498694655e-09 657.7881208783388 79.88886225158359 -26.133869465396813 65.49474519744268 0.0 7486.77056542796
145.0 -4393.990147445639 2121.2487693188477 4321.75647031073 154.23054392734832 41.719512302774085 149.2978910688879 7350.659861103824 -1213.453912814667 -5.724412285320454 7450.14788853645 1.8131289856984763e-09 657.7357179068906 79.85025269974192 -26.12539553864116 65.4989683001454 0.0 7486.8360449274915
146.0 -4397.903870150167 2114.975827297946 4320.841198153666 154.31684636049152 41.70880205318242 149.2881791988034 7349.328203718581 -1221.5362925710049 -5.764543287465017 7450.154977582736 1.8140253996603288e-09 657.6829238142373 79.8113863611181 -26.11686335970394 65.50322043365672 0.0 7486.90148696268
147.0 -4401.812209717227 2108.700432645349 4319.919699294753 154.40311886951062 41.698020692497245 149.27840103753704 7347.988451801164 -1229.6129689454156 -5.804681573556195 7450.162148271016 1.8149287116974016e-09 657.629737571462 79.77226337125968 -26.108272941908453 65.50750159133672 0.0 7486.966891431939
148.0 -4405.715160885621 2102.422593550229 4318.991975041142 154.48936127838977 41.68716827032097 149.268556600441 7346.640625192332 -1237.6839092905432 -5.844827110678352 7450.169400560437 1.8158389420687426e-09 657.5761581270102 79.73288386342308 -26.099624298742036 65.51181176646381 0.0 7487.0322582349645
149.0 -4409.61271840044 2096.142318204494 4318.058026708799 154.5755734116577 41.676244836538544 149.25864590304252 7345.284743830388 -1245.7490810778265 -5.884979865947685 7450.176734409843 1.8167561113548392e-09 657.5221844063088 79.69324796845557 -26.09091744384585 65.51615095223974 0.0 7487.097587272723
150.0 -4413.504877013078 2089.859614802779 4317.117855622504 154.6617550943905 41.66525044131649 149.24866896105536 7343.920827750505 -1253.8084518979895 -5.925139806502671 7450.1841497777905 1.8176802404602717e-09 657.4678153115086 79.65335581476926 -26.082152391024927 65.52051914178458 0.0 7487.162878447458
151.0 -4417.391631481234 2083.574491542433 4316.17146311585 154.74790615221383 41.65418513510186 149.23862579036876 7342.548897084036 -1261.8619894615217 -5.965306899502593 7450.191646622534 1.8186113506184736e-09 657.413049721102 79.61320752822475 -26.073329154238454 65.52491632814153 0.0 7487.228131662676
152.0 -4421.27297656892 2077.2869566235117 4315.218850531241 154.83402641130553 41.643048968621144 149.22851640705414 7341.168972057828 -1269.9096615991507 -6.005481112128223 7450.199224902032 1.8195494633948622e-09 657.3578864896368 79.57280323208522 -26.064447747605684 65.5293425042741 0.0 7487.2933468231495
153.0 -4425.148907046468 2070.997018248766 4314.2600192198925 154.9201156983977 41.63184199287933 149.2183408273647 7339.78107299354 -1277.951436262299 -6.045662411592957 7450.206884573949 1.8204946006906514e-09 657.30232444739 79.53214304694185 -26.055508185405536 65.53379766306615 0.0 7487.358523834919
154.0 -4429.019417690539 2064.704684623633 4313.294970541823 155.00617384077944 41.6205642591587 149.20809906773107 7338.38522030694 -1285.9872815235638 -6.085850765120085 7450.214625595644 1.8214467847470447e-09 657.2463624000161 79.49122709062318 -26.046510482072843 65.5382817973239 0.0 7487.423662605277
155.0 -4432.884503284127 2058.409963956225 4312.32370586586 155.09220066629885 41.6092158190179 149.19779114476614 7336.981434507225 -1294.017165577156 -6.126046139964274 7450.222447924179 1.8224060381486032e-09 657.1899991282461 79.45005547814046 -26.037454652202545 65.54279489977375 0.0 7487.4887630427775
156.0 -4436.744158616566 2052.112864457321 4311.346226569637 155.1781960033655 41.59779672429086 149.18741707526056 7335.569736196325 -1302.0410567393574 -6.1662485034041765 7450.2303515163185 1.8233723838274953e-09 657.1332333875329 79.40862832159547 -26.02834071054573 65.54733696306428 0.0 7487.553825057227
157.0 -4440.598378483537 2045.8133943403561 4310.362534039587 155.2641596809528 41.586307027085674 149.17697687618644 7334.150146068203 -1310.0589234489644 -6.206457822738912 7450.2383363285235 1.8243458450669975e-09 657.0760639077396 79.36694573012103 -26.019168672012952 65.55190797976461 0.0 7487.61884855968
158.0 -4444.447157687075 2039.5115618214106 4309.372629670949 155.35009152859996 41.57474677978363 149.16647056469415 7332.722684908162 -1318.0707342677229 -6.246674065296588 7450.246402316952 1.8253264455056753e-09 657.0184893927889 79.32500780979281 -26.00993855167132 65.55650794236581 0.0 7487.683833462443
159.0 -4448.290491035577 2033.207375119201 4308.376514867755 155.43599137641465 41.56311603503805 149.1558981581144 7331.287373592148 -1326.0764578807698 -6.286897198422821 7450.254549437464 1.8263142091410625e-09 656.9605085203397 79.28281466356272 -26.000650364746413 65.56113684328 0.0 7487.74877967906
160.0 -4452.128373343807 2026.9008424550705 4307.37419104284 155.52185905507494 41.5514148457733 149.14525967395724 7329.844233086038 -1334.0760630970517 -6.327127189490625 7450.262777645608 1.827309160333678e-09 656.9021199414444 79.24036639117885 -25.991304126621326 65.56579467484082 0.0 7487.813687124319
161.0 -4455.960799432902 2020.5919720529778 4306.36565961783 155.60769439583157 41.53964326518367 149.13455512990757 7328.393284444958 -1342.069518849751 -6.367364005896775 7450.271086896633 1.8283113238113587e-09 656.8433222801868 79.19766308909185 -25.981899852832825 65.57048142930526 0.0 7487.87855571424
162.0 -4459.787764130381 2014.280772139488 4305.350922023151 155.69349723051013 41.5278013467323 149.1237845438351 7326.934548812564 -1350.0567941966997 -6.407607615061579 7450.279477145484 1.8293207246722837e-09 656.7841141333968 79.15470485041783 -25.97243755907998 65.57519709884951 0.0 7487.943385366084
163.0 -4463.609262270152 2007.9672509437628 4304.329979698018 155.77926739151326 41.51588914415008 149.1129479337854 7325.46804742034 -1358.0378583207892 -6.447857984433085 7450.287948346793 1.830337388389767e-09 656.7244940702592 79.11149176482611 -25.96291726121642 65.57994167557266 0.0 7488.008175998331
164.0 -4467.425288692512 2001.65141669755 4303.302834090437 155.8650047118227 41.503906711434574 149.1020453179807 7323.993801586899 -1366.0126805303785 -6.488115081479009 7450.296500454892 1.831361340816174e-09 656.6644606319757 79.06802391846492 -25.9533389752509 65.58471515149648 0.0 7488.0729275306985
165.0 -4471.235838244168 1995.3332776351738 4302.269486657204 155.9507090250015 41.491854102849 149.09107671482582 7322.511832717268 -1373.981230259689 -6.528378873695033 7450.305133423801 1.8323926081863593e-09 656.6040123314519 79.02430139390759 -25.94370271735264 65.58951751856289 0.0 7488.137639884116
166.0 -4475.040905778227 1989.0128419935238 4301.229938863903 156.036380165196 41.47973137292106 149.08004214290088 7321.022162302181 -1381.9434770692 -6.568649328600259 7450.313847207231 1.8334312171223704e-09 656.5431476529126 78.98032427004567 -25.93400850384485 65.59434876863693 0.0 7488.2023129807385
167.0 -4478.840486154216 1982.6901180120474 4300.184192184903 156.12201796713796 41.467538576441775 149.0689416209671 7319.524811917372 -1389.8993906460337 -6.608926413739368 7450.322641758584 1.8344771946369383e-09 656.4818650515841 78.93609262203354 -25.924256351209852 65.5992088935044 0.0 7488.266946743933
168.0 -4482.634574238078 1976.3651139327378 4299.132248103353 156.20762226614664 41.45527576846457 149.05777516795857 7318.019803222864 -1397.84894080434 -6.649210096681827 7450.3315170309515 1.8355305681383128e-09 656.4201629533005 78.89160652117684 -25.914446276081808 65.60409788487544 0.0 7488.331541098273
169.0 -4486.423164902186 1970.0378380001246 4298.07410811119 156.29319289813068 41.442943004304084 149.0465428029897 7316.507157962245 -1405.7920974856693 -6.689500345022793 7450.34047297711 1.8365913654336196e-09 656.3580397541939 78.84686603488362 -25.904578295253348 65.60901573438122 0.0 7488.396095969545
170.0 -4490.20625302535 1963.7082984612643 4297.009773709126 156.37872969959025 41.43054033953494 149.03524454535264 7314.986897961973 -1413.7288307593458 -6.729797126380845 7450.349509549527 1.8376596147332103e-09 656.2954938203268 78.80187122657401 -25.8946524256732 65.61396243357507 0.0 7488.460611284733
171.0 -4493.983833492815 1957.376503565729 4295.939246406659 156.46423250761896 41.4180678299909 149.02388041451994 7313.459045130648 -1421.6591108228297 -6.770100408403323 7450.358626700354 1.838735344654502e-09 656.2325234873539 78.75662215561155 -25.884668684448613 65.61893797393137 0.0 7488.525086972027
172.0 -4497.755901196283 1951.0424615655982 4294.862527722054 156.54970115990577 41.4055255317635 149.01245043013571 7311.923621458298 -1429.582908002079 -6.810410158757236 7450.367824381427 1.839818584226946e-09 656.1691270601169 78.71111887718769 -25.874627088837556 65.62394234684933 0.0 7488.589522960802
173.0 -4501.522451033902 1944.7061807154473 4293.779619182356 156.63513549473694 41.39291350120101 149.00095461202505 7310.38064901567 -1437.5001927518933 -6.850726345146427 7450.37710254427 1.8409093628952774e-09 656.1053028123403 78.66536144227881 -25.864527656256982 65.62897554364899 0.0 7488.653919181632
174.0 -4505.283477910287 1938.3676692723393 4292.690522323383 156.720535350998 41.38023179490747 148.98939298018814 7308.830149953503 -1445.4109356562763 -6.891048935289859 7450.386461140088 1.842007708208298e-09 656.0410492034475 78.61934994582973 -25.854370404277667 65.6340375555737 0.0 7488.718275566271
175.0 -4509.038976736516 1932.0269354958127 4291.59523868972 156.8059005681756 41.3674804697413 148.97776555480132 7307.272146501835 -1453.3151074287732 -6.931377896934805 7450.395900119791 1.8431136360709594e-09 655.9763657928362 78.57308473000808 -25.84415535062516 65.63912837378967 0.0 7488.782592047683
176.0 -4512.788942430144 1925.6839876478737 4290.493769834726 156.8912309863592 41.35465958281439 148.96607235622128 7305.706660969316 -1461.2126789128108 -6.971713197858321 7450.405419434025 1.8442271584580085e-09 655.9112525164398 78.52656622338718 -25.833882513183433 65.64424798938417 0.0 7488.846868560057
177.0 -4516.533369915208 1919.338833992984 4289.386117320526 156.97652644624327 41.34176919149093 148.95431340497615 7304.133715742483 -1469.1036210820307 -7.012054805862931 7450.415019033169 1.845348287147541e-09 655.8457093366264 78.479794863089 -25.8235519099871 65.6493963933694 0.0 7488.911105038817
178.0 -4520.272254122229 1912.9914827980526 4288.272282718008 157.0617867891287 41.328809353386184 148.94248872177326 7302.553333285049 -1476.987905040618 -7.05240268877651 7450.424698867343 1.8464770337176837e-09 655.7797362425142 78.43277109487457 -25.81316355922818 65.6545735766791 0.0 7488.975301420606
179.0 -4524.005589988229 1906.6419423324246 4287.152267606824 157.1470118569249 41.31578012636548 148.93059832749515 7300.965536137175 -1484.8655020236213 -7.092756814448876 7450.4344588864 1.8476134095426805e-09 655.7133332503845 78.38549537322363 -25.80271747925264 65.6597795301703 0.0 7489.039457643297
180.0 -4527.733372456724 1900.2902208678718 4286.026073575394 157.23220149215138 41.30268156854291 148.91864224320324 7299.370346914755 -1492.7363833972572 -7.133117150765429 7450.444299039933 1.848757425788236e-09 655.6465004041386 78.33796816144515 -25.792213688563585 65.6650142446217 0.0 7489.103573645982
181.0 -4531.455596477742 1893.9363266785822 4284.893702220887 157.31735553793962 41.28951373828045 148.90662049012772 7297.767788308689 -1500.6005206592313 -7.1734836656289644 7450.454219277275 1.8499090934081536e-09 655.5792377756786 78.29018993173298 -25.7816522058124 65.67027771073812 0.0 7489.167649368965
182.0 -4535.172257007825 1887.5802680411512 4283.755155149233 157.4024738380346 41.276276694186514 148.89453308968083 7296.157883084167 -1508.457885439028 -7.2138563269760425 7450.464219547499 1.8510684231387285e-09 655.5115454654214 78.24216116531532 -25.77103304981039 65.67556991914468 0.0 7489.231684753775
183.0 -4538.883349010033 1881.222053234569 4282.610433975125 157.48755623679685 41.26297049511512 148.88238006344832 7294.540654079942 -1516.3084494982218 -7.2542351027612995 7450.47429979942 1.8522354254951985e-09 655.4434236026929 78.19388235251776 -25.760356239521318 65.68089086039052 0.0 7489.295679743147
184.0 -4542.588867453958 1874.8616905402134 4281.459540322 157.57260257920368 41.249595200164464 148.870161433188 7292.916124207609 -1524.1521847307517 -7.294619960975183 7450.484459981594 1.8534101107675086e-09 655.374872346162 78.14535399285451 -25.74962179406009 65.68624052494945 0.0 7489.359634281028
185.0 -4546.288807315723 1868.4991882418378 4280.302475822052 157.65761271085117 41.236150868675885 148.8578772208381 7291.284316450874 -1531.9890631632243 -7.335010869625307 7450.494700042318 1.8545924890151152e-09 655.3058918843329 78.0965765951595 -25.73882973270012 65.69161890321628 0.0 7489.423548312574
186.0 -4549.983163577992 1862.1345546255623 4279.139242116225 157.74258647795565 41.22263756023292 148.8455274485068 7289.645253864843 -1539.8190569551766 -7.375407796754871 7450.5050199296375 1.8557825700635803e-09 655.2364824359327 78.04755067764255 -25.727980074864128 65.69702598551144 0.0 7489.487421784141
187.0 -4553.671931229978 1855.7677979798623 4277.969840854207 157.82752372735538 41.20905533465971 148.83311213848017 7287.998959575287 -1547.6421383993647 -7.415810710425603 7450.51541959134 1.856980363499374e-09 655.1666442504031 77.99827676801931 -25.717072840131127 65.70246176207743 0.0 7489.551254643292
188.0 -4557.355105267446 1849.3989265955602 4276.794273694437 157.91242430651207 41.195404252020225 148.82063131321686 7286.345456777918 -1555.458279922023 -7.456219578730497 7450.525898974957 1.8581858786659527e-09 655.0963776083221 77.94875540358882 -25.706108048231727 65.70792622308123 0.0 7489.6150468387805
189.0 -4561.032680692723 1843.0279487658142 4275.612542304092 157.99728806351243 41.181684372616914 148.8080849953508 7284.684768737668 -1563.2674540831315 -7.496634369786079 7450.53645802777 1.8593991246590264e-09 655.0256828218692 77.89898713134333 -25.695085719050546 65.71341935861305 0.0 7489.678798320562
190.0 -4564.704652514703 1836.654872786109 4274.424648359097 158.0821148470698 41.16789575698968 148.7954732076889 7283.01691878796 -1571.0696335766672 -7.53705505174139 7450.547096696809 1.8606201103223103e-09 654.9545602352657 77.84897250805834 -25.684005872624137 65.71894115868739 0.0 7489.742509039782
191.0 -4568.371015748855 1830.2797069542444 4273.230593544111 158.1669045065255 41.15403846591453 148.78279597321549 7281.341930329982 -1578.864791230865 -7.577481592766844 7450.557814928847 1.8618488442425952e-09 654.8830102252549 77.79871210041021 -25.67286852914497 65.72449161324103 0.0 7489.806178948776
192.0 -4572.031765417225 1823.9024595703256 4272.030379552534 158.25165689185062 41.14011256040262 148.77005331508326 7279.659826831959 -1586.6529000084615 -7.617913961055933 7450.568612670411 1.863085334746119e-09 654.8110332015066 77.74820648504013 -25.66167370895341 65.73007071213706 0.0 7489.869808001063
193.0 -4575.686896548448 1817.5231389367552 4270.824008086501 158.33637185364714 41.12611810169896 148.75724525662162 7277.970631828438 -1594.4339330069256 -7.658352124836256 7450.5794898677805 1.864329589893232e-09 654.7386296071221 77.69745624868746 -25.650421432545045 65.73567844516124 0.0 7489.933396151349
194.0 -4579.336404177755 1811.1417533582205 4269.611480856879 158.42104924314955 41.112055151281176 148.74437182133437 7276.2743689195395 -1602.2078634587047 -7.698796052357579 7450.590446466978 1.8655816174740744e-09 654.6657999190808 77.64646198828159 -25.639111720568707 65.74131480202291 0.0 7489.996943355521
195.0 -4582.980283346973 1804.7583111416848 4268.392799583267 158.5056889122263 41.09792377085859 148.73143303289615 7274.571061770257 -1609.9746647314482 -7.7392457118982065 7450.60148241379 1.866841425004371e-09 654.5925446486808 77.59522431102862 -25.627744593823287 65.74697977235662 0.0 7490.060449570637
196.0 -4586.618529104538 1798.3728205963762 4267.1679659939955 158.5902907133811 41.08372402237077 148.71842891515442 7272.860734109712 -1617.7343103282326 -7.7797010717631565 7450.612597653752 1.8681090197206618e-09 654.5188643420129 77.54374383452074 -25.616320073259526 65.75267334572132 0.0 7490.123914754931
197.0 -4590.251136505497 1791.9852900337794 4265.936981826121 158.67485449975442 41.069455967986556 148.70535949213243 7271.143409730433 -1625.4867738877815 -7.8201621002802995 7450.623792132152 1.8693844085754234e-09 654.4447595804402 77.4920211868496 -25.604838179982597 65.7583955115989 0.0 7490.187338867815
198.0 -4593.878100611519 1785.5957277676234 4264.699848825424 158.7593801251247 41.05511967010282 148.69222478802433 7269.419112487627 -1633.2320291846738 -7.860628765808315 7450.635065794035 1.870667598232943e-09 654.3702309810375 77.44005700668897 -25.5932989352478 65.76414625939648 0.0 7490.250721869861
199.0 -4597.499416490898 1779.2041421138738 4263.456568746408 158.84386744390974 41.04071519134316 148.67902482719464 7267.687866298462 -1640.9700501295497 -7.901101036734417 7450.646418584207 1.8719585950647553e-09 654.2952791970546 77.38785194339508 -25.581702360460135 65.76992557844662 0.0 7490.314063722803
200.0 -4601.115079218561 1772.81054139072 4262.207143352299 158.92831631116817 41.026242594556976 148.66575963418256 7265.949695141327 -1648.700810769324 -7.941578881462874 7450.657850447226 1.873257405144578e-09 654.2199049184084 77.33540665712617 -25.57004847717804 65.7757334580053 0.0 7490.377364389546
201.0 -4604.725083876075 1766.414933918567 4260.951574415042 159.01272658260046 41.011701942818064 148.65242923370073 7264.204623055113 -1656.424285287365 -7.982062268434333 7450.6693613274165 1.8745640342437957e-09 654.1441088721472 77.28272181894062 -25.558337307112335 65.78156988725266 0.0 7490.4406238341435
202.0 -4608.329425551652 1760.0173280200254 4259.689863715295 159.0970981145503 40.99709329942351 148.6390336506306 7262.452674138491 -1664.1404480036933 -8.022551166112635 7450.680951168857 1.8758784878272385e-09 654.0678918228947 77.22979811088194 -25.546568872122158 65.78743485529488 0.0 7490.503842021808
203.0 -4611.928099340158 1753.6177320199 4258.4220130424355 159.18143076400597 40.982416727892556 148.62557291002642 7260.693872549175 -1671.8492733751727 -8.063045542984014 7450.6926199153895 1.877200771048126e-09 653.991254573346 77.17663622609798 -25.53474319421842 65.7933283511625 0.0 7490.5670189189
204.0 -4615.521100343114 1747.2161542451804 4257.148024194548 159.26572438860126 40.967672291965364 148.61204703711323 7258.928242503209 -1679.5507359956723 -8.10354536757086 7450.7043675106215 1.878530888743558e-09 653.9141979647304 77.12323686893704 -25.522860295562122 65.79925036381127 0.0 7490.630154492933
205.0 -4619.108423668711 1740.8126030250316 4255.867898978432 159.34997884661698 40.952860055601796 148.59845605729078 7257.155808274235 -1687.244810596258 -8.144050608414318 7450.716193897924 1.879868845429433e-09 653.8367228773088 77.06960075506734 -25.510920198467723 65.80520088212046 0.0 7490.693248712561
206.0 -4622.690064431811 1734.4070866907823 4254.58163920959 159.434193996982 40.93798008298027 148.58479999612598 7255.376594192761 -1694.9314720453551 -8.184561234079524 7450.728099020429 1.881214645296466e-09 653.7588302308086 77.0157286115518 -25.498922925396553 65.81117989489616 0.0 7490.75630154758
207.0 -4626.266017753951 1727.9996135759163 4253.289246712234 159.51836969927436 40.923032438496556 148.57107887935754 7253.590624645456 -1702.6106953489016 -8.225077213167765 7450.740082821041 1.8825682922049972e-09 653.6805209849276 76.96162117697092 -25.486868498960863 65.81718739086921 0.0 7490.819312968925
208.0 -4629.836278763356 1721.5901920160616 4251.990723319278 159.6025058137224 40.90801718676271 148.55729273289583 7251.797924074405 -1710.2824556505193 -8.265598514301132 7450.752145242427 1.8839297896802594e-09 653.601796139814 76.9072792015275 -25.474756941923708 65.82322335869532 0.0 7490.882282948663
209.0 -4633.4008425949405 1715.1788303489805 4250.686070872337 159.6866022012059 40.89293439260552 148.5434415828206 7249.998516976399 -1717.946728231657 -8.306125106129002 7450.764286227025 1.8852991409078373e-09 653.5226567365333 76.8527034471428 -25.46258827719697 65.82928778695603 0.0 7490.945211459992
210.0 -4636.959704390321 1708.7655369145589 4249.375291221724 159.77065872325718 40.87778412106578 148.52952545538568 7248.192427902202 -1725.6034885117413 -8.346656957324967 7450.776505717044 1.8866763487284303e-09 653.4431038575788 76.79789468758064 -25.450362527845435 65.83538066415667 0.0 7491.00809847724
211.0 -4640.512859297812 1702.3503200547973 4248.05838622645 159.8546752420622 40.86256643739672 148.51554437700705 7246.379681455842 -1733.252712048316 -8.387194036592064 7450.788803654464 1.8880614156342416e-09 653.3631386272859 76.74285370850646 -25.438079717076377 65.84150197873157 0.0 7491.070943975856
212.0 -4644.060302472444 1695.9331881137998 4246.735357754222 159.93865162046148 40.84728140706299 148.50149837428006 7244.560302293872 -1740.89437453718 -8.427736312655611 7450.801179981038 1.8894543437624697e-09 653.2827622124173 76.6875813076611 -25.425739868254638 65.84765171903652 0.0 7491.133747932412
213.0 -4647.602029075963 1689.5141494377642 4245.4062076814325 160.0225877219511 40.831929095739454 148.48738747396342 7242.73431512466 -1748.528451812509 -8.468283754274921 7450.813634638292 1.8908551348920854e-09 653.2019758225556 76.63207829490418 -25.41334300488856 65.8538298733558 0.0 7491.196510324595
214.0 -4651.138034276839 1683.093212374972 4244.070937893172 160.10648341068392 40.8165095693099 148.4732117029885 7240.901744707666 -1756.1549198469943 -8.508836330227382 7450.826167567528 1.892263790438075e-09 653.120780710646 76.57634549235748 -25.400889150638186 65.8600364298981 0.0 7491.259231131205
215.0 -4654.668313250269 1676.6703852757778 4242.729550283214 160.1903385514702 40.801022893865984 148.4589710884532 7239.062615852719 -1763.77375475195 -8.549394009321418 7450.838778709826 1.8936803114472054e-09 653.0391781734494 76.52038373448785 -25.388378329309887 65.86627137679916 0.0 7491.321910332155
216.0 -4658.192861178193 1670.2456764925998 4241.382046754017 160.27415300977884 40.785469135705895 148.4446656576267 7237.216953419301 -1771.3849327774333 -8.589956760392056 7450.851468006043 1.8951046985927144e-09 652.957169552059 76.4641938682327 -25.375810564860444 65.8725347021198 0.0 7491.384547908458
217.0 -4661.711673249289 1663.8190943799093 4240.028429216725 160.35792665173824 40.76984836133319 148.43029543794668 7235.364782315825 -1778.9884303123536 -8.630524552297175 7450.864235396817 1.896536952169696e-09 652.874756232377 76.40777675309708 -25.363185881394735 65.87882639384696 0.0 7491.447143842239
218.0 -4665.224744658985 1657.3906472942213 4238.66869959116 160.4416593441371 40.754160637455605 148.41586045702036 7233.506127498917 -1786.5842238845735 -8.671097353923528 7450.877080822562 1.8979770720901407e-09 652.7919396456122 76.35113326126505 -25.350504303166552 65.88514643989346 0.0 7491.509698116711
219.0 -4668.732070609468 1650.9603435940824 4237.302859805822 160.5253509544254 40.73840603098387 148.40136074262065 7231.641013972701 -1794.1722901610115 -8.711675134180268 7450.89000422348 1.8994250578784143e-09 652.7087212687517 76.29426427769278 -25.337765854575267 65.89149482809951 0.0 7491.572210716189
220.0 -4672.233646309685 1644.5281916400627 4235.930911797888 160.60900135071523 40.72258460903044 148.38679632269336 7229.769466788086 -1801.7526059477289 -8.752257862005877 7450.903005539557 1.9008809086656455e-09 652.6251026250973 76.23717070024476 -25.32497056017212 65.89787154622965 0.0 7491.634681626082
221.0 -4675.729466975351 1638.0941997947448 4234.552857513213 160.6926104017816 40.70669643890846 148.3721672253483 7227.891511042042 -1809.3251481900184 -8.792845506368849 7450.91608471056 1.9023446231856894e-09 652.5410852847111 76.17985343976778 -25.312118444652473 65.90427658197659 0.0 7491.697110832883
222.0 -4679.219527828958 1631.6583764227132 4233.168698906313 160.77617797706324 40.69074158813024 148.35747347886488 7226.007171876889 -1816.8898939724963 -8.833438036252346 7450.9292416760445 1.903816199769655e-09 652.4566708649435 76.12231342022102 -25.299209532860637 65.9107099229588 0.0 7491.759498324168
223.0 -4682.703824099779 1625.2207298905455 4231.77843794038 160.85970394666353 40.674720124406356 148.34271511169175 7224.116474479585 -1824.4468205191663 -8.874035420676023 7450.942476375354 1.9052956363409885e-09 652.3718610309305 76.06455157878409 -25.286243849789663 65.91717155672067 0.0 7491.821844088597
224.0 -4686.182351023876 1618.7812685668002 4230.3820765872715 160.94318818135113 40.65863211564433 148.32789215244145 7222.219444081016 -1831.9959051934998 -8.914637628680111 7450.955788747622 1.9067829304110702e-09 652.2866574960623 76.0065688659449 -25.27322142057654 65.92366147073479 0.0 7491.884148115906
225.0 -4689.655103844104 1612.340000822009 4228.979616827508 161.02663055256073 40.642477629947344 148.3130046298951 7220.316105955278 -1839.5371254985018 -8.955244629331105 7450.969178731774 1.9082780790737844e-09 652.2010620225103 75.94836624562738 -25.260142270506364 65.93017965239997 0.0 7491.946410396903
226.0 -4693.122077810118 1605.8969350286636 4227.571060650269 161.11003093239384 40.62625673561313 148.2980525730052 7218.406485418968 -1847.07045907677 -8.995856391722896 7450.982646266525 1.9097810790002553e-09 652.1150764217454 75.88994469531245 -25.24700642501484 65.93672608903998 0.0 7492.008630923469
227.0 -4696.583268178383 1599.4520795612093 4226.156410053398 161.1933891936195 40.60996950113281 148.28303601088376 7216.490607830481 -1854.595883710554 -9.036472884974955 7450.996191290389 1.9112919264350737e-09 652.0287025549717 75.83130520610068 -25.23381390967772 65.94330076790878 0.0 7492.070809688549
228.0 -4700.038670212177 1593.0054427960317 4224.73566704339 161.2767052096749 40.593615995189474 148.26795497281663 7214.568498589291 -1862.1133773218044 -9.077094078232108 7451.009813741669 1.9128106171898466e-09 651.9419423337137 75.77244878287905 -25.22056475022356 65.94990367618416 0.0 7492.132946686149
229.0 -4703.488279181595 1586.5570331114473 4223.308833635398 161.35997885466614 40.5771962866572 148.25280948825042 7212.640183135252 -1869.6229179722282 -9.117719940658162 7451.023513558472 1.9143371466395185e-09 651.8547977202447 75.71337644437992 -25.207258972522133 65.95653480097356 0.0 7492.195041911334
230.0 -4706.9320903635635 1580.106858887694 4221.875911853224 161.44321000336873 40.56071044459972 148.2375995868023 7210.705686947891 -1877.1244838633124 -9.158350441453763 7451.0372906787 1.9158715097163687e-09 651.7672707281497 75.65408922332941 -25.193896602593014 65.96319412930973 0.0 7492.257095360225
231.0 -4710.3700990418365 1573.6549285069202 4220.436903729323 161.52639853122832 40.54415853826925 148.2223252982539 7208.765035545698 -1884.6180533363781 -9.198985549836607 7451.051145040055 1.9174137009056013e-09 651.679363422797 75.59458816653468 -25.180477666600304 65.96988164815343 0.0 7492.319107029993
232.0 -4713.802300507009 1567.201250353175 4218.991811304791 161.6095443143613 40.52754063710525 148.20698665254983 7206.818254485426 -1892.1036048726014 -9.239625235052017 7451.065076580041 1.918963714240459e-09 651.5910779218369 75.53487433498877 -25.167002190851257 65.9765973443941 0.0 7492.38107691885
233.0 -4717.228690056522 1560.7458328123987 4217.540636629372 161.6926472295553 40.51085681073317 148.19158367980413 7204.865369361394 -1899.5811170930424 -9.28026946637226 7451.079085235971 1.920521543296525e-09 651.5024163957486 75.47494880400707 -25.153470201801994 65.98334120484688 0.0 7492.4430050260635
234.0 -4720.64926299467 1554.2886842724106 4216.083381761453 161.7757071542698 40.49410712896348 148.1761164102955 7202.906405804777 -1907.0505687586685 -9.320918213091204 7451.093170944958 1.9220871811871553e-09 651.413381068321 75.41481266331972 -25.13988172605331 65.99011321625494 0.0 7492.504891351932
235.0 -4724.0640146326 1547.8298131229012 4214.620048768055 161.8587239666367 40.47729166179007 148.160584874467 7200.941389482909 -1914.5119387703653 -9.36157144453125 7451.10733364392 1.923660620558439e-09 651.3239742171629 75.3544670171821 -25.12623679035036 65.99691336528943 0.0 7492.566735897789
236.0 -4727.472940288331 1541.3692277554192 4213.150639724841 161.94169754546073 40.46041047938934 148.1449891029282 7198.970346098586 -1921.965206168957 -9.40222913003322 7451.12157326959 1.925241853583909e-09 651.2341981742265 75.29391298449475 -25.11253542158462 66.0037416385486 0.0 7492.628538666004
237.0 -4730.8760352867475 1534.9069365633648 4211.6751567161045 162.02462777021995 40.44346365211884 148.1293291264521 7196.993301389372 -1929.4103501351974 -9.442891238973743 7451.135889758505 1.9268308719597766e-09 651.1440553263016 75.23315169890301 -25.098777646791085 66.01059802255918 0.0 7492.690299659973
238.0 -4734.273294959613 1528.4429479419762 4210.193601834772 162.1075145210664 40.42645125051616 148.11360497597653 7195.0102811269 -1936.8473499897902 -9.483557740743436 7451.15028304702 1.928427666899683e-09 651.0535481155375 75.17218430891512 -25.084963493149633 66.01748250377565 0.0 7492.752018884114
239.0 -4737.6647146455725 1521.977270288321 4208.705977182399 162.19035767882636 40.40937334529767 148.09781668260229 7193.021311116172 -1944.276185193372 -9.524228604762925 7451.164753071296 1.9300322291298023e-09 650.9626790399466 75.11101197800639 -25.07109298798327 66.02439506858127 0.0 7492.813696343863
240.0 -4741.0502896901635 1515.5099120012865 4207.212284869165 162.2731571250007 40.39223000735726 148.0819642775974 7191.026417194886 -1951.696835346505 -9.564903800477964 7451.179299767318 1.931644548883289e-09 650.8714506539437 75.04963588474862 -25.057166158761916 66.03133570328595 0.0 7492.875332045681
241.0 -4744.430015445815 1509.0408814815678 4205.712527013879 162.35591274176568 40.37502130776525 148.0660477923886 7189.02562523272 -1959.1092801896739 -9.605583297352837 7451.193923070885 1.9332646158960273e-09 650.7798655688125 74.98805722288941 -25.043183033094937 66.0383043941302 0.0 7492.936925997032
242.0 -4747.803887271867 1502.5701871316594 4204.206705743963 162.43862441197285 40.35774731776695 148.05006725857476 7187.018961130659 -1966.513499603253 -9.646267064883205 7451.208622917609 1.934892419400136e-09 650.6879264533007 74.92627720151695 -25.02914363874294 66.04530112727912 0.0 7492.998478206395
243.0 -4751.171900534562 1496.097837355843 4202.694823195464 162.5212920191498 40.34040810878177 148.03402270791145 7185.006450820303 -1973.9094736074985 -9.686955072580531 7451.22339924293 1.936527948120408e-09 650.5956360340474 74.86429704511282 -25.01504800360415 66.05232588882919 0.0 7493.059988683249
244.0 -4754.534050607056 1489.623840560179 4201.176881513045 162.60391544750024 40.32300375240175 148.01791417231922 7182.988120263183 -1981.2971823625057 -9.727647289991182 7451.238251982111 1.938171190268319e-09 650.5029970961494 74.80211799369752 -25.00089615572178 66.05937866480474 0.0 7493.121457438077
245.0 -4757.890332869431 1483.1482051524963 4199.652882849978 162.6864945819045 40.305534320390414 148.00174168388196 7180.963995450072 -1988.6766061681865 -9.768343686678918 7451.253181070232 1.9398221335370427e-09 650.4100124836718 74.73974130293688 -24.9866881232825 66.06645944115849 0.0 7493.182884482359
246.0 -4761.240742708694 1476.67093954238 4198.122829368146 162.76902930791977 40.287999884681604 147.98550527484693 7178.9341024003 -1996.047725464234 -9.809044232227848 7451.268186442203 1.941480769935154e-09 650.3166845062123 74.6771681342346 -24.972423934616547 66.07356820377169 0.0 7493.244269828561
247.0 -4764.585275518783 1470.1920521411628 4196.586723238044 162.85151951178034 40.270400517378334 147.96920497762062 7176.89846716103 -2003.4105208300557 -9.849748896252436 7451.283268032709 1.9431471179915317e-09 650.223012213239 74.61439904984962 -24.958103618194023 66.08070493845582 0.0 7493.305613490088
248.0 -4767.923926700582 1463.7115513619158 4195.044566638771 162.93396508039797 40.25273629075139 147.95284082477727 7174.857115806515 -2010.764972984719 -9.89045764838636 7451.298425776149 1.9448212057707386e-09 650.1289934787233 74.55143439908365 -24.943727202632395 66.087869630949 0.0 7493.366915481218
249.0 -4771.256691661917 1457.2294456194356 4193.496361758028 163.01636590136198 40.23500727723826 147.93641284904933 7172.810074437409 -2018.1110627868916 -9.931170458290012 7451.313659606626 1.946503061784566e-09 650.0346261166683 74.48827452490674 -24.929294716688158 66.09506226692 0.0 7493.428175817082
250.0 -4774.583565817568 1450.7457433302368 4191.942110792113 163.09872186293967 40.217213549441865 147.9199210833332 7170.757369180093 -2025.448771234785 -9.971887295646297 7451.3289694579535 1.94819271498655e-09 649.9399078816274 74.42491976408644 -24.914806189261807 66.10228283196585 0.0 7493.489394513661
251.0 -4777.904544589276 1444.2604529125401 4190.381815945926 163.18103285407634 40.1993551801294 147.90336556068692 7168.699026185994 -2032.7780794660976 -10.012608130158128 7451.34435526365 1.9498901947757115e-09 649.8448364681477 74.36137044709511 -24.90026164939584 66.10953131161278 0.0 7493.550571587782
252.0 -4781.219623405744 1437.7735827862634 4188.815479432959 163.26329876439556 40.18143224223113 147.88674631432957 7166.635071630915 -2040.098968757936 -10.05333293156093 7451.359816956934 1.9515955310001216e-09 649.7494095102203 74.29762689802376 -24.88566112627427 66.11680769131655 0.0 7493.611707057103
253.0 -4784.528797702642 1431.2851413730104 4187.243103475299 163.34551948419934 40.16344480883913 147.87006337763904 7164.565531714357 -2047.4114205267565 -10.094061669608095 7451.3753544707315 1.953308753960643e-09 649.6536245807216 74.23368943448946 -24.871004649220602 66.12411195646337 0.0 7493.672800940114
254.0 -4787.8320629226255 1424.7951370960614 4185.664690303616 163.42769490446818 40.14539295320606 147.8533167841579 7162.490432658852 -2054.715416328282 -10.1347943140795 7451.390967737667 1.955029894413845e-09 649.5574791909011 74.16955836757354 -24.856292247703024 66.13144409236733 0.0 7493.733853256125
255.0 -4791.12941451533 1418.303578380363 4184.080242157173 163.50982491686133 40.12727674874409 147.83650656758854 7160.409800709284 -2062.0109378574252 -10.17553083477867 7451.406656690064 1.9567589835760136e-09 649.4609707898059 74.105234001719 -24.84152395133013 66.13880408427256 0.0 7493.7948640252625
256.0 -4794.420847937377 1411.810473652518 4182.489761283815 163.59190941371685 40.10909626902356 147.8196327617932 7158.323662132237 -2069.2979669482006 -10.216271201534369 7451.42242125995 1.9584960531266813e-09 649.3640967637323 74.04071663464583 -24.826699789850945 66.14619191735324 0.0 7493.855833268458
257.0 -4797.706358652389 1405.3158313407748 4180.893249939964 163.67394828805155 40.090851587771795 147.8026954007938 7156.232043215318 -2076.5764855736356 -10.257015384202077 7451.43826137905 1.96024113521216e-09 649.2668544356777 73.97600655726627 -24.811819793154772 66.15360757671355 0.0 7493.916761007447
258.0 -4800.985942130986 1398.8196598750174 4179.290710390628 163.75594143356122 40.072542778872005 147.78569451877428 7154.134970266501 -2083.8464758456776 -10.297763352662741 7451.454176978786 1.9619942624488303e-09 649.1692410648038 73.911104053609 -24.796883991273283 66.16105104738685 0.0 7493.97764726476
259.0 -4804.259593850802 1392.3219676867557 4177.682144909383 163.83788874462067 40.05416991636198 147.7686301500788 7152.032469613458 -2091.107920015098 -10.338515076817885 7451.470167990276 1.963755467926867e-09 649.071253845877 73.8460094007274 -24.781892414378873 66.16852231433623 0.0 7494.038492063712
260.0 -4807.527309296477 1385.8227632091143 4176.0675557783825 163.91979011628368 40.03573307443289 147.75150232920797 7149.9245676028995 -2098.3608004713888 -10.379270526597793 7451.486234344334 1.9655247852141523e-09 648.972889908697 73.78072286860072 -24.766845092781402 66.17602136245637 0.0 7494.099295428396
261.0 -4810.7890839596785 1379.3220548768243 4174.446945288348 164.00164544428299 40.01723232742811 147.73431109082605 7147.81129059993 -2105.6050997426446 -10.420029671961856 7451.502375971468 1.9673022483590775e-09 648.8741463175867 73.71524472007631 -24.751742056934503 66.18354817657027 0.0 7494.160057383681
262.0 -4814.044913339098 1372.819851126211 4172.820315738569 164.08345462503033 39.99866774984209 147.71705646975224 7145.692664987377 -2112.840800495473 -10.460792482887655 7451.518592801881 1.969087891894984e-09 648.775020070791 73.64957521075155 -24.736583337427902 66.19110274143308 0.0 7494.2207779552
263.0 -4817.294792940455 1366.3161603951853 4171.1876694368975 164.16521755561647 39.98003941631901 147.69973850096787 7143.568717165144 -2120.067885534857 -10.501558929385737 7451.534884765463 1.970881750842959e-09 648.6755080999674 73.58371458891628 -24.7213689649938 66.198685041729 0.0 7494.281457169346
264.0 -4820.538718276515 1359.8109911232323 4169.549008699751 164.24693413381095 39.96134740165176 147.6823572196113 7141.4394735495625 -2127.2863378040493 -10.542328981488254 7451.551251791802 1.9726838607159133e-09 648.575607269603 73.5176630954481 -24.70609897050234 66.20629506207341 0.0 7494.342095053257
265.0 -4823.776684867085 1353.3043517514025 4167.904335852103 164.32860425806223 39.942591780780546 147.66491266098038 7139.304960572739 -2134.4961403844372 -10.583102609259186 7451.567693810171 1.974494257521877e-09 648.4753143764766 73.45142096373631 -24.690773384963755 66.21393278701196 0.0 7494.402691634823
266.0 -4827.008688239022 1346.7962507223003 4166.253653227483 164.4102278274975 39.92377262879176 147.6474048605319 7137.165204681908 -2141.697276495427 -10.623879782782524 7451.584210749531 1.976312977767601e-09 648.374626149103 73.38498841959489 -24.675392239527955 66.2215982010206 0.0 7494.46324694267
267.0 -4830.234723926241 1340.2866964800744 4164.596963167974 164.4918047419225 39.904890020917 147.62983385387693 7135.020232338788 -2148.889729494296 -10.66466047217682 7451.600802538534 1.978140058462605e-09 648.2735392471515 73.31836568115887 -24.659955565480356 66.22929128850785 0.0 7494.523761006142
268.0 -4833.454787469719 1333.7756974704087 4162.934268024209 164.5733349018216 39.88594403253153 147.6121996767898 7132.870070018943 -2156.0734828760687 -10.70544464757927 7451.617469105515 1.9799755371217903e-09 648.1720502609442 73.25155295883333 -24.64446339424982 66.23701203381064 0.0 7494.584233855322
269.0 -4836.668874417502 1327.2632621405105 4161.2655701553695 164.65481820835737 39.866934739153315 147.59450236519893 7130.714744211134 -2163.248520273365 -10.746232279162768 7451.634210378496 1.981819451769956e-09 648.0701557108488 73.18455045517281 -24.628915757400584 66.24476042119849 0.0 7494.644665520996
270.0 -4839.876980324711 1320.7493989391005 4159.59087192918 164.73625456337075 39.84786221644179 147.57674195518788 7128.55428141669 -2170.414825456266 -10.787023337120218 7451.651026285185 1.9836718409452523e-09 647.9678520467297 73.11735836479966 -24.61331268663317 66.25253643487302 0.0 7494.705056034658
271.0 -4843.0791007535545 1314.234116316404 4157.91017572191 164.8176438693805 39.828726540196584 147.55891848300513 7126.388708148866 -2177.572382332152 -10.827817791677944 7451.667916752967 1.985532743701718e-09 647.8651356474498 73.04997687435538 -24.59765421379298 66.26034005896359 0.0 7494.76540542851
272.0 -4846.275231273317 1307.71742272414 4156.223483918362 164.89898602958328 39.809527786356476 147.5410319850459 7124.2180509322125 -2184.7211749455564 -10.868615613090014 7451.684881708915 1.9874021996147434e-09 647.7620028202094 72.98240616234605 -24.58194037085435 66.26817127753534 0.0 7494.825713735439
273.0 -4849.465367460384 1301.19932661551 4154.530798911879 164.98028094785337 39.7902660309981 147.52308249786893 7122.042336301943 -2191.8611874780095 -10.909416771634369 7451.701921079777 1.98928024878288e-09 647.6584498000877 72.91464639912 -24.566171189935286 66.2760300745818 0.0 7494.88598098902
274.0 -4852.64950489824 1294.6798364451902 4152.832123104336 165.0615285287423 39.770941350334766 147.5050700581891 7119.861590803307 -2198.9924042478697 -10.950221237623055 7451.719034791984 1.991166931832187e-09 647.5544727494445 72.84669774675366 -24.55034670329092 66.28391643402816 0.0 7494.946207223508
275.0 -4855.8276391774725 1288.1589606693187 4151.127458906136 165.14272867747874 39.75155382071534 147.48699470287352 7117.675840990961 -2206.1148097101686 -10.991028981389263 7451.736222771643 1.9930622899201947e-09 647.4500677573401 72.77856035895121 -24.534466943310175 66.29183033973294 0.0 7495.006392473825
276.0 -4858.999765895782 1281.636707745487 4149.416808736212 165.22388129996818 39.73210351862298 147.468856468949 7115.485113428347 -2213.2283884564267 -11.031839973303477 7451.7534849445365 1.9949663647387024e-09 647.3452308390235 72.7102343809865 -24.518531942522245 66.29977177548476 0.0 7495.066536775559
277.0 -4862.165880657984 1275.1130861327292 4147.70017502202 165.30498630279266 39.7125905206741 147.45065539359186 7113.289434687069 -2220.333125214493 -11.072654183760505 7451.770821236125 1.99687919851842e-09 647.2399579353146 72.64171994957843 -24.50254173358765 66.30774072500677 0.0 7495.12664016495
278.0 -4865.325979076021 1268.5881042915128 4145.977560199536 165.38604359321033 39.693014903616906 147.4323915141432 7111.088831346277 -2227.429004848358 -11.113471583189266 7451.788231571543 1.998800834030918e-09 647.1342449121371 72.57301719286279 -24.486496349311743 66.31573717194995 0.0 7495.18670267889
279.0 -4868.480056768964 1262.0617706837272 4144.248966713257 165.46705307915533 39.673376744330604 147.41406486809043 7108.883329992044 -2234.5160123579817 -11.154292142040504 7451.805715875595 2.000731314594163e-09 647.0280875598543 72.50412623023598 -24.470395822628358 66.32376109990126 0.0 7495.246724354908
280.0 -4871.628109363017 1255.5340937726746 4142.514397016192 165.54801466923732 39.653676119823885 147.39567549308296 7106.672957216759 -2241.5941328790977 -11.195115830802251 7451.823274072758 2.002670684074424e-09 646.9214815928005 72.43504717232803 -24.454240186613667 66.33181249237673 0.0 7495.306705231171
281.0 -4874.77013249153 1249.005082023059 4140.773853569864 165.6289282727411 39.633913107233944 147.37722342691967 7104.457739618507 -2248.6633516830343 -11.235942619986645 7451.840906087183 2.0046189868911714e-09 646.8144226486529 72.3657801208692 -24.438029474475165 66.33989133282691 0.0 7495.366645346466
282.0 -4877.9061217949975 1242.4747439009764 4139.027338844306 165.70979379962628 39.614087783825205 147.35870870755542 7102.23770380047 -2255.7236541765105 -11.276772480143563 7451.858611842684 2.0065762680199662e-09 646.7069062879107 72.29632516862817 -24.421763719557372 66.34799760463407 0.0 7495.4265447402
283.0 -4881.036072921067 1235.943087873905 4137.274855318055 165.7906111605269 39.594200226988264 147.34013137309904 7100.01287637031 -2262.775025901452 -11.317605381845851 7451.876391262746 2.0085425729962474e-09 646.5989279933247 72.22668239931787 -24.405442955340074 66.3561312911131 0.0 7495.486403452392
284.0 -4884.159981524546 1229.4101224106946 4135.516405478154 165.87138026675095 39.57425051423863 147.32149146181462 7097.783283939575 -2269.8174525347736 -11.35844129570728 7451.894244270526 2.0105179479187656e-09 646.4904831693476 72.15685188751416 -24.389067215439457 66.3642923755109 0.0 7495.546221523665
285.0 -4887.2778432674095 1222.875855981557 4133.751991820146 165.95210103028003 39.55423872321555 147.30278901211545 7095.548953123084 -2276.8509198881957 -11.399280192362994 7451.912170788833 2.0125024394538e-09 646.3815671415409 72.08683369854661 -24.3726365336028 66.37248084100901 0.0 7495.605998995228
286.0 -4890.389653818798 1216.3402970580546 4131.981616848068 166.03277336376877 39.534164931680856 147.28402406257274 7093.309910538339 -2283.875413908021 -11.440122042484063 7451.930170740148 2.014496094837819e-09 646.2721751560656 72.01662788844456 -24.35615094371609 66.38069667071987 0.0 7495.665735908888
287.0 -4893.4954088550385 1209.803454113092 4130.205283074454 166.11339718054452 39.51402921751788 147.26519665190975 7091.066182804923 -2290.8909206749277 -11.480966816774298 7451.948244046616 2.016498961881664e-09 646.1623023790916 71.94623450382875 -24.33961047979892 66.38893984768933 0.0 7495.7254323070265
288.0 -4896.595104059634 1203.2653356209037 4128.422993020329 166.1939723946067 39.493831658730194 147.24630681900192 7088.81779654391 -2297.8974264037524 -11.521814485968662 7451.966390630039 2.0185110889741186e-09 646.0519438962389 71.87565358182535 -24.323015176004574 66.39721035489663 0.0 7495.7850882326
289.0 -4899.688735123279 1196.725950057046 4126.634749215205 166.27449892062654 39.473572333440465 147.22735460287566 7086.564778377266 -2304.89491744328 -11.562665020830991 7451.984610411878 2.0205325250856114e-09 645.9410947120122 71.80488514997468 -24.30636506661896 66.40550817525485 0.0 7495.844703729124
290.0 -4902.776297743862 1190.185305898386 4124.840554197081 166.35497667394628 39.45325131988938 147.20834004271356 7084.307154927272 -2311.8833802760037 -11.603518392167416 7452.002903313257 2.022563319771234e-09 645.8297497492727 71.73392922616414 -24.289660186065184 66.4138332916088 0.0 7495.904278840681
291.0 -4905.857787626476 1183.6434116230912 4123.040410512435 166.43540557057878 39.43286869643439 147.1892631778461 7082.044952815926 -2318.8628015179174 -11.64437457080794 7452.021269254953 2.0246035231751975e-09 645.7179038486322 71.66278581851097 -24.272900568896315 66.4221856867384 0.0 7495.963813611891
292.0 -4908.933200483418 1177.1002757106196 4121.234320716226 166.5157855272071 39.41242454154855 147.17012404775946 7079.778198664366 -2325.833167918277 -11.685233527618493 7452.039708157399 2.026653186033573e-09 645.6055517679392 71.59145492530428 -24.256086249802166 66.43056534335555 0.0 7496.023308087925
293.0 -4912.0025320342 1170.5559066417095 4119.422287371888 166.59611646118364 39.39191893381946 147.15092269208864 7077.506919092286 -2332.794466359368 -11.726095233499336 7452.058219940683 2.028712359678598e-09 645.4926881816806 71.51993653489319 -24.239217263603326 66.43897224410686 0.0 7496.0827623144805
294.0 -4915.065778005551 1164.0103128983692 4117.604313051328 166.67639829052982 39.3713519519481 147.13165915062046 7075.231140717363 -2339.7466838562664 -11.766959659387567 7452.076804524544 2.0307810960419265e-09 645.3793076804405 71.44823062561117 -24.222293645253746 66.44740637157257 0.0 7496.142176337783
295.0 -4918.122934131425 1157.4635029638675 4115.780400334922 166.75663093393538 39.35072367474751 147.11233346329328 7072.950890154676 -2346.689807556607 -11.80782677625075 7452.095461828375 2.032859447658234e-09 645.2654047703418 71.3763371656884 -24.20531542984051 66.4558677082665 0.0 7496.201550204579
296.0 -4921.173996153007 1150.9154853227226 4113.950551811513 166.83681431075772 39.330034181142 147.09294567019492 7070.666194016132 -2353.6238247403335 -11.848696555091237 7452.114191771215 2.034947467669001e-09 645.1509738724733 71.30425611315746 -24.188282652582018 66.46435623663706 0.0 7496.260883962122
297.0 -4924.218959818717 1144.366268460692 4112.114770078405 166.91694834102142 39.30928355016559 147.07349581156322 7068.377078909907 -2360.5487228194543 -11.889568966946854 7452.132994271756 2.0370452098260275e-09 645.0360093223375 71.23198741576867 -24.171195348828448 66.47287193906699 0.0 7496.320177658166
298.0 -4927.257820884222 1137.8158608647634 4110.273057741367 166.99703294541743 39.28847186096112 147.05398392779077 7066.083571439864 -2367.4644893377886 -11.930443982894758 7452.151869248332 2.0391527284944878e-09 644.9205053693186 71.1595310109211 -24.154053554065953 66.48141479787125 0.0 7496.379431340969
299.0 -4930.2905751124335 1131.2642710231441 4108.425417414619 167.0770680453025 39.26759919277907 147.03441005941457 7063.785698205 -2374.371111970721 -11.971321574039848 7452.170816618926 2.0412700786576086e-09 644.8044561760645 71.08688682553746 -24.13685730390754 66.48998479530161 0.0 7496.438645059264
300.0 -4933.317218273517 1124.7115074252495 4106.571851720839 167.15705356269848 39.24666562497649 147.01477424712294 7061.483485798879 -2381.268578524936 -12.012201711530452 7452.189836301167 2.043397315919491e-09 644.6878558179704 71.01405477600325 -24.119606634099167 66.49858191354353 0.0 7496.497818862272
301.0 -4936.3377461449 1118.1575785616951 4104.7123632911525 167.23698942029165 39.2256712370156 146.99507653175573 7059.176960809072 -2388.156876938163 -12.053084366547864 7452.208928212319 2.045534496459091e-09 644.5706983062704 70.94103476993995 -24.102301580519892 66.50720613471618 0.0 7496.556952799678
302.0 -4939.3521545112735 1111.6024929242842 4102.846954765136 167.31687554143204 39.20461610846302 146.97531695429888 7056.86614981661 -2395.0359952789177 -12.093969510310217 7452.228092269298 2.0476816710381653e-09 644.4529804490063 70.8678269310788 -24.084942179177148 66.51585744087475 0.0 7496.616046921644
303.0 -4942.360439164603 1105.046259006 4100.975628790807 167.39671185013262 39.18350031898838 146.95549555588724 7054.551079395461 -2401.90592174624 -12.134857114071792 7452.247328388699 2.0498388791293754e-09 644.3347046542788 70.79443181962291 -24.067528466209172 66.52453581400923 0.0 7496.675101278817
304.0 -4945.36259590413 1098.4888853009934 4099.098388024624 167.4764982710686 39.16232394836324 146.93561237780912 7052.231776111992 -2408.7666446694325 -12.175747149127801 7452.2666364868055 2.0520061591388228e-09 644.215874052689 70.72085004873792 -24.050060477889026 66.5332412360424 0.0 7496.734115922357
305.0 -4948.358620536378 1091.930380304574 4097.215235131486 167.55623472957674 39.14108707646006 146.91566746149283 7049.908266524429 -2415.618152507791 -12.216639586809379 7452.286016479603 2.0541835497476544e-09 644.0964918588488 70.64708223426658 -24.03253825061276 66.54197368883578 0.0 7496.7930909039105
306.0 -4951.348508875163 1085.3707525131988 4095.3261727847234 167.6359211516546 39.119789783250994 146.89566084852396 7047.580577182306 -2422.460433850336 -12.257534398479265 7452.305468282763 2.0563710899113036e-09 643.9765613720829 70.57312899479702 -24.014961820914603 66.55073315418204 0.0 7496.852026275628
307.0 -4954.332256741596 1078.8100104244638 4093.4312036660995 167.71555746395958 39.09843214880677 146.87559258062953 7045.248734625939 -2429.293477415519 -12.298431555545449 7452.324991811663 2.0585688188623504e-09 643.856085976932 70.49899095160823 -23.99733122545304 66.55951961381184 0.0 7496.910922090137
308.0 -4957.309859964085 1072.2481625370917 4091.5303304658046 167.7951435938083 39.07701425329563 146.85546269968268 7042.912765385866 -2436.1172720509503 -12.339331029456844 7452.344586981362 2.0607767761111416e-09 643.7350691437804 70.42466872869194 -23.97964650101492 66.56833304939198 0.0 7496.969778400544
309.0 -4960.281314378349 1065.6852173509228 4089.623555882454 167.87467946917573 39.055536176982145 146.8352712477101 7040.572695982328 -2442.9318067331196 -12.38023279169147 7452.364253706617 2.062995001446098e-09 643.6135144294976 70.35016295278402 -23.961907684521996 66.57717344252195 0.0 7497.028595260426
310.0 -4963.2466158274165 1059.1211833669047 4087.710882623085 167.95416501869437 39.03399800022612 146.81501826687972 7038.228552924736 -2449.7370705670983 -12.421136813774865 7452.383991901883 2.0652235349361915e-09 643.491425477963 70.27547425332344 -23.944114813020107 66.58604077473946 0.0 7497.087372723825
311.0 -4966.205760161636 1052.5560690870825 4085.7923134031525 168.03360017165352 39.01239980348152 146.79470379951061 7035.880362711131 -2456.5330527862607 -12.46204306726213 7452.403801481299 2.0674624169309807e-09 643.3688060207229 70.20060326249286 -23.92626792368786 66.59493502751596 0.0 7497.146110845245
312.0 -4969.158743238683 1045.9898830145876 4083.867850946526 168.1129848579981 38.99074166729531 146.77432788806385 7033.528151827669 -2463.319742751978 -12.502951523759293 7452.423682358702 2.069711688062737e-09 643.245659877533 70.12555061518931 -23.908367053828623 66.60385618226084 0.0 7497.20480967963
313.0 -4972.105560923559 1039.4226336536278 4081.9374979854856 168.19231900832827 38.96902367230641 146.75389057515002 7031.171946748087 -2470.097129953339 -12.543862154898306 7452.443634447614 2.0719713892467367e-09 643.1219909569998 70.05031694905591 -23.890412240877126 66.61280422031793 0.0 7497.263469282376
314.0 -4975.046209088601 1032.8543295094778 4080.0012572607206 168.27160255389808 38.94724589924454 146.7333919035229 7028.811773933193 -2476.86520400683 -12.5847749323666 7452.463657661255 2.074241561683081e-09 642.9978032571406 69.97490290446275 -23.872403522393867 66.62177912296843 0.0 7497.322089709312
315.0 -4977.980683613492 1026.2849790884684 4078.059131521326 168.35083542661488 38.92540842892911 146.71283191608313 7026.447659830337 -2483.6239546560573 -12.625689827876613 7452.483751912529 2.0765222468573953e-09 642.8731008660012 69.89930912452485 -23.854340936068432 66.6307808714292 0.0 7497.380671016697
316.0 -4980.908980385258 1019.7145908979758 4076.1111235247963 168.4300175590383 38.90351134226816 146.6922106558762 7024.0796308729105 -2490.3733717714235 -12.666606813191038 7452.503917114036 2.0788134865421855e-09 642.7478879622396 69.82353625509835 -23.836224519717582 66.6398094468537 0.0 7497.439213261217
317.0 -4983.831095298282 1013.1431734464124 4074.157236037025 168.5091488843794 38.881554720257284 146.67152816609388 7021.707713479818 -2497.1134453498335 -12.707525860104624 7452.524153178061 2.0811153227977765e-09 642.6221688157302 69.74758494479023 -23.818054311286623 66.64886483033136 0.0 7497.497716499969
318.0 -4986.747024254301 1006.5707352432161 4072.1974718323004 168.58822933649958 38.859538643978446 146.65078449006916 7019.331934054982 -2503.8441655143715 -12.748446940462145 7452.54446001658 2.083427797973986e-09 642.4959477881287 69.67145584494398 -23.799830348844946 66.65794700288976 0.0 7497.556180790462
319.0 -4989.656763162423 999.9972847988399 4070.2318336933013 168.66725884990976 38.83746319459904 146.62997967128317 7016.952318986832 -2510.565522514001 -12.789370026145207 7452.5648375412575 2.085750954710474e-09 642.3692293335088 69.5951496096688 -23.78155267059207 66.6670559454916 0.0 7497.61460619061
320.0 -4992.560307939122 993.422830624742 4068.260324411095 168.7462373597694 38.81532845337058 146.6091137533593 7014.5688946477985 -2517.277506723243 -12.83029508907498 7452.585285663446 2.0880848359384945e-09 642.2420179989202 69.51866689582216 -23.763221314852508 66.67619163903731 0.0 7497.672992758718
321.0 -4995.457654508251 986.8473812333752 4066.282946785134 168.8251648018856 38.7931345016279 146.58818678006438 7012.181687393814 -2523.980108641864 -12.871222101211288 7452.605804294182 2.0904294848818793e-09 642.1143184249903 69.44200836301816 -23.744836320076736 66.68535406436459 0.0 7497.731340553481
322.0 -4998.348798801041 980.2709451381772 4064.2997036232496 168.90404111271187 38.770881420787774 146.5671987953079 7009.790723563827 -2530.6733188945445 -12.912151034564658 7452.626393344197 2.0927849450582173e-09 641.9861353465125 69.365174673629 -23.726397724840634 66.69454320224854 0.0 7497.789649633979
323.0 -5001.233736756115 973.69353085356 4062.3105977416544 168.9828662293474 38.748569292348094 146.54614984314657 7007.39602947929 -2537.357128230566 -12.953081861179953 7452.6470527239035 2.0951512602794493e-09 641.8574735930664 69.28816649280533 -23.707905567849398 66.7037590333999 0.0 7497.847920059665
324.0 -5004.112464319487 967.1151468948997 4060.315631964932 169.06164008953587 38.72619819788659 146.52503996777418 7004.9976314436835 -2544.0315275234816 -12.99401455315001 7452.667782343398 2.0975284746541118e-09 641.7283380895494 69.2109844884433 -23.689359887928614 66.71300153846937 0.0 7497.906151890364
325.0 -5006.984977444572 960.5358017785264 4058.314809126038 169.14036263166452 38.703768219059945 146.50386921353171 7002.595555742022 -2550.696507770789 -13.034949082604726 7452.6885821124715 2.099916632587284e-09 641.5987338568287 69.13362933122553 -23.67076072403323 66.72227069804323 0.0 7497.964345186254
326.0 -5009.851272092187 953.955504021714 4056.308132066296 169.21903379476305 38.6812794376026 146.4826376249008 7000.189828640368 -2557.352060093597 -13.07588542172266 7452.709451940589 2.1023157787824316e-09 641.4686660122937 69.05610169460124 -23.652108115241724 66.73156649264612 0.0 7498.022500007877
327.0 -5012.711344230564 947.3742621426697 4054.295603635392 169.2976535185026 38.658731935325626 146.46134524650336 6997.780476385355 -2563.998175736299 -13.116823542717611 7452.730391736908 2.1047259582425318e-09 641.338139770444 68.9784022547887 -23.633402100755838 66.7408889027413 0.0 7498.080616416118
328.0 -5015.565189835347 940.7920846605244 4052.2772266913753 169.37622174319475 38.63612579411588 146.43999212310766 6995.367525203704 -2570.6348460662293 -13.157763417853403 7452.751401410267 2.1071472162704785e-09 641.2071604435164 68.90053169080149 -23.61464271990589 66.75023790872795 0.0 7498.138694472206
329.0 -5018.412804889606 934.2089800953215 4050.2530041006485 169.4547384097902 38.61346109593475 146.41857829961972 6992.951001301751 -2577.2620625733284 -13.19870501943501 7452.772480869188 2.1095795984711485e-09 641.075733442022 68.822490684421 -23.595830012143217 66.75961349094496 0.0 7498.196734237705
330.0 -5021.254185383835 927.6249569680076 4048.2229387379693 169.53320345987802 38.590737922817134 146.397103821086 6990.530930864978 -2583.879816869806 -13.239648319813114 7452.793630021883 2.112023150752179e-09 640.9438642753515 68.74427992020996 -23.57696401704251 66.76901562966964 0.0 7498.2547357745025
331.0 -5024.0893273159645 921.0400238004217 4046.1870334864466 169.61161683568426 38.56795635687044 146.37556873269776 6988.107340057532 -2590.4881006897913 -13.280593291379773 7452.8148487762355 2.114477919324555e-09 640.8115585523894 68.66590008553243 -23.558044774305692 66.77844430511604 0.0 7498.312699144811
332.0 -5026.918226691361 914.4541891152854 4044.1452912375335 169.6899784800711 38.545116480273535 146.35397307978198 6985.68025502177 -2597.086905888998 -13.321539906571616 7452.836137039817 2.116943950704722e-09 640.6788219820468 68.58735187052461 -23.539072323753942 66.78789949743867 0.0 7498.3706244111545
333.0 -5029.74087952284 907.8674614361923 4042.0977148910274 169.7682883365354 38.522218375275585 146.33231690780912 6983.2497018777885 -2603.6762244443635 -13.362488137874152 7452.857494719882 2.119421291714784e-09 640.5456603738944 68.50863596812667 -23.52004670533445 66.7973811867293 0.0 7498.428511636365
334.0 -5032.557281830663 901.2798492875979 4040.044307355065 169.84654634920784 38.49926212419516 146.31060026238882 6980.8157067229695 -2610.256048453713 -13.403437957814958 7452.8789217233625 2.121909989484064e-09 640.412079638724 68.42975307407127 -23.50096795911671 66.8068893530187 0.0 7498.486360883577
335.0 -5035.36742964255 894.6913611948094 4037.9850715461184 169.92475246285173 38.476247809419064 146.28882318926998 6978.378295631517 -2616.8263701354012 -13.444389338964356 7452.900417956875 2.1244100914501745e-09 640.2780857891328 68.35070388688736 -23.48183612529254 66.81642397627671 0.0 7498.544172216212
336.0 -5038.171318993681 888.1020056839752 4035.9200103889916 170.00290662286167 38.45317551340142 146.26698573434004 6975.937494654009 -2623.387181827955 -13.485342253943372 7452.921983326713 2.126921645360165e-09 640.1436849401041 68.27148910790156 -23.46265124417549 66.8259850364125 0.0 7498.6019456979875
337.0 -5040.9689459267065 881.5117912820754 4033.8491268168186 170.08100877526266 38.43004531866244 146.2450879436282 6973.49332981694 -2629.938475989725 -13.526296675415779 7452.94361773885 2.1294446992712236e-09 640.008883309611 68.19210944125348 -23.44341335620362 66.83557251327318 0.0 7498.659681392895
338.0 -5043.760306491747 874.9207265169109 4031.772423771057 170.1590588667086 38.4068573077876 146.2231298632992 6971.045827122279 -2636.4802451985197 -13.567252576093551 7452.965321098942 2.131979301552454e-09 639.8736872191615 68.11256559387705 -23.4241225019341 66.84518638664652 0.0 7498.717379365203
339.0 -5046.545396746401 868.3288199170934 4029.6899042014884 170.23705684448132 38.38361156342653 146.20111153965652 6968.595012547021 -2643.012482151252 -13.60820992873414 7452.987093312318 2.1345255008855716e-09 639.7381030943997 68.03285827551578 -23.404778722045982 66.8548266362595 0.0 7498.775039679441
340.0 -5049.324212755756 861.736080012035 4027.60157106621 170.31500265648933 38.36030816829195 146.17903301914572 6966.140912042745 -2649.5351796635696 -13.6491687061432 7453.008934283989 2.1370833462655803e-09 639.6021374657081 67.95298819873838 -23.385382057343108 66.86449324177696 0.0 7498.832662400406
341.0 -5052.096750592384 855.1425153319382 4025.507427331634 170.3928962512666 38.33694720515861 146.1568943483443 6963.6835515351795 -2656.048330669501 -13.690128881169358 7453.030843918643 2.1396528870029948e-09 639.4657969687265 67.87295607890617 -23.365932548745278 66.87418618280594 0.0 7498.890247593143
342.0 -5054.863006336355 848.5481344077856 4023.407475972484 170.47073757797125 38.31352875686243 146.13469557397346 6961.222956923766 -2662.5519282210735 -13.731090426713308 7453.052822120646 2.1422341727235394e-09 639.3290883450026 67.79276263421876 -23.346430237298478 66.88390543889057 0.0 7498.947795322945
343.0 -5057.622976075241 841.9529457713295 4021.3017199717897 170.54852658638444 38.29005290629935 146.11243674288505 6958.759154081218 -2669.0459654879587 -13.77205331572145 7453.074868794036 2.1448272533707054e-09 639.1920184424924 67.71240858567106 -23.326875164163546 66.89365098951775 0.0 7499.005305655344
344.0 -5060.37665590412 835.3569579550817 4019.1901623208855 170.626263226909 38.266519736424314 146.09011790207285 6956.292168853107 -2675.5304357570935 -13.813017521190886 7453.096983842533 2.147432179205499e-09 639.054594216206 67.6318946570972 -23.307267370625965 66.9034228141123 0.0 7499.062778656106
345.0 -5063.12404192558 828.7601794923039 4017.072806019405 170.7039474505683 38.24292933025028 146.0677390986644 6953.822027057421 -2682.0053324323153 -13.853983016160555 7453.119167169526 2.1500490008084277e-09 638.9168227287356 67.55122157514495 -23.287606898088725 66.91322089204041 0.0 7499.120214391223
346.0 -5065.865130249729 822.1626189169964 4014.9496540752775 170.78157920900486 38.21928177084728 146.04530037992495 6951.348754484151 -2688.4706490339786 -13.89494977372442 7453.141418678084 2.1526777690800865e-09 638.7787111508553 67.47039006929353 -23.267893788075845 66.92304520260802 0.0 7499.177612926905
347.0 -5068.5999169942 815.5642847638886 4012.820709504726 170.85915845447911 38.19557714134133 146.02280179325516 6948.872376894873 -2694.9263791985823 -13.935917767024648 7453.163738270949 2.15531853524247e-09 638.640266762082 67.38940087184845 -23.248128082230245 66.93289572506178 0.0 7499.234974329578
348.0 -5071.328398284149 808.9651855684285 4010.6859753322615 170.93668513986816 38.17181552491342 146.0002433861904 6946.392920022322 -2701.372516678393 -13.976886969252519 7453.186125850538 2.1579713508400802e-09 638.5014969512456 67.30825471794321 -23.22830982231323 66.94277243858934 0.0 7499.29229866587
349.0 -5074.050570252274 802.3653298667725 4008.5454545906796 171.0141592186644 38.14799700479862 145.97762520640205 6943.91040956999 -2707.8090553410702 -14.017857353645695 7453.208581318945 2.160636257344297e-09 638.3624070041576 67.22695237519642 -23.2084390502056 66.9526753223188 0.0 7499.3495860026205
350.0 -5076.766429038809 795.7647261957754 4006.399150321059 171.09158064497427 38.124121664284914 145.95494730169838 6941.4248712118 -2714.2359891693122 -14.058828893493455 7453.231104578035 2.1633132532631765e-09 638.2229931032656 67.14549473751879 -23.18851580790838 66.96260435531835 0.0 7499.4068364069535
351.0 -5079.475970791535 789.1633830929795 4004.247065572755 171.16894937351688 38.100189586712396 145.93220972001924 6938.936330591772 -2720.6533122605033 -14.099801562139419 7453.253695529526 2.1660023254032357e-09 638.0832489819564 67.06388273594881 -23.16854013753823 66.97255951659857 0.0 7499.464049946365
352.0 -5082.179191665782 782.5613090966048 4002.0892034033977 171.2462653596227 38.07620085547215 145.90941250944044 6936.444813323642 -2727.0610188263427 -14.140775332974044 7453.2763540750075 2.168703459867697e-09 637.9431682660355 66.98211730730767 -23.148512081331223 66.98254078511046 0.0 7499.521226688721
353.0 -5084.876087824439 775.9585127455377 3999.925566878885 171.32352855923227 38.05215555400532 145.88655571817117 6933.950344990448 -2733.459103192453 -14.181750179436676 7453.299080115931 2.1714166420524616e-09 637.8027444731414 66.9001993942089 -23.128431681640635 66.9925481397467 0.0 7499.578366702264
354.0 -5087.56665543796 769.3550025793219 3997.7561590733853 171.40073892889487 38.02805376580205 145.86363939455663 6931.452951144147 -2739.8475597979987 -14.222726075015316 7453.3218735536275 2.1741418566414673e-09 637.661971012192 66.81812994508644 -23.10829898093923 67.00258155934037 0.0 7499.635470055602
355.0 -5090.250890684361 762.7507871381466 3995.580983069326 171.47789642576691 38.00389557440069 145.84066358707076 6928.952657305216 -2746.2263831952914 -14.263702993252764 7453.344734289297 2.1768790876032226e-09 637.5208411827693 66.73590991418708 -23.088114021812864 67.01264102266819 0.0 7499.692536817707
356.0 -5092.928789749238 756.1458749628371 3993.4000419573945 171.55500100761097 37.97968106338659 145.81762834432513 6926.4494889622665 -2752.595568049406 -14.304680907738657 7453.367662224019 2.1796283181854348e-09 637.3793481746064 66.65354026162098 -23.067876846968304 67.02272650844665 0.0 7499.749567057911
357.0 -5095.60034882576 749.5402745948439 3991.2133388365323 171.63205263279406 37.95541031639129 145.79453371505997 6923.943471571655 -2758.9551091377843 -14.345659792112428 7453.390657258756 2.182389530911754e-09 637.2374850669635 66.57102195334805 -23.04758749922535 67.03283799533587 0.0 7499.806560845906
358.0 -5098.265564114688 742.9339945762324 3989.0208768139337 171.7090512602865 37.931083417091436 145.7713797481535 6921.4346305571025 -2765.305001349847 -14.386639620061715 7453.413719294346 2.1851627075763672e-09 637.0952448281196 66.48835596122979 -23.027246021525038 67.04297546193558 0.0 7499.8635182517355
359.0 -5100.9244318243655 736.327043449672 3986.8226590050394 171.78599684966034 37.90670044920793 145.74816649261024 6918.922991309307 -2771.6452396865984 -14.42762036532281 7453.436848231513 2.187947829241084e-09 636.9526203147351 66.40554326300591 -23.006852456919365 67.05313888679021 0.0 7499.920439345791
360.0 -5103.57694817074 729.7194297584272 3984.6186885335323 171.86288936108807 37.882261496504874 145.7248939975712 6916.408579185581 -2777.975819260223 -14.46860200168635 7453.460043970875 2.1907448762298357e-09 636.8096042713506 66.32258484234897 -22.986406848580224 67.0633282483844 0.0 7499.977324198818
361.0 -5106.223109377355 723.1111620463447 3982.4089685313365 171.93972875534115 37.85776664278872 145.70156231230382 6913.891419509466 -2784.2967352937026 -14.509584502981397 7453.483306412931 2.1935538281255935e-09 636.6661893297616 66.23948168884688 -22.965909239790587 67.07354352514749 0.0 7500.034172881895
362.0 -5108.862911675364 716.5022488578453 3980.1935021386116 172.01651499378863 37.833215971907144 145.67817148621216 6911.371537570369 -2790.6079831204 -14.550567843098179 7453.506635458082 2.196374663764868e-09 636.5223680085194 66.15623479805751 -22.945359673953458 67.08378469544895 0.0 7500.090985466453
363.0 -5111.49635130353 709.8926987379124 3977.9722925037468 172.09324803839564 37.808609567748206 145.6547215688275 6908.848958623184 -2796.909558183672 -14.591551995968075 7453.530031006617 2.1992073612345734e-09 636.3781327123131 66.07284517149328 -22.924758194583603 67.09405173760261 0.0 7500.1477620242495
364.0 -5114.123424508237 703.2825202320812 3975.7453427833607 172.1699278517221 37.78394751423948 145.63121260981217 6906.323707887943 -2803.2014560364646 -14.63253693556885 7453.553492958724 2.202051897867307e-09 636.2334757314329 65.98931381665281 -22.904104845310894 67.10434462986485 0.0 7500.204502627379
365.0 -5116.744127543491 696.6717218864289 3973.5126561422953 172.24655439692108 37.759229895346905 145.60764465895832 6903.795810549443 -2809.4836723409057 -14.673522635932613 7453.5770212144935 2.2049082502372373e-09 636.088389241206 65.905641747035 -22.883399669879314 67.11466335043526 0.0 7500.26120734827
366.0 -5119.35845667093 690.0603122475641 3971.274235753613 172.32312763773754 37.73445679507406 145.58401776619 6901.265291756893 -2815.7562028679044 -14.714509071134671 7453.6006156739195 2.207776394155625e-09 635.9428653014502 65.82182998216396 -22.862642712148656 67.12500787745569 0.0 7500.31787625967
367.0 -5121.966408159823 683.4482998626163 3969.0300847985923 172.39964753850677 37.70962829746097 145.56033198155976 6898.732176623556 -2822.0190434967462 -14.755496215297853 7453.6242762369 2.210656304666976e-09 635.7968958559002 65.73787954759527 -22.841834016091674 67.13537818901166 0.0 7500.374509434656
368.0 -5124.567978287081 676.8356932792256 3966.7802064667226 172.47611406415288 37.6847444865835 145.5365873552484 6896.196490226404 -2828.2721902146814 -14.796484042595239 7453.648002803241 2.213547956044866e-09 635.6504727316485 65.6537914749326 -22.82097362579373 67.14577426313262 0.0 7500.431106946625
369.0 -5127.163163337263 670.2225010455317 3964.524603955702 172.5525271801874 37.65980544655215 145.51278393756644 6893.658257605759 -2834.515639116519 -14.837472527246746 7453.671795272662 2.2164513217875326e-09 635.5035876386049 65.56956680185102 -22.80006158545418 67.1561960777912 0.0 7500.487668869288
370.0 -5129.751959602575 663.608731710164 3962.2632804714326 172.62888685270772 37.63481126151122 145.48892177895388 6891.117503764958 -2840.7493864042226 -14.878461643518904 7453.6956535448 2.2193663746136922e-09 635.3562321689403 65.48520657211388 -22.779097939386133 67.1666436109033 0.0 7500.54419527668
371.0 -5132.334363382882 656.9943938222312 3959.996239228017 172.70519304839573 37.609762015637905 145.46500092997658 6888.574253670001 -2846.973428386491 -14.919451365722807 7453.719577519199 2.222293086458785e-09 635.2083977965161 65.40071183557757 -22.758082732013257 67.17711684032975 0.0 7500.600686243133
372.0 -5134.910370985711 650.37949593131 3957.723483447753 172.7814457345161 37.58465779314142 145.44102144133043 6886.028532249217 -2853.1877614783534 -14.960441668218664 7453.743567095335 2.2252314284702735e-09 635.0600758763601 65.316083648224 -22.737016007873468 67.18761574387446 0.0 7500.657141843298
373.0 -5137.479978726256 643.7640465874357 3955.445016361131 172.857644878915 37.55949867826191 145.41698336383746 6883.480364392926 -2859.392382200749 -15.001432525413065 7453.767622172593 2.228181371003931e-09 634.9112576440948 65.23132307216439 -22.715897811615488 67.1981402992861 0.0 7500.713562152125
374.0 -5140.043182927387 637.1480543410908 3953.160841206828 172.93379045001848 37.53428475526977 145.392886748448 6880.929774953106 -2865.5872871801207 -15.042423911757169 7453.791742650292 2.231142883619405e-09 634.7619342154051 65.14643117566453 -22.694728188000777 67.20869048425713 0.0 7500.7699472448685
375.0 -5142.599979919648 630.5315277431953 3950.8709612317075 173.0098824168308 37.50901610846452 145.3687316462393 6878.376788743066 -2871.772473147993 -15.08341580175238 7453.815928427678 2.234115935076224e-09 634.6120965854847 65.06140903315705 -22.673507181902256 67.21926627642452 0.0 7500.826297197083
376.0 -5145.150366041269 623.914475345096 3948.575379690811 173.0859207489332 37.48369282217411 145.34451810841287 6875.821430537111 -2877.9479369405626 -15.124408169941262 7453.8401794039255 2.2371004933299623e-09 634.4617356284759 64.97625772524981 -22.652234838302068 67.22986765337075 0.0 7500.882612084616
377.0 -5147.694337638171 617.2969056985554 3946.2740998473564 173.16190541648217 37.458314980753734 145.32024618630064 6873.263725070227 -2884.113675498278 -15.165400990909347 7453.864495478145 2.240096525527342e-09 634.3108420969664 64.89097833876457 -22.630911202296886 67.24049459262127 0.0 7500.938891983611
378.0 -5150.23189106397 610.6788273557418 3943.9671249727335 173.23783639020792 37.43288266858526 145.2959159313573 6870.703697037753 -2890.2696858654162 -15.206394239295605 7453.88887654938 2.2431039980030366e-09 634.159406621402 64.80557196672757 -22.60953631909127 67.25114707164772 0.0 7500.995136970501
379.0 -5152.763022679978 604.0602488692189 3941.6544583464993 173.3137136414128 37.40739597007613 145.27152739516413 6868.141371095069 -2896.415965189668 -15.247387889778565 7453.913322516617 2.2461228762750797e-09 634.0074197095687 64.72003970839974 -22.588110234000936 67.26182506786638 0.0 7501.051347122005
380.0 -5155.287728855218 597.4411787919348 3939.3361032563744 173.38953714196984 37.38185496965852 145.24708062942676 6865.576771857276 -2902.5525107217213 -15.288381917080414 7453.937833278782 2.249153125041009e-09 633.8548717460453 64.63438266928665 -22.566632992450923 67.27252855863902 0.0 7501.107522515127
381.0 -5157.806005966423 590.8216256772123 3937.0120629982384 173.46530686432115 37.3562597517884 145.22257568597746 6863.009923898887 -2908.679319814832 -15.329376295970405 7453.9624087347465 2.2521947081734966e-09 633.7017529916784 64.54860196116287 -22.545104639977467 67.28325752127202 0.0 7501.163663227154
382.0 -5160.317850398041 584.2015980787372 3934.6823408761284 173.54102278147627 37.33061040094473 145.19801261677267 6860.440851753518 -2914.796389924407 -15.37037100126122 7453.987048783329 2.2552475887165402e-09 633.5480535830341 64.46269870208066 -22.523525222225913 67.29401193301734 0.0 7501.21976933565
383.0 -5162.823258542243 577.5811045505491 3932.34694020223 173.6166848670107 37.304907001628564 145.1733914738924 6857.869579913583 -2920.9037186075793 -15.411366007807146 7454.0117533233015 2.258311728881464e-09 633.3937635318615 64.37667401638468 -22.50189478495016 67.3047917710729 0.0 7501.275840918456
384.0 -5165.322226798927 570.9601536470298 3930.005864296877 173.69229309506417 37.27914963836218 145.14871230954094 6855.29613282999 -2927.001303522781 -15.452361290511135 7454.036522253384 2.2613870900427452e-09 633.2388727245647 64.29052903473139 -22.480213374013314 67.31559701258216 0.0 7501.3318780536865
385.0 -5167.814751575725 564.3387539228938 3927.6591164885467 173.7678474403393 37.25333839568814 145.12397517604637 6852.720534911845 -2933.0891424293286 -15.493356824312741 7454.061355472262 2.2644736327340197e-09 633.0833709216715 64.20426489410396 -22.458481035387194 67.32642763463438 0.0 7501.387880819727
386.0 -5170.300829288006 557.7169139331769 3925.306700113854 173.84334787809962 37.22747335816849 145.09918012586144 6850.142810526151 -2939.1672331869813 -15.534352584201088 7454.086252878574 2.2675713166439086e-09 632.9272477573097 64.11788273783203 -22.436697815153174 67.33728361426428 0.0 7501.443849295235
387.0 -5172.780456358883 551.094642233226 3922.9486185175488 173.9187943841684 37.20155461038386 145.0743272115572 6847.5629839975145 -2945.23557375553 -15.575348545203497 7454.111214370921 2.2706801006127716e-09 632.7704927386412 64.03138371558643 -22.414863759496562 67.34816492845472 0.0 7501.49978355912
388.0 -5175.253629219219 544.4719473786887 3920.584875052512 173.99418693492666 37.17558223693263 145.04941648583255 6844.981079607859 -2951.29416219436 -15.616344682391173 7454.136239847869 2.2737999426274853e-09 632.6130952453964 63.94476898342845 -22.39297891471496 67.35907155413267 0.0 7501.555683690569
389.0 -5177.72034430763 537.8488379255028 3918.215473079748 174.06952550731188 37.149556322430016 145.02444800150698 6842.3971215961365 -2957.342996662029 -15.657340970873747 7454.1613292079555 2.2769307998183228e-09 632.455044529306 63.85803970380157 -22.371043327211932 67.3700034681722 0.0 7501.6115497690225
390.0 -5180.18059807049 531.2253224298854 3915.840415968387 174.14481007881602 37.12347695150733 144.99942181152036 6839.811134158041 -2963.3820754158323 -15.698337385809737 7454.186482349689 2.2800726284553824e-09 632.2963297136153 63.77119704554525 -22.3490570434968 67.38096064739476 0.0 7501.667381874178
391.0 -5182.634386961943 524.6014094483229 3913.4597070956734 174.22004062748425 37.097344208810966 144.97433796893665 6837.223141445703 -2969.4113968113707 -15.739333902391763 7454.211699171522 2.2832254198998165e-09 632.136943038283 63.68424204968721 -22.327020110187885 67.39194306856741 0.0 7501.723180085965
392.0 -5185.081707443899 517.9771075375602 3911.0733498469663 174.2952171319131 37.07115817900173 144.94919652693835 6834.633167567157 -2975.430959301995 -15.780330495858834 7454.2369795715795 2.2863892998129627e-09 631.9768888152682 63.597175259040384 -22.30493257400768 67.40295070840537 0.0 7501.778944484254
393.0 -5187.522555986047 511.35242525459074 3908.6813476157354 174.37033957124882 37.04491894675387 144.92399753883203 6832.041236585818 -2981.4407614382767 -15.821327141483607 7454.262323447388 2.2895644268591433e-09 631.8161742844393 63.509997096404206 -22.28279448178764 67.41398354356949 0.0 7501.834675148587
394.0 -5189.956929065853 504.7273711566464 3906.2837038035536 174.44540792518583 37.01862659675427 144.89874105804367 6829.447372520183 -2987.4408018675495 -15.862323814590127 7454.287730695848 2.292750961621855e-09 631.6548068074205 63.42270798060019 -22.260605880464162 67.42504155066833 0.0 7501.890372158153
395.0 -5192.384823168571 498.1019538011876 3903.8804218200967 174.52042217396504 36.99228121370163 144.8734271381183 6826.851599343552 -2993.43107933348 -15.903320490537453 7454.313201213231 2.295949066611464e-09 631.492793868124 63.33530832644343 -22.23836681707821 67.43612470625837 0.0 7501.946035591757
396.0 -5194.806234787244 491.4761817458933 3901.4715050831364 174.59538229837207 36.965882882305685 144.84805583272222 6824.25394098376 -2999.4115926756203 -15.944317144731485 7454.338734895168 2.2991589062725406e-09 631.3301430732954 63.24779854472313 -22.21607733877729 67.44723298684298 0.0 7502.001665527831
397.0 -5197.221160422714 484.8500635486509 3899.0569570185385 174.67028827973573 36.93943168728629 144.82262719564116 6821.6544213229035 -3005.382340828978 -15.985313752625416 7454.364331636652 2.30238064699168e-09 631.166862153033 63.16017904216899 -22.193737492813824 67.45836636887323 0.0 7502.057262044409
398.0 -5199.629596583623 478.22360776754624 3896.636781060256 174.74514009992626 36.91292771337258 144.79714128077939 6819.05306419708 -3011.343322823568 -16.026310289717003 7454.389991332033 2.305614457105182e-09 631.0029589613108 63.072450221421185 -22.171347326544396 67.46952482874829 0.0 7502.112825219121
399.0 -5202.03153978642 471.5968229608539 3894.2109806503286 174.81993774135378 36.886371045302326 144.7715981421636 6816.449893396112 -3017.294537783979 -16.067306731547433 7454.415713874999 2.308860506906094e-09 630.8384414765313 62.98461248101667 -22.148906887433142 67.48070834281373 0.0 7502.168355129187
400.0 -5204.426986555362 464.96971768702684 3891.7795592388757 174.89468118696632 36.859761767820906 144.74599783393415 6813.844932663304 -3023.235984928921 -16.108303053715645 7454.441499158592 2.3121189686528403e-09 630.6733178019928 62.896666215331834 -22.126416223044007 67.49191688736536 0.0 7502.223851851396
401.0 -5206.815933422525 458.34230050468676 3889.342520284094 174.96937042024854 36.83309996568069 144.7203404103513 6811.238205695162 -3029.167663570798 -16.149299231862415 7454.467347075181 2.3153900165759056e-09 630.5075961664553 62.80861181457755 -22.103875381046336 67.50315043864651 0.0 7502.279315462103
402.0 -5209.198376927805 451.7145799726138 3886.899867252251 175.04400542521967 36.80638572364003 144.69462592579356 6808.62973614116 -3035.089573115257 -16.190295241680587 7454.493257516476 2.3186738268855042e-09 630.3412849246507 62.7204496647664 -22.081284409213346 67.5144089728487 0.0 7502.334746037216
403.0 -5211.574313618928 445.086564649737 3884.451603617684 175.118586186432 36.77961912646265 144.66885443475888 6806.019547603473 -3041.001713060743 -16.231291058918714 7454.519230373506 2.321970577778861e-09 630.1743925578107 62.63218014768989 -22.058643355423158 67.52569246611117 0.0 7502.390143652186
404.0 -5213.943740051446 438.45826309512364 3881.9977328627947 175.19311268896922 36.75280025891672 144.64302599186078 6803.407663636735 -3046.9040829980645 -16.272286659377187 7454.545265536622 2.3252804494481036e-09 630.0069276741608 62.54380364087865 -22.035952267655446 67.53700089452259 0.0 7502.445508381996
405.0 -5216.306652788756 431.8296838679702 3879.538258478044 175.26758491844458 36.72592920577407 144.61714065182932 6800.794107747795 -3052.796682609946 -16.313282018905056 7454.571362895498 2.328603624087509e-09 629.8388990094426 62.45532051757918 -22.013211193992262 67.54833423412055 0.0 7502.500840301149
406.0 -5218.663048402085 425.2008355275916 3877.073183961949 175.3420028609992 36.69900605180956 144.59119846951032 6798.178903395464 -3058.6795116705753 -16.354277113421176 7454.597522339111 2.3319402859009536e-09 629.6703154274243 62.36673114672458 -21.99042018261737 67.559692460892 0.0 7502.55613948366
407.0 -5221.012923470517 418.5717266334118 3874.6025128210777 175.41636650330048 36.67203088180001 144.56519949986878 6795.562073990281 -3064.5525700451776 -16.395271918886465 7454.623743755742 2.3352906211087897e-09 629.5011859204351 62.2780358929198 -21.967579281819223 67.57107555077171 0.0 7502.611406003042
408.0 -5223.356274580984 411.9423657449534 3872.1262485700454 175.49067583254026 36.64500378052364 144.53914379798294 6792.9436428942745 -3070.415857689553 -16.43626641132755 7454.650027032976 2.3386548179558956e-09 629.3315196098383 62.18923511639483 -21.944688539985755 67.58248347964482 0.0 7502.666639932299
409.0 -5225.693098328272 405.3127614218283 3869.644394731513 175.56493083643315 36.61792483275925 144.51303141904506 6790.323633420729 -3076.2693746496416 -16.477260566829955 7454.676372057688 2.3420330667188366e-09 629.1613257465458 62.10032917298122 -21.921748005605078 67.59391622334662 0.0 7502.7218413439105
410.0 -5228.023391315033 398.68292222372713 3867.156954836178 175.6391315032148 36.590794123285384 144.4868624183666 6787.70206883395 -3082.1131210610756 -16.518254361539675 7454.702778716042 2.345425559712425e-09 628.9906137115591 62.01131841410342 -21.898757727270024 67.60537375766017 0.0 7502.777010309823
411.0 -5230.347150151783 392.05285671040957 3864.6639324227754 175.71327782164013 36.56361173687959 144.46063685137196 6785.078972349036 -3087.947097148731 -16.559247771665014 7454.729246893484 2.3488324912977254e-09 628.8193930164341 61.922203186731224 -21.875717753672657 67.61685605831909 0.0 7502.832146901445
412.0 -5232.664371456914 385.4225734416947 3862.1653310380684 175.78736978098166 36.536377758317656 144.4343547735999 6782.454367131658 -3093.7713032262836 -16.600240773477026 7454.755776474739 2.3522540578890528e-09 628.6476733037945 61.832983833358526 -21.852628133605485 67.62836310100693 0.0 7502.887251189627
413.0 -5234.975051856686 378.79208097745055 3859.6611542368487 175.8614073710277 36.509092272372875 144.40801624070107 6779.828276297821 -3099.585739695768 -16.641233343312933 7454.7823673438 2.3556904579614206e-09 628.4754643478168 61.743660691969026 -21.829488915959352 67.63989486135821 0.0 7502.942323244653
414.0 -5237.279187985252 372.1613878775846 3857.151405581928 175.93539058208071 36.48175536381518 144.38162130844313 6777.20072291366 -3105.3904070471212 -16.682225457574077 7454.809019383926 2.3591418920570035e-09 628.3027760547639 61.65423409602735 -21.806300149727853 67.65145131495632 0.0 7502.99736313624
415.0 -5239.576776484643 365.5305027020338 3854.6360886441385 176.00931940495542 36.454367117410555 144.35517003270704 6774.571729995218 -3111.1853058577417 -16.72321709273433 7454.8357324776425 2.362608562792683e-09 628.1296184634592 61.56470437444097 -21.783061884004145 67.66303243733493 0.0 7503.05237093351
416.0 -5241.867814004786 358.8994340107545 3852.115207002325 176.08319383097725 36.42692761792013 144.32866246948228 6771.941320508221 -3116.970436792045 -16.764208225328048 7454.862506506719 2.3660906748677357e-09 627.9560017457513 61.47507185151798 -21.759774167976737 67.67463820398027 0.0 7503.107346704994
417.0 -5244.152297203502 352.2681903637126 3849.5887642433418 176.15701385198037 36.39943695009946 144.3020986748759 6769.30951736788 -3122.7458006010083 -16.8051988319678 7454.889341352182 2.3695884350696635e-09 627.7819362070668 61.38533684697204 -21.736437050937408 67.6862685903271 0.0 7503.16229051861
418.0 -5246.430222746516 345.63678032087375 3847.0567639620494 176.23077946030614 36.37189519869791 144.27547870510398 6766.676343438668 -3128.5113981217346 -16.84618888933278 7454.916236894295 2.373102052282309e-09 627.6074322868459 61.29549967586783 -21.713050582273702 67.69792357176237 0.0 7503.217202441663
419.0 -5248.701587307458 339.00521244219345 3844.519209761309 176.30449064880113 36.34430244845779 144.2488026164961 6764.041821534125 -3134.2672302769934 -16.88717837417812 7454.943193012562 2.3766317374922115e-09 627.4325005590638 61.20556064861084 -21.68961481147294 67.70960312362342 0.0 7503.272082540829
420.0 -5250.96638756787 332.37349528760706 3841.9761052519784 176.37814741081564 36.316658784113535 144.22207046548976 6761.405974416652 -3140.013298074784 -16.92816726333217 7454.970209585721 2.380177703796292e-09 627.25715173268 61.11552007090265 -21.66612978811719 67.72130722120032 0.0 7503.326930882139
421.0 -5253.22462021721 325.74163741702 3839.4274540529086 176.45174974020156 36.288964290391256 144.19528230864066 6758.7688247973 -3145.749602607879 -16.969155533702178 7454.997286491728 2.38374016640737e-09 627.0813966521927 61.0253782437505 -21.642595561892385 67.73303583973131 0.0 7503.381747530983
422.0 -5255.476281952858 319.1096473902978 3836.873259790938 176.52529763131105 36.26121905200768 144.16843820260814 6756.130395335588 -3151.476145053381 -17.01014316226906 7455.024423607768 2.3873193426629627e-09 626.9052462980277 60.93513546339292 -21.619012182575535 67.74478895440939 0.0 7503.436532552082
423.0 -5257.721369480119 312.4775337672563 3834.31352610089 176.59879107899437 36.23342315366967 144.14153820416425 6753.490708639293 -3157.1929266722773 -17.05113012609536 7455.051620810234 2.3909154520309204e-09 626.7287117870791 60.84479202130475 -21.595379700042624 67.75656654037807 0.0 7503.491286009489
424.0 -5259.95987951223 305.8453051076517 3831.7482566255685 176.67223007859837 36.205576680073435 144.11458237019087 6750.849787264258 -3162.89994880899 -17.09211640232047 7455.078877974726 2.394528716116599e-09 626.5518043731706 60.7543482041627 -21.57169816426616 67.76836857273288 0.0 7503.546007966572
425.0 -5262.191808770365 299.21296997117076 3829.17745501575 176.7456146259646 36.17767971590371 144.08757075767966 6748.20765371422 -3168.5972128909243 -17.133101968169512 7455.106194976056 2.3981593586696417e-09 626.3745354475329 60.663804293819744 -21.547967625315067 67.78019502652126 0.0 7503.60069848601
426.0 -5264.417153983637 292.58053691742106 3826.601124930185 176.8189447174275 36.14973234583322 144.060503423732 6745.5643304405985 -3174.2847204280242 -17.17408680095241 7455.133571688222 2.4018076055907153e-09 626.1969165392791 60.57316056728022 -21.5241881333547 67.79204587674256 0.0 7503.6553576297765
427.0 -5266.635911889106 285.9480145059208 3824.019270035589 176.8922203498128 36.121734654521845 144.03338042555657 6742.919839842324 -3179.9624730123296 -17.21507087805844 7455.1610079844195 2.405473684938546e-09 626.0189593158625 60.48241729666662 -21.50035973864464 67.8039210983492 0.0 7503.709985459129
428.0 -5268.848079231782 279.3154112960893 3821.431894006643 176.96544152043543 36.093686726615886 144.0062018204697 6740.274204265655 -3185.6304723175194 -17.256054176969883 7455.188503737025 2.4091578269365362e-09 625.8406755835503 60.39157474919607 -21.476482491539063 67.81582066624648 0.0 7503.764582034603
429.0 -5271.053652764631 272.682735847237 3818.839000525982 177.03860822709808 36.06558864674749 143.9789676658986 6737.627446004007 -3191.288720098477 -17.29703667525314 7455.216058817611 2.412860239948603e-09 625.6620756995108 60.30063322391533 -21.45255644248957 67.82774455529112 0.0 7503.819147416011
430.0 -5273.252629248578 266.04999671855546 3816.240593284198 177.11172046808917 36.037440499533936 143.95167801937507 6734.979587298061 -3196.937218190973 -17.338018350566472 7455.243673097246 2.416580939209905e-09 625.4831572508725 60.2095933135828 -21.428581642039596 67.83969274029404 0.0 7503.8736816627425
431.0 -5275.445005452517 259.41720246910717 3813.6366759798307 177.18477824218112 36.00924236957673 143.9243329385377 6732.330650336056 -3202.5759685114544 -17.378999180656592 7455.271346447016 2.420319844702024e-09 625.303911524326 60.11845575498404 -21.404558140826467 67.85166519601945 0.0 7503.928184834278
432.0 -5277.630778153308 252.78436165781463 3811.027252319366 177.25778154862866 35.980994341461226 143.89693248113593 6729.680657253697 -3208.2049730566287 -17.419979143369346 7455.299078738101 2.424076874132437e-09 625.1243296521445 60.02722128673904 -21.380485989584834 67.86366189718298 0.0 7503.982656990272
433.0 -5279.809944135792 246.15148284345 3808.412326017229 177.33073038716694 35.95269649975575 143.8694767050203 6727.029630134002 -3213.824233903046 -17.46095821662948 7455.326869841801 2.4278519435456696e-09 624.9444026524616 59.935890648322946 -21.356365239138192 67.87568281845601 0.0 7504.037098190553
434.0 -5281.982500192786 239.5185745846242 3805.79190079578 177.40362475800976 35.92434892901085 143.84196566815163 6724.377591007141 -3219.433753206642 -17.501936378462915 7455.354719629522 2.4316449673157965e-09 624.7641214289492 59.84446458009173 -21.33219594040692 67.88772793446168 0.0 7504.0915084951275
435.0 -5284.148443125096 232.8856454397762 3803.1659803853086 177.47646466184779 35.895951713758805 143.814399428593 6721.724561850281 -3225.0335332023105 -17.542913606981983 7455.3826279727955 2.435455858141321e-09 624.5834767703853 59.75294382325072 -21.30797814440123 67.89979721977828 0.0 7504.145887964178
436.0 -5286.307769741517 226.2527039671626 3800.534568524032 177.54925009984692 35.86750493851279 143.78677804451505 6719.070564587436 -3230.6235762034694 -17.58388988037882 7455.41059474328 2.4392845270382476e-09 624.4024593503095 59.66132911986734 -21.283711902225846 67.91189064893705 0.0 7504.200236658069
437.0 -5288.460476858843 219.61975872484686 3797.8976689580886 177.6219810736461 35.83900868776636 143.75910157418974 6716.415621089313 -3236.2038846016085 -17.624865176949243 7455.43861981276 2.4431308833347842e-09 624.2210597266056 59.569621212845476 -21.259397265074487 67.92400819642486 0.0 7504.25455463734
438.0 -5290.606561301865 212.9868182706883 3795.255285441532 177.69465758535603 35.81046304599258 143.73137007599627 6713.7597531731635 -3241.774460865869 -17.665839475065923 7455.466703053158 2.4469948346643832e-09 624.0392683411665 59.4778208459404 -21.235034284235077 67.93614983668166 0.0 7504.308841962713
439.0 -5292.746019903385 206.35389116233185 3792.607421736329 177.76727963755698 35.78186809764346 143.7035836084187 6711.102982602644 -3247.335307542602 -17.706812753188842 7455.494844336545 2.4508762869599437e-09 623.857075519505 59.38592876374599 -21.2106230110877 67.94831554410145 0.0 7504.363098695088
440.0 -5294.878849504211 199.72098595719703 3789.9540816123513 177.83984723329712 35.753223927149406 143.67574223003885 6708.4453310876725 -3252.8864272549226 -17.747784989872343 7455.5230435351305 2.4547751444487386e-09 623.6744714703365 59.2939457116662 -21.18616349709826 67.96050529303544 0.0 7504.417324895549
441.0 -5297.005046953172 193.0881112124674 3787.295268847374 177.91236037609085 35.72453061891831 143.64784599954845 6705.786820284284 -3258.4278227022887 -17.788756163746484 7455.551300521286 2.458691309644638e-09 623.4914462852893 59.20187243595077 -21.1616557938293 67.9727190577867 0.0 7504.471520625368
442.0 -5299.124609107115 186.45527548507985 3784.630987227068 177.98481906991677 35.69578825733511 143.6198949757358 6703.127471794496 -3263.9594966600534 -17.82972625353068 7455.579615167536 2.4626246833439666e-09 623.3079899384509 59.10970968364596 -21.13709995292815 67.98495681261605 0.0 7504.5256859459905
443.0 -5301.237532830918 179.82248733171372 3781.961240544998 178.057223319216 35.66699692676101 143.5918892174987 6700.46730716618 -3269.4814519790375 -17.87069523802893 7455.607987346575 2.4665751646176724e-09 623.1240922860859 59.017458202632426 -21.112496026138356 67.99721853173637 0.0 7504.57982091906
444.0 -5303.343814997488 173.18975530878035 3779.286032602617 178.12957312889054 35.63815671153292 143.56382878383016 6697.806347892917 -3274.993691585093 -17.911663096124585 7455.636416931266 2.470542650807372e-09 622.9397430661803 58.92511874157337 -21.087844065287097 68.00950418931882 0.0 7504.633925606397
445.0 -5305.443452487766 166.55708797241212 3776.6053672092585 178.20186850430102 35.60926769596277 143.53571373382653 6695.1446154138785 -3280.496218478659 -17.952629806793766 7455.6649037946445 2.4745270375182545e-09 622.7549318981319 58.832692049936334 -21.06314412229235 68.02181375948933 0.0 7504.688000070016
446.0 -5307.536442190738 159.92449387845176 3773.919248182134 178.27410945126545 35.58032996433684 143.5075441266857 6692.482131113693 -3285.9890357343443 -17.99359534908399 7455.693447809935 2.4785282186134237e-09 622.5696482823806 58.74017887798256 -21.038396249161316 68.03414721632939 0.0 7504.742044372117
447.0 -5309.622781003436 153.29198158244182 3771.22767934633 178.34629597605698 35.551343600915175 143.4793200217085 6689.8189163223215 -3291.4721465004827 -18.034559702124398 7455.72204885054 2.4825460862078075e-09 622.3838816000581 58.64757997676646 -21.013600497991593 68.04650453387539 0.0 7504.796058575091
448.0 -5311.702465830945 146.65955963961352 3768.5306645348 178.4184280854023 35.52230868993094 143.45104147829161 6687.154992314942 -3296.9455539986975 -18.075522845133264 7455.750706790065 2.4865805306633054e-09 622.1976211125874 58.55489609810773 -20.98875692096501 68.05888568612181 0.0 7504.850042741523
449.0 -5313.775493586403 140.02723660487652 3765.8282075883594 178.49050578647982 35.493225315589704 143.42270855593588 6684.490380311822 -3302.4092615234786 -18.11648475739935 7455.779421502309 2.490631440581776e-09 622.0108559613825 58.46212799461365 -20.96386557035491 68.07129064701742 0.0 7504.903996934192
450.0 -5315.841861191012 133.3950210328077 3763.120312355684 178.56252908691778 35.46409356206907 143.3943213142366 6681.825101478205 -3307.863272441737 -18.157445418297357 7455.808192861275 2.49469870280062e-09 621.8235751674323 58.36927641964234 -20.9389264985176 68.08371939046977 0.0 7504.957921216066
451.0 -5317.9015655740395 126.76292147764073 3760.4069826933014 178.63449799479258 35.43491351351769 143.36587981289208 6679.159176924193 -3313.3075901923876 -18.198404807274756 7455.837020741178 2.4987822023857885e-09 621.6357676310092 58.276342127325954 -20.91393975789989 68.0961718903412 0.0 7505.011815650317
452.0 -5319.954603672828 120.13094649325507 3757.688222465589 178.70641251862682 35.40568525405498 143.3373841116985 6676.492627704639 -3318.7422182859073 -18.239362903856545 7455.8659050164515 2.502881822626764e-09 621.4474221312852 58.18332587254909 -20.88890540103459 68.10864812045122 0.0 7505.065680300309
453.0 -5322.00097243279 113.49910463316533 3754.9640355447673 178.77827266738757 35.37640886777023 143.30883427054994 6673.825474819029 -3324.167160303903 -18.280319687650717 7455.894845561748 2.506997445030859e-09 621.2585273259873 58.090228410943794 -20.86382348054051 68.12114805457654 0.0 7505.119515229607
454.0 -5324.040668807427 106.86740445051059 3752.2344258108938 178.85007845048457 35.347084438722206 143.2802303494385 6671.157739211382 -3329.5824198986897 -18.32127513833234 7455.923842251947 2.511128949317498e-09 621.0690717510548 57.99705049888525 -20.838694049122566 68.13367166645087 0.0 7505.173320501979
455.0 -5326.073689758322 100.23585449804334 3749.49939715186 178.92182987776843 35.31771205093838 143.25157240845192 6668.489441770142 -3334.988000792854 -18.362229235656514 7455.9528949621645 2.5152762134129277e-09 620.8790438202805 57.90379289347892 -20.813517159569674 68.1462189297661 0.0 7505.227096181393
456.0 -5328.100032255152 93.60446332811902 3746.7589534633876 178.99352695952877 35.28829178841455 143.2228605077793 6665.82060332807 -3340.383906778828 -18.40318195944792 7455.982003567754 2.5194391134437383e-09 620.6884318250098 57.81045635257469 -20.78829286475986 68.15878981816975 0.0 7505.280842332023
457.0 -5330.119693275686 86.97323949268501 3744.013098649021 179.0651697064924 35.258823735113985 143.19409470769972 6663.151244662156 -3345.770141718455 -18.44413328960991 7456.011167944317 2.5236175237329426e-09 620.4972239337277 57.71704163472453 -20.76302121765014 68.1713843052699 0.0 7505.334559018244
458.0 -5332.1326698058 80.34219154326992 3741.2618366201223 179.1367581298217 35.229307974966986 143.1652750685965 6660.481386493502 -3351.1467095425696 -18.485083206112222 7456.040387967701 2.52781131679233e-09 620.3054081918167 57.62354949922416 -20.737702271289137 68.18400236462901 0.0 7505.388246304647
459.0 -5334.138958839472 73.71132803097277 3738.5051712958675 179.20829224111233 35.19974459187021 143.13640165094148 6657.811049487247 -3356.5136142505607 -18.52603168900282 7456.069663514014 2.5320203633192145e-09 620.1129725211193 57.52998070605725 -20.71233607880327 68.19664396977076 0.0 7505.441904256028
460.0 -5336.138557378797 67.08065750645223 3735.7431066032414 179.27977205239213 35.17013366968613 143.10747451530793 6655.14025425246 -3361.8708599099537 -18.56697871838992 7456.098994459631 2.5362445321890674e-09 619.9199047196925 57.43633601593202 -20.68692269340799 68.2093090941745 0.0 7505.495532937392
461.0 -5338.131462433978 60.4501885199157 3732.975646477031 179.35119757611872 35.14047529224246 143.07849372236012 6652.46902134205 -3367.218450655977 -18.60792427446063 7456.128380681189 2.5404836904515476e-09 619.726192461408 57.34261619024294 -20.661462168398756 68.22199771127966 0.0 7505.549132413965
462.0 -5340.117671023346 53.819929621108685 3730.2027948598234 179.42256882517788 35.11076954333163 143.04945933286055 6649.79737125268 -3372.5563906911375 -18.6488683374655 7456.157822055604 2.544737703324015e-09 619.531823295674 57.24882199108899 -20.635954557157312 68.23470979448267 0.0 7505.602702751179
463.0 -5342.097180173351 47.18988935930381 3727.4245557019954 179.49388581288184 35.081016506709986 143.02037140765927 6647.125324424681 -3377.884684284798 -18.689810887723525 7456.187318460068 2.5490064341876785e-09 619.3367846470372 57.154954181234416 -20.610399913142306 68.24744531714167 0.0 7505.656244014686
464.0 -5344.069986918581 40.56007628329007 3724.640932961716 179.56514855296734 35.051216266097455 142.99123000770714 6644.4529012419625 -3383.203335772751 -18.730751905621673 7456.216869772066 2.553289746066673e-09 619.1410638762183 57.061013523369844 -20.584798289900966 68.2602042525706 0.0 7505.70975627036
465.0 -5346.036088301755 33.930498941362 3721.851930604935 179.63635705959393 35.02136890517689 142.96203519404796 6641.780122031836 -3388.512349556743 -18.771691371606266 7456.246475869259 2.5575876147735575e-09 618.9446529436891 56.96700072095206 -20.559149741062146 68.27298657404278 0.0 7505.76323958418
466.0 -5347.995481373734 27.30116588130922 3719.05755260538 179.70751134734203 34.99147450759351 142.93278702781467 6639.107007064432 -3393.8117301037873 -18.81262926619752 7456.276136628927 2.5619002099694616e-09 618.747551750771 56.87291637582432 -20.53345432033305 68.28579225479244 0.0 7505.816694021671
467.0 -5349.948163193522 20.67208565040627 3716.2578029445517 179.77861143121126 34.961533156954275 142.903485570234 6636.433576552366 -3399.1014819456122 -18.85356556996885 7456.305851927694 2.5662277217014012e-09 618.5497609895795 56.77876107887112 -20.507712081503257 68.29862126801281 0.0 7505.870119647616
468.0 -5351.8941308282765 14.043266795402742 3713.45268561172 179.8496573266184 34.93154493682745 142.87413088262826 6633.759850650642 -3404.3816096782093 -18.894500263569853 7456.335621641493 2.5705703417768063e-09 618.3512813752196 56.6845354197495 -20.481923078446293 68.31147358685519 0.0 7505.923516526029
469.0 -5353.833381353305 7.414717862513266 3710.6422046039174 179.9206490493959 34.90150993074198 142.84472302640953 6631.085849456573 -3409.6521179614256 -18.935433327704686 7456.365445645575 2.5749282637686225e-09 618.1521136458257 56.59023998686074 -20.456087365114584 68.32434918443165 0.0 7505.976884720156
470.0 -5355.765911852079 0.7864473974075479 3707.826363925936 179.99158661578974 34.87142822218693 142.81526206307905 6628.41159300971 -3414.913011518508 -18.97636474315891 7456.395323814502 2.5793016830196266e-09 617.9522585626336 56.49587536733843 -20.430204995538897 68.3372480338152 0.0 7506.030224292456
471.0 -5357.691719419041 -5.841536051928887 3705.005167586257 -179.93752995757288 34.84129989456745 142.7857480542185 6625.737094110544 -3420.16430749434 -19.01729449098093 7456.425255309707 2.5836907966479284e-09 617.7517169099982 56.401442147010734 -28.550492968707445 53.564808129537326 0.0 7506.443826325473
472.0 -5359.61080115964 -12.469223935217853 3702.178619597014 -179.86670065368546 34.81112503120391 142.75618106147903 6623.06237843547 -3425.4060009006744 -19.058222554725717 7456.455240628794 2.5880958035527665e-09 617.5504894953956 56.306940910356126 -28.520156539332426 53.548965558271156 0.0 7506.466618461588
473.0 -5361.52315418189 -19.096607708510852 3699.3467239861866 -179.7959254550718 34.780903715462074 142.7265611466351 6620.387467287779 -3430.638094183077 -19.099148915416436 7456.4852797930525 2.5925169044106415e-09 617.3485771498648 56.2123722406654 -28.489765810634562 53.53309463030945 0.0 7506.489333320937
474.0 -5363.428775601983 -25.72367882844428 3696.509484789491 -179.7252043438492 34.75063603066576 142.6968883715484 6617.712380475291 -3435.860592314565 -19.140073553973025 7456.515372674544 2.5969543016847675e-09 617.1459807278387 56.11773671991665 -28.45932084608539 53.51719537879888 0.0 7506.511971022797
475.0 -5365.32766254429 -32.35042875224938 3693.6669060503796 -179.6545373017305 34.720322060096194 142.66716279817092 6615.037137747699 -3441.073500329434 -19.180996451394776 7456.545519144613 2.6014081996286743e-09 616.9427011072413 56.02303492877553 -28.42882170924912 53.50126783693454 0.0 7506.5345316859175
476.0 -5367.219812141373 -38.976848937762156 3690.818991820032 -179.58392431002557 34.689961886991554 142.63738448854537 6612.361758796507 -3446.2768233228303 -19.22191758875647 7456.575719073892 2.6058788042901997e-09 616.7387391895645 55.92826744658664 -28.398268463783026 53.485312037960135 0.0 7506.557015428511
477.0 -5369.105221533979 -45.60293084343335 3687.9657461573534 -179.51336534964344 34.65955559454647 142.60755350480113 6609.68626325496 -3451.4705664503344 -19.26283694720769 7456.60597233229 2.610366323516092e-09 616.5340958999155 55.833434851351356 -28.367661173433326 53.46932801516579 0.0 7506.57942236824
478.0 -5370.9838878710525 -52.228665928338316 3685.107173128969 -179.44286040109384 34.629103265911425 142.5776699091557 6607.010670697982 -3456.654734927531 -19.303754507976237 7456.636278788984 2.614870966955785e-09 616.3287721871012 55.73853771972263 -28.336999902036617 53.453315801888856 0.0 7506.601752622201
479.0 -5372.855808309739 -58.854045652186954 3682.2432768092194 -179.3724094444892 34.59860498419232 142.54773376391736 6604.335000642125 -3461.8293340295886 -19.344670252369042 7456.666638312427 2.6193929460649353e-09 616.1227690237198 55.64357662700408 -28.306284713522672 53.43727543151532 0.0 7506.624006306933
480.0 -5374.720980015387 -65.47906147533368 3679.374061280154 -179.30201245954638 34.5680608324499 142.51774513148004 6601.6592725455 -3466.994369090838 -19.385584161776706 7456.6970507703245 2.6239324741101113e-09 615.9160874061985 55.54855214712411 -28.275515671909112 53.42120693747707 0.0 7506.646183538392
481.0 -5376.579400161554 -72.10370485878727 3676.4995306315277 -179.23166942558848 34.537470893699336 142.48770407432528 6598.983505807738 -3472.149845504346 -19.426496217675776 7456.727516029651 2.6284897661723887e-09 615.708728354881 55.45346485263273 -28.244692841303486 53.40511035325294 0.0 7506.668284431941
482.0 -5378.431065930012 -78.72796726422085 3673.6196889607963 -179.1613803215466 34.506835250909575 142.4576106550214 6596.30771976992 -3477.295768721507 -19.4674064016167 7456.75803395663 2.633065039151325e-09 615.5006929140936 55.358315314689484 -28.213816285902347 53.38898571236824 0.0 7506.690309102354
483.0 -5380.275974510748 -85.35184015398168 3670.7345403731106 -179.0911451259618 34.47615398700307 142.4274649362224 6593.631933714534 -3482.432144251611 -19.50831469524337 7456.788604416729 2.637658511768953e-09 615.2919821522097 55.263104103050544 -28.18288606999019 53.37283304839422 0.0 7506.712257663784
484.0 -5382.114123101973 -91.9753149911012 3667.8440889813114 -179.02096381698658 34.445427184855 142.397266980669 6590.9561668654305 -3487.5589776614343 -19.549221080283587 7456.819227274667 2.6422704045734187e-09 615.0825971617286 55.16783178606262 -28.151902257940446 53.356652394948576 0.0 7506.734130229773
485.0 -5383.945508910126 -98.59838323930481 3664.948338905925 -178.95083637238716 34.41465492729302 142.3670168511879 6588.280438387768 -3492.676274574812 -19.590125538558368 7456.849902394397 2.64690093994284e-09 614.8725390593422 55.07249893065147 -28.120864914214803 53.34044378569508 0.0 7506.755926913238
486.0 -5385.770129149873 -105.22103636302181 3662.047294275159 -178.8807627695448 34.383837297096704 142.33671461068863 6585.604767387974 -3497.7840406722335 -19.631028051970134 7456.880629639109 2.651550342089535e-09 614.6618089859827 54.977106102302315 -28.089774103359886 53.32420725434188 0.0 7506.777647826449
487.0 -5387.58798104412 -111.84326582739534 3659.1409592248965 -178.8107429854579 34.35297437699688 142.3063603221695 6582.929172913695 -3502.8822816904153 -19.671928602524076 7456.91140887122 2.6562188370627916e-09 614.4504081069365 54.88165386506983 -28.058629890013478 53.3079428346447 0.0 7506.799293081037
488.0 -5389.399061824011 -118.46506309829216 3656.2293378986924 -178.74077699674368 34.32206624967545 142.27595404870831 6580.253673953764 -3507.9710034218924 -19.712827172309744 7456.942239952375 2.660906652753964e-09 614.2383376118468 54.78614278153926 -28.027432338894872 53.29165056040186 0.0 7506.820862787967
489.0 -5391.203368728935 -125.08641964231259 3653.3124344477646 -178.67086477963997 34.291112997764756 142.24549585346924 6577.5782894381555 -3513.0502117146025 -19.753723743516503 7456.973122743431 2.66561401889906e-09 614.0255987148332 54.69057341283905 -27.996181514811994 53.275330465457955 0.0 7506.8423570575405
490.0 -5393.000899006528 -131.70732692680036 3650.3902530309947 -178.60100631000702 34.26011470384702 142.21498579969955 6574.9030382379515 -3518.119912471475 -19.794618298424894 7457.00405710447 2.6703411670828257e-09 613.8121926545372 54.594946318621425 -27.964877482658032 53.258982583702114 0.0 7506.863775999385
491.0 -5394.791649912682 -138.32777641985257 3647.4627978149183 -178.53120156332938 34.22907145045405 142.1844239507285 6572.227939165305 -3523.180111650012 -19.835510819418005 7457.035042894776 2.675088330742506e-09 613.5981206941826 54.49926205704976 -27.933520307410284 53.24260694906737 0.0 7506.885119722434
492.0 -5396.575618711547 -144.9477595903294 3644.5300729737232 -178.46145051471748 34.19798332006667 142.1538103699696 6569.553010973406 -3528.2308152618825 -19.876401288978286 7457.066079972838 2.679855745171023e-09 613.3833841216605 54.403521184796546 -27.902110054132493 53.22620359553193 0.0 7506.906388334927
493.0 -5398.352802675533 -151.5672679078641 3641.5920826892434 -178.39175313890965 34.16685039511427 142.12314512091734 6566.878272356456 -3533.272029372513 -19.917289689686868 7457.097168196353 2.6846436475209793e-09 613.1679842495736 54.30772425702433 -27.870646787971538 53.20977255711737 0.0 7506.9275819444
494.0 -5400.123199085317 -158.18629284287277 3638.6488311509534 -178.32210941027373 34.13567275797436 142.0924282671467 6564.203741949633 -3538.303760100672 -19.958176004230836 7457.128307422203 2.689452276808236e-09 612.9519224153 54.21187182737477 -27.83913057415678 53.193313867888406 0.0 7506.948700657666
495.0 -5401.886805229848 -164.80482586656424 3635.7003225559633 -178.25251930280888 34.10445049097215 142.06165987231677 6561.52943832906 -3543.3260136180706 -19.999060215395502 7457.159497506466 2.6942818739147503e-09 612.7351999810862 54.115964447971514 -27.807561478004 53.17682756195484 0.0 7506.9697445808215
496.0 -5403.643618406349 -171.42285845094997 3632.7465611090156 -178.18298279014752 34.07318367637996 142.03084000016352 6558.855380011792 -3548.3387961489425 -20.039942306081002 7457.190738304404 2.699132681593151e-09 612.5178183340618 54.02000266938817 -27.775939564907777 53.16031367346762 0.0 7506.990713819216
497.0 -5405.393635920324 -178.0403820688538 3629.7875510224776 -178.11349984555685 34.04187239641701 141.99996871450404 6556.181585455782 -3553.342113969652 -20.08082225928797 7457.22202967046 2.704004944469436e-09 612.2997788863356 53.92398704065302 -27.744264900345932 53.143772236621196 0.0 7507.011608477459
498.0 -5407.136855085563 -184.6573881939219 3626.823296516339 -178.0440704419409 34.01051673324866 141.96904607924074 6553.508073059885 -3558.335973408285 -20.12170005813141 7457.253371458275 2.708898872516645e-09 612.0810832944953 53.82791816524014 -27.712537549883862 53.12720328565573 0.0 7507.032428659432
499.0 -5408.87327322414 -191.27386830063259 3623.8538018182053 -177.97469455184205 33.97911676898628 141.93807215834713 6550.834861164102 -3563.320380844404 -20.162575685835918 7457.284763520989 2.713814531190126e-09 611.8617341194845 53.73179686941169 -27.680757579159874 53.11060685484948 0.0 7507.053174468577
500.0 -5410.602887666426 -197.88981386430675 3620.879071163291 -177.90537214744296 33.94767258568659 141.9070470158821 6548.161968049821 -3568.2953427087787 -20.203449125736597 7457.316205711531 2.7187519495226735e-09 611.6417341775237 53.63562403658058 -27.648925053899923 53.09398297852645 0.0 7507.073846008181
501.0 -5412.325695751086 -204.50521636111813 3617.89910879442 -177.83610320056826 33.916184265351376 141.87597071597935 6545.489411939823 -3573.2608654830065 -20.244320361286555 7457.347697882645 2.7237111562521692e-09 611.421086323136 53.539400551904244 -27.61704003990664 53.0773316910507 0.0 7507.094443381409
502.0 -5414.041694825091 -211.12006726810387 3614.9139189620123 -177.76688768268636 33.8846518899269 141.84484332285078 6542.817210998281 -3578.216955699119 -20.285189376045764 7457.379239886893 2.728692179819805e-09 611.1997934492622 53.44312730229376 -27.585102603062985 53.06065302682824 0.0 7507.114966691289
503.0 -5415.750882243717 -217.73435806317468 3611.9235059240855 -177.69772556491122 33.8530755413036 141.81366490078858 6540.145383330749 -3583.1636199391755 -20.326056153697664 7457.41083157666 2.7336950483685677e-09 610.9778584873645 53.34680517641793 -27.553112809334255 53.04394702030809 0.0 7507.135416040719
504.0 -5417.453255370547 -224.3480802251256 3608.927873946246 -177.62861681800402 33.82145530131561 141.7824355141567 6537.473946984149 -3588.100864834885 -20.366920678032102 7457.4424728041495 2.7387197897433953e-09 610.7552844074553 53.25043506467512 -27.521070724759362 53.027213705977694 0.0 7507.15579153246
505.0 -5419.1488115774855 -230.961225233646 3605.927027301686 -177.55956141237496 33.78979125174031 141.7511552274027 6534.802919946769 -3593.0286970672064 -20.407782932951477 7457.474163421388 2.7437664314880776e-09 610.5320742182694 53.154017859227835 -27.48897641546302 53.010453118369306 0.0 7507.176093269133
506.0 -5420.8375482447545 -237.57378456933034 3602.9209702711746 -177.49055931808508 33.758083474297955 141.71982410504577 6532.132320148268 -3597.9471233659497 -20.448642902479378 7457.505903280229 2.748835000845999e-09 610.3082309672671 53.05755445396374 -27.456829947643435 52.99366529205357 0.0 7507.196321353217
507.0 -5422.519462760901 -244.18574971368835 3599.9097071430547 -177.42161050484788 33.7263320506512 141.6884422116808 6529.462165459663 -3602.856150509399 -20.48950057074626 7457.537692232352 2.7539255247582975e-09 610.083757740749 52.96104574450625 -27.424631387576486 52.97685026164171 0.0 7507.216475887043
508.0 -5424.194552522799 -250.79711214915557 3596.89324221324 -177.35271494203116 33.69453706240481 141.65700961197865 6526.792473693335 -3607.7557853239114 -20.530355922000126 7457.569530129263 2.759038029862652e-09 609.8586576639447 52.86449262821314 -27.39238080161598 52.9600080617856 0.0 7507.236556972795
509.0 -5425.862814935659 -257.4078633591036 3593.8715797852046 -177.28387259865877 33.6626985911051 141.62552637068788 6524.123262603028 -3612.646034683536 -20.571208940604265 7457.601416822297 2.764172542491818e-09 609.6329339011111 52.76789600418005 -27.360078256195475 52.94313872717879 0.0 7507.2565647125075
510.0 -5427.5242474130255 -264.01799482785077 3590.8447241699814 -177.21508344341228 33.630816718239586 141.5939925526257 6521.454549883856 -3617.526905509619 -20.61205961103974 7457.633352162618 2.769329088673942e-09 609.4065896555516 52.671256773210374 -27.327723817818963 52.926242292551635 0.0 7507.276499208055
511.0 -5429.178847376787 -270.6274980406724 3587.8126796861548 -177.1463474446328 33.59889152523658 141.5624082226858 6518.786353172305 -3622.398404770426 -20.652907917896073 7457.665336001226 2.774507694130131e-09 609.1796281697566 52.57457583783717 -27.29531755306887 52.9093187926754 0.0 7507.296360561155
512.0 -5430.8266122571795 -277.23636448381103 3584.7754506598576 -177.07766457032258 33.56692309346484 141.5307734458386 6516.118690046243 -3627.2605394807533 -20.693753845880792 7457.697368188951 2.7797083842732476e-09 608.9520527254892 52.477854102322006 -27.262859528606388 52.89236826236252 0.0 7507.31614887337
513.0 -5432.467539492789 -283.84458564448715 3581.7330414247626 -177.00903478814695 33.534911504233094 141.4990882871228 6513.451578024922 -3632.1133167015387 -20.73459737981557 7457.729448576457 2.784931184208157e-09 608.7238666438064 52.381092472626655 -27.230349811162732 52.87539073646199 0.0 7507.335864246094
514.0 -5434.101626530557 -290.45215301090957 3578.6854563220786 -176.9404580654359 33.50285683878969 141.46735281164922 6510.785034569002 -3636.9567435394847 -20.775438504645535 7457.76157701425 2.790176118729941e-09 608.4950732851695 52.28429185642303 -27.197788467543173 52.85838624986148 0.0 7507.355506780556
515.0 -5435.7288708257865 -297.05905807228567 3575.632699700546 -176.8719343691858 33.470759178322176 141.43556708460838 6508.119077080546 -3641.7908271466795 -20.81627720541428 7457.793753352672 2.795443212321537e-09 608.2656760495794 52.18745316311363 -27.165175564634687 52.841354837491316 0.0 7507.375076577823
516.0 -5437.3492698421405 -303.66529231883186 3572.574775916428 -176.8034636660612 33.43861860395696 141.40373117125105 6505.453722903043 -3646.615574720205 -20.857113467299996 7457.825977441899 2.8007324891558e-09 608.0356783765176 52.090577303770424 -27.132511169386106 52.82429653431416 0.0 7507.394573738778
517.0 -5438.962821051655 -310.27084724178417 3569.5116893335103 -176.73504592239655 33.4064351967589 141.37184513690673 6502.788989321427 -3651.4309935017673 -20.89794727558592 7457.858249131959 2.8060439730913324e-09 607.8050837451582 51.993665191188725 -27.09979534882702 52.80721137533479 0.0 7507.413998364139
518.0 -5440.569521934735 -316.8757143334084 3566.4434443230907 -176.66668110419783 33.37420903773088 141.33990904697333 6500.124893562077 -3656.237090777317 -20.93877861567057 7457.890568272713 2.811377687673073e-09 607.5738956743742 51.896717739853635 -27.06702817005724 52.79009939559472 0.0 7507.433350554443
519.0 -5442.169369980169 -323.47988508701076 3563.370045263978 -176.59836917714438 33.34194020781352 141.3079229669203 6497.461452792856 -3661.033873876666 -20.979607473075248 7457.922934713871 2.8167336561306694e-09 607.3421177228374 51.7997358659471 -27.034209700249956 52.772960630173756 0.0 7507.452630410051
520.0 -5443.76236268512 -330.0833509969482 3560.2914965424816 -176.5301101065905 33.309628787884726 141.27588696228457 6494.798684123117 -3665.821350173118 -21.02043383343448 7457.955348304989 2.822111901378048e-09 607.1097534890677 51.702720487333465 -27.001340006647588 52.75579511418784 0.0 7507.471838031138
521.0 -5445.348497555147 -336.68610355866133 3557.2078025524 -176.46190385756705 33.2772748587593 141.24380109867408 6492.1366046790945 -3670.5995271261527 -21.061257682679752 7457.987808982267 2.8275124460117254e-09 606.8768066115342 51.60567252356772 -26.968419156565428 52.738602882791 0.0 7507.490973604498
522.0 -5446.927772104234 -343.28813426880777 3554.1189676949543 -176.39375039478173 33.244878501187785 141.21166544176242 6489.475231610494 -3675.3684122852833 -21.10207900673504 7458.0203167763575 2.8329353123106194e-09 606.6432807686941 51.508592895877044 -26.935447217386127 52.721383971172415 0.0 7507.510037411335
523.0 -5448.500183854776 -349.88943462520587 3551.024996378814 -176.32564968262164 33.21243979585665 141.17948005729448 6486.814581860963 -3680.12801315846 -21.1428977909477 7458.052871547951 2.8383805222340065e-09 606.4091796791091 51.41148252717547 -26.902424256565485 52.704138414559495 0.0 7507.529029562853
524.0 -5450.065730337568 -356.4899961267673 3547.9258930201327 -176.25760168515572 33.17995882338816 141.14724501108307 6484.154672306676 -3684.87833729047 -21.183714020754906 7458.085473147165 2.843848097421016e-09 606.1745071014952 51.3143423420513 -26.869350341628994 52.68686624821603 0.0 7507.547950159639
525.0 -5451.624409091812 -363.08981027350757 3544.8216620425333 -176.18960636613636 33.147435664340094 141.11496036900698 6481.495519765428 -3689.6193922677257 -21.224527681705695 7458.118121423976 2.849338059189879e-09 605.9392668347829 51.217173266758785 -26.836225540169835 52.66956750744114 0.0 7507.56679930209
526.0 -5453.176217665112 -369.6888685665564 3541.7123078771115 -176.12166368900125 33.114870399205266 141.08262619701563 6478.837140996661 -3694.3511857178996 -21.26533875946734 7458.150816228215 2.854850428536072e-09 605.7034627182248 51.119976229229835 -26.803049919853663 52.65224222757181 0.0 7507.58557709041
527.0 -5454.7211536134855 -376.2871625081682 3538.597834962426 -176.0537736168749 33.082263108411404 141.05024256112287 6476.179552701492 -3699.0737253095604 -21.306147239814663 7458.183557409582 2.8603852261323056e-09 605.467098631423 51.02275215905271 -26.769823548412255 52.63489044397958 0.0 7507.604283624608
528.0 -5456.259214501368 -382.8846836017327 3535.4782477444937 -175.98593611257056 33.04961387232056 141.01780952741183 6473.522771522742 -3703.787018751795 -21.346953108641856 7458.216344817627 2.8659424723266475e-09 605.2301784944365 50.92550198748427 -26.73654649364843 52.61751219207304 0.0 7507.622919004494
529.0 -5457.790397901612 -389.48142335178494 3532.3535506767844 -175.91815113859158 33.01692277122895 140.98532716202806 6470.866814044983 -3708.4910737938526 -21.387756351958842 7458.249178301776 2.8715221894265943e-09 604.9927062032883 50.828226637661274 -26.703218823429093 52.6001075072943 0.0 7507.641483329677
530.0 -5459.314701395497 -396.07737326401605 3529.2237482202136 -175.85041865713345 32.98418988536646 140.9527955311858 6468.211696794483 -3713.1858982247395 -21.42855695588719 7458.282057711229 2.8771244663265326e-09 604.7546838045063 50.73092674828003 -26.66984060569163 52.582676425122216 0.0 7507.659976699486
531.0 -5460.83212257273 -402.67252484528325 3526.0888448431388 -175.78273863008513 32.95141529489639 140.92021470116615 6465.557436239039 -3717.8714998727182 -21.46935490666465 7458.314982894719 2.88274946831012e-09 604.5161112182735 50.633602631672815 -26.636411908441943 52.565218981071496 0.0 7507.678399212706
532.0 -5462.342659031453 -409.2668696036202 3522.9488450213526 -175.71511101903096 32.91859907991515 140.88758473830833 6462.904048787912 -3722.547886604908 -21.510150190639933 7458.347953700409 2.88839736577528e-09 604.276988251735 50.536254578532464 -26.6029327997457 52.547735210688 0.0 7507.696750967467
533.0 -5463.846308378241 -415.8603990482467 3519.8037532380795 -175.64753578525233 32.88574132045189 140.8549057090222 6460.2515507918715 -3727.2150663268976 -21.55094279428863 7458.380969975878 2.894068330148943e-09 604.0373147144617 50.43888287540038 -26.569403347740945 52.53022514955542 0.0 7507.715032061252
534.0 -5465.343068228115 -422.45310468957894 3516.6535739839687 -175.5800128897292 32.85284209646814 140.822177679779 6457.599958543224 -3731.873046982404 -21.59173270419342 7458.414031568129 2.899762533889638e-09 603.797090418394 50.34148780462798 -26.53582362062873 52.51268883329035 0.0 7507.733242590874
535.0 -5466.832936204538 -429.0449780392396 3513.4983117570882 -175.51254229314188 32.81990148785753 140.78940071711176 6454.94928827586 -3736.521836552898 -21.632519907062033 7458.4471383235805 2.9054801504884243e-09 603.5563151778545 50.244069644366654 -26.50219368667352 52.49512629754247 0.0 7507.751382652482
536.0 -5468.315909939425 -435.63601061006773 3510.337971062921 -175.44512395587267 32.78691957444543 140.75657488762144 6452.299556165297 -3741.16144305725 -21.673304389717714 7458.480290088072 2.9112213544688025e-09 603.3149888096038 50.146628668574834 -26.46851361420946 52.47753757799788 0.0 7507.769452341548
537.0 -5469.791987073143 -442.22619391612875 3507.172556414359 -175.37775783800748 32.753896435988686 140.72370025796607 6449.65077832871 -3745.791874551368 -21.71408613910785 7458.513486706855 2.9169863213895663e-09 603.0731111327705 50.04916514697469 -26.434783471629252 52.45992271037325 0.0 7507.787451752861
538.0 -5471.261165254517 -448.8155194727247 3504.0020723316948 -175.31044389933757 32.72083215217533 140.6907768948679 6447.002970824984 -3750.413139127838 -21.754865142301696 7458.546728024586 2.9227752278444994e-09 602.8306819689128 49.9516793450624 -26.40100332739149 52.44228173041967 0.0 7507.805380980528
539.0 -5472.723442140834 -455.4039787964041 3500.826523342623 -175.2431820993611 32.68772680262413 140.65780486510812 6444.356149654762 -3755.0252449155723 -21.79564138649198 7458.58001388534 2.9285882514642205e-09 602.5877011419917 49.85417152408178 -26.367173250015263 52.4246146739198 0.0 7507.823240117958
540.0 -5474.178815397846 -461.9915634049718 3497.6459139822264 -175.17597239728485 32.654580466884376 140.6247842355338 6441.7103307604775 -3759.6282000794463 -21.836414858998523 7458.613344132592 2.9344255709158735e-09 602.34416847843 49.75664194103376 -26.333293308087228 52.406921576691616 0.0 7507.841029257867
541.0 -5475.6272826997765 -468.5782648174995 3494.4602487929765 -175.1088147520259 32.62139322443564 140.59171507304674 6439.065530026418 -3764.2220128199533 -21.877185547263025 7458.646718609226 2.940287365905983e-09 602.1000838070413 49.65909084863284 -26.299363570250176 52.38920247458237 0.0 7507.85874849226
542.0 -5477.068841729325 -475.16407455433523 3491.2695323247253 -175.04170912221304 32.58816515468731 140.55859744461418 6436.421763278759 -3768.8066913728467 -21.917953438854283 7458.68013715752 2.9461738171794155e-09 601.8554469591184 49.56151849532823 -26.265384105214096 52.371457403474444 0.0 7507.876397912433
543.0 -5478.503490177667 -481.7489841371137 3488.073769134701 -174.97465546618875 32.554896336978416 140.52543141725985 6433.779046285625 -3773.382244008786 -21.95871852147252 7458.713599619163 2.952085106521832e-09 601.6102577683772 49.4639251252667 -26.231354981746914 52.35368639928047 0.0 7507.893977608967
544.0 -5479.931225744457 -488.33298508876624 3484.872963787501 -174.9076537420106 32.52158685057731 140.49221705806465 6431.137394757135 -3777.948679032992 -21.99948078295006 7458.747105835231 2.958021416760399e-09 601.3645160709713 49.366310978284254 -26.1972762686752 52.335889497943676 0.0 7507.911487671717
545.0 -5481.352046137841 -494.9160689335307 3481.667120855088 -174.84070390745293 32.48823677468138 140.45895443417064 6428.496824345458 -3782.5060047848906 -22.04024021124428 7458.7806556462 2.963982931763895e-09 601.1182217055315 49.2686762899075 -26.163148034888277 52.31806673544009 0.0 7507.928928189809
546.0 -5482.765949074457 -501.49822719696164 3478.456244916784 -174.77380592000844 32.454846188416695 140.42564361277923 6425.857350644864 -3787.0542296377757 -22.08099679444308 7458.81424889194 2.9699698364438173e-09 600.8713745131616 49.17102129133809 -26.128970349336388 52.300218147777564 0.0 7507.946299251641
547.0 -5484.172932279433 -508.0794514059401 3475.240340559263 -174.70695973688996 32.42141517083772 140.39228466114682 6423.218989191779 -3791.5933619984494 -22.121750520775777 7458.847885411705 2.9759823167559534e-09 600.6239743374166 49.07334620942961 -26.094743281026172 52.28234377099336 0.0 7507.963600944862
548.0 -5485.572993486396 -514.6597330886839 3472.0194123765496 -174.64016531503185 32.387943800927154 140.35887764658966 6420.581755464845 -3796.1234103068837 -22.16250137860129 7458.881565044142 2.9820205597002653e-09 600.3760210243472 48.97565126669177 -26.060466899025688 52.26444364115685 0.0 7507.980833356378
549.0 -5486.966130437477 -521.2390637747573 3468.793464970008 -174.57342261109181 32.354432157595575 140.32542263647332 6417.945664884972 -3800.6443830358776 -22.203249356416336 7458.91528762728 2.988084753323536e-09 600.1275144224323 48.877936681249665 -26.026141272453582 52.24651779436381 0.0 7507.997996572339
550.0 -5488.352340883313 -527.8174349950812 3465.5625029483394 -174.50673158145236 32.32088031968108 140.2919196982286 6415.310732815406 -3805.1562886907122 -22.243994442854273 7458.949052998538 2.9941750867172096e-09 599.8784543827059 48.780202666880314 -25.991766470495463 52.228566266745005 0.0 7508.015090678143
551.0 -5489.731622583057 -534.3948382819433 3462.3265309275785 -174.44009218222246 32.28728836594913 140.25836889933936 6412.676974561774 -3809.65913580881 -22.284736626681706 7458.982860994708 3.000291750020309e-09 599.6288407586761 48.682449432967054 -25.957342562391318 52.21058909445957 0.0 7508.032115758426
552.0 -5491.103973304366 -540.9712651690076 3459.0855535310834 -174.37350436923919 32.25365637509221 140.22477030733972 6410.0444053721585 -3814.1529329593895 -22.32547589681667 7459.016711451962 3.006434934420622e-09 599.3786734063145 48.584677184482054 -25.92286961743278 52.19258631369361 0.0 7508.049071897041
553.0 -5492.469390823424 -547.5467071913249 3455.8395753895325 -174.3069680980693 32.2199844257296 140.19112398982327 6407.413040437156 -3818.6376887431366 -22.366212242306347 7459.050604205854 3.012604832153714e-09 599.127952184133 48.48688612200304 -25.888347704972436 52.17455796066511 0.0 7508.065959177079
554.0 -5493.827872924934 -554.1211558853428 3452.5886011409198 -174.2404833240107 32.18627259640709 140.15743001443357 6404.782894889935 -3823.1134117918564 -22.406945652345485 7459.084539091305 3.0188016365052982e-09 598.8766769531237 48.389076441676465 -25.853776894414185 52.15650407161879 0.0 7508.082777680843
555.0 -5495.179417402128 -560.694602788915 3449.332635430547 -174.17405000209433 32.15252096559672 140.1236884488722 6402.153983806307 -3827.580110768142 -22.447676116277307 7459.118515942608 3.025025541810404e-09 598.624847576826 48.29124833523101 -25.81915725522143 52.13842468283048 0.0 7508.099527489847
556.0 -5496.5240220567675 -567.2670394413117 3446.0716829110183 -174.10766808708533 32.11872961169646 140.08989936089307 6399.526322204787 -3832.0377943650387 -22.48840362357896 7459.152534593426 3.0312767434550282e-09 598.3724639212961 48.19340198995197 -25.784488856911274 52.12031983060404 0.0 7508.116208684822
557.0 -5497.86168469915 -573.83845738323 3442.8057482422373 -174.0413375334851 32.08489861303005 140.05606281829975 6396.89992504667 -3836.4864713057113 -22.52912816388448 7459.1865948767945 3.0375554378772308e-09 598.1195258550944 48.095537588664044 -25.749771769051776 52.102189551269966 0.0 7508.132821345691
558.0 -5499.19240314811 -580.4088481568032 3439.5348360913977 -173.97505829553236 32.05102804784669 140.0221788889498 6394.2748072360855 -3840.92615034311 -22.569849726970233 7459.220696625105 3.0438618225669136e-09 597.866033249327 47.997655309734704 -25.715006061266394 52.084033881187636 0.0 7508.149365551578
559.0 -5500.516175231025 -586.9782033056114 3436.2589511329807 -173.90883032720524 32.017117994320856 139.98824764075178 6391.650983621464 -3845.3568402686797 -22.610568302769252 7459.254839675967 3.050196094994983e-09 597.6119859359061 47.89975533468579 -25.68582406851498 52.02824082950062 0.0 7508.151131370376
560.0 -5501.83299878385 -593.5465143747036 3432.978098048693 -173.84265358222234 31.98316853055134 139.9542691416638 6389.028469010454 -3849.778550008734 -22.65128388138055 7459.289023934847 3.056558394815574e-09 597.3573814576685 47.80183825955471 -25.667245372740645 51.901290344218815 0.0 7508.124916742146
561.0 -5503.142871651136 -600.1137729106143 3429.6922815274456 -173.7765280140445 31.949179734560925 139.92024345969853 6386.407278141652 -3854.1912884378935 -22.691996452841522 7459.32324925487 3.0629487738939574e-09 597.1022139017382 47.70390530821939 -25.648640878407043 51.77416357424736 0.0 7508.09843753101
562.0 -5504.445791685993 -606.6799704613563 3426.401506265407 -173.71045357587627 31.915151684296834 139.88617066291417 6383.787425692096 -3858.595064426437 -22.732706007295974 7459.357515467602 3.0693672766497527e-09 596.8464770268378 47.6059577605463 -25.630010622726886 51.64686077386525 0.0 7508.07169401392
563.0 -5505.74175675009 -613.245098576431 3423.10577696601 -173.64443022066772 31.88108445763047 139.8520508194205 6381.168926282414 -3862.9898868730347 -22.773412535041643 7459.39182240443 3.075813947259706e-09 596.5901645437451 47.50799690112969 -25.6113546429411 51.519382197544275 0.0 7508.04468646877
564.0 -5507.030764713657 -619.8091488068371 3419.8050983399435 -173.57845790111583 31.846978132357236 139.81788399737772 6378.551794476901 -3867.3757647044295 -22.814116026524516 7459.426169896565 3.082288829657045e-09 596.3332701152423 47.410024019288954 -25.592672976318198 51.39172809994464 0.0 7508.017415174397
565.0 -5508.312813455493 -626.372112705082 3416.499475105145 -173.51253656966603 31.812832786196257 139.78367026499217 6375.9360447836 -3871.7527068751133 -22.85481647234633 7459.460557775038 3.0887919675314204e-09 596.0757873560391 47.31204040905717 -25.573965660151888 51.26389873589887 0.0 7507.989880410554
566.0 -5509.587900862965 -632.9339818251924 3413.1889119867983 -173.44666617851382 31.778648496790204 139.74940969051886 6373.3216916543715 -3876.1207223670103 -22.895513863259794 7459.494985870703 3.095323404327566e-09 595.8177098327529 47.214047369189004 -25.555232731762523 51.13589436042141 0.0 7507.962082457916
567.0 -5510.85602483202 -639.4947477227233 3409.8734137173246 -173.3808466796062 31.74442534170501 139.71510234226332 6370.708749484982 -3880.4798201891645 -22.93620819016678 7459.5294540142395 3.101883183244095e-09 595.5590310638795 47.1160462031666 -25.536474228498058 51.00771522871539 0.0 7507.934021598073
568.0 -5512.117183267176 -646.0544019547701 3406.5529850363773 -173.3150780246433 31.710163398429646 139.68074828857394 6368.097232615184 -3884.830009377417 -22.976899444123774 7459.563962036157 3.1084713472341088e-09 595.2997445196972 47.018038219178194 -25.517690187729883 50.879361596144086 0.0 7507.905698113508
569.0 -5513.371374081544 -652.6129360799775 3403.227630690838 -173.24936016507985 31.675862744375923 139.64634759784886 6365.487155328791 -3889.171298994092 -23.017587616339142 7459.598509766789 3.1150879390030275e-09 595.0398436222782 46.920024730138294 -25.498880646856605 50.7508337182567 0.0 7507.877112287602
570.0 -5514.618595196812 -659.1703416585511 3399.8973554348067 -173.18369305212667 31.64152345687823 139.611900338531 6362.8785318537675 -3893.5036981276876 -23.05827269817769 7459.633097036298 3.1217330010087156e-09 594.7793217454147 46.82200705367385 -25.480045643301306 50.6221318507697 0.0 7507.848264404619
571.0 -5515.858844543264 -665.7266102522667 3396.562164029598 -173.1180766367523 31.60714561319342 139.57740657910915 6360.271376362307 -3897.827215892563 -23.09895468115178 7459.667723674682 3.1284065754604266e-09 594.5181722145878 46.7239865121276 -25.461185214512142 50.493256249570905 0.0 7507.819154749699
572.0 -5517.092120059779 -672.2817334244813 3393.222061243738 -173.0525108696844 31.572729290500323 139.54286638811698 6357.66570297092 -3902.1418614286226 -23.139633556935905 7459.702389511764 3.135108704318172e-09 594.2563883069254 46.625964432555584 -25.442299397961825 50.36420717071585 0.0 7507.78978360885
573.0 -5518.318419693831 -678.8357027401435 3389.8770518529523 -172.98699570141127 31.538274565899904 139.50827983413288 6355.06152574052 -3906.447643901016 -23.180309317348247 7459.737094377206 3.1418394292919182e-09 593.9939632511629 46.52794214672678 -25.42338823114751 50.234984870427176 0.0 7507.760151268937
574.0 -5519.537741401498 -685.3885097658033 3386.527140640164 -172.92153108218338 31.50378151641476 139.47364698577766 6352.458858676505 -3910.744572499823 -23.220981954367517 7459.7718381005025 3.1485987918412274e-09 593.7308902275943 46.42992099111666 -25.40445175158954 50.105589605085996 0.0 7507.73025801768
575.0 -5520.750083147468 -691.9401460696231 3383.172332395486 -172.85611696201488 31.46925021898904 139.43896791171818 6349.85771572885 -3915.0326564397465 -23.26165146012454 7459.806620510984 3.1553868331737286e-09 593.4671623680626 46.33190230691744 -25.385489996833442 49.976021631245416 0.0 7507.70010414364
576.0 -5521.955442905034 -698.4906032213877 3379.812631916218 -172.7907532906851 31.434680750488205 139.4042426806637 6347.258110792196 -3919.311904959814 -23.30231782690521 7459.841441437824 3.1622035942450117e-09 593.2027727559013 46.2338874400278 -25.366503004447946 49.84628120561711 0.0 7507.669689936218
577.0 -5523.1538186561065 -705.0398727925152 3376.4480440068364 -172.72544001774003 31.400073187698784 139.36947136136448 6344.660057705937 -3923.5823273230626 -23.342981047154126 7459.876300710029 3.1690491157581233e-09 592.9377144258891 46.135877741048446 -25.347490812024148 49.71636858506563 0.0 7507.639015685637
578.0 -5524.345208391212 -711.5879463560666 3373.078573478989 -172.66017709249368 31.365427607328208 139.33465402261376 6342.063570254303 -3927.843932816253 -23.383641113463455 7459.911198156445 3.175923438162342e-09 592.671980364237 46.03787456528804 -25.32845345717671 49.586284026616546 0.0 7507.608081682941
579.0 -5525.529610109502 -718.1348154867567 3369.7042251514927 -172.59496446402977 31.33074408600474 139.2997907332466 6339.468662166461 -3932.0967307495503 -23.424298018584977 7459.946133605765 3.1828266016526506e-09 592.4055635085452 45.939879272758986 -25.30939097754311 49.4560277874513 0.0 7507.576888219984
580.0 -5526.707021818751 -724.6804717609638 3366.325003850323 -172.5298020812031 31.296022700277 139.26488156213728 6336.875347116608 -3936.3407304562356 -23.464951755426682 7459.981106886522 3.1897586461694378e-09 592.1384567477563 45.8418932281702 -25.290303410782297 49.325600124898074 0.0 7507.5454355894235
581.0 -5527.877441535363 -731.2249067567413 3362.94091440861 -172.46468989264096 31.261263526614016 139.22992657820228 6334.283638724059 -3940.5759412924017 -23.505602317052535 7460.016117827098 3.1967196113971306e-09 591.8706529221478 45.743917800934824 -25.271190794576288 49.19500129644265 0.0 7507.513724084715
582.0 -5529.040867284378 -737.7681120538272 3359.551961666631 -172.39962784674478 31.226466641404823 139.19492585039652 6331.693550553334 -3944.8023726366596 -23.546249696682708 7460.051166255716 3.203709536764171e-09 591.6021448232756 45.64595436515912 -25.25205316662811 49.064231559714386 0.0 7507.4817540000995
583.0 -5530.197297099473 -744.310079233654 3356.1581504718065 -172.33461589169136 31.191632120958552 139.15987944771584 6329.105096114265 -3949.020033889842 -23.586893887687893 7460.086252000452 3.210728461441733e-09 591.3329251939664 45.54800429964904 -25.232890564663172 48.933291172495636 0.0 7507.449525630596
584.0 -5531.346729022965 -750.8507998793609 3352.7594856786923 -172.26965397543444 31.156760041503965 139.1247874391924 6326.518288862081 -3953.228934474706 -23.62753488360272 7460.121374889224 3.217776424343889e-09 591.0629867282554 45.450068987896366 -25.213703026426746 48.80218039270437 0.0 7507.417039271997
585.0 -5532.489161105815 -757.390265575802 3349.355972148974 -172.20474204570624 31.121850479189387 139.08964989389804 6323.933142197515 -3957.4290838356405 -23.66817267811689 7460.156534749807 3.224853464126173e-09 590.7923220713872 45.35214981808757 -25.194490589685785 48.67089947840681 0.0 7507.384295220856
586.0 -5533.6245914076335 -763.9284679095579 3345.9476147514606 -172.13988005001875 31.08690351008257 139.054466880942 6321.349669466891 -3961.620491438378 -23.708807265071982 7460.191731409827 3.2319596191852743e-09 590.5209238197726 45.254248183096536 -25.1752532922277 48.53944868780889 0.0 7507.3512937744845
587.0 -5534.753017996689 -770.4653984689456 3342.534418362079 -172.07506793566526 31.051919210170418 139.0192384694717 6318.767883962224 -3965.8031667696964 -23.749438638478296 7460.226964696761 3.2390949276581244e-09 590.2487845209729 45.15636548048601 -25.1559911718608 48.40782827925941 0.0 7507.318035230946
588.0 -5535.874438949898 -777.00104884403 3339.116387863868 -172.0103056497218 31.016897655358914 138.98396472867114 6316.187798921321 -3969.977119337138 -23.790066792492553 7460.262234437939 3.2462594312088604e-09 589.9758967695224 45.05850308911158 -25.13670426641335 48.27603851124348 0.0 7507.284519889042
589.0 -5536.988852352843 -783.5354106266323 3335.6935281469696 -171.94559313904847 30.98183892147281 138.9486457277597 6313.609427527766 -3974.1423586686496 -23.830691721429957 7460.297540460421 3.253453280496467e-09 589.7022558763498 44.960661717764154 -25.117392613732992 48.14407964237864 0.0 7507.250748048176
590.0 -5538.096256299769 -790.0684754103414 3332.265844108627 -171.8809303502911 30.94674308425561 138.91328153599076 6311.032782910676 -3978.2988943120636 -23.871313419771695 7460.332882590578 3.260676750045057e-09 589.4278602451317 44.86284131332572 -25.098056251685957 48.011951931409456 0.0 7507.216720007926
591.0 -5539.1966488935905 -796.6002347905237 3328.8333406531747 -171.81631722988237 30.91161021936929 138.8778722226552 6308.457878144651 -3982.4467358347315 -23.911931882148792 7460.368260653918 3.2679301225222884e-09 589.1527084433642 44.76504177544592 -25.078695218158977 47.87965563722052 0.0 7507.182436067875
592.0 -5540.290028245888 -803.1306803643322 3325.396022692036 -171.75175372404348 30.876440402394206 138.84241785707908 6305.884726249881 -3986.5858928232333 -23.952547103353027 7460.403674475095 3.2752136821996513e-09 588.8767990368095 44.667262996921 -25.05930955105799 47.7471910188278 0.0 7507.147896527603
593.0 -5541.376392476922 -809.6598037307169 3321.953895143715 -171.68723977878554 30.84123370882881 138.80691850861885 6303.313340192244 -3990.716374883081 -23.99315907834466 7460.439123877898 3.2825277149538587e-09 588.6001305894686 44.56950486367231 -25.039899288305598 47.61455833536101 0.0 7507.113101686657
594.0 -5542.455739715631 -816.1875964904342 3318.506962933792 -171.62277533991085 30.805990214089714 138.77137424666736 6300.743732883406 -3994.838191638442 -24.033767802241982 7460.474608685253 3.2898725082660174e-09 588.3227016636379 44.471767254754546 -25.02046446784429 47.48175784608572 0.0 7507.078051844555
595.0 -5543.528068099635 -822.7140502460563 3315.0552309949157 -171.55836035301436 30.770709993511296 138.7357851406506 6298.175917180912 -3998.9513527318495 -24.074373270330398 7460.5101287192065 3.297248351222663e-09 588.0445108198941 44.37405004233853 -25.00100512763465 47.34878981039131 0.0 7507.04274730077
596.0 -5544.593375775238 -829.2391566019818 3311.5987042668003 -171.49399476348523 30.73539312234572 138.70015126002627 6295.609905888304 -4003.0558678239204 -24.114975478065844 7460.545683800936 3.304655534516375e-09 587.7655566170936 44.27635309169961 -24.981521305654645 47.2156544877858 0.0 7507.007188354708
597.0 -5545.651660897439 -835.7629071644444 3308.1373876962166 -171.42967851650806 30.700039675762646 138.66447267428157 6293.0457117552105 -4007.1517465930706 -24.155574421071833 7460.581273750736 3.3120943504465762e-09 587.4858376123643 44.17867626120329 -24.96201303989833 47.08235213788714 0.0 7506.971375305697
598.0 -5546.702921629923 -842.2852935415239 3304.671286236988 -171.3654115570643 30.664649728849245 138.62874945293856 6290.483347477459 -4011.238998735235 -24.196170095146726 7460.616898388023 3.3195650929186735e-09 587.2053523611589 44.08101940231263 -24.942480368378842 46.948883020443795 0.0 7506.935308452991
599.0 -5547.74715614508 -848.8063073431543 3301.2004048499844 -171.30119382993374 30.629223356609874 138.59298166554865 6287.92282569717 -4015.3176339635893 -24.236762496259644 7460.652557531328 3.3270680574454808e-09 586.9240994172213 43.98338235956517 -24.92292332912536 46.81524739531369 0.0 7506.898988095741
600.0 -5548.784362623993 -855.3259401811351 3297.724748503115 -171.23702527969579 30.593760633966046 138.55716938169417 6285.364159002868 -4019.3876620082674 -24.277351620561376 7460.688250998283 3.3346035411471098e-09 586.6420773326099 43.88576497057005 -24.903341960183973 46.68144552247043 0.0 7506.862414532985
601.0 -5549.814539256453 -861.8441836691396 3294.2443221713233 -171.17290585073093 30.558261635756267 138.52131267098665 6282.80735992958 -4023.4490926160906 -24.317937464370516 7460.723978605633 3.342171842751535e-09 586.3592846576927 43.788167065995744 -24.883736299616736 46.54747766199664 0.0 7506.82558806364
602.0 -5550.837684240959 -868.361029422726 3290.7591308365822 -171.10883548722208 30.5227264367359 138.4854116030659 6280.252440958955 -4027.5019355502836 -24.358520024198242 7460.759740169226 3.3497732625949695e-09 586.0757199411521 43.69058846956041 -24.864106385501167 46.413344074080605 0.0 7506.788508986482
603.0 -5551.853795784718 -874.8764690593462 3287.269179487886 -171.04481413315594 30.487155111577028 138.44946624760144 6277.69941451935 -4031.546200590211 -24.399099296725126 7460.795535504002 3.357408102621711e-09 585.7913817300055 43.59302899802865 -24.84445225593102 46.27904501902161 0.0 7506.751177600147
604.0 -5552.862872103656 -881.3904941983552 3283.774473121245 -170.98084173232436 30.451547734868253 138.413476674292 6275.148292985957 -4035.58189753109 -24.439675278827053 7460.831364424003 3.365076666384356e-09 585.506268569612 43.49548846120327 -24.82477394901604 46.14458075722816 0.0 7506.713594203107
605.0 -5553.864911422414 -887.9030964610221 3280.275016739681 -170.91691822832576 30.415904381114657 138.37744295285876 6272.599088680895 -4039.609036183731 -24.480247967559762 7460.867226742358 3.3727792590453658e-09 585.2203790036284 43.397966661899844 -24.80507150287821 46.00995154919237 0.0 7506.675759093651
606.0 -5554.859911974356 -894.4142674705381 3276.7708153532203 -170.85304356456646 30.380225124737652 138.34136515305565 6270.0518138733305 -4043.6276263742593 -24.520817360169758 7460.903122271283 3.3805161873748973e-09 584.9337115741025 43.300463395968336 -24.785344955657465 45.87515765552909 0.0 7506.637672569897
607.0 -5555.847872001573 -900.9239988520276 3273.2618739788873 -170.7892176842619 30.344510040074802 138.30524334466085 6267.506480779576 -4047.6376779438515 -24.56138345408999 7460.939050822079 3.388287759752694e-09 584.646264821415 43.20297845226308 -24.765594345506972 45.74019933694355 0.0 7506.599334929761
608.0 -5556.828789754883 -907.4322822325574 3269.748197640698 -170.7254405304383 30.308759201379747 138.26907759747746 6264.963101563208 -4051.6392007484606 -24.601946246952593 7460.975012205124 3.3960942861679496e-09 584.358037284295 43.10551161263831 -24.745819710593533 45.6050768542341 0.0 7506.560746470944
609.0 -5557.802663493836 -913.9391092411462 3266.229791369657 -170.66171204593365 30.272972682822065 138.23286798133375 6262.42168833517 -4055.632204658558 -24.642505736576823 7461.011006229875 3.4039360782192386e-09 584.0690274998332 43.00806265194252 -24.72602108909771 45.46979046829316 0.0 7506.521907490927
610.0 -5558.769491486722 -920.4444715087743 3262.706660203749 -170.5980321733993 30.237150558487176 138.1966145660854 6259.882253153887 -4059.616699558859 -24.683061920986802 7461.047032704857 3.4118134491140063e-09 583.7792340035091 42.910631338018206 -24.706198519215043 45.334340440115554 0.0 7506.482818286963
611.0 -5559.729272010566 -926.9483606683935 3259.1788091879316 -170.53440085530113 30.20129290237617 138.16031742160698 6257.344808025381 -4063.5926953480694 -24.72361479839583 7461.083091437668 3.419726713670342e-09 583.4886553291346 42.81321743167297 -24.68635203915142 45.19872703076669 0.0 7506.443479156046
612.0 -5560.68200335114 -933.4507683549366 3255.6462433741326 -170.47081803392103 30.165399788405715 138.1239766178017 6254.80936490337 -4067.560201938611 -24.764164367226613 7461.1191822349665 3.4276761883147784e-09 583.1972900089407 42.71582068669969 -24.666481687128382 45.06295050141903 0.0 7506.403890394923
613.0 -5561.627683802962 -939.9516862053271 3252.108967821242 -170.4072836513581 30.12947129040796 138.08759222459352 6252.275935689396 -4071.5192292563684 -24.80471062609763 7461.155304902473 3.435662191083895e-09 582.9051365735264 42.61844084984947 -24.646587501378797 44.92701111332242 0.0 7506.364052300064
614.0 -5562.566311669296 -946.4511058584887 3248.5669875951075 -170.34379764953007 30.09350748213045 138.0511643119296 6249.744532232928 -4075.469787240426 -24.84525357384041 7461.1914592449675 3.4436850416236343e-09 582.6121935518873 42.52107766083255 -24.62666952014824 44.790909127813514 0.0 7506.323965167662
615.0 -5563.497885262165 -952.9490189553555 3245.020307768525 -170.2803599701745 30.057508437235917 138.01469294977562 6247.215166331476 -4079.4118858428096 -24.885793209486792 7461.227645066277 3.45174506119017e-09 582.3184594713897 42.423730852300295 -24.606727781692417 44.65464480629815 0.0 7506.283629293602
616.0 -5564.422402902349 -959.4454171388809 3241.468933421237 -170.2169705548501 30.021474229302253 137.9781782081232 6244.687849730715 -4083.3455350282343 -24.92632953228008 7461.26386216929 3.4598425621128196e-09 582.0239331977364 42.326400194484975 -24.586762324281192 44.51821841027904 0.0 7506.243044973483
617.0 -5565.339862919385 -965.9402920540476 3237.9128696399243 -170.15362934493822 29.985404931822416 137.94162015698245 6242.162594124773 -4087.2707447739594 -24.966862541677983 7461.300110356155 3.4679776987453254e-09 581.728618743694 42.22908612652465 -24.56677318619455 44.381630201327916 0.0 7506.2022125027925
618.0 -5566.250263651577 -972.433635347878 3234.352121518199 -170.09033628164394 29.949300618204305 137.90501886638114 6239.639411156772 -4091.187525069823 -25.007392237354452 7461.336389428792 3.4761505020128187e-09 581.4325241545125 42.13178961012095 -24.546760405722146 44.24488044108265 0.0 7506.161132177421
619.0 -5567.153603445998 -978.9254386694445 3230.7866941566 -170.0270913059974 29.913161361770573 137.86837440637058 6237.118312419076 -4095.095885918069 -25.047918619191705 7461.372699189045 3.484360999122671e-09 581.135657645724 42.034511622468564 -24.52672402116649 44.10796939126895 0.0 7506.119804293798
620.0 -5568.049880658487 -985.415693669879 3227.216592662583 -169.96389435885513 29.876987235758705 137.83168684701715 6234.59930945339 -4098.995837333101 -25.088441687295244 7461.4090394386685 3.492609216781454e-09 580.8380274993481 41.93725314260824 -24.506664070838347 43.97089731366891 0.0 7506.078229148873
621.0 -5568.939093653665 -991.9043920023846 3223.641822150521 -169.9007453809013 29.840778313320683 137.79495625840804 6232.0824137508935 -4102.887389341232 -25.12896144198453 7461.445409979331 3.5008951811928737e-09 580.5396420639636 41.84001515143902 -24.48658059305983 43.83366447014223 0.0 7506.036407040121
622.0 -5569.821240804928 -998.3915253222451 3220.06238774169 -169.837644312649 29.804534667523182 137.7581827106497 6229.56763675236 -4106.770551980449 -25.169477883792524 7461.48181061263 3.5092189180573086e-09 580.2405097547214 41.74279863171148 -24.46647362616362 43.696271122620736 0.0 7505.994338265539
623.0 -5570.696320494452 -1004.8770852868358 3216.478294564268 -169.7745910944415 29.7682563713471 137.7213662738602 6227.054989848273 -4110.645335300164 -25.209991013471836 7461.518241140082 3.517580452572769e-09 579.9406390533055 41.64560456800462 -24.44634320848874 43.558717533079665 0.0 7505.952023123617
624.0 -5571.564331113206 -1011.3610635556337 3212.8895477533224 -169.71158566645352 29.73194349768791 137.68450701817986 6224.544484378955 -4114.511749360976 -25.25050083198994 7461.554701363132 3.5259798094317447e-09 579.640038508041 41.54843394675079 -24.426189378386347 43.4210039635771 0.0 7505.909461913368
625.0 -5572.425271060941 -1017.843451790228 3209.296152450812 -169.64862796869247 29.695596119355116 137.64760501376006 6222.036131634674 -4118.3698042344295 -25.29100734052986 7461.591191083147 3.534417012822941e-09 579.3387167338263 41.45128775620379 -24.4060121742137 43.283130676212835 0.0 7505.866654934288
626.0 -5573.279138746202 -1024.3242416543303 3205.6981138055735 -169.5857179409997 29.659214309072542 137.61066033076938 6219.529942855788 -4122.2195100027775 -25.33151054049199 7461.627710101431 3.5428920864291824e-09 579.036682412201 41.3541669864517 -24.38581163433742 43.14509793315071 0.0 7505.823602486371
627.0 -5574.125932586334 -1030.803424813786 3202.0954369733176 -169.52285552305182 29.622798139477936 137.57367303939256 6217.025929232849 -4126.06087675874 -25.37201043349569 7461.664258219215 3.5514050534268814e-09 578.7339442913574 41.25707262941137 -24.36558779713299 43.006905996615 0.0 7505.780304870102
628.0 -5574.965651007477 -1037.2809929365826 3198.4881271166228 -169.46004065436185 29.586347683123115 137.53664320982645 6214.524101906739 -4129.893914605275 -25.41250702137677 7461.700835237671 3.55995593648625e-09 578.4305111861257 41.160005678814706 -24.345340700982486 42.868555128875194 0.0 7505.736762386443
629.0 -5575.798292444579 -1043.7569376928623 3194.876189404927 -169.39727327428045 29.549863012473804 137.49957091228222 6212.024471968777 -4133.718633655339 -25.453000306180684 7461.737440957897 3.568544757770069e-09 578.1263919780082 41.062967130211625 -24.32507038427585 42.7300455922543 0.0 7505.692975336833
630.0 -5576.62385534139 -1050.2312507549311 3191.2596290145234 -169.33455332199728 29.513344199909522 137.46245621698327 6209.527050460866 -4137.535044031651 -25.49349029018049 7461.7740751809415 3.577171538933469e-09 577.8215956151782 40.96595798096139 -24.30477688540968 42.59137764912101 0.0 7505.64894402318
631.0 -5577.442338150474 -1056.70392379727 3187.638451128551 -169.2718807365421 29.4767913177235 137.4252991941669 6207.0318483756 -4141.343155866463 -25.533976975861606 7461.810737707786 3.58583630112283e-09 577.5161311125083 40.86897923023417 -24.284460242788196 42.45255156189601 0.0 7505.604668747859
632.0 -5578.253739333209 -1063.174948496544 3184.012660936992 -169.209255456786 29.44020443812266 137.38809991408024 6204.538876656391 -4145.142979301337 -25.57446036592546 7461.847428339361 3.5945390649760595e-09 577.2100075515496 40.772031878997 -24.26412049482097 42.31356759303657 0.0 7505.560149813703
633.0 -5579.058057359785 -1069.6443165316145 3180.3822636366594 -169.14667742144266 29.403583633227488 137.350858446982 6202.048146197603 -4148.9345244869 -25.614940463291532 7461.884146876539 3.6032798506214847e-09 576.9032340805594 40.675116930015626 -24.243757679923917 42.17442600504332 0.0 7505.515387523994
634.0 -5579.855290709216 -1076.1120195835488 3176.747264431198 -169.08414656906962 29.366928975071982 137.31357486314164 6199.55966784467 -4152.717801582624 -25.65541727110076 7461.920893120141 3.6120586776773785e-09 576.5958199145059 40.57823538784914 -24.22337183651886 42.03512706045722 0.0 7505.4703821824705
635.0 -5580.6454378693425 -1082.5780493356294 3173.107668531069 -169.02166283806937 29.33024053560363 137.27624923283815 6197.073452394221 -4156.492820756601 -25.695890792705313 7461.9576668709415 3.6208755652516126e-09 576.2877743350666 40.481388258843495 -24.20296300303278 41.89567102185453 0.0 7505.425134093306
636.0 -5581.4284973368285 -1089.0423974733658 3169.4634811535516 -168.95922616669063 29.293518386683164 137.23888162636197 6194.589510594217 -4160.25959218531 -25.736361031682463 7461.994467929666 3.6297305319405208e-09 575.9791066906546 40.38457655113352 -24.182531217898948 41.75605815185442 0.0 7505.379643561121
637.0 -5582.20446761717 -1095.5050556845054 3165.8147075227303 -168.89683649302944 29.256762600084755 137.20147211400817 6192.107853144061 -4164.018126053401 -25.776827991817754 7462.031296096991 3.638623595829885e-09 575.6698263963701 40.28780127462204 -24.16207651955316 41.61628871309338 0.0 7505.333910890954
638.0 -5582.973347224699 -1101.9660156590412 3162.161352869492 -168.8344937550306 29.21997324749572 137.16402076608338 6189.628490694742 -4167.76843255346 -25.81729167712706 7462.0681511735565 3.6475547744926576e-09 575.359942934064 40.19106344099468 -24.14159894643754 41.476362968251124 0.0 7505.287936388285
639.0 -5583.735134682582 -1108.4252690892254 3158.503422431516 -168.7721978904885 29.183150400516563 137.12652765290184 6187.1514338489515 -4171.510521885801 -25.857752091831344 7462.1050329599575 3.6565240849892864e-09 575.0494658523111 40.094364063706294 -24.121098536998364 41.336281180035684 0.0 7505.241720359009
640.0 -5584.489828522829 -1114.8828076695781 3154.8409214532708 -168.70994883704864 29.14629413066093 137.0889928447795 6184.676693161215 -4175.244404258233 -25.89820924037599 7462.141941256752 3.665531543868501e-09 574.7384047663667 39.99770415796267 -24.10057532968285 41.19604361116163 0.0 7505.195263109429
641.0 -5585.237427286295 -1121.3386230968977 3151.173855186005 -168.6477465322086 29.10940450935545 137.05141641204548 6182.204279138019 -4178.970089885846 -25.938663127426707 7462.178875864461 3.674577167163986e-09 574.4267693582634 39.90108474074668 -24.080029362945407 41.05565052439254 0.0 7505.148564946274
642.0 -5585.977929522681 -1127.7927070702724 3147.5022288877403 -168.58559091331932 29.07248160793982 137.0137984250316 6179.734202237943 -4182.687588990791 -25.979113757863843 7462.215836583572 3.6836609703962696e-09 574.114569376729 39.80450683078825 -24.059460675241933 40.91510218250232 0.0 7505.101626176672
643.0 -5586.711333790542 -1134.2450512910887 3143.8260478232687 -168.52348191758617 29.035525497666573 136.97613895407505 6177.266472871778 -4186.396911802059 -26.01956113678648 7462.252823214535 3.692782984015842e-09 573.8018139024089 39.707971402946725 -24.038869305031252 40.7743988482847 0.0 7505.054447108145
644.0 -5587.437638657282 -1140.6956474630435 3140.1453172641395 -168.4614194820701 28.998536249701218 136.9384380695175 6174.801101402428 -4190.09806855511 -26.06000526950743 7462.289835557484 3.7019434414199194e-09 573.4885024025052 39.611478832822314 -24.018255290774643 40.63354078455033 0.0 7505.007028048323
645.0 -5588.156842699168 -1147.144487292153 3136.4600424886594 -168.39940354368915 28.96151393512202 136.90069584170286 6172.338098144512 -4193.791069491293 -26.100446161568925 7462.326873411601 3.7111427204771978e-09 573.1746275128532 39.51502906947671 -23.997618670934603 40.49252825411813 0.0 7504.959369304303
646.0 -5588.868944501327 -1153.591562486763 3132.7702287818806 -168.33743403921898 28.924458624920092 136.8629123409819 6169.877473364374 -4197.47592485755 -26.140883818715565 7462.363936574972 3.7203812039319343e-09 572.8601816794802 39.4186220477886 -23.9769594839774 40.35136151983272 0.0 7504.911471182501
647.0 -5589.573942657748 -1160.0368647575572 3129.075881435597 -168.2755109052946 28.887370389999187 136.8250876377034 6167.419237280206 -4201.152644906191 -26.181318246924093 7462.4010248445775 3.729659276418619e-09 572.545157300639 39.32225769725072 -23.956277768368192 40.21004084453128 0.0 7504.863333988617
648.0 -5590.271835771293 -1166.480385817568 3125.3770057483403 -168.21363407841125 28.850249301175907 136.78722180222348 6164.963400062177 -4204.821239894681 -26.22174945239135 7462.438138016287 3.738977324458877e-09 572.2295467268964 39.225935941991146 -23.935573562576153 40.068566491078286 0.0 7504.814958027653
649.0 -5590.962622453687 -1172.922117382185 3121.6736070253705 -168.15180349492562 28.81309542917935 136.7493149048984 6162.509971832554 -4208.481720085411 -26.26217744154701 7462.475275884852 3.748335736462334e-09 571.9133422610844 39.12965670075261 -23.914846905070537 39.926938722338846 0.0 7504.766343603876
650.0 -5591.646301325535 -1179.362051169165 3117.9656905786687 -168.09001909105686 28.77590884465132 136.71136701608216 6160.05896266583 -4212.134095745505 -26.302602221038796 7462.512438243907 3.7577349027263405e-09 571.5965361582926 39.03341988688413 -23.894097834319375 39.78515780116969 0.0 7504.717491020809
651.0 -5592.3228710163185 -1185.8001788986408 3114.2532617269353 -168.02828080288796 28.73868961814617 136.6733782061322 6157.610382588862 -4215.778377146581 -26.343023797754995 7462.549624885963 3.767175215433646e-09 571.2791206259266 38.93722540835309 -23.87332638879256 39.643223990440276 0.0 7504.668400581236
652.0 -5592.992330164396 -1192.2364922931315 3110.5363257955805 -167.9665885663667 28.701437820130838 136.63534854540438 6155.164241580988 -4219.4145745645565 -26.383442178815585 7462.586835602401 3.776657068652698e-09 570.961087823681 38.84107316773048 -23.852532606959116 39.50113755301413 0.0 7504.619072587171
653.0 -5593.654677417011 -1198.670983077552 3106.814888116718 -167.90494231730688 28.664153520984794 136.59727810425406 6152.720549574159 -4223.042698279423 -26.423857371581562 7462.6240701834695 3.7861808583363755e-09 570.6424298635627 38.744963062191665 -23.831716527287828 39.35889875175307 0.0 7504.56950733986
654.0 -5594.309911430297 -1205.1036429792202 3103.088954029159 -167.84334199138925 28.626836790999896 136.55916695303563 6150.279316453068 -4226.662758575049 -26.464269383646297 7462.661328418279 3.795746982321124e-09 570.3231388098997 38.648894983513095 -23.810878188246917 39.216507849515196 0.0 7504.5197051397645
655.0 -5594.958030869272 -1211.5344637278708 3099.358528878409 -167.78178752416287 28.589487700380566 136.52101516209822 6147.840552055279 -4230.274765738962 -26.50467822284986 7462.698610094802 3.805355840326998e-09 570.0032066793228 38.55286881805977 -23.790017628301744 39.07396510913896 0.0 7504.4696662865435
656.0 -5595.599034407853 -1217.96343705566 3095.6236180166557 -167.72027885104615 28.55210631924358 136.48282280179487 6145.40426617136 -4233.878730062135 -26.54508389728244 7462.735914999862 3.815007833954299e-09 569.6826254408577 38.45688444680641 -23.769134885919797 38.93127079347739 0.0 7504.4193910790655
657.0 -5596.232920728847 -1224.3905546971778 3091.884226802768 -167.6588159073278 28.51469271761814 136.44458994246787 6142.970468544995 -4237.474661838797 -26.58548641527227 7462.773242919128 3.824703366686166e-09 569.3613870158189 38.36094174529907 -23.7482299995627 38.788425165343426 0.0 7504.368879815358
658.0 -5596.859688523964 -1230.8158083894568 3088.1403606022864 -167.59739862816824 28.477246965445904 136.40631665445864 6140.53916887314 -4241.062571366208 -26.625885785408855 7462.810593637121 3.834442843885004e-09 569.0394832779107 38.26504058367826 -23.727303007691585 38.645428487546674 0.0 7504.3181327926295
659.0 -5597.479336493816 -1237.2391898719816 3084.3920247874184 -167.53602694860035 28.439769132580732 136.36800300810393 6138.110376806134 -4244.642468944467 -26.666282016528612 7462.847966937201 3.844226672792272e-09 568.7169060532133 38.16918082666799 -23.706353948765052 38.5022810228794 0.0 7504.267150307244
660.0 -5598.091863347921 -1243.660690886698 3080.6392247370327 -167.4747008035308 28.40225928878895 136.32964907373417 6135.684101947827 -4248.214364876307 -26.706675117722625 7462.885362601556 3.8540552625277624e-09 568.3936471201882 38.07336233357023 -23.685382861238224 38.35898303411016 0.0 7504.215932654714
661.0 -5598.697267804707 -1250.0803031780224 3076.88196583665 -167.41342012774112 28.36471750374917 136.291254921678 6133.260353855732 -4251.778269466885 -26.747065098348003 7462.922780411221 3.8639290240872434e-09 568.0696982097356 37.97758495827481 -23.664389783565248 38.21553478400076 0.0 7504.164480129696
662.0 -5599.29554859151 -1256.498018492852 3073.12025347844 -167.35218485588862 28.32714384705231 136.2528206222509 6130.839142041127 -4255.334193023591 -26.787451968019468 7462.960220146042 3.87384837034413e-09 567.7450510051209 37.881848549230085 -23.643374754193108 38.07193653526415 0.0 7504.112793025952
663.0 -5599.886704444585 -1262.9138285805723 3069.3540930612126 -167.29099492250765 28.289538388201517 136.21434624576662 6128.420475969208 -4258.882145855843 -26.827835736613906 7462.997681584702 3.883813716045357e-09 567.4196971420888 37.78615294946989 -23.622337811567782 37.928188550606365 0.0 7504.060871636375
664.0 -5600.470734109104 -1269.3277251930695 3065.5834899904144 -167.22985026201064 28.25190119661229 136.1758318625288 6126.004365059207 -4262.422138274888 -26.868216414281733 7463.035164504694 3.893825477812202e-09 567.0936282088184 37.69049799659207 -23.60127899412978 37.784291092696066 0.0 7504.008716252951
665.0 -5601.047636339161 -1275.7397000847361 3061.8084496781184 -167.16875080868903 28.214232341612398 136.13727754283184 6123.59081868453 -4265.954180593606 -26.9085940114403 7463.072668682331 3.9038840741388186e-09 566.76683574595 37.594883522759346 -23.580198340314507 37.640244424167086 0.0 7503.956327166756
666.0 -5601.617409897771 -1282.1497450124841 3058.028977543021 -167.10769649671454 28.176531892441805 136.09868335696171 6121.17984617288 -4269.478283126313 -26.948968538780946 7463.110193892729 3.913989925390662e-09 566.4393112466171 37.499309354700756 -23.559095888552815 37.49604880762204 0.0 7503.903704667947
667.0 -5602.180053556881 -1288.5578517357517 3054.2450790104353 -167.04668726014003 28.13879991825277 136.0600493751953 6118.771456806399 -4272.994456188569 -26.9893400072674 7463.147739909815 3.924143453803347e-09 566.1110461564638 37.403775313709005 -23.53797167727053 37.351704505629336 0.0 7503.850849045751
668.0 -5602.735566097366 -1294.9640120165136 3050.456759512283 -166.9857230329007 28.10103648810975 136.02137566779717 6116.365659821795 -4276.502710096976 -27.029708428146478 7463.185306506318 3.934345083482082e-09 565.7820318736427 37.30828121563206 -23.516825744886805 37.20721178071163 0.0 7503.797760588448
669.0 -5603.283946309036 -1301.3682176192906 3046.664024487088 -166.92480374881512 28.063241670989452 135.9826623050228 6113.96246441047 -4280.003055168998 -27.07007381294693 7463.222893453762 3.944595237618954e-09 565.4522596636153 37.21282689465617 -23.495658129815766 37.062570895357396 0.0 7503.744439583372
670.0 -5603.825192990637 -1307.7704603111586 3042.866879379973 -166.86392934158616 28.025415535780827 135.94390935711448 6111.5618797187335 -4283.495501722811 -27.110436173479457 7463.2605005225605 3.954894258245022e-09 565.1217181987108 37.11741288948977 -23.474468870464342 36.917782112005796 0.0 7503.690886316982
671.0 -5604.359304949858 -1314.1707318617587 3039.06532964265 -166.80309974480215 27.987558151285118 135.90511689430244 6109.163914848197 -4286.980060077309 -27.15079552184079 7463.298127482331 3.965242393434998e-09 564.7903931659058 37.02204055276316 -23.4532580052329 36.77284569305122 0.0 7503.637101075178
672.0 -5604.886281003324 -1320.5690240433064 3035.259380733415 -166.74231489193792 27.9496695862156 135.86628498680517 6106.768578856012 -4290.456740551977 -27.191151870428484 7463.335774102021 3.97563988677664e-09 564.4582700100799 36.92671128596565 -23.432025572515357 36.62776190084397 0.0 7503.583084143422
673.0 -5605.406119976614 -1326.965328630601 3031.449038117142 -166.6815747163557 27.91174990919798 135.82741370482324 6104.375880754989 -4293.925553466719 -27.231505231921574 7463.373440149898 3.986086982582216e-09 564.1253340937733 36.83142649486837 -23.410771610695843 36.48253099766745 0.0 7503.528835806708
674.0 -5605.918820704252 -1333.3596374010372 3027.6343072652735 -166.62087915130618 27.873799188770136 135.78850311854737 6101.985829513752 -4297.386509141664 -27.271855619293547 7463.411125393557 3.996583925885331e-09 563.7915706972999 36.736187589539554 -23.389496158153094 36.337153245768235 0.0 7503.474356349588
675.0 -5606.424382029714 -1339.751942134613 3023.8151936558174 -166.5602281299297 27.835817493382088 135.74955329815066 6099.598434056858 -4300.839617896985 -27.31220304582098 7463.448829599918 4.0071309624419606e-09 563.4569650187264 36.640995984321094 -23.368199253256222 36.191628907327136 0.0 7503.419646056135
676.0 -5606.922802805435 -1346.1422346139407 3019.9917027733377 -166.499621585257 27.797804891396193 135.7105643137903 6097.213703264937 -4304.284890052727 -27.352547525069212 7463.48655253522 4.017728338728981e-09 563.1215021739322 36.54585309782805 -23.346880934365625 36.045958244465425 0.0 7503.364705209953
677.0 -5607.414081892805 -1352.530506624256 3016.16384010895 -166.43905945021038 27.75976145108699 135.67153623560887 6094.831645974823 -4307.722335928611 -27.392889070906676 7463.524293965022 4.0283763019427385e-09 562.7851671966699 36.450760352947434 -23.325541239833747 35.90014151924998 0.0 7503.309534094159
678.0 -5607.898218162175 -1358.9167499534283 3012.331611160312 -166.3785416576047 27.721687240641305 135.63246913372797 6092.452270979697 -4311.151965843867 -27.433227697503753 7463.562053654207 4.039075099999761e-09 562.4479450385572 36.355719176817644 -23.30418020800151 35.754178993669 0.0 7503.254132991377
679.0 -5608.375210492864 -1365.3009563919704 3008.495021431621 -166.31806814014828 27.683582328158156 135.59336307825566 6090.075587029207 -4314.573790117055 -27.473563419326183 7463.599831366975 4.049824981533636e-09 562.1098205691925 36.260731000842355 -23.282797877202476 35.60807092966035 0.0 7503.19850218374
680.0 -5608.845057773159 -1371.6831177330478 3004.6540764336005 -166.25763883044405 27.64544678164888 135.55421813927848 6087.701602829621 -4317.9878190658765 -27.513896251148935 7463.637626866845 4.060626195896147e-09 561.7707785761355 36.165797260665926 -23.26139428575841 35.461817589081306 0.0 7503.142641952869
681.0 -5609.307758900314 -1378.0632257724894 3000.808781683501 -166.19725366099038 27.60728066903703 135.51503438686532 6085.330327043944 -4321.394063007016 -27.554226208052796 7463.6754399166475 4.071478993155105e-09 561.4308037649943 36.070919396178326 -23.23996947198145 35.31541923372341 0.0 7503.0865525798745
682.0 -5609.7633127805575 -1384.441272308797 2996.9591427050896 -166.13691256418207 27.56908405815856 135.47581189106404 6082.961768292064 -4324.792532255953 -27.594553305418685 7463.713270278535 4.082383624094236e-09 561.0898807594476 35.9760988515018 -23.218523474172216 35.16887612529941 0.0 7503.030234345346
683.0 -5610.2117183290975 -1390.8172491431544 2993.105165028642 -166.0766154723115 27.530857016761587 135.4365507219024 6080.595935150887 -4328.183237126792 -27.634877558944254 7463.751117713971 4.093340340211797e-09 560.7479941013091 35.881337074988416 -23.19705633062035 35.022188525447085 0.0 7502.973687529339
684.0 -5610.652974470121 -1397.1911480794379 2989.246854190938 -166.0163623175694 27.49259961250663 135.39725094938535 6078.232836154467 -4331.566187932093 -27.675198984635017 7463.788981983734 4.104349393720243e-09 560.4051282505577 35.78663551920853 -23.17556807960303 34.875356695719034 0.0 7502.916912411379
685.0 -5611.0870801367955 -1403.5629609242262 2985.3842157352537 -165.95615303204593 27.454311912966514 135.35791264349922 6075.872479794139 -4334.9413949826985 -27.71551759880367 7463.826862847911 4.115411037543967e-09 560.0612675854311 35.691995640955696 -23.15405875938722 34.7283808975981 0.0 7502.859909270445
686.0 -5611.514034271276 -1409.932679486809 2981.517255211357 -165.89598754773164 27.41599398562645 135.31853587420193 6073.5148745186625 -4338.308868587558 -27.75583341808465 7463.864760065902 4.1265255253209014e-09 559.7163964023983 35.59741890121829 -23.132528408224385 34.58126139246118 0.0 7502.802678384963
687.0 -5611.933835824707 -1416.3002955791994 2977.645978175496 -165.83586579651836 27.37764589788398 135.27912071143487 6071.160028734357 -4341.6686190535665 -27.7961464594232 7463.902673396422 4.13769311139808e-09 559.3704989163216 35.502906765202844 -23.110977064356938 34.43399844162332 0.0 7502.745220032805
688.0 -5612.346483757225 -1422.6658010161404 2973.7703901903983 -165.77578771020023 27.33926771704905 135.2396672251122 6068.807950805223 -4345.020656685393 -27.83645674007994 7463.940602597484 4.148914050833506e-09 559.0235592604233 35.40846070230315 -23.089404766012407 34.28659230629787 0.0 7502.687534491279
689.0 -5612.751977037959 -1429.029187615117 2969.8904968252577 -165.71575322047457 27.300859510344086 135.20017548511922 6066.458649053095 -4348.3649917853145 -27.876764277639495 7463.978547426418 4.16018859939552e-09 558.6755614863317 35.31408218609115 -23.067811551402517 34.139043247590166 0.0 7502.629622037104
690.0 -5613.150314645039 -1435.3904471963651 2966.0063036557335 -165.6557622589429 27.262421344903878 135.16064556132233 6064.112131757767 -4351.701634653045 -27.91706909000186 7464.016507639858 4.171517013558786e-09 558.3264895642317 35.219772694335795 -23.0461974587287 33.991351526535254 0.0 7502.571482946437
691.0 -5613.541495565593 -1441.7495715828816 2962.11781626394 -165.5958147571119 27.223953287775743 135.12107752355817 6061.768407157132 -4355.030595585578 -27.957371195395808 7464.05448299374 4.182899550506266e-09 557.97632738283 35.1255337089714 -23.02456252617609 33.843517404056804 0.0 7502.513117494839
692.0 -5613.925518795755 -1448.1065526004334 2958.2250402384407 -165.53591064639417 27.185455405919445 135.08147144163772 6059.427483447312 -4358.35188487702 -27.997670612365937 7464.092473243309 4.194336468126894e-09 557.6250587494578 35.03136671610229 -23.002906791915787 33.69554114098256 0.0 7502.454525957277
693.0 -5614.302383340664 -1454.4613820775687 2954.327981174241 -165.47604985810938 27.146927766207305 135.04182738534337 6057.089368782803 -4361.665512818425 -28.03796735978881 7464.130478143114 4.205828025015241e-09 557.2726673901087 34.93727320599048 -22.981230294103277 33.54742299803358 0.0 7502.395708608111
694.0 -5614.672088214471 -1460.814051845625 2950.4266446727834 -165.4162323234851 27.108370435424195 135.0021454244291 6054.754071276601 -4364.971489697633 -28.07826145686863 7464.168497446999 4.2173744804703196e-09 556.9191369495064 34.843254673050545 -22.9595330708785 33.39916323582472 0.0 7502.3366657211
695.0 -5615.034632440335 -1467.1645537387408 2946.521036341937 -165.35645797365763 27.06978348026764 134.96242562861974 6052.421599000346 -4368.26982579912 -28.118552923130665 7464.206530908122 4.228976094347727e-09 556.5644573315392 34.74931240763406 -22.937815160365446 33.250762114861885 0.0 7502.277397569374
696.0 -5615.390015050433 -1473.512879593863 2942.611161795994 -165.29672673967312 27.03116696734766 134.92266806760944 6050.091959984449 -4371.560531403821 -28.158841778442138 7464.244578278933 4.240633126512824e-09 556.2086482708588 34.65544672196633 -22.916076600671357 33.102219895536415 0.0 7502.217904425451
697.0 -5615.738235085963 -1479.8590212507593 2938.6970266556627 -165.23703855248823 26.99252096318702 134.8828728110646 6047.765162218249 -4374.843616788997 -28.199128042994744 7464.282639311197 4.252345837323206e-09 555.851738419005 34.561657636931145 -22.894317429888282 32.95353683813597 0.0 7502.158186561226
698.0 -5616.079291597143 -1486.2029705520251 2934.7786365480583 -165.17739334297133 26.9538455342211 134.84303992862044 6045.441213650136 -4378.119092228057 -28.23941173732328 7464.320713755989 4.264114487831023e-09 555.493756603915 34.46794516908294 -22.872537686091228 32.804713202831664 0.0 7502.098244247974
699.0 -5616.413183643212 -1492.5447193430964 2930.8559971066966 -165.11779104190313 26.915140746798155 134.80316948987567 6043.120122187692 -4381.386967990418 -28.279692882289055 7464.358801363689 4.275939339783386e-09 555.1347318285826 34.37430933067346 -22.85073740733524 32.65574924965823 0.0 7502.038077756317
700.0 -5616.739910292439 -1498.884259472257 2926.9291139714896 -165.0582315799777 26.87640666717906 134.76326156440052 6040.801895697821 -4384.647254341344 -28.319971499095118 7464.396901883982 4.287820655618798e-09 554.7746932710132 34.28075012967122 -22.828916631659787 32.50664523854402 0.0 7501.977687356248
701.0 -5617.059470622124 -1505.2215827906496 2922.997992788736 -164.9987148878034 26.837643361537566 134.723316221731 6038.486542006898 -4387.899961541789 -28.3602476092874 7464.435015065864 4.299758698467648e-09 554.4136702840538 34.187267569748464 -22.80707539708564 32.35740142928952 0.0 7501.9170733171095
702.0 -5617.371863718596 -1511.5566811522854 2919.0626392111158 -164.9392408959037 26.798850895960225 134.6833335313683 6036.174068900888 -4391.145099848246 -28.400521234746748 7464.473140657629 4.3117537321511944e-09 554.0516923952671 34.093861650280395 -22.7852137416145 32.20801808156503 0.0 7501.856235907586
703.0 -5617.677088677224 -1517.889546414053 2915.1230588976814 -164.87980953471808 26.760029336446582 134.64331356277853 6033.8644841254945 -4394.382679512597 -28.440792397703717 7464.5112784068815 4.32380602118041e-09 553.6887893068052 34.00053236634538 -22.76333170322892 32.05849545490993 0.0 7501.795175395698
704.0 -5617.975144602417 -1524.2201704357294 2911.1792575138534 -164.8204207346029 26.721178748908947 134.60325638539695 6031.557795386294 -4397.612710781957 -28.48106112072992 7464.549428060529 4.335915830753505e-09 553.3249908953245 33.90727970873549 -22.741429319894575 31.908833808748263 0.0 7501.733892048806
705.0 -5618.266030607619 -1530.548545079989 2907.231240731412 -164.76107442583233 26.682299199172824 134.56316206861217 6029.254010348857 -4400.835203898529 -28.52132742674712 7464.587589364772 4.348083426759464e-09 552.9603272117113 33.814103663920484 -22.719506629551628 31.75903340232983 0.0 7501.672386133572
706.0 -5618.549745815322 -1536.8746622124133 2903.2790142284907 -164.7017705385991 26.643390752976487 134.52303068178588 6026.953136638906 -4404.050169099456 -28.56159133901815 7464.625762065122 4.3603090757708615e-09 552.5948284811338 33.72100421409469 -22.697563670125522 31.609094494803756 0.0 7501.6106579160005
707.0 -5618.826289357067 -1543.1985137015015 2899.3225836895685 -164.64250900301556 26.60445347597154 134.4828622942369 6024.655181842435 -4407.257616616664 -28.601852881164632 7464.663945906389 4.372593045047456e-09 552.2285251027633 33.627981337140845 -22.675600479518263 31.459017345159037 0.0 7501.548707661389
708.0 -5619.095660373444 -1549.5200914186794 2895.361954805465 -164.58328974911427 26.56548743372249 134.4426569752486 6022.360153505851 -4410.457556676724 -28.642112077154252 7464.702140632678 4.384935602532679e-09 551.8614476497086 33.53503500664846 -22.65361709561249 31.308802212252353 0.0 7501.486535634348
709.0 -5619.357858014093 -1555.8393872383092 2891.3971332733304 -164.52411270684917 26.52649269170719 134.40241479406134 6020.068059136113 -4413.649999500705 -28.68236895131281 7464.7403459874 4.397337016854743e-09 551.4936268688081 33.44216519189711 -22.631613556267276 31.158449354779385 0.0 7501.424142098776
710.0 -5619.612881437714 -1562.1563930376994 2887.428124796641 -164.46497780609613 26.48746931531658 134.36213581987914 6017.77890620086 -4416.834955304025 -28.722623528316717 7464.7785617132595 4.4097975573233065e-09 551.1250936805542 33.34937185787342 -22.60958989932188 31.007959031300366 0.0 7501.361527317872
711.0 -5619.860729812063 -1568.471100697115 2883.454935085191 -164.405884976654 26.448417369854965 134.32182012186036 6015.492702128549 -4420.012434296306 -28.762875833204134 7464.816787552257 4.422317493931125e-09 550.7558791788653 33.256654965250476 -22.587546162590563 30.857331500204722 0.0 7501.298691554101
712.0 -5620.101402313958 -1574.783502099786 2879.477569855088 -164.34683414824542 26.409336920539953 134.2814677691292 6013.209454308597 -4423.18244668124 -28.803125891371565 7464.855023245693 4.434897097349218e-09 550.3860146310484 33.164014470415744 -22.565482383868922 30.706567019754374 0.0 7501.23563506923
713.0 -5620.334898129282 -1581.093589131919 2875.496034828741 -164.28782525051756 26.370228032502467 134.241078830763 6010.929170091504 -4426.345002656439 -28.843373728572487 7464.89326853416 4.44753663892955e-09 550.0155314775376 33.07145032544317 -22.543398600926935 30.555665848036142 0.0 7501.172358124277
714.0 -5620.561216452982 -1587.4013536827056 2871.5103357348576 -164.22885821304305 26.331090770786982 134.20065337579535 6008.651856789 -4429.500112413295 -28.883619370926 7464.9315231575465 4.460236390702819e-09 549.6444613317741 32.97896247810171 -22.521294851510635 30.404628242973295 0.0 7501.108860979525
715.0 -5620.78035648908 -1593.7067876443314 2867.520478308437 -164.16993296532075 26.291925200351404 134.16019147321907 6006.377521674177 -4432.647786136841 -28.923862844916357 7464.9697868550375 4.4729966253762405e-09 549.2728359800843 32.88655087186369 -22.499171173343775 30.253454462336837 0.0 7501.045143894523
716.0 -5620.992317450666 -1600.0098829119884 2863.526468290761 -164.11104943677668 26.252731386067207 134.11969319198047 6004.106171981622 -4435.788034005615 -28.964104177392755 7465.008059365106 4.4858176163340686e-09 548.9006873814757 32.794215445893265 -22.4770276041247 30.102144763724045 0.0 7500.981207128065
717.0 -5621.197098559906 -1606.3106313838819 2859.528311429386 -164.05220755676467 26.213509392719455 134.07915860098274 6001.837814907551 -4438.920866191518 -29.004343395571595 7465.046340425524 4.498699637635271e-09 548.5280476675133 32.70195613505567 -22.45486418152814 29.950699404571004 0.0 7500.917050938193
718.0 -5621.394699048046 -1612.6090249612419 2855.526013478142 -163.99340725456733 26.174259285006954 134.03858776907927 5999.572457609948 -4442.046292859677 -29.044580527045127 7465.084629773347 4.511642964014349e-09 548.1549491421032 32.60977286990376 -22.43268094320163 29.79911864212786 0.0 7500.852675582175
719.0 -5621.585118155412 -1618.9050555483323 2851.5195801971167 -163.93464845939675 26.13498112754216 133.99798076508148 5997.3101072087 -4445.16432416831 -29.084815599767808 7465.122927144925 4.524647870882067e-09 547.7814242800736 32.51766557670933 -22.410477926769723 29.64740273348781 0.0 7500.788081316525
720.0 -5621.768355131411 -1625.1987150524603 2847.5090173526573 -163.87593110039538 26.0956749848514 133.9573376577506 5995.050770785701 -4448.274970268575 -29.12504864207108 7465.1612322758665 4.537714676591364e-09 547.4074931761702 32.42563428900627 -22.38825516982956 29.49555193555662 0.0 7500.723268396943
721.0 -5621.94440923454 -1631.489995383987 2843.494330717356 -163.81725510663682 26.05634092137482 133.91665851579955 5992.794455384745 -4451.378241304243 -29.165279682665414 7465.199544900723 4.550843846296389e-09 547.0331327026903 32.33367942174391 -22.36601270995185 29.343566505059552 0.0 7500.658237078
722.0 -5622.113279732386 -1637.7788884563356 2839.475526070049 -163.7586204071266 26.01697900146653 133.87594340789457 5990.541168011427 -4454.474147411398 -29.205508750634408 7465.237864752709 4.564035878278884e-09 546.658310264965 32.241801471248934 -22.343750584681775 29.19144669854738 0.0 7500.592987612858
723.0 -5622.274965901624 -1644.0653861860014 2835.452609195807 -163.70002693080298 25.977589289394643 133.835192402652 5988.290915633264 -4457.562698718291 -29.245735875439323 7465.276191563677 4.5772912726555865e-09 546.2829930936383 32.15000093262224 -22.32146883153726 29.039192772384652 0.0 7500.527520253242
724.0 -5622.429467028022 -1650.3494804925601 2831.4255858859283 -163.64147460653777 25.938171849341323 133.79440556863275 5986.043705179829 -4460.643905345205 -29.285961086927045 7465.314525064108 4.590610531377629e-09 545.9071482447861 32.05827829972525 -22.29916748800588 28.886804982728485 0.0 7500.461835249399
725.0 -5622.576782406451 -1656.6311632986774 2827.3944619379313 -163.58296336313703 25.898726745402907 133.75358297435218 5983.7995435428775 -4463.717777404316 -29.32618441532668 7465.352864983117 4.603994158224817e-09 545.5307426001826 31.96663406520156 -22.27684659155034 28.734283585566125 0.0 7500.395932850131
726.0 -5622.716911340875 -1662.9104265301187 2823.3592431555526 -163.524493129342 25.859254041589974 133.7127246882706 5981.558437576489 -4466.784324999566 -29.366405891260683 7465.39121104844 4.617442658806277e-09 545.1537428673885 31.875068720454372 -22.25450617960323 28.581628836679005 0.0 7500.32981330276
727.0 -5622.849853144368 -1669.187262115757 2819.3199353487344 -163.46606383382985 25.81975380182729 133.67183077879577 5979.320394097195 -4469.843558226525 -29.406625545750103 7465.429562986432 4.630956540557155e-09 544.7761155799506 31.783582755651285 -22.232146289568394 28.428840991652134 0.0 7500.263476853121
728.0 -5622.975607139104 -1675.461661987584 2815.2765443336216 -163.40767540521426 25.78022608995413 133.63090131428464 5977.08541988411 -4472.89548717227 -29.446843410199108 7465.467920522068 4.6445363127354884e-09 544.3978270975995 31.69217665972749 -22.20976695882193 28.27592030588094 0.0 7500.196923745563
729.0 -5623.094172656366 -1681.7336180807167 2811.2290759325533 -163.34932777204654 25.740670969724142 133.58993636303674 5974.853521679069 -4475.940121915242 -29.487059516425234 7465.506283378933 4.658182486421924e-09 544.0188436063681 31.600850920369844 -22.187368224708504 28.122867034546054 0.0 7500.130154222933
730.0 -5623.205549036549 -1688.0031223334086 2807.1775359740545 -163.29102086281605 25.701088504805526 133.54893599329912 5972.624706186755 -4478.97747252513 -29.52727389664051 7465.544651279221 4.671895574515499e-09 543.6391311188228 31.50960602402733 -22.16495012454411 27.969681432632186 0.0 7500.063168526562
731.0 -5623.30973562916 -1694.270166687058 2803.121930292835 -163.23275460595113 25.66147875878106 133.50790027325925 5970.398980074838 -4482.007549062732 -29.56748658346646 7465.583023943733 4.685676091733481e-09 543.2586554741811 31.418442455894336 -22.142512695612147 27.816363754901356 0.0 7499.995966896256
732.0 -5623.406731792819 -1700.534743086218 2799.062264729775 -163.17452892981993 25.621841795148217 133.46682927104948 5968.176349974099 -4485.030361579835 -29.607697609937077 7465.621401091866 4.6995245546073056e-09 542.8773823385415 31.327360699919904 -22.12005597516589 27.662914255909687 0.0 7499.928549570293
733.0 -5623.496536895271 -1706.796843478603 2794.998545131926 -163.11634376273102 25.582177677319297 133.42572305474616 5965.956822478565 -4488.0459201190815 -29.647907009497658 7465.65978244161 4.7134414814802804e-09 542.495277205064 31.236361238805006 -22.097580000427993 27.50933319000412 0.0 7499.8609167854165
734.0 -5623.579150313378 -1713.0564598151016 2790.930777352499 -163.05819903293425 25.542486468621306 133.38458169236802 5963.74040414565 -4491.0542347138535 -29.68811481601483 7465.698167709561 4.727427392505538e-09 542.1123053941456 31.14544455399816 -22.0750848085896 27.355620811316232 0.0 7499.793068776818
735.0 -5623.654571433124 -1719.313584049783 2786.858967250858 -163.0000946686214 25.50276823229636 133.34340525187088 5961.527101496273 -4494.055315388141 -29.72832106377109 7465.73655661089 4.741482809645223e-09 541.728432053563 31.05461112568316 -22.052570436807454 27.2017773737426 0.0 7499.725005778126
736.0 -5623.722799649624 -1725.5682081399066 2782.783120692515 -162.9420305979269 25.46302303150148 133.3021938011516 5959.316921014996 -4497.049172156421 -29.768525787474346 7465.774948859359 4.755608256666542e-09 541.3436221587053 30.96386143278712 -22.030036922206065 27.047803130959473 0.0 7499.656728021398
737.0 -5623.783834367121 -1731.8203240459327 2778.703243549123 -162.88400674892884 25.42325092930877 133.26094740805075 5957.109869150161 -4500.035815023533 -29.808729022262696 7465.813344167311 4.769804259138186e-09 540.957840512794 30.8731959529858 -22.007484301879174 26.893698336432934 0.0 7499.588235737131
738.0 -5623.8376749989875 -1738.0699237315287 2774.6193416984693 -162.8260230496493 25.383451988705595 133.2196661403433 5954.905952314011 -4503.015253984563 -29.848930803702842 7465.851742245664 4.7840713444309135e-09 540.5710517469931 30.782615162682276 -21.984912612884628 26.739463243383685 0.0 7499.51952915422
739.0 -5623.884320967732 -1744.3169991635816 2770.531421024467 -162.7680794280554 25.343626272594594 133.17835006574168 5952.7051768828305 -4505.987499024712 -29.889131167800315 7465.890142803911 4.798410041713786e-09 540.1832203206387 30.69211953701347 -21.962321892246106 26.58509810479911 0.0 7499.450608499969
740.0 -5623.923771704999 -1750.5615423122038 2766.43948741715 -162.71017581205987 25.303773843793703 133.1369992518963 5950.507549197068 -4508.952560119185 -29.929330150996066 7465.928545550108 4.812820881951385e-09 539.7943105214438 30.601709549850405 -21.939712176953357 26.43060317343458 0.0 7499.381474000073
741.0 -5623.956026651575 -1756.8035451507449 2762.343546772666 -162.6523121295218 25.26389476503637 133.09561376639502 5948.313075561479 -4511.910447233072 -29.969527790174425 7465.966950190884 4.8273043979012495e-09 539.4042864656958 30.51138567379677 -21.917083503961937 26.27597870181195 0.0 7499.312125878623
742.0 -5623.981085257384 -1763.0429996557993 2758.2436049932685 -162.59448830824735 25.223989098971582 133.05419367675785 5946.121762245244 -4514.861170321225 -30.009724122664466 7466.005356431426 4.841861124113067e-09 539.0131120984132 30.421148380176756 -21.894435910190303 26.12122494219951 0.0 7499.242564358076
743.0 -5623.998946981501 -1769.2798978072153 2754.139667987312 -162.53670427599047 25.184056908163917 133.01273905044212 5943.933615482108 -4517.804739328142 -30.049919186242505 7466.043763975478 4.856491596924138e-09 538.6207511935975 30.330998139045867 -21.871769432522644 25.966342146631376 0.0 7499.172789659265
744.0 -5624.009611292144 -1775.5142315881055 2750.031741669242 -162.47895996045372 25.144098255093784 132.97124995483412 5941.748641470512 -4520.741164187852 -30.090113019145065 7466.08217252534 4.8711963502865105e-09 538.227170381026 30.24093541897873 -21.84908410780429 25.811330566876222 0.0 7499.102802001371
745.0 -5624.013077666681 -1781.7459929848537 2745.9198319595926 -162.42125528928872 25.104113202157286 132.92972645726033 5939.566846373769 -4523.670454823844 -30.13030566005682 7466.120581781932 4.885975875683401e-09 537.832368213426 30.150960685234068 -21.82637997284789 25.656190454479272 0.0 7499.032601602011
746.0 -5624.009345591638 -1787.9751739871263 2741.803944784977 -162.36359019009709 25.064101811666532 132.88816862497526 5937.3882363203065 -4526.59262114902 -30.170497148130153 7466.1589914449105 4.900830639507923e-09 537.436362563296 30.06107440053394 -21.803657064426726 25.5009220607169 0.0 7498.9621886773275
747.0 -5623.998414562688 -1794.2017665878802 2737.6840860780785 -162.30596459043105 25.024064145849604 132.8465765251599 5935.2128174038035 -4529.507673065605 -30.21068752297765 7466.197401212695 4.915761109196699e-09 537.0391716674142 29.971277026272453 -21.780915419273875 25.345525636590644 0.0 7498.891563442005
748.0 -5623.980284084666 -1800.4257627833729 2733.5602617776485 -162.24837841779402 24.984000266850707 132.80495022493113 5933.040595683334 -4532.415620465039 -30.250876824673696 7466.235810782472 4.930767753587191e-09 536.6408138635098 29.88156902255283 -21.758155074087398 25.19000143286281 0.0 7498.820726109283
749.0 -5623.954953671568 -1806.6471545731706 2729.4324778284954 -162.19083159964148 24.943910236730254 132.76328979133396 5930.87157718349 -4535.316473227853 -30.291065093772886 7466.274219850181 4.945851042918214e-09 536.2413075900749 29.79195084817004 -21.735376065526 25.034349700026844 0.0 7498.749676890945
750.0 -5623.922422846553 -1812.865933960158 2725.30074018148 -162.13332406338165 24.903794117464937 132.72159529134353 5928.7057678945175 -4538.210241223573 -30.33125237129957 7466.312628110522 4.96101144882683e-09 535.8406713862688 29.70242296061515 -21.712578430210236 24.87857068831535 0.0 7498.6784159972985
751.0 -5623.882691141943 -1819.0820929505487 2721.1650547935064 -162.07585573637587 24.86365197094784 132.67986679185742 5926.543173772436 -4541.096934310601 -30.3714386987499 7466.351035256943 4.976249444348866e-09 535.4389238917272 29.612985816058444 -21.68976220471822 24.722664647671095 0.0 7498.6069436371645
752.0 -5623.83575809923 -1825.295623553893 2717.0254276275177 -162.01842654593966 24.8234838589886 132.63810435970453 5924.3838007391805 -4543.976562336113 -30.41162411810069 7466.389440981647 4.991565503913335e-09 535.036083846531 29.523639869368388 -21.666927425590522 24.56663182778024 0.0 7498.535260017887
753.0 -5623.781623269077 -1831.506517783087 2712.881864652487 -161.96103641934323 24.783289843313344 132.59630806163815 5922.227654682725 -4546.849135135944 -30.4518086718183 7466.427844975583 5.006960103342618e-09 534.6321700910216 29.4343855740966 -21.64407412932639 24.410472478046508 0.0 7498.463365345314
754.0 -5623.720286211318 -1837.7147676543832 2708.7343718434117 -161.90368528381202 24.743069985565047 132.55447796433745 5920.074741457214 -4549.714662534494 -30.4919924028477 7466.466246928447 5.022433719849601e-09 534.2272015656949 29.345223382480818 -21.621202352384504 24.254186847596564 0.0 7498.391259823794
755.0 -5623.651746494965 -1843.9203651873984 2704.582955181305 -161.8463730665276 24.702824347303345 132.51261413440457 5917.925066883089 -4552.573154344606 -30.532175354626588 7466.504646528675 5.037986832036379e-09 533.821197311055 29.25615374543875 -21.598312131181466 24.097775185269427 0.0 7498.318943656161
756.0 -5623.5760036982065 -1850.123302405124 2700.42762065319 -161.7890996946281 24.662552990004862 132.47071663836553 5915.778636747218 -4555.424620367472 -30.57235757108174 7466.5430434634445 5.053619919891582e-09 533.4141764674993 29.167177112569796 -21.57540350209223 23.94123773961962 0.0 7498.2464170437315
757.0 -5623.493057408412 -1856.323571333934 2696.268374252092 -161.7318650952091 24.62225597506317 132.42878554266878 5913.6354568030265 -4558.269070392529 -30.612539096638102 7466.58143741867 5.069333464788559e-09 533.0061582751848 29.078293932152047 -21.55247650144935 23.78457475891186 0.0 7498.173680186302
758.0 -5623.402907222135 -1862.5211640035961 2692.105221977034 -161.674669195324 24.581933363788984 132.38682091368455 5911.4955327706275 -4561.106514197345 -30.65271997621994 7466.619828079 5.085127949483262e-09 532.5971620738978 28.98950465114082 -21.529531165542608 23.627786491118652 0.0 7498.100733282134
759.0 -5623.305552745113 -1868.7160724472785 2687.938169833025 -161.61751192198486 24.541585217410237 132.34482281770232 5909.358870336943 -4563.936961547534 -30.692900255248333 7466.658215127818 5.101003858112833e-09 532.187207302905 28.90080971516337 -21.50656753061764 23.470873183910832 0.0 7498.027576527942
760.0 -5623.200993592273 -1874.9082887015609 2683.767223831057 -161.56039320216314 24.50121159707217 132.3027913209335 5907.225475155841 -4566.760422196635 -30.733079979655486 7466.696598247231 5.116961676192244e-09 531.7763135008549 28.81220956852449 -21.483585632877375 23.31383508466739 0.0 7497.954210118903
761.0 -5623.089229387736 -1881.097804806443 2679.5923899880977 -161.50331296279 24.460812563837475 132.26072648950853 5905.095352848261 -4569.576905886023 -30.773259195879973 7466.734977118082 5.133001890612988e-09 531.3645003056251 28.723704654200652 -21.460585508480495 23.15667244046501 0.0 7497.880634248635
762.0 -5622.970259764808 -1887.2846128053538 2675.4136743270797 -161.44627113075725 24.42038817868635 132.2186283894717 5902.968509002335 -4572.386422344809 -30.813437950868547 7466.773351419927 5.149124989642728e-09 530.9517874541427 28.63529541382897 -21.437567193538552 22.999385498058317 0.0 7497.806849109184
763.0 -5622.844084365998 -1893.4687047451616 2671.231082876898 -161.38926763291784 24.379938502516666 132.17649708679016 5900.844949173526 -4575.188981289733 -30.853616292088873 7466.811720831054 5.165331462919443e-09 530.5381947823479 28.54698228772657 -21.41453072412095 22.841974503913953 0.0 7497.732854891037
764.0 -5622.710702843012 -1899.650072676182 2667.044621672402 -161.33230239608642 24.339463596144025 132.1343326473434 5898.724678884748 -4577.984592425076 -30.89379426752066 7466.850085028465 5.181621801453123e-09 530.1237422249592 28.458765714868317 -21.391476136249132 22.684439704170735 0.0 7497.658651783096
765.0 -5622.570114856752 -1905.8287086521873 2662.8542967543854 -161.27537534704018 24.2989635203019 132.0921351369277 5896.607703626498 -4580.77326544255 -30.93397192567295 7466.8884436878825 5.197996497621636e-09 529.7084498153912 28.370646132896653 -21.36840346589906 22.526781344656875 0.0 7497.584239972678
766.0 -5622.42232007733 -1912.0046047304163 2658.660114169583 -161.21848641251927 24.25843833564177 132.0499046212535 5894.494028856976 -4583.555010021211 -30.974149315570457 7466.926796483739 5.2144560451694226e-09 529.2923376855967 28.282623978116064 -21.345312748999742 22.368999670879596 0.0 7497.509619645507
767.0 -5622.267318184059 -1918.1777529715835 2654.46207997066 -161.1616355192275 24.21788810273317 132.007641165945 5892.383660002224 -4586.329835827357 -31.014326486769505 7466.96514308918 5.231000939205195e-09 528.8754260659325 28.194699685492743 -21.32220402143307 22.211094928024252 0.0 7497.434790985707
768.0 -5622.10510886546 -1924.348145439888 2650.260200216209 -161.10482259383284 24.177312882063834 131.96534483653704 5890.276602456234 -4589.097752514434 -31.054503489358467 7467.003483176057 5.247631682770067e-09 528.4577332981773 28.106873627052558 -21.29907731903205 22.053067360942116 0.0 7497.359754175781
769.0 -5621.935691819268 -1930.515774203022 2646.0544809707403 -161.04804756296824 24.136712734039865 131.92301569848067 5888.172861581031 -4591.858769722895 -31.094680373962774 7467.041816414849 5.264348826000792e-09 528.0392639893867 28.019145744639722 -21.275932677583864 21.894917214171322 0.0 7497.284509396553
770.0 -5621.759066752429 -1936.6806313321806 2641.8449283046752 -160.9913103532321 24.096087718985682 131.88065381713446 5886.0724427067 -4594.612897080035 -31.13485719173923 7467.0801424745505 5.281152940062525e-09 527.6200168958482 27.931515794325364 -21.252770132825148 21.736644731904676 0.0 7497.209056827027
771.0 -5621.575233381104 -1942.8427089020715 2637.6315482943382 -160.9346108911888 24.05543789714439 131.8382592577655 5883.975351131507 -4597.360144199887 -31.175033994389878 7467.118461022652 5.298044597880765e-09 527.1999907496456 27.84398352704952 -21.229589720442497 21.57825015799304 0.0 7497.133396644359
772.0 -5621.384191430671 -1949.001998990923 2633.414347021954 -160.87794910336942 24.014763328677667 131.7958320855531 5881.8815921220175 -4600.100520683137 -31.21521083415837 7467.156771725134 5.315024374066567e-09 526.7791842799992 27.75654868929391 -21.206391476074547 21.419733735959483 0.0 7497.057529023875
773.0 -5621.18594063573 -1955.1584936804927 2629.1933305756347 -160.82132491627232 23.97406407366604 131.75337236558158 5879.791170913232 -4602.834036117015 -31.255387763842236 7467.195074246468 5.332092844916603e-09 526.3575962131996 27.66921102307178 -21.183175435307966 21.261095708972093 0.0 7496.981454139035
774.0 -5620.980480740103 -1961.3121850560779 2624.9685050493777 -160.7647382563637 23.933340192108822 131.71088016284608 5877.7040927087 -4605.560700075218 -31.295564836791527 7467.233368249608 5.349250588407976e-09 525.9352252726716 27.581970265944648 -21.159941633680653 21.102336319865607 0.0 7496.90517216145
775.0 -5620.7678114968385 -1967.463065206523 2620.7398765430553 -160.70818905007812 23.892591743924505 131.66835554224323 5875.620362680648 -4608.280522117817 -31.33574210690631 7467.271653395993 5.366498184199091e-09 525.5120701788887 27.49482615100827 -21.13669010667667 20.94345581110694 0.0 7496.828683260845
776.0 -5620.54793266821 -1973.6111262242296 2616.5074511624107 -160.6516772238192 23.851818788950553 131.62579856857982 5873.5399859701065 -4610.993511791159 -31.375919628652355 7467.309929345535 5.383836213623332e-09 525.0881296494639 27.40777840691521 -21.11342088973094 20.78445442482722 0.0 7496.75198760508
777.0 -5620.320844025726 -1979.7563602051653 2612.2712350190486 -160.5952027039602 23.811021386943878 131.5832093065644 5871.4629676870345 -4613.699678627782 -31.41609745706228 7467.348195756628 5.401265259689585e-09 524.6634023990724 27.320826757862683 -21.090134018224678 20.62533240279061 0.0 7496.675085360123
778.0 -5620.086545350119 -1985.8987592488718 2608.03123423043 -160.5387654168444 23.770199597580586 131.5405878208077 5869.38931291044 -4616.3990321463325 -31.4562756477294 7467.386452286135 5.418785907079255e-09 524.2378871394617 27.233970923598434 -21.066829527485595 20.466089986395648 0.0 7496.5979766900455
779.0 -5619.845036431367 -1992.038315458476 2603.7874549198623 -160.48236528878593 23.72935348045641 131.49793417582475 5867.319026688507 -4619.091581851466 -31.496454256825245 7467.424698589387 5.436398742142495e-09 523.8115825794787 27.14721061943035 -21.043507452789108 20.30672741668353 0.0 7496.520661757013
780.0 -5619.596317068676 -1998.175020940697 2599.539903216496 -160.42600224607017 23.688483095086713 131.45524843603164 5865.252114038717 -4621.777337233766 -31.53663334109615 7467.462934320181 5.454104352896727e-09 523.3844874250428 27.060545556224756 -21.02016782935651 20.147244934325624 0.0 7496.443140721291
781.0 -5619.340387070497 -2004.3088678058555 2595.288585255317 -160.36967621495432 23.64758850090655 131.4125306657441 5863.188579947976 -4624.456307769662 -31.57681295786324 7467.501159130781 5.471903329024341e-09 522.9566003791372 26.97397544040892 -20.996810692354227 19.98764277961844 0.0 7496.365413741214
782.0 -5619.07724625452 -2010.4398481678825 2591.0335071771365 -160.31338712166811 23.606669757270875 131.36978092917963 5861.128429372735 -4627.128502921333 -31.61699316504246 7467.539372671906 5.489796261868987e-09 522.5279201418364 26.88749997398053 -20.973436076894977 19.827921192491388 0.0 7496.287480973202
783.0 -5618.806894447682 -2016.5679541443299 2586.7746751285868 -160.25713489241414 23.565726923454687 131.3269992904514 5859.07166723911 -4629.793932136631 -31.657174021128185 7467.577574592731 5.507783744435238e-09 522.0984454102501 26.80111885450065 -20.950044018034433 19.66808041248415 0.0 7496.2093425717285
784.0 -5618.529331486163 -2022.6931778563774 2582.5120952621137 -160.20091945336858 23.524760058653083 131.28418581357016 5857.0182984430085 -4632.452604848994 -31.69735558520688 7467.615764540887 5.525866371384977e-09 521.6681748785485 26.71483177510296 -20.926634550772267 19.508120678753748 0.0 7496.130998689324
785.0 -5618.244557215398 -2028.8155114288434 2578.2457737359687 -160.1447407306817 23.483769221981387 131.24134056244696 5854.968327850255 -4635.10453047736 -31.73753791696504 7467.653942162451 5.5440447390333835e-09 521.2371072379943 26.6286384245046 -20.90320771005363 19.34804223008463 0.0 7496.052449476581
786.0 -5617.952571490069 -2034.9349469901917 2573.9757167142025 -160.08859865047827 23.442754472475386 131.19846360088442 5852.921760296707 -4637.749718426089 -31.777721076687158 7467.692107101952 5.56231944534978e-09 520.8052411768612 26.542538486993983 -20.879763530764386 19.187845304856182 0.0 7495.973695082119
787.0 -5617.653374174112 -2041.051476672543 2569.7019303666602 -160.0324931388584 23.401715869091266 131.15555499258173 5850.878600588376 -4640.388178084881 -31.817905125260268 7467.730259002361 5.580691089952677e-09 520.3725753804888 26.456531642446393 -20.856302047733852 19.027530141061344 0.0 7495.894735652596
788.0 -5617.346965140724 -2047.1650926116815 2565.4244208689693 -159.97642412189776 23.36065347070599 131.11261480113328 5848.838853501558 -4643.0199188286815 -31.85809012418099 7467.768397505087 5.599160274107499e-09 519.9391085312747 26.37061756632671 -20.832823295734052 18.867096976301546 0.0 7495.815571332701
789.0 -5617.033344272354 -2053.2757869470656 2561.143194402536 -159.9203915256483 23.319567336117167 131.06964309002342 5846.802523782947 -4645.644950017625 -31.898276135553942 7467.806522249979 5.6177276007260126e-09 519.5048393086267 26.28479592968446 -20.809327309476828 18.70654604776705 0.0 7495.736202265134
790.0 -5616.712511460716 -2059.383551821836 2556.85825715454 -159.86439527613877 23.27845752404343 131.0266399226291 5844.769616149758 -4648.26328099693 -31.93846322210652 7467.84463287532 5.6363936743623655e-09 519.0697663889945 26.199066399164728 -20.785814123615296 18.545877592246814 0.0 7495.656628590605
791.0 -5616.384466606788 -2065.488379382825 2552.5696153179206 -159.8084352993751 23.237324093124325 130.9836053622195 5842.740135289847 -4650.874921096837 -31.97865144717639 7467.882729017825 5.65515910360875e-09 518.6338882853964 26.113428665163752 -20.76228377274365 18.385091846127153 0.0 7495.5768504478265
792.0 -5616.049209620811 -2071.5902617805646 2548.277275091378 -159.75251152134112 23.196167101920608 130.94053947194922 5840.714085861745 -4653.47987963245 -32.01884087472922 7467.92081031252 5.674024603521051e-09 518.197196493996 26.02788364405002 -20.73873629139345 18.22418904536642 0.0 7495.496867973384
793.0 -5615.706740422296 -2077.6891911692965 2543.9812426793615 -159.69662386799902 23.154986608914413 130.89744231486878 5838.691472494416 -4656.07816590337 -32.059031569361196 7467.958876392281 5.692991034605585e-09 517.759672885089 25.94243393588767 -20.715171714039325 18.063169425533907 0.0 7495.416681301288
794.0 -5615.357058940024 -2083.7851597069807 2539.6815242920616 -159.64077226528974 23.113782672509167 130.85431395390933 5836.67229978722 -4658.669789193496 -32.0992235962899 7467.996926887631 5.7120592704302204e-09 517.321298561443 25.857082270440117 -20.691590075090637 17.902033221753005 0.0 7495.336290562734
795.0 -5615.000165112048 -2089.8781595553005 2535.378126145409 -159.58495663913362 23.072555351029994 130.81115445189482 5834.6565723100275 -4661.254758770938 -32.13941702137549 7468.03496142672 5.7312301873247326e-09 516.8820545470358 25.77183138640272 -20.66799140889815 17.74078066874666 0.0 7495.25569588611
796.0 -5614.636058885698 -2095.9681828796756 2531.071054461062 -159.52917691543104 23.03130470272368 130.76796387152677 5832.644294603338 -4663.8330838879365 -32.179611911125676 7468.072979635327 5.75050466438302e-09 516.4419217870225 25.68668403135776 -20.644375749745667 17.579412000780266 0.0 7495.174897396961
797.0 -5614.264740217578 -2102.055221849267 2526.7603154664034 -159.47343302006252 22.990030785758815 130.724742275401 5830.635471178395 -4666.40477378079 -32.21980833268367 7468.110981136852 5.769883583451076e-09 516.0008811480286 25.60164296179275 -20.620743131859218 17.417927451724402 0.0 7495.093895218019
798.0 -5613.886209073577 -2108.139268636986 2522.445915394533 -159.41772487888971 22.948733658226082 130.68148972599187 5828.630106517313 -4668.969837669763 -32.26000635386026 7468.148965552307 5.789367829129483e-09 515.5589134181137 25.516710943054367 -20.597093589398384 17.256327254995675 0.0 7495.012689469148
799.0 -5613.500465428863 -2114.2203154195026 2518.1278604842596 -159.36205241775554 22.90741337813821 130.63820628565597 5826.628205073182 -4671.528284759029 -32.30020604311699 7468.18693250031 5.808958288767183e-09 515.1159993069316 25.43189074934114 -20.5734271564584 17.09461164357097 0.0 7494.931280267358
800.0 -5613.107509267888 -2120.2983543772543 2513.8061569800975 -159.30641556248491 22.86607000343026 130.5948920166327 5824.629771270194 -4674.080124236572 -32.34040746959249 7468.224881597082 5.828655852456719e-09 514.6721194458598 25.34718516368949 -20.549743867070404 16.93278084998915 0.0 7494.849667726783
801.0 -5612.707340584393 -2126.3733776944546 2509.480811132257 -159.25081423888514 22.82470359195967 130.55154698104178 5822.634809503755 -4676.625365274124 -32.38061070308845 7468.2628124564335 5.848461413030816e-09 514.2272543880968 25.26259697795399 -20.526043755200064 16.770835106341792 0.0 7494.767851958674
802.0 -5612.2999593814075 -2132.4453775591005 2505.1518291966386 -159.1952483727464 22.78331420150644 130.50817124088317 5820.643324140605 -4679.164017027091 -32.420815814091156 7468.30072468977 5.868375866057824e-09 513.7813846087869 25.17812899279258 -20.502326854747622 16.608774644273332 0.0 7494.685833071393
803.0 -5611.885365671252 -2138.514346162979 2500.8192174348264 -159.13971788984225 22.741901889773327 130.46476485803328 5818.655319518926 -4681.696088634464 -32.46102287376789 7468.33861790607 5.888400109838996e-09 513.3344905051038 25.093784017644076 -20.47859319954572 16.44659969496636 0.0 7494.60361117039
804.0 -5611.463559475544 -2144.58027570168 2496.482982114082 -159.08422271593028 22.700466714385815 130.4213278942504 5816.670799948476 -4684.221589218758 -32.50123195398169 7468.376491711895 5.908535045401413e-09 512.8865523964312 25.00956487072396 -20.454842823362444 16.284310489162277 0.0 7494.521186358208
805.0 -5611.034540825194 -2150.6431583746003 2492.143129507337 -159.02876277675222 22.659008732892506 130.37786041116388 5814.689769710682 -4686.740527885935 -32.54144312728522 7468.4143457113705 5.928781576498484e-09 512.4375505243751 24.925474378988483 -20.431075759895364 16.121907257120693 0.0 7494.438558734454
806.0 -5610.598309760411 -2156.702986384954 2487.799665893189 -158.9733379980348 22.617528002765084 130.3343624702811 5812.712233058774 -4689.25291372533 -32.58165646694192 7468.452179506188 5.949140609602233e-09 511.98746505296043 24.841515378133316 -20.407292042775357 15.959390228645455 0.0 7494.3557283958
807.0 -5610.154866330709 -2162.7597519397796 2483.452597555888 -158.91794830549006 22.576024581398507 130.2908341329815 5810.738194217886 -4691.758755809579 -32.62187204691986 7468.489992695594 5.969613053901539e-09 511.53627606869367 24.757690712567236 -20.383491705563358 15.79675963306255 0.0 7494.272695435963
808.0 -5609.704210594902 -2168.81344724995 2479.101930785338 -158.86259362481573 22.534498526111115 130.24727546052054 5808.767657385181 -4694.258063194546 -32.662089941898785 7468.527784876382 5.990199821295843e-09 511.08396358072775 24.674003235404783 -20.359674781752503 15.63401569923458 0.0 7494.189459945708
809.0 -5609.246342621111 -2174.8640645301775 2474.7476718770868 -158.80727388169598 22.49294989414491 130.20368651402578 5806.8006267299625 -4696.750844919255 -32.70231022729081 7468.565555642892 6.010901826392451e-09 510.630507520947 24.590455808443966 -20.335841304765985 15.471158655546361 0.0 7494.106022012829
810.0 -5608.781262486765 -2180.9115959990254 2470.3898271323174 -158.75198900180152 22.451378742665618 130.16006735449076 5804.8371063937875 -4699.237110005817 -32.742532979223824 7468.6033045870045 6.031719986504994e-09 510.1758877440272 24.50705130213969 -20.31199130795375 15.308188729882065 0.0 7494.022381722129
811.0 -5608.308970278603 -2186.9560338789147 2466.0284028578453 -158.69673891079043 22.4097851287627 130.11641804278526 5802.877100490584 -4701.716867459363 -32.78275827456696 7468.641031298129 6.052655221644121e-09 509.7200840276669 24.423792595608525 -20.288124824598036 15.145106149663293 0.0 7493.938539155425
812.0 -5607.82946609268 -2192.997370396133 2461.6634053661096 -158.64152353430836 22.3681691094498 130.07273863964622 5800.920613106757 -4704.190126267971 -32.82298619092944 7468.678735363199 6.073708454517311e-09 509.26307607261833 24.340682576596667 -20.26424188790848 14.981911141815518 0.0 7493.854494391534
813.0 -5607.342750034362 -2199.035597780841 2457.294840975165 -158.58634279798912 22.32653074166463 130.02902920567385 5798.967648301308 -4706.656895402603 -32.863216806660375 7468.7164163666675 6.094880610526379e-09 508.8048435027705 24.25772414145765 -20.240342531019937 14.818603932753248 0.0 7493.770247506242
814.0 -5606.848822218335 -2205.0707082670833 2452.922716008678 -158.531196627455 22.28487008226923 129.98528980133963 5797.018210105951 -4709.117183817034 -32.90345020086647 7468.7540738905045 6.116172616693238e-09 508.3453661626743 24.174920144985606 -20.216426786996884 14.655184748410036 0.0 7493.6857985723245
815.0 -5606.347682768604 -2211.1026940927945 2448.5470367959188 -158.47608494831738 22.24318718805015 129.94152048697788 5795.072302525275 -4711.571000447828 -32.943686453415694 7468.791707514253 6.137585340018044e-09 507.88464131093167 24.092270499294692 -20.19249468882879 14.491653814206998 0.0 7493.601147659584
816.0 -5605.839331818495 -2217.1315474998087 2444.167809671755 -158.42100768617712 22.201482115718502 129.89772132278887 5793.1299295371 -4714.018354214476 -32.983925644932015 7468.829316815349 6.159119553381966e-09 507.4226931292639 24.009770569340738 -20.168546269431854 14.328011355064431 0.0 7493.516294835168
817.0 -5605.323769510662 -2223.1572607338676 2439.785040976644 -158.36596476662498 22.1597549219102 129.8538923688347 5791.191095092727 -4716.4592540194235 -33.02416785682544 7468.86690136927 6.180776023462839e-09 506.9595482000849 23.927415310660933 -20.144581561646696 14.164257595386365 0.0 7493.431240163708
818.0 -5604.80099599708 -2229.179826044629 2435.3987370566256 -158.31095611524202 22.118005663186082 129.81003368503718 5789.255803117027 -4718.893708748019 -33.06441317127042 7468.904460749526 6.202555518924842e-09 506.4952332213721 23.84519965494959 -20.12060059823726 14.000392759052763 0.0 7493.345983707311
819.0 -5604.271011439061 -2235.1992356856763 2431.0089042633176 -158.25598165760013 22.07623439603199 129.76614533118646 5787.324057508579 -4721.3217272684415 -33.10466167123241 7468.941994527671 6.224458810411029e-09 506.02977500656357 23.763118510113213 -20.096603411895472 13.836417069451533 0.0 7493.260525525578
820.0 -5603.733816007242 -2241.2154819145267 2426.615548953905 -158.20104131926234 22.034441176859065 129.7222273669243 5785.395862139765 -4723.743318431649 -33.14491344045723 7468.979502273288 6.246486670548425e-09 505.56320048418735 23.681166760278334 -20.072590035232135 13.672330749416256 0.0 7493.17486567555
821.0 -5603.189409881598 -2247.2285569926394 2422.218677491137 -158.14613502578342 21.992626062003733 129.6782798517542 5783.471220856897 -4726.15849107131 -33.18516856348788 7469.016983553994 6.268639873939837e-09 505.0955366977753 23.599339265849665 -20.048560500782465 13.508134021264013 0.0 7493.089004211741
822.0 -5602.637793251436 -2253.238453185424 2417.818296243315 -158.09126270271008 21.950789107727978 129.63430284503872 5781.550137480316 -4728.567254003749 -33.22542712565905 7469.054437935427 6.290919197162053e-09 504.6268108056383 23.51763086354401 -20.02451484100458 13.343827106785083 0.0 7493.002941186119
823.0 -5602.078966315403 -2259.2451627622513 2413.414411584292 -158.03642427558162 21.90893037021944 129.5902964059913 5779.632615804514 -4730.969616027885 -33.265689213115365 7469.0918649812575 6.313325418766799e-09 504.15705008058717 23.436036366414594 -20.00045308827511 13.179410227212887 0.0 7492.916676648073
824.0 -5601.512929281487 -2265.2486779964584 2409.0070298934584 -157.98161966993015 21.867049905591614 129.54626059368718 5777.718659598243 -4733.365585925171 -33.30595491280087 7469.129264253171 6.335859319272141e-09 503.68628190985214 23.354550563910337 -19.97637527489509 13.014883603264336 0.0 7492.830210644458
825.0 -5600.939682367018 -2271.248991165362 2404.596157555742 -157.92684881128113 21.825147769883863 129.5021954670474 5775.808272604621 -4735.755172459536 -33.34622431247453 7469.166635310872 6.358521681167544e-09 503.21453379471785 23.273168221885506 -19.95228143308124 12.850247455080178 0.0 7492.743543219519
826.0 -5600.359225798672 -2277.2460945502608 2400.1818009615963 -157.87211162515376 21.783224019061812 129.45810108485747 5773.901458541254 -4738.138384377331 -33.38649750071795 7469.203977712084 6.38131328890118e-09 502.741833350529 23.191884082673756 -19.928171594976202 12.685502002295044 0.0 7492.656674414964
827.0 -5599.771559812471 -2283.2399804364504 2395.7639665069955 -157.8174080370614 21.74127870901723 129.41397750573955 5771.998221100339 -4740.515230407268 -33.42677456692877 7469.241291012541 6.404234928891296e-09 502.2682083061954 23.110692865075734 -19.904045792633262 12.520647463932871 0.0 7492.569604269869
828.0 -5599.176684653791 -2289.2306411132276 2391.342660593426 -157.76273797251181 21.69931189556842 129.36982478818112 5770.098563948769 -4742.885719260364 -33.46705560133546 7469.278574765984 6.427287389508282e-09 501.79368650430587 23.02958926445161 -19.879904058032096 12.355684058514697 0.0 7492.482332820754
829.0 -5598.574600577352 -2295.2180688739018 2386.91788962788 -157.70810135700782 21.657323634460266 129.32564299050415 5768.202490728262 -4745.249859629889 -33.50734069499481 7469.315828524167 6.45047146108774e-09 501.31829590060175 22.948567952703552 -19.85574642306188 12.190612003943105 0.0 7492.394860101493
830.0 -5597.965307847233 -2301.2022560158016 2382.4896600228494 -157.65349811604761 21.615313981364256 129.2814321708891 5766.3100050554485 -4747.6076601913 -33.54762993980921 7469.353051836836 6.4737879359149844e-09 500.84206456403905 22.86762357835923 -19.831572919534405 12.025431517591958 0.0 7492.307186143381
831.0 -5597.34880673687 -2307.1831948402837 2378.0579781963174 -157.59892817512502 21.573282991878965 129.23719238735876 5764.421110522001 -4749.959129602198 -33.58792342852121 7469.39024425175 6.497237608230531e-09 500.3650206764196 22.786750766581463 -19.807383579175248 11.860142816245993 0.0 7492.2193109750815
832.0 -5596.725097529054 -2313.1608776527423 2373.622850571753 -157.54439145973006 21.531230721529916 129.19292369778128 5762.53581069473 -4752.304276502274 -33.628221254716664 7469.427405314662 6.520821274225599e-09 499.88719253222894 22.70594411921327 -19.783178433625455 11.694746116112276 0.0 7492.131234622632
833.0 -5596.094180515944 -2319.1352967626194 2369.184283578102 -157.48988789534926 21.48915722576982 129.14862615987286 5760.654109115698 -4754.6431095132375 -33.66852351284456 7469.464534569317 6.544539732037766e-09 499.40860853847 22.62519821482202 -19.75895751444296 11.529241632830066 0.0 7492.042957109445
834.0 -5595.456055999051 -2325.1064444834083 2364.742283649782 -157.43541740746602 21.447062559978818 129.10429983118456 5758.776009302326 -4756.975637238788 -33.70883029820311 7469.501631557455 6.568393781755134e-09 498.92929721432506 22.544507608714802 -19.734720853095435 11.363629581421677 0.0 7491.954478456267
835.0 -5594.810724289262 -2331.074313132668 2360.296857226674 -157.38097992156108 21.40494677946455 129.05994476911937 5756.9015147475075 -4759.301868264543 -33.74914170695729 7469.538695818804 6.592384225404344e-09 498.44928719114614 22.463866833008836 -19.710468480969553 11.19791017635617 0.0 7491.865798681225
836.0 -5594.158185706825 -2337.038895032028 2355.8480107541145 -157.32657536311282 21.362809939462288 129.01556103091315 5755.030628919713 -4761.621811157998 -33.78945783614586 7469.575726891085 6.6165118669579815e-09 497.9686072120537 22.383270396636085 -19.686200429360632 11.03208363147822 0.0 7491.776917799772
837.0 -5593.498440581361 -2343.000182507197 2351.39575068289 -157.27220365759766 21.320652095135202 128.97114867364337 5753.1633552630865 -4763.935474468462 -33.8297787836741 7469.6127243099845 6.640777531425046e-09 497.48728283691014 22.30271337360291 -19.661916729477376 10.866150160040696 0.0 7491.687835824686
838.0 -5592.831489251861 -2348.958167887975 2346.94008346923 -157.21786473049053 21.27847330157441 128.92670775422732 5751.299697197285 -4766.2428667267795 -33.87010464833429 7469.6496876088095 6.665182282445355e-09 497.0052989007337 22.22219810484524 -19.63761741244091 10.700109974698004 0.0 7491.598552765718
839.0 -5592.157332066695 -2354.9128435082566 2342.4810155748 -157.16355850726507 21.23627361379922 128.88223832941753 5749.43965811699 -4768.543996444792 -33.9104355297909 7469.686616317708 6.689727346516717e-09 496.52261258632245 22.141731864514366 -19.61330250928226 10.53396328748895 0.0 7491.509068628793
840.0 -5591.4759693836 -2360.8642017060415 2338.0185534666944 -157.10928491339405 21.19405308675727 128.83774045580066 5747.583241391874 -4770.838872115167 -33.95077152860108 7469.723509963486 6.71441395667777e-09 496.03918039272935 22.06132204561284 -19.58897205094177 10.367710309832638 0.0 7491.419383415831
841.0 -5590.787401569701 -2366.8122348234415 2333.552703617432 -157.05504387435 21.151811775324674 128.79321418979904 5745.730450366705 -4773.127502211333 -33.991112746227145 7469.7603680695875 6.73924334950527e-09 495.55495865252846 21.98097606766363 -19.564626068269945 10.201351252534288 0.0 7491.32949712473
842.0 -5590.0916290015 -2372.7569352066876 2329.0834725049476 -157.00083531560517 21.109549734306224 128.74865958766873 5743.881288361449 -4775.409895187445 -34.03145928502431 7469.797190156103 6.764216765109785e-09 495.0699035320714 21.900701376661026 -19.540264592026332 10.034886325777686 0.0 7491.239409749354
843.0 -5589.388652064886 -2378.6982952061376 2324.610866612587 -156.94665916263222 21.067267018435498 128.70407670549747 5742.035758671374 -4777.686059478307 -34.071811248269114 7469.833975739744 6.7893354471314334e-09 494.5839710317468 21.82050544502183 -19.515887652878497 9.868315739118003 0.0 7491.149121279522
844.0 -5588.678471155132 -2384.636307176283 2320.1348924291005 -156.89251534090448 21.024963682375073 128.65946559920326 5740.193864709331 -4779.956003617564 -34.112168741003416 7469.8707245187625 6.81460064273542e-09 494.0971169862418 21.740395771537383 -19.491495281401164 9.701639701476013 0.0 7491.058631885902
845.0 -5587.961086676783 -2390.5709634767004 2315.6555564479268 -156.8384037758877 20.98263978071007 128.61482632452552 5738.355611313504 -4782.219737326882 -34.152531874957276 7469.907438074814 6.840013602611754e-09 493.6092970647244 21.660379881312792 -19.467087508071415 9.534858421105426 0.0 7490.967943621865
846.0 -5587.236499043641 -2396.502256472235 2311.1728651670514 -156.78432439303884 20.940295367946845 128.57015893703024 5736.521002025 -4784.477269253139 -34.192900751902926 7469.9441163328465 6.865575580967193e-09 493.12046677117576 21.58046532573119 -19.442664363271525 9.367972105611864 0.0 7490.877056883372
847.0 -5586.504708678886 -2402.4301785319553 2306.686825089789 -156.73027711781597 20.897930498520772 128.52546349211735 5734.690040051378 -4786.728607766712 -34.23327547251279 7469.98075881232 6.891287835515792e-09 492.6305814447478 21.50065968242214 -19.418225877292944 9.200980961980603 0.0 7490.785971660224
848.0 -5585.765716015087 -2408.3547220291084 2302.197442724821 -156.67626187567933 20.85554522679674 128.48074004501314 5732.862728575903 -4788.973761218295 -34.27365613838606 7470.017365029156 6.917151627478032e-09 492.1395962599563 21.42097055520327 -19.39377208033219 9.033885196548098 0.0 7490.694687937982
849.0 -5585.019521494202 -2414.2758793411217 2297.7047245861913 -156.62227859209133 20.813139607069466 128.43598865077809 5731.039070757644 -4791.212737938844 -34.314042852037346 7470.053934495716 6.9431682215711014e-09 491.64746622704206 21.341405574049652 -19.369303002495144 8.866685015031408 0.0 7490.603205697977
850.0 -5584.266125567588 -2420.193642849613 2293.2086771932954 -156.56832719251733 20.770713693563437 128.39120936430317 5729.219069731582 -4793.44554623952 -34.354435716925764 7470.090466720797 6.969338886005858e-09 491.1541461922045 21.261972395042537 -19.344818673794958 8.699380622514166 0.0 7490.511524917277
851.0 -5583.505528695991 -2426.1080049403977 2288.7093070708806 -156.51440760242565 20.728267540433297 128.3464022403024 5727.402728608694 -4795.672194411644 -34.39483483745016 7470.126961209616 6.995664892486028e-09 490.65959083779467 21.182678700311875 -19.32031912414807 8.53197222341899 0.0 7490.419645568667
852.0 -5582.737731349563 -2432.0189580034953 2284.206620749035 -156.4605197472881 20.685801201763883 128.30156733332038 5725.590050476063 -4797.892690726634 -34.435240318957995 7470.163417463796 7.022147516198767e-09 490.1637546826695 21.10353219800525 -19.295804383378247 8.364460021535264 0.0 7490.327567620645
853.0 -5581.96273400785 -2437.926494433138 2279.7006247631834 -156.40666355258023 20.643314731570502 128.2567046977256 5723.78103839697 -4800.107043435961 -34.47565226776646 7470.199834981358 7.0487880358134565e-09 489.66659208239236 21.024540622232216 -19.271274481213013 8.196844219994775 0.0 7490.235291037399
854.0 -5581.180537159804 -2443.830606627777 2275.191325654079 -156.35283894378176 20.600808183798943 128.2118143877096 5721.975695410995 -4802.315260771093 -34.516070791160246 7470.236213256709 7.075587733477318e-09 489.1680572294925 20.945711733018584 -19.246729447283087 8.029125021267832 0.0 7490.142815778783
855.0 -5580.391141303781 -2449.731286990089 2270.6787299677994 -156.2990458463768 20.558281612325878 128.1668964572861 5720.17402453411 -4804.517350943447 -34.556495997400134 7470.272551780625 7.1025478948109295e-09 488.66810415372686 20.867053316261355 -19.22216931112198 7.861302627160555 0.0 7490.050141800308
856.0 -5579.594546947549 -2455.628527926986 2266.162844255741 -156.2452841858543 20.51573507095888 128.12195096029248 5718.376028758774 -4806.7133221443355 -34.59692799573895 7470.308850040241 7.129669808902435e-09 488.16668672236545 20.788573183687667 -19.197594102166804 7.693377238820245 0.0 7489.957269053127
857.0 -5578.790754608281 -2461.5223218496217 2261.6436750746107 -156.19155388770827 20.47316861343661 128.07697795038206 5716.581711054034 -4808.903182544919 -34.63736689642951 7470.345107519039 7.156954768307365e-09 487.6637586403734 20.710279172797822 -19.173003849754004 7.525349056706421 0.0 7489.864197484007
858.0 -5577.979764812566 -2467.4126611733977 2257.121228986419 -156.13785487743823 20.430582293429023 128.03197748103318 5714.7910743656175 -4811.0869402961525 -34.677812810729165 7470.3813236968335 7.184404069038318e-09 487.1592734507787 20.632179146837963 -19.14839858312436 7.357218280624913 0.0 7489.7709270353325
859.0 -5577.161578096401 -2473.2995383179714 2252.5955125584765 -156.08418708054947 20.38797616453754 127.98694960553037 5713.004121616032 -4813.264603528739 -34.71826585091185 7470.417498049766 7.212019010913913e-09 486.65318488010337 20.554280937692205 -19.123778331412687 7.18898510965737 0.0 7489.677457645049
860.0 -5576.336195005211 -2479.1829457072645 2248.0665323633875 -156.03055042255338 20.345350280295246 127.94189437698759 5711.220855704685 -4815.436180353107 -34.75872613027582 7470.453630050325 7.23980092603536e-09 486.1454755962126 20.476587597162077 -19.09914312366052 7.020649742248226 0.0 7489.583789246745
861.0 -5575.5036160938325 -2485.062875769468 2243.534294979041 -155.9769448289677 20.30270469416699 127.89681184832101 5709.441279508142 -4817.601678859495 -34.79919376315661 7470.489719167543 7.267751200363083e-09 485.63617897101557 20.39909380317891 -19.074492988801264 6.852212376102877 0.0 7489.489921769781
862.0 -5574.6638419265255 -2490.939320937053 2238.9988069886067 -155.92337022531703 20.26003945954967 127.85170207226557 5707.665395880317 -4819.761107117987 -34.83966886493522 7470.525764867118 7.2958712286414496e-09 485.12533360632165 20.321793369043053 -19.049827955669222 6.6836732082496475 0.0 7489.395855139442
863.0 -5573.816873076977 -2496.812273646775 2234.460074980528 -155.8698265371329 20.217354629772313 127.80656510136882 5705.893207652571 -4821.914473178469 -34.88015155204266 7470.561766611399 7.324162409362708e-09 484.6129782524583 20.24468008249492 -19.02514805299624 6.515032435016732 0.0 7489.3015892769145
864.0 -5572.962710128295 -2502.681726339683 2229.9181055485165 -155.81631368995423 20.1746502580963 127.76140098798275 5704.124717633813 -4824.0617850705885 -34.92064194197019 7470.59772385939 7.352626144767111e-09 484.09915180791097 20.167747705746045 -19.000453309407234 6.34629025200166 0.0 7489.2071240992655
865.0 -5572.101353673025 -2508.5476714611286 2225.3729052915423 -155.7628316093277 20.131926397715503 127.71620978427748 5702.359928610606 -4826.203050803724 -34.961140153287715 7470.633636066753 7.381263840829389e-09 483.58389331921336 20.090989975547217 -18.975743753427672 6.177446854122421 0.0 7489.11245951948
866.0 -5571.232804313135 -2514.410101460771 2220.824480813832 -155.70938022080784 20.089183101756486 127.67099154221965 5700.598843347265 -4828.338278366935 -35.00164630563154 7470.669502685797 7.410076907267477e-09 483.067241980436 20.014400603196457 -18.951019413471776 6.008502435536839 0.0 7489.017595446395
867.0 -5570.35706266003 -2520.2690087925844 2216.2728387248603 -155.65595944995755 20.04642042327875 127.62574631358753 5698.8414645859575 -4830.467475728936 -35.04216051973299 7470.70532316549 7.439066757528193e-09 482.54923713309375 19.93797327460921 -18.92628031785076 5.839457189698878 0.0 7488.922531784739
868.0 -5569.474129334552 -2526.124385914869 2211.7179856393423 -155.60256922234825 20.003638415274782 127.58047414996476 5697.087795046804 -4832.590650838046 -35.08268291741865 7470.741096951441 7.46823480878641e-09 482.02991826581143 19.86170165035224 -18.90152649476943 5.670311309335405 0.0 7488.827268435111
869.0 -5568.584004966981 -2531.9762252902556 2207.1599281772283 -155.54920946356023 19.960837130670235 127.53517510273541 5695.337837427977 -4834.707811622166 -35.123213621610375 7470.776823485915 7.497582481943562e-09 481.50932501400416 19.78557936567947 -18.87675797232346 5.5010649864275845 0.0 7488.7318052939745
870.0 -5567.686690197037 -2537.8245193857138 2202.5986729636975 -155.49588009918304 19.91801662232429 127.48984922308499 5693.591594405805 -4836.81896598873 -35.16375275635528 7470.812502207818 7.527111201622397e-09 480.9874971596271 19.709600030577974 -18.851974778499965 5.331718412214743 0.0 7488.636142253646
871.0 -5566.782185673881 -2543.66926067256 2198.0342266291523 -155.44258105481558 19.875176943029622 127.44449656199897 5691.849068634864 -4838.924121824676 -35.204300446810066 7470.848132552705 7.556822396163385e-09 480.46447463089766 19.633757229809436 -18.827176941176674 5.162271777188852 0.0 7488.540279202292
872.0 -5565.870492056122 -2549.5104416264653 2193.466595809211 -155.3893122560665 19.832318145512698 127.39911717026355 5690.110262748088 -4841.023286996411 -35.24485681926444 7470.883713952779 7.586717497619736e-09 479.94029750204464 19.558044522955253 -18.802364488122365 4.992725271097269 0.0 7488.444216023936
873.0 -5564.951610011815 -2555.3480547274626 2188.8957871447 -155.33607362855457 19.78944028243384 127.35371109845886 5688.375179356854 -4843.116469349769 -35.2854220011493 7470.91924583688 7.616797941757429e-09 479.4150059929712 19.482455444448913 -18.777537446993136 4.823079082917541 0.0 7488.347952598428
874.0 -5564.025540218467 -2561.182092459954 2184.3218072816494 -155.28286509790883 19.74654340638757 127.30827839696128 5686.643821051095 -4845.203676709989 -35.32599612103536 7470.954727630501 7.647065168049393e-09 478.8886404690239 19.406983503623362 -18.752695845333697 4.653333400865954 0.0 7488.2514888014575
875.0 -5563.092283363037 -2567.0125473127196 2179.7446628712855 -155.22968658976896 19.703627569902697 127.26281911594677 5684.916190399389 -4847.2849168816665 -35.366579308652945 7470.990158755772 7.677520619668984e-09 478.3612414407742 19.33162218475976 -18.727839710579143 4.483488412409875 0.0 7488.154824504559
876.0 -5562.151840141936 -2572.8394117789217 2175.164360570025 -155.17653802978546 19.660692825442403 127.2173333053745 5683.192289949058 -4849.360197648734 -35.40717169489608 7471.025538631468 7.70816574349671e-09 477.8328495635739 19.25636494710356 -18.70296907004606 4.313544304206843 0.0 7488.057959575061
877.0 -5561.204211261034 -2578.662678356118 2170.58090703947 -155.12341934362004 19.61773922540461 127.17182101499941 5681.472122226272 -4851.42952677442 -35.44777341182726 7471.060866673008 7.739001990107781e-09 477.30350563744696 19.181205224928277 -18.678083950939346 4.1435012621513 0.0 7487.960893876129
878.0 -5560.249397435662 -2584.482339546264 2165.9943089463964 -155.07033045694584 19.574766822122054 127.12628229436791 5679.755689736139 -4853.4929120012175 -35.4883845926945 7471.096142292448 7.770030813770899e-09 476.7732506067854 19.106136427571027 -18.6531843803499 3.9733594713585383 0.0 7487.863627266741
879.0 -5559.287399390611 -2590.2983878557247 2161.4045729627533 -155.01727129544767 19.531775667862437 127.0807171928105 5678.042994962808 -4855.550361050853 -35.52900537192568 7471.1313648984915 7.80125367244932e-09 476.24212556001265 19.03115193946296 -18.628270385250538 3.8031191161371734 0.0 7487.766159601674
880.0 -5558.318217860135 -2596.1108157952794 2156.811705765653 -154.96424178482235 19.488765814828678 127.035125759447 5676.334040369562 -4857.6018816242595 -35.56963588515396 7471.166533896483 7.832672027793409e-09 475.7101717293941 18.956245120180213 -18.603341992498912 3.6327803800087572 0.0 7487.668490731517
881.0 -5557.341853587955 -2601.919615880131 2152.2157140373665 -154.91124185077896 19.4457373151591 126.98950804318022 5674.62882839892 -4859.647481401535 -35.61027626922032 7471.201648688405 7.864287344666372e-09 475.1774303932833 18.881409328998128 -18.578399228833995 3.4623434456839703 0.0 7487.570620502648
882.0 -5556.358307327262 -2607.724780629911 2147.616604465316 -154.85827141903903 19.402690220927468 126.94386409269576 5672.9273614727335 -4861.687168041933 -35.65092666217038 7471.236708672899 7.896101020788558e-09 474.6439284403058 18.806641558260594 -18.553442120876007 3.291808495061952 0.0 7487.472548757249
883.0 -5555.367579840719 -2613.52630256869 2143.014383742067 -154.80533041533684 19.359624584143333 126.89819395646337 5671.229641992336 -4863.720949183858 -35.69158720328278 7471.271713245312 7.92811431181567e-09 474.1096629968607 18.731946302512835 -18.52847069512713 3.1211757092354357 0.0 7487.374275333363
884.0 -5554.369671900463 -2619.324174224986 2138.4090585653244 -154.7524187654198 19.316540456752215 126.85249768272973 5669.535672338648 -4865.748832444859 -35.73225803306104 7471.3066617977265 7.960328458460006e-09 473.5746275105055 18.65732899344862 -18.5034849779676 2.950445268463673 0.0 7487.275800064899
885.0 -5553.3645842881 -2625.118388131769 2133.800635637925 -154.69953639504854 19.273437890635602 126.80677531952249 5667.845454872282 -4867.770825421592 -35.77293929325697 7471.341553718962 7.992744704302979e-09 473.03881540600236 18.58279507970816 -18.478484995657865 2.779617352187575 0.0 7487.177122781642
886.0 -5552.352317794724 -2630.90893682647 2129.1891216678305 -154.64668322999722 19.230316937611327 126.76102691464615 5666.158991933611 -4869.786935689796 -35.813631126862674 7471.376388394552 8.025364295795918e-09 472.5022200852979 18.508350026844713 -18.453470774336395 2.60869213901441 0.0 7487.078243309222
887.0 -5551.332873220903 -2636.695812850991 2124.574523368122 -154.59385919605376 19.18717764943367 126.7152525156797 5664.476285842875 -4871.797170804244 -35.854333678130615 7471.411165206746 8.058188482259825e-09 471.96483492752077 18.43399931729419 -18.428442340018314 2.4376698067087315 0.0 7486.9791614691085
888.0 -5550.306251376691 -2642.4790087517085 2119.956847456991 -154.54106421902017 19.14402007779352 126.66945216997689 5662.797338900259 -4873.801538298721 -35.89504709257881 7471.445883534499 8.091218515883229e-09 471.42665328901273 18.359748450349517 -18.40339971859563 2.266550532193751 0.0 7486.8798770785925
889.0 -5549.272453081626 -2648.2585170794855 2115.336100657736 -154.48829822471276 19.100844274318586 126.62362592466269 5661.122153385977 -4875.800045685982 -35.93577151699856 7471.480542753453 8.124455651722978e-09 470.8876685033115 18.285602942128754 -18.378342935835217 2.0953344915377077 0.0 7486.780389950772
890.0 -5548.231479164733 -2654.0343303896757 2110.712289698754 -154.43556113896233 19.057650290573577 126.57777382663032 5659.450731560368 -4877.792700457728 -35.97650709946265 7471.515142235941 8.157901147704632e-09 470.3478738811421 18.211568325544746 -18.353272017377275 1.9240218599431138 0.0 7486.68069989453
891.0 -5547.183330464529 -2659.8064412421336 2106.0854213135344 -154.38285288761438 19.014438178060363 126.53189592254628 5657.783075663973 -4879.7795100845615 -36.01725398933377 7471.549681350967 8.191556264617175e-09 469.80726271050133 18.1376501502877 -18.32818698873801 1.7526128117653847 0.0 7486.580806714545
892.0 -5546.128007829023 -2665.57484220122 2101.455502240653 -154.33017339652957 18.97120798821821 126.4859922588414 5656.119187917628 -4881.760482015968 -36.05801233727516 7471.584159464206 8.225422266117985e-09 469.2658282565763 18.063853982785545 -18.30308787530479 1.5811075204793923 0.0 7486.480710211248
893.0 -5545.065512115718 -2671.339525835812 2096.8225392237646 -154.27752259158368 18.92795977242388 126.44006288171536 5654.459070522543 -4883.73562368027 -36.098782295254296 7471.618575937986 8.259500418728035e-09 468.72356376182273 17.990185406186267 -18.277974702338565 1.4095061586963809 0.0 7486.38041018083
894.0 -5543.995844191613 -2677.1004847193085 2092.1865390115963 -154.22490039866807 18.884693581991886 126.39410783712846 5652.802725660391 -4885.704942484603 -36.13956401656128 7471.652930131279 8.293791991836574e-09 468.1804624458917 17.916650020320084 -18.252847494969423 1.2378088981332684 0.0 7486.279906415204
895.0 -5542.91900493321 -2682.8577114296413 2087.5475083579427 -154.17230674368975 18.841409468174646 126.34812717079953 5651.150155493391 -4887.668445814885 -36.180357655805665 7471.6872213997 8.328298257701488e-09 467.63651750562803 17.843253441671752 -18.227706278195427 1.0660159096047863 0.0 7486.179198701999
896.0 -5541.83499522651 -2688.611198549278 2082.9054540216575 -154.1197415525717 18.798107482162685 126.30212092821999 5649.501362164394 -4889.626141035778 -36.22116336892532 7471.721449095488 8.363020491437523e-09 467.09172211526 17.770001303378894 -18.202551076890273 0.8941273630759987 0.0 7486.078286824575
897.0 -5540.743815967018 -2694.3609386652333 2078.260382766647 -154.06720475125303 18.754787675084767 126.25608915462671 5647.8563477969665 -4891.578035490666 -36.26198131320939 7471.755612567502 8.397959971035554e-09 466.5460694261005 17.696899255164904 -18.177381915788484 0.72214342756088 0.0 7485.9771705619505
898.0 -5539.645468059746 -2700.1069243690745 2073.612301361866 -154.01469626568937 18.711450098008154 126.21003189502028 5646.215114495467 -4893.524136501618 -36.30281164729308 7471.7897111612065 8.433117977347859e-09 465.9995525667856 17.62395296334465 -18.1521988194954 0.5500642711907151 0.0 7485.87584968883
899.0 -5538.539952419219 -2705.849148256931 2068.9612165813073 -153.96221602185284 18.6680948019387 126.16394919416099 5644.577664345144 -4895.464451369361 -36.3436545311672 7471.823744218668 8.46849579409016e-09 465.4521646432491 17.55116811079474 -18.12700181248496 0.37789006119889557 0.0 7485.774323975598
900.0 -5537.4272699694675 -2711.587602929502 2064.307135203999 -153.90976394573255 18.62472183782116 126.11784109655488 5642.943999412199 -4897.398987373246 -36.384510126198165 7471.857711078535 8.504094707851476e-09 464.9038987385776 17.47855039690862 -18.10179091909209 0.20562096386890438 0.0 7485.672593188251
901.0 -5536.307421644038 -2717.3222809920603 2059.650064013996 -153.85733996333454 18.581331256539237 126.07170764646307 5641.314121743889 -4899.327751771223 -36.42537859512436 7471.891611076039 8.539916008086323e-09 464.35474791314294 17.40610553758879 -18.076566163517786 0.033257144569137864 0.0 7485.570657088425
902.0 -5535.180408385995 -2723.053175054467 2054.990009800373 -153.8049440006822 18.53792310891586 126.02554888789729 5639.688033368594 -4901.250751799809 -36.46626010206728 7471.925443542979 8.575960987117469e-09 463.80470520456817 17.333839265217506 -18.051327569826704 -0.1392012322637104 0.0 7485.468515433375
903.0 -5534.046231147918 -2728.780277731171 2050.3269793572194 -153.75257598381643 18.49449744571333 125.97936486461899 5638.065736295884 -4903.167994674046 -36.50715481254292 7471.959207807686 8.61223098837915e-09 463.25376259129047 17.261757169909856 -18.026075161946643 -0.31175400312810986 0.0 7485.366167975925
904.0 -5532.904890891911 -2734.503581641223 2045.6609794836322 -153.70023583879583 18.451054317633556 125.93315562013537 5636.447232515469 -4905.079487586486 -36.54806289346334 7471.992903193515 8.648728805066387e-09 462.70188094416835 17.189860097821903 -18.000808963666376 -0.48440100547243325 0.0 7485.263614462962
905.0 -5531.7563885896025 -2740.223079408276 2040.9920169837123 -153.647923491697 18.40759377531814 125.88692119769846 5634.832523993285 -4906.985237703683 -36.58898451313439 7472.0265290135385 8.68545890208026e-09 462.14898525825197 17.118143420910954 -17.97552899863517 -0.6571420776984294 0.0 7485.160854630107
906.0 -5530.6007252221425 -2745.938763660589 2036.3200986665634 -153.59563886861463 18.36411586934881 125.84066164030507 5633.221612670104 -4908.885252164898 -36.62991984126438 7472.060084568591 8.722425849377033e-09 461.59499831054427 17.04660219132594 -17.950235290362727 -0.8299770591613704 0.0 7485.057888199779
907.0 -5529.437901780219 -2751.650627031026 2031.6452313462905 -153.5433818956621 18.320620650247474 125.7943769906906 5631.6145004615955 -4910.779538082 -36.67086904900066 7472.093569147202 8.759634230392554e-09 461.0398426274495 16.975231442684677 -17.92492786221582 -1.0029057901933065 0.0 7484.9547148811
908.0 -5528.2679192640535 -2757.358662157059 2026.9674218419984 -153.49115249897142 18.277108168476506 125.74806729133381 5630.011189258405 -4912.6681025394355 -36.71183230896236 7472.126982025582 8.797088642022872e-09 460.48344048518123 16.904026190112095 -17.89960673742092 -1.175928112084966 0.0 7484.851334369895
909.0 -5527.090778683407 -2763.0628616807653 2022.286676977792 -153.43895060469364 18.233578474439057 125.70173258445226 5628.411680926232 -4914.550952594178 -36.7528097952561 7472.1603224675955 8.834793694612761e-09 459.92571391005146 16.83298143026355 -17.87427193906164 -1.3490438671031768 0.0 7484.747746348647
910.0 -5525.906481057581 -2768.763218248834 2017.6030035827755 -153.38677613899912 18.190031618479253 125.65537291199388 5626.815977305911 -4916.42809527567 -36.79380168352441 7472.1935897247295 8.87275401194763e-09 459.3665846787119 16.76209214134232 -17.848923490074192 -1.5222528985220123 0.0 7484.643950486456
911.0 -5524.715027415426 -2774.459724512561 2012.9164084910487 -153.33462902807776 18.146467650882396 125.6089883156463 5625.224080213487 -4918.299537585789 -36.83480815096459 7472.226783036083 8.910974231231398e-09 458.8059743186015 16.691353283143822 -17.823561413252456 -1.6955550505881334 0.0 7484.539946439035
912.0 -5523.516418795347 -2780.152373127855 2008.2268985417102 -153.28250919813922 18.102886621875182 125.56257883682964 5623.635991440309 -4920.1652864987955 -36.87582937635989 7472.259901628342 8.94945900307806e-09 458.24380410819117 16.620759797074324 -17.79818573124404 -1.8689501685476664 0.0 7484.435733848678
913.0 -5522.3106562452995 -2785.841156755234 2003.5344805788532 -153.23041657541327 18.0592885816261 125.5161445166911 5622.051712753091 -4922.025348961292 -36.916865540110166 7472.292944715752 8.988212991502245e-09 457.67999507724466 16.55030660617212 -17.772796466547327 -2.042438098666455 0.0 7484.331312344218
914.0 -5521.0977408228 -2791.52606805983 1998.8391614515663 -153.17835108614997 18.01567358024549 125.46968539610994 5620.471245894007 -4923.8797318921725 -36.957916824266476 7472.325911500103 9.027240873901435e-09 457.1144680072 16.47998861514437 -17.7473936415142 -2.216018688211353 0.0 7484.226681541011
915.0 -5519.877673594928 -2797.2070997113874 1994.1409480139328 -153.12631265661997 17.972041667785824 125.42320151568995 5618.89459258076 -4925.72844218258 -36.998983412556754 7472.358801170704 9.066547341048987e-09 456.54714343139506 16.409800710384474 -17.721977278345925 -2.3896917854784387 0.0 7484.121841040904
916.0 -5518.65045563833 -2802.884244384265 1989.4398471250286 -153.0743012131147 17.92839289424209 125.37669291575835 5617.3217545066655 -4927.571486695868 -37.04006549041674 7472.3916129043655 9.106137097082132e-09 455.9779416353638 16.339737759999036 -17.696547399092523 -2.563457239797179 0.0 7484.016790432204
917.0 -5517.416088039224 -2808.5574947574364 1984.735865648923 -153.0223166819466 17.884727309551817 125.33015963636689 5615.752733340725 -4929.408872267548 -37.08116324501816 7472.424345865366 9.146014859488422e-09 455.4067826571561 16.269794613837846 -17.671104025653413 -2.7373149015262186 0.0 7483.911529289659
918.0 -5516.174571893409 -2814.2268435144915 1980.0290104546766 -152.9703589894495 17.841044963595444 125.28360171728954 5614.187530727712 -4931.240605705255 -37.122276865305366 7472.45699920545 9.186185359095371e-09 454.8335862876104 16.199966103518378 -17.64564717977614 -2.9112646220619514 0.0 7483.806057174433
919.0 -5514.925908306256 -2819.8922833436372 1975.3192884163414 -152.91842806197872 17.7973459061966 125.2370191980151 5612.626148288241 -4933.066693788702 -37.16340654202463 7472.489572063791 9.226653340064962e-09 454.25827207055625 16.13024704244227 -17.620176883052302 -3.0853062538663654 0.0 7483.70037363406
920.0 -5513.670098392727 -2825.5538069377003 1970.6067064129602 -152.8665238259114 17.753630187122177 125.19041211775016 5611.068587618852 -4934.88714326964 -37.20455246774236 7472.52206356698 9.267423559879552e-09 453.680759303141 16.06063222582723 -17.594693156919195 -3.259439650455805 0.0 7483.594478202436
921.0 -5512.407143277369 -2831.2114069941226 1965.891271328564 -152.81464620764666 17.70989785608276 125.1437805154121 5609.514850292078 -4936.701960871809 -37.245714836895104 7472.554472828996 9.308500789336789e-09 453.10096703602557 15.991116430723611 -17.569196022656 -3.4336646664270365 0.0 7483.488370399775
922.0 -5511.137044094326 -2836.8650762149696 1961.172990052175 -152.76279513360598 17.666148962732812 125.09712442963733 5607.964937856539 -4938.511153290913 -37.28689384580912 7472.586798951198 9.349889812531617e-09 452.51881407376436 15.921694416053308 -17.543685501388243 -3.6079811574267815 0.0 7483.382049732609
923.0 -5509.8598019873325 -2842.5148073069263 1956.4518694778021 -152.71097053023317 17.62238355667078 125.05044389876491 5606.418851836997 -4940.314727194566 -37.328089692731055 7472.619041022292 9.391595426860244e-09 451.934218974874 15.852360922611778 -17.51816161407888 -3.7823889802125876 0.0 7483.2755156937255
924.0 -5508.5754181097345 -2848.1605929813004 1951.7279165044426 -152.65917232399488 17.578601687439598 125.00373896084423 5604.8765937344515 -4942.112689222258 -37.369302577859344 7472.651198118318 9.43362244300339e-09 451.34710005219296 15.783110673105499 -17.492624381532487 -3.9568879926243046 0.0 7483.168767762169
925.0 -5507.283893624479 -2853.802425954022 1947.001138036081 -152.60740044138075 17.534803404526652 124.95700965363113 5603.338165026875 -4943.905045985909 -37.41053270338193 7472.683269303526 9.475974290439313e-09 450.7574195641316 15.713940368979074 -17.467073824393125 -4.131478053598533 0.0 7483.061805404104
926.0 -5505.985229704123 -2859.440298945649 1942.2715409816844 -152.55565480890345 17.490988757364214 124.91025601457875 5601.803567178666 -4945.691804078069 -37.45178027355519 7472.715253642833 9.518647304108374e-09 450.16536477014625 15.644856871556671 -17.441509963139342 -4.306159023202868 0.0 7482.954628085244
927.0 -5504.679427530837 -2865.0742046813875 1937.5391322551875 -152.50393535309894 17.44715779532945 124.86347808084521 5600.272801651878 -4947.472970081735 -37.49304549475232 7472.747150216687 9.561635549502147e-09 449.5711950237065 15.575870292836731 -17.415932818088386 -4.480930762607077 0.0 7482.847235285745
928.0 -5503.366488296399 -2870.704135891111 1932.8039187754757 -152.45224200052644 17.403310567744473 124.81667588928575 5598.745869907577 -4949.24855057151 -37.53432857543976 7472.778958122805 9.604933070932212e-09 448.9751705248506 15.506990776125974 -17.390342409391884 -4.6557931341126455 0.0 7482.739626501912
929.0 -5502.046413202198 -2876.330085309388 1928.065907466362 -152.40057467776833 17.3594471238765 124.76984947645036 5597.222773405927 -4951.0185521136455 -37.57562972612618 7472.810676476205 9.648533892482369e-09 448.3775522900292 15.438228494688332 -17.364738757034576 -4.8307460011614225 0.0 7482.631801246231
930.0 -5500.719203459233 -2881.9520456755013 1923.3251052565709 -152.34893331143036 17.3155675129378 124.72299887858169 5595.703513606269 -4952.782981266069 -37.616949159337764 7472.842304409241 9.692432018042929e-09 447.7786021510429 15.36959365170861 -17.33912188083314 -5.005789228343643 0.0 7482.523759047395
931.0 -5499.384860288105 -2887.570009733476 1918.5815190797152 -152.29731782814156 17.271671784085928 124.67612413161318 5594.188091967204 -4954.54184457844 -37.65828708956701 7472.873841071648 9.736621431344313e-09 447.1785827540032 15.301096480257376 -17.31349180043519 -5.180922681404775 0.0 7482.415499450342
932.0 -5498.043384919027 -2893.1839702321013 1913.8351558742793 -152.2457281545541 17.227759986423575 124.62922527116653 5592.676509946673 -4956.295148592174 -37.69964373322614 7472.905285630564 9.781096095990908e-09 446.5777575583045 15.23274724325567 -17.287848535317895 -5.356146227254962 0.0 7482.307022016272
933.0 -5496.694778591814 -2898.7939199249513 1909.0860225835975 -152.1941642173436 17.183832168998862 124.58230233254797 5591.168769002036 -4958.042899840491 -37.741019308625255 7472.936637270579 9.825849955495681e-09 445.9763908356013 15.16455623343876 -17.262192104785914 -5.531459733983114 0.0 7482.1983263226775
934.0 -5495.3390425558855 -2904.3998515704134 1904.3341261558344 -152.142625943209 17.139888380805232 124.53535535075027 5589.6648705901525 -4959.785104848444 -37.78241403591619 7472.967895193749 9.870876933308864e-09 445.3747476688796 15.096533773329204 -17.23652252797253 -5.7068630708491845 0.0 7482.089411963381
935.0 -5493.976178070264 -2910.0017579317096 1899.579473543966 -152.09111325887238 17.095928670781568 124.48838436044636 5588.164816167462 -4961.521770132967 -37.82382813705476 7472.999058619654 9.916170932854212e-09 444.77309395144187 15.028690215198468 -17.21083982383614 -5.882356108308128 0.0 7481.980278548553
936.0 -5492.606186403574 -2915.5996317769172 1894.8220717057584 -152.0396260910793 17.05195308781234 124.44138939598808 5586.668607190061 -4963.252902202906 -37.86526183576757 7473.030126785413 9.961725837560014e-09 444.17169638597903 14.96103594103691 -17.185144011159572 -6.057938718014627 0.0 7481.870925704737
937.0 -5491.229068834037 -2921.1934658789983 1890.0619276037485 -151.9881643665985 17.007961680727554 124.39437049140432 5585.17624511378 -4964.978507559056 -37.906715357499024 7473.06109894572 1.000753551089013e-08 443.57082248365725 14.893581362523825 -17.159435108549072 -6.233610772829948 0.0 7481.761353074878
938.0 -5489.844826649477 -2926.783253015818 1885.2990482052232 -151.93672801222223 16.963954498302872 124.34732768040197 5583.687731394272 -4966.698592694204 -37.94818892938338 7473.091974372891 1.0053593796371855e-08 442.97074056326215 14.826336921002376 -17.13371313443483 -6.409372146818301 0.0 7481.651560318367
939.0 -5488.45346114731 -2932.36898597017 1880.5334404822 -151.88531695476584 16.919931589259747 124.30026099635731 5582.203067487073 -4968.413164093162 -37.98968278019197 7473.122752356879 1.0099894517632725e-08 442.3717197502427 14.759313087441631 -17.107978107066256 -6.585222715279322 0.0 7481.541547111034
940.0 -5487.05497363455 -2937.9506575298005 1875.7651114114065 -151.83393112106808 16.87589300226522 124.25317047232296 5580.722254847692 -4970.122228232806 -38.03119714029776 7473.153432205314 1.0146431478421464e-08 441.7740299759783 14.692520362421995 -17.082230044515804 -6.761162354721707 0.0 7481.431313145211
941.0 -5485.649365427803 -2943.5282604874315 1870.99406797426 -151.782570437991 16.831838785932394 124.20605614101585 5579.245294931686 -4971.825791582108 -38.072732241636686 7473.184013243535 1.0193198462647254e-08 441.1779419768254 14.62596927609427 -17.056468964672366 -6.93719094290851 0.0 7481.320858129726
942.0 -5484.236637853262 -2949.101787640782 1866.220317156847 -151.73123483241997 16.787768988820183 124.15891803482106 5577.772189194731 -4973.52386060218 -38.11428831766307 7473.2144948146215 1.0240189234402786e-08 440.5837272933914 14.559670388162495 -17.030694885243392 -7.113308358842552 0.0 7481.210181789946
943.0 -5482.816792246716 -2954.6712317925944 1861.4438659499035 -151.6799242312636 16.74368365943341 124.11175618579378 5576.302939092708 -4975.216441746308 -38.15586560330348 7473.2448762794265 1.028739753798863e-08 439.99165826980646 14.493634287864808 -17.00490782375595 -7.289514482759184 0.0 7481.099283867811
944.0 -5481.389829953538 -2960.236585750656 1856.6647213487936 -151.62863856145384 16.699582846223045 124.06457062564837 5574.837546081767 -4976.903541459982 -38.19746433492901 7473.275157016602 1.0334817097949973e-08 439.4020080528568 14.427871593937168 -16.979107797550768 -7.465809196167237 0.0 7480.988164121838
945.0 -5479.955752328683 -2965.797842327825 1851.88289035349 -151.57737774994584 16.65546659758611 124.01736138576362 5573.3760116184085 -4978.585166180939 -38.239084750297934 7473.30533642263 1.0382441619096649e-08 438.8150505913485 14.362392954600919 -16.953294823785065 -7.642192381829263 0.0 7480.876822327163
946.0 -5478.51456073669 -2971.3549943420494 1847.098379968553 -151.52614172371798 16.61133496186576 123.9701284971761 5571.918337159085 -4980.261322338775 -38.280727088516414 7473.335413911224 1.0430266111615538e-08 438.23102313791395 14.297207701028118 -16.927468919428954 -7.818663923786385 0.0 7480.765258274914
947.0 -5477.066256551683 -2976.9080346163864 1842.3111972031147 -151.47493040977207 16.56718798735144 123.92287199058244 5570.4645241432045 -4981.9320163397815 -38.322391589911604 7473.365388890504 1.0478303074757057e-08 437.64966827951343 14.232307401984814 -16.901630101266683 -7.995223707349904 0.0 7480.653471749405
948.0 -5475.610841157371 -2982.456955978991 1837.521349070892 -151.42374373513346 16.523025722279186 123.87559189634003 5569.01457395442 -4983.597254532368 -38.36407849582724 7473.395260711032 1.0526577425520674e-08 437.07037744662546 14.16767101715203 -16.875778385897007 -8.171871619098445 0.0 7480.541462476171
949.0 -5474.148315947069 -2988.001751263071 1832.7288425902182 -151.37258162685163 16.478848214832347 123.82828824445676 5567.5684879115115 -4985.257043198742 -38.40578804872757 7473.425028653434 1.0575114415657277e-08 436.49253284077275 14.103277175500239 -16.84991378972758 -8.348607546916538 0.0 7480.429230109551
950.0 -5472.678682323708 -2993.542413306849 1827.9336847840805 -151.32144401200094 16.434655513141873 123.78096106459783 5566.126267268348 -4986.91138855465 -38.44752049236308 7473.454691928141 1.0623939371454102e-08 435.91551479809186 14.03910443972221 -16.824036328978675 -8.525431379969046 0.0 7480.316774232462
951.0 -5471.201941699858 -2999.0789349535194 1823.1358826801545 -151.27033081768104 16.390447665287216 123.73361038608128 5564.687913213931 -4988.560296749188 -38.48927607194196 7473.484249675254 1.0673077693683883e-08 435.3387017909152 13.975131306291575 -16.798146019680754 -8.702343008717921 0.0 7480.204094356244
952.0 -5469.718095497734 -3004.6113090512054 1818.3354433108416 -151.2192419710175 16.346224719296654 123.68623623787612 5563.253426872443 -4990.203773864628 -38.531055034289466 7473.513700964414 1.0722554857553716e-08 434.761470429329 13.911336205523083 -16.772242877673428 -8.879342324929135 0.0 7480.09118992052
953.0 -5468.227145149219 -3010.1395284529203 1813.5323737133042 -151.16817739916246 16.301986723148065 123.63883864860074 5561.822809303283 -4991.8418259162345 -38.57285762802417 7473.543044794656 1.0772396412656098e-08 434.18319546267446 13.847697501631195 -16.746326918604616 -9.056429221678595 0.0 7479.9780602930605
954.0 -5466.729092095879 -3015.6635860165215 1808.7266809295024 -151.1171370292951 16.257733724769416 123.5914176465217 5560.3960615011265 -4993.474458852093 -38.614684103722084 7473.572280094298 1.0822627982922053e-08 433.60324978099544 13.784193492787104 -16.720398157929846 -9.23360359335678 0.0 7479.864704769648
955.0 -5465.223937788976 -3021.1834746046725 1803.9183720062317 -151.06612078862216 16.213465772039374 123.5439732595454 5558.973184395952 -4995.101678552934 -38.65653471408109 7473.601405720786 1.0873275266584324e-08 433.0210044163378 13.72080241116429 -16.694456610907714 -9.410865335699858 0.0 7479.75112257392
956.0 -5463.711683689492 -3026.6991870847987 1799.1074539951583 -151.01512860437876 16.16918291278791 123.49650551522733 5557.554178853097 -4996.723490831953 -38.698409714103036 7473.63042046058 1.0924364036124383e-08 432.4358285442049 13.657502423005532 -16.66850229260497 -9.588214345754906 0.0 7479.637312857266
957.0 -5462.192331268137 -3032.2107163290484 1794.2939339528555 -150.9641604038287 16.124885194796857 123.44901444075886 5556.139045673306 -4998.339901434648 -38.74030936124882 7473.659323029022 1.0975920138246027e-08 431.8470894846734 13.594271628657633 -16.642535217889247 -9.76565052192953 0.0 7479.52327469866
958.0 -5460.665882005375 -3037.718055214248 1789.4778189408432 -150.91321611426517 16.080572665800595 123.40150006296858 5554.727785592756 -4999.950916038639 -38.78223391561687 7473.688112070192 1.1027969493836111e-08 431.2541527036263 13.531088062623628 -16.616555401429835 -9.943173763986758 0.0 7479.409007104532
959.0 -5459.132337391436 -3043.2211966218642 1784.6591160256237 -150.86229566301122 16.036245373486512 123.35396240831959 5553.32039928312 -5001.556540253508 -38.82418364011073 7473.716786156805 1.1080538097932265e-08 430.65638181387135 13.467929693607347 -16.59056285769617 -10.120783973055149 0.0 7479.294509008639
960.0 -5457.591698926333 -3048.7201334379583 1779.8378322787185 -150.8113989774205 15.991903365495718 123.30640150290681 5551.916887351602 -5003.156779620628 -38.86615880061413 7473.745343790065 1.113365201969334e-08 430.05313857619524 13.404774424555807 -16.56455760095638 -10.298481051638827 0.0 7479.179779271927
961.0 -5456.04396811989 -3054.214858553149 1775.0139747767073 -150.7605259848776 15.947546689423577 123.25881737245108 5550.517250340982 -5004.7516396129995 -38.90815966614605 7473.77378339955 1.1187337402376246e-08 429.4437829003099 13.341600092695101 -16.538539645274057 -10.476264903639601 0.0 7479.064816682392
962.0 -5454.489146491748 -3059.7053648625697 1770.187550601265 -150.70967661279875 15.903175392820312 123.21121004229714 5549.121488729659 -5006.341125635085 -38.95018650905217 7473.802103343086 1.1241620463311425e-08 428.82767284578057 13.278384469569191 -16.512509004507145 -10.654135434364404 0.0 7478.949619954945
963.0 -5452.927235571392 -3065.1916452658256 1765.3585668391995 -150.65885078863224 15.858789523191648 123.16357953741286 5547.729602931695 -5007.925243022653 -38.99223960515906 7473.830301906619 1.1296527493879679e-08 428.20416462290086 13.215105261077992 -16.48646569230753 -10.832092550528312 0.0 7478.834187731294
964.0 -5451.358236898163 -3070.673692666955 1760.5270305824904 -150.60804843985923 15.814389127999394 123.11592588237859 5546.341593296864 -5009.503997042615 -39.034319233961696 7473.858377304107 1.1352084859503342e-08 427.5726125933698 13.15174010750003 -16.4604097221152 -11.01013616029417 0.0 7478.71851857979
965.0 -5449.78215202129 -3076.151499974386 1755.692948928326 -150.55726949399403 15.769974254662044 123.06824910138967 5544.957460110692 -5011.077392892868 -39.07642567878315 7473.886327677391 1.140831899962549e-08 426.9323692710671 13.088266583530089 -16.43434110715964 -11.18826617326337 0.0 7478.602610995313
966.0 -5448.198982499892 -3081.625060100898 1750.8563289791434 -150.5065138785847 15.725544950555326 123.02054921824882 5543.577203594504 -5012.645435702144 -39.11855922694622 7473.914151096076 1.146525642770383e-08 426.2827853226232 13.02466219830104 -16.40825986045565 -11.366482500504159 0.0 7478.486463399137
967.0 -5446.608729903014 -3087.094365963578 1746.017177842666 -150.45578152121388 15.681101263012964 122.97282625636458 5542.200823905836 -5014.208130530184 -39.160720169958495 7473.941845557922 1.1522922661680395e-08 425.62324109049064 12.960905557610829 -16.382165994802516 -11.54478505455751 0.0 7478.370074139306
968.0 -5445.011395809636 -3092.5594104837883 1741.1755026319372 -150.40507234949877 15.636643239327048 122.92508023874252 5540.828321154796 -5015.765482382283 -39.20290880377365 7473.969409010671 1.158132515704722e-08 424.95364961548694 12.896994909809735 -16.356059522779162 -11.723173749470062 0.0 7478.253441512443
969.0 -5443.406981808687 -3098.020186587162 1736.3313104653262 -150.35438629109186 15.592170926748468 122.87731118798513 5539.459695447107 -5017.317496247937 -39.24512542914658 7473.99683940986 1.1640456247973149e-08 424.274369951818 12.832944949828665 -16.329940456744133 -11.901648500794368 0.0 7478.136563821555
970.0 -5441.7954894990435 -3103.476687203628 1731.4846084665066 -150.30372327368048 15.54768437248694 122.82951912628533 5538.094946895933 -5018.8641771114835 -39.28737035167751 7474.024134734671 1.1700307779377763e-08 423.5857759092721 12.768770919181835 -16.303808808832045 -12.08020922561317 0.0 7478.019439391875
971.0 -5440.176920489527 -3108.9289052674435 1726.6354037644348 -150.2530832249868 15.503183623711072 122.78170407541562 5536.734075622099 -5020.40552995232 -39.329643881741504 7474.051292988201 1.1760871569499939e-08 422.8882424202848 12.704488103335082 -16.2776645909476 -12.258855842580129 0.0 7477.902066571094
972.0 -5438.551276398908 -3114.376833717223 1721.7837034933248 -150.2024660727678 15.45866872754833 122.73386605672887 5535.377081754167 -5021.941559744975 -39.371946334449376 7474.078312197514 1.1822139409935365e-08 422.18214553916533 12.64011183168682 -16.2515078147661 -12.437588271916564 0.0 7477.784443729415
973.0 -5436.918558855904 -3119.8204654959673 1716.9295147926243 -150.15187174481503 15.41413973108513 122.68600509115518 5534.023965428489 -5023.472271459175 -39.414278029584466 7474.105190413677 1.1884103065678227e-08 421.4678624413085 12.575657477545365 -16.225338491731648 -12.616406435423464 0.0 7477.666569259585
974.0 -5435.2787694991775 -3125.259793551093 1712.0728448069926 -150.10130016895457 15.36959668136691 122.63812119919132 5532.674726789271 -5024.997670059912 -39.45663929154966 7474.131925711806 1.194675427517171e-08 420.7457714223397 12.511140458098232 -16.19915663305143 -12.7953102565208 0.0 7477.548441576903
975.0 -5433.631909977333 -3130.6948108344645 1707.2137006862756 -150.0507512730468 15.325039625397972 122.59021440089704 5531.329365988625 -5026.517760507513 -39.499030449301245 7474.158516191105 1.2010084750349199e-08 420.01625189740156 12.446576234392534 -16.172962249693683 -12.974299660261279 0.0 7477.43005911926
976.0 -5431.977981948923 -3136.1255103024223 1702.3520895854817 -150.00022498498654 15.28046861014185 122.54228471589438 5529.987883186648 -5028.032547757704 -39.54145183630908 7474.18495997492 1.2074086176670701e-08 419.27968440053235 12.381980311321316 -16.1467553523873 -13.15337457333305 0.0 7477.31142034717
977.0 -5430.316987082442 -3141.551884915809 1697.4880186647595 -149.94972123270256 15.235883682520956 122.49433216335602 5528.650278551462 -5029.542036761678 -39.58390379048933 7474.211255210764 1.2138750213172949e-08 418.53645058392226 12.317368237597108 -16.120535951615476 -13.332534924103154 0.0 7477.192523743787
978.0 -5428.648927056326 -3146.973927640005 1692.6214950893718 -149.89923994415778 15.191284889416991 122.44635676200922 5527.316552259279 -5031.046232466157 -39.626386654149655 7474.237400070362 1.2204068492498011e-08 417.78693321745527 12.252755605748552 -16.094304057617876 -13.511780642602785 0.0 7477.07336781495
979.0 -5426.973803558948 -3152.391631444956 1687.7525260296725 -149.848781047349 15.146672277670723 122.39835853011883 5525.986704494465 -5032.545139813458 -39.66890077393373 7474.263392749701 1.2270032620949299e-08 417.03151618797324 12.188158052090772 -16.06805968038131 -13.69111166059077 0.0 7476.953951089171
980.0 -5425.291618288624 -3157.804989305201 1682.8811186610826 -149.79834447030672 15.102045894082014 122.35033748549642 5524.660735449577 -5034.038763741557 -39.711446500763486 7474.289231469042 1.2336634178511364e-08 416.27058449899545 12.123591256733098 -16.041802829644766 -13.870527911519511 0.0 7476.834272117704
981.0 -5423.602372953607 -3163.2139941999026 1678.007280164066 -149.74793014109522 15.05740578541003 122.30229364548553 5523.338645325446 -5035.52710918415 -39.75402418978706 7474.314914472985 1.2403864718901333e-08 415.5045242701141 12.059070943556689 -16.015533514891292 -14.050029330590124 0.0 7476.714329474534
982.0 -5421.906069272084 -3168.6186391128767 1673.1310177241044 -149.6975379878122 15.012751998373133 122.25422702696407 5522.020434331212 -5037.010181070714 -39.79663420031784 7474.340440030489 1.2471715769595861e-08 414.73372273671015 11.994612880217492 -15.989251745349364 -14.229615854743313 0.0 7476.594121756426
983.0 -5420.202708972179 -3174.018917032624 1668.2523385316738 -149.64716793858884 14.96808457964892 122.20613764633309 5520.7061026843785 -5038.48798432657 -39.83927689577695 7474.3658064349065 1.2540178831876266e-08 413.95856824950255 11.93023287813298 -15.962957529986713 -14.409287422701485 0.0 7476.47364758292
984.0 -5418.492293791944 -3179.4148209523555 1663.3712497822191 -149.5968199215895 14.923403575874296 122.15802551951539 5519.39565061088 -5039.960523872939 -39.88195264363753 7474.3910120040255 1.2609245380858954e-08 413.1794502743084 11.86594679248446 -15.936650877509587 -14.589043974973833 0.0 7476.35290559637
985.0 -5416.774825479363 -3184.8063438700246 1658.4877586761318 -149.5464938650118 14.878709033645517 122.10989066195441 5518.089078345121 -5041.427804627009 -39.9246618153727 7474.416055080094 1.2678906865524339e-08 412.3967593918587 11.801770522221874 -15.910331796362108 -14.768885453860605 0.0 7476.231894461964
986.0 -5415.0503057923515 -3190.1934787883565 1653.601872418722 -149.49618969708624 14.834000999518134 122.0617330886072 5516.786386130034 -5042.889831501987 -39.9674047863823 7474.440934029861 1.2749154708753173e-08 411.6108872975772 11.737720010063128 -15.884000294722467 -14.948811803479241 0.0 7476.110612867743
987.0 -5413.318736498749 -3195.576218714877 1648.7135982201971 -149.4459073460763 14.789279520007096 122.01355281393603 5515.487574217136 -5044.346609407155 -40.01018193596474 7474.4656472446 1.281998030736406e-08 410.8222268013868 11.67381124249389 -15.857656380498316 -15.128822969795797 0.0 7475.989059524609
988.0 -5411.580119376315 -3200.954556661941 1643.8229432956346 -149.39564674027812 14.74454464158672 121.96534985191073 5514.192642866079 -5045.798143247498 -40.05299364722032 7474.490193139489 1.289137630072618e-08 410.03114781714976 11.610059198612934 -15.831300061328047 -15.308918900616206 0.0 7475.867233165701
989.0 -5409.834456212739 -3206.328485646757 1638.9299148649643 -149.34540780802067 14.699796410690816 121.91712421600312 5512.901592331836 -5047.244437912016 -40.09584030695396 7474.514570136217 1.2963347585427263e-08 409.23778888893145 11.546468723273463 -15.804931344577753 -15.489099545607047 0.0 7475.745132528992
990.0 -5408.081748805632 -3211.6979986913943 1634.0345201529644 -149.29519047766544 14.655034873712957 121.86887591917859 5511.614422840714 -5048.685498251878 -40.138722305494184 7474.538776630496 1.3035905960285343e-08 408.44215854533593 11.483038964329653 -15.778550237336633 -15.669364856326983 0.0 7475.622756324775
991.0 -5406.32199896255 -3217.063088822768 1629.136766389274 -149.24499467760714 14.610260077006634 121.82060497389874 5510.331134585792 -5050.121329076162 -40.18164003676202 7474.562810985774 1.3109063331938394e-08 407.64426389764776 11.419769002608966 -15.752156746418407 -15.849714786217042 0.0 7475.500103229386
992.0 -5404.555208500999 -3222.423749072627 1624.2366608084053 -149.19482033627358 14.56547206688592 121.7723113921138 5509.051727726924 -5051.55193515177 -40.224593898325566 7474.58667153314 1.3182831638983099e-08 406.844112076351 11.356657914810569 -15.725750878357204 -16.030149290628703 0.0 7475.37717188508
993.0 -5402.781379248442 -3227.779972477547 1619.334210649756 -149.14466738212613 14.520670889625553 121.72399518525741 5507.7762023907835 -5052.977321203353 -40.26758429149709 7474.610356571259 1.3257222852021826e-08 406.04171023095137 11.293704773507228 -15.699332639404677 -16.21066832684368 0.0 7475.25396089996
994.0 -5401.000513042322 -3233.1317520789157 1614.4294231576214 -149.09453574365995 14.475856591461483 121.67565636424744 5506.504558670888 -5054.397491913253 -40.31061162140145 7474.633864366305 1.3332248973702037e-08 405.23706552990217 11.230908647155253 -15.67290203553049 -16.391271854070514 0.0 7475.130468847906
995.0 -5399.212611730062 -3238.479080922922 1609.5223055812075 -149.04442534940404 14.431029218591194 121.62729493947677 5505.236796627639 -5055.812451921436 -40.35367629704842 7474.657193151903 1.3407922038773515e-08 404.4301851603602 11.16826860009094 -15.64645907241723 -16.571959833479426 0.0 7475.006694268494
996.0 -5397.417677169082 -3243.821952060544 1604.6128651746446 -148.99433612792168 14.386188817174101 121.57891092081019 5503.972916288347 -5057.222205825421 -40.39677873142182 7474.680341129061 1.3484254114138098e-08 403.6210763280473 11.105783692535265 -15.620003755458752 -16.752732228213517 0.0 7474.882635666923
997.0 -5395.615711226808 -3249.160358547538 1599.7011091969973 -148.94426800781068 14.341335433331738 121.53050431758119 5502.71291764728 -5058.626758180223 -40.43991934155906 7474.70330646612 1.3561257298901885e-08 402.8097462571078 11.043452980598087 -15.593536089758409 -16.933589003401 0.0 7474.758291513943
998.0 -5393.806715780689 -3254.4942934444266 1594.7870449122802 -148.89422091770345 14.296469113148452 121.48207513859239 5501.456800665679 -5060.026113498284 -40.483098548620774 7474.726087298671 1.3638943724423564e-08 401.99620219002907 10.981275516287015 -15.567056080129273 -17.114530126153532 0.0 7474.633660245785
999.0 -5391.990692718205 -3259.8237498164895 1589.8706795894686 -148.8441947862673 14.251589902671448 121.43362339210022 5500.204565271798 -5061.420276249411 -40.52631677797012 7474.748681729505 1.3717325554390203e-08 401.1804513872984 10.919250347495947 -15.540563731085772 -17.295555565623474 0.0 7474.508740264067
1000.0 -5390.167643936873 -3265.1487207337473 1584.9520205025128 -148.79418954220483 14.206697847911391 121.38514908581577 5498.9562113609345 -5062.809250860713 -40.56957445926196 7474.771087828552 1.3796414984869583e-08 400.36250112733035 10.857376518014402 -15.514059046844176 -17.47666529300058 0.0 7474.383529935726
1001.0 -5388.337571344273 -3270.469199270955 1580.0310749303508 -148.744205114254 14.161792994842667 121.33665222690465 5497.7117387954595 -5064.193041716539 -40.61287202651806 7474.793303632807 1.3876224244366237e-08 399.54235870637916 10.795653067535273 -15.487542031322471 -17.657859281512746 0.0 7474.258027592954
1002.0 -5386.500476858053 -3275.785178507589 1575.1078501569207 -148.69424143118826 14.116875389403745 121.28813282198017 5496.471147404847 -5065.571653158412 -40.65620991819037 7474.815327146278 1.3956765593890302e-08 398.7200314383396 10.734079031654094 -15.461012688136675 -17.839137506451276 0.0 7474.132231533122
1003.0 -5384.6563624059345 -3281.0966515278346 1570.1823534711743 -148.64429842181713 14.071945077497565 121.23959087708826 5495.2344369857 -5066.94508948497 -40.69958857726738 7474.837156339912 1.4038051327043015e-08 397.8955266544065 10.672653441857673 -15.434471020592566 -18.0204999452274 0.0 7474.006140018663
1004.0 -5382.80522992574 -3286.403611420577 1565.2545921670905 -148.59437601498612 14.027002104992004 121.19102639772068 5494.001607301787 -5068.313354951904 -40.743008451338255 7474.858789151545 1.4120093770057402e-08 397.06885170321596 10.611375325548622 -15.407917031692918 -18.201946577322808 0.0 7473.879751277057
1005.0 -5380.947081365392 -3291.7060512793873 1560.3245735436878 -148.5444741395771 13.982046517720109 121.14243938879552 5492.772658084062 -5069.676453771899 -40.78646999267062 7474.880223485828 1.4202905281895765e-08 396.24001395043075 10.55024370602827 -15.381350724126838 -18.383477384362468 0.0 7473.75306350071
1006.0 -5379.081918682931 -3297.0039642025145 1555.3923049050384 -148.4945927245084 13.937078361480516 121.09382985465508 5491.547589030699 -5071.03439011457 -40.82997365829738 7474.901457214166 1.4286498254321111e-08 395.4090207786218 10.48925760250151 -15.354772100268598 -18.565092350122747 0.0 7473.626074846876
1007.0 -5377.209743846533 -3302.2973432928707 1550.4577935602808 -148.44473169873527 13.892097682037868 121.04519779906842 5490.326399807111 -5072.387168106401 -40.87351991009359 7474.922488174659 1.437088511196246e-08 394.5758795872294 10.428416030087428 -15.328181162179034 -18.746791460521678 0.0 7473.498783437612
1008.0 -5375.330558834514 -3307.586181658024 1545.5210468236337 -148.39489099124987 13.847104525123177 120.99654322521621 5489.109090045985 -5073.734791830689 -40.917109214856055 7474.943314172032 1.4456078312055041e-08 393.7405977979089 10.36771800002204 -15.30157791159727 -18.928574703675565 0.0 7473.371187359668
1009.0 -5373.444365635351 -3312.8704724101844 1540.5820720144102 -148.34507053108163 13.802098936434115 120.94786613569455 5487.895659347976 -5075.077265328103 -40.96074204439515 7474.963932978497 1.4542089117481889e-08 392.9032023248817 10.307163254246603 -15.274962349942797 -19.11044206988494 0.0 7473.243284665345
1010.0 -5371.551166247686 -3318.1502086661976 1535.6408764570263 -148.2952702472973 13.757080961635452 120.89916653250042 5486.686107287763 -5076.414592602169 -41.004418875633746 7474.984342341871 1.4628924846562874e-08 392.0637832163777 10.24675391190976 -15.248334478307513 -19.292393551688676 0.0 7473.115073380593
1011.0 -5369.650962680344 -3323.4253835475415 1530.6974674810078 -148.24549006900142 13.712050646359367 120.85044441703359 5485.480433419255 -5077.746777623992 -41.048140190715685 7475.004539992565 1.4716592033446786e-08 391.2224435069452 10.186492577410652 -15.221694297456791 -19.474429143856906 0.0 7472.986551511986
1012.0 -5367.743756952338 -3328.695990180329 1525.7518524209925 -148.19572992533594 13.667008036205631 120.80169979008777 5484.278637275987 -5079.073824332571 -41.09190647703531 7475.0245236440505 1.4805097228909642e-08 390.37928651177293 10.126381861044683 -15.19504180782461 -19.65654884342419 0.0 7472.857717047179
1013.0 -5365.8295510928765 -3333.962021695309 1520.8040386167315 -148.14598974548073 13.621953176741975 120.75293265184271 5483.080718371161 -5080.395736634795 -41.13571822728272 7475.044290992842 1.4894447000435093e-08 389.5344158267831 10.066424379012064 -15.168377009509255 -19.83875264971893 0.0 7472.728567954851
1014.0 -5363.908347141378 -3339.223471227864 1515.8540334130942 -148.0962694586535 13.57688611350428 120.704143001867 5481.886676197667 -5081.712518405398 -41.179575939486995 7475.06383971844 1.4984647932276938e-08 388.6879353289256 10.006622753439977 -15.141699902274834 -20.02104056435303 0.0 7472.599102184674
1015.0 -5361.980147147477 -3344.480331918015 1510.9018441600695 -148.04656899410998 13.531806891996945 120.65533083910216 5480.696510228116 -5083.024173486953 -41.22348011705549 7475.083167483311 1.507570662555734e-08 387.83994917617036 9.94697961238249 -15.115010485542603 -20.20341259128108 0.0 7472.469317667231
1016.0 -5360.044953171033 -3349.73259691042 1505.9474782127693 -147.99688828114395 13.486715557693069 120.60649616186345 5479.510219914859 -5084.330705689837 -41.267431268820474 7475.102271932835 1.516762969833647e-08 386.9905618078048 9.887497589841377 -15.08830875839137 -20.385868736797704 0.0 7472.33921231398
1017.0 -5358.102767282143 -3354.9802593543754 1500.99094293143 -147.94722724908746 13.441612156034799 120.55763896783488 5478.327804690019 -5085.632118792218 -41.31142990907074 7475.1211506952795 1.5260423785693903e-08 386.13987794465584 9.828179325780662 -15.061594719554819 -20.56840900955585 0.0 7472.208784017207
1018.0 -5356.153591561147 -3360.223312403816 1496.0322456814174 -147.89758582731082 13.396496732433627 120.50875925405603 5477.1492639655135 -5086.928416540028 -41.355476557603424 7475.139801381758 1.5354095539827726e-08 385.28800258918466 9.76902746613164 -15.03486836741425 -20.75103342061623 0.0 7472.078030649944
1019.0 -5354.197428098641 -3365.4617492173184 1491.0713938332285 -147.84796394522277 13.351369332270552 120.45985701692454 5475.974597133081 -5088.219602646933 -41.39957173976313 7475.158221586186 1.544865163012561e-08 384.4350410258773 9.71004466281767 -15.00812969999997 -20.933741983438004 0.0 7471.946950065938
1020.0 -5352.2342789954855 -3370.695562958098 1486.1083947624936 -147.79836153227052 13.306230000896479 120.41093225218658 5474.803803564303 -5089.505680794324 -41.44371598648149 7475.176408885252 1.5544098743260352e-08 383.5810988214461 9.651233573764998 -14.981378714986075 -21.116534713914362 0.0 7471.815540099589
1021.0 -5350.264146362812 -3375.924746794014 1481.1432558499812 -147.74877851793997 13.261078783632401 120.36198495492921 5473.63688261063 -5090.786654631286 -41.48790983431991 7475.194360838375 1.5640443583283853e-08 382.7262818250853 9.59259686291652 -14.954615409686285 -21.299411630401 0.0 7471.683798565891
1022.0 -5348.28703232204 -3381.149293897567 1476.1759844815986 -147.69921483175568 13.215915725769753 120.31301511957706 5472.473833603398 -5092.062527774575 -41.53215382551684 7475.212074987655 1.5737692871714593e-08 381.87069616882286 9.534137200251433 -14.927839781052105 -21.48237275372863 0.0 7471.551723260375
1023.0 -5346.302939004882 -3386.3691974459025 1471.2065880483965 -147.64967040328105 13.17074087257066 120.26402273988654 5471.314655853861 -5093.333303808593 -41.57644850802467 7475.229548857851 1.5835853347631496e-08 381.0144482678516 9.475857261802519 -14.901051825669684 -21.665418107224532 0.0 7471.419311959056
1024.0 -5344.311868553352 -3391.584450620811 1466.235073946572 -147.6001451621184 13.125554269268196 120.2150078089384 5470.159348653202 -5094.598986285373 -41.62079443555217 7475.246779956326 1.5934931767773157e-08 380.1576448208528 9.417759729672145 -14.87425153975572 -21.848547716740462 0.0 7471.286562418378
1025.0 -5342.313823119776 -3396.795046608727 1461.2614495774708 -147.550639037909 13.080355961066681 120.16597031913325 5469.00791127256 -5095.859578724551 -41.6651921676098 7475.2637657730165 1.6034934906632865e-08 379.3003928103958 9.359847292052537 -14.847438919155042 -22.031761610669186 0.0 7471.153472375151
1026.0 -5340.3088048668105 -3402.000978600734 1456.2857223475903 -147.50115196033332 13.035145993141972 120.11691026218305 5467.860342963044 -5097.115084613343 -41.709642269552205 7475.280503780381 1.6135869556563923e-08 378.44279950328723 9.302122643241837 -14.820613959335928 -22.21505981997654 0.0 7471.020039546492
1027.0 -5338.296815967438 -3407.202239792561 1451.307899668584 -147.45168385911091 12.989924410641692 120.06782762910565 5466.716642955758 -5098.365507406521 -41.75414531261572 7475.296991433372 1.623774252788064e-08 377.58497245099915 9.24458848366462 -14.793776655387129 -22.398442378221652 0.0 7470.886261629765
1028.0 -5336.277858604989 -3412.3988233845876 1446.3279889572625 -147.40223466400087 12.944691258685557 120.01872241022112 5465.576810461825 -5099.61085052639 -41.79870187397614 7475.313226169382 1.634056064895749e-08 376.7270194901508 9.187247519895143 -14.766927002015882 -22.58190932157066 0.0 7470.752136302531
1029.0 -5334.251934973155 -3417.5907225817978 1441.3459976356858 -147.35280430480177 12.899446582366448 119.9695945951431 5464.440844484987 -5100.851116949863 -41.843312535812856 7475.329204989465 1.644433088426597e-08 375.86904387188036 9.130102368974011 -14.758735721246879 -22.617051527654972 0.0 7470.732234911831
1030.0 -5332.21904727606 -3422.7779305932117 1436.361933132276 -147.30339271135688 12.854190426760752 119.9204441727763 5463.3087434145855 -5102.086308312184 -41.88797788554916 7475.344923548896 1.6549061857223168e-08 375.01108136350484 9.073154322660045 -14.762042635389353 -22.56078353432438 0.0 7470.782669609344
1031.0 -5330.179197728274 -3427.9604406320127 1431.3758028815778 -147.253999813553 12.808922836926445 119.87127113130899 5462.180506317558 -5103.316427758243 -41.93269852334447 7475.3603790471625 1.6654763416856402e-08 374.15311815309485 9.016403699212736 -14.765351071378834 -22.504489646376104 0.0 7470.832900449276
1032.0 -5328.1323885547545 -3433.1382459160145 1426.3876143233474 -147.20462554131686 12.763643857895064 119.82207545819344 5461.056132299699 -5104.541478537455 -41.9774750559377 7475.375568802518 1.6761445466516227e-08 373.29513923700995 8.959850794063684 -14.768661030059558 -22.448169849445346 0.0 7470.882924652775
1033.0 -5326.078621990874 -3438.311339667658 1421.3973749025592 -147.15526982461517 12.718353534672042 119.77285714015295 5459.935620440711 -5105.761463860643 -42.02230809628236 7475.390490106815 1.6869117936448496e-08 372.43712955721145 8.903495902185165 -14.7719725123248 -22.39182412833278 0.0 7470.932739415311
1034.0 -5324.0179002824225 -3443.479715114004 1416.4050920694167 -147.1059325934548 12.673051912236952 119.72361616316135 5458.818969794224 -5106.976386899983 -42.06719826361655 7475.405140225446 1.69777907839609e-08 371.5790740008433 8.847339318083689 -14.77528551911826 -22.33545246698107 0.0 7470.982341906631
1035.0 -5321.950225685622 -3448.643365486733 1411.4107732793614 -147.056613777883 12.627739035544007 119.67435251244576 5457.7061793878 -5108.18625078897 -42.11214618353938 7475.419516397286 1.7087473993542e-08 370.7209574002152 8.791381335820482 -14.77860005143388 -22.27905484847806 0.0 7471.0317292706995
1036.0 -5319.875600467147 -3453.8022840221342 1406.414425993082 -147.00731330798732 12.582414949522216 119.62506617247523 5456.597248222938 -5109.391058622375 -42.15715248805395 7475.433615834623 1.719817757701399e-08 369.8627645325355 8.735622249015975 -14.78191611031661 -22.222631255043712 0.0 7471.080898625644
1037.0 -5317.794026904125 -3458.9564639611085 1401.4160576765225 -146.95803111389603 12.537079699075832 119.57575712695416 5455.492175275091 -5110.590813456191 -42.2022178156501 7475.447435723103 1.7309911573677967e-08 369.0044801197258 8.680062350860041 -14.785233696862834 -22.166181668022645 0.0 7471.1298470636975
1038.0 -5315.705507284166 -3464.1058985491572 1396.4156758008944 -146.9087671257781 12.491733329084637 119.52642535882211 5454.390959493666 -5111.785518307604 -42.24734281136034 7475.460973221665 1.742268605044769e-08 368.14608882834165 8.624701934129536 -14.788552812220411 -22.109706067883856 0.0 7471.178571651139
1039.0 -5313.61004390536 -3469.2505810363814 1391.4132878426838 -146.8595212738434 12.44637588440435 119.47707085023565 5453.293599802036 -5112.975176154936 -42.29252812682603 7475.474225462476 1.7536511102027057e-08 367.28757526917724 8.569541291185867 -14.79187345758987 -22.053204434199973 0.0 7471.227069428238
1040.0 -5311.507639076301 -3474.3905046774757 1386.408901283661 -146.81029348834286 12.401007409866809 119.42769358257111 5452.200095097541 -5114.1597899376075 -42.33777442036626 7475.48718955087 1.765139685104319e-08 366.42892399723183 8.514580713996317 -14.795195634224244 -21.996676745650394 0.0 7471.275337409202
1041.0 -5309.398295116098 -3479.525662731725 1381.402523610892 -146.76108369956847 12.355627950280459 119.37829353641253 5451.110444251496 -5115.339362556101 -42.38308235702834 7475.499862565292 1.7767353448216454e-08 365.5701195114129 8.4598204941389 -14.798519343429861 -21.940122980007498 0.0 7471.323372582113
1042.0 -5307.282014354386 -3484.656048462998 1376.3941623167461 -146.71189183785359 12.31023755043058 119.32887069154647 5450.024646109192 -5116.513896871903 -42.42845260867489 7475.51224155721 1.788439107251782e-08 364.71114625435695 8.405260922815192 -14.801844586566716 -21.883543114130696 0.0 7471.371171908871
1043.0 -5305.158799131341 -3489.781655139746 1371.3838248989064 -146.66271783357305 12.264836255079768 119.27942502695299 5448.942699489906 -5117.68339570747 -42.47388585403826 7475.52432355108 1.800251993133851e-08 363.85198861217833 8.35090229085905 -14.805171365049063 -21.826937123956107 0.0 7471.418732325134
1044.0 -5303.028651797698 -3494.902476034994 1366.3715188603796 -146.61356161714323 12.219424108968079 119.22995652080351 5447.864603186896 -5118.847861846185 -42.51938277877878 7475.536105544262 1.8121750260646393e-08 362.99263091433517 8.2967448887532 -14.808499680345559 -21.77030498449411 0.0 7471.46605074026
1045.0 -5300.891574714763 -3500.0185044263403 1361.3572517095051 -146.56442311902222 12.174001156813448 119.1804651504478 5446.790355967408 -5120.007298032312 -42.564944075561584 7475.54758450696 1.8242092325171636e-08 362.13305743330153 8.242789006634029 -14.811829533980147 -21.713646669814445 0.0 7471.5131240372475
1046.0 -5298.747570254421 -3505.1297335959507 1356.3410309599658 -146.51530226971005 12.128567443312154 119.1309508924056 5445.719956572675 -5121.161706970952 -42.61057044411757 7475.55875738216 1.836355641858499e-08 361.27325238431695 8.189034934301796 -14.815160927532615 -21.65696215303663 0.0 7471.5599490726845
1047.0 -5296.596640799159 -3510.2361568305528 1351.3228641307971 -146.46619899974863 12.083123013138897 119.08141372237053 5444.653403717917 -5122.311091328002 -42.65626259131261 7475.569621085554 1.848615286364902e-08 360.4131999253457 8.1354829612444 -14.818493862638329 -21.60025140633445 0.0 7471.606522676666
1048.0 -5294.438788742078 -3515.3377674214335 1346.3027587463978 -146.4171132397221 12.037667910947395 119.0318536151864 5443.590696092346 -5123.4554537301065 -42.70202123121362 7475.580172505486 1.8609892012440622e-08 359.55288415655093 8.082133376631305 -14.821828340989835 -21.54351440090878 0.0 7471.652841652759
1049.0 -5292.2740164869 -3520.4345586644345 1341.2807223365387 -146.36804492025686 11.992202181370516 118.98227054485062 5442.531832359147 -5124.59479676462 -42.74784708514528 7475.590408502866 1.8734784257050547e-08 358.69228998708377 8.028986477505018 -14.825164364336633 -21.48675110699153 0.0 7471.698902777922
1050.0 -5290.102326447995 -3525.5265238599477 1336.2567624363742 -146.31899397202164 11.946725869020758 118.93266448450775 5441.476811155095 -5125.729122979184 -42.79374088176519 7475.60032591057 1.8860840554484967e-08 357.8314462891552 7.976042975412171 -14.828501934485592 -21.429961493838288 0.0 7471.744702801899
1051.0 -5287.923721050387 -3530.613656312908 1331.2308865864527 -146.26996032572782 11.901239018490523 118.88303540642991 5440.425631088809 -5126.858434880061 -42.839703357118424 7475.609921530993 1.8988072671562076e-08 356.9704460202438 7.923304186007036 -14.831841053302288 -21.373145529705837 0.0 7471.790238444795
1052.0 -5285.738202729773 -3535.69594933279 1326.203102332729 -146.22094391212946 11.855741674352538 118.83338328202558 5439.378290739974 -5127.982734931365 -42.88573525470315 7475.61919213491 1.9116492470130604e-08 356.109387424339 7.870771475054815 -14.835181722710397 -21.316303181862267 0.0 7471.835506395934
1053.0 -5283.54577393254 -3540.7733962335983 1321.1734172265778 -146.17194466202346 11.810233881160103 118.78370808182028 5438.334788659305 -5129.10202555497 -42.93183732555394 7475.6281344613635 1.9246111846186296e-08 355.24836900524434 7.818446211072526 -14.838523944693009 -21.259434416564837 0.0 7471.880503313748
1054.0 -5281.346437115778 -3545.8459903338617 1316.1418388248073 -146.1229625062498 11.764715683447598 118.7340097754486 5437.295123368533 -5130.216309130466 -42.97801032830466 7475.6367452175755 1.9376942730090917e-08 354.3874895273783 7.766329765351745 -14.841867721293156 -21.20253919905086 0.0 7471.925225825711
1055.0 -5279.140194747299 -3550.9137249566265 1311.1083746896693 -146.07399737569156 11.719187125730764 118.68428833165474 5436.259293360394 -5131.325587995095 -43.024255029284404 7475.645021078869 1.9508997086772575e-08 353.5268480167514 7.714423511990779 -14.845213054613772 -21.145617493538328 0.0 7471.969670528254
1056.0 -5276.927049305655 -3555.976593429449 1306.0730323888765 -146.02504920127532 11.673648252507064 118.63454371827375 5435.227297098614 -5132.429864443697 -43.07057220257934 7475.652958688579 1.964228691598126e-08 352.66654376163757 7.6627288279071175 -14.848559946818966 -21.088669263204405 0.0 7472.013833986693
1057.0 -5274.707003280145 -3561.0345890843887 1301.0358194956125 -145.97611791397102 11.62809910825611 118.58477590223681 5434.199133017896 -5133.529140728655 -43.116962630118906 7475.660554657975 1.9776824252484612e-08 351.8066763136928 7.611247092875645 -14.851908400133654 -21.031694470191532 0.0 7472.057712735139
1058.0 -5272.480059170849 -3566.087705258003 1295.9967435885462 -145.92720344479238 11.582539737439953 118.53498484954633 5433.174799523904 -5134.623419059839 -43.16342710174308 7475.6678055661705 1.991262116634912e-08 350.9473454885792 7.559979689535941 -14.855258416845249 -20.974693075578838 0.0 7472.10130327644
1059.0 -5270.246219488627 -3571.1359352913382 1290.9558122518454 -145.87830572479683 11.536970184503485 118.48517052528251 5432.154294993241 -5135.712701604542 -43.20996641529587 7475.6747079600345 2.0049689763140856e-08 350.0886513671659 7.5089280034329375 -14.858609999303205 -20.917665039389725 0.0 7472.144602082085
1060.0 -5268.005486755146 -3576.179272529924 1285.9130330751893 -145.8294246850859 11.4913904938748 118.43533289358753 5431.137617773438 -5136.796990487433 -43.25658137668893 7475.68125835411 2.018804218419113e-08 349.2306942963728 7.458093423034882 -14.861963149920092 -20.860610320573727 0.0 7472.187605592125
1061.0 -5265.757863502896 -3581.217710323767 1280.8684136537825 -145.7805602568052 11.445800709965598 118.38547191765882 5430.124766182933 -5137.876287790488 -43.303272799986644 7475.687453230519 2.0327690606842033e-08 348.3735748902029 7.407477339761377 -14.865317871172039 -20.80352887699883 0.0 7472.230310215098
1062.0 -5263.503352275202 -3586.251242027343 1275.8219615883688 -145.7317123711445 11.400200877171478 118.33558755973831 5429.115738511044 -5138.950595552949 -43.35004150747977 7475.693289038885 2.0468647244707878e-08 347.51739403073753 7.357081148007893 -14.868674165599467 -20.74642066543914 0.0 7472.272712327949
1063.0 -5261.241955626252 -3591.2798609995916 1270.7736844852445 -145.6828809593383 11.354591039872382 118.28567978111364 5428.110533017958 -5140.019915771252 -43.39688832977163 7475.698762196235 2.0610924347907286e-08 346.6622528693678 7.306906245182968 -14.872032035807003 -20.689285641576273 0.0 7472.314808275938
1064.0 -5258.973676121101 -3596.3035606039093 1265.7235899562725 -145.63406595266545 11.308971242432888 118.23574854209356 5427.109147934704 -5141.0842503989725 -43.443814105849015 7475.703869086909 2.075453420337298e-08 345.80825282761845 7.256954031720028 -14.875391484465133 -20.63212375997121 0.0 7472.356594372568
1065.0 -5256.698516335695 -3601.322334208141 1260.6716856188943 -145.58526728244973 11.263341529202659 118.18579380200897 5426.11158146313 -5142.143601346771 -43.49081968317148 7475.708606062476 2.0899489135094166e-08 344.95549559844255 7.207225911115724 -14.878752514310133 -20.574934974065496 0.0 7472.398066899497
1066.0 -5254.416478856894 -3606.3361751845755 1255.6179790961464 -145.53648488005967 11.217701944516751 118.13581551920646 5425.117831775876 -5143.197970482332 -43.53790591772997 7475.7129694416335 2.1045801504384276e-08 344.10408314742176 7.157723289961213 -14.882115128144513 -20.517719236173786 0.0 7472.43922210645
1067.0 -5252.127566282481 -3611.34507690994 1250.562478016672 -145.48771867690905 11.172052532695997 118.08581365103461 5424.127897016351 -5144.247359630306 -43.58507367415325 7475.716955510125 2.1193483710174616e-08 343.25411771387763 7.108447577966968 -14.885479328837915 -20.460476497468235 0.0 7472.480056211137
1068.0 -5249.831781221185 -3616.3490327653903 1245.5051900147366 -145.43896860445673 11.126393338047434 118.03578815383732 5423.141775298711 -5145.29177057225 -43.6323238257703 7475.720560520638 2.134254818929284e-08 342.4057018121361 7.059400187995151 -14.888845119327595 -20.403206707970806 0.0 7472.520565399168
1069.0 -5247.529126292695 -3621.3480361365073 1240.4461227302404 -145.390234594207 11.08072440486449 117.98573898293893 5422.159464707807 -5146.3312050465665 -43.67965725468707 7475.723780692702 2.149300744066861e-08 341.5589378008514 7.01058252912114 -14.892212502619394 -20.345909816536278 0.0 7472.560745823957
1070.0 -5245.219604127683 -3626.3420804132875 1235.3852838087348 -145.34151657770963 11.035045777427705 117.93566609264607 5421.180963297795 -5147.365664747125 -43.72707485187311 7475.72661221069 2.164487610006908e-08 340.7138903985212 6.961995402196971 -14.895581481787634 -20.288585770854336 0.0 7472.600593604725
1071.0 -5242.9032173678215 -3631.331158990135 1230.3226809014384 -145.29281448656022 10.989357500004704 117.88556943622686 5420.20626908493 -5148.395151316465 -43.774577517185776 7475.729051213886 2.179817255586489e-08 339.8705574936076 6.913638529153355 -14.898952059976502 -20.231234517425744 0.0 7472.640104816575
1072.0 -5240.579968665809 -3636.3152652658437 1225.2583216652638 -145.24412825240026 10.943659616851011 117.83544896591339 5419.235380043729 -5149.419666342099 -43.82216615945845 7475.73109379112 2.1952915630903032e-08 339.0289301099417 6.865511519988474 -14.9023242403999 -20.173856001565234 0.0 7472.679275485146
1073.0 -5238.249860685392 -3641.294392643578 1220.192213762842 -145.19545780691752 10.897952172210417 117.78530463288166 5418.268294106783 -5150.439211356293 -43.86984169662628 7475.73273598045 2.2109124205250313e-08 338.1889992312459 6.817613982819713 -14.905698026342774 -20.11645016737852 0.0 7472.718101586286
1074.0 -5235.91289610139 -3646.268534530858 1215.124364862549 -145.1468030818463 10.85223521031535 117.73513638724934 5417.305009164714 -5151.453787835961 -43.917605055847275 7475.7339737690245 2.226681721657264e-08 337.3507558011788 6.769945523900013 -14.909073421161283 -20.059016957759695 0.0 7472.756579045934
1075.0 -5233.569077599718 -3651.2376843395386 1210.0547826385327 -145.0981640089676 10.80650877538754 117.68494417806156 5416.345523066116 -5152.463397202567 -43.96545717361164 7475.734803092941 2.2426013660558647e-08 336.5141907231815 6.7225057476228995 -14.912450428283753 -20.00155631437501 0.0 7472.794703739986
1076.0 -5231.2184078774135 -3656.201835485796 1204.983474770738 -145.04954052010953 10.760772911638313 117.6347279532822 5415.389833617515 -5153.468040822028 -44.01339899588959 7475.735219837119 2.2586732591334337e-08 335.67929486041254 6.675294256532803 -14.915829051211245 -19.944068177652895 0.0 7472.832471494172
1077.0 -5228.860889642659 -3661.160981390105 1199.9104489449337 -145.00093254714753 10.715027663269273 117.5844876597895 5414.437938583318 -5154.467720004611 -44.061431478226154 7475.735219835158 2.274899312187138e-08 334.8460590357538 6.628310651339503 -14.919209293517874 -19.88655248677894 0.0 7472.869878083921
1078.0 -5226.4965256148125 -3666.115115477226 1194.8357128527396 -144.95234002200442 10.669273074472551 117.5342232433589 5413.489835685751 -5155.46243600484 -44.109555585879775 7475.734798869198 2.2912814424444274e-08 334.0144740316022 6.581554530920581 -14.922591158851949 -19.829009179676184 0.0 7472.906919234233
1079.0 -5224.125318524429 -3671.0642311761826 1189.759274191652 -144.90376287665114 10.623509189431495 117.48393464865943 5412.545522604815 -5156.452190021386 -44.15777229395201 7475.733952669781 2.307821573105172e-08 333.1845305898872 6.535025492336825 -14.92597465093622 -19.771438193001096 0.0 7472.943590619547
1080.0 -5221.747271113283 -3676.008321920249 1184.681140665072 -144.85520104310646 10.577736052321061 117.43362181923399 5411.604996978227 -5157.43698319697 -44.20608258749348 7475.732676915709 2.3245216333899332e-08 332.35621941181756 6.488723130832551 -14.929359773569209 -19.7138394621209 0.0 7472.979887863614
1081.0 -5219.3623861343995 -3680.9473811469297 1179.6013199823312 -144.8066544534377 10.531953707308269 117.38328469750076 5410.668256401364 -5158.41681661827 -44.25448746164136 7475.730967233909 2.3413835585820828e-08 331.52953115797794 6.442647039855711 -14.932746530625103 -19.656212921115237 0.0 7473.015806539354
1082.0 -5216.9706663520765 -3685.881402297943 1174.5198198587186 -144.75812303976068 10.486162198552746 117.33292322473473 5409.7352984272 -5159.391691315808 -44.30298792174028 7475.7288191992775 2.3584092900773086e-08 330.7044564480959 6.39679681105967 -14.93613492605501 -19.598558502755015 0.0 7473.051342168732
1083.0 -5214.572114541914 -3690.810378819203 1169.4366480155093 -144.70960673424017 10.440361570207184 117.28253734106245 5408.8061205662525 -5160.361608263864 -44.35158498346027 7475.72622833455 2.3756007754296164e-08 329.88098586102336 6.351172034317184 -14.939524963887308 -19.540876138496387 0.0 7473.08649022261
1084.0 -5212.166733490835 -3695.7343041608037 1164.3518121799898 -144.66110546909007 10.394551866417865 117.23212698544212 5407.880720286515 -5161.326568380357 -44.400279672940655 7475.723190110143 2.3929599684031424e-08 329.059109934479 6.305772297721199 -14.942916648228977 -19.483165758457965 0.0 7473.121246120629
1085.0 -5209.75452599712 -3700.653171777 1159.2653200854866 -144.61261917657367 10.348733131325062 117.18169209566724 5406.959095013401 -5162.286572526755 -44.44907302688648 7475.71969994402 2.4104888290168124e-08 328.2388191651728 6.260597187607048 -14.946309983265365 -19.42542729142501 0.0 7473.15560523105
1086.0 -5207.335494870428 -3705.5669751261903 1154.1771794713934 -144.56414778900404 10.302905409063575 117.13123260834324 5406.041242129673 -5163.24162150797 -44.49796609273017 7475.715753201534 2.428189323599133e-08 327.42010400848795 6.215646288550266 -14.949704973261754 -19.367660664822637 0.0 7473.189562870631
1087.0 -5204.909642931822 -3710.475707670902 1149.0873980831982 -144.5156912387441 10.25706874376332 117.08074845887943 5405.127158975378 -5164.191716072254 -44.54695992872212 7475.71134519528 2.4460634248386703e-08 326.60295487841245 6.170919183378451 -14.953101622563905 -19.30986580470667 0.0 7473.223114304482
1088.0 -5202.476973013805 -3715.3793628777726 1143.9959836725118 -144.46724945820696 10.211223179549581 117.03023958148238 5404.216842847784 -5165.136856911098 -44.59605560408215 7475.7064711849525 2.4641131118348973e-08 325.78736214749097 6.126415453184322 -14.956499935598494 -19.252042635756 0.0 7473.256254745922
1089.0 -5200.037487960338 -3720.277934217532 1138.9029439970957 -144.41882237985632 10.165368760543762 116.97970590914379 5403.310291001317 -5166.077044659142 -44.64525419911331 7475.701126377203 2.4823403660982332e-08 324.97331648119075 6.082134677114968 -14.959899916873944 -19.194191081258722 0.0 7473.288979356356
1090.0 -5197.591190626869 -3725.1714151649876 1133.808286820889 -144.37040993620647 10.11950553086369 116.92914737362217 5402.407500648658 -5167.0122798951725 -44.69455680534611 7475.695305927095 2.50074701936959e-08 324.1608214002895 6.038076424150747 -14.963301570981642 -19.136311063091146 0.0 7473.3212832467425
1091.0 -5195.138083880365 -3730.059799199008 1128.712019914034 -144.32201205982278 10.073633534624202 116.87856390543644 5401.508468965236 -5167.942563146362 -44.743964525686124 7475.689004944255 2.519334707147916e-08 323.3498971201556 5.994240250605419 -14.96670490259638 -19.078402501710496 0.0 7473.353161483739
1092.0 -5192.6781705993335 -3734.9430798025137 1123.6141510528976 -144.27362868332173 10.027752815937493 116.8279554338581 5400.613193091002 -5168.867894889946 -44.79347847453914 7475.682218495277 2.538105057034551e-08 322.5405650130348 5.950625710310062 -14.970109916476876 -19.02046531614595 0.0 7473.384609092131
1093.0 -5190.211453673842 -3739.821250462469 1118.5146880200928 -144.2252597393712 9.98186341891355 116.77732188688778 5399.721670130425 -5169.7882755531855 -44.84309977791065 7475.674941603666 2.557059702199311e-08 321.73284650159997 5.907232355336053 -14.97351661746736 -18.96249942397177 0.0 7473.41562105478
1094.0 -5187.737936005553 -3744.694304669868 1113.4136386044988 -144.1769051606907 9.935965387660621 116.72666319125844 5398.833897152416 -5170.703705513284 -44.89282957351293 7475.667169249703 2.5762002814265005e-08 320.92676305961857 5.864059736016628 -14.976925010497345 -18.90450474131096 0.0 7473.4461923124945
1095.0 -5185.257620507744 -3749.562235919729 1108.311010601284 -144.1285648800513 9.890058766285689 116.67597927241202 5397.9498711902725 -5171.61418509732 -44.94266901086348 7475.658896370321 2.5955284391716208e-08 320.12233621220736 5.821107400945691 -14.980335100583211 -18.846481182808553 0.0 7473.476317763922
1096.0 -5182.770510105331 -3754.425037711081 1103.2068118119266 -144.0802388302762 9.844143598894787 116.62527005448729 5397.069589241602 -5172.519714582158 -44.99261925139456 7475.6501178589615 2.6150458256148662e-08 319.3195875362778 5.778374896986398 -14.983746892829014 -18.788428661617704 0.0 7473.505992265417
1097.0 -5180.276607734894 -3759.2827035469572 1098.1010500442362 -144.03192694424072 9.798219929593479 116.57453546031762 5396.193048268259 -5173.4202941943695 -45.042681468561 7475.64082856545 2.6347540967116124e-08 318.5185386611509 5.73586176928814 -14.987160392426642 -18.730347089397135 0.0 7473.535210630914
1098.0 -5177.775916343985 -3764.1352269357817 1092.9937331109104 -143.9836291548586 9.75228780247417 116.5237754113935 5395.320250296534 -5174.315928970753 -45.0928568852562 7475.631030341345 2.6546549142574814e-08 317.71921126862605 5.693567561273974 -14.990575604658329 -18.67223637626822 0.0 7473.563974677343
1099.0 -5175.268438887773 -3768.9826013978736 1087.8848688227326 -143.93534539501724 9.70634726155511 116.4729898278116 5394.451201204973 -5175.2066276130145 -45.14314673990293 7475.620730372096 2.674749945960184e-08 316.9216270928581 5.651491814617779 -14.993992534900094 -18.614096430756653 0.0 7473.592291556829
1100.0 -5172.754178331176 -3773.824820461294 1082.7744649929064 -143.88707559761923 9.660398350819575 116.42217862831278 5393.5858984052 -5176.092390745441 -45.193552199137116 7475.609924157939 2.695040865477461e-08 316.1258079216478 5.609634069295598 -14.997411188619173 -18.555927159836006 0.0 7473.62015673745
1101.0 -5170.233137650785 -3778.6618776581727 1077.662529440908 -143.8388196956189 9.614441114250829 116.37134173033422 5392.724338852325 -5176.973218541171 -45.244074438049665 7475.598606574227 2.7155293524491183e-08 315.3317755979528 5.5679938636471835 -15.000831571370519 -18.497728468987383 0.0 7473.6475650636075
1102.0 -5167.705319834876 -3783.493766524695 1072.549069992508 -143.79057762202262 9.568475595832528 116.32047904997576 5391.8665194669275 -5177.8491111241865 -45.294714643812085 7475.586772454226 2.7362170925636336e-08 314.5395520200583 5.526570734366061 -15.004253688799055 -18.43950026216085 0.0 7473.67451133883
1103.0 -5165.17072788345 -3788.320480601099 1067.4340944797923 -143.74234930988885 9.522501839549035 116.26959050200927 5391.012437134981 -5178.720068569221 -45.345474015764125 7475.57441658896 2.7571057776083847e-08 313.7491591424361 5.485364216525093 -15.007677546639064 -18.38124244178623 0.0 7473.700990325628
1104.0 -5162.6293648082465 -3793.1420134316604 1062.3176107411819 -143.69413469232842 9.476519889386106 116.21867599984678 5390.162088707791 -5179.58609090169 -45.39635376553565 7475.561533727095 2.7781971055375e-08 312.9606189759698 5.444373843568324 -15.011103150716309 -18.322954908736595 0.0 7473.726996745393
1105.0 -5160.0812336327745 -3797.95835856469 1057.1996266214528 -143.6459337025047 9.430529789330974 116.16773545553849 5389.315471001908 -5180.447178097613 -45.44735511712588 7475.548118574796 2.7994927805285476e-08 312.1739535886601 5.403599147327272 -15.014530506948187 -18.26463756232593 0.0 7473.752525278262
1106.0 -5157.526337392338 -3802.769509552522 1052.0801499717597 -143.59774627363382 9.384531583373043 116.11676877975592 5388.472580799061 -5181.303330083528 -45.49847930702299 7475.534165795592 2.8209945130462153e-08 311.3891851061121 5.363039658025248 -15.017959621344852 -18.206290300289925 0.0 7473.777570562994
1107.0 -5154.96467913406 -3807.5754599515035 1046.9591886496544 -143.54957233898475 9.338525315504189 116.06577588178439 5387.633414846072 -5182.154546736423 -45.54972758429574 7475.519670010235 2.8427040199030756e-08 310.6063357121796 5.322694904289189 -15.021390500009725 -18.14791301877735 0.0 7473.8021271968355
1108.0 -5152.3962619169115 -3812.3762033219928 1041.8367505191075 -143.5014118318796 9.292511029719213 116.01475666950469 5386.797969854781 -5183.0008278836485 -45.60110121070636 7475.504625796562 2.8646230243258917e-08 309.82542764945487 5.282564413152865 -15.024823149140719 -18.089505612329006 0.0 7473.826189735401
1109.0 -5149.821088811735 -3817.171733228345 1036.7128434505303 -143.45326468569377 9.24648877001626 115.96371104937931 5385.966242501761 -5183.842173302649 -45.65260146079709 7475.489027689079 2.8867533093531692e-08 309.0464826848679 5.242647743466736 -15.028257575031187 -18.03106797386203 0.0 7473.849752692258
1110.0 -5147.239162901274 -3821.962043238903 1031.5874753207972 -143.40513083385608 9.200458580397262 115.91263892644528 5385.138229422731 -5184.6785827156 -45.704229621970285 7475.472870171181 2.9090971953180422e-08 308.2695173213591 5.20294478492565 -15.031693784070374 -17.972599994661678 0.0 7473.872810531166
1111.0 -5144.650487280206 -3826.747126925981 1026.4606540132781 -143.3570102098492 9.154420504868453 115.8615402042974 5384.313927201989 -5185.5100557793085 -45.75598699452746 7475.45614766052 2.9316573151912834e-08 307.49454505267 5.163455617324194 -15.035131782744566 -17.91410156436211 0.0 7473.895357651447
1112.0 -5142.055065055173 -3831.526977865839 1021.332387417877 -143.30890274720986 9.108374587441014 115.81041478507024 5383.493332370276 -5186.33659208311 -45.80787489182137 7475.438854505973 2.9544363150138638e-08 306.72157936957706 5.124180322892594 -15.038571577638297 -17.855572570925826 0.0 7473.917388384977
1113.0 -5139.452899344825 -3836.3015896386582 1016.2026834310701 -143.2608083795293 9.062320872131567 115.75926256943715 5382.676441404635 -5187.158191148725 -45.85989464042348 7475.420984987414 2.977436850395684e-08 305.9506337964777 5.085118984080863 -15.042013175434413 -17.797012900642486 0.0 7473.938896995953
1114.0 -5136.843993279847 -3841.070955828519 1011.0715499559458 -143.21272704045356 9.016259402962776 115.70808345658321 5381.863250728293 -5187.974852430102 -45.9120475802772 7475.402533315504 3.0006615866135656e-08 305.1817218916186 5.046271683569266 -15.045456582915897 -17.73842243809794 0.0 7473.959877680708
1115.0 -5134.228350003007 -3845.8350700233714 1005.9389949022434 -143.16465866368395 8.970190223964018 115.65687734420132 5381.053756710544 -5188.786575313282 -45.964335064876764 7475.383493631477 3.024113198700412e-08 304.4148572476851 5.007638504296981 -15.048901806966118 -17.6798010661698 0.0 7473.9803245674975
1116.0 -5131.605972669183 -3850.5939258150183 1000.8050261863925 -143.11660318297717 8.924113379171866 115.60564412847208 5380.247955666617 -5189.593359116251 -46.01675846141677 7475.363860006923 3.0477943715432596e-08 303.65005349215517 4.969219529478605 -15.052348854570207 -17.621148666004373 0.0 7474.000231716301
1117.0 -5128.976864445403 -3855.3475167990864 995.6696517315529 -143.06856053214588 8.878028912630732 115.55438370405382 5379.445843857551 -5190.395203088787 -46.06931915097471 7475.343626443563 3.0717077999782724e-08 302.88732428781674 4.931014842628764 -15.055797732815705 -17.56246511700526 0.0 7474.019593118607
1118.0 -5126.3410285108885 -3860.095836575002 990.5328794676542 -143.02053064505895 8.83193686839343 115.50309596406774 5378.647417490067 -5191.192106412311 -46.12201852866633 7475.322786873033 3.095856188889545e-08 302.12668333322233 4.893024527583345 -15.059248448893577 -17.503750296816314 0.0 7474.038402697204
1119.0 -5123.698468057082 -3864.83887874597 985.3947173314356 -142.97251345564194 8.785837290521805 115.4517808000776 5377.8526727164235 -5191.984068199738 -46.17485800382144 7475.301335156648 3.120242253312147e-08 301.36814436307355 4.8552486685170635 -15.06270101009958 -17.445004081298435 0.0 7474.056654305966
1120.0 -5121.049186287693 -3869.5766369189464 980.2551732664864 -142.92450889787722 8.739730223087312 115.4004381020862 5377.061605634288 -5192.771087495323 -46.22783900014076 7475.279265085175 3.1448687185288817e-08 300.6117211488658 4.81768734997383 -15.066155423834488 -17.386226344525504 0.0 7474.074341729627
1121.0 -5118.393186418735 -3874.3091047046173 975.1142552232858 -142.8765169058046 8.693615710171567 115.34906775851339 5376.274212286593 -5193.5531632745015 -46.28096295587193 7475.256570378607 3.169738320177395e-08 299.8574274992696 4.78034065688375 -15.069611697605582 -17.327416958759226 0.0 7474.091458683567
1122.0 -5115.730471678561 -3879.036275717374 969.9719711592438 -142.82853741352147 8.64749379586703 115.29766965617682 5375.490488661389 -5194.330294443737 -46.334231323980475 7475.233244685908 3.1948538043578206e-08 299.1052772605651 4.743208674582686 -15.073069839027939 -17.2685757944271 0.0 7474.107998813584
1123.0 -5113.061045307902 -3883.75814357529 964.8283290387419 -142.7805703551833 8.601364524277482 115.24624368029065 5374.710430691694 -5195.102479840361 -46.38764557230786 7475.209281584784 3.2202179277333986e-08 298.3552843173506 4.7062914888451015 -15.076529855824525 -17.209702720120895 0.0 7474.1239556956625
1124.0 -5110.384910559915 -3888.4747019000947 959.6833368331735 -142.7326156650039 8.555227939518774 115.194789714435 5373.934034255356 -5195.869718232417 -46.44120718375302 7475.184674581447 3.245833457647026e-08 297.60746259283496 4.669589185896192 -15.079991755828242 -17.150797602561763 0.0 7474.139322835748
1125.0 -5107.702070700213 -3893.185944317154 954.537002520985 -142.68467327725588 8.509084085719264 115.14330764055264 5373.16129517488 -5196.632008318485 -46.494917656437224 7475.159417110346 3.2717031722263334e-08 296.86182604953814 4.633101852443914 -15.083455546982158 -17.09186030659634 0.0 7474.154093669504
1126.0 -5105.012529006911 -3897.89186445544 949.3893340877178 -142.63674312627091 8.462933007020549 115.09179733892705 5372.392209217283 -5197.389348727533 -46.54877850387368 7475.1335025339295 3.297829860499614e-08 296.11838868973433 4.596829575698139 -15.08692123734098 -17.032890695171755 0.0 7474.168261562079
1127.0 -5102.3162887706585 -3902.5924559475175 944.2403395260486 -142.58882514644026 8.416774747578014 115.04025868816662 5371.626772093931 -5198.141738018738 -46.60279125514637 7475.10692414239 3.324216322510702e-08 295.37716455599303 4.56077244339449 -15.090388835072117 -16.973888629317397 0.0 7474.181819807864
1128.0 -5099.613353294691 -3907.28771242951 939.0900268358317 -142.54091927221484 8.370609351561393 114.98869156519137 5370.864979460362 -5198.889174681325 -46.65695745506423 7475.079675153395 3.350865370910747e-08 294.63816773865256 4.524930541835712 -15.093858348456578 -16.91485396812987 0.0 7474.194761630236
1129.0 -5096.903725894863 -3911.9776275410827 933.9384040241409 -142.49302543810592 8.324436863155471 114.93709584521375 5370.106826914656 -5199.631657132975 -46.71127866435131 7475.051748709789 3.377780077824901e-08 293.90141352603507 4.489303624224718 -15.097329785890253 -16.85578656875084 0.0 7474.207080179279
1130.0 -5094.187409899696 -3916.6621949254127 928.7854791053172 -142.44514357868533 8.278257326560674 114.88547140172986 5369.352309988357 -5200.369183711078 -46.76575645972605 7475.023137866958 3.4049640528506904e-08 293.16691969989887 4.453890737151696 -15.100803155884513 -16.796686286357165 0.0 7474.21876851915
1131.0 -5091.464408650425 -3921.341408229152 923.6312601010231 -142.39727362858608 8.232070785993741 114.8338181064896 5368.6014241407975 -5201.101752667248 -46.82039243410384 7474.993835584923 3.432420986524937e-08 292.4347044080404 4.4186908344795 -15.10427846706822 -16.737552974126576 0.0 7474.229819620202
1132.0 -5088.73472550105 -3926.0152611023914 918.4757550403017 -142.3494155225027 8.185877285688667 114.78213582949445 5367.854164758663 -5201.829362166877 -46.87518819680179 7474.963834727689 3.460154583847585e-08 291.7047858548062 4.383702866897027 -15.107755728187868 -16.6783864832352 0.0 7474.240226358328
1133.0 -5085.998363818386 -3930.683747198625 913.3189719596342 -142.30156919519195 8.139676869897242 114.7304244389718 5367.1105271558135 -5202.552010288928 -46.930145373775645 7474.933128062948 3.488168564438818e-08 290.9771823016909 4.348925781904237 -15.11123494810932 -16.619186662828177 0.0 7474.249981514697
1134.0 -5083.255326982114 -3935.3468601747095 908.1609189029974 -142.25373458147325 8.093469582889856 114.67868380136171 5366.370506573097 -5203.269695025737 -46.98526560785456 7474.901708261793 3.516466662692152e-08 290.2519120681268 4.3143585238054065 -15.114716135818682 -16.559953360004506 0.0 7474.259077775461
1135.0 -5080.505618384831 -3940.00459369083 903.0016039219241 -142.20591161622912 8.04725546895635 114.62691378129752 5365.634098178158 -5203.982414282798 -47.04055055894696 7474.869567898401 3.545052627933426e-08 289.52899353220187 4.280000033697886 -15.11819930042363 -16.500686419794775 0.0 7474.267507731473
1136.0 -5077.749241432107 -3944.6569414104615 897.8410350755603 -142.15810023440582 8.00103457240666 114.57511424158781 5364.901297065233 -5204.690165878555 -47.09600190429899 7474.83669944973 3.573930224581626e-08 288.8084451314155 4.245849249461615 -15.12168445115461 -16.441385685140624 0.0 7474.275263877984
1137.0 -5074.986199542533 -3949.3038970003345 892.6792204307245 -142.11030037101386 7.954806937571616 114.52328504320421 5364.172098254972 -5205.392947544198 -47.151621338714335 7474.803095295213 3.603103232309169e-08 288.09028536352827 4.211905105752031 -15.125171597365656 -16.3820509968807 0.0 7474.2823386143555
1138.0 -5072.216496147771 -3953.9454541303935 887.5161680619674 -142.06251196112842 7.908572608803708 114.47142604525435 5363.44649669422 -5206.090756923438 -47.20741057477471 7474.768747716435 3.6325754462131195e-08 287.374532787225 4.178166533983029 -15.12866074853622 -16.322682193719718 0.0 7474.2887242437555
1139.0 -5069.440134692616 -3958.5816064737664 882.3518860516311 -142.01473493989 7.8623316304778115 114.41953710497265 5362.72448725581 -5206.7835915723 -47.26337134309051 7474.7336488968185 3.662350676979164e-08 286.6612060230406 4.144632462321263 -15.132151914271784 -16.263279112217948 0.0 7474.294412972849
1140.0 -5066.657118635042 -3963.212347706724 877.1863824899086 -141.96696924250475 7.8160840469919615 114.36761807770026 5362.006064738363 -5207.4714489589005 -47.31950539251534 7474.697790921295 3.6924327510544055e-08 285.9503237541519 4.111301815672972 -15.13564510430521 -16.203841586768185 0.0 7474.299396911493
1141.0 -5063.8674514462555 -3967.837671508644 872.0196654749046 -141.9192148042453 7.769829902768205 114.31566881685727 5361.291223866061 -5208.15432646323 -47.37581449040249 7474.66116577598 3.7228255108275334e-08 285.24190472708233 4.078173515665635 -15.139140328498618 -16.144369449564 0.0 7474.303668072426
1142.0 -5061.07113661076 -3972.457571561975 866.8517431126947 -141.87147156045097 7.723569242253186 114.26368917393486 5360.579959288433 -5208.832221376933 -47.432300422810385 7474.623765347841 3.75353281480037e-08 284.5359677526982 4.045246480642112 -15.142637596843901 -16.08486253059072 0.0 7474.307218370947
1143.0 -5058.268177626396 -3977.0720415522014 861.6826235173868 -141.82373944652855 7.677302109919094 114.2116789984745 5359.872265580132 -5209.505130903081 -47.48896499476473 7474.585581424358 3.784558537769688e-08 283.83253170704285 4.012519625646023 -15.146136919464137 -16.025320657601586 0.0 7474.3100396245945
1144.0 -5055.458578004411 -3981.6810751678054 856.5123148111811 -141.77601839795258 7.631028550264252 114.15963813804055 5359.168137240702 -5210.173052155942 -47.54581003047747 7474.546605693177 3.8159065710160095e-08 283.13161553210267 3.979991862402798 -15.149638306615424 -15.965743656086477 0.0 7474.312123552819
1145.0 -5052.642341269503 -3986.2846661002327 851.3408251244318 -141.72830835026622 7.584748607814126 114.10756643821101 5358.467568694351 -5210.83598216076 -47.60283737358702 7474.506829741776 3.847580822484652e-08 282.43323823683505 3.947662099311698 -15.153141768687508 -15.906131349261221 0.0 7474.313461776653
1146.0 -5049.819470959887 -3990.8828080438543 846.1681625957084 -141.68060923908135 7.538462327121834 114.05546374255162 5357.770554289711 -5211.493917853518 -47.66004888739815 7474.466245057103 3.8795852169796706e-08 281.7374188979917 3.9155292414270924 -15.156647316205513 -15.84648355803801 0.0 7474.314045818381
1147.0 -5046.9899706273445 -3995.475494695934 840.994335371856 -141.63292100007953 7.492169752769094 114.00332989259914 5357.077088299595 -5212.146856080705 -47.71744645511603 7474.424843025224 3.9119236963554204e-08 281.0441766610829 3.883592190445058 -15.160154959831091 -15.786800101006207 0.0 7474.313867101192
1148.0 -5044.1538438372845 -4000.062719756587 835.8193516080587 -141.5852435690123 7.445870929366976 113.95116472783452 5356.387164920848 -5212.794793599175 -47.77503198009515 7474.3826149310935 3.944600196434698e-08 280.353529828831 3.851849952162484 -15.163664710364202 -15.727080794401697 0.0 7474.312916948977
1149.0 -5041.311094168798 -4004.644476928751 830.6432194679005 -141.5375768817017 7.399565901556616 113.89896808567154 5355.700778275297 -5213.437727077066 -47.83280738607141 7474.339551959861 3.9776185574546466e-08 279.6654923452065 3.8203020507678804 -15.167176578743891 -15.667325452093808 0.0 7474.311186587635
1150.0 -5038.461725214719 -4009.2207599181493 825.4659471234252 -141.48992087404093 7.353254714010028 113.84673980143003 5355.017922410881 -5214.075653094903 -47.89077461742659 7474.295645198432 4.010982602607576e-08 278.98007686602494 3.7889481672140284 -15.170690576050086 -15.607533885554718 0.0 7474.308667146677
1151.0 -5035.605740581677 -4013.7915624332554 820.2875427551971 -141.4422754819948 7.306937411430816 113.79447970831674 5354.338591301528 -5214.708568145497 -47.94893563940502 7474.250885635285 4.044696172312005e-08 278.29729609489004 3.7577879819485416 -15.174206713504887 -15.547705903837505 0.0 7474.305349659033
1152.0 -5032.743143890158 -4018.3568781852646 815.1080145523607 -141.39464064160018 7.260614038555059 113.7421876374014 5353.662778846883 -5215.336468633686 -48.00729243835315 7474.205264160081 4.078763124425821e-08 277.6171627841976 3.7268211748901194 -15.177725002474178 -15.48784131354877 0.0 7474.301225060694
1153.0 -5029.87393877456 -4022.9167008880563 809.9273707127016 -141.34701628896664 7.214284640151902 113.68986341760086 5352.990478872016 -5215.959350876073 -48.06584702196005 7474.158771563254 4.113187334450109e-08 276.9396897359716 3.6960474254438336 -15.181245454468687 -15.427939918830475 0.0 7474.296284190321
1154.0 -5026.998128883255 -4027.471024258166 804.7456194427065 -141.2994023602769 7.167949261024389 113.63750687565165 5352.321685127132 -5216.577211100767 -48.12460141947531 7474.1113985356 4.147972695743815e-08 276.26488980256386 3.665466412509703 -15.184768081145844 -15.36800152132852 0.0 7474.290517788846
1155.0 -5024.115717878645 -4032.0198420147467 799.5627689576253 -141.25179879178737 7.121607946010278 113.58511783609458 5351.656391287293 -5217.190045447121 -48.18355768195943 7474.063135667879 4.183123119733857e-08 275.59277588752764 3.635077814498558 -15.188292894310802 -15.30802592017511 0.0 7474.28391649909
1156.0 -5021.226709437218 -4036.563147879541 794.3788274815316 -141.20420551982872 7.075260739982795 113.53269612123898 5350.994590952106 -5217.7978499654555 -48.242717882511215 7474.013973450378 4.2186425361422677e-08 274.9233609462452 3.6048813093362306 -15.191819905918859 -15.248012911947844 0.0 7474.276470865358
1157.0 -5018.331107249619 -4041.1009355768447 789.1938032473852 -141.15662248080642 7.028907687851348 113.4802415511607 5350.336277645414 -5218.400620616801 -48.30208411651006 7473.963902272501 4.2545348931941515e-08 274.25665798700527 3.5748765744874813 -15.19534912807558 -15.187962290667386 0.0 7474.268171333022
1158.0 -5015.428915020698 -4045.633198833477 784.0077044970934 -141.10904961120116 6.982548834562326 113.42775394366146 5349.6814448150035 -5218.998353272603 -48.361658501849206 7473.912912422323 4.290804157855145e-08 273.5926800716019 3.545063286957754 -15.198880573039542 -15.12787384775096 0.0 7474.259008248122
1159.0 -5012.520136469577 -4050.159931378744 778.8205394815737 -141.06148684756948 6.936184225099938 113.3752331142542 5349.030085832272 -5219.591043714462 -48.42144317917712 7473.860994086162 4.327454316054973e-08 272.93144031628395 3.515441123310135 -15.202414253223306 -15.06774737199558 0.0 7474.248971856938
1160.0 -5009.604775329711 -4054.6811269444106 773.6323164608165 -141.01393412654434 6.88981390448687 113.32267887614121 5348.38219399192 -5220.178687633844 -48.481440312133145 7473.808137348133 4.364489372919431e-08 272.2729518926287 3.486009759678256 -15.205950181194906 -15.007582649552972 0.0 7474.238052305567
1161.0 -5006.682835348951 -4059.196779264663 768.4430437039474 -140.96639138483562 6.843437917785214 113.27009104018344 5347.737762511619 -5220.7612806317875 -48.54165208759866 7473.754332189695 4.401913353012261e-08 271.61722802832276 3.4567688717744836 -15.209488369679898 -14.94737946389449 0.0 7474.226239639495
1162.0 -5003.754320289601 -4063.70688207608 763.2527294892917 -140.91885855923059 6.797056310097113 113.21746941488318 5347.096784531679 -5221.338818218633 -48.60208071592638 7473.699568489202 4.4397303005714684e-08 270.96428200812875 3.4277181349057786 -15.213028831562537 -14.887137595791247 0.0 7474.21352380316
1163.0 -5000.819233928489 -4068.2114291175985 758.0613821044365 -140.87133558659463 6.750669126565593 113.16481380636105 5346.4592531147155 -5221.911295813711 -48.66272843118827 7473.643836021432 4.477944279753284e-08 270.31412717479907 3.3988572239865094 -15.216571579887319 -14.826856823287809 0.0 7474.199894639501
1164.0 -4997.877580057022 -4072.710414130482 752.8690098462957 -140.82382240387162 6.704276412375454 113.11212401832664 5345.825161245299 -5222.478708745056 -48.723597491423675 7473.587124457121 4.516559374884661e-08 269.6667769299276 3.3701858135479434 -15.220116627860957 -14.766536921668555 0.0 7474.185341889514
1165.0 -4994.929362481257 -4077.2038308582864 747.675621021174 -140.77631894808457 6.657878212753863 113.05939985205687 5345.194501829612 -5223.041052249104 -48.784690178874484 7473.5294233624845 4.5555796907141425e-08 269.02224473491896 3.341703577752231 -15.223663988853836 -14.706177663432928 0.0 7474.169855191799
1166.0 -4991.974585021961 -4081.6916730468297 742.4812239448314 -140.7288251563362 6.611474572971325 113.00664110637456 5344.567267695092 -5223.598321470384 -48.8460088002405 7473.470722198736 4.595009352666466e-08 268.3805441119756 3.313410190406566 -15.22721367640146 -14.64577881827087 0.0 7474.153424082084
1167.0 -4989.013251514674 -4086.173934444157 737.2858269425479 -140.68134096580943 6.565065538342369 112.95384757761437 5343.943451589326 -5224.150511460498 -48.90755568690827 7473.411010320568 4.634852681965221e-08 267.7416814271504 3.2853052526441746 -15.230765704206739 -14.58534015302386 0.0 7474.136037991741
1168.0 -4986.045365809785 -4090.650608800507 732.0894383491949 -140.63386631376807 6.518651154226475 112.90101905960834 5343.323046167781 -5224.697617166219 -48.96933319512402 7473.350276959035 4.675115046455364e-08 267.10562078109 3.2573879411160753 -15.234320086140961 -14.524861431668347 0.0 7474.117686230684
1169.0 -4983.070931772605 -4095.121689868258 726.8920665093204 -140.5864011375575 6.472231466028978 112.84815534365399 5342.706043977718 -5225.239633413889 -49.031343706157145 7473.2885111991345 4.715802212424186e-08 266.47231077740105 3.2296572762257236 -15.237876836245945 -14.464342415279207 0.0 7474.0983579649655
1170.0 -4980.089953283448 -4099.587171401873 721.6937197772455 -140.5389453746055 6.425806519202203 112.79525621849159 5342.092437455736 -5225.776554907037 -49.09358962662645 7473.225701976373 4.7569199747738763e-08 265.8416998009928 3.202112275230677 -15.241435968735559 -14.403782862003792 0.0 7474.078042213368
1171.0 -4977.1024342377195 -4104.047047157841 716.4944065171593 -140.4914989624233 6.379376359246464 112.74232147027587 5341.48221892733 -5226.308376225956 -49.156073388871164 7473.161838076132 4.798474156855835e-08 265.2137360375073 3.1747519524386383 -15.244997497997634 -14.343182527029455 0.0 7474.056727846794
1172.0 -4974.108378546 -4108.501310894621 711.294135103215 -140.44406183860605 6.33294103171123 112.68935088255444 5340.87538060644 -5226.835091827291 -49.218797451283535 7473.096908133049 4.840470610826405e-08 264.58836747128845 3.1475753191911378 -15.248561438595413 -14.282541162558909 0.0 7474.034403587663
1173.0 -4971.107790134132 -4112.949956372583 706.092913919628 -140.39663394083402 6.286500582196102 112.63634423623641 5340.271914594995 -5227.35669604361 -49.281764298675284 7473.030900630376 4.8829152180161945e-08 263.96554188319317 3.120581383841676 -15.25212780526966 -14.221858517774278 0.0 7474.011058009293
1174.0 -4968.100672943306 -4117.392977353951 700.8907513607722 -140.3492152068733 6.2400550563519745 112.58330130957125 5339.671812882456 -5227.873183082978 -49.344976442625466 7472.96380389934 4.925813889297329e-08 263.3452068484843 3.093769151738688 -15.255696612940081 -14.161134338812888 0.0 7473.986679535278
1175.0 -4965.087030930142 -4121.830367602744 695.6876558312775 -140.3018055745767 6.1936044998820705 112.5302218781088 5339.075067345331 -5228.384547028514 -49.40843642184353 7472.895606118472 4.9691725654719074e-08 262.7273097344622 3.0671376251985274 -15.259267876708023 -14.100368368721497 0.0 7473.961256438859
1176.0 -4962.0668680667895 -4126.262120884725 690.4836357461295 -140.2544049818845 6.1471489585430605 112.47710571469169 5338.481669746707 -5228.890781837954 -49.472146802520285 7472.826295312957 5.012997217640456e-08 262.1117976984337 3.0406858034943482 -15.26284161185697 -14.039560347447622 0.0 7473.934776842264
1177.0 -4959.040188341005 -4130.688230967333 685.2786995307665 -140.20701336682552 6.100688478146098 112.42395258940908 5337.8916117357485 -5229.3918813432065 -49.536110178691104 7472.755859353947 5.057293847608014e-08 261.498617685187 3.014412682825032 -15.266417833855673 -13.978710011786593 0.0 7473.907228716076
1178.0 -4956.006995756246 -4135.10869161964 680.0728556211798 -140.1596306675178 6.054223104558019 112.37076226957957 5337.304884847214 -5229.887839249904 -49.6003291725977 7472.684285957891 5.102068488272927e-08 260.88771642476354 2.9883172562982696 -15.269996558359281 -13.917817095361928 0.0 7473.878599878563
1179.0 -4952.967294331763 -4139.523496612281 674.8661124640136 -140.1122568221696 6.007752883702376 112.3175345197143 5336.721480500941 -5230.378649136936 -49.664806435048376 7472.611562685826 5.147327204038385e-08 260.27904042995715 2.962398513903347 -15.273577801211843 -13.856881328583166 0.0 7473.848877995009
1180.0 -4949.921088102687 -4143.932639717406 669.6584785166641 -140.06489176908022 5.961277861560495 112.26426910149539 5336.141390001335 -5230.8643044559985 -49.72954464578345 7472.537676942686 5.1930760912178344e-08 259.67253599394513 2.9366554424909643 -15.277161578447739 -13.795902438621136 0.0 7473.818050577033
1181.0 -4946.868381120123 -4148.336114708621 664.4499622473816 -140.01753544664092 5.914798084172664 112.21096577374486 5335.564604536848 -5231.344798531125 -49.79454651383918 7472.462615976585 5.2393212784549464e-08 259.06814918776456 2.911087025747844 -15.280747906293785 -13.7348801493724 0.0 7473.7861049819
1182.0 -4943.809177451246 -4152.733915360925 659.2405721353706 -139.97018779333578 5.868313597639252 112.15762429239031 5334.991115179443 -5231.820124558205 -49.85981477791091 7472.386366878088 5.286068927153412e-08 258.4658258577051 2.885692244169303 -15.284336801171541 -13.673814181419935 0.0 7473.753028411824
1183.0 -4940.7434811793855 -4157.126035450662 654.0303166708925 -139.92284874774256 5.82182444812174 112.10424441043672 5334.420912884061 -5232.290275604514 -49.92535220673261 7472.30891657949 5.333325231908384e-08 257.865511622727 2.860470075034303 -15.287928279699202 -13.612704252000881 0.0 7473.718807913262
1184.0 -4937.671296404131 -4161.5124687554635 648.8192043553672 -139.87551824853372 5.7753306818438945 112.05082587794354 5333.853988488063 -5232.755244608224 -49.99116159943355 7472.230251854056 5.38109642094019e-08 257.26715187188813 2.8354194923823535 -15.291522358693143 -13.551550074980298 0.0 7473.683430376185
1185.0 -4934.592627241416 -4165.893209054184 643.6072437014765 -139.82819623447722 5.728832345092909 111.99736844197835 5333.290332710681 -5233.215024377913 -50.05724578592054 7472.150359315289 5.4293887565757734e-08 256.67069176330995 2.8105394669848747 -15.295119055171034 -13.49035136079812 0.0 7473.646882533361
1186.0 -4931.507477823625 -4170.268250126852 638.3944432332672 -139.7808826444374 5.682329484220507 111.94387184660148 5332.729936151442 -5233.6696075910995 -50.12360762723324 7472.069225414745 5.478208727491617e-08 256.07609416334407 2.7858290246890522 -15.298718386352881 -13.429107816451534 0.0 7473.609150958216
1187.0 -4928.415852299681 -4174.63758575461 633.1808114862602 -139.73357741737607 5.635822145644114 111.89033583282249 5332.172789280075 -5234.118986784422 -50.19025001584623 7471.986836427959 5.52756352117404e-08 255.48338379480813 2.761287390007259 -15.302320369663953 -13.367819145445177 0.0 7473.570222050763
1188.0 -4925.317754835165 -4179.001209719639 627.96635700757 -139.68628049235343 5.589310375848141 111.83676013857848 5331.618882427312 -5234.563154344735 -50.257175876030146 7471.903178441621 5.577460507497656e-08 254.89259888321948 2.736913828806328 -15.305925022736233 -13.30648504776631 0.0 7473.530082024816
1189.0 -4922.213189612417 -4183.35911580509 622.7510883560291 -139.63899180852934 5.542794221385303 111.78314449869423 5331.068205783561 -5235.002102507838 -50.324388164272364 7471.818237351732 5.627907096777822e-08 254.30377783005852 2.7127076049315697 -15.309532363411105 -13.245105219839134 0.0 7473.4887169061685
1190.0 -4919.102160830649 -4187.711297795013 617.5350141023129 -139.59171130516415 5.496273728877927 111.7294886448494 5330.520749398223 -5235.435823357861 -50.391889869725446 7471.731998862677 5.678910740316755e-08 253.71695921527282 2.688667980193486 -15.313142409741566 -13.183679354487328 0.0 7473.446112531699
1191.0 -4915.984672706054 -4192.057749474282 612.3181428290654 -139.5444389216201 5.449748945019274 111.67579230554728 5329.976503179005 -5235.864308826651 -50.45968401465598 7471.644448486286 5.7304789309573454e-08 253.1321817998467 2.664794214354795 -15.31675517999432 -13.122207140898187 0.0 7473.402254548455
1192.0 -4912.860729471929 -4196.3984646285235 607.1004831310263 -139.4971745973623 5.403219916574863 111.62205520608718 5329.4354568912195 -5236.287550693137 -50.52777365489737 7471.555571540894 5.782619203642367e-08 252.54948452846335 2.641085565118768 -15.320370692651647 -13.060688264591079 0.0 7473.357128412734
1193.0 -4909.730335378779 -4200.733437044043 601.8820436151562 -139.44991827195977 5.356686690383856 111.56827706852009 5328.897600157077 -5236.705540582695 -50.59616188028815 7471.465353150369 5.8353391359992545e-08 251.968906532036 2.6175412881098006 -15.323988966414365 -12.99912240736662 0.0 7473.310719389148
1194.0 -4906.593494694437 -4205.062660507756 596.6628329007666 -139.40266988508682 5.310149313360302 111.51445761162124 5328.362922454957 -5237.1182699665 -50.664851815140764 7471.3737782431335 5.8886463489180626e-08 251.39048713047865 2.594160636861225 -15.327610020203707 -12.937509247275331 0.0 7473.263012549673
1195.0 -4903.450211704175 -4209.386128807114 591.4428596196464 -139.35542937652392 5.263607832494598 111.4605965508495 5327.831413118673 -5237.52573016088 -50.733846618679024 7471.28083155118 5.9425485071520024e-08 250.81426583538752 2.570942862796969 -15.33123387316402 -12.87584845857112 0.0 7473.213992772688
1196.0 -4900.300490710828 -4213.703835730028 586.2221324161922 -139.30819668615896 5.2170622948547525 111.40669359831617 5327.303061336726 -5237.927912326648 -50.80314948550847 7471.186497609057 5.997053319918569e-08 250.2402823528796 2.547887215216999 -15.334860544664892 -12.814139711675526 0.0 7473.163644741992
1197.0 -4897.144336034907 -4218.015775064808 581.0006599475375 -139.2609717539885 5.170512747587727 111.35274846274889 5326.777856151547 -5238.324807468429 -50.87276364606856 7471.090760752851 6.052168541515382e-08 249.66857658643573 2.524992941280299 -15.338490054303561 -12.752382673136484 0.0 7473.11195294582
1198.0 -4893.981752014721 -4222.321940600076 575.7784508836846 -139.21375452011873 5.123959237920945 111.29876084945433 5326.255786458714 -5238.716406433988 -50.942692367094594 7470.993605119146 6.10790197194758e-08 249.09918863978686 2.5022592859869364 -15.34212242190744 -12.690577005585505 0.0 7473.058901675823
1199.0 -4890.812743006495 -4226.622326124707 570.5555139076334 -139.16654492476673 5.077401813163494 111.24473046028032 5325.736841006175 -5239.102699913536 -51.01293895207965 7470.895014643979 6.164261457566054e-08 248.53215881985466 2.4796854921596183 -15.345757667536649 -12.628722367694436 0.0 7473.0044750260595
1200.0 -4887.637313384492 -4230.916925427749 565.3318577155162 -139.11934290826164 5.030840520707542 111.19065699357971 5325.22100839345 -5239.483678439031 -51.08350674174477 7470.794973061768 6.221254891714634e-08 247.96752763976838 2.4572708004255324 -15.349395811486467 -12.566818414133973 0.0 7472.948656891953
1201.0 -4884.455467541139 -4235.205732298356 560.1074910167288 -139.0721484110459 4.984275408029831 111.1365401441707 5324.708277070809 -5239.859332383481 -51.15439911449681 7470.693463904232 6.278890215391496e-08 247.4053358219071 2.4350144491964203 -15.35303687428998 -12.504864795528341 0.0 7472.891430969244
1202.0 -4881.2672098871435 -4239.48874052571 554.8824225340646 -139.0249613736763 4.937706522692902 111.08237960330281 5324.198635338458 -5240.229651960219 -51.225619486910546 7470.590470499292 6.337175417915619e-08 246.8456243010605 2.4129156746505216 -15.356680876720382 -12.4428611584163 0.0 7472.832780752919
1203.0 -4878.072544851624 -4243.765943898957 549.6566610038492 -138.97778173682522 4.891133912346583 111.02817505861522 5323.692071345695 -5240.59462722218 -51.29717131418556 7470.485975969959 6.396118537612369e-08 246.2884342275735 2.390973710710978 -15.36032783979378 -12.380807145203407 0.0 7472.77268953613
1204.0 -4874.8714768822365 -4248.037336207125 544.4302151760751 -138.93060944128197 4.844557624729373 110.97392619409476 5323.188573090006 -5240.954248061116 -51.3690580906387 7470.379963233128 6.455727678115142e-08 245.7338063917245 2.369187790880849 -15.363977784772013 -12.318702394114009 0.0 7472.7111404090265
1205.0 -4871.664010445294 -4252.302911239063 539.2030938145389 -138.88344442795378 4.797977707669853 110.91963269004412 5322.688128413136 -5241.308504203849 -51.44128335013755 7470.272414994143 6.516011387992282e-08 245.18176717105723 2.347557193321518 -15.367630733164797 -12.256546539154796 0.0 7472.6481162533455
1206.0 -4868.450150025906 -4256.562662783354 533.975305696986 -138.8362866378672 4.7513942090881445 110.86529422302928 5322.190724990223 -5241.65738520173 -51.51385066651204 7470.163313731654 6.576978684508437e-08 244.63232767936427 2.326081243566234 -15.371286706733256 -12.194339210054595 0.0 7472.583599727305
1207.0 -4865.22990012812 -4260.816584628236 528.7468596152628 -138.78913601216954 4.704807176997523 110.81091046585625 5321.696350325489 -5242.000880426514 -51.58676365406842 7470.052641691643 6.638638660699124e-08 244.08549837189472 2.3047592676569866 -15.374945727491493 -12.13208003223783 0.0 7472.517573259658
1208.0 -4862.003265275054 -4265.064670561511 523.517764375472 -138.74199249213004 4.658216659505904 110.75648108751159 5321.204991751199 -5242.338979069438 -51.66002596810648 7469.940380886028 6.701000466506314e-08 243.54128977675526 2.2835905897776936 -15.378607817710588 -12.069768626756316 0.0 7472.450019048344
1209.0 -4858.770250009044 -4269.306914370465 518.2880287981275 -138.6948560191415 4.611622704817517 110.70200575313648 5320.71663642667 -5242.671670140357 -51.73364130547816 7469.826513091354 6.764073309578643e-08 242.9997124963273 2.262574532243559 -15.382272999920348 -12.007404610259675 0.0 7472.380919059192
1210.0 -4855.530858891784 -4273.543309841781 513.0576617183117 -138.6477265347215 4.5650253612343725 110.64748412397091 5320.23127133727 -5242.998942466864 -51.80761340511742 7469.711019847447 6.82786645611945e-08 242.46077720841086 2.241710415478369 -15.385941296913051 -11.944987594931387 0.0 7472.310255024628
1211.0 -4852.2850965044745 -4277.773850761456 507.82667198583215 -138.6006039805139 4.518424677158002 110.59291585732561 5319.748883293386 -5243.320784693405 -51.88194604859734 7469.593882456052 6.892389231716735e-08 241.92449466767175 2.2209975580021832 -15.389612731745348 -11.882517188456642 0.0 7472.238008442334
1212.0 -4849.032967447961 -4281.998530914711 502.59506846538073 -138.55348829829012 4.471820701090941 110.53830060652155 5319.269458929385 -5243.637185280365 -51.956643060659644 7469.475081979458 6.957651022225074e-08 241.3908757067952 2.2004352764062487 -15.393287327742321 -11.819992993953141 0.0 7472.164160573926
1213.0 -4845.774476342892 -4286.217344085912 497.3628600366922 -138.5063794299508 4.425213481638362 110.48363802086219 5318.7929847025625 -5243.948132503158 -52.031708309803264 7469.354599239094 7.023661274623616e-08 240.85993123799068 2.1800228853400063 -15.39696510849936 -11.757414609939282 0.0 7472.088692443562
1214.0 -4842.509627829856 -4290.43028405848 492.1300555947052 -138.45927731752698 4.378603067509724 110.42892774558044 5318.319446892065 -5244.253614451303 -52.107145708792416 7469.232414814108 7.09042949791851e-08 240.3316722542755 2.1597596974881 -15.40064609788573 -11.694781630273432 0.0 7472.011584836578
1215.0 -4839.238426569541 -4294.637344614806 486.89666404972337 -138.4121819031818 4.331989507520366 110.37416942179384 5317.848831597789 -5244.553619027475 -52.18295921525839 7469.1085090399265 7.157965264050734e-08 239.80610983086913 2.1396450235501554 -15.404330320047578 -11.632093644102646 0.0 7471.932818298068
1216.0 -4835.96087724288 -4298.838519536173 481.66269432757775 -138.36509312921163 4.285372850593138 110.31936268646463 5317.38112473929 -5244.848133946561 -52.25915283222133 7468.982862006789 7.226278208812993e-08 239.28325512666342 2.1196781722219193 -15.40801779941063 -11.569350235816943 0.0 7471.852373131471
1217.0 -4832.676984551204 -4303.0338026026575 476.42815536979 -138.31801093804793 4.238753145760132 110.26450717234275 5316.9163120546355 -5245.137146734678 -52.33573060868531 7468.855453558263 7.295378032803318e-08 238.7631193855587 2.0998584501697257 -15.411708560684021 -11.506550984984045 0.0 7471.77022939711
1218.0 -4829.386753216402 -4307.223187593057 471.19305613373706 -138.2709352722583 4.192130442164108 110.20960250793404 5316.454379099268 -5245.420644728209 -52.41269664017574 7468.72626328973 7.365274502362955e-08 238.2457139380708 2.0801851620137324 -15.415402628862434 -11.443695466312981 0.0 7471.6863669107215
1219.0 -4826.090187981065 -4311.4066682848 465.9574055928167 -138.22386607454837 4.145504789060458 110.15464831743884 5315.995311244844 -5245.698615072796 -52.49005506934327 7468.595270546865 7.435977450567454e-08 237.7310502026875 2.0606576102999528 -15.419100029230238 -11.380783249583795 0.0 7471.600765241978
1220.0 -4822.787293608659 -4315.5842384538555 460.7212127366137 -138.17680328776294 4.09887623581859 110.09964422071545 5315.539093678039 -5245.971044722336 -52.56781008649875 7468.46245442407 7.507496778202696e-08 237.219139687491 2.0412750954808114 -15.422800787363933 -11.31781389960569 0.0 7471.513403712952
1221.0 -4819.478074883668 -4319.755891874658 455.48448657106775 -138.12974685488777 4.052244831923799 110.0445898332253 5315.085711399357 -5246.237920437961 -52.6459659302173 7468.327793762909 7.579842454780711e-08 236.70999399164077 2.022036915888675 -15.42650492913585 -11.254786976154325 0.0 7471.4242613965935
1222.0 -4816.162536611767 -4323.921622320011 450.247236118642 -138.08269671905097 4.005610626978834 109.98948476598342 5314.635149221896 -5246.499228786992 -52.72452688790503 7468.191267150494 7.653024521186205e-08 236.20362472450086 2.002942367712324 -15.430212480717486 -11.19170203391501 0.0 7471.333317115158
1223.0 -4812.84068361997 -4328.0814235610105 445.0094704184936 -138.03565282352446 3.9589736707056407 109.93432862551353 5314.18739176786 -5246.7549561396745 -52.8034972963556 7468.052852914705 7.727053477294423e-08 235.70002383814332 1.9839907453349392 -15.433923468582513 -11.128558622431395 0.0 7471.240549435465
1224.0 -4809.512520756815 -4332.235289366944 439.7711985266531 -137.98861511172575 3.912334012947205 109.8791210137945 5313.742423452593 -5247.005088653673 -52.882881542239886 7467.912529101931 7.80194078716834e-08 235.19913797887148 1.9651813417785884 -15.437637919510385 -11.065356286044112 0.0 7471.145936646679
1225.0 -4806.178052892528 -4336.383213505194 434.53242951621917 -137.94158352721956 3.8656917036692993 109.82386152821157 5313.30022847354 -5247.249612263374 -52.96268406264443 7467.7702734617 7.877698119265856e-08 234.7009072018064 1.9465134479655735 -15.441355860589635 -11.00209456383494 0.0 7471.049456744984
1226.0 -4802.8372849192165 -4340.525189741131 429.2931724775587 -137.89455801371966 3.819046792962591 109.76854976150534 5312.860790808345 -5247.488512678183 -53.042909345771704 7467.626063444127 7.954337224115383e-08 234.20527125231038 1.927986352575242 -15.445077319221276 -10.93877298956845 0.0 7470.951087431065
1227.0 -4799.490221751049 -4344.661211837995 424.0534365185078 -137.84753851509083 3.7723993310445567 109.71318530171516 5312.424094213394 -5247.7217753812665 -53.12356193161742 7467.479876197994 8.031869935565675e-08 233.71216956131371 1.9095993420139934 -15.448802323122653 -10.875391091627131 0.0 7470.850806108242
1228.0 -4796.136868324446 -4348.791273556802 418.813230764575 -137.80052497535047 3.7257493682614915 109.65776773213415 5311.9901222223525 -5247.949385628275 -53.20464641265767 7467.331688568811 8.110308172040545e-08 233.22154124065776 1.8913517003886546 -15.452530900330416 -10.811948392959957 0.0 7470.748589880564
1229.0 -4792.777229598265 -4352.91536865623 413.5725643591449 -137.75351733867052 3.6790969550904244 109.60229663125105 5311.558858144668 -5248.1713284460575 -53.286167434538925 7467.181477096844 8.189663937833622e-08 232.73332507822815 1.873242709474809 -15.456263079204481 -10.748444411015777 0.0 7470.6444155508825
1230.0 -4789.4113105539955 -4357.033490892518 408.33144646368333 -137.7065155493794 3.6324421421412305 109.54677157269715 5311.130285064049 -5248.387588631346 -53.368129696778794 7467.029218015115 8.26994932441811e-08 232.24745953304154 1.855271648686253 -15.459998888431578 -10.684878657682573 0.0 7470.538259618897
1231.0 -4786.039116195946 -4361.145634019345 403.08988625794495 -137.6595195519638 3.585784980158535 109.49119212519233 5310.704385836922 -5248.598150749423 -53.45053795346428 7466.874887247362 8.351176511780216e-08 231.7638827302297 1.8374377950435261 -15.463738357028873 -10.621250639225678 0.0 7470.430098279166
1232.0 -4782.660651551445 -4365.251791787739 397.8478929401804 -137.6125292910706 3.539125520023863 109.43555785249046 5310.281143090864 -5248.802999132786 -53.533397013962826 7466.718460405989 8.433357769776231e-08 231.2825324559216 1.819740423141586 -15.467481514347662 -10.557559856225309 0.0 7470.3199074190825
1233.0 -4779.275921671033 -4369.351957945957 392.60547572734674 -137.56554471150875 3.492463812757579 109.3798683133194 5309.860539223007 -5249.002117879767 -53.61671174361925 7466.559912789968 8.516505459521036e-08 230.80334615197947 1.8021788051150924 -15.4712283900774 -10.493805803507815 0.0 7470.20766261684
1234.0 -4775.8849316286605 -4373.446126239383 387.3626438553181 -137.51856575825116 3.4457999095209124 109.32412306133064 5309.442556398415 -5249.1954908531525 -53.70048706447193 7466.399219382698 8.600632034785927e-08 230.32626091071842 1.7847522106061002 -15.474979014249083 -10.42998797008805 0.0 7470.093339139338
1235.0 -4772.4876865218885 -4377.534290410419 382.1194065790983 -137.47159237643677 3.3991338616181306 109.2683216450343 5309.027176548441 -5249.3831016787735 -53.784727955984295 7466.23635484987 8.685750043442345e-08 229.8512134693975 1.7674599067264334 -15.478733417239624 -10.366105839095011 0.0 7469.976911940074
1236.0 -4769.084191472094 -4381.6164441983765 376.875773173035 -137.42462451137226 3.3524657204985817 109.21246360774676 5308.6143813690505 -5249.564933744079 -53.86943945573708 7466.071293537255 8.771872128911545e-08 229.37814020471353 1.7503011580232877 -15.482491629775389 -10.30215888771178 0.0 7469.8583556570065
1237.0 -4765.67445162467 -4385.6925813393655 371.631752931035 -137.37766210853428 3.3057955377586814 109.15654848753027 5308.204152319123 -5249.740970196686 -53.95462666018659 7465.90400946849 8.859011031650941e-08 228.9069771271206 1.7332752264416347 -15.48625368293623 -10.238146587106506 0.0 7469.737644610363
1238.0 -4762.258472149235 -4389.7626955661935 366.38735516678145 -137.33070511357116 3.259123365144149 109.1005758171305 5307.796470618723 -5249.911193942906 -54.04029472536905 7465.734476342806 8.947179590669699e-08 228.4376598750219 1.7163813712851976 -15.490019608159734 -10.174068402360808 0.0 7469.614752800438
1239.0 -4758.8362582398395 -4393.826780608249 361.1425892139526 -137.2837534723051 3.2124492545520273 109.04454512392212 5307.391317247345 -5250.075587646258 -54.12644886764551 7465.562667532751 9.036390745057381e-08 227.97012370891892 1.6996188491791426 -15.493789437244832 -10.10992379240753 0.0 7469.489653905344
1240.0 -4755.407815115173 -4397.884830191399 355.8974644264418 -137.23680713073415 3.1657732580328664 108.98845592983935 5306.988672942108 -5250.234133725933 -54.21309436444662 7465.3885560818135 9.12665754255589e-08 227.5043036841863 1.6829869143233318 -15.497563202356513 -10.045712209951242 0.0 7469.362321278704
1241.0 -4751.9731480187875 -4401.936838037869 350.65199017858123 -137.18986603503407 3.1190954277928067 108.93230775132292 5306.588518187827 -5250.38681434727 -54.300236554925334 7465.212114690678 9.217994516122096e-08 227.04016981417047 1.66648487663752 -15.501340936029367 -9.981433101407497 0.0 7469.23272793595
1242.0 -4748.532262219319 -4405.982797866126 345.4061758653959 -137.142930131561 3.072415816196079 108.87610009924754 5306.190833164108 -5250.5336113699 -54.387880840299346 7465.03331564315 9.310419351435853e-08 226.5777696732754 1.6501121722090715 -15.505122671172476 -9.917085906819771 0.0 7469.100846480291
1243.0 -4745.085163010768 -4410.0227033906895 340.1600309029072 -137.09599936685382 3.025734475767845 108.81983247886936 5305.795597710654 -5250.674506313802 -54.47603268452718 7464.852130757614 9.403950273407239e-08 226.11716150121362 1.633868252591143 -15.50890844107295 -9.852670059799388 0.0 7468.966649054239
1244.0 -4741.631855712772 -4414.05654832197 334.9135647284521 -137.0490736876374 2.979051459197151 108.76350438975723 5305.402791323297 -5250.809480355606 -54.56469761536002 7464.668531381631 9.498605646600187e-08 225.6584039329204 1.6177525677768938 -15.51269827940055 -9.788184987446755 0.0 7468.830107334234
1245.0 -4738.172345670893 -4418.084326366072 329.66678680100426 -137.00215304082525 2.932366819340017 108.70711532572832 5305.01239315153 -5250.938514326385 -54.65388122540429 7464.4824883886295 9.594403977466768e-08 225.20155600529273 1.6017645661762003 -15.516492220212008 -9.723630110277693 0.0 7468.691192527412
1246.0 -4734.706638256899 -4422.106031224621 324.419706601498 -136.95523737352278 2.885680609222433 108.65066477477859 5304.624381996019 -5251.061588709432 -54.74358917320487 7464.293972174584 9.69136391663038e-08 224.74667716402516 1.5859036945904064 -15.520290297955732 -9.659004842143826 0.0 7468.549875368325
1247.0 -4731.23473886906 -4426.121656594584 319.17233363315415 -136.90832663302984 2.8389928820434434 108.59415221902525 5304.23873630605 -5251.178683637982 -54.83382718431406 7464.102952654606 9.789504261189123e-08 224.29382727068617 1.5701693981899545 -15.524092547475654 -9.594308590166731 0.0 7468.406126115582
1248.0 -4727.756652932433 -4430.131196168083 313.92467742180895 -136.8614207668442 2.792303691178225 108.53757713462902 5303.855434176949 -5251.289778892919 -54.92460105239559 7463.909399259503 9.888843957095411e-08 223.84306660977592 1.554561120485787 -15.527899004016458 -9.529540754648915 0.0 7468.259914548472
1249.0 -4724.272385899166 -4434.134643632215 308.6767475162442 -136.81451972266424 2.745613090181094 108.48093899172923 5303.474453347443 -5251.394853900433 -55.01591664031352 7463.713280932266 9.989402101556202e-08 223.39445589603713 1.539078303303852 -15.531709703227968 -9.464700728999526 0.0 7468.111209963512
1250.0 -4720.781943248788 -4438.131992668869 303.42855348852095 -136.76762344839216 2.698921132788842 108.42423725437735 5303.095771196997 -5251.49388772966 -55.10777988123303 7463.514566124521 1.0091197945478791e-07 222.94805628190298 1.5237203867585687 -15.535524681169612 -9.399787899658238 0.0 7467.959981170937
1251.0 -4717.285330488518 -4442.123236954545 298.18010493431535 -136.72073189213694 2.652227872923657 108.36747138045583 5302.719364743082 -5251.586859090261 -55.200196779733716 7463.313222792898 1.0194250895987026e-07 222.50392936498469 1.5084868092217558 -15.539343974315862 -9.334801646002393 0.0 7467.806196491145
1252.0 -4713.782553153565 -4446.10837016017 292.9314114732566 -136.6738450022175 2.6055333646964005 108.31064082161198 5302.345210638412 -5251.673746329992 -55.29317341291838 7463.109218395365 1.0298580518956101e-07 222.06213719583516 1.4933770072950816 -15.543167619560712 -9.269741340271256 0.0 7467.6498237510805
1253.0 -4710.273616807437 -4450.0873859509165 287.6824827492678 -136.6269627271658 2.5588376624097546 108.25374502318608 5301.973285168128 -5251.754527432214 -55.38671593154743 7462.902519887484 1.0404206541603184e-07 221.6227422858271 1.4783904157803132 -15.546995654222503 -9.204606347483708 0.0 7467.490830280556
1254.0 -4706.758527042259 -4454.060277986018 282.4333284309096 -136.58008501573002 2.5121408205614304 108.19678342413408 5301.603564246934 -5251.829180013377 -55.480830561163486 7462.693093718616 1.0511148855134802e-07 221.18580761515372 1.4635264676475332 -15.550828116049123 -9.139396025349786 0.0 7467.329182908514
1255.0 -4703.23728947908 -4458.027039918585 277.18395821172606 -136.53321181687764 2.465442893847452 108.13975545695023 5301.2360234161915 -5251.897681320465 -55.575523603224894 7462.4809058280725 1.0619427517442548e-07 220.7513966409965 1.4487845940027249 -15.554665043223203 -9.074109724182103 0.0 7467.164847959239
1256.0 -4699.709909768197 -4461.98766539542 271.9343818105932 -136.48634307979876 2.418743937165281 108.08266054759318 5300.87063784095 -5251.960008228401 -55.6708014362608 7462.265921641184 1.0729062755840948e-07 220.31957330589015 1.4341642240556196 -15.55850647436711 -9.008746786811242 0.0 7466.997791248489
1257.0 -4696.176393589473 -4465.942148056835 266.68460897207075 -136.43947875390933 2.372044005617274 108.02549811540227 5300.507382306947 -5252.016137237405 -55.7666705170258 7462.048106065325 1.084007496987389e-07 219.8904020461877 1.4196647850843422 -15.562352448548562 -8.943306548489906 0.0 7466.827978079593
1258.0 -4692.636746652667 -4469.890481536465 261.4346494667562 -136.39261878885424 2.32534315451375 107.96826757302526 5300.1462312175945 -5252.066044470381 -55.86313738165225 7461.827423485948 1.0952484715753654e-07 219.46394479213023 1.4052856877033548 -15.566203005285502 -8.877788336810191 0.0 7466.655373239537
1259.0 -4689.090974697759 -4473.8326594610835 256.18451309164044 -136.3457631345107 2.2786414393765115 107.91096832633359 5299.787158593836 -5252.109705673117 -55.96020864684718 7461.603837766628 1.1066312394949069e-07 219.04020956968895 1.3910260746750416 -15.570058184551787 -8.812191471606607 0.0 7466.479940999079
1260.0 -4685.539083495277 -4477.768675450425 250.93420967046094 -136.2989117409916 2.231938915942049 107.85359977434355 5299.430138079062 -5252.147096219509 -56.057891011141976 7461.377312256251 1.118157829817637e-07 218.6191572213874 1.376884853664209 -15.573918026782504 -8.746515264865788 0.0 7466.301645120005
1261.0 -4681.981078846632 -4481.698523116999 245.68374905405156 -136.25206455864856 2.1852356401647524 107.79616130912653 5299.075142938305 -5252.178191111139 -56.156191256052125 7461.147809788149 1.1298302885794312e-07 218.20074677837553 1.3628609188212906 -15.577782572880004 -8.680759020623764 0.0 7466.120448854333
1262.0 -4678.4169665844365 -4485.622196065927 240.4331411206948 -136.20522153807522 2.1385316682201725 107.73865231573407 5298.72214605512 -5252.202964974582 -56.25511624722 7460.91529267601 1.1416506800317293e-07 217.78493701700802 1.348953158304103 -15.581651864218937 -8.614922034880154 0.0 7465.936314940284
1263.0 -4674.846752572849 -4489.539687894752 235.18239577647674 -136.15838263011065 2.0918270565084707 107.68107217210095 5298.371119928381 -5252.221392058656 -56.354672935590486 7460.679722709679 1.1536210869483236e-07 217.3716864542307 1.335160454165976 -15.58552594265279 -8.549003595487237 0.0 7465.749205598166
1264.0 -4671.2704427079125 -4493.450992193272 229.93152295564488 -136.11154778584242 2.0451218616575733 107.62342024897656 5298.02203666904 -5252.23344623163 -56.45486835855593 7460.441061150897 1.1657436109318785e-07 216.96095334308015 1.321481682248462 -15.589404850518484 -8.483002982071351 0.0 7465.559082526163
1265.0 -4667.6880429178855 -4497.356102543352 224.6805326209689 -136.06471695661023 1.9984161405266245 107.56569590981515 5297.67486799682 -5252.239100978374 -56.555709641150955 7460.199268728969 1.1780203727346275e-07 216.55269566779447 1.307915712061896 -15.593288630643773 -8.416919465907299 0.0 7465.365906896097
1266.0 -4664.099559163598 -4501.255012518752 219.42943476410466 -136.017890094009 1.9517099502092456 107.50789851070388 5297.329585236855 -5252.238329397478 -56.65720399720982 7459.95430563636 1.1904535125770037e-07 216.14687113910094 1.2944614066726279 -15.597177326352078 -8.350752309835933 0.0 7465.169639349077
1267.0 -4660.504997438797 -4505.147715684946 214.1782394059605 -135.9710671498925 1.9050033480370776 107.45002740026551 5296.9861593162805 -5252.231104198322 -56.75935873057816 7459.706131524222 1.203045190477442e-07 215.7434371892239 1.2811176225817973 -15.601070981469036 -8.28450076815276 0.0 7464.970239991117
1268.0 -4656.904363770497 -4509.034205598942 208.92695659706746 -135.92424807637667 1.8582963915830686 107.39208191956766 5296.644560760762 -5252.217397698105 -56.862181236300415 7459.45470549786 1.215797586586839e-07 215.34235096684148 1.2678832096032189 -15.604969640328608 -8.21816408650409 0.0 7464.767668388657
1269.0 -4653.297664219343 -4512.914475809102 203.6755964179519 -135.87743282584304 1.8115891386650393 107.33406140203142 5296.304759690968 -5252.197181818824 -56.9656790018266 7459.199986112113 1.2287129015292818e-07 214.94356933193447 1.2547570107385624 -15.608873347779221 -8.151741501782396 0.0 7464.561883564031
1270.0 -4649.684904867574 -4516.7885198682425 198.42416896158565 -135.83062135078185 1.7648816471895885 107.27596517315632 5295.966781359849 -5252.1704829199925 -57.069860143277026 7458.942009417944 1.241793356790598e-07 214.54704884928177 1.2417378620089425 -15.612782149202284 -8.085232241811436 0.0 7464.352922042487
1271.0 -4646.0660917777095 -4520.656331377976 193.17268427356547 -135.78381360325656 1.7181739746202755 107.21779254992865 5295.63066061381 -5252.137336856839 -57.17473271494909 7458.680824978351 1.255041195188618e-07 214.152745779761 1.228824592216181 -15.616696090551976 -8.01863552466891 0.0 7464.140833868417
1272.0 -4642.441231029289 -4524.517903949186 187.9211524053589 -135.73700953538093 1.6714661784511686 107.15954284151167 5295.296368901769 -5252.097716907654 -57.280304106445314 7458.416393289488 1.268458681060893e-07 213.76061608027337 1.2160160229879924 -15.620615218308833 -7.951950559476653 0.0 7463.925580025643
1273.0 -4638.810328735583 -4528.373231184278 182.66958343836697 -135.69020909953466 1.6247583164210666 107.10121534943711 5294.963876284228 -5252.051594985345 -57.38658178910363 7458.148672915581 1.282048100563689e-07 213.3706154000127 1.203310968702298 -15.624539579466846 -7.885176546619799 0.0 7463.707119572388
1274.0 -4635.17339104395 -4532.222306677001 177.41798748428604 -135.64341224836676 1.578050446516787 107.04280936751567 5294.633152427239 -5251.998942619205 -57.49357332788064 7457.877621886059 1.2958117620396368e-07 212.98269907468372 1.190708236344819 -15.628469221539493 -7.818312677644353 0.0 7463.485411038477
1275.0 -4631.530424136181 -4536.065124012288 172.1663746854718 -135.59661893479895 1.5313426269766486 106.98432418173276 5294.304166599079 -5251.939730952117 -57.601286382512015 7457.603197691245 1.309751998228065e-07 212.59682235306175 1.1782066288401425 -15.632404192566746 -7.751358135137844 0.0 7463.260412421119
1276.0 -4627.881434228868 -4539.901676766077 166.91475521530964 -135.54982911202922 1.4846349162937291 106.92575907016142 5293.976887654067 -5251.873930725097 -57.70972870857625 7457.325357259997 1.323871352151616e-07 212.212963931976 1.1658052971306878 -15.636344541120934 -7.684312092629634 0.0 7463.032081162614
1277.0 -4624.226427573804 -4543.731958505116 161.66313927862927 -135.50304273353547 1.4379273732198279 106.86711330285736 5293.651283959582 -5251.8015122057195 -57.81890815807205 7457.044056857503 1.338172738865989e-07 211.8311464266336 1.1535040463980895 -15.640290316313802 -7.617173714470741 0.0 7462.800374048236
1278.0 -4620.565410458415 -4547.555962786714 156.41153711218374 -135.4562597530802 1.3912200567698274 106.80838614177122 5293.327323353295 -5251.722445146379 -57.928832680556695 7456.759252025544 1.35265913926675e-07 211.45139745795186 1.1413027537804816 -15.64424156780242 -7.549942155733397 0.0 7462.565247146564
1279.0 -4616.898389206223 -4551.373683158476 151.15995898514802 -135.40948012471506 1.3445130262261118 106.74957684063915 5293.004973136893 -5251.63669877861 -58.039510324727274 7456.47089757406 1.3673335632627381e-07 211.07374492103918 1.1292012975138614 -15.648198345796537 -7.482616562085787 0.0 7462.326655801137
1280.0 -4613.225370177311 -4555.185113158048 145.90841519962197 -135.3627038027855 1.2978063411433531 106.69068464488981 5292.684200071223 -5251.544241808802 -58.150949240037924 7456.178947574707 1.3821990502782138e-07 210.6982169902991 1.1171995569446185 -15.652160701064846 -7.415196069685598 0.0 7462.084554624087
1281.0 -4609.546359768785 -4558.990246312859 140.6569160911373 -135.31593074193543 1.2511000613530756 106.63170879153773 5292.364970371313 -5251.445042413832 -58.26315767831726 7455.883355354267 1.3972586697677768e-07 210.3248421245552 1.1052974125394857 -15.656128684942153 -7.347679805057894 0.0 7461.838897489633
1282.0 -4605.861364415254 -4562.789076139852 135.4054720291698 -135.26916089711222 1.2043942469682463 106.57264850908234 5292.047249701313 -5251.339068236617 -58.376143995422815 7455.584073487954 1.412515521739476e-07 209.95364907232528 1.0934947458969473 -15.660102349336174 -7.280066884979574 0.0 7461.589637527478
1283.0 -4602.170390589306 -4566.581596145226 130.15409341765545 -135.22239422357117 1.1576889583881267 106.51350301739636 5291.731003169325 -5251.226286381578 -58.48991665287763 7455.2810537925625 1.4279727372904773e-07 209.58466687714267 1.081791439756772 -15.664081746735047 -7.212356416351562 0.0 7461.3367271160305
1284.0 -4598.473444801998 -4570.367799824176 124.9027906955116 -135.17563067688073 1.1109842563028987 106.4542715276305 5291.416195322129 -5251.106663410007 -58.60448421954258 7454.974247319499 1.4436334791485114e-07 209.2179248830968 1.07018737801306 -15.66806693021373 -7.144547496089723 0.0 7461.080117875528
1285.0 -4594.7705336033405 -4574.147680660617 119.6515743371629 -135.12887021292707 1.06428020169852 106.39495324208987 5291.1027901398065 -5250.980165335362 -58.719855373285824 7454.663604347663 1.4595009422309376e-07 208.85345274031638 1.0586824457219557 -15.67205795344233 -7.076639210983387 0.0 7460.819760661013
1286.0 -4591.0616635828 -4577.921232126931 114.40045485307205 -135.08211278791933 1.0175768558615947 106.33554735413242 5290.790751030248 -5250.846757618456 -58.83603890267834 7454.349074376194 1.4755783542085498e-07 208.49128041071265 1.0472765291139936 -15.676054870692939 -7.0086306375790395 0.0 7460.555605555165
1287.0 -4587.346841369799 -4581.688447683693 109.14944279027551 -135.0353583583944 0.9708742803841908 106.27605304805549 5290.480040823573 -5250.706405162562 -58.953043708697265 7454.030606117088 1.4918689760831283e-07 208.13143817377224 1.0359695156043631 -15.680057736847253 -6.940520842050499 0.0 7460.2876018609995
1288.0 -4583.626073634231 -4585.449320779406 103.89854873292424 -134.9886068812222 0.9241725371687204 106.21646949897874 5290.170621766411 -5250.559072308425 -59.0708788064391 7453.708147487644 1.5083761027769587e-07 207.7739566324563 1.0247612938027493 -15.684066607404462 -6.872308880064849 0.0 7460.015698094419
1289.0 -4579.899367086968 -4589.203844850229 98.64778330282964 -134.94185831361068 0.8774716884330654 106.15679587273183 5289.862455516091 -5250.404722829171 -59.189553326849996 7453.381645602795 1.5251030637321829e-07 207.418866719258 1.0136517535243574 -15.688081538488792 -6.803993796653876 0.0 7459.73984197663
1290.0 -4576.166728480384 -4592.952013319714 93.39715716001477 -134.89511261311083 0.8307717967154137 106.09703132573291 5289.555503134702 -5250.243319925123 -59.30907651846825 7453.051046767254 1.542053223524097e-07 207.06619970233754 1.002640785799455 -15.6921025868577 -6.735574626074948 0.0 7459.459980426393
1291.0 -4572.428164608892 -4596.693819598525 88.1466810032709 -134.84836973762228 0.7840729248794028 106.03717500487164 5289.249725083053 -5250.074826218521 -59.42945774919262 7452.716296467546 1.5592299824848345e-07 206.71598719182026 0.9917282828840404 -15.696129809909728 -6.6670503916771136 0.0 7459.176059552141
1292.0 -4568.683682309468 -4600.429257084175 82.8963655707194 -134.80162964539824 0.7373751361192302 105.97722604739015 5288.945081214532 -5249.899203748168 -59.550706508043355 7452.377339363906 1.576636776803568e-07 206.36826058720294 0.9809141313770885 -15.700163265692519 -6.598420105764809 0.0 7458.888024643976
1293.0 -4564.9332884621945 -4604.158319160747 77.64622164037844 -134.754892295051 0.6906784939647234 105.91718358075603 5288.641530772009 -5249.716413967097 -59.672832406994594 7452.03411928646 1.5942770560852356e-07 206.02302699710722 0.9701979152149457 -15.70420301291136 -6.5296827694524735 0.0 7458.59582016996
1294.0 -4561.176989990806 -4607.880999198626 72.39626003072678 -134.70815764555726 0.6439830622865789 105.8570467225373 5288.339032394719 -5249.526417750128 -59.795845182880825 7451.686579245475 1.612154274963407e-07 205.68025980643324 0.959578799282134 -15.708249110937606 -6.460837372521376 0.0 7458.299389786457
1295.0 -4557.414793863225 -4611.59729055424 67.14649160126233 -134.66142565626333 0.5972889053012959 105.79681458028115 5288.037544117918 -5249.329175394279 -59.91975469923648 7451.3346614314305 1.630271923558474e-07 205.33992975069177 0.9490559125167215 -15.712301619816813 -6.391882893280825 0.0 7457.9986763383085
1296.0 -4553.646707092108 -4615.307186569797 61.89692725306415 -134.61469628689034 0.550596087576335 105.73648625137858 5287.7370233670645 -5249.1246466138155 -60.044570948039876 7450.978307207432 1.6486335304886763e-07 205.00200734275978 0.9386283777580854 -15.716360600277874 -6.322818298413214 0.0 7457.69362185135
1297.0 -4549.8727367354 -4619.010680573017 56.647577929359514 -134.56796949754 0.5039046740353359 105.67606082293966 5287.4374269517675 -5248.91279053505 -60.17030405151803 7450.617457101285 1.6672426635599828e-07 204.66646286816308 0.9282953116115364 -15.720426113741386 -6.2536425428312 0.0 7457.384167524597
1298.0 -4546.092889896892 -4622.7077658768785 51.39845461609652 -134.5212452486995 0.4572147299631261 105.61553737165319 5287.138711059614 -5248.693565691075 -60.2969642639218 7450.25205079744 1.6861029304740002e-07 204.33326638017212 0.9180558243073127 -15.724498222329114 -6.184354569517032 0.0 7457.07025372229
1299.0 -4542.30717372678 -4626.398435779344 46.149568342521974 -134.47452350124743 0.4105263210111085 105.55491496366702 5286.840831249912 -5248.4669300164005 -60.42456197334109 7449.8820271288 1.705217979543068e-07 204.00238769491 0.9079090195600763 -15.728576988872035 -6.114953309385565 0.0 7456.751819965811
1300.0 -4538.5155954222455 -4630.0826835631005 40.90093018176496 -134.4278042164591 0.36383951320250896 105.49419265443663 5286.54374244731 -5248.232840841509 -60.55310770352482 7449.507324068399 1.724591500429076e-07 203.67379638618002 0.8978539944199101 -15.73266247692052 -6.045437681110909 0.0 7456.428804925474
1301.0 -4534.7181622280295 -4633.7605024952845 35.652551251425876 -134.3810873560122 0.3171543729376127 105.4333694885975 5286.247398935324 -5247.991254887311 -60.682612115726265 7449.1278787209285 1.7442272248890688e-07 203.34746178031642 0.8878898391241573 -15.736754750752926 -5.975806590980287 0.0 7456.1011464121675
1302.0 -4530.9148814370155 -4637.431885827223 30.404442714171278 -134.3343728819924 0.27047096699930456 105.37244449982147 5285.951754349748 -5247.742128259539 -60.81308601053745 7448.743627314157 1.7641289275403382e-07 203.02335295083722 0.8780156369432901 -15.740853875385262 -5.906058932729616 0.0 7455.768781368873
1303.0 -4527.105760390828 -4641.096826794157 25.156615778334512 -134.28766075689924 0.22378936255831744 105.31141671067509 5285.65676167196 -5247.485416443017 -60.94454032977373 7448.354505190168 1.784300426639712e-07 202.70143871299425 0.8682304640237665 -15.744959916580713 -5.83619358738137 0.0 7455.4316458620315
1304.0 -4523.290806480431 -4644.7553186149735 19.90908169852218 -134.24095094365174 0.17710962717886852 105.25028513248192 5285.362373222117 -5247.221074295868 -61.07698615835007 7447.960446796492 1.8047455848766555e-07 202.38168761822692 0.8585333892280222 -15.749072940858916 -5.766209423086892 0.0 7455.089675072784
1305.0 -4519.470027146727 -4648.407354491931 14.66185177622662 -134.19424340559428 0.13043182882407428 105.18904876516753 5285.068540652233 -5246.949056043613 -61.21043472617552 7447.561385677077 1.8254683101875238e-07 202.0640679484049 0.848923473968153 -15.753193015506382 -5.696105294948968 0.0 7454.742803288066
1306.0 -4515.643429881185 -4652.05292761039 9.414937360444462 -134.14753810650268 0.08375603586159952 105.12770659712466 5284.7752149391545 -5246.66931527319 -61.34489741006916 7447.15725446312 1.846472556578881e-07 201.74854771005397 0.8393997720391387 -15.757320208585558 -5.625880044867473 0.0 7454.390963891542
1307.0 -4511.811022226449 -4655.692031138529 4.168349848301342 -134.10083501058992 0.03708231706928358 105.06625760505018 5284.482346377408 -5246.3818049268575 -61.48038573569151 7446.747984863747 1.8677623249764647e-07 201.43509462830784 0.8299613294438608 -15.761454588945815 -5.55553250135271 0.0 7454.034089354427
1308.0 -4507.972811776975 -4659.324658227078 -1.0778993143171234 -134.05413408251246 -0.009589258359212555 105.00470075380554 5284.189884571941 -5246.086477296021 -61.61691137948594 7446.333507656539 1.8893416640826716e-07 201.1236761408527 0.8206071842179387 -15.765596226232832 -5.485061479365624 0.0 7453.672111226122
1309.0 -4504.128806179668 -4662.950802009037 -6.323798632127181 -134.00743528737613 -0.05625862080862964 104.94303499625775 5283.89777842483 -5245.783284009122 -61.75448617057713 7445.91375266962 1.9112148017173387e-07 200.81426474066 0.8113364377279809 -15.769745190899283 -5.414465780135828 0.0 7453.304960116427
1310.0 -4500.279013134552 -4666.570455599369 -11.569336559765455 -133.96073859074284 -0.10292570023595031 104.88125927312844 5283.6059760460885 -5245.472175944463 -61.89312209192059 7445.488648656968 1.9333866749624586e-07 200.50685966950962 0.8021485444682247 -15.773901554215009 -5.34374419098871 0.0 7452.93256557098
1311.0 -4496.4234403955315 -4670.183612094622 -16.814501500996556 -133.9140439586379 -0.1495904261633261 104.81937251283773 5283.314424648444 -5245.153103127247 -62.0328312816361 7445.058123151258 1.955862487076863e-07 200.20146870685974 0.7930430685979113 -15.778065388277506 -5.272895485166788 0.0 7452.554855924216
1312.0 -4492.562095771189 -4673.790264572515 -22.05928180786324 -133.86735135755836 -0.19625272767038857 104.75737363133993 5283.023070526635 -5244.826014710165 -62.17362603550583 7444.622102435528 1.978647503735311e-07 199.89809977028162 0.7840195715901591 -15.782236766023 -5.201918421641528 0.0 7452.171758271179
1313.0 -4488.694987125607 -4677.390406091518 -27.30366577982563 -133.8206607544809 -0.24291253338663032 104.69526153197407 5282.731859047326 -5244.490858964551 -62.31551880962061 7444.180511529853 2.0017470541318007e-07 199.59676091499006 0.7750776121189422 -15.786415761236487 -5.130811744942298 0.0 7451.7831984543045
1314.0 -4484.8221223791925 -4680.984029690434 -32.54764166289135 -133.77397211687028 -0.289569771483491 104.63303510529305 5282.440734638847 -5244.147583271366 -62.4585222230686 7443.733274177749 2.025166532187912e-07 199.29746033633307 0.766216745981351 -15.790602448563225 -5.059574184960743 0.0 7451.389101049971
1315.0 -4480.943509509515 -4684.5711283879755 -37.7911976487365 -133.7272854126875 -0.33622436966654395 104.5706932289027 5282.1496407807335 -5243.796134112016 -62.602649060620365 7443.280312832345 2.048911397781996e-07 199.00020637239092 0.7574365260195223 -15.794796903519583 -4.988204456766555 0.0 7450.98938935479
1316.0 -4477.059156552154 -4688.151695182337 -43.03432187381715 -133.68060061039841 -0.3828762551674961 104.508234767288 5281.858519993066 -5243.436457059005 -62.7479122754606 7442.821548642273 2.0729871780082287e-07 198.70500750657482 0.7487365020388981 -15.798999202504712 -4.916701260408511 0.0 7450.583985371649
1317.0 -4473.169071601558 -4691.725723050769 -48.27700241847139 -133.63391767898233 -0.429525354736134 104.4456585716456 5281.567313825604 -5243.068496766411 -62.89432499194295 7442.356901437312 2.0973994684589299e-07 198.4118723703188 0.7401162207254908 -15.803209422811827 -4.845063280722736 0.0 7450.172809795487
1318.0 -4469.273262811923 -4695.293204949155 -53.51922730601151 -133.58723658794034 -0.4761715946322455 104.38296347971131 5281.27596284673 -5242.692196960198 -63.041900508344945 7441.886289713765 2.1221539345349466e-07 198.12080974581184 0.7315752255604782 -15.807427642639801 -4.77328918713526 0.0 7449.755781998803
1319.0 -4465.371738398063 -4698.854133811567 -58.76098450180637 -133.54055730730445 -0.5228149006173685 104.32014831557643 5280.984406632164 -5242.307500428338 -63.19065229968021 7441.409630619546 2.147256312787316e-07 197.83182856874254 0.7231130567312519 -15.811653941105542 -4.701377633451686 0.0 7449.332820016907
1320.0 -4461.464506636321 -4702.408502549844 -64.00226191235367 -133.49387980764627 -0.5694551979464771 104.25721188952154 5280.6925837534845 -5241.914349010769 -63.34059402051904 7440.926839939022 2.1727124122794156e-07 197.5449379311919 0.7147292510427705 -15.815888398255156 -4.629327257666937 0.0 7448.903840532876
1321.0 -4457.551575865464 -4705.956304053145 -69.2430473843419 -133.44720406008597 -0.6160924113595606 104.19415299781765 5280.400431766426 -5241.51268358915 -63.491739507832534 7440.4378320775395 2.198528115990238e-07 197.2601470844437 0.7064233418223655 -15.82013109507733 -4.557136681737623 0.0 7448.468758862258
1322.0 -4453.632954487607 -4709.497531187511 -74.48332870370184 -133.40053003630132 -0.6627264650731987 104.13097042255038 5280.107887198956 -5241.102444076446 -63.64410278386856 7439.942520045694 2.224709382237282e-07 196.97746544197003 0.6981948588254564 -15.824382113515174 -4.484804511380741 0.0 7448.027488937477
1323.0 -4449.708650969148 -4713.032176795433 -79.7230935946475 -133.353857708537 -0.7093572827719662 104.06766293143241 5279.814885539132 -5240.683569406316 -63.79769805905468 7439.440815443292 2.2512622461334886e-07 196.6969025824334 0.6900433281374042 -15.828641536478829 -4.412329335858998 0.0 7447.579943291945
1324.0 -4445.778673841706 -4716.560233695389 -84.96232971870603 -133.30718704961382 -0.7559847875996878 104.00422927760802 5279.521361222733 -5240.255997522313 -63.95253973492899 7438.932628443025 2.2781928210776546e-07 196.41846825272577 0.6819682720719907 -15.832909447858617 -4.339709727756992 0.0 7447.126033043896
1325.0 -4441.843031703088 -4720.081694681411 -90.20102467373655 -133.2605180329382 -0.8026089021507724 103.94066819946028 5279.227247618654 -5239.819665364904 -64.10864240706705 7438.417867771027 2.3055073467179273e-07 196.14217896700572 0.6739692081225652 -15.837185932538013 -4.266944242760518 0.0 7446.665667877104
1326.0 -4437.9017332182575 -4723.596552522619 -95.43916599292548 -133.21385063251168 -0.8492295484611901 103.87697842041683 5278.932476989245 -5239.374508833737 -64.26602086778541 7437.8964406522055 2.333212372291579e-07 195.86808382746997 0.6660456451557596 -15.841471076406725 -4.194031419434236 0.0 7446.198755986356
1327.0 -4433.954787120368 -4727.104799962737 -100.6767411437364 -133.16718482294118 -0.8958466479990258 103.81315864874256 5278.636980445861 -5238.920462745234 -64.42469010892911 7437.368252748883 2.3613146030011437e-07 195.59624248395403 0.6581970864601716 -15.845764966374627 -4.120969778984265 0.0 7445.725204016277
1328.0 -4430.002202211795 -4730.606429719593 -105.91373752683221 -133.12052057944916 -0.9424601216549859 103.74920757734566 5278.340687931526 -5238.457460817005 -64.58466532505915 7436.833208137584 2.3898208329248606e-07 195.32671537946067 0.6504230310333522 -15.850067690384817 -4.047757825036237 0.0 7445.244917038264
1329.0 -4426.043987365204 -4734.10143448462 -111.15014247498434 -133.0738578778842 -0.9890698897325114 103.68512388356692 5278.043528206714 -5237.985435655401 -64.74596191673673 7436.291209290246 2.418737946752723e-07 195.05956376450627 0.6427229734639416 -15.854379337427792 -3.9743940433940086 0.0 7444.757798531875
1330.0 -4422.0801515246285 -4737.58980692235 -116.38594325196904 -133.02719669473154 -1.0356758719380565 103.62090622897239 5277.745428834871 -5237.504318742829 -64.90859549381506 7435.7421570550805 2.4480729215747476e-07 194.79484971426768 0.6350964038110278 -15.858699997555394 -3.900876901802337 0.0 7444.263750365843
1331.0 -4418.110703706554 -4741.071539669902 -121.62112705145087 -132.98053700712393 -1.0822779873710304 103.55655325913591 5277.446316167664 -5237.014040424851 -65.07258187877396 7435.185950637082 2.477832828711645e-07 194.53263614609574 0.6275428074793367 -15.863029761895445 -3.8272048496978996 0.0 7443.76267277878
1332.0 -4414.135653001025 -4744.546625336473 -126.85568099585299 -132.9338787928523 -1.1288761545137649 103.49206360342959 5277.146115329953 -5236.514529897032 -65.23793711008706 7434.622487578178 2.508024835580515e-07 194.27298683747748 0.6200616650923159 -15.867368722665853 -3.75337631796943 0.0 7443.254464359478
1333.0 -4410.15500857277 -4748.01505650282 -132.08959213521416 -132.88722203037707 -1.1754702912213548 103.42743587480047 5276.8447502044855 -5236.005715191551 -65.40467744562194 7434.051663737009 2.5386562076064695e-07 194.0159664443705 0.6126524523604415 -15.87171697318961 -3.6793897187020703 0.0 7442.7390220268835
1334.0 -4406.1687796623355 -4751.476825720743 -137.32284744603183 -132.84056669883904 -1.2220603147111715 103.36266866954728 5276.542143416299 -5235.487523163585 -65.57281936606151 7433.473373268344 2.569734310174872e-07 193.7616405199752 0.6053146399463052 -15.876074607909855 -3.6052434449217556 0.0 7442.216241009685
1335.0 -4402.176975587239 -4754.931925512558 -142.55543383009189 -132.79391277807085 -1.2686461415526862 103.29776056709301 5276.2382163168495 -5234.959879477433 -65.74237957838145 7432.887508602119 2.601266610627115e-07 193.51007553394047 0.5980476933258944 -15.880441722405132 -3.53093587033488 0.0 7441.686014825532
1336.0 -4398.179605743146 -4758.380348370573 -147.78733811328357 -132.74726024860834 -1.3152276876567188 103.23271012975998 5275.932888967827 -5234.422708592378 -65.91337501932888 7432.293960422071 2.633260680297706e-07 193.26133889203766 0.590851072646691 -15.884818413404552 -3.4564653490707817 0.0 7441.148235259864
1337.0 -4394.176679605044 -4761.822086756562 -153.0185470444006 -132.70060909170235 -1.3618048682647366 103.16751590253159 5275.626080124679 -5233.87593374832 -66.08582285897612 7431.69261764401 2.665724196601373e-07 193.0154989562545 0.5837242325807216 -15.889204778803819 -3.3818302154089954 0.0 7440.60279234436
1338.0 -4390.16820672846 -4765.25713310122 -158.24904729392736 -132.65395928933012 -1.4083775979382316 103.10217641281497 5275.317707219835 -5233.319476951125 -66.2597405042665 7431.083367393669 2.6986649451644807e-07 192.7726250653761 0.5766666221740653 -15.893600917681189 -3.307028783507531 0.0 7440.049574334988
1339.0 -4386.154196750671 -4768.68547980363 -163.47882545281027 -132.60731082420762 -1.4549457905475487 103.03669017020546 5275.007686345613 -5232.753258957722 -66.43514560263165 7430.466094984164 2.7320908220011815e-07 192.53278755606664 0.5696776846927655 -15.89800693031332 -3.2320593471332537 0.0 7439.488467689659
1340.0 -4382.134659391947 -4772.107119230727 -168.7078680312141 -132.56066367980134 -1.5015093592609778 102.9710556662336 5274.695932236502 -5232.17719926062 -66.61205604561809 7429.8406838925985 2.766009845561169e-07 192.29605644448074 0.5627568600227206 -15.902422918192304 -3.1569201793722157 0.0 7438.919357045021
1341.0 -4378.109604456813 -4775.522043716733 -173.936161457256 -132.51401784034078 -1.5480682165333535 102.90527137412361 5274.382358229354 -5231.5912160506305 -66.79048997230785 7429.2070157056405 2.8004304540229697e-07 192.0624611769322 0.5559036614413202 -15.906848984041902 -3.0816095323532036 0.0 7438.342125162247
1342.0 -4374.079041835369 -4778.930245562578 -179.16369207567013 -132.4673732908312 -1.5946222740942588 102.83933574854298 5274.06687616602 -5230.99522612277 -66.97046577221846 7428.564969984213 2.8353615640798505e-07 191.8319829456851 0.549117690172688 -15.911285231834404 -3.006125636960985 0.0 7437.756652791914
1343.0 -4370.042981504678 -4782.331717035266 -184.39044614639613 -132.42073001706743 -1.6411714429354274 102.77324722534487 5273.749396344228 -5230.3891448299 -67.15200208908058 7427.914424196078 2.870812241698356e-07 191.60459998006982 0.5423985487351638 -15.915731766807959 -2.9304667025415165 0.0 7437.162818606807
1344.0 -4366.001433530181 -4785.726450367216 -189.6164098431395 -132.3740880056478 -1.6877156332979375 102.70700422130665 5273.429827496394 -5229.77288606403 -67.33511782499951 7427.255253687707 2.906791684783803e-07 191.3802902688317 0.5357458356081374 -15.920188695484153 -2.854630916602505 0.0 7436.560499173994
1345.0 -4361.954408067133 -4789.114437755631 -194.84156925191385 -132.32744724398813 -1.7342547546591696 102.64060513387577 5273.108076768651 -5229.146362237888 -67.51983214470829 7426.587331656538 2.9433092258935253e-07 191.15903155312307 0.5291591451103664 -15.924656125685136 -2.7786164445225836 0.0 7435.94956892728
1346.0 -4357.901915362062 -4792.4956713618285 -200.06591036956442 -132.28080772033627 -1.780788715719809 102.57404834088887 5272.784049699507 -5228.509484266172 -67.70616447984477 7425.910529122702 2.9803743350245957e-07 190.94080131921552 0.5226380672723846 -15.929134166552485 -2.702421429229663 0.0 7435.32990013918
1347.0 -4353.8439657542485 -4795.870143310585 -205.28941910227255 -132.2341694237864 -1.8273174243903871 102.50733220032043 5272.457650198072 -5227.862161546425 -67.894134533266 7425.2247149002205 3.017996622446568e-07 190.72557679111577 0.5161821877085315 -15.93362292856414 -2.626043990913237 0.0 7434.701362892298
1348.0 -4349.780569677227 -4799.237845689472 -210.51208126404055 -132.1875323442939 -1.8738407877779357 102.44045504998687 5272.12878052187 -5227.20430193957 -68.0837622834278 7424.529755567637 3.0561858416218124e-07 190.51333492283314 0.5097910874811593 -15.938122523554306 -2.5494822266855643 0.0 7434.06382505021
1349.0 -4345.711737660312 -4802.59877054818 -215.73388257515728 -132.1408964726902 -1.920358712172231 102.37341520727848 5271.797341254235 -5226.53581175006 -68.27506798879105 7423.825515438112 3.094951892174812e-07 190.30405239053198 0.5034643429640542 -15.942633064731492 -2.4727342102748953 0.0 7433.417152227775
1350.0 -4341.637480330148 -4805.952909897842 -220.95480866064324 -132.094261800698 -1.966871103032092 102.30621096886578 5271.463231281266 -5225.856595705688 -68.46807219228862 7423.111856528952 3.13430482294211e-07 190.09770558438723 0.4972015256997169 -15.947154666698255 -2.395797991689176 0.0 7432.761207760887
1351.0 -4337.557808412277 -4809.300255710354 -226.1748450486752 -132.04762832094661 -2.0133778649711824 102.23884061042004 5271.126347768348 -5225.166556936974 -68.66279572582368 7422.388638530535 3.174254835081769e-07 189.89427060026495 0.49100220225422875 -15.951687445470025 -2.3186715968961886 0.0 7432.095852675651
1352.0 -4333.472732732739 -4812.640799917682 -231.3939771689901 -132.00099602698745 -2.059878901744007 102.17130238631307 5270.786586136217 -5224.465596956207 -68.85925971482385 7421.655718774681 3.2148122852643447e-07 189.69372323110977 0.4848659340662547 -15.956231518495278 -2.241353027479841 0.0 7431.420945656969
1353.0 -4329.38226421969 -4815.974534411174 -236.61219035126757 -131.95436491330992 -2.1063741162314464 102.10359452931635 5270.443840036586 -5223.753615636069 -69.05748558283824 7420.912952202412 3.255987688935686e-07 189.4960389580975 0.47879227729199003 -15.960787004675801 -2.1638402602957134 0.0 7430.73634301656
1354.0 -4325.286413905048 -4819.301451040854 -241.82946982349083 -131.90773497535747 -2.1528634104261655 102.03571525030888 5270.09800132728 -5223.030511187875 -69.25749505619874 7420.160191331096 3.297791723647361e-07 189.3011929415704 0.47278078264671713 -15.965354024386341 -2.0861312471366125 0.0 7430.041898660328
1355.0 -4321.185192926163 -4822.621541614713 -247.04580071028565 -131.86110620954378 -2.199346685417957 101.9676627379565 5269.748960046754 -5222.296180139229 -69.45931016869764 7419.397286220745 3.340235237837e-07 189.10915965479887 0.4668309956779072 -15.96993269949618 -2.008223914365459 0.0 7429.33746405493
1356.0 -4317.078612527516 -4825.934797898001 -252.2611680312335 -131.81447861326942 -2.2458238413785856 101.89943515840275 5269.396604378116 -5221.550517301389 -69.66295326622554 7418.6240844256145 3.383329388674324e-07 188.91990392602014 0.46094246759043345 -15.974523153389924 -1.930116162561372 0.0 7428.622888179618
1357.0 -4312.966684062462 -4829.241211612486 -257.4755566991384 -131.7678521849386 -2.2922947775465365 101.83103065495831 5269.040820589041 -5220.793415712906 -69.8684470111998 7417.840430911993 3.4270856578533587e-07 188.7333801146426 0.4551147560730912 -15.979125510988421 -1.8518058661641348 0.0 7427.898017444277
1358.0 -4308.849418995022 -4832.540774435699 -262.68895151824546 -131.72122692397681 -2.3387593922110974 101.76244734776984 5268.681492992839 -5220.024766604205 -70.07581438742378 7417.046168005738 3.471515715313125e-07 188.5495414217781 0.4493474136671799 -15.983739898771024 -1.7732908730950816 0.0 7427.162695637231
1359.0 -4304.726828901704 -4835.83347800016 -267.9013371824316 -131.67460283084858 -2.3852175826963435 101.69368333349834 5268.318503920094 -5219.244459372699 -70.28507870515807 7416.24113535476 3.5166314158779256e-07 188.36834035279563 0.4436399870013037 -15.988366444797231 -1.694569004388904 0.0 7426.416763887989
1360.0 -4300.598925473353 -4839.119313892607 -273.11269827337054 -131.62797990707546 -2.4316692453447564 101.62473668498849 5267.951733690015 -5218.452381557667 -70.4962636062481 7415.425169891135 3.562444803209524e-07 188.1897286986003 0.43799201661122095 -15.993005278728946 -1.6156380538150446 0.0 7425.660060629612
1361.0 -4296.46572051703 -4842.398273653217 -278.32301925867324 -131.58135815525407 -2.478114275500761 101.5556054509253 5267.58106058122 -5217.648418814649 -70.7093930692829 7414.598105792465 3.608968113857858e-07 188.01365751637212 0.4324030367536823 -15.997656531853568 -1.536495787484693 0.0 7424.892421560368
1362.0 -4292.327225957923 -4845.670348774807 -283.532284490002 -131.53473757907503 -2.5245525674939913 101.48628765549657 5267.206360801968 -5216.832454889372 -70.92449141485275 7413.759774442536 3.656213781400562e-07 187.8400771097967 0.4268725752156047 -16.002320337106706 -1.457139943464337 0.0 7424.1136796046485
1363.0 -4288.183453841281 -4848.935530702049 -288.74047820115794 -131.48811818334156 -2.5709840146222294 101.41678129804129 5266.8275084598245 -5216.004371591186 -71.14158331081745 7412.910004391221 3.7041944406868034e-07 187.66893700872131 0.4214001531167851 -16.006996829095836 -1.3775682313732407 0.0 7423.323664873154
1364.0 -4284.034416334392 -4852.193810830656 -293.94758450614245 -131.44149997398858 -2.6174085091342643 101.34708435269859 5266.444375530745 -5215.164048765981 -71.36069377766881 7412.048621313612 3.752922932178187e-07 187.5001859482575 0.41598528470717683 -16.01168614412391 -1.297778331981575 0.0 7422.522204622316
1365.0 -4279.880125728575 -4855.4451805065755 -299.15358739719017 -131.39488295810224 -2.663825942212364 101.27719476805186 5266.05683182757 -5214.311364268633 -71.58184819392855 7411.175447968406 3.802412306392806e-07 187.3337718472991 0.41062747715809267 -16.016388420213318 -1.217767896802982 0.0 7421.70912321297
1366.0 -4275.720594441223 -4858.689631025172 -304.3584707427752 -131.34826714393947 -2.710236203954565 101.20711046676244 5265.664744967922 -5213.446193934889 -71.80507230159995 7410.2903041554655 3.8526758284590457e-07 187.16964178642638 0.40532623034673315 -16.02110379713052 -1.137534547675247 0.0 7420.884242068204
1367.0 -4271.555835017863 -4861.927153630387 -309.56221828558824 -131.3016525409481 -2.756639183356786 101.13682934518974 5265.2679803414885 -5212.568411552774 -72.03039221170195 7409.3930066726325 3.9037269827845204e-07 187.0077419851708 0.40008103663364225 -16.025832416411614 -1.0570758763253552 0.0 7420.047379630481
1368.0 -4267.385860134255 -4865.157739513914 -314.76481364048493 -131.25503915978715 -2.80303476829453 101.06634927303315 5264.86640107669 -5211.67788883342 -72.25783440984128 7408.483369271676 3.9555794778171717e-07 186.84801777870618 0.39489138063555246 -16.03057442138642 -0.9763894439596312 0.0 7419.198351317877
1369.0 -4263.21068259853 -4868.381379814354 -319.966240292405 -131.20842701234736 -2.8494228455043786 100.99566809294018 5264.459868006694 -5210.77449538138 -72.4874257618506 7407.561202613429 4.008247250938328e-07 186.6904136017386 0.38975673899602936 -16.035329957204844 -0.8954727808150316 0.0 7418.336969479534
1370.0 -4259.030315353352 -4871.598065616354 -325.1664815942614 -131.16181611177223 -2.8958033005654236 100.92478362012002 5264.048239635263 -5209.858098664805 -72.71919351949435 7406.6263142227235 4.0617444570727555e-07 186.5349144003022 0.3846766158926342 -16.040099170862895 -0.8143233857168454 0.0 7417.463043350898
1371.0 -4254.844771478121 -4874.807787949755 -330.36552076480064 -131.11520647247914 -2.9421760178800103 100.85369364195509 5263.631372105475 -5208.928563988585 -72.95316532627652 7405.678508447438 4.11608543505702e-07 186.38164355128066 0.3796506272900121 -16.0448822112288 -0.7329387256338902 0.0 7416.57637901309
1372.0 -4250.654064191205 -4878.010537788725 -335.56334088643666 -131.06859811018109 -2.9885408806547087 100.78239591759623 5263.209119167161 -5207.985754466276 -73.1893692232893 7404.717586415793 4.1712847553346564e-07 186.23075558323438 0.37467840814881215 -16.049679229070247 -0.6513162352151787 0.0 7415.6767793505205
1373.0 -4246.458206852211 -4881.206306050883 -340.75992490305464 -131.02199104190828 -3.034897770880736 100.71088817757432 5262.781332140306 -5207.029530988144 -73.42783365507245 7403.743345988054 4.22735723655026e-07 186.08240777461887 0.36975958768094475 -16.054490377080533 -0.5694533163452107 0.0 7414.764044002905
1374.0 -4242.2572129642895 -4884.395083596411 -345.95525561778175 -130.97538528603064 -3.0812465693141813 100.63916812335835 5262.347859877473 -5206.0597521883265 -73.66858747553101 7402.7555817069115 4.2843179510453914e-07 185.93676022248624 0.36489378915734805 -16.059315809908266 -0.4873473376381142 0.0 7413.837969316005
1375.0 -4238.051096176474 -4887.576861227169 -351.1493156907251 -130.9287808622801 -3.1275871554558434 100.5672334269752 5261.908548725498 -5205.076274411367 -73.9116599539214 7401.754084746922 4.3421822304347004e-07 185.79397591316612 0.36008062971439914 -16.064155684182968 -0.40499563400234073 0.0 7412.898348291362
1376.0 -4233.839870286064 -4890.751629685789 -356.34208763667596 -130.8821777917736 -3.173919407531012 100.49508173056151 5261.463242486455 -5204.078951678122 -74.15708078089062 7400.738642862973 4.4009656713671394e-07 185.65422079471028 0.355319720149845 -16.069010158545225 -0.32239550612758217 0.0 7411.944970535141
1377.0 -4229.623549241057 -4893.919379654762 -361.5335538227799 -130.8355760970365 -3.220243202468613 100.42271064594638 5261.011782377862 -5203.067635651004 -74.4048800746126 7399.709040337771 4.460684141398079e-07 185.51766385135832 0.3506106647148483 -16.07387939367476 -0.23954422000716855 0.0 7410.977622205937
1378.0 -4225.402147142593 -4897.080101755517 -366.723696466171 -130.7889758020261 -3.2665584158803322 100.35011775421252 5260.554006992132 -5202.0421755985835 -74.65508838693609 7398.6650579283205 4.521353785017647e-07 185.38447717997306 0.3459530608983434 -16.07876355231995 -0.15643900643554243 0.0 7409.996085961619
1379.0 -4221.17567824747 -4900.2337865474865 -371.9124976315716 -130.74237693215568 -3.3128649220391564 100.27730060525774 5260.089752255237 -5201.0024183595115 -74.90773670965609 7397.606472811392 4.582991029821204e-07 185.25483606854786 0.34134649920498616 -16.08366279932735 -0.07307706050631907 0.0 7409.000140905141
1380.0 -4216.944156970683 -4903.3804245271685 -377.09993922885474 -130.69577951431899 -3.35916259385795 100.20425671734544 5259.618851384588 -5199.948208305754 -75.1628564808156 7396.533058527942 4.645612592835265e-07 185.12891907682223 0.3367905629257204 -16.088577301671922 0.010544458902327136 0.0 7407.98956252933
1381.0 -4212.707597888008 -4906.520006127169 -382.2860030105698 -130.64918357691505 -3.4054513028672386 100.13098357664921 5259.141134846101 -5198.879387305142 -75.42047959109533 7395.4445849264785 4.7092354869986875e-07 185.00690811907748 0.3322848279010742 -16.093507228487674 0.09442842964905973 0.0 7406.9641226606145
1382.0 -4208.466015738641 -4909.652521715238 -387.47067056943104 -130.60258914987338 -3.4517309191930794 100.05747863679623 5258.6564303104415 -5197.795794683206 -75.6806383902557 7394.340818105352 4.773877027798876e-07 184.8889885491827 0.32782886227724045 -16.098452751098392 0.17857776685203064 0.0 7405.923589401682
1383.0 -4204.219425427863 -4912.777961593302 -392.65392333576693 -130.5559962646796 -3.4980013115343827 99.98373931839684 5258.164563940629 -5196.697268700129 -75.94336570397996 7393.22152236701 4.839554844359794e-07 184.77534890690708 0.32342222637059687 -16.08103430435204 0.23355491465212364 0.0 7404.831126422696
1384.0 -4199.9678420205 -4915.896316003232 -397.8357425879123 -130.50940495430018 -3.5442623472556556 99.9097630085005 5257.665381359158 -5195.583670422771 -76.20869496233695 7392.086491911074 4.906287596777244e-07 184.6661244318842 0.31906449176326895 -15.984197206372903 0.18430729466346898 0.0 7403.593216875586
1385.0 -4195.7112807350995 -4919.007575132052 -403.016109461588 -130.46281525311534 -3.590513892470987 99.83554706011503 5257.158713716665 -5194.454845161021 -76.47665990524024 7390.93549959233 4.974095796575399e-07 184.56133237551822 0.31475526320230934 -15.88704641478179 0.13490014218036994 0.0 7402.339014795234
1386.0 -4191.44975696134 -4922.111729100194 -408.1950049267687 -130.416227197106 -3.636755811837647 99.76108879189286 5256.644377409282 -5193.310622188556 -76.74729465010614 7389.768296524677 5.043000522778737e-07 184.4609749319893 0.3104941431433149 -15.789578419618321 0.08533167217210269 0.0 7401.068267445631
1387.0 -4187.183286265944 -4925.208767958238 -413.3724097807508 -130.36964082391452 -3.6829879684943054 99.68638548767456 5256.122185383658 -5192.150827622685 -77.02063379970645 7388.584629176018 5.1130232415535e-07 184.3650542955706 0.30628072634709647 -15.69178966535239 0.035600076432936834 0.0 7399.78071739534
1388.0 -4182.911884395932 -4928.298681685625 -418.5483046449837 -130.32305617287653 -3.729210224032998 99.61143439599377 5255.591947080592 -5190.975284374847 -77.29671245024622 7387.38423929367 5.184185815204745e-07 184.2735726553623 0.3021145996204363 -15.593676550236125 -0.014296476747435088 0.0 7398.476102442175
1389.0 -4178.635567281936 -4931.381460189363 -423.72266996185385 -130.27647328505282 -3.775422438470413 99.53623272957816 5255.053468377579 -5189.783812100136 -77.57556619954437 7386.166863828288 5.25651051139917e-07 184.1865321897756 0.2979953415485506 -15.495235425650604 -0.06435984291613289 0.0 7397.154155536443
1390.0 -4174.354351041566 -4934.457093302715 -428.8954859914156 -130.22989220326204 -3.821624470218983 99.46077766482864 5254.506551530179 -5188.5762271458425 -77.85723115529606 7384.932234856305 5.330020012636992e-07 184.10393506073436 0.2939225222180122 -15.396462595424136 -0.11459190180377973 0.0 7395.8146047026175
1391.0 -4170.068251982833 -4937.525570783872 -434.0667328080728 -130.1833129721141 -3.8678161760571546 99.38506634131144 5253.950995112254 -5187.352342498989 -78.14174394343837 7383.680079500825 5.404737425946199e-07 184.0257834076269 0.2898957029317527 -15.297354315167405 -0.16499455766263404 0.0 7394.457172959534
1392.0 -4165.77728660765 -4940.586882314608 -439.23639029720596 -130.13673563804363 -3.9139974110996327 99.30909586121788 5253.3865939549905 -5186.111967732853 -78.42914171658157 7382.4101198509925 5.480686292849353e-07 183.95207934094447 0.28591443591338844 -15.197906791566254 -0.2155697396262383 0.0 7393.081578238966
1393.0 -4161.481471615371 -4943.6410174989305 -444.4044381517467 -130.09016024934468 -3.9601680287667897 99.23286328883783 5252.813139084745 -5184.854908952453 -78.71946216254747 7381.1220728797625 5.557890599565058e-07 183.88282493564753 0.2819782640030575 -15.098116181692456 -0.26631940205994414 0.0 7391.687533302669
1394.0 -4157.180823906409 -4946.6879658617 -449.57085586869755 -130.04358685620525 -4.006327880753696 99.156365650006 5252.230417659634 -5183.580968738966 -79.01274351299077 7379.815650360065 5.636374787491297e-07 183.81802222420464 0.27808672034227 -14.997978592278871 -0.3172455249295338 0.0 7390.274745657741
1395.0 -4152.875360585911 -4949.727716847254 -454.7356227455955 -129.9970155107432 -4.052476816998822 99.07959993155569 5251.638212898743 -5182.289946106313 -79.30902455215107 7378.490558784249 5.716163763943347e-07 183.75767318932708 0.27423932804927503 -14.897734400484953 -0.368706277241542 0.0 7388.842841836742
1396.0 -4148.565098967586 -4952.760259817899 -459.8987178771808 -129.9504462670432 -4.098614685654154 99.00256308074552 5251.036303716474 -5180.981637100299 -79.60834462676229 7377.14649952494 5.797282913188906e-07 183.70177975635565 0.27043559988282484 -14.800681366500173 -0.42559114454431585 0.0 7387.39044502798
1397.0 -4144.2500565776745 -4955.785584052309 -465.06012015231084 -129.90387918119563 -4.144741333058062 98.92525200469635 5250.42446500034 -5179.655833973045 -79.91074365280815 7375.783168453114 5.879758548466012e-07 183.65031029260535 0.2666750526475587 -14.70322781244541 -0.4827381004029211 0.0 7385.91831159716
1398.0 -4139.930251158731 -4958.803678744231 -470.2198082495501 -129.85731431133274 -4.190856603695842 98.84766356980737 5249.802467508649 -5178.312324428594 -80.21626212076382 7374.40025533586 5.963619450550607e-07 183.60308355612992 0.2629572579461366 -14.605369411861314 -0.5401496477153013 0.0 7384.426126387469
1399.0 -4135.605700673841 -4961.814533000876 -475.3777606328307 -129.81075171766923 -4.236960340161083 98.7697946011721 5249.170077285517 -5176.950891853263 -80.52494110323022 7372.997443582197 6.048895507922996e-07 183.55987293347428 0.2592817958949339 -14.50710178077764 -0.5978283229351474 0.0 7382.913567818792
1400.0 -4131.276423311085 -4964.818135841137 -480.53395554709914 -129.76419146254565 -4.283052383117006 98.691641881981 5248.527055554129 -5175.571315218895 -80.83682226521921 7371.5744100995325 6.135617198645405e-07 183.52044673425175 0.2556482369905796 -14.408420476877755 -0.6557766965607388 0.0 7381.380307743231
1401.0 -4126.94243748808 -4967.814476193796 -485.6883710138864 -129.71763361047283 -4.329132571256959 98.61320215292281 5247.87315863318 -5174.173369009104 -81.15194787495807 7370.130825182787 6.223815604725764e-07 183.4845680420633 0.2520561417772855 -14.309320998660603 -0.7139973736259954 0.0 7379.826011333272
1402.0 -4122.603761856619 -4970.803542895705 -490.8409848268039 -129.67107822817667 -4.375200741264332 98.53447211157007 5247.208137851594 -5172.756823144068 -81.47036081479308 7368.666352401281 6.313522426889282e-07 183.45199455947915 0.24850506050330712 -14.209798784581192 -0.7724929942034904 0.0 7378.250336967694
1403.0 -4118.260415307385 -4973.785324689937 -495.9917745469644 -129.62452538464424 -4.421256727771683 98.45544841173891 5246.531739461528 -5171.321442903794 -81.79210459222736 7367.1806484833405 6.404769999763147e-07 183.42247844828725 0.24499453276516053 -14.109849212156455 -0.8312662339260546 0.0 7376.652936115161
1404.0 -4113.912416974757 -4976.759810223936 -501.14071749832635 -129.57797515117014 -4.467300363319374 98.37612766286102 5245.843704549588 -5169.86698884989 -82.11722335104696 7365.673363198593 6.497591307442708e-07 183.39576616487386 0.24152408714093412 -14.009467597086193 -0.8903198045017652 0.0 7375.033453215508
1405.0 -4109.559786241713 -4979.726988047629 -506.2877907629601 -129.53142760140412 -4.513331478313303 98.2965064293337 5245.143768946249 -5168.393216745762 -82.44576188260845 7364.144139237884 6.592019999488888e-07 183.37159829056557 0.238093240810739 -13.908649192344484 -0.9496564542449469 0.0 7373.391525558645
1406.0 -4105.202542744805 -4982.686846611514 -511.4329711762343 -129.48488281139936 -4.559349900982065 98.21658122985816 5244.4316631334395 -5166.899877475249 -82.77776563718476 7362.592612090812 6.68809040735793e-07 183.3497093567781 0.2347014991643644 -13.807389187254731 -1.009278968616594 0.0 7371.726783161021
1407.0 -4100.840706379259 -4985.639374264738 -516.5762353219206 -129.43834085966165 -4.605355457333284 98.13634853675875 5243.707112150265 -5165.386716959639 -83.113280735486 7361.018409920802 6.785837561284859e-07 183.32982766480362 0.23134835539541812 -13.705682706538806 -1.069190170779067 0.0 7370.038848639622
1408.0 -4096.47429730414 -4988.584559253141 -521.717559527217 -129.39180182719952 -4.651347971109239 98.05580477531092 5242.969835496826 -5163.85347607306 -83.45235398025295 7359.4211534377 6.885297207599807e-07 183.3116751000726 0.22803329008268466 -13.603524809376786 -1.1293929221464127 0.0 7368.327337083508
1409.0 -4092.1033359476323 -4991.522389717283 -526.8569198576845 -129.34526579757508 -4.697327263741717 97.9749463230315 5242.219547036182 -5162.2998905562945 -83.79503286800275 7357.800455767954 6.986505823136158e-07 183.2949700874638 0.22475577241824474 -13.500910488416224 -1.189890122961598 0.0 7366.591855922852
1410.0 -4087.727843012412 -4994.452853690443 -531.9942921121027 -129.298732856956 -4.743293154306231 97.89376950898685 5241.4559549063515 -5160.725690940658 -84.14136560104066 7356.155922339017 7.089500390558114e-07 183.2796515419396 0.22151537814385552 -13.39783466880402 -1.2506847128632284 0.0 7364.832004812254
1411.0 -4083.34783948109 -4997.375939096619 -537.1296518172726 -129.25220309416795 -4.789245459475472 97.81227061304986 5240.6787614772375 -5159.130602516253 -84.49140110025252 7354.487150826915 7.194318248170723e-07 183.26603459733926 0.21831187144257785 -13.294292207150221 -1.311779671488296 0.0 7363.047375577132
1412.0 -4078.963346621716 -5000.291633748528 -542.2629742227797 -129.20567660074767 -4.835183993472775 97.73044586518914 5239.887663276786 -5157.5143452701905 -84.84518901738693 7352.793731060831 7.300997470006137e-07 183.25447749157104 0.21514502863756002 -13.190277890533068 -1.3731780190549518 0.0 7361.23755211717
1413.0 -4074.574385993378 -5003.19992534559 -547.3942342956777 -129.15915347099659 -4.881108568024626 97.64829144470295 5239.082350886618 -5155.876633795081 -85.2027797469629 7351.075244885087 7.40957692287069e-07 183.2453470362276 0.21201461957355527 -13.085786435430624 -1.4348828169841357 0.0 7359.40211026709
1414.0 -4070.1809794519118 -5006.100801471885 -552.5234067150808 -129.11263380203593 -4.927018992312386 97.5658034794731 5238.262508834511 -5154.217177194697 -85.56422443827552 7349.331266016917 7.520096286189775e-07 183.23901886840454 0.20892040735677728 -12.980812486677529 -1.496897168509357 0.0 7357.540617653244
1415.0 -4065.78314915571 -5008.994249594087 -557.6504658666607 -129.06611769386248 -4.972915072923108 97.48297804519314 5237.427815484709 -5152.535678987765 -85.92957500752573 7347.5613599013805 7.632596072414345e-07 183.23587771022142 0.20586214808471676 -12.875350616386992 -1.5592242193055188 0.0 7355.652633547292
1416.0 -4061.380917571654 -5011.880257059364 -562.7753858370487 -129.01960524940546 -5.018796613799751 97.39981116457889 5236.577944182022 -5150.831840085621 -86.29888416795228 7345.765086615694 7.747117647995343e-07 183.2363176362962 0.20283959056593376 -12.765545977182942 -1.6680760995716317 0.0 7353.702607763823
1417.0 -4056.9743075011284 -5014.758811078993 -567.8981403961114 -128.9730965748021 -5.064663416082315 97.31629880698375 5235.7124758063055 -5149.105290410282 -86.67220403894521 7343.941890565169 7.863703254349754e-07 183.2407423493996 0.19985247604447512 -12.64983199477556 -1.84338471689035 0.0 7351.67491873127
1418.0 -4052.563342173523 -5017.62989866901 -573.01870289264 -128.92659178037974 -5.110515277173934 97.23243688900885 5234.830961252644 -5147.35561491233 -87.04958756613985 7342.09116328272 7.98239602793708e-07 183.24956546431756 0.19690053794751833 -12.533806620934943 -2.0183932472729302 0.0 7349.619701893987
1419.0 -4048.148045180439 -5020.493506696915 -578.1370463199446 -128.8800909799459 -5.156351991328601 97.14822127198656 5233.933048764474 -5145.582490347136 -87.43109035647996 7340.2124301328595 8.103240025277047e-07 183.26321080053086 0.1939835015103556 -12.417465461971712 -2.193100791216447 0.0 7347.536480091911
1420.0 -4043.728440449827 -5023.34962190071 -583.2531433465797 -128.83359429050807 -5.202173349926185 97.06364776048896 5233.018380900083 -5143.7855884355995 -87.81676887109614 7338.305208938291 8.226280247272817e-07 183.28211268418514 0.19110108343092153 -12.300804066639252 -2.3675064379494075 0.0 7345.424768586723
1421.0 -4039.3045522525576 -5026.1982308866545 -588.3669663102019 -128.78710183233676 -5.2479791414176535 96.97871210147743 5232.08659328845 -5141.9645746572405 -88.20668041976796 7336.36900824716 8.351562671126999e-07 183.30671413504948 0.18825299158323094 -12.183817925291962 -2.541609265189218 0.0 7343.284073328626
1422.0 -4034.876405209133 -5029.03932012697 -593.4784872113049 -128.74061372902958 -5.293769151269054 96.89340998344136 5231.137314448017 -5140.119108086348 -88.60088317298602 7334.403327089658 8.479135219548731e-07 183.33721113297267 0.1854389303054127 -12.066502469033786 -2.715408338893409 0.0 7341.113890712458
1423.0 -4030.444024296677 -5031.872875957424 -598.5876777066715 -128.69413010757833 -5.339543161902989 96.80773703550851 5230.170165354541 -5138.248840982685 -88.99943617051076 7332.407654383607 8.60904871899907e-07 183.37330005971688 0.1826586056049414 -11.948853068833996 -2.8889027130129357 0.0 7338.913706982785
1424.0 -4026.0074348562966 -5034.698884574738 -603.6945091024386 -128.64765109843958 -5.385300952636569 96.72168882657226 5229.184759125706 -5136.353418497283 -89.40239933284994 7330.381468504062 8.741355330419961e-07 183.4146105723472 0.1799117152717472 -11.830865034669847 -3.06209142921493 0.0 7336.682997803019
1425.0 -4021.566662600645 -5037.517332033915 -608.7989523469721 -128.60117683560742 -5.431042299617677 96.63526086437993 5228.180700864987 -5134.432478534738 -89.80983347579837 7328.324237076197 8.876108369192145e-07 183.4607620592362 0.1771979472586927 -11.712533614622728 -3.234973516616463 0.0 7334.42122804781
1426.0 -4017.121733621642 -5040.328204245538 -613.9009780236089 -128.55470745668757 -5.4767669757601025 96.54844859462709 5227.1575875094695 -5132.485651619757 -90.22180032521851 7326.235416774049 9.013362335325725e-07 183.51136330683687 0.1745169792982417 -11.593853993986588 -3.407547991501063 0.0 7332.127851601285
1427.0 -4012.6726743983454 -5043.131486973024 -619.0005563432677 -128.50824310297276 -5.522474750677354 96.46124740002142 5226.11500767453 -5130.512560761005 -90.63836253193654 7324.114453115125 9.153172944536162e-07 183.5660121554572 0.17186847850446468 -11.47482129434108 -3.579813857041345 0.0 7329.802311151158
1428.0 -4008.219511804981 -5045.927165829851 -624.0976571369239 -128.46178391951977 -5.568165390615273 96.37365259933449 5225.052541495288 -5128.512821312196 -91.05958368674186 7321.960780250817 9.295597160204036e-07 183.62429514365292 0.16925210096046964 -11.355430572613535 -3.751770103015725 0.0 7327.444037978597
1429.0 -4003.762273119132 -5048.715226276748 -629.1922498479474 -128.41533005522803 -5.613838658383535 96.28565944644937 5223.96976046479 -5126.486040830353 -91.48552833552151 7319.7738207525135 9.440693226231948e-07 183.68578714084305 0.16666749129094754 -11.23567682014001 -3.9234157055143104 0.0 7325.052451743836
1430.0 -3999.3009860300945 -5051.495653618833 -634.2843035242992 -128.36888166291928 -5.65949431328563 96.19726312937716 5222.866227268858 -5124.431818931226 -91.9162619944741 7317.552985393373 9.588520700869956e-07 183.75005096776286 0.16411428221847107 -11.115554961690567 -4.094749626650314 0.0 7322.626960267393
1431.0 -3994.835678647403 -5054.26843300273 -639.3737868105854 -128.3224388994194 -5.705132111047796 96.10845876926487 5221.741495617536 -5122.34974714179 -92.35185116544864 7315.2976729256425 9.739140491502439e-07 183.81663700432313 0.16159209410366074 -10.995059854487916 -4.265770814263284 0.0 7320.166959306836
1432.0 -3990.366379509522 -5057.033549413634 -644.4606679399642 -128.27600192564145 -5.750751803746465 96.0192414193924 5220.5951100730845 -5120.239408749779 -92.79236335137159 7313.007269853464 9.892614890428871e-07 183.88508278444414 0.15910053446853584 -10.874186287216654 -4.436478201614684 0.0 7317.671832329054
1433.0 -3985.8931175927205 -5059.790987672349 -649.5449147259014 -128.22957090667032 -5.796353139734308 95.92960606414452 5219.426605838457 -5118.100378615011 -93.23786707114232 7310.681150150747 1.004900864696783e-06 183.95497562202266 0.15663921109018156 -10.752928979004787 -4.606870707084789 0.0 7315.140950227541
1434.0 -3981.415922320393 -5062.540732432098 -654.6264945534659 -128.1831460118521 -5.841935863562292 95.83954761797621 5218.235507802692 -5115.932222254897 -93.68843186243089 7308.318673940237 1.0208396088902536e-06 184.02638354273122 0.15420782446127204 -10.631282578401716 -4.776947233852638 0.0 7312.57367000091
1435.0 -3976.934823573587 -5065.282768174691 -659.7053743693192 -128.1367274148956 -5.88749971588986 95.74906092438673 5217.021329087221 -5113.7344944437455 -94.1441282792282 7305.919185475861 1.0370857112500246e-06 184.09960827256916 0.1518061141167923 -10.509241662373423 -4.946706669530126 0.0 7309.969332734713
1436.0 -3972.449851702366 -5068.017079206254 -664.7815206708138 -128.09031529398217 -5.933044433387122 95.65814075486816 5215.783570601596 -5111.506738800544 -94.60502790967678 7303.482012538039 1.05364735536684e-06 184.17496135172422 0.1494338099283236 -10.386800735269897 -5.116147885781981 0.0 7307.327262996227
1437.0 -3967.961037537468 -5070.743649652862 -669.8548994948303 -128.04390983187855 -5.978569748634683 95.56678180785117 5214.521720792674 -5109.248487566541 -95.07120339773553 7301.006466100073 1.0705329220340032e-06 184.25276311970555 0.14709063141760934 -10.263954227793711 -5.285269737931379 0.0 7304.646768500305
1438.0 -3963.4684124022183 -5073.46246345613 -674.9254764063953 -127.99751121605173 -6.02407539002155 95.47497870761575 5213.235255388991 -5106.959261378772 -95.54272846500919 7298.491839988292 1.0877509947643669e-06 184.3333429970031 0.144776287331403 -10.140696495927944 -5.454071064572484 0.0 7301.92713976899
1439.0 -3958.972008124695 -5076.173504368724 -679.9932164870762 -127.95111963878647 -6.069561081640828 95.38272600318247 5211.923637139663 -5104.638569038863 -96.01967793274014 7295.937410535028 1.105310365473939e-06 184.41703977605016 0.1424904751999517 -10.017021819843904 -5.622550687179138 0.0 7299.1676497839
1440.0 -3954.471857050171 -5078.876755949828 -685.0580843231457 -127.90473529730518 -6.115026543183481 95.29001816718839 5210.586315547685 -5102.28590727702 -96.50212774396039 7293.342436224259 1.1232200403366644e-06 184.504201921804 0.14023288087860922 -9.892924402793714 -5.790707409707827 0.0 7296.3675536312985
1441.0 -3949.967992053816 -5081.572201560525 -690.1200439935138 -127.85835839389017 -6.160471489829936 95.19684959472914 5209.222726597558 -5099.90076051112 -96.99015498576284 7290.706157329793 1.1414892458194212e-06 184.5951878822919 0.13800317807150556 -9.768398369964334 -5.958540018205584 0.0 7293.526088139688
1442.0 -3945.46044655369 -5084.259824359135 -695.179059057422 -127.81198913600875 -6.205895632139409 95.1032146021853 5207.8322924771155 -5097.482600600849 -97.48383791172375 7288.027795545914 1.1601274348996056e-06 184.69036640945097 0.13580102783708348 -9.643437767316339 -6.126047280411152 0.0 7290.642471509808
1443.0 -3940.949254524006 -5086.93960729647 -700.2350925418938 -127.76562773644068 -6.251298675937239 95.0091074260244 5206.41442129348 -5095.030886596766 -97.98325596444852 7285.306553610297 1.1791442934728777e-06 184.79011689062386 0.13362607807461233 -9.518036560396325 -6.2932279453553495 0.0 7287.715902936942
1444.0 -3936.434450508688 -5089.611533111034 -705.2881069289431 -127.71927441340831 -6.296680322199616 94.91452222157817 5204.968506824344 -5092.545064524551 -98.48848979898162 7282.541614976841 1.1985496417937023e-06 184.8947655317247 0.13147798541393044 -9.392188633122702 -6.4600807429593035 0.0 7284.7455622830885
1445.0 -3931.9160696349813 -5092.2755843242985 -710.3380641427952 -127.6729293907071 -6.342040266938928 94.81945306179021 5203.493928832323 -5090.024567718947 -98.99962131622647 7279.732144275506 1.2183529760955239e-06 185.0043019043932 0.12935651384886723 -9.265887786538332 -6.62660438364085 0.0 7281.730610536111
1446.0 -3927.3941476266637 -5094.931743236314 -715.3849255376348 -127.62659289783151 -6.387378201093241 94.72389393594186 5201.99005353712 -5087.468817311382 -99.51673369723301 7276.8772879924645 1.238563834674854e-06 185.11859837522252 0.12726145760220506 -9.139127737539868 -6.79279755793279 0.0 7278.670190489182
1447.0 -3922.868720817185 -5097.5799919214705 -720.4286518854996 -127.58026517010016 -6.4326938104175255 94.62783874832303 5200.456233436815 -5084.877222082779 -100.03991142423774 7273.976174241009 1.2591919887475795e-06 185.2375225064069 0.12519260137755078 -9.011902117541712 -6.9586589361263576 0.0 7275.563426510918
1448.0 -3918.3398261630737 -5100.22031222421 -725.4692033639656 -127.53394644878314 -6.477986775372548 94.53128131691088 5198.891807035565 -5082.249178225701 -100.56924030000232 7271.027912402197 1.2802474491020921e-06 185.360936955996 0.12314971991115477 -8.884204471155428 -7.124187167892291 0.0 7272.409424185281
1449.0 -3913.807501257613 -5102.852685754678 -730.5065395435934 -127.48763698123206 -6.523256771011963 94.43421537201154 5197.296098578454 -5079.584069100927 -101.10480746720748 7268.031592766761 1.3017404728266902e-06 185.48869929409972 0.12113257753377862 -8.755895572424187 -7.28932677494079 0.0 7269.207212683042
1450.0 -3909.271784344731 -5105.477093884377 -735.5406193751313 -127.44133702101159 -6.568503466866862 94.33663455488929 5195.668417935294 -5076.881264974352 -101.64670142835075 7264.986286269857 1.3236815702396927e-06 185.62066181237938 0.11914092771537173 -8.626738900666936 -7.453972631776108 0.0 7265.955766705802
1451.0 -3904.7327143332045 -5108.0935177417505 -740.5714011764709 -127.39504682803428 -6.613726526828236 94.23853241637187 5194.0080600224965 -5074.140122784095 -102.19501206357677 7261.891043916641 1.346081512031244e-06 185.75667132658947 0.11717451259162892 -8.49709326286016 -7.618266387996315 0.0 7262.654295214025
1452.0 -3900.1903308113215 -5110.701938207567 -745.5988426193742 -127.34876666869978 -6.658925609027258 94.13990241544333 5192.314304541121 -5071.359985887155 -102.74983065030858 7258.744896419654 1.3689513366210081e-06 185.89656897189386 0.11523306247195159 -8.366952185703111 -7.7822064536484685 0.0 7259.301825254349
1453.0 -3895.64467406175 -5113.302335910327 -750.6229007159433 -127.30249681603564 -6.704100365713314 94.04073791780614 5190.586415754902 -5068.540183793035 -103.31124988275485 7255.5468538557725 1.3923023577429137e-06 186.04018999071366 0.11331629532770354 -8.23630910626654 -7.945791214361933 0.0 7255.897363185614
1454.0 -3891.0957850767036 -5115.894691221621 -755.6435318048323 -127.25623754984109 -6.749250443129475 93.94103219443339 5188.823642186238 -5065.6800318992355 -103.87936389102435 7252.295905265856 1.4161461674928859e-06 186.1873697026212 0.11142391888675973 -8.10515737061494 -8.109019030911085 0.0 7252.439894277771
1455.0 -3886.5437055734014 -5118.47898425143 -760.6606915372174 -127.20998915683319 -6.794375481385854 93.8407784200958 5187.025216362452 -5062.778831276394 -104.4542682611318 7248.991018325121 1.4404945743815744e-06 186.33803418106535 0.10955566865150394 -7.973490232403232 -8.27188823877532 0.0 7248.928382381474
1456.0 -3881.988478009746 -5121.055194843431 -765.6743348626122 -127.16375193079506 -6.839475114331588 93.73996967186709 5185.190354645211 -5059.835868535007 -105.03606005634902 7245.631139130069 1.4653596244211391e-06 186.49218341496513 0.10771130027966573 -7.841300851452557 -8.434397147695979 0.0 7245.361769714226
1457.0 -3877.4301456002427 -5123.623302570282 -770.6844160145102 -127.11752617272627 -6.884548969424991 93.63859892761661 5183.318256951575 -5056.85041558729 -105.62483783607831 7242.215191834661 1.490753665315319e-06 186.6498188164642 0.10589055833223343 -7.708582292316488 -8.596544041224002 0.0 7241.738976495781
1458.0 -3872.868752332231 -5126.1832867288595 -775.6908884957692 -127.07131219099605 -6.929596667601662 93.53665906446555 5181.408106433038 -5053.821729368934 -106.22070167378195 7238.742078228487 1.5166893566858682e-06 186.81094114416157 0.10409317487857715 -7.5753275228075765 -8.758327176271397 0.0 7238.058900525477
1459.0 -3868.304342982452 -5128.735126335427 -780.6937050637238 -127.0251103014994 -6.974617823139602 93.43414285724715 5179.459069148375 -5050.749051555624 -106.823753174682 7235.210677306896 1.5431796789871242e-06 186.975550465673 0.10231886894667612 -7.441529412535737 -8.919744782641393 0.0 7234.320416751583
1460.0 -3863.736963133951 -5131.278800120754 -785.6928177150216 -126.97892082781655 -7.019612043522321 93.33104297693178 5177.470293730717 -5047.63160827473 -107.43409549323007 7231.619844833702 1.5702379426986688e-06 187.1436461185797 0.10056734595090873 -7.3071807314085815 -9.080795062561814 0.0 7230.522376833178
1461.0 -3859.166659193327 -5133.814286525163 -790.6881776701773 -126.93274410137538 -7.064578929298954 93.22735198903887 5175.440911048791 -5044.468609812184 -108.05183335030176 7227.968412896419 1.5978777977994375e-06 187.31522666966282 0.09883829709691638 -7.172274148121773 -9.241476190207186 0.0 7226.663608694557
1462.0 -3854.59347840833 -5136.34156369353 -795.6797353578402 -126.88658046161717 -7.10951807394182 93.12306235203636 5173.370033862344 -5041.25925031449 -108.67707305009526 7224.255189453998 1.6261132435320496e-06 187.49028987234996 0.09713139876261383 -7.036802228640113 -9.40178631121029 0.0 7222.74291607215
1463.0 -3850.017468885818 -5138.860609470205 -800.6674403987732 -126.84043025616556 -7.154429063701449 93.01816641571233 5171.256756471685 -5038.002707485887 -109.30992249670669 7220.4789578770615 1.654958638470881e-06 187.6688326223259 0.09544631185412403 -6.900757434649815 -9.56172354217205 0.0 7218.759078053908
1464.0 -3845.438679610093 -5141.3714013938825 -805.6512415895156 -126.79429384099896 -7.199311477458421 92.91265641954506 5169.100154157433 -5034.69814208269 -109.95049120606927 7216.638476196362 1.6844292848592047e-06 187.85083890314976 0.09378270587275817 -6.764132122015354 -9.721285970153826 0.0 7214.71084832692
1465.0 -3840.85716046305 -5143.873916691602 -810.6310868841912 -126.74817158064091 -7.244164886558715 92.80652449106647 5166.899278986268 -5031.344693881892 -110.59889024527695 7212.732471287547 1.7145448078226747e-06 188.0362092640795 0.09214040339530545 -6.626918539235239 -9.880471652125388 0.0 7210.596949361389
1466.0 -3836.272962249641 -5146.368132270031 -815.6069233706613 -126.70206384840363 -7.288988854597812 92.69976264433866 5164.653153696864 -5027.941475794368 -111.25523214605266 7208.759630386082 1.7453270265922594e-06 188.22480553592092 0.09051928713184089 -6.4891088260496925 -10.039278614226987 0.0 7206.416063924963
1467.0 -3831.6861367267284 -5148.854024705077 -820.5786972431654 -126.65597102666483 -7.333782937173188 92.59236277842778 5162.360770201751 -5024.487572466099 -111.91963092425613 7204.718599041222 1.7767983942592628e-06 188.41648365720044 0.08891923144262846 -6.350695012051811 -10.197704850957244 0.0 7202.166833036201
1468.0 -3827.0967366328046 -5151.331570231271 -825.5463537741829 -126.60989350715303 -7.378546681629486 92.48431667586883 5160.021088874696 -5020.982039644158 -112.59220211658476 7200.607980166555 1.80898201251886e-06 188.61109355447977 0.08734010168865464 -6.211669015291765 -10.355748324346782 0.0 7197.847855014607
1469.0 -3822.504815718447 -5153.800744730999 -830.5098372856772 -126.56383169123922 -7.423279626798249 92.37561600107676 5157.63303782525 -5017.423903531971 -113.27306281706433 7196.42633307397 1.8419016522485946e-06 188.80847890601933 0.08578175378540359 -6.072022640817845 -10.51340696314633 0.0 7193.457684514027
1470.0 -3817.910428777516 -5156.261523723558 -835.4690911197083 -126.51778599023535 -7.467981302731509 92.2662522987245 5155.195512158891 -5013.812160132381 -113.96233171320239 7192.172172488921 1.875581774775066e-06 189.00847689647352 0.08424403373689816 -5.9317475791801835 -10.670678662016828 0.0 7188.994831537327
1471.0 -3813.313631679113 -5158.713882354058 -840.4240576084038 -126.47175682570003 -7.512651230429788 92.15621699208639 5152.7073736507045 -5010.145774422622 -114.66012912338806 7187.8439677451115 1.9100475538530638e-06 189.2109179622837 0.08272677714922151 -5.787428077444353 -10.825410861297296 0.0 7184.456810517122
1472.0 -3808.714481397814 -5161.157795384198 -845.3746780420893 -126.42574462972219 -7.557288921553031 92.04550138132996 5150.167455359139 -5006.423677631272 -115.36657704812569 7183.440144198827 1.9453248983875685e-06 189.41562552745393 0.08122980872248488 -5.634042014209664 -10.974232099916595 0.0 7179.840784465669
1473.0 -3804.113036045695 -5163.593237182077 -850.3208926370548 -126.37974984522353 -7.601893878128409 91.93409664178256 5147.574551196486 -5002.6447699498 -116.08179916711913 7178.959077646959 1.981440355055995e-06 189.62242772142324 0.07975294282334515 -5.480314749130463 -11.12253559065201 0.0 7175.147639710658
1474.0 -3799.5093549097714 -5166.020181708007 -855.2626405055086 -126.33377292632193 -7.646465592277324 91.82199382217101 5144.92741802398 -4998.807920857958 -116.80592091602023 7174.399096058722 2.018419355294596e-06 189.8313334419776 0.07829599914541253 -5.326240364172636 -11.270317979493077 0.0 7170.375702083417
1475.0 -3794.9034984847017 -5168.438602503902 -860.1998596262645 -126.28781433864216 -7.691003545949123 91.70918384276086 5142.224780879531 -4994.9119710930645 -117.53906960298718 7169.758484701104 2.056286554492512e-06 190.04250089550717 0.07685879926627409 -5.171812861546102 -11.417575858673363 0.0 7165.523254687893
1476.0 -3790.295528503542 -5170.848472684106 -865.1324868169139 -126.24187455960609 -7.735507210667984 91.59565749339538 5139.465333254883 -4990.9557329808995 -118.2813744512249 7165.035486572673 2.0950672637517515e-06 190.25609780486576 0.07544115321987244 -5.017026162412754 -11.564305765865084 0.0 7160.58853833401
1477.0 -3785.6855079689317 -5173.249764926221 -870.0604577057179 -126.1959540787261 -7.779976047276958 91.48140543153521 5136.647736461954 -4986.937989885315 -119.03296661960314 7160.228301569956 2.134787511288125e-06 190.47229766297633 0.07404285855272315 -4.861874105603324 -11.710504183362811 0.0 7155.569750703643
1478.0 -3781.0735011849433 -5175.642451461849 -874.9837067029555 -126.1500533979051 -7.82440950567728 91.36641818024742 5133.770618978513 -4982.857495639412 -119.79397922201042 7155.3350856263005 2.1754740647759903e-06 190.69127994061867 0.07266369971781378 -4.706350446279806 -11.856167537279271 0.0 7150.465045489001
1479.0 -3776.4595737896243 -5178.026504067205 -879.9021669717245 -126.10417303174222 -7.86880702456214 91.25068612619583 5130.832575784636 -4978.71297396935 -120.56454734554245 7150.353949839138 2.217154454420717e-06 190.91323030175425 0.07130344744292948 -4.550448854607448 -12.001292196726077 0.0 7145.272531519437
1480.0 -3771.843792788229 -5180.401894053646 -884.8157703981857 -126.05831350784518 -7.913168031145692 91.13419951760373 5127.832167690126 -4974.503117910996 -121.34480806748638 7145.282959585909 2.2598569967937305e-06 191.13834082672446 0.0699618580719551 -4.394162914399886 -12.145874472996322 0.0 7139.99027187691
1481.0 -3767.2262265871577 -5182.768592258085 -889.7244475612455 -126.01247536714872 -7.957491940886443 91.01694846219767 5124.767920653146 -4970.226589219679 -122.13490047096695 7140.120133629049 2.3036108194531887e-06 191.36681024359953 0.06863867287813408 -4.237486121747661 -12.28991061874407 0.0 7134.616283000481
1482.0 -3762.60694502864 -5185.1265690332875 -894.6281277016374 -125.96665916424 -8.00177815720511 90.89892292514443 5121.638324783809 -4965.88201747712 -122.93496565194698 7134.863442784086 2.348446740996586e-06 191.5987929857593 0.06733362980349201 -4.08041188364443 -12.433396827155798 0.0 7129.148533353942
1483.0 -3757.986019428201 -5187.475794237033 -899.5267386882626 -125.92086546771085 -8.046026071177762 90.78011272701039 5118.441828384452 -4961.467994405709 -123.74514661236901 7129.51080168744 2.394401822870351e-06 191.83412841128177 0.06604652866824712 -3.9229335166509594 -12.57632923106417 0.0 7123.5849351931865
1484.0 -3753.363522619548 -5189.816237217788 -904.4202069768944 -125.87509486058275 -8.09023506115928 90.66050754187361 5115.176829811963 -4956.983066090556 -124.5655881183535 7124.060057544221 2.4415163315598023e-06 192.07252461020235 0.06477718572787358 -3.7650442457655404 -12.718703901859218 0.0 7117.923333313877
1485.0 -3748.739529004096 -5192.147866798387 -909.308457564251 -125.82934794077698 -8.134404492365325 90.54009689548717 5111.841675348982 -4952.425731018108 -125.39643671036458 7118.508987240558 2.4898317993572316e-06 192.31367648030937 0.06352540419565916 -3.606737203363977 -12.860516848308698 0.0 7112.161502163763
1486.0 -3744.114114601884 -5194.470651259409 -914.1914139408733 -125.78362532159738 -8.17853371644256 90.4188701634152 5108.434658012814 -4947.794439024295 -126.23784073491777 7112.855295762711 2.5393910625515906e-06 192.55726544282788 0.06229097353587711 -3.448005428102699 -13.001764015386994 0.0 7106.297144261755
1487.0 -3739.4873571037424 -5196.7845583223225 -919.0689980429865 -125.73792763222448 -8.22262207102996 90.29681656912668 5104.954016348108 -4943.0875902298385 -127.08995037449006 7107.096614595801 2.590238305115272e-06 192.80295889633328 0.06107366878676126 -3.2888418637650436 -13.142441283126404 0.0 7100.327888596556
1488.0 -3734.8593359247075 -5199.089555132418 -923.9411302033341 -125.69225551822088 -8.266668879310012 90.1739251820785 5101.397933202743 -4938.303533962223 -127.9529176753673 7101.230500101418 2.6424191038976053e-06 193.0504096493484 0.05987324985373307 -3.1292393580886673 -13.282544465475109 0.0 7094.25128900415
1489.0 -3730.2301322587223 -5201.385608241526 -928.8077291009723 -125.64660964204806 -8.310673449550789 90.0501849157383 5097.764534487595 -4933.440567665007 -128.82689657327865 7095.254431875086 2.695980475399444e-06 193.2992553309187 0.058689460771174456 -2.969190661512559 -13.422069309188752 0.0 7088.064822525089
1490.0 -3725.5998291346314 -5203.672683590516 -933.668711710017 -125.60099068359521 -8.354635074637528 89.92558452561346 5094.051888023398 -4928.496935894049 -129.71204291924096 7089.16581122702 2.7509705581674217e-06 193.54914100240296 0.05752203706784839 -2.80868842592369 -13.561011492723269 0.0 7081.765887885048
1491.0 -3720.968511472168 -5205.950746492253 -938.5239932487127 -125.55539934070633 -8.39855303160721 89.80011260719738 5090.258006423897 -4923.470833207326 -130.6085146018205 7082.9619652721785 2.8074333997547056e-06 193.80005249867213 0.05637082195828484 -2.6477252032914924 -13.699366625197232 0.0 7075.351809584567
1492.0 -3716.336266131824 -5208.219761617988 -943.3734871352046 -125.50983632964645 -8.442426581243387 89.67375759371812 5086.380856297117 -4918.360413138492 -131.5164718074535 7076.640159792662 2.865409975163686e-06 194.05225443516957 0.05523574401634849 -2.486293444040281 -13.837130245579468 0.0 7068.819850760808
1493.0 -3711.7031819594413 -5210.479692986738 -948.2171049491014 -125.46430238551467 -8.486254967722846 89.54650775372203 5082.4183601172335 -4913.163790092913 -132.4360770754679 7070.197601909585 2.924942334465976e-06 194.30602974349918 0.054116725293552076 -2.324385495204844 -13.974297822064637 0.0 7062.167215858497
1494.0 -3707.06934983089 -5212.73050395496 -953.0547563932003 -125.41879826265738 -8.530037418263506 89.41835118864965 5078.368395546225 -4907.879038784495 -133.36749528324935 7063.631439211779 2.9860737524584326e-06 194.56167299442913 0.05301367831378799 -2.161993598571559 -14.110864751468734 0.0 7055.391049757655
1495.0 -3702.434862697515 -5214.972157206223 -957.88634925466 -125.37332473508808 -8.573773142767138 89.28927583043068 5074.228794726904 -4902.5041936464495 -134.31089362703983 7056.938758846046 3.0488487672861636e-06 194.81949086130507 0.05192650554036706 -1.999109888836859 -14.246826358622823 0.0 7048.488436862908
1496.0 -3697.7998156323583 -5217.20461474084 -962.7117893656286 -125.32788259691415 -8.617461333456516 89.15926943909203 5069.997343579469 -4897.037248246967 -135.26644159895534 7050.116586613582 3.113313220328038e-06 195.0798026014312 0.05085509881893469 -1.835726391774586 -14.382177895769342 0.0 7041.45640019897
1497.0 -3693.1643058771497 -5219.427837865523 -967.5309805633317 -125.28247266277039 -8.66110116450756 89.0283196003983 5065.67178110279 -4891.47615471092 -136.23431096001184 7043.161886074278 3.179514297376382e-06 195.3429405560816 0.04979933879531058 -1.67183502243294 -14.516914541956174 0.0 7034.291900514027
1498.0 -3688.528432890114 -5221.641787182986 -972.3438246495828 -125.23709576825935 -8.704691791675703 88.89641372351593 5061.249798062503 -4885.81882255306 -137.2146756922807 7036.071556801198 3.2475024884144176e-06 195.60916634496374 0.04875909756215371 -1.5074275833487434 -14.651031402433995 0.0 7026.991834533315
1499.0 -3683.892298399561 -5223.846422579207 -977.1502213445877 -125.19175277044785 -8.74823235187036 88.76353903884545 5056.729022923808 -4880.063105245801 -138.20771161562186 7028.842414936566 3.317344851314294e-06 195.87808996839837 0.0477342604689117 -1.3424957629558811 -14.784523507917203 0.0 7019.553015514425
1500.0 -3679.2560064770646 -5226.041703201775 -981.9500682208159 -125.14644454855382 -8.79172196254807 88.62968259639642 5052.106999077524 -4874.206778442731 -139.2135958110582 7021.471161687115 3.3891177969810175e-06 196.14898966814852 0.046724713136097384 -1.1770311346446554 -14.917385813335116 0.0 7011.972141742759
1501.0 -3674.619663623727 -5228.227587432649 -986.743260623792 -125.10117200475977 -8.83515972098703 88.49483126446523 5047.381179401258 -4868.247534908234 -140.2325065345318 7013.954375899739 3.462900406200042e-06 196.42110848008028 0.045730329341464336 -1.0110251561608892 -15.0496131963128 0.0 7004.245789107776
1502.0 -3669.983378859292 -5230.404032860249 -991.5296915904406 -125.05593606505218 -8.878544703538342 88.35897172833094 5042.548924220702 -4862.182982725255 -141.26462321883503 7006.288511361459 3.5387744836165635e-06 196.69365456065898 0.04475097030977219 -0.8444691689830006 -15.181200455683884 0.0 6996.37040840351
1503.0 -3665.3472638134003 -5232.570996251248 -996.3092517657349 -125.01073768007997 -8.921875964861592 88.22209048894315 5037.607499271889 -4856.010643508581 -142.31012646988893 6998.469894104344 3.6168246541996636e-06 196.96579973507698 0.04378648403830671 -0.6773543976421355 -15.312142310064086 0.0 6988.342322633977
1504.0 -3660.7114328190137 -5234.728433522113 -1001.0818293175464 -124.96557782603229 -8.965152537143158 88.08417386162107 5032.554073654542 -4849.72795024376 -143.3691980541305 6990.494719444621 3.697138463116156e-06 197.23667798807207 0.04283670459055342 -0.5094780059246488 -15.441822649075997 0.0 6980.158007198558
1505.0 -3656.076003008065 -5236.876299710428 -1005.8473098492765 -124.92045750553537 -9.008373429293803 87.9452079747559 5027.385717800559 -4843.332245421604 -144.44202088258453 6982.359049238471 3.779806312727615e-06 197.5054080938763 0.041901452728434756 -0.3409840991509949 -15.570637650419568 0.0 6971.813352913386
1506.0 -3651.441094408171 -5239.014548946344 -1010.6055763127653 -124.87537774855882 -9.051537626148118 87.80517876849312 5022.099405391658 -4836.820784262314 -145.5287791055821 6974.0588155144715 3.8649149212399766e-06 197.7720587840134 0.04098058994318146 -0.17192707810474306 -15.698769522022612 0.0 6963.304204435496
1507.0 -3646.8068300317764 -5241.143134428262 -1015.356508929582 -124.8303396132463 -9.09464408773891 87.66407199317543 5016.6920273561045 -4830.190747636477 -146.62965850903834 6965.589839535903 3.952544822575678e-06 198.0380267577543 0.04007403916811871 -0.0022981414021330804 -15.826212455528875 0.0 6954.626380319896
1508.0 -3642.1733359553946 -5243.262008403851 -1020.0999851225882 -124.7853441866478 -9.137691748664283 87.52187320747157 5011.160397144105 -4823.439247234964 -147.74484663071996 6956.947839202045 4.042778514849796e-06 198.30486673184848 0.03918171770663662 0.16791162842423435 -15.952960555083807 0.0 6945.775595728361
1509.0 -3637.540741398005 -5245.371122152092 -1024.8358794488236 -124.74039258544236 -9.180679517465988 87.37856777654693 5005.501249807269 -4816.563324835049 -148.87453268507113 6948.1284278898 4.135701149831028e-06 198.57420668513828 0.03830353164264978 0.33871126651274547 -16.079007836916734 0.0 6936.747461270229
1510.0 -3632.9091788006726 -5247.470425965398 -1029.5640635316004 -124.69548595667071 -9.223606275999682 87.23414087028243 4999.71124094548 -4809.559951441109 -150.01890747430775 6939.127113113189 4.231400621969254e-06 198.8477509557843 0.03743937519562075 0.5101099272590437 -16.204348228979427 0.0 6927.537481661053
1511.0 -3628.2787839073562 -5249.559869131845 -1034.284405991842 -124.65062547847856 -9.266470878797682 87.08857746161509 4993.786945690891 -4802.426026462771 -151.17816329008338 6929.939295235963 4.3299676603573785e-06 199.12728346137024 0.03658913004591703 0.6821168858212515 -16.32897557061845 0.0 6918.141054434409
1512.0 -3623.649695846886 -5251.639399917532 -1038.996772378711 -124.60581236086905 -9.309272152424418 86.9418623249568 4987.724857665604 -4795.158376869564 -152.35249380304754 6920.56026614939 4.431496183438421e-06 199.41462927637238 0.03575266504006431 0.8547415395988447 -16.45288361230572 0.0 6908.553468618861
1513.0 -3619.022057217667 -5253.708965548387 -1043.7010250979445 -124.56104784648043 -9.352008894810265 86.79398003478558 4981.521382049331 -4787.7537507052 -153.5420937646527 6910.985199793444 4.53609365480027e-06 199.71000821216967 0.03492985169401538 1.0279934095807972 -16.576066015374998 0.0 6898.769895258433
1514.0 -3614.396014188299 -5255.768512185566 -1048.3970233245686 -124.51633321151586 -9.394679874442408 86.64491496480967 4975.172810481445 -4780.208793220489 -154.74715817506876 6901.209117531476 4.6438851677012465e-06 200.01139769812255 0.034120569730891046 1.2018821411031313 -16.698516351436496 0.0 6888.785352787181
1515.0 -3609.7717166176235 -5257.817984893017 -1053.0846228965447 -124.4716697668591 -9.437283829381682 86.49465128779528 4968.675309250568 -4772.520035775654 -155.9678818795437 6891.226871959322 4.755001229314012e-06 200.31651808112366 0.03332468677256447 1.376417503931086 -16.82022810141972 0.0 6878.594690838972
1516.0 -3605.14931818034 -5259.857327603567 -1057.7636762034879 -124.42705885924141 -9.479819466233234 86.34317297558906 4962.024916905455 -4764.683893781486 -157.20445944369226 6881.033143774289 4.8695770031322604e-06 200.62297560432268 0.03254205613088788 1.5516093922310308 -16.941194654648424 0.0 6868.192587117251
1517.0 -3600.528976494979 -5261.886483084981 -1062.4340320737413 -124.38250187242915 -9.522285459101122 86.19046379927313 4955.217542173311 -4756.696664939221 -158.45708502204468 6870.622439073457 4.987752475317834e-06 200.92825746838975 0.03177251601731778 1.7274678245141715 -17.0614093080295 0.0 6857.573544694061
1518.0 -3595.910853254175 -5263.90539290607 -1067.0955356598704 -124.33800022842996 -9.564680448527366 86.03650732944674 4948.2489619485195 -4748.554527551629 -159.72595221145923 6859.989086752656 5.109672626705704e-06 201.22972669696745 0.031015888715266157 1.9040029435656036 -17.180865265368407 0.0 6846.731889409697
1519.0 -3591.2951143571827 -5265.913997402885 -1071.7480283226746 -124.29355538871899 -9.607003040415863 85.88128693666053 4941.1148195002115 -4740.253539047018 -161.01125389308174 6849.127236211386 5.235487151206508e-06 201.5249566772915 0.03027198917977661 2.0812250163361767 -17.299555636811824 0.0 6835.661767578241
1520.0 -3586.6819300433617 -5267.912235645585 -1076.391347514994 -124.24916885547077 -9.64925180495347 85.72478579198523 4933.810625819926 -4731.789637507769 -162.31318215362796 6838.030859405385 5.365347212449662e-06 201.8142610907668 0.029540694746671526 2.259144433825955 -17.417473438452486 0.0 6824.357148040676
1521.0 -3582.0714750230673 -5269.900045407522 -1081.025326668907 -124.20484217276386 -9.691425275560112 85.56698686759559 4926.331763390361 -4723.158645508787 -163.63192825496265 6826.6937562466965 5.499407365857761e-06 202.09940676350598 0.028821908495800252 2.4377717111000083 -17.53461159219288 0.0 6812.811827565256
1522.0 -3577.46392860737 -5271.877363135937 -1085.6497950848752 -124.16057692777149 -9.733521947855406 85.40787293748697 4918.673485793077 -4714.356269972689 -164.9676824409977 6815.109554242293 5.6378275721205405e-06 202.38226337043764 0.028115520818539175 2.617117487308081 -17.6509629258117 0.0 6801.019430486283
1523.0 -3572.8594748391247 -5273.84412392315 -1090.2645778203098 -124.11637475196218 -9.775540278618466 85.24742657840194 4910.830916553472 -4705.378101296278 -166.32063369594346 6803.271707078073 5.780773399461898e-06 202.66479765523988 0.02742140839330571 2.7971925256266656 -17.76652017318029 0.0 6788.973407288251
1524.0 -3568.258302625482 -5275.800261478251 -1094.8694955774838 -124.07223732231175 -9.817478684740045 85.08563017100398 4902.799048129052 -4696.219612614848 -167.69096948233903 6791.173493402257 5.9284162186002135e-06 202.94907769708303 0.026739433401397828 2.9780077130907214 -17.881275974626345 0.0 6776.667033389385
1525.0 -3563.6606058716798 -5277.745708099353 -1099.464364590955 -124.02816636252466 -9.859335542168784 84.92246590132919 4894.572740967991 -4686.8761591340335 -169.07887545479514 6778.808015706815 6.080933765970169e-06 203.23723070984258 0.02606944557248536 3.1595740602897964 -17.995222877449127 0.0 6764.093408023225
1526.0 -3559.0665836176604 -5279.680394645808 -1104.0489965129966 -123.98416364427959 -9.901109184837487 84.75791576257977 4886.146717161471 -4677.342972303548 -170.48453496256832 6766.168191735011 6.23851956199482e-06 203.5302613374241 0.02541135423099016 3.3419027008677027 -18.10835333655854 0.0 6751.24544564642
1527.0 -3554.476440188228 -5281.604250505893 -1108.6231982863815 -123.94023098860181 -9.9427979034724 84.59196155767387 4877.515540927914 -4667.6151414424985 -171.90812809117222 6753.246727694791 6.401384414830712e-06 203.82789024476205 0.024765137614051646 3.5250048903810063 -18.220659714984727 0.0 6738.1158491528995
1528.0 -3549.8903853576676 -5283.517203559715 -1113.1867720037276 -123.89637026737078 -9.984399944278204 84.42458490257 4868.673611060286 -4657.687606809162 -173.34983110597727 6740.036108034061 6.569747357099324e-06 204.1297546412042 0.024130768464479663 3.7088920045213687 -18.332134284278986 0.0 6724.6970996505415
1529.0 -3545.3086345186025 -5285.4191801419765 -1117.7395147626062 -123.85258340486364 -10.025913507582274 84.25576723002514 4859.615157043245 -4647.555151000779 -174.80981599252584 6726.528586717346 6.743835431366523e-06 204.43547014936155 0.02350820956858361 3.893431435644173 -18.43425876841172 0.0 6710.987422369915
1530.0 -3540.7314088601283 -5287.31010500467 -1122.2812185011203 -123.80887237937168 -10.067336746299267 84.08548979393905 4850.334231847481 -4637.2123817408865 -176.28824989287182 6712.71617015443 6.9238839715499585e-06 204.74462981400538 0.022897413125595432 4.078321947964777 -18.53038315862927 0.0 6696.976727995557
1531.0 -3536.1589355378055 -5289.1899012815475 -1126.8116698578222 -123.76523922475131 -10.108667764614648 83.91373367379036 4840.824729376221 -4626.653783417721 -177.7852953083759 6698.590665459545 7.110137000497294e-06 205.0568011842848 0.022298318976219523 4.2635723945267126 -18.625609194316862 0.0 6682.653297223242
1532.0 -3531.5914478395216 -5291.05849045424 -1131.3306500441333 -123.72168603193882 -10.14990461677919 83.74047977940704 4831.0803747149 -4615.873690987102 -179.30110926787256 6684.143655389749 7.302849915087853e-06 205.37148326863587 0.021710829263994078 4.449190092024117 -18.71992872804251 0.0 6668.008712802597
1533.0 -3527.029185361484 -5292.915792317808 -1135.8379346976408 -123.6782149505477 -10.191045305727274 83.56570885652025 4821.094718761835 -4604.8662834182915 -180.8358426493379 6669.366489961587 7.502289950189426e-06 205.6881026695382 0.021134806090853414 4.635182434635145 -18.81333353756118 0.0 6653.034324740379
1534.0 -3522.472394187758 -5294.761724946394 -1140.3332937329976 -123.63482819049553 -10.232087781670892 83.38940149292245 4810.8611370804665 -4593.625582886348 -182.3896396133082 6654.250285092782 7.70873423091675e-06 206.00605225431957 0.02057009413563733 4.821556892800124 -18.905815328292363 0.0 6637.721248941925
1535.0 -3517.9213270703876 -5296.59620466024 -1144.816491193381 -123.59152802363245 -10.273029940695942 83.21153812516819 4800.372830579703 -4582.145455702333 -183.96263705478918 6638.785923767498 7.922470005148167e-06 206.324691583197 0.020016520810545623 5.008321011904032 -18.997365736115423 0.0 6622.060368376062
1536.0 -3513.3762436092657 -5298.419145994422 -1149.287285103341 -123.54831678536249 -10.313869623368616 83.03209904584743 4789.622826661555 -4570.419613682502 -185.55496402072902 6622.964057843276 8.143794989791001e-06 206.6433454477935 0.019473895297366012 5.195482410852944 -19.08797633050161 0.0 6606.042334881589
1537.0 -3508.8374104316413 -5300.230461669369 -1153.7454273231563 -123.50519687625756 -10.354604613352429 82.85106441146415 4778.603977355527 -4558.441612645117 -187.16674095543203 6606.77510569359 8.373029468380313e-06 206.96134140776084 0.01894201135876282 5.383048780531851 -19.177638617994134 0.0 6589.657566809273
1538.0 -3504.305101397165 -5302.030062552855 -1158.1906633793747 -123.46217076390924 -10.395232635804755 82.66841425200657 4767.308894747105 -4546.204791298917 -188.79807648866995 6590.209163300503 8.610587523681423e-06 207.27824391166428 0.0184206693316316 5.571027881051388 -19.266344045543317 0.0 6572.896160114861
1539.0 -3499.779597894066 -5303.817857587744 -1162.6227322076081 -123.41924098564093 -10.435751354967993 82.48412848478253 4755.729852640519 -4533.702178175942 -190.44906296330146 6573.25586884286 8.856934876209352e-06 207.59371122791674 0.017909661218287055 5.7594275352428 -19.35408400254259 0.0 6555.747752951252
1540.0 -3495.261189189482 -5305.593753700918 -1167.0413658443165 -123.37641015172662 -10.476158371290383 82.29818693100755 4743.858770434591 -4520.926476859542 -192.11977514874752 6555.904380861731 9.112556499795307e-06 207.90738481604694 0.017408758911868702 5.948255620142608 -19.440849822485806 0.0 6538.201503839853
1541.0 -3490.7501727853373 -5307.35765571311 -1171.446289115341 -123.33368094865433 -10.516451218511957 82.11056933326263 4731.687212145636 -4507.870065623747 -193.81026945926885 6538.143377341695 9.377957193726647e-06 208.21888822341458 0.01691771308427295 6.13752005849004 -19.52663278526173 0.0 6520.2460907573995
1542.0 -3486.246854775925 -5309.1094662511905 -1175.837219325 -123.29105614239656 -10.55662736075125 81.9212553737493 4719.206387358891 -4494.5249988997575 -195.52058315723332 6519.961057449804 9.653658195823743e-06 208.5278535296618 0.01643625662697676 6.327228810344114 -19.611424120171026 0.0 6501.869712879983
1543.0 -3481.7515501848325 -5310.849085671634 -1180.2138659674881 -123.24853858147684 -10.596684189790563 81.73022469251347 4706.407228727866 -4480.883081387908 -197.2507365944299 6501.345248852529 9.940053761090433e-06 208.8348775336392 0.015964264111216354 6.517389865669326 -19.69521501007534 0.0 6483.060197903762
1544.0 -3477.264583113716 -5312.576412059696 -1184.5759306229104 -123.20613119824786 -10.636619024046375 81.5374568987668 4693.2806877066205 -4466.936149054029 -199.00074416710152 6482.283815871118 1.0237364355617814e-05 209.14183672700892 0.015501803549242594 6.708011244631908 -19.777996599634786 0.0 6463.805410196127
1545.0 -3472.7862866661294 -5314.291341316724 -1188.9231070723927 -123.16383700803846 -10.676429109541722 81.34293157416559 4679.817862387271 -4452.676190257581 -200.77061804558764 6462.764835693477 1.054580226239658e-05 209.45079234654511 0.01504895142195504 6.899101006330977 -19.859760007788605 0.0 6444.093426994126
1546.0 -3468.317002818738 -5315.993767267484 -1193.255081463967 -123.12165910780266 -10.71611162134161 81.14662827547698 4666.010016280322 -4438.0953632053515 -202.5603673134326 6442.776624044891 1.0865582891867804e-05 209.76391987420536 0.014605779626936892 7.090667258309712 -19.940496340970526 0.0 6423.912564060571
1547.0 -3463.8570822766656 -5317.683581772929 -1197.5715324933492 -123.07960067462032 -10.755663665123114 80.9485265382412 4651.848594332669 -4423.186010737566 -204.36999695223506 6422.307757016443 1.119692720679028e-05 210.08349558643965 0.014172354515317842 7.282718165224204 -20.02019670633648 0.0 6403.2513974985095
1548.0 -3459.4068843404407 -5319.360674837964 -1201.872131573048 -123.0376649643076 -10.795082278637224 80.74860588272324 4637.32512120301 -4407.940563489929 -206.19950164299996 6401.346930566898 1.1540335131702233e-05 210.40985698147958 0.013748677805911574 7.4752619554332975 -20.098852224512836 0.0 6382.0986232408895
1549.0 -3454.9667771312434 -5321.024934583986 -1206.1565426561326 -122.9958553134044 -10.834364430002454 80.54684583747527 4622.430558925539 -4392.350931136702 -208.04883611209243 6379.8820751291105 1.1896854848039887e-05 210.73939383048335 0.013334628390221401 7.668306911001771 -20.17645403604706 0.0 6360.442171660416
1550.0 -3450.5371383795646 -5322.676247012721 -1210.4244215197884 -122.95417514646144 -10.873507011040696 80.34322598926258 4607.154936165828 -4376.408152163582 -209.9178976819952 6357.899845383555 1.226764285595897e-05 211.06784201266288 0.012930056232703864 7.8618613337124845 -20.252993299094573 0.0 6338.268697370566
1551.0 -3446.1183563607615 -5324.314495722164 -1214.675414912619 -122.91262798469127 -10.912506829352436 80.13772604057088 4591.487329364819 -4360.102377512259 -211.80652416190856 6335.385595351185 1.2653909150850292e-05 211.39069765442667 0.012534793660393069 8.05593350601455 -20.328461186574977 0.0 6315.563554350672
1552.0 -3441.7108308371808 -5325.939561628207 -1218.909159701421 -122.87121745465805 -10.951360600375287 79.93032586866734 4575.4157209954255 -4343.4227465067415 -213.71448912376957 6312.323190210217 1.3056911830147857e-05 211.70326875661394 0.012148654753907974 8.133330112810421 -20.305603778525082 0.0 6292.462487029893
1553.0 -3437.314974899237 -5327.5513223274265 -1223.1252812003904 -122.82994730556888 -10.990064931962179 79.72100560474455 4558.925602848053 -4326.356164106627 -215.64147564788902 6288.693151762653 1.3477527497967683e-05 212.00431321290287 0.011771452482083524 7.976600594493986 -20.087549169943195 0.0 6269.097817957618
1554.0 -3432.9312157815907 -5329.149651865621 -1227.3233924718986 -122.78882141682456 -11.028616317845646 79.50974567524077 4542.003806696471 -4308.890753883276 -217.58718334906496 6264.477814734744 1.3915981037592464e-05 212.29832995364347 0.01140300905010738 7.817520365331158 -19.866894420101975 0.0 6245.151329516007
1555.0 -3428.559993314283 -5330.734421439653 -1231.5030958283755 -122.74784378303846 -11.067011151237695 79.2965267755643 4524.638325759335 -4291.015723157181 -219.5513297224411 6239.6611047151655 1.4372434882964579e-05 212.59058406778183 0.011043130123871838 7.656070673559862 -19.643616148700097 0.0 6220.6069764672275
1556.0 -3424.201759206434 -5332.3054997474665 -1235.6639835713145 -122.70701850708186 -11.105245731469774 79.08132986254455 4506.817813228908 -4272.720919739181 -221.53363678771177 6214.227869320744 1.4847044780368497e-05 212.8866427609895 0.01069160140287162 7.492233117856257 -19.41769128040601 0.0 6195.449635118333
1557.0 -3419.8569764231493 -5333.862753294563 -1239.805638643015 -122.66634979403749 -11.143316269838168 78.86413615118235 4488.53160496094 -4253.996851963664 -223.53382922979256 6188.16390846753 1.5340024957367897e-05 213.19190027100396 0.010348197591271464 7.3259896583907995 -19.189097047316814 0.0 6169.6651335813085
1558.0 -3415.5261187078368 -5335.406046644508 -1243.9276351373492 -122.62584194652223 -11.18121889415414 78.64492712168547 4469.7692312528 -4234.834226042166 -225.55160735688014 6161.455301330496 1.5852492001130968e-05 213.505329389506 0.010012810519643242 7.157322635192022 -18.957811002311313 0.0 6143.239578708148
1559.0 -3411.209671023791 -5336.935242339731 -1248.029537936709 -122.58549936861306 -11.218949645257506 78.4236845753413 4450.519227164737 -4215.222822091334 -227.5865854720597 6134.086768633898 1.638627191162298e-05 213.82091917357985 0.009685418686963272 6.9862148241250726 -18.72381108408738 0.0 6116.157718292789
1560.0 -3406.9081307466936 -5338.450200560938 -1252.110901640847 -122.5453265767795 -11.256504467006618 78.20039073049335 4430.768856793302 -4195.151235389076 -229.63827535593828 6106.0412942940675 1.694329001442202e-05 214.13220447472068 0.00936599301421428 6.81264952535647 -18.48707572507694 0.0 6088.402562573767
1561.0 -3402.6220089241633 -5339.9507787737575 -1256.1712694400258 -122.5053282114108 -11.293879195737713 77.97502832469694 4410.5041312033545 -4174.606895282217 -231.70608389795245 6077.300151450067 1.7525559117547927e-05 214.4323600772714 0.009054494148647124 6.636610658918643 -18.24758396670342 0.0 6059.955410114888
1562.0 -3398.3518314926187 -5341.436831401959 -1260.21017203627 -122.46550904791012 -11.331069550147712 77.74758071786712 4389.709959691733 -4153.576208197795 -233.78931733996558 6047.84311076485 1.813480969102768e-05 214.71730676969204 0.0087508561662544 6.457762667849806 -18.004287742494267 0.0 6030.796993505529
1563.0 -3394.0981399506636 -5342.908209700898 -1264.227127083335 -122.42587400268575 -11.368071125934806 77.51803197028279 4368.371198326837 -4132.045548853615 -235.88723223372733 6017.649884340506 1.8771754921309e-05 214.99187622151675 0.008454954775805365 6.276377167725765 -17.75807823764335 0.0 6000.906215396271
1564.0 -3389.8614909564803 -5344.364762009177 -1268.221639647629 -122.38642812909342 -11.404879399829342 77.28636686783994 4346.473499281279 -4110.002063884839 -237.99907586430652 5986.701295805925 1.943692366836107e-05 215.26284279907492 0.008166641677216447 6.092491348682587 -17.509098705525496 0.0 5970.263773417087
1565.0 -3385.6424555284866 -5345.806334135207 -1272.193203040475 -122.34717660968118 -11.441489737043065 77.05257093047095 4324.003416632767 -4087.433767497203 -240.1240877807311 5954.97942299222 2.01308472257429e-05 215.5373687346016 0.007885751582333142 5.9060928355046025 -17.25733191705273 0.0 5938.851765456816
1566.0 -3381.4416181864012 -5347.232769759412 -1276.1412997017842 -122.30812474788658 -11.477897399193871 76.81663042156515 4300.948425736686 -4064.3295576008127 -242.26149671437565 5922.467623079487 2.0854224488093866e-05 215.82187479295288 0.007612111948930453 5.7171701408456554 -17.002761525316505 0.0 5906.653567466815
1567.0 -3377.2595763656777 -5348.643910738681 -1280.0654018239927 -122.26927796228239 -11.514097549835666 76.57853237692767 4277.296147707053 -4040.6784832869594 -244.41047314412197 5889.149464894767 2.1609104626049363e-05 216.11389024003864 0.007345618024941699 5.525712705800992 -16.745372104334425 0.0 5873.652765699144
1568.0 -3373.0969410190673 -5350.039597008074 -1283.9649708638556 -122.23064179185305 -11.550085249725448 76.33826470479416 4253.0330455423355 -4016.468516472332 -246.57005162950793 5855.006936003504 2.239827069641879e-05 216.4063131881699 0.0070861925386789875 5.331710997728024 -16.485149264790145 0.0 5839.831363643098
1569.0 -3368.954337929232 -5351.419666251022 -1287.839456395049 -122.19222190784932 -11.585855445990699 76.09581633069517 4228.144265819312 -3991.6864044753543 -248.7391163193297 5820.020226102434 2.3224630894793578e-05 216.69161645597853 0.006833745917973876 5.1351566461005875 -16.222079818929632 0.0 5805.169565203346
1570.0 -3364.8324090063475 -5352.783953587689 -1291.6882949841101 -122.1540241254618 -11.621402961487538 75.85117734709836 4202.61373372323 -3966.317761238601 -250.9164001294148 5784.167858720026 2.409113738405639e-05 216.9623451182736 0.0065881778394536825 4.93604258476054 -15.95615195152271 0.0 5769.645906176972
1571.0 -3360.7318133034687 -5354.132291369779 -1295.5109093383512 -122.11605441283557 -11.656722486645236 75.60433915264474 4176.424830090793 -3940.347705802395 -253.1005180514344 5747.427622533321 2.4999688315358326e-05 217.2177675922664 0.0063494093445526315 4.734363188064195 -15.687355380391422 0.0 5733.238185359089
1572.0 -3356.653226844139 -5355.464509376146 -1299.3067085648902 -122.07831888904758 -11.691808581556282 75.35529452717432 4149.561896842791 -3913.762278285109 -255.29005026347102 5709.778639879178 2.5951342416580393e-05 217.46257869946385 0.006117375836764769 4.530114356062683 -15.41568144775093 0.0 5695.92553292808
1573.0 -3352.597341445145 -5356.780435337948 -1303.0750893628215 -122.0408238127697 -11.726655686682715 75.10403765282874 4122.01068059543 -3886.548854558287 -257.4835632506795 5671.201974463209 2.694714855307369e-05 217.7018791698682 0.005892001737423873 4.323293555118103 -15.141123153056983 0.0 5657.689018099115
1574.0 -3348.5648633492006 -5358.079895518299 -1306.8154373862258 -122.00357556918281 -11.761258135145617 74.85056412900705 4093.758408012088 -3858.6962139441193 -259.6796094472934 5631.680732626721 2.7988266114762175e-05 217.9407177037404 0.005673196309053119 4.113899852020974 -14.863675179075319 0.0 5618.511750344162
1575.0 -3344.5565120185656 -5359.362715231646 -1310.5271284522184 -121.96658065839091 -11.795610163586037 74.59487100260216 4064.793143008091 -3830.19393204859 -261.87668178379795 5591.199178084208 2.9077455847415404e-05 218.17907086500693 0.005460809762831952 3.9019339591989097 -14.58333393456058 0.0 5578.377994061783
1576.0 -3340.5730202506516 -5360.628718933925 -1314.2095285240841 -121.92984569604512 -11.829705911689947 74.33695688716847 4035.1020531915456 -3801.030750518571 -264.0730978638792 5549.740349518509 3.0218850615182817e-05 218.41261787782634 0.005254639323346247 3.687398352932199 -14.300097694463568 0.0 5537.270785982988
1577.0 -3336.615135385618 -5361.877729969893 -1317.86199269097 -121.89337742402095 -11.86353941240739 74.07682215815154 4004.67107926894 -3771.194267516954 -266.26697059569733 5507.285606913446 3.141678226703393e-05 218.63669430414896 0.00505446270985754 3.4702974561823114 -14.013966824177386 0.0 5495.171481211764
1578.0 -3332.6836204961323 -5363.109570340058 -1321.4838641738338 -121.85718272088107 -11.897104582385401 73.8144691554989 3973.4851453799533 -3740.671136498268 -268.4562125133681 5463.814920915917 3.2675521541747345e-05 218.84676616412736 0.004860061862762672 3.2506378299966308 -13.724944012854712 0.0 5452.060042283008
1579.0 -3328.7792549669193 -5364.3240606724075 -1325.0744739014133 -121.82126860666862 -11.93039521765411 73.54990235498164 3941.5294928883395 -3709.4483186804828 -270.63861559015163 5419.308704301558 3.399716929428464e-05 219.04181375025217 0.004671438871678686 3.0284283407993717 -13.433034473173215 0.0 5407.916870365585
1580.0 -3324.9028330105193 -5365.521020843837 -1328.6331419836933 -121.7856422286757 -11.963405006887175 73.28312840966159 3908.7920290336356 -3677.515284692999 -272.8120026282834 5373.751034814096 3.538249913895555e-05 219.22297566373302 0.004488728847659257 2.8036802190426515 -13.13824599840867 0.0 5362.726028016492
1581.0 -3321.05516073305 -5366.700271040484 -1332.1591805059413 -121.75031083388889 -11.996127556917964 73.0141560991424 3875.2638582356803 -3644.8645073731527 -274.9742603612257 5327.130380600556 3.6832236276323264e-05 219.39149289795301 0.0043120679980903414 2.5764070376004615 -12.840588917404437 0.0 5316.4759646558105
1582.0 -3317.2370530246535 -5367.86163284992 -1335.6518964671254 -121.7152817398703 -12.028556419623877 72.74299626955762 3840.939167796477 -3611.4913483587034 -277.12332985884063 5279.439438987335 3.834796158698418e-05 219.54991078883083 0.004141521806431672 2.3466246782995297 -12.54007603848777 0.0 5269.159355397199
1583.0 -3313.4493315163018 -5369.0049300067685 -1339.1105937298337 -121.68056231547214 -12.06068510966044 72.46966185111623 3805.8128192937033 -3577.3917947987825 -279.25703262008835 5230.671826760088 3.993548026142017e-05 219.70672375358774 0.003976820477733583 2.114351360459543 -12.236722678557332 0.0 5220.769791275043
1584.0 -3309.6928254854806 -5370.129988235716 -1342.5345722767036 -121.64615998861183 -12.092507097185573 72.19416808985896 3769.877766139064 -3542.5600380869505 -281.37287740822217 5180.818534866981 4.160205006330307e-05 219.87256444625007 0.0038175756381901176 1.879607850406814 -11.930546929660862 0.0 5171.298233600271
1585.0 -3305.9683738931276 -5371.236634768107 -1345.9231264476268 -121.61208226436338 -12.124015791082703 71.91653287022841 3733.1250865763736 -3506.9885071655867 -283.4680498733379 5129.867974589245 4.335515757325821e-05 220.0584842630644 0.0036633759115367853 1.6424177509839293 -11.62157002738702 0.0 5120.733059658755
1586.0 -3302.2768269627727 -5372.324698017967 -1349.275543608661 -121.57833673877599 -12.155204526150776 71.63677701671328 3695.5450450559492 -3470.6688645884024 -285.5394788502754 5077.807434478293 4.52000755363241e-05 220.2693791256266 0.003513997077424979 1.402807776529776 -11.309816697309738 0.0 5069.061519202529
1587.0 -3298.6190452842684 -5373.394008005232 -1352.5911050743318 -121.54493108998996 -12.186066571223252 71.35492442103872 3657.130895646356 -3433.5955671160236 -287.58411643032105 5024.628297738344 4.713798160441421e-05 220.49892830171603 0.0033695637019998835 1.160807880140383 -10.995315307993996 0.0 5016.274951629018
1588.0 -3294.995895687319 -5374.44439771989 -1355.869089946129 -121.5118730398312 -12.216595164433341 71.07100193002354 3617.880789234123 -3395.7676445440966 -289.59908530910377 4970.328654229392 4.916958358050349e-05 220.7393808421472 0.003230235432053893 0.9164511728072537 -10.678097756847388 0.0 4962.371398110737
1589.0 -3291.408246364671 -5375.4757046707 -1359.1087796040542 -121.47917030863402 -12.246783554613433 70.78503917289689 3577.797789913785 -3357.188706257047 -291.5816868729921 4914.91331714523 5.1295952105694784e-05 220.98373923871318 0.0030961495860535736 0.669773784312006 -10.358199286922298 0.0 4907.355618485783
1590.0 -3287.8569626122207 -5376.487772216441 -1362.309461614069 -121.44683057578972 -12.276625037317002 70.49706843120582 3536.8882701902426 -3317.8654317260343 -293.5292795303127 4858.391616244361 5.352194796894389e-05 221.23445673296922 0.0029672432480618727 0.42081475441284133 -10.035658349670376 0.0 4851.236884644315
1591.0 -3284.342905037981 -5377.480450159607 -1365.4704313930583 -121.41486146287062 -12.30611296998656 70.20712470151717 3495.1592656465036 -3277.8050914178652 -295.4390661385171 4800.773765900689 5.585452388066995e-05 221.49914752150454 0.002843340580802731 0.16961608615381993 -9.710516682319536 0.0 4794.025348467682
1592.0 -3280.866929179489 -5378.4535949294295 -1368.5909926016068 -121.38327052959832 -12.335240775272494 69.91524587247824 3452.618279478563 -3237.0153625822654 -297.30807441176853 4742.070595477628 5.83008027729021e-05 221.78570728355766 0.002724251044949045 -0.08377710299787536 -9.382819513129894 0.0 4735.731771934714
1593.0 -3277.4298848568114 -5379.407069839874 -1371.6704577739006 -121.35206526739135 -12.364001946560402 69.62147288392367 3409.2738823003733 -3195.504888548431 -299.13320431448335 4682.294370412419 6.086688520824135e-05 222.09702334637018 0.002609777078850939 -0.3393164457659913 -9.052615746671286 0.0 4676.368347963067
1594.0 -3274.0326143375696 -5380.34074567476 -1374.70815000672 -121.32125308211778 -12.392390063394062 69.3258497875377 3365.1374263732587 -3153.2848780354902 -300.9113765675454 4621.461140913457 6.35568975229207e-05 222.42673746283708 0.0024997196263562968 -0.5969502763145651 -8.719958038411479 0.0 4615.95104900222
1595.0 -3270.6759490265054 -5381.254501664729 -1377.7034059536256 -121.29084126348879 -12.420398819121937 69.02842367802491 3320.223933586286 -3110.369929796354 -302.6396183128718 4559.591956295336 6.637476972612244e-05 222.76728062562475 0.0023938674475640874 -0.8566236972873583 -8.384902723000373 0.0 4554.500841445394
1596.0 -3267.3607057672075 -5382.148226541193 -1380.6555791436574 -121.26083695101296 -12.448022051632586 68.72924458101438 3274.552132702155 -3066.7780615887286 -304.3150793381834 4496.712912377079 6.932476533491251e-05 223.11272776264738 0.0022920222106170987 -1.118278689066214 -8.047509692595435 0.0 4492.043733166382
1597.0 -3264.0876834159676 -5383.021819483875 -1383.5640430348697 -121.23124710250657 -12.475253771673332 68.4283653527312 3228.1437639739047 -3022.5300554573387 -305.9349827873299 4432.854194615433 7.24129521044336e-05 223.46735125004358 0.0021941146046926536 -1.3818542133231009 -7.707842287074006 0.0 4428.609816776088
1598.0 -3260.8576603062747 -5383.87519079949 -1386.4281932567885 -121.20207847074842 -12.502088183636163 68.12584164738794 3181.0227831061834 -2977.6487111603064 -307.4965644835296 4368.048984487745 7.564605258702738e-05 223.83904554352148 0.0021001150508423725 -1.6477169451134468 -7.365800803348465 0.0 4364.232603405157
1599.0 -3257.6713920617276 -5384.708262480981 -1389.2474495360232 -121.17333758336994 -12.528519703425918 67.82173190338817 3133.215335701714 -2932.158844573683 -308.9970867796774 4302.3334400446465 7.903093352858074e-05 224.23545184750736 0.0020099846690635674 -1.920412979291198 -7.019873003219843 0.0 4298.9525893287355
1600.0 -3254.529609416283 -5385.520968740081 -1392.0212576105362 -121.1450307228932 -12.554542976268568 67.51609731689794 3084.749636589736 -2886.0871461737693 -310.4338350335843 4235.746510555562 8.257588251519703e-05 224.65646699690944 0.0019236266556431519 -2.194786697758739 -6.672265072116281 0.0 4232.803455856304
1601.0 -3251.4330164665253 -5386.313256423824 -1394.749090717241 -121.11716391064965 -12.580152890556132 67.20900185097638 3035.6552842814926 -2839.461521355737 -311.80406029565245 4168.328982729511 8.629036348740915e-05 225.09554795878915 0.0018408948115739385 -2.4707636770070867 -6.3230480486647735 0.0 4165.825880210731
1602.0 -3248.382289352274 -5387.08508529886 -1397.4304507013458 -121.08974289463683 -12.605344588183932 66.90051227187621 2985.9632376555933 -2792.3110861230034 -313.10499243691277 4100.123460897857 9.01838936782852e-05 225.54581419714296 0.0017616333371730684 -2.7482666242705562 -5.972296029298105 0.0 4098.062352537425
1603.0 -3245.3780745549307 -5387.836428416539 -1400.0648694555293 -121.06277313399517 -12.6301134780234 66.59069813394593 2935.7067670434362 -2744.6670523825564 -314.333953613896 4031.1756703092856 9.42623166239329e-05 226.00368937834827 0.0016857060274720343 -3.027215424313411 -5.620086154923121 0.0 4029.5584792016734
1604.0 -3242.420984936415 -5388.567273022097 -1402.6519123189232 -121.0362597632694 -12.654455267877195 66.27963151489199 2884.924734356153 -2696.5657818169834 -315.48873130970844 3961.538953254097 9.852542463666338e-05 226.4711307708531 0.0016130143280446583 -3.3075274135133643 -5.266498314484021 0.0 3960.367479274063
1605.0 -3239.5115931845326 -5389.277622058994 -1405.1911837050038 -121.01020753356647 -12.678366017517058 65.96738644744619 2833.662701036584 -2648.0498113374774 -316.5677468006013 3891.275786279457 0.00010297226491393927 226.9506406603349 0.0015434571639714727 -3.5891179330739362 -4.911614504728735 0.0 3890.5517025374843
1606.0 -3236.6504253450385 -5389.967495574929 -1407.6823325995963 -120.9846207547609 -12.701842190672991 65.65403830790892 2781.9717245009006 -2599.166724642941 -317.56998234768844 3820.456128802154 0.00010760602867038285 227.44356557854806 0.0014769221964288637 -3.871900928114216 -4.55551814257757 0.0 3820.1809789496965
1607.0 -3233.8379575307927 -5390.636931285554 -1410.1250552483987 -120.95950326639644 -12.72488068070695 65.33966349669267 2729.9030855046635 -2549.9642377155596 -318.4944370915715 3749.1501938885367 0.00011244263738779702 227.94772551997224 0.0014132765145266368 -4.155789288439035 -4.198293710644284 0.0 3749.325389846611
1608.0 -3231.0746178504232 -5391.28598385259 -1412.5190932965154 -120.934858455389 -12.747478793490078 65.02433966101194 2677.5048491327443 -2500.486999718105 -319.33974862371963 3677.4237351629295 0.000117500471540417 228.46023741166061 0.0013523783329915395 -4.440694699702123 -3.8400270191247183 0.0 3678.05055449497
1609.0 -3228.360789413483 -5391.914723924388 -1414.864231009575 -120.91068928330617 -12.769634221591664 64.70814603439486 2624.822558871117 -2450.7772452904037 -320.1042689191508 3605.3390013384596 0.00012279614822726395 228.97970347151335 0.0012940893595656594 -4.72652738491599 -3.4808055999367777 0.0 3606.4185840986124
1610.0 -3225.696811436741 -5392.523237644482 -1417.1602941498998 -120.88699829665575 -12.791345034062601 64.39116355868639 2571.90242073989 -2400.8777623839865 -320.7864509367996 3532.9591051726416 0.00012833688268572827 229.51252256551382 0.0012383135118232101 -5.013196038977599 -3.120718853345304 0.0 3534.4924505371687
1611.0 -3223.0829766374904 -5393.111627013 -1419.4071520449713 -120.86378760414992 -12.81260969641734 64.07347455464816 2518.794307598071 -2350.8346879745386 -321.38524829611805 3460.35214566309 0.00013412676159625585 230.06764602513613 0.0011849653017228395 -5.3006081709413895 -2.7598576820025915 0.0 3462.340108985057
1612.0 -3220.519527303114 -5393.680010505538 -1421.6047207613487 -120.84105884237788 -12.833427101187135 63.75516219215165 2465.5516377798394 -2300.697392865589 -321.90015637021867 3387.591044203615 0.00014016971809373494 230.65236730146816 0.0011339575507933327 -5.5886706300244455 -2.3983138981517342 0.0 3390.034334767384
1613.0 -3218.0066518150707 -5394.2285235300205 -1423.752965847603 -120.8188131457587 -12.853796594543168 63.43630996052665 2412.2307665321364 -2250.517914018027 -322.33119390588826 3314.7527133837702 0.00014646991831348348 231.25965017655074 0.0010852185985391473 -5.877290133913002 -2.0361796318443077 0.0 3317.6518928522855
1614.0 -3215.5444818243222 -5394.757318682617 -1425.8519044814077 -120.7970511225093 -12.87371799741824 63.117001164491754 2358.8903168071174 -2200.350331653302 -322.6788738380579 3241.917143351226 0.00015303153740331497 231.87532256004562 0.0010386827959528132 -6.166373775401617 -1.6735467688770242 0.0 3245.272624862239
1615.0 -3213.1330900227813 -5395.266565822152 -1427.9016070731898 -120.77577283611647 -12.893191621609297 62.79731844175072 2305.590608681528 -2150.2502391781422 -322.94418319742084 3169.1666241122707 0.00015985904511763696 232.48600554411803 0.0009942806222274832 -6.45582950992128 -1.3105064138085096 0.0 3172.978671984428
1616.0 -3210.7724888103317 -5395.756451907718 -1429.9021980783382 -120.75497779492973 -12.912218278485973 62.47734334617993 2252.392152838189 -2100.2733444026844 -323.1284269163039 3096.5836839421754 0.00016696328260931253 233.09096600915646 0.0009519300615809065 -6.745566583246571 -0.9471484277488439 0.0 3100.852413885685
1617.0 -3208.4626312476653 -5396.227180325291 -1431.8538548542695 -120.73466496207682 -12.9307992692024 62.1571561943111 2199.353213595676 -2050.4732085681935 -323.23291948632215 3024.2477506727555 0.00017435954267551267 233.69844526465323 0.0009115395996673217 -7.0354957187839595 -0.5835612650933683 0.0 3028.973130113638
1618.0 -3206.2034134598402 -5396.678969910243 -1433.756805290992 -120.71483277821837 -12.948936363265991 61.83683608590905 2146.5295227613487 -2000.9009862307776 -323.2589569051033 2952.234764039733 0.0001820628305269245 234.31670659254874 0.0008730150943812967 -7.325529143273846 -0.21983200746443932 0.0 2957.4166122984375
1619.0 -3203.9946767598503 -5397.112054038095 -1435.6113256856574 -120.69547918184257 -12.966631779421919 61.516460874074376 2093.9750074184262 -1951.6061069023735 -323.20793597461704 2880.618179847619 0.0001900837054087995 234.94964776522716 0.0008362617239791106 -7.615580653963087 0.14395366025279555 0.0 2886.2561682320643
1620.0 -3201.8362084962073 -5397.52667997279 -1437.4177396898865 -120.67660161839228 -12.98388817677731 61.196106936630095 2041.7432640031284 -1902.6376484736254 -323.0816001154276 2809.4709996411316 0.00019842835514454447 235.59688763159016 0.0008011842192395452 -7.90556586217054 0.5077116999793602 0.0 2815.56465172648
1621.0 -3199.7277419879106 -5397.9231083794475 -1439.176418010763 -120.65819704149241 -13.000708653169173 60.87584878551122 1989.8876741917404 -1854.0444479474327 -322.8820956095237 2738.865936574865 0.00020710256666660876 236.25779408258737 0.0007676860728052818 -8.195402580983552 0.8713601547136378 0.0 2745.414628885406
1622.0 -3197.668956735962 -5398.301612758617 -1440.8877778640708 -120.64026191673818 -13.017096741240476 60.55575867931382 1938.460891467062 -1805.8746279482189 -322.6119299019451 2668.8747173536362 0.0002161131702332184 236.92906398876596 0.0007356877905110068 -8.485011207589785 1.2348195794681895 0.0 2675.877680425713
1623.0 -3195.6594793406175 -5398.662478726896 -1442.552281827178 -120.62279223177121 -13.033056398836555 60.23590630870778 1887.514040980236 -1758.1748577603435 -322.2738743491944 2599.566989990099 0.00022546848060175196 237.6038302538764 0.0007051333698178258 -8.774315036665675 1.598013389850091 0.0 2607.0233096943184
1624.0 -3193.6988850849593 -5399.006003163427 -1444.1704361327538 -120.60578351225176 -13.048591994086582 59.91635855855863 1837.0959609822828 -1710.9904457097932 -321.87092304237365 2531.009831325782 0.00023517671342501657 238.27505427433917 0.0006759673229532081 -9.144481644806834 1.862310919464424 0.0 2538.911032112876
1625.0 -3191.786701759883 -5399.332491181247 -1445.7427922355885 -120.5892308656091 -13.063708320531573 59.597179280509245 1787.2480616767673 -1664.371175545938 -321.4062775025801 2463.267959271503 0.00024525079708364206 238.94071934791023 0.0006481326406236312 -9.742093426771554 1.8489044814322333 0.0 2471.5915859711777
1626.0 -3189.9224141614663 -5399.642253531059 -1447.2699462693165 -120.57312902811863 -13.078410592429433 59.27842926836992 1738.0106354115344 -1618.3586587347959 -320.8829384367646 2396.3997115016737 0.0002557126947128921 239.60816327027783 0.0006215705701885731 -10.337417498837162 1.8359058652877478 0.0 2405.14390452109
1627.0 -3188.1054659457486 -5399.9356083539415 -1448.7525296247663 -120.55747237104377 -13.092704357764609 58.96016654276266 1689.4214912078205 -1572.9870430546216 -320.3035980497722 2330.45652340828 0.000266584978616618 240.2856902006805 0.0005962215915829832 -10.930395399399105 1.8233030472764682 0.0 2339.6193193342247
1628.0 -3186.3352635679503 -5400.212880431499 -1450.1912041442336 -120.54225493486878 -13.106595453724607 58.64244659114676 1641.5145675044769 -1528.2868375055787 -319.6707889226651 2265.484527934952 0.00027788374808921214 240.97777951188098 0.000572026837941415 -11.520973116082033 1.8110840328090188 0.0 2275.0638587391863
1629.0 -3184.611178880744 -5400.474400270848 -1451.5866596254214 -120.52747045380511 -13.120089983996774 58.32532231031801 1594.3224904343556 -1484.2872881852757 -318.987355949765 2201.5280808177367 0.00028960812582041773 241.67854905935923 0.0005489302380150525 -12.109101089942381 1.7992368821724167 0.0 2211.521772782297
1630.0 -3182.932549333714 -5400.720503573826 -1452.939613270115 -120.51311235966855 -13.13319431483869 58.00884351359448 1547.8778336595706 -1441.0175458278322 -318.2567256879931 2138.631501396151 0.0003017541986728039 242.3804226874901 0.0005268759669262917 -12.694735031227225 1.7877497186280455 0.0 2149.0372743283783
1631.0 -3181.2986780626748 -5400.95153069755 -1454.250809202819 -120.49917378494438 -13.14591507189546 57.69305638580536 1502.2123580036923 -1398.5059624434646 -317.48279357833906 2076.8380340669905 0.0003143222676606195 243.07738467616656 0.0005058099034660887 -13.277836828891923 1.7766107351843563 0.0 2087.653500847262
1632.0 -3179.7088355585606 -5401.167825862129 -1455.521016710704 -120.4856475794824 -13.15825912468076 57.37800320954761 1457.3547074205942 -1356.7779644552247 -316.66946592694836 2016.1866825080178 0.00032733132936055997 243.76985123907488 0.00048568606747044615 -13.858374957286085 1.7658082112152682 0.0 2027.4093485680305
1633.0 -3178.162263863055 -5401.369736012872 -1456.7510264830676 -120.47252634873307 -13.170233551604762 57.063722584180304 1413.3287200934556 -1315.8545004645086 -315.8202739642396 1956.7098872547647 0.0003408050710692543 244.45995954619445 0.00046646062051579974 -14.436323979347922 1.7553305444551257 0.0 1968.3371492949404
1634.0 -3176.6581813045354 -5401.557609663149 -1457.9416464660248 -120.45980249638316 -13.181845601118182 56.7502497934266 1370.1538590787186 -1275.752449377818 -314.93840735309317 1898.4341205498574 0.0003547655959424324 245.1495096332723 0.00044809013777990516 -15.011663788683872 1.7451662843589673 0.0 1910.4632642867475
1635.0 -3175.195786451192 -5401.731795904632 -1459.0936983850559 -120.4474682600994 -13.193102659193801 56.437617065763334 1327.8462531834423 -1236.4855897528357 -314.0268926345933 1841.3813225558313 0.000369226492448104 245.83795687186938 0.00043053438992730805 -15.584379061800169 1.7353041581418631 0.0 1853.8095196298596
1636.0 -3173.774260826753 -5401.892643623548 -1460.2080152772894 -120.43551573660422 -13.204012226530681 56.125853617435325 1286.419742817603 -1198.0655704954145 -313.0887969609473 1785.5703460518896 0.00038419737179370815 246.52372521618534 0.0004137546634505407 -16.154459118954552 1.7257330869772187 0.0 1798.3946503715608
1637.0 -3172.39277103461 -5402.04050081924 -1461.2854395099241 -120.42393690164168 -13.214581900428781 55.8149855938165 1245.8860141080902 -1160.5020388007867 -312.1272387210419 1731.0171447338555 0.0003996877002754611 247.20545310286133 0.0003977127019342777 -16.72189797755707 1.7164421971312698 0.0 1744.2344883604403
1638.0 -3171.0504709080024 -5402.175713942526 -1462.3268207968842 -120.41272363008004 -13.224819356583232 55.50503603488487 1206.2544890359368 -1123.802543176148 -311.1453383492766 1677.734624410253 0.00041570919912223395 247.88465157450702 0.0003823748853817446 -17.28669436664252 1.7074208303056917 0.0 1691.3418129214683
1639.0 -3169.746503878105 -5402.298627236924 -1463.3330140687965 -120.40186771774111 -13.234732329364086 55.196024912537546 1167.5321199853101 -1087.972348941272 -310.1461374413923 1625.7323610693109 0.00043227524837392476 248.56501522555013 0.00036771121419789754 -17.84885161583799 1.6986585544847643 0.0 1639.726068275038
1640.0 -3168.48000543697 -5402.409582103078 -1464.3048772964082 -120.39136090389268 -13.24432859154568 54.88796921932837 1129.723461674214 -1053.0145093220858 -309.13257985466214 1575.0167010630717 0.0004493990445711234 249.2500963131464 0.0003536919021242686 -18.408377456905917 1.6901451744763256 0.0 1589.3934629823164
1641.0 -3167.2501055171965 -5402.5089165086765 -1465.2432694069278 -120.38119489289389 -13.25361593484655 54.58088307216554 1092.8306974079087 -1018.9298944553419 -308.10747774967024 1525.5907973165981 0.0004670978073423075 249.93669558092944 0.0003402846931884522 -18.965283804540498 1.6818707410466684 0.0 1540.3470053668766
1642.0 -3166.0559310751205 -5402.59696442087 -1466.1490480783643 -120.3713613773621 -13.262602149147165 54.27477790425508 1056.8533375344239 -985.7169196270735 -307.07338168068657 1477.4541902994995 0.00048539453612393186 250.61216839141713 0.0003274538213782488 -19.51958638357006 1.6738255606286758 0.0 1492.5860835351875
1643.0 -3164.8966088448155 -5402.674055272725 -1467.02306744311 -120.3618520625498 -13.271295000670841 53.96966274631489 1021.788345373142 -953.3716666238877 -306.03255678513466 1430.6029789127517 0.000504312206767103 251.26339566490157 0.00031516366534323133 -20.071304201622645 1.6660002054088539 0.0 1446.1066351715715
1644.0 -3163.7712678139237 -5402.740513505499 -1467.8661760413602 -120.35265868819302 -13.279702212490019 53.66554448985658 987.6304701426417 -921.8881944934242 -304.98701857418996 1385.0302777193335 0.0005238739959501619 251.88362934374038 0.00030338300388517116 -20.620459061667347 1.6583855209337495 0.0 1400.9016036811233
1645.0 -3162.6790414191764 -5402.796658182143 -1468.679215022241 -120.34377304783177 -13.287831447350435 53.36242812822201 954.3724594705562 -891.2587390573271 -303.93853932986826 1340.726507171358 0.0005441046451052687 252.48434667672146 0.00029209266148736936 -21.16707512133898 1.6509726313881692 0.0 1356.961227327358
1646.0 -3161.619069542287 -5402.842802661639 -1469.4630165290753 -120.33518700628402 -13.295690292193118 53.0603169926703 922.0052859946247 -861.4739247256182 -302.8886623549546 1297.6797032270188 0.0005650287362413923 253.08013793735714 0.0002812758216600672 -21.71117846699656 1.6437529432142617 0.0 1314.2733477414638
1647.0 -3160.5905002379254 -5402.879254334153 -1470.2184023156829 -120.32689251473091 -13.303286244854583 52.75921296146908 890.5184291608696 -832.5230261269265 -301.83873865662616 1255.8759038457983 0.000586669769439828 253.68312101347666 0.0002709149041651958 -22.25279674157429 1.636718146735523 0.0 1272.8237953291002
1648.0 -3159.5924911392176 -5402.906314412995 -1470.9461826281065 -120.31888162299802 -13.310626703309671 52.45911662050849 859.9002239937561 -804.3942900349026 -300.7899941986866 1215.299629587417 0.000609046747678869 254.2890827887669 0.00026098550823830884 -22.791958863968787 1.6298602155357313 0.0 1232.5968688403855
1649.0 -3158.6242104709577 -5402.924277776905 -1471.6471553948058 -120.31114648850668 -13.317718957917572 52.16002734634187 830.1381857354855 -777.0752341193784 -299.74360111957634 1175.9343320568637 0.0006321764749464844 254.88671861440125 0.0002514604684567002 -23.328694891131462 1.6231714032301123 0.0 1193.5757828902663
1650.0 -3157.684837839676 -5402.933432846098 -1472.3221055962622 -120.30367938330596 -13.324570185399166 51.861943351815924 801.2191173959149 -750.5527466082729 -298.70068464378716 1137.7625404839878 0.0006560757332984314 255.4650851912285 0.00024231321094235248 -23.863035949591573 1.6166442388442355 0.0 1155.7428136498397
1651.0 -3156.77356500127 -5402.934061481706 -1472.9718046679438 -120.29647270081718 -13.331187443081273 51.56486175080552 773.1290242229891 -724.813009746152 -297.6622615834717 1100.7657376409632 0.0006807707351746535 256.01800238980746 0.00023352194693481717 -24.395014134523848 1.6102715221893278 0.0 1119.0791738289684
1652.0 -3155.889596956501 -5402.926438906751 -1473.59700969401 -120.28951896506999 -13.337577660928819 51.26877875651024 745.8527396321053 -699.8411610547869 -296.6290622374874 1064.9238284906205 0.0007062978537117054 256.5443859211278 0.00022506999966464858 -24.924662171658117 1.6040463216275476 0.0 1083.5644801517778
1653.0 -3155.0321532521302 -5402.910833663245 -1474.1984624869017 -120.28281084139734 -13.34374763229567 50.97368998716236 719.3740381452191 -675.621399284209 -295.60151723700574 1030.2152876563866 0.0007326932358284993 257.0434308003813 0.0002169412141106675 -25.452012889940494 1.5979619733970418 0.0 1049.1768995529828
1654.0 -3154.200469038267 -5402.887507614357 -1474.7768888688781 -120.27634114499551 -13.349704006604005 50.67959073897777 693.6758876932456 -652.137216792473 -294.57980112869404 996.6175023176476 0.0007599953272571431 257.51449034976713 0.0002091213192375475 -25.97709875599048 1.5920120794939687 0.0 1015.8934908836959
1655.0 -3153.3937959855957 -5402.856715986656 -1475.3329980802744 -120.27010284819038 -13.355453283197285 50.3864762559901 668.7404694444351 -629.3714200086011 -293.5637896223191 964.1067878476034 0.0007882511349235481 257.9573571313525 0.0002016011899728352 -26.499951416774305 1.5861905048920557 0.0 983.6902193483403
1656.0 -3152.6114031998554 -5402.8187074520665 -1475.8674822195394 -120.2640890874961 -13.361001805396345 50.09434204208362 644.5492828588457 -607.3062273060559 -292.55305039657816 932.6585222121278 0.0008175083940020542 258.37191083600374 0.0001943727889122712 -27.020601169342676 1.5804913750864578 0.0 952.54208968227
1657.0 -3151.852577911019 -5402.773724244177 -1476.3810158641627 -120.25829316873131 -13.366355756300894 49.803184136116414 621.0834289136777 -585.9235280819195 -291.546914547077 902.247532450522 0.0008478113437865301 258.7581880439742 0.0001874278504442056 -27.53907649855222 1.574909072451161 0.0 922.4235315558614
1658.0 -3151.1166257283444 -5402.722002291372 -1476.8742560029873 -120.25270856861867 -13.371521157726765 49.51299926338438 598.3241691029145 -565.2053903337082 -290.5446894963013 872.8488764897819 0.0008791765418688313 259.11792704588163 0.00018075412298873292 -28.055403836446644 1.5694382299580654 0.0 893.3091806779845
1659.0 -3150.402870049119 -5402.663771325179 -1477.347842532337 -120.24732892979485 -13.376503874986971 49.223784685340014 576.2536243888462 -545.1346923299594 -289.54597367795157 844.4388333538872 0.0009116033779270138 259.4538975966736 0.00017433699214811373 -28.569607858570436 1.5640737193057828 0.0 865.1748689941904
1660.0 -3149.710651080595 -5402.599254954576 -1477.8023989925812 -120.24214805290606 -13.381309624234778 48.935537890725534 554.8547213713194 -525.6950708796876 -288.5506574777246 816.9948294243186 0.0009450911076476753 259.7688109966879 0.0001681620688781886 -29.08171206035253 1.5588106366805796 0.0 837.9975511860431
1661.0 -3149.0393251304536 -5402.528670733766 -1478.2385331147136 -120.23715989084629 -13.385943977878762 48.64825637282222 534.1107123718425 -506.8704853425677 -287.5587090230819 790.4947521121115 0.000979683665780202 260.06175763467814 0.00016221542767194154 -29.591739178008204 1.5536442907856591 0.0 811.7546184727046
1662.0 -3148.3882652440857 -5402.452230330859 -1478.6568365152493 -120.23235855318295 -13.390412360974368 48.3619379575639 514.0035006649142 -488.64370707383443 -286.56930568127626 764.9145299425907 0.0010155169752517153 260.32443583361504 0.00015648382893798643 -30.099710630425093 1.548570201096724 0.0 786.4214774537458
1663.0 -3147.756863397252 -5402.370139882925 -1479.0578834600194 -120.22773832203491 -13.394720037523424 48.07658183672023 494.51324666917196 -470.995970926405 -285.5805137551514 740.2275228582415 0.0010527354787024635 260.5477890810252 0.00015095434911621236 -30.605644712606146 1.5435841080500188 0.0 761.9709384188118
1664.0 -3147.144532352682 -5402.282600422784 -1479.442229912861 -120.22329366496434 -13.398872099473772 47.79218956413656 475.6191148850742 -453.907655299243 -284.58955074648276 716.4055516098425 0.0010914675120322057 260.72399117042664 0.0001456148575389868 -31.109554859886302 1.5386819813901864 0.0 738.3742433738643
1665.0 -3146.5507062541924 -5402.18980825585 -1479.8104134155772 -120.21901923810421 -13.402873464377153 47.50876558620343 457.3008330723588 -437.3596880276092 -283.5935658468797 693.4211268991085 0.0011317213025826675 260.85501980209324 0.00014045828499856535 -31.61144874126749 1.5338600196920944 0.0 715.6032954196786
1666.0 -3145.9748388594735 -5402.091955078103 -1480.1629543989598 -120.21490987177441 -13.406728888469603 47.22631673307717 439.5404457006158 -421.3351181963729 -282.59066654038895 671.250005622338 0.0011734411436914224 260.94802242770425 0.00013548029828879893 -32.111329193148975 1.5291146323500495 0.0 693.6332179055471
1667.0 -3145.4164008233106 -5401.989227905671 -1480.5003580058756 -120.21096054943014 -13.410442985556038 46.94485120936506 422.3220986421917 -405.8189137462633 -281.5799187722687 649.8709074974349 0.0012165714761774103 261.01004769683567 0.0001306766578909794 -32.609196034200934 1.5244424144416648 0.0 672.4420743380081
1668.0 -3144.87487758304 -5401.881808989539 -1480.8231154882528 -120.20716639143076 -13.414020241576702 46.664377772273966 405.6312672450832 -390.7972618030183 -280.5609905280143 629.2644072293057 0.0012611235932797034 261.04498391560134 0.0001260426778997134 -33.105047542596374 1.5198401262334662 0.0 652.0097635662379
1669.0 -3144.349768925702 -5401.769875927246 -1481.1317045935502 -120.20352265120876 -13.417465018240641 46.38490566718416 389.4528647166986 -376.2558728530873 -279.5330014794174 609.4101366145576 0.001307256605234485 261.049865210126 0.00012157261371089876 -33.59888059030114 1.5153046860876196 0.0 632.3152225770983
1670.0 -3143.8405904784063 -5401.653602107208 -1481.4265888759082 -120.20002472513644 -13.420781544658343 46.106445536486575 373.77058721553846 -362.17939997233975 -278.4940112745729 590.285764649271 0.0013551456561549506 261.02087486927877 0.00011726066721593856 -34.090689057654856 1.5108331791593095 0.0 613.3354063551133
1671.0 -3143.3468751271307 -5401.533157226436 -1481.708217111072 -120.19666816149011 -13.423973909817294 45.82901038033096 358.5674470264972 -348.5519213757718 -277.4412482017341 571.8677313554056 0.0014049548391887618 260.9543371565275 0.00011310112401223164 -34.58046215957168 1.5064228662149923 0.0 595.0460226524962
1672.0 -3142.8681736286762 -5401.408707734204 -1481.9770232108424 -120.19344866336388 -13.427046060391204 45.552616177647145 343.8266241941657 -335.35770319187037 -276.3716154358592 554.1324809226663 0.0014567576478952664 260.84731804945307 0.00010908796661455432 -35.06818337417104 1.5020711865255283 0.0 577.4227676626001
1673.0 -3142.4040538361332 -5401.280417026814 -1482.2334269054054 -120.19036208174123 -13.430001807150552 45.277281799697086 329.53254511325986 -322.58215841931286 -275.28245625036925 537.0580768767207 0.001510561674180968 260.69744124491496 0.00010521499057884336 -35.55383062036272 1.4977757496154127 0.0 560.442946424063
1674.0 -3141.95409915223 -5401.148445448749 -1482.4778348120149 -120.1874044033316 -13.432844835904719 45.003028475149534 315.67092992401876 -310.2118837104983 -274.1716616655175 520.6242876151107 0.001566371238783069 260.502418805557 0.00010147610231104858 -36.03737722445396 1.4935343206070797 0.0 544.0855640500138
1675.0 -3141.5179071411803 -5401.012950270361 -1482.710641376675 -120.18457173976134 -13.435578717213799 44.729879285744396 302.2285465881335 -298.2344357005797 -273.03756162180156 504.8122255520342 0.0016242111316684417 260.26091707189727 9.786556481506909e-05 -36.51879282969418 1.4893448068387578 0.0 528.3309707188243
1676.0 -3141.0950886742985 -5400.874085746918 -1482.9322295088075 -120.18186032061165 -13.43820691271551 44.45785892210878 289.1925776750573 -286.63776649875183 -271.8784749382161 489.6033714145228 0.001684195233297531 259.9752563356051 9.437875645276407e-05 -36.998043844787034 1.485205249110519 0.0 513.1598908245383
1677.0 -3140.6852679096796 -5400.732003373218 -1483.142970787362 -120.17926649216076 -13.440732776483957 44.186993913888 276.5502040395818 -275.4098550881338 -270.6923649519871 474.97890487610175 0.001746456088252217 259.64865301992495 9.101139347840585e-05 -37.47509305547447 1.4811138204765044 0.0 498.55275781213675
1678.0 -3140.2880824012896 -5400.586852188632 -1483.3432256150575 -120.17678671691664 -13.443159555707481 43.91731295478484 264.28874920872966 -264.5388359877627 -269.476926182519 460.91989808301184 0.0018111203950532415 259.2842814344227 8.775927334509921e-05 -37.94989906899394 1.4770688265184024 0.0 484.48991307527234
1679.0 -3139.903182981509 -5400.4387790370565 -1483.5333434944794 -120.17441757155882 -13.445490392747825 43.64884710846236 252.39585679231158 -254.01315590570738 -268.2297189285614 447.40757036017766 0.0018782970547118441 258.8858120238022 8.461882279357654e-05 -38.4224159683904 1.4730687038805268 0.0 470.95186681153933
1680.0 -3139.530233366015 -5400.2879287492715 -1483.7136634369988 -120.1721557430333 -13.447728328789777 43.38162984559033 240.85970642788402 -243.8217627737278 -266.9483657529933 434.4236183275587 0.001948069525765192 258.45775140775044 8.158744312980229e-05 -38.89259326365979 1.4691120164435427 0.0 457.9196353250521
1681.0 -3139.1689095238494 -5400.134444241602 -1483.8845144705506 -120.1699980231666 -13.449876308751206 43.115696919953685 229.66909720041178 -233.95417681346524 -265.6306544148945 421.9503473422003 0.002020513885004429 258.00459757757255 7.866265149529256e-05 -39.360376125219794 1.4651974493741047 0.0 445.37488014150347
1682.0 -3138.8188989919504 -5399.978466574008 -1484.0462161550377 -120.16794130302212 -13.451937186391943 42.85108618630586 218.8134431339823 -224.40048384166795 -264.27457024474154 409.9706678807229 0.0020957006127720794 257.5304273774849 7.584196266338719e-05 -39.825705718685725 1.4613238026338449 0.0 433.2999122428101
1683.0 -3138.4799001893016 -5399.820134981481 -1484.1990790778077 -120.16598256737149 -13.453913729297728 42.58783739210479 208.2827537436092 -215.1513153911719 -262.87831705682123 398.4680709921425 0.002173695745355748 257.0336715736509 7.312246250824689e-05 -40.2885195843676 1.4574899844212992 0.0 421.6776755636466
1684.0 -3138.1516217484627 -5399.659586883745 -1484.3434053207288 -120.16411888939967 -13.455808623638058 42.32599195395527 198.06760404715828 -206.19781963421508 -261.44032846741976 387.42658910306926 0.002254560449684538 256.50817151160817 7.050089096535608e-05 -40.74875204249222 1.453695004687868 0.0 410.49171589317314
1685.0 -3137.8337818691793 -5399.496957874724 -1484.4794888967685 -120.16234742567424 -13.457624478671653 42.065592721710445 188.1591070898611 -197.53163456692596 -259.95928183477616 376.8307636693002 0.0023383496976576395 255.9478551590575 6.797401877400092e-05 -41.206334619022506 1.4499379687483702 0.0 399.7261566011582
1686.0 -3137.5261076931465 -5399.3323816915145 -1484.6076161565763 -120.16066541137312 -13.459363831005348 41.806683729609944 178.54887810463217 -189.1448540147668 -258.43410259064433 366.6656011334059 0.002425120699421739 255.34817511082153 6.553871418594761e-05 -41.66119649323644 1.4462180709544625 0.0 389.3656624498559
1687.0 -3137.2283347948846 -5399.16599020417 -1484.7280661304278 -120.15907015633422 -13.461029148129697 41.54931000742852 169.22886011658358 -181.0298740649173 -256.86380077948655 356.9162850742479 0.0025149987103358965 254.715927227217 6.319236890487934e-05 -42.11326483896924 1.4425345894472643 0.0 379.39515791814966
1688.0 -3136.9402070150954 -5398.997913534775 -1484.8411107302845 -120.15755904322315 -13.462622830139848 41.293517635862344 160.19111289764754 -173.17920951196592 -255.24723206684902 347.5678073935561 0.002608137740266685 254.06344217262816 6.093264809741645e-05 -42.562464736249154 1.4388868845465128 0.0 369.79946229040706
1689.0 -3136.661476399597 -5398.82828022294 -1484.9470149133786 -120.15612952632286 -13.464147210924956 41.03935388421291 151.42787276745713 -165.585545498709 -253.58316133284484 338.605069720673 0.0027046806354074217 253.40268893348485 5.875723722239965e-05 -43.00871893822241 1.435274398371155 0.0 360.5633955142613
1690.0 -3136.3919030039624 -5398.657217333073 -1485.0460368946915 -120.1547791295247 -13.465604560030853 40.78686724546761 142.93164143240136 -158.24181341988228 -251.87037710577096 330.013048985001 0.002804750806447879 252.74317294429255 5.6663753940324014e-05 -43.4519478181017 1.4316966530600193 0.0 351.6719480201933
1691.0 -3136.1312545252717 -5398.484850472319 -1485.1384284118813 -120.15350544335762 -13.46699708532343 40.53610732459184 134.69531978035081 -151.1413041866776 -250.10788974975586 321.7770649332497 0.002908411665417579 252.08109889638447 5.464928543292172e-05 -43.89206957346189 1.4281532470124707 0.0 343.1105528731182
1692.0 -3135.8793056931377 -5398.311303668879 -1485.2244350521942 -120.15230612074822 -13.468326936699503 40.28712450684351 126.71231254516165 -144.27775494255127 -248.29512309552288 313.88301781846445 0.0030156978092485995 251.40778447813273 5.2710747372866335e-05 -44.3290008160493 1.424643848168882 0.0 334.86532821825386
1693.0 -3135.6358375865207 -5398.136699177328 -1485.3042965763111 -120.15117887252629 -13.469596209981503 40.03996952828346 118.97649306007229 -137.64531523626397 -246.43193266520197 306.3173781300541 0.0031266345889568513 250.7149289816067 5.0845108214071356e-05 -44.76265733241617 1.4211681860909986 0.0 326.92306988008767
1694.0 -3135.400631016674 -5397.961158494176 -1485.3782478447356 -120.15012141025275 -13.470806960122689 39.7946913065114 111.50083699071817 -131.24195002300056 -244.52420388719068 299.08021061604006 0.0032412472077305425 249.99605753106908 4.904948399879211e-05 -44.449748917155794 1.3993665686935342 0.0 318.91439352724683
1695.0 -3135.1734404138456 -5397.78480771409 -1485.4465215724952 -120.14913121427749 -13.471961243024325 39.55132932613767 104.30926592253392 -125.06717656814598 -242.58071749175528 292.17738808956534 0.003359608938739713 249.254263146265 4.7321670954767064e-05 -43.995705342199386 1.3741746492558606 0.0 311.1706674773998
1696.0 -3134.9540139588294 -5397.607774046333 -1485.5093458101894 -120.14820570954925 -13.473061078682438 39.309919951797234 97.3947057725699 -119.1144851224839 -240.60053763584048 285.5916805321461 0.0034818043486404674 248.49621907166852 4.565975141695682e-05 -43.54528692007263 1.349169530837989 0.0 303.75021373373954
1697.0 -3134.742108355879 -5397.430182831518 -1485.5669424441576 -120.14734239663626 -13.474108427953716 39.07050077985879 90.74907786155231 -113.3774354790919 -238.58256167469062 279.30534678698024 0.003607905179230229 247.72833719868873 4.406183880702166e-05 -43.098564741188056 1.324356106951131 0.0 296.63669894100514
1698.0 -3134.537488298526 -5397.252157439092 -1485.6195274612926 -120.14653884799118 -13.47510519560894 38.83311034676107 84.36470519255862 -107.84992276186259 -236.52599786312027 273.30122024446183 0.0037379749696456973 246.95652541408492 4.2526052271073665e-05 -42.655611620448326 1.2997393267196768 0.0 289.8143496835053
1699.0 -3134.339925957729 -5397.073819144323 -1485.667311188447 -120.14579270448496 -13.476053233178611 38.59778782558208 78.23425732734482 -102.52613203587214 -234.43032971169725 267.56267725251473 0.0038721113686692615 246.18413033891673 4.105031203923995e-05 -42.2165015320343 1.2753241649477451 0.0 283.2679069501981
1700.0 -3134.149200580606 -5396.895287045925 -1485.7104984889154 -120.14510167263002 -13.47695434123404 38.36457280119881 72.35067634724695 -97.40047623208969 -232.29523119633788 262.0735537491374 0.0040104236354293514 245.41302788865443 3.963244672725824e-05 -41.78130919073379 1.2511156002089998 0.0 276.9825285653382
1701.0 -3133.9650981327736 -5396.716677987366 -1485.749288934722 -120.14446352213031 -13.477810271404962 38.133505064622966 66.7071761535457 -92.4675968492288 -230.12061103369507 256.8182225621322 0.004153004345067109 244.6449970303919 3.827032896019077e-05 -41.350109668969 1.2271185948279597 0.0 270.9438545972073
1702.0 -3133.787410906095 -5396.5381064292715 -1485.7838769709476 -120.14387608338103 -13.478622728452692 37.90462434778619 61.297245211322775 -87.72236781881404 -227.90667170968104 251.78168538640904 0.004299929159154728 243.88167589015978 3.696187795917854e-05 -40.922977902617035 1.2033380685919712 0.0 265.1380889099516
1703.0 -3133.6159371043177 -5396.359684277118 -1485.8144520669575 -120.14333724499741 -13.47939337233314 37.677970007258466 56.11463760901208 -83.15988944771266 -225.65395252748567 246.94964275783695 0.0044512574300012465 243.12256854328155 3.570510440071148e-05 -40.49998810144392 1.17977886706776 0.0 259.5520599877709
1704.0 -3133.4504804244607 -5396.1815206741785 -1485.8411988495516 -120.14284495146836 -13.480123820169924 37.453580672736514 51.15335513783316 -78.77547462627354 -223.36335733289548 242.30854409920155 0.004607032576806699 242.36471129951613 3.449811747468752e-05 -40.0812130937003 1.1564457261654255 0.0 254.17326320965728
1705.0 -3133.2908496475143 -5396.003721768841 -1485.864297215111 -120.14239720100149 -13.480815648080382 37.23149387394311 46.40762391024349 -74.56463023197635 -221.03617041167672 237.84562276587258 0.004767282002116978 241.6051776646633 3.333906732735312e-05 -39.66672363033494 1.1333432343703094 0.0 248.9898895973646
1706.0 -3133.136858248315 -5395.826390464347 -1485.8839224194994 -120.1419920435996 -13.481470392819556 37.01174565719347 41.871867255004176 -70.52303514148235 -218.67406112142078 233.5489172749947 0.004932017575229987 240.84124014329166 3.222614106071358e-05 -39.25658766983709 1.1104757938195746 0.0 243.99084223541033
1707.0 -3132.9883240334925 -5395.649626159894 -1485.9002451455035 -120.1416275793997 -13.482089553213715 36.794370203413536 37.54067479583834 -66.64651466374808 -216.2790733302616 229.40727482263668 0.005101244376936661 240.07143976586778 3.11575716722512e-05 -38.850869665708174 1.0878475814579003 0.0 239.16573637246185
1708.0 -3132.845068834391 -5395.473524509389 -1485.913431547033 -120.14130195736557 -13.482674591301473 36.57939948266768 33.40875451954048 -62.93099954591041 -213.85355672082238 225.4102910351262 0.0052749903090142936 239.29939541562027 3.013167042744555e-05 -38.44962992200654 1.065462513931897 0.0 234.50483639548247
1709.0 -3132.7069182840987 -5395.298177230045 -1485.923643271443 -120.14101337441842 -13.483226933104737 36.366862986784426 29.47089395496603 -59.372492424645934 -211.40010281516106 221.54825640812467 0.0054532775747265245 238.52994559068972 2.9146794936489656e-05 -38.05292409460712 1.0433242205691666 0.0 229.99900081339655
1710.0 -3132.5737016317007 -5395.123671927475 -1485.9310374686017 -120.1407600747861 -13.48374796921464 36.156787491138324 25.721946890739105 -55.96705653133935 -208.92154090804362 217.81216730023021 0.005636111913419715 237.76762146131617 2.8201337015474182e-05 -37.66080274684565 1.021436019365357 0.0 225.6396939596706
1711.0 -3132.445251569801 -5394.950091919364 -1485.9357667906056 -120.14054034946396 -13.484239055284233 35.949196819721486 22.156820673541162 -52.71080472580445 -206.42093076733047 214.1937307580509 0.005823483682275555 237.0166323272731 2.7293723903596444e-05 -37.27331091127486 0.9998008932936653 0.0 221.4189927603544
1712.0 -3132.3214040830135 -5394.777516067128 -1485.9379793829594 -120.14035253580502 -13.484701512410044 35.74411162535823 18.77045908360489 -49.5998843045626 -203.90153339608784 210.68534353037282 0.006015388933089885 236.2788659522523 2.6422480607680883e-05 -36.89048767966333 0.9784214681755585 0.0 217.3295684684896
1713.0 -3132.201998349389 -5394.606018650537 -1485.9378188686032 -120.14019501733198 -13.485136627317221 35.541549230387204 15.55781274822749 -46.63045009454071 -201.36672289492626 207.2800074849728 0.006211847767697325 235.55216505546883 2.5586283941870218e-05 -36.51236590584965 0.9572999968419185 0.0 213.36460473393754
1714.0 -3132.0868766999597 -5394.435669297433 -1485.9354243287898 -120.14006622375659 -13.485545652355844 35.341523541481465 12.513828075568853 -43.79865376912075 -198.81994386547035 203.97129220495955 0.0064128679339571 234.83406871905518 2.478384858003302e-05 -36.138972046985245 0.9364383510199419 0.0 209.51776417628997
1715.0 -3131.9758845889314 -5394.266532926596 -1485.9309302847794 -120.13996463102258 -13.485929805469409 35.144044981055195 9.633448964980161 -41.100644546138696 -196.26470767609177 200.75333571388217 0.006618441212665207 234.12228757765598 2.4013913527291436e-05 -35.770326035745285 0.9158380149543248 0.0 205.78319433400023
1716.0 -3131.8688705656596 -5394.098669696492 -1485.9244666813643 -120.13988876133536 -13.486290270166146 34.94912042505038 6.911617573949897 -38.5325689261449 -193.70458205076753 197.62083501746258 0.006828544681772317 233.41470868993167 2.3275242770737652e-05 -35.406441164457 0.8955000796986858 0.0 202.155523863137
1717.0 -3131.765686253189 -5393.932134966109 -1485.9161588730215 -120.13983718318791 -13.486628195484784 34.75675315483776 4.343274456431388 -36.09056971447893 -191.1431732495493 194.56902614554758 0.007043143080710515 232.71041144505915 2.256657917852182e-05 -35.04732399558475 0.8754252388829997 0.0 198.6298484850834
1718.0 -3131.6661863374925 -5393.766979274178 -1485.9061276139157 -120.13980851138649 -13.486944695948665 34.566942830829646 1.9233585582612136 -33.77078473403541 -188.5841009267308 191.59365420608162 0.007262190956210804 232.0104475533486 2.188660918198405e-05 -34.6929743127572 0.8556137867492517 0.0 195.2017070360421
1719.0 -3131.5702285690304 -5393.603248340794 -1485.894489053172 -120.13980140707055 -13.487240851512682 34.37968549227575 -0.3531913691933255 -31.569346669340852 -186.0309718580539 188.69094012094047 0.007485632077265337 231.3159921805654 2.123404861297422e-05 -34.34338512068665 0.8360656189220368 0.0 191.86705425186574
1720.0 -3131.477673775098 -5393.440983091997 -1485.8813547367063 -120.13981457771222 -13.487517707514174 34.194973583287094 -2.4914338568180057 -29.482384140158132 -183.48735343336983 185.8575451447509 0.007713400545559823 230.62812430085867 2.0607653309091563e-05 -33.99854269406735 0.8167802359188159 0.0 188.62223129618943
1721.0 -3131.388385882117 -5393.280219708478 -1485.8668316168455 -120.13984677708315 -13.487776274637664 34.01279600591748 -4.496420587419109 -27.50602376732416 -180.95674616512267 183.09053259045427 0.007945422120037888 229.94782966670536 2.0006219358129508e-05 -33.658426677004186 0.7977567494860583 0.0 185.46393334926714
1722.0 -3131.302231947708 -5393.120989700217 -1485.8510220709593 -120.1398968051791 -13.488017528901048 33.833138202017636 -6.373192305597016 -25.636392026763694 -178.44254761926445 180.3873193358322 0.00818164079490658 229.2761291706696 1.9428592256097437e-05 -33.323010236175705 0.7789938919396743 0.0 182.38916662065984
1723.0 -3131.219082232352 -5392.963320046475 -1485.8340239345696 -120.13996350815695 -13.488242411608027 33.655982312866485 -8.126787245173219 -23.86960456085328 -175.94791985570754 177.7455293231599 0.008422115140273813 228.61455330165475 1.8873701033502292e-05 -32.992260359225455 0.7604900336258169 0.0 179.39510532472485
1724.0 -3131.1388103483027 -5392.807233454126 -1485.8159305578017 -120.1400457783397 -13.488451829208673 33.48130748153851 -9.76224004297599 -22.201764090437397 -173.47568491066386 175.16287538918755 0.008666923660783313 227.9646738491745 1.834052457710361e-05 -32.66613841966869 0.7422432152879008 0.0 176.47897689900344
1725.0 -3131.061293406222 -5392.65274864047 -1485.7968308776815 -120.14014255408948 -13.488646653256467 33.30909017854743 -11.284558535503308 -20.628979998141197 -171.02836225371917 172.63718247322709 0.008916126103860665 227.32791307543434 1.7828077762063122e-05 -32.344600785291746 0.7242511828692307 0.0 173.6380907422733
1726.0 -3130.9864121175124 -5392.499880585358 -1485.7768094989397 -120.14025281947008 -13.488827720542048 33.13930448208889 -12.698702777988231 -19.1473862791623 -168.60821166606564 170.16641412098903 0.009169765030144151 226.70555201769895 1.733541159060957e-05 -32.02759934181766 0.7065114175743302 0.0 170.86987018592978
1727.0 -3130.914050859961 -5392.3486407576975 -1485.7559467817407 -120.14037560373535 -13.488995833372734 32.97192232051538 -14.00956808720553 -17.753156006763952 -166.21726631549308 167.7486875286543 0.00942786713165346 226.09873691565093 1.6861613232420474e-05 -31.715081946081 0.689021161978788 0.0 168.17187262180818
1728.0 -3130.8440977109203 -5392.1990373177505 -1485.734318934631 -120.14050998067103 -13.4891517599758 32.80691367989243 -15.221968457123367 -16.442515991692648 -163.85738531669193 165.3823067279858 0.009690367862752585 225.50790568850363 1.640586425973247e-05 -31.406992814023408 0.6717774424793156 0.0 165.5418278744295
1729.0 -3130.7764444002696 -5392.051075224893 -1485.7119980996144 -120.14065506773454 -13.489296235089203 32.64424669108447 -16.340610104930697 -15.211772666031756 -161.5304401327644 163.06592732919094 0.00995701271026344 224.93203633052346 1.596751634810672e-05 -31.103272683768125 0.6547770791409923 0.0 162.97781044276311
1730.0 -3130.710986171035 -5391.904756225523 -1485.689052421459 -120.14081002501376 -13.48942996072917 32.48388756735227 -17.370083431596946 -14.057319786832892 -159.23837404562414 160.79859392017093 0.010227531308273417 224.3699567088931 1.554595872622382e-05 -30.803858699578917 0.6380166799020587 0.0 160.47828202132305
1731.0 -3130.6476216548963 -5391.760078864466 -1485.665546121751 -120.14097405419471 -13.48955360694148 32.325800570129886 -18.31486847619867 -12.97563185885895 -156.98312373160806 158.57964108286555 0.010501667104622966 223.82056238544618 1.5140595766033057e-05 -30.50868434842344 0.6214926376938285 0.0 158.0419946616526
1732.0 -3130.586252789409 -5391.617038560097 -1485.6415395855574 -120.1411463975667 -13.489667812503441 32.169948051745536 -19.17933706792899 -11.96326057217351 -154.76655001689545 156.4086045523556 0.010779177552673795 223.2828129175679 1.475084711150553e-05 -30.2176795401949 0.6052011355730449 0.0 155.66790368719663
1733.0 -3130.5267847659065 -5391.475627731161 -1485.6170894603365 -120.14132633703178 -13.489773185607442 32.016290559470185 -19.967751949445166 -11.016834181380979 -152.59038411900897 154.28514860115772 0.01105983416177551 222.7557283965537 1.437614792068412e-05 -29.93077080244003 0.5891381582378994 0.0 153.3550966358792
1734.0 -3130.4691259991514 -5391.335835964796 -1485.592248766348 -120.14151319309683 -13.4898703045474 31.86478698758013 -20.684264444700005 -10.133058276675111 -150.45617794398382 152.20899824638653 0.011343464324908731 222.2386365880805 1.401592301495819e-05 -29.64788156473822 0.5732995085381373 0.0 151.10272668092844
1735.0 -3130.4131881436465 -5391.197650265057 -1485.567067027148 -120.14170632386411 -13.489959718386045 31.71539482458774 -21.332917521037373 -9.308709812553385 -148.36514433036785 150.17976395142122 0.011630132284737157 221.73225316746905 1.3669474211866104e-05 -29.368932620781617 0.5576808339086575 0.0 148.90983599226342
1736.0 -3130.358886198115 -5391.061055448371 -1485.5415904350787 -120.14190512404421 -13.490041947568999 31.56807057528966 -21.917643872342907 -8.540636191055079 -146.31802925793272 148.19679910641818 0.011919969477331576 221.2376703047313 1.3336086465775787e-05 -29.09384291688494 0.5422776710535395 0.0 146.77521194969754
1737.0 -3130.306138610589 -5390.926034557309 -1485.5158620279678 -120.14210902388884 -13.490117484603157 31.422770201150097 -22.442252814615877 -7.825767989394297 -144.31517813782744 146.25924926982168 0.012213092750055877 220.75587134111623 1.3015078971754364e-05 -28.822530374744048 0.5270854925277242 0.0 144.69743862276073
1738.0 -3130.254867332489 -5390.792569211015 -1485.4899218594107 -120.14231748800958 -13.490186794847942 31.279449481030692 -22.910419687595862 -7.161129888659474 -142.35661350469348 144.36611278298213 0.012509605320233397 220.28773937869394 1.2705804357763734e-05 -28.554912565471962 0.5120997449725997 0.0 142.67495982611496
1739.0 -3130.204997829201 -5390.660639898216 -1485.4638071615764 -120.14253001411605 -13.490250317391432 31.13806430067867 -23.325678715109426 -6.543848475215793 -140.4421001649861 142.5162893817373 0.012809597768608938 219.83406563659284 1.2407647636146441e-05 -28.290907250611813 0.4973158798816141 0.0 140.7061298900558
1740.0 -3130.1564590558555 -5390.530226221633 -1485.437552500508 -120.14274613170063 -13.49030846598598 30.998570882597008 -23.691418619541665 -5.971157529234986 -138.5711995161858 140.70861869054033 0.013113148988690862 219.39555715911052 1.2120025021517077e-05 -28.030432811825005 0.4827293781089261 0.0 138.7892540354915
1741.0 -3130.1091842958167 -5390.40130672561 -1485.4111895888952 -120.14296540950451 -13.49036162683526 30.860926006843336 -24.013759561672636 -5.439337363336598 -136.7431982493335 138.94225169722324 0.013420297495942894 218.9725128388465 1.184240301688535e-05 -27.844778571647296 0.4946136568102537 0.0 136.9254934218636
1742.0 -3130.0631137070814 -5390.273857897731 -1485.384746418413 -120.14318748037329 -13.490410150128719 30.725087212475017 -24.298556612781553 -4.944828087028576 -134.9573912961759 137.21650281122876 0.013730961760413565 218.56392789251137 1.1574352436751806e-05 -27.663037229895167 0.5068908601631744 0.0 135.10935731758644
1743.0 -3130.0181912482713 -5390.1478554242385 -1485.3582484642175 -120.14341201103414 -13.49045436153314 30.591012633222622 -24.54833241519978 -4.485362428765484 -133.21322997607805 135.5304531872597 0.014045035663810289 218.16855478903815 1.1315481913654425e-05 -27.483654615497393 0.5190132079616665 0.0 133.33950852088995
1744.0 -3129.9743635192854 -5390.023274677823 -1485.3317191817378 -120.1436386906325 -13.490494566870753 30.45866095746681 -24.765467937628507 -4.05878361703957 -131.51014467843703 133.883233752263 0.014362417531518738 217.785222168644 1.1065417181052107e-05 -27.30657590958466 0.530984581121738 0.0 131.6147459640501
1745.0 -3129.93157965849 -5389.900090778611 -1485.305180111549 -120.14386722963641 -13.49053105303105 30.32799145377567 -24.95222607493119 -3.6630354043513407 -129.84753742387676 132.27401252518607 0.014683010133449923 217.41283020269302 1.0823800356536887e-05 -27.131747017865628 0.5428087758172043 0.0 129.9339155565383
1746.0 -3129.889791245069 -5389.778278658494 -1485.2786509832297 -120.14409735876646 -13.4905640888624 30.19896400154848 -25.110754457927705 -3.296159813779134 -128.22477801273556 130.70198298181867 0.015006720646330666 217.05034622262403 1.0590289262527048e-05 -26.959114616372222 0.5544895042034436 0.0 128.2958987335944
1747.0 -3129.848952205446 -5389.657813126786 -1485.2521498176459 -120.14432882795133 -13.49059392604333 30.071539124405945 -25.24308834842472 -2.9562948523082504 -126.64120229438288 129.16635516722985 0.015333460582841369 216.69680060012877 1.036455677796646e-05 -26.78862620052564 0.5660303946086591 0.0 126.69960371273524
1748.0 -3129.8090187229536 -5389.538668935578 -1485.2256930271656 -120.14456140531063 -13.490620799933232 29.945678024425405 -25.35115364682747 -2.6416721516605506 -125.09611193594849 127.66634891181492 0.015663147442496157 216.351297483449 1.0146289729986707e-05 -26.62023013499833 0.5774349913804295 0.0 125.14395881313071
1749.0 -3129.7699491522435 -5389.420820847063 -1485.1992955142728 -120.14479487616575 -13.490644930400467 29.8213426199751 -25.43677014147461 -2.3506141876117255 -123.58876171369322 126.2011754470348 0.01599575807443863 216.0134581396922 9.935173436103148e-06 -26.453875708075735 0.5887067541538109 0.0 123.62789383167683
1750.0 -3129.73170395188 -5389.304243725355 -1485.172970774098 -120.14502904208227 -13.490666522621508 29.698495613949373 -25.501654975571157 -2.081530867473166 -122.11831887837084 124.76999231756321 0.016331333880494348 215.6834631026421 9.73088967097428e-06 -26.289513226397403 0.5998490541299583 0.0 122.15029400122964
1751.0 -3129.6942456300308 -5389.188912644436 -1485.1467309989055 -120.14526371994168 -13.490685767854172 29.577100582405926 -25.547425627931432 -1.8329173558657352 -120.68386927302257 123.37190460131562 0.016669915137416527 215.3615030958179 9.533134352215364e-06 -26.127094136716913 0.6108651682808726 0.0 120.71000120666639
1752.0 -3129.657538683447 -5389.07480297857 -1485.1205871761442 -120.14549874104061 -13.490702844193667 29.457122043696234 -25.575603008945514 -1.6033520799694259 -119.28444182894465 122.00598456471882 0.01701153728707247 215.0477477450805 9.341617991474325e-06 -25.96657112129838 0.6217582751047275 0.0 119.3058340342165
1753.0 -3129.6215495284277 -5388.961890472432 -1485.094549179105 -120.14573395021942 -13.490717917309349 29.338525504884544 -25.587614866911988 -1.3914943601633745 -117.9190291070302 120.67128787195576 0.017356231215395358 214.74234747184113 9.15606502657041e-06 -25.807898162677134 0.6325314522379328 0.0 117.9366042870673
1754.0 -3129.586246426047 -5388.8501512943285 -1485.0686258508113 -120.14596920502366 -13.490731141159136 29.22127748958208 -25.58479941005022 -1.1960817559713846 -116.58660403668844 119.3668664798865 0.017704023522842272 214.44543519563604 8.976213155779384e-06 -25.651030583321756 0.643187675566655 0.0 116.60113009494238
1755.0 -3129.551599403537 -5388.73956207543 -1485.0428250817263 -120.14620437489901 -13.490742658679622 29.105345550687986 -25.568409063916462 -1.015927211042321 -115.28613341954463 118.09177875274361 0.01805493678584681 214.157127865665 8.801812682262124e-06 -25.49592506488485 0.6537298195368692 0.0 115.29824615907617
1756.0 -3129.5175801733894 -5388.630099937512 -1485.0171538818054 -120.14643934042097 -13.490752602449694 28.99069827103964 -25.539614300614307 -0.8499160645121506 -114.0165886944593 116.84509725898799 0.018408989806647697 213.87752780591902 8.632625876604115e-06 -25.34253965107537 0.6641606584056164 0.0 114.02681160263087
1757.0 -3129.4841620513935 -5388.521742511189 -1484.9916184473407 -120.14667399256018 -13.490761095327521 28.87730525433575 -25.499507491640337 -0.6970029920455474 -112.77695515548481 115.62591538936837 0.01876619289052123 213.6066471165299 8.468430834183939e-06 -25.190833737329797 0.6744828682329527 0.0 112.7857165916579
1758.0 -3129.451319873137 -5388.414467943842 -1484.9662242223583 -120.14690823198264 -13.49076825106005 28.765137105356903 -25.449106763000746 -0.5562089657404812 -111.56624438545167 114.43335741698094 0.01912653804519293 213.34425335702585 8.309029929866922e-06 -25.04076804599137 0.6846990297157998 0.0 111.57389246340436
1759.0 -3129.4190299088077 -5388.308254896944 -1484.9409759544728 -120.14714196838544 -13.490774174865344 28.654165399165823 -25.38935981240254 -0.4266181476003865 -110.38350176197119 113.26658402177846 0.01949001257275248 213.09007696520632 8.154237210597336e-06 -24.89230458658592 0.6948116319050186 0.0 110.39031719260059
1760.0 -3129.387269779974 -5388.203082539295 -1484.9158777469079 -120.14737511986725 -13.49077896398659 28.54436264692084 -25.321147633539994 -0.30737474381479757 -109.22780700946355 112.12479128546585 0.019856602367376738 212.8438594298998 8.00387508883385e-06 -24.745406611420965 0.7048230761249139 0.0 109.23401414508147
1761.0 -3129.35601837992 -5388.098930539049 -1484.8909331074872 -120.14760761233198 -13.490782708218353 28.435702261725208 -25.24528813580168 -0.19767992554611524 -108.0982739653227 111.0072091564083 0.020226292052731066 212.60535274929094 7.857773901572288e-06 -24.60003857109956 0.714735679794354 0.0 108.10405026417641
1762.0 -3129.325255797599 -5387.995779054878 -1484.8661449947501 -120.14783937892567 -13.490785490405413 28.328158524812665 -25.16253965316697 -0.09678883043314102 -106.99405008261989 109.91309986965643 0.020599065109560364 212.37431891677923 7.71577149423194e-06 -24.456166070361967 0.7245516801312044 0.0 106.99953419036436
1763.0 -3129.2949632452073 -5387.893608726492 -1484.8415158613336 -120.14807035950483 -13.490787386915095 28.22170655236044 -25.07360433730582 -0.004007650928929962 -105.91431573000322 108.84175635793386 0.020974903993916164 212.15052943363634 7.577712828316498e-06 -24.313755824655367 0.7342732377215974 0.0 105.91961435441283
1764.0 -3129.265122989364 -5387.792400664731 -1484.8170476947398 -120.14830050013548 -13.490788468083842 28.11632226304943 -24.97913143123547 0.08130918579384527 -104.85828333897993 107.79250068089351 0.021353790246815742 211.93376484734756 7.443449611579624e-06 -24.172775617601335 0.743902439950639 0.0 104.86347707527362
1765.0 -3129.235718285831 -5387.692136441351 -1484.7927420556207 -120.14852975262144 -13.490788798638908 28.011982346559176 -24.87972042100551 0.1597617427981568 -103.82519643988138 106.76468249295652 0.021735704595699946 211.7238143146887 7.312839949575997e-06 -24.03319425962119 0.7534413042843184 0.0 103.83034468662612
1766.0 -3129.206733317715 -5387.592798078654 -1484.7686001136874 -120.14875807406136 -13.490788438095919 27.908664233040064 -24.775924063931566 0.23190720055096392 -102.81432863140431 105.75767757518966 0.022120626942906594 211.5204565714243 7.185748731737114e-06 -23.8949815477843 0.7628917814052104 0.0 102.8194737210236
1767.0 -3129.178153137022 -5387.494368038976 -1484.744622681344 -120.14898542643257 -13.49078744113337 27.80634606359713 -24.668251293791396 0.2982623839372387 -101.82498264463547 104.77088657123994 0.022508535974735757 211.32337518079478 7.0620505591780925e-06 -23.758108226933057 0.772255758204442 0.0 101.83015329803504
1768.0 -3129.1499636094068 -5387.396829214026 -1484.720810245123 -120.14921177620157 -13.490785857944793 27.70500666167983 -24.55717000168318 0.3593061892051672 -100.8564893606896 103.80373377481209 0.02289940966107437 211.13223199708636 6.941626619822118e-06 -23.622545951950322 0.7815350606451009 0.0 100.8617035623388
1769.0 -3129.1221513620967 -5387.300164914271 -1484.6971629950665 -120.14943709395872 -13.4907837345696 27.604625505584757 -24.443109691082153 0.41548191112389077 -99.9082065978437 102.85566577581501 0.023293225544293195 210.9467045280731 6.824362966469138e-06 -23.488267251452772 0.7907314564828177 0.0 99.91347397575178
1770.0 -3129.0947037349238 -5387.204358858502 -1484.6736808521746 -120.14966135407768 -13.490781113203463 27.50518270218838 -24.326464009820853 0.4671994690952097 -98.97951789618436 101.92615017514451 0.023689960805760895 210.76648514663552 6.710150275536028e-06 -23.355245493072967 0.7998466578377614 0.0 98.98484168053477
1771.0 -3129.067608734332 -5387.10939516361 -1484.6503634940143 -120.14988453439662 -13.490778032488995 27.40665896185953 -24.20759316083041 0.5148375327636252 -98.06983133791748 101.01467439423347 0.024089592326706932 210.59128031045134 6.5988836211244345e-06 -23.22345485026833 0.8088823236262432 0.0 98.07520996256356
1772.0 -3129.0408549902263 -5387.01525833458 -1484.6272103785775 -120.15010661592176 -13.490774527787963 27.309035574540264 -24.0868261936143 0.5587455482403847 -97.17857840809513 100.12074457417582 0.024492096743956554 210.42080982848063 6.4904622619718544e-06 -23.09287027064701 0.8178400618569786 0.0 97.18400681059659
1773.0 -3129.0144317155255 -5386.921933254675 -1484.6042207664716 -120.15032758255093 -13.490770631435575 27.212294386935888 -23.96446317875093 0.5992456663898835 -96.30521289893515 99.24388455881612 0.02489745050096911 210.25480617108659 6.384789440454992e-06 -22.96346744573598 0.826721431800554 0.0 96.31068356724806
1774.0 -3128.988328668297 -5386.8294051758685 -1484.5813937415335 -120.15054742081688 -13.490766372977943 27.116417780781166 -23.840777268015664 0.6366345749220201 -95.44920985967835 98.3836349560334 0.02530562989447279 210.0930138209074 6.281772192898061e-06 -22.835222782151636 0.8355279460382947 0.0 95.45471366692183
1775.0 -3128.962536116328 -5386.737659709473 -1484.5587282299407 -120.15076611964878 -13.49076177939338 27.021388652115363 -23.716016642965837 0.6711852362931694 -94.61006459294512 97.5395522714355 0.02571661111710401 209.93518866174057 6.18132117045083e-06 -22.708113374086746 0.8442610723993648 0.0 94.61559145577282
1776.0 -3128.9370448040295 -5386.64668281701 -1484.5362230179128 -120.15098367015129 -13.490756875298656 26.927190391587327 -23.59040635078191 0.7031485342874149 -93.78729129956218 96.71120772157286 0.02613037540954867 209.7811126209148 6.083350566872932e-06 -22.58211697714552 0.8529222357866941 0.0 93.79283069047219
1777.0 -3128.911845923136 -5386.556460804141 -1484.5138767688447 -120.1512000653996 -13.490751683140553 26.833806869034888 -23.464149953260517 0.7327548417410803 -92.98041417095386 95.89817872144032 0.026546944325406188 209.6306980214753 5.987778630170638e-06 -22.457211987870643 0.8615128195983521 0.0 92.98595550987861
1778.0 -3128.886931090741 -5386.466980324101 -1484.4916880417065 -120.15141530024897 -13.490746223373685 26.741222429938613 -23.337431054754905 0.7602154958175333 -92.188956750804 95.10003870996651 0.026966356349083516 209.48391761060273 5.894527082939143e-06 -22.33337743913258 0.8700341660529917 0.0 92.1944896976223
1779.0 -3128.8622923303546 -5386.378228383228 -1484.4696553087824 -120.15162937115845 -13.490740514625507 26.649421894971283 -23.210414886343926 0.7857241654375002 -91.41244540486761 94.31636070458968 0.027388646764743764 209.34074435169967 5.803520613762321e-06 -22.21059299963889 0.8784875762200007 0.0 91.4179600721511
1780.0 -3128.8379220521174 -5386.290192341946 -1484.4477769710015 -120.15184227602896 -13.490734573849483 26.55839055472892 -23.08324981260826 0.809458142376208 -90.6504140243745 93.54672205473611 0.027813847656464313 209.20115109462606 5.714686750707398e-06 -22.088838966978013 0.8868743104775464 0.0 90.65590112609053
1781.0 -3128.8138130324287 -5386.20285991185 -1484.426051371104 -120.15205401405483 -13.490728416466753 26.468114160410828 -22.95606873603193 0.831579560944764 -89.90240750629324 92.79070800358846 0.028241988043565355 209.06511061904789 5.627955738898419e-06 -21.96809625522705 0.8951955893310796 0.0 89.90785845547377
1782.0 -3128.7899590072852 -5386.116218784078 -1484.4044768065828 -120.15226459216005 -13.490722056528497 26.378578904169146 -22.831511009687233 0.8522244897461384 -89.16800984576436 92.04856414643697 0.028673094054879205 208.93259565708007 5.543260413988938e-06 -21.906384535224483 0.9031748299789946 0.0 89.17282340929468
1783.0 -3128.766358326127 -5386.030254437559 -1484.3830515505574 -120.15247406418747 -13.490715507023953 26.28977136579645 -22.715192571615134 0.8715010934719807 -88.44683868301232 91.32131602610798 0.029107189263064766 208.80357886404082 5.46053605073906e-06 -21.865330750613907 0.9109884070198286 0.0 88.45093044949574
1784.0 -3128.743011597519 -5385.944951534794 -1484.3617738577477 -120.15268250572684 -13.490708779881482 26.20167853786447 -22.60669972496607 0.889533892459216 -87.73845966215025 90.60845129946424 0.029544294636974815 208.67803290254153 5.379720291735618e-06 -21.824601261738664 0.9187336181425187 0.0 87.74195025480643
1785.0 -3128.7199189851613 -5385.86029550853 -1484.340641964272 -120.15288998527691 -13.490701885937689 26.11428783908207 -22.505297252079135 0.9064380557542435 -87.04245866920792 89.90939687003872 0.02998442853021047 208.5559305003414 5.300753067322675e-06 -21.78419035869475 0.9264116858110003 0.0 87.0454479296784
1786.0 -3128.697080255281 -5385.776272504583 -1484.3196540925956 -120.15309656488617 -13.49069483503452 26.027587090501097 -22.410316225150083 0.9223184401029201 -86.35844452728354 89.22361730947746 0.03042760684297046 208.43724445003537 5.223576485440998e-06 -21.744092512392804 0.9340237901071407 0.0 86.3610151180645
1787.0 -3128.6744948196238 -5385.692869329302 -1484.298808456016 -120.15330230073685 -13.490687636108541 25.941564493379556 -22.321148577989966 0.9372704291317504 -85.68604758262768 88.55061208162462 0.030873840609758497 208.32194097050484 5.148134830808032e-06 -21.704302364817067 0.941571071348718 0.0 85.68826797221756
1788.0 -3128.652161773969 -5385.610073399737 -1484.2781032623366 -120.15350724368103 -13.490680297272958 25.85620860694256 -22.237242090153558 0.951380713559665 -85.02492242819498 87.8899169129133 0.03132311076167861 208.2099139825299 5.07437547982616e-06 -21.664814719182296 0.9490546326458142 0.0 85.02684936198838
1789.0 -3128.6300799300375 -5385.527872692037 -1484.2575367156087 -120.15371143973245 -13.490672825892819 25.77150832096208 -22.158095740873158 0.9647280172813595 -84.37475317550391 87.24110774420643 0.03177538039642221 208.10101639451742 5.0022483206605985e-06 -21.625624527643218 0.9564755428430048 0.0 84.37643371892095
1790.0 -3128.6082478431863 -5385.4462556915505 -1484.2371070170063 -120.15391493051688 -13.4906652286539 25.687452827544885 -22.083255339209273 0.977383771766192 -83.73524997953986 86.60379630564734 0.03223061270127726 207.99510600074024 4.93170495242556e-06 -21.586726878591833 0.9638348394710188 0.0 83.73672320566287
1791.0 -3128.5866638387715 -5385.3652113490525 -1484.2168123661277 -120.15411775368375 -13.490657511626042 25.604031597475522 -22.012309477826147 0.9894127394333232 -83.10614442077974 85.97762468575209 0.03268877129227047 207.89204592287754 4.862698593614384e-06 -21.548116986021377 0.9711335312491021 0.0 83.10744280319544
1792.0 -3128.5653260372537 -5385.284729042518 -1484.1966509626845 -120.1543199432822 -13.490649680320567 25.521234360743314 -21.944885803102366 1.0008735892169511 -82.48718576709474 85.36226084534074 0.03314982026815888 207.7917043715494 4.795184008676656e-06 -21.509790180790908 0.9783726001765729 0.0 82.4883363286608
1793.0 -3128.5442323779157 -5385.204798543655 -1484.1766210084274 -120.15452153010396 -13.490641739743022 25.439051090417895 -21.880647578667137 1.0118194276576489 -81.87813796681998 84.75739492179797 0.033613724251814 207.69395442387108 4.729117440764068e-06 -21.471741903407697 0.9855530032909958 0.0 81.87916322661044
1794.0 -3128.523380641103 -5385.12540998845 -1484.156720709204 -120.15472254199629 -13.49063369444115 25.357471989228625 -21.81929052134095 1.022298288583805 -81.2787772371962 84.16273618305956 0.03408044842107259 207.59867381502346 4.664456549697246e-06 -21.433967698033303 0.9926756741539751 0.0 81.27969599076519
1795.0 -3128.502768468948 -5385.046553851165 -1484.13694827706 -120.15492300414658 -13.490625548548532 25.276487478303725 -21.760539890132524 1.0323535842184839 -80.68889013607657 83.57801051487606 0.03454995853092084 207.5057447421778 4.601160354371288e-06 -21.396463207464812 0.9997415241156923 0.0 80.68971809821349
1796.0 -3128.4823933845773 -5384.968220921267 -1484.1173019323178 -120.15512293934157 -13.49061730582457 25.196088187639138 -21.704147810373083 1.0420245203528964 -80.10827202458788 83.00295834511508 0.03502222092852476 207.41505367943327 4.539189178976555e-06 -21.359224168894965 1.006751443399324 0.0 80.1090223587442
1797.0 -3128.46225280981 -5384.89040228288 -1484.0977799055877 -120.1553223682029 -13.490608969690564 25.116264947924762 -21.649890816309885 1.0513464780575248 -79.5367258449733 82.43733292576555 0.03549720256252763 207.3264912026316 4.478504602510828e-06 -21.322246410281934 1.0137063020409838 0.0 79.53740959937089
1798.0 -3128.4423440814003 -5384.8130892964155 -1484.0783804396747 -120.15552130940114 -13.490600543262703 25.03700878348341 -21.597567596577992 1.0603513642516553 -78.97406115156079 81.88089890734523 0.03597487098747984 207.2399518231732 4.419069411200594e-06 -21.285525847217283 1.0206069507092366 0.0 78.9746876185162
1799.0 -3128.422664465877 -5384.736273582081 -1484.0591017913603 -120.15571977984966 -13.490592029381911 24.95831090605515 -21.54699692772652 1.069067933281552 -78.42009328245902 81.33343109250342 0.03645519568081768 207.15534061635898 4.360847634656094e-06 -21.249058480170724 1.0274542214300153 0.0 78.42067029456659
1800.0 -3128.403211173488 -5384.65994700581 -1484.0399422332598 -120.15591779488064 -13.490583430640944 24.880162710221718 -21.498015772395945 1.0775220800854974 -77.87463995473027 80.79471074310575 0.036938172717847044 207.0727003325252 4.303806026344028e-06 -21.212840392481546 1.0342489281506597 0.0 77.87517412912705
1801.0 -3128.3839813735735 -5384.584101671268 -1484.0209000568163 -120.15611536840404 -13.490574749408902 24.802555774876616 -21.450477528081993 1.085737105863501 -77.33751415020693 80.2645183513815 0.037423821398748315 206.99219410639063 4.247913822247877e-06 -21.176867751139326 1.0409918667646152 0.0 77.33801109014841
1802.0 -3128.3649722101923 -5384.5087299156285 -1484.0019735758392 -120.15631251305136 -13.490565987853307 24.725481868136907 -21.404250457103043 1.0937339644183766 -76.8085248846892 79.74263405843351 0.03791216032476599 206.91398234521847 4.193141237032506e-06 -21.141136809150456 1.0476838148248828 0.0 76.80898934610413
1803.0 -3128.346180815316 -5384.433824304111 -1483.983161129252 -120.15650924030574 -13.49055714796024 24.648932949836134 -21.35921626013489 1.1015314884883871 -76.28748006923314 79.22884011634265 0.03840320650793036 206.83821831307475 4.139459379546637e-06 -21.105643906776958 1.0543255314546738 0.0 76.28791609851727
1804.0 -3128.327604319628 -5384.359377623133 -1483.9644610830476 -120.15670556061936 -13.490548231552513 24.572901171493577 -21.315268772551455 1.1091465961915183 -75.77418869011667 78.72292271418381 0.03889697541133424 206.76504844346158 4.086840224225376e-06 -21.070385471599643 1.0609177574651387 0.0 75.77459973828549
1805.0 -3128.309239861346 -5384.285382872528 -1483.9458718316107 -120.15690148351952 -13.49053924030595 24.49737887438736 -21.272312774938303 1.1165944790468139 -75.26846241562481 78.22467327153093 0.03939348099656713 206.69461263422204 4.0352565821531245e-06 -21.03535801769662 1.0674612156268135 0.0 75.26885143302559
1806.0 -3128.2910845934166 -5384.211833257232 -1483.9273917985493 -120.15709701770434 -13.490530175764242 24.422358586268732 -21.230262909537835 1.1238887729920748 -74.77011675229777 77.73388931691501 0.03989273577599845 206.6270445262052 3.984682072232908e-06 -21.000558144186353 1.0739566110490624 0.0 74.77048626732517
1807.0 -3128.273135689353 -5384.138722178684 -1483.9090194371436 -120.15729217112856 -13.490521039352346 24.347833017095457 -21.18904269468718 1.1310417137417872 -74.27897184929836 77.25037504546083 0.04039475086835193 206.5624717669871 3.93509109275827e-06 -20.965982533311013 1.0804046316356297 0.0 74.27932403393649
1808.0 -3128.2553903479593 -5384.066043226196 -1483.8907532304952 -120.15748695108125 -13.490511832388437 24.273795054106508 -21.14858362967123 1.1380642777517522 -73.7948530299786 76.77394163098333 0.04089953605615906 206.50101626084282 3.886458793617359e-06 -20.93162794820961 1.0868059485893506 0.0 73.7951897544831
1809.0 -3128.237845797126 -5383.993790168402 -1483.8725916914489 -120.15768136425528 -13.490502556094734 24.200237756477204 -21.108824382802432 1.144966309976585 -73.31759111378327 76.3044073524124 0.04140709984404786 206.44279440602793 3.838761049281105e-06 -20.897491230492346 1.0931612169459277 0.0 73.31791399239916
1810.0 -3128.220499296851 -5383.92195694493 -1483.8545333623401 -120.15787541680986 -13.490493211607317 24.127154349720804 -21.069710055951518 1.1517566395287417 -72.8470225786589 75.84159758189566 0.041917449517176054 206.38791732030347 3.791974432664028e-06 -20.863569297693285 1.0994710761231805 0.0 72.84733300792824
1811.0 -3128.203348141621 -5383.850537658363 -1483.8365768146148 -120.15806911442651 -13.490483799984734 24.054538220015356 -21.031191519168146 1.1584431842707907 -72.38298960367956 75.38534467184917 0.04243059119891206 206.3364910555848 3.7460761899434837e-06 -20.82985914068484 1.1057361504709713 0.0 72.3832887946135
1812.0 -3128.1863896622604 -5383.779526566535 -1483.8187206483474 -120.1582624623594 -13.490474322215922 23.982382908508416 -20.993224809452222 1.1650330453003228 -71.9253400252631 74.93548777212673 0.042946529853990584 206.28861602941512 3.7010442162732707e-06 -20.79635782107856 1.1119570498177835 0.0 71.92562903042365
1813.0 -3128.1696212272764 -5383.708918075118 -1483.8009634916725 -120.15845546548026 -13.490464779227318 23.910682105612707 -20.95577058937722 1.1715325925625955 -71.47392769706877 74.49187304703688 0.0434652626203563 206.24429034484683 3.6568570248576857e-06 -20.763062468618706 1.118134370013352 0.0 71.4742074334217
1814.0 -3128.1530402431263 -5383.638706729339 -1483.7833039998184 -120.15864812831869 -13.490455171888978 23.83942964394158 -20.917601380920658 1.1775854417238527 -71.0286107545257 74.05400934940374 0.0439867726737237 206.2033206399224 3.6134937166910204e-06 -20.679936848067754 1.1090733039375509 0.0 71.02904141308063
1815.0 -3128.1366346783393 -5383.568891895144 -1483.7657439790244 -120.1588403580264 -13.49044552986761 23.76861953358003 -20.856671010563574 1.1765115427776536 -70.58916997029102 73.61532328359232 0.04451104116205504 206.16549781976872 3.5709339973553006e-06 -20.386163681133766 1.0359427199658138 0.0 70.59087797892607
1816.0 -3128.1203749864103 -5383.499481786277 -1483.7482910613605 -120.15903188148818 -13.490435936260802 23.698246025785338 -20.764383558273096 1.1657160092854078 -70.15539826079329 73.17307171015786 0.04503804828280113 206.13061975519494 3.529158197559963e-06 -20.094198198080182 0.9632731809875246 0.0 70.15889135844625
1817.0 -3128.1042320946376 -5383.430484560051 -1483.7309527716359 -120.159222429609 -13.49042647283383 23.628303530429026 -20.644886825961365 1.1464727572904128 -69.72717261545485 72.72829128190348 0.04556777384787835 206.0984909802371 3.4881472045122066e-06 -19.804017328113435 0.8910587273061465 0.0 69.73271039321905
1818.0 -3128.0881804890864 -5383.361906744798 -1483.7137354950628 -120.1594117691305 -13.490417210579885 23.558786560169654 -20.50183334480267 1.1199036008365315 -69.3044036013134 72.28194596928732 0.046100197683154896 206.06892243024336 3.4478824129129645e-06 -19.515598425627434 0.8192934835020474 0.0 69.31207242820102
1819.0 -3128.0721977819076 -5383.2937534244575 -1483.6966446108854 -120.15959969833703 -13.490408211010715 23.489689705504105 -20.3384362298194 1.0869954205092611 -68.88701967159521 71.83491509393872 0.04663529981451657 206.04173121209294 3.4083456963905853e-06 -19.2289191662896 0.7479716372144661 0.0 68.89678834658875
1820.0 -3128.0562643323756 -5383.226028410558 -1483.6796846131617 -120.1597860432469 -13.490399527301397 23.4210076224613 -20.157519007930865 1.0486154773334881 -68.47495720979559 71.38798870858973 0.04717306056582281 206.01674039115716 3.369519387485507e-06 -18.943957495668002 0.6770874302836534 0.0 68.48671790586206
1821.0 -3128.0403629141824 -5383.158734400037 -1483.6628592192824 -120.15997065423689 -13.490391205304425 23.3527350281172 -19.96156009145902 1.0055250790451637 -68.06815451387088 70.9418678982568 0.04771346059966477 205.99377878975693 3.331386262839106e-06 -18.660691610385612 0.6066351573673188 0.0 68.0817525545492
1822.0 -3128.024478422837 -5383.091873118411 -1483.6461714669908 -120.16015340305346 -13.490383284447661 23.28486670069583 -19.752732467711922 0.9583917745458717 -67.66654843234762 70.49716825151039 0.0482564809223341 205.97268079408008 3.2939295314101626e-06 -18.37909995836795 0.5366091687727338 0.0 67.68180363720006
1823.0 -3128.008597618032 -5383.025445448455 -1483.629623800756 -120.16033418016906 -13.490375798528438 23.21739748207503 -19.532939100352454 0.9078002292668241 -67.2700727387753 70.05442525233116 0.048802102868032826 205.95328616786315 3.2571328243088695e-06 -18.099161249123483 0.4670038753247956 0.0 67.28679444461923
1824.0 -3127.992708896632 -5382.959451545009 -1483.613218148391 -120.16051289244578 -13.490368776415277 23.15032228132221 -19.303844480396805 0.8542619163318097 -66.87865760533757 69.61410071412988 0.04935030807221145 205.9354398719793 3.2209801853971176e-06 -17.820854468344123 0.39781375391432167 0.0 66.89665497910039
1825.0 -3127.9768020925694 -5382.893890936801 -1483.596955988808 -120.16068946107312 -13.490362242667041 23.083636078369803 -19.066902718074527 0.7982237440290199 -66.49222973582057 69.17658965030866 0.04990107844083936 205.9189918895246 3.1854560621367496e-06 -17.544158893123203 0.32903335286322344 0.0 66.51131861285513
1826.0 -3127.960868300455 -5382.828762616301 -1483.5808384117759 -120.16086381974993 -13.490356218079095 23.01733392735175 -18.823382527649724 0.7400757280293018 -66.11071286143171 68.74222717451129 0.050454396119568534 205.90379705626222 3.1505452964297986e-06 -17.26905410579773 0.26065729666107273 0.0 66.13072004690396
1827.0 -3127.944899720115 -5382.76406511869 -1483.5648661705013 -120.1610359130826 -13.490350720164054 22.95141095933854 -18.57438942231719 0.680157805991751 -65.73402835811216 68.31129512194914 0.05101024473704036 205.88972313926922 3.1162331589347887e-06 -16.995520005319644 0.19268028984404745 0.0 65.75479410012454
1828.0 -3127.9288895198383 -5382.699796591383 -1483.5490397279011 -120.16120569517614 -13.490345763574977 22.88586238478101 -18.320885384349648 0.6187658761399568 -65.36209491472219 67.88402731215278 0.05156861950246257 205.87671630777703 3.0825056870145763e-06 -16.723536817437115 0.1250971203731014 0.0 65.38347408119112
1829.0 -3127.912831716681 -5382.635954856065 -1483.5333592975282 -120.16137312839504 -13.49034136047726 22.82068349675578 -18.063706286515092 0.5561571446657467 -64.9948278393714 67.46061400139028 0.05212952138496833 205.86476349780142 3.049349477838113e-06 -16.45308510821536 0.057902663669822774 0.0 65.01669019549784
1830.0 -3127.8967210714086 -5382.572537463205 -1483.5178248795198 -120.16153818227599 -13.49033752087507 22.755869673875395 -17.803577359388633 0.4925548727211382 -64.63214026955087 67.04120772269303 0.05269295090129842 205.85385224135868 3.01675146805636e-06 -16.18414579617663 -0.008908113836144205 0.0 64.65437015034416
1831.0 -3127.8805529958922 -5382.509541739025 -1483.5024362918834 -120.16170083257381 -13.490334252897735 22.691416381838966 -17.541126876388866 0.42815257592317124 -64.27394445374956 66.62592875424346 0.05325890805182401 205.84397028797375 2.9846989234735524e-06 -15.916700158807739 -0.07534015268229544 0.0 64.29644004711484
1832.0 -3127.864323471543 -5382.446964825842 -1483.4871931976793 -120.16186106042622 -13.49033156305054 22.627319173850818 -17.276898239402147 0.3631177326245876 -63.92015273438302 66.21486987716018 0.05382739232188607 205.83510560007548 2.953179430351258e-06 -15.65072983437614 -0.14139829961574213 0.0 63.94282513069895
1833.0 -3127.8480289775534 -5382.384803716674 -1483.4720951286138 -120.16201885162307 -13.490329456434043 22.563573690169726 -17.01136063925273 0.2975950545432031 -63.57067828489782 65.80810049847348 0.05439840268909427 205.82724634818626 2.9221808865314603e-06 -15.386216820141566 -0.20708730781497947 0.0 63.593450404280226
1834.0 -3127.8316664278514 -5382.3230552849145 -1483.4571415054986 -120.16217419596757 -13.49032793693593 22.500175657036017 -16.744918448203496 0.2317093680805602 -63.2254356484823 65.40567021297633 0.054971937634932536 205.82038090602748 2.8916914925233213e-06 -15.123143467987703 -0.27241183782155337 0.0 63.24824112350533
1835.0 -3127.8152331157667 -5382.261716309724 -1483.4423316559703 -120.16232708671866 -13.490327007398388 22.437120885117444 -16.477919485934628 0.16556814981052526 -62.88434111872744 65.00761187225424 0.055547995159823685 205.8144978456196 2.861699742635546e-06 -14.8614924780568 -0.33737645902377755 0.0 62.90712318559662
1836.0 -3127.798726665532 -5382.200783497737 -1483.4276648298235 -120.16247752010491 -13.49032666976404 22.37440526765585 -16.21066228601073 0.09926375517322406 -62.547312995988996 64.61394422307305 0.05612657280032748 205.80958593244432 2.8321944162483965e-06 -14.601246891141585 -0.40198565149452475 0.0 62.57002342894831
1837.0 -3127.7821449898156 -5382.140253501592 -1483.4131402122632 -120.16262549490095 -13.490326925203245 22.312024778385183 -15.943402476690709 0.03287537535812035 -62.21427174734664 64.22467417104384 0.05670766764806042 205.80563412070515 2.803164569259532e-06 -14.342390080126268 -0.4662438081017242 0.0 62.236869857874005
1838.0 -3127.7654862525837 -5382.080122935733 -1483.3987569353442 -120.16277101205893 -13.49032777422475 22.249975469345692 -15.67635837793539 -0.03352924633170851 -61.885140092874906 63.83979871928308 0.057291276369362584 205.80263154871983 2.774599525759446e-06 -14.084905740994104 -0.5301552367555563 0.0 61.90759180572884
1839.0 -3127.7487488366523 -5382.020388389829 -1483.384514087833 -120.16291407438834 -13.490329216771784 22.188253468615933 -15.40971590562604 -0.09989231067963189 -61.559843036594096 63.45930662602562 0.05787739522562935 205.80056753445595 2.7464888699404273e-06 -13.828777883490922 -0.5937241627638752 0.0 61.58212004809568
1840.0 -3127.731931315373 -5381.961046440184 -1483.3704107236986 -120.16305468627797 -13.490331252305682 22.1268549780529 -15.143632864138018 -0.16616464639902162 -61.23830785667474 63.0831798196824 0.05846602009354838 205.7994315712234 2.7188224382729708e-06 -13.573990821818915 -0.6569547311979677 0.0 61.26038687600025
1841.0 -3127.7150324279455 -5381.902093659378 -1483.3564458694086 -120.16319285345489 -13.490333879878293 22.065776271043113 -14.87824269956439 -0.2323045594224311 -60.920464066440346 62.711394605015116 0.05905714648526456 205.799213323523 2.6915903119414766e-06 -13.32052916537246 -0.7198510092613415 0.0 60.94232613763446
1842.0 -3127.6980510579187 -5381.84352662442 -1483.3426185301937 -120.16332858277566 -13.49033709819466 22.005013690311696 -14.613657777871126 -0.2982768279012529 -60.60624335513259 62.34392268967641 0.059650769568057385 205.7999026230523 2.6647828095507032e-06 -13.068377809711052 -0.7824169886097418 0.0 60.627873255597216
1843.0 -3127.680986214477 -5381.7853419235835 -1483.3289276954083 -120.16346188204595 -13.490340905667393 21.94456364577939 -14.349972245803395 -0.3640518251628482 -60.29557954367487 61.98073208420787 0.06024688341132963 205.80149865700423 2.638390657024408e-06 -12.817521927727523 -0.8446565876299272 0.0 60.31696525375511
1844.0 -3127.6638370160977 -5381.727536162003 -1483.3153723430755 -120.16359275986437 -13.49034530046349 21.884422612341588 -14.087264532577331 -0.4296047527512137 -59.9884088553817 61.62178818611835 0.06084547786950077 205.80404730488374 2.612405699513921e-06 -12.567946960489564 -0.9065736538048657 0.0 60.00954109321171
1845.0 -3127.6466026761623 -5381.67010596597 -1483.3019514436605 -120.16372122548833 -13.490350280544751 21.824587127333974 -13.825599526467128 -0.4949149731271181 -59.68467009515245 61.267054666142215 0.06144654140908618 205.8076077675945 2.586820252362263e-06 -12.319638606777556 -0.9681719664057212 0.0 59.70554191061751
1846.0 -3127.629282490431 -5381.613047986415 -1483.2886639632645 -120.16384728871822 -13.490355843702755 21.76505378808221 -13.565030456393991 -0.5599654328752042 -59.38430436174633 60.91649380174007 0.062050062413425346 205.81223731078663 2.5616268009954267e-06 -12.072582812967948 -1.0294552390997906 0.0 59.404910783327004
1847.0 -3127.611875826251 -5381.556358901873 -1483.2755088663625 -120.16397095979764 -13.490361987588676 21.705819249760125 -13.305600526030142 -0.6247421617837201 -59.087254772704206 60.57006673845968 0.06265602919821245 205.8179913198592 2.5368179958781417e-06 -11.826765764193713 -1.090427122241661 0.0 59.107592501384026
1848.0 -3127.5943821132505 -5381.500035420979 -1483.262485118144 -120.16409224932796 -13.49036870973926 21.646880223492627 -13.047344332613218 -0.6892338379162748 -58.79346624661206 60.22773373379257 0.06326443002440829 205.82492335963568 2.512386647853154e-06 -11.582173876516897 -1.1510912049123794 0.0 58.813533391425985
1849.0 -3127.5768008353216 -5381.444074284537 -1483.2495916865048 -120.16421116819495 -13.490376007598794 21.58823347463715 -12.790289097470257 -0.7534314103980755 -58.502885329031 59.8894543797887 0.06387525310966795 205.83308523199676 2.4883257236941623e-06 -11.338793789839531 -1.2114510167741859 0.0 58.52268117926288
1850.0 -3127.559131523713 -5381.3884722672365 -1483.236827543733 -120.16432772750572 -13.490383878538186 21.52987582124374 -12.534455732048091 -0.8173277726202564 -58.21546005179842 59.55518780281956 0.06448848663819572 205.84252703154218 2.4646283418629143e-06 -11.096612361553053 -1.2715100297405302 0.0 58.234984881283324
1851.0 -3127.541373751074 -5381.3332261790165 -1483.2241916679286 -120.16444193853506 -13.49039231987121 21.471804132630815 -12.279859760403998 -0.880917479438402 -57.93113981795585 59.22489284032787 0.06510411876960716 205.85329719935984 2.4412877684361935e-06 -10.85561666066543 -1.3312716595253684 0.0 57.95039471739795
1852.0 -3127.52352712633 -5381.2783328661435 -1483.211683044191 -120.16455381267978 -13.49040132886825 21.414015328049427 -12.02651211657633 -0.9441965027175847 -57.64987530645848 58.89852819533026 0.06572213764704009 205.86544257497502 2.4182974131849454e-06 -10.615793962293164 -1.3907392670995198 0.0 57.66886204011188
1853.0 -3127.5055912902603 -5381.223789212048 -1483.1993006656053 -120.1646633614194 -13.490410902768195 21.356506375473458 -11.774419833008333 -1.0071620202651328 -57.37161839224619 58.57605257000958 0.06634253140407387 205.8790084465373 2.395650825814332e-06 -10.377131742674175 -1.449916160015857 0.0 57.39033927571066
1854.0 -3127.487565911695 -5381.169592137926 -1483.1870435340577 -120.1647705962833 -13.490421038788497 21.299274290423376 -11.523586634226579 -1.0698122337982294 -57.09632207835418 58.257424780085024 0.06696528817140707 205.8940385993244 2.373341692322102e-06 -10.13961767431762 -1.5088055936974365 0.0 57.114779874627736
1855.0 -3127.4694506842334 -5381.115738603163 -1483.1749106608956 -120.16487552882245 -13.490431734133544 21.24231613487727 -11.274013448192111 -1.132146212138414 -56.82394043749669 57.94260385174148 0.06759039608270027 205.91057536261275 2.3513638314920074e-06 -9.903239621514686 -1.567410772634044 0.0 56.84213826876764
1856.0 -3127.451245323422 -5381.06222560558 -1483.162901067463 -120.1649781705859 -13.49044298600208 21.185629016224762 -11.025698846213258 -1.1941637562958665 -56.554428561205796 57.63154910297631 0.06821784328004045 205.92865965498308 2.329711191500115e-06 -9.667985636025195 -1.6257348515321097 0.0 56.57236983418577
1857.0 -3127.432949564321 -5381.009050181556 -1483.1510137855246 -120.16507853310077 -13.490454791593104 21.12921008627559 -10.778639420925602 -1.2558652835295465 -56.287742515033166 57.32422021114093 0.06884761791888587 205.9483310281121 2.3083778466345777e-06 -9.433843952990063 -1.6837809364063248 0.0 56.305430857913066
1858.0 -3127.414563159402 -5380.956209406016 -1483.1392478575933 -120.1651766278556 -13.490467148111042 21.073056540300605 -10.532830110638589 -1.317251727839368 -56.023839298665784 57.020577268358124 0.06947970817272577 205.96962770911176 2.2873579941165346e-06 -9.20080298697663 -1.7415520856356463 0.0 56.04127850802948
1859.0 -3127.396085876745 -5380.903700392332 -1483.1276023371777 -120.16527246628645 -13.490480052770048 21.017165616126498 -10.288264477286855 -1.3783244546720503 -55.7626768100651 56.720580826369556 0.07011410223720746 205.99258664145938 2.266645951026676e-06 -8.968851328245846 -1.7990513109618147 0.0 55.77987080631541
1860.0 -3127.3775174984767 -5380.851520292129 -1483.1160762889622 -120.16536605976528 -13.49049350279753 20.961534593244085 -10.044934944399508 -1.4390851878744488 -55.50421381718768 56.42419193643154 0.07075078816607538 206.01723853464736 2.2462361214356877e-06 -8.737977739074601 -1.8562815784719384 0.0 55.52116660724057
1861.0 -3127.3588578194003 -5380.7996662949845 -1483.1046687889148 -120.16545741959041 -13.490507495437084 20.90616079192143 -9.802833002889372 -1.4995359464701874 -55.248410036562696 56.13137228418218 0.07138975227505957 206.04356040239793 2.226122709034544e-06 -8.508171150097068 -1.9132458095739735 0.0 55.265125682767305
1862.0 -3127.3401066457395 -5380.74813562794 -1483.0933789243102 -120.16554655697881 -13.490522027950995 20.851041572174058 -9.561949388032073 -1.5596789902315642 -54.99522626487762 55.84208436812636 0.0720309799077608 206.07149816205072 2.2062998493752497e-06 -8.279420656052178 -1.969946882117541 0.0 55.01170885926514
1863.0 -3127.3212637940146 -5380.696925554914 -1483.0822057936982 -120.16563348305993 -13.490537097622106 20.796174332718596 -9.322274225249362 -1.6195167748651116 -54.744624286739125 55.556291449403325 0.07267445651645127 206.10099856963666 2.186761798099799e-06 -8.051715511461353 -2.026387631529604 0.0 54.76087792973569
1864.0 -3127.3023290900933 -5380.646033376158 -1483.0711485068587 -120.16571820887046 -13.490552701755513 20.741556510044262 -9.08379715326966 -1.679051914133744 -54.49656676421478 55.27395747672339 0.07332016767971267 206.13200962977226 2.167502930498297e-06 -7.825045126794604 -2.0825708518274317 0.0 54.512595547118764
1865.0 -3127.2833022862997 -5380.595456548344 -1483.0602059245236 -120.1658007441391 -13.490568835267629 20.68718557814299 -8.84592810698005 -1.7371083251233799 -54.25101268667698 54.994912191375114 0.07396809909748145 206.16448056272858 2.1485177387247447e-06 -7.588699395563397 -2.11672341276524 0.0 54.26690620606229
1866.0 -3127.264182173198 -5380.545193987965 -1483.0493738449318 -120.16588108418641 -13.490585464607596 20.633059053946052 -8.606652590173187 -1.7896120549998962 -54.00791242371859 54.71866029503456 0.07461823651714447 206.1983617687478 2.1298008310454476e-06 -7.347239891712014 -2.138154778445221 0.0 54.023718927367156
1867.0 -3127.2449670167775 -5380.495245423657 -1483.0386463946495 -120.16595921640055 -13.490602540656072 20.579174490891166 -8.366229817009742 -1.837116181614137 -53.767236368454185 54.44524317070311 0.07527056580052209 206.23360480021313 2.111346926996161e-06 -7.1068605075347575 -2.1594942789019855 0.0 53.78294939287432
1868.0 -3127.225655352253 -5380.445610228097 -1483.0280185468964 -120.16603513195956 -13.490620022071994 20.525529472230236 -8.12503549246361 -1.8804112835715294 -53.5289555599677 54.1747287181964 0.07592507299740833 206.2701623359122 2.0931508526417996e-06 -6.867550473354447 -2.1807427771649666 0.0 53.54456602607146
1869.0 -3127.2062459420554 -5380.396287480086 -1483.0174859884696 -120.16610882521002 -13.490637874058544 20.472121611665468 -7.883383916820151 -1.920163311205176 -53.2930402887514 53.90716939647413 0.07658174433219984 206.30798815186026 2.075207538473441e-06 -6.629299151813511 -2.201901124585884 0.0 53.30853822805301
1870.0 -3127.1867377406493 -5380.347276016522 -1483.0070450082483 -120.16618029314662 -13.49065606732926 20.4189485538383 -7.641537476653525 -1.9569327779966024 -53.05946025729271 53.64260437096546 0.07724056619174512 206.3470370928371 2.057512017296647e-06 -6.39209604055335 -2.222970160793518 0.0 53.07483586961447
1871.0 -3127.1671298647784 -5380.298574476272 -1482.9966924028868 -120.16624953497247 -13.490674577233765 20.36600797468191 -7.399714714226228 -1.9911910754041493 -52.82818477874316 53.38106149907227 0.07790152511438359 206.38726504465006 2.0400594221173803e-06 -6.155930774222141 -2.2439507136749834 0.0 52.843429042229836
1872.0 -3127.147421568294 -5380.250181337115 -1482.986425397109 -120.16631655172782 -13.490693383019192 20.31329758158373 -7.158097181171012 -2.0233343296052784 -52.59918297320849 53.12255911111129 0.07856460778094881 206.4286289071789 2.0228449840104427e-06 -5.920793125579378 -2.2648435994091947 0.0 52.61428795966406
1873.0 -3127.1276122208687 -5380.202094946789 -1482.9762415763894 -120.16638134597723 -13.490712467206446 20.260815113382183 -6.916835253710925 -2.0536951596982593 -52.37242394194483 52.86710757447151 0.07922980100756132 206.47108656820538 2.005864029981498e-06 -5.686673005811468 -2.2856496225464182 0.0 52.38738294268753
1874.0 -3127.1077012900087 -5380.154313549038 -1482.9661388301413 -120.16644392154568 -13.4907318150644 20.208558340229793 -6.676053061833244 -2.0825526460029646 -52.14787691188899 52.61471064659875 0.07989709173991598 206.51459687801503 1.989111980835484e-06 -5.453560464207766 -2.306369576124866 0.0 52.1626844457509
1875.0 -3127.0876883258547 -5380.106835305429 -1482.9561153038126 -120.16650428329697 -13.490751414166631 20.15652506332053 -6.435852663298672 -2.110140773162481 -51.92551134969242 52.36536663209079 0.08056646704918717 206.5591196247788 1.972584349052426e-06 -5.221445687192433 -2.3270042418269257 0.0 51.940163101348595
1876.0 -3127.0675729483523 -5380.059658313594 -1482.9461693585238 -120.16656243694695 -13.490771254018293 20.104713114555924 -6.196317574726191 -2.13665557484682 -51.70529704785649 52.11906936371237 0.08123791412867945 206.60461551065484 1.956276736695568e-06 -4.9903189970497905 -2.3475543901488534 0.0 51.71978976839263
1877.0 -3127.0473548364357 -5380.012780622456 -1482.9362995370848 -120.16661838890712 -13.490791325742235 20.05312035612436 -5.9575157558916345 -2.1622611741943842 -51.487204187023295 51.87580902851882 0.08191142029160668 206.65104612862572 1.940184833343857e-06 -4.760170850232509 -2.36802078059478 0.0 51.50153557744627
1878.0 -3127.0270337189054 -5379.966200244927 -1482.9265045354095 -120.16667214615339 -13.49081162181516 20.001744680049363 -5.7195021294679975 -2.1870948860014376 -51.271203378795 51.63557285979427 0.08258697296932668 206.69837394001365 1.9243044140663473e-06 -4.530991835505909 -2.3884041618753358 0.0 51.285371969531106
1879.0 -3127.0066095427514 -5379.919915125323 -1482.9167829447983 -120.16672371771656 -13.490832133690988 19.950584002933233 -5.482841922627479 -2.2105543909973395 -51.057278578291566 51.39838326334156 0.08326456657304648 206.74656186520403 1.90863139673783e-06 -4.308614461309822 -2.400663652373945 0.0 51.07113321127156
1880.0 -3126.986082973657 -5379.873923027524 -1482.9071325619298 -120.16677311918446 -13.490852845429732 19.899636255520164 -5.248022500612542 -2.2321130334626087 -50.84540420297697 51.16423748405909 0.08394422559535691 206.79557194850452 1.8931620423781427e-06 -4.087369249063444 -2.41259288999421 0.0 50.85896988253945
1881.0 -3126.965454758779 -5379.828221704095 -1482.8975512171842 -120.16682036684675 -13.490873741320579 19.848899406752086 -5.0149058777049795 -2.252078217566927 -50.63553649575167 50.93308054175478 0.08462598184682349 206.84536660823375 1.87789276031712e-06 -3.867041104176025 -2.4244761349522617 0.0 50.64883879017195
1882.0 -3126.944725517273 -5379.782808952405 -1482.8880370323686 -120.16686547576785 -13.490894808259386 19.798371468700935 -4.783369822754121 -2.2707136727142654 -50.42763392878994 50.7048620065249 0.08530986596119675 206.89590909539277 1.862820032632194e-06 -3.6476213615410016 -2.43631371447628 0.0 50.44069400391936
1883.0 -3126.9238957626653 -5379.737682612156 -1482.8785883731007 -120.16690845997628 -13.490916035312459 19.748050494323717 -4.55331088750637 -2.288238936855855 -50.221656930175506 50.479535480060356 0.0859959074391209 206.9471634730063 1.8479404118855294e-06 -3.429101533768509 -2.448105950263714 0.0 50.234492422490476
1884.0 -3126.90296592157 -5379.692840563344 -1482.86920380904 -120.16694933262315 -13.490937413352128 19.697934575609164 -4.32464135493646 -2.3048366207185733 -50.017567578309624 50.257057824228056 0.08668413468690604 206.99909459595636 1.8332505190506253e-06 -3.211473303154905 -2.4598531584642522 0.0 50.03019328055061
1885.0 -3126.881936349334 -5379.648280724479 -1482.859882080661 -120.16698810611486 -13.490958934752303 19.648021841975627 -4.097286677615049 -2.3206585041251895 -49.81532939702818 50.03738859039059 0.08737457505180672 207.05166809138754 1.8187470415757426e-06 -2.994728514743244 -2.4715556496788045 0.0 49.82775780010046
1886.0 -3126.860807343084 -5379.604001051034 -1482.8506220715005 -120.16702479222411 -13.49098059313452 19.59831045887526 -3.871183328973107 -2.335830647677554 -49.61490721549251 49.820489591964865 0.08806725485431577 207.1048503396653 1.804426731564808e-06 -2.7788591702789334 -2.4832137289724585 0.0 49.62714893928775
1887.0 -3126.8395791525795 -5379.5599995340235 -1482.8414227849946 -120.16705940218283 -13.491002383156111 19.548798626485514 -3.6462770022224156 -2.3504576750577613 -49.4162670693184 49.60632457988977 0.08876219941905628 207.1586084559634 1.7902864040365684e-06 -2.5638574225434096 -2.4948276959183033 0.0 49.428331207067856
1888.0 -3126.8182519892266 -5379.516274198708 -1482.8322833251484 -120.16709194675991 -13.49102430033363 19.49948457852588 -3.4225211017747696 -2.3646263573547035 -49.21937612765808 49.394858992590194 0.08945943310371772 207.2129102723995 1.7763229352695597e-06 -2.349715570230418 -2.5063978446544066 0.0 49.23127052249415
1889.0 -3126.7968260335424 -5379.472823103389 -1482.8232028804132 -120.16712243632622 -13.491046340895993 19.450366581120065 -3.199875480563893 -2.378408610537903 -49.02420263641555 49.186059760323644 0.09015897932713263 207.26772432076825 1.7625332612069243e-06 -2.1364260530178645 -2.5179244639654765 0.0 49.03593410443651
1890.0 -3126.775301441329 -5379.429644338268 -1482.8141807102488 -120.16715088090895 -13.491068501662289 19.401442931730998 -2.9783053839325255 -2.3918639999597975 -48.83071587137219 48.97989514959118 0.0908608605961066 207.32301981581077 1.7489143759265046e-06 -1.9239814469544656 -2.529407837376519 0.0 48.84229038222896
1891.0 -3126.7536783487594 -5379.386736024381 -1482.8052161339212 -120.16717729023702 -13.491090779940206 19.352711958123837 -2.757780566896976 -2.4050418311272477 -48.638886097335316 48.77633463734422 0.09156509853163965 207.37876663904225 1.7354633301613518e-06 -1.7123744599663329 -2.540848243264006 0.0 48.650308920905566
1892.0 -3126.731956876569 -5379.344096312583 -1482.7963085211704 -120.16720167377919 -13.491113173441706 19.304172017393167 -2.53827455681337 -2.4179828935627974 -48.4486845309355 48.575348807573555 0.09227171389402561 207.43493532306877 1.722177229878788e-06 -1.5015979276407156 -2.552245954971818 0.0 48.4599603567857
1893.0 -3126.7101371334916 -5379.301723382586 -1482.7874572844394 -120.1672240407758 -13.491135680213027 19.255821495013777 -2.3197640378953537 -2.4307209140485053 -48.26008330568264 48.376909264905855 0.0929807266074162 207.4914970364153 1.7090532349048117e-06 -1.2916448091107595 -2.5636012409381475 0.0 48.27121634060301
1894.0 -3126.6882192190687 -5379.259615442028 -1482.7786618724003 -120.16724440026543 -13.491158298576746 19.20765880392259 -2.102228337744833 -2.4432837666326925 -48.073055438459185 48.18098856123106 0.09369215578375321 207.54842356883293 1.6960885575943658e-06 -1.0825081830741017 -2.5749143648286843 0.0 48.08404948626305
1895.0 -3126.6662032259424 -5379.217770725609 -1482.769921764565 -120.16726276110708 -13.491181027083663 19.15968238365231 -1.8856489992356735 -2.4556944792389146 -47.88757479704211 47.987560132455016 0.09440601974577115 207.60568731703844 1.6832804615513414e-06 -0.8741812440348594 -2.5861855856688836 0.0 47.89843332397177
1896.0 -3126.6440892417227 -5379.176187494242 -1482.761236466797 -120.16727913199914 -13.491203864473082 19.11189069948881 -1.6700094237461727 -2.4679720703452954 -47.70361606844661 47.796598243192605 0.09512233604948231 207.6632612708981 1.6706262603891251e-06 -0.6666572986474495 -2.5974151579797766 0.0 47.71434225686899
1897.0 -3126.62187735049 -5379.13486403426 -1482.752605507574 -120.16729352149476 -13.49122680963995 19.0642822416611 -1.4552945739805843 -2.4801322438234 -47.52115472800904 47.608077937754274 0.0958411215060221 207.72111900002426 1.658123316532617e-06 -0.4599297622010691 -2.6086033319141904 0.0 47.531751520561286
1898.0 -3126.5995676340126 -5379.093798656645 -1482.7440284348702 -120.16730593801528 -13.491249861607578 19.01685552455671 -1.2414907265389346 -2.4921879654879113 -47.34016700922768 47.421974996207965 0.09656239220296696 207.7792346407759 1.6457690400584621e-06 -0.2539921552135527 -2.6197503533929574 0.0 47.350637145161485
1899.0 -3126.577160172715 -5379.052989696295 -1482.7355048135646 -120.16731638986128 -13.491273019505291 18.96960908598965 -1.0285852668003983 -2.5041499409787225 -47.16062991504324 47.238265935168 0.09728616121075573 207.83758290243819 1.6335608916529673e-06 -0.048838100252665106 -2.6308564642343133 0.0 47.17097596019257
1900.0 -3126.554655046238 -5379.012435510941 -1482.7270342231657 -120.16732488522194 -13.491296282549905 18.922541486010655 -0.8165665422800572 -2.5160270084846736 -46.98252239313653 47.05692917357624 0.09801241186808034 207.8961392731318 1.6214964284882412e-06 0.15553868323034803 -2.6419219023952714 0.0 46.99274676495674
1901.0 -3126.532052332917 -5378.972134478423 -1482.7186162554412 -120.16733143218366 -13.491319650030363 18.875651303827762 -0.6054237587427593 -2.5278264612792096 -46.805827277289154 46.87794696504337 0.09874110775112101 207.9548799302652 1.609573285122527e-06 0.3591443922726037 -2.6529469026604 0.0 46.815932266208584
1902.0 -3126.5093521088606 -5378.932084993547 -1482.7102505122157 -120.16733603873708 -13.491343121295273 18.828937134189765 -0.39514683999240674 -2.539554321152167 -46.63053044852398 46.7013045544336 0.09947221263776929 208.01378157089982 1.5977891367417969e-06 0.5619851561037966 -2.6639316974603204 0.0 46.6405182357616
1903.0 -3126.48655444745 -5378.892285465918 -1482.7019366036754 -120.16733871278326 -13.491366695742395 18.782397584923544 -0.18572630129834167 -2.5512155655032718 -46.456619732328505 46.526989071665 0.10020569092715557 208.07282140000555 1.5861416971286678e-06 0.7640670468409979 -2.674876517421294 0.0 46.46649240462823
1904.0 -3126.463659419158 -5378.852734318548 -1482.6936741470888 -120.16733946213853 -13.491390372810148 18.736031275381567 0.022846852837552944 -2.5628143143854185 -46.2840841625964 46.35498879256698 0.10094150765165667 208.13197712113566 1.5746287175939848e-06 0.9653960862320721 -2.6857815917033 0.0 46.29384372439785
1905.0 -3126.4406670915587 -5378.813429987002 -1482.6854627658297 -120.16733829453867 -13.491414151970735 18.68983683549636 0.23120770801593693 -2.572977394493935 -46.11290375346768 46.18520934512905 0.1016796284803048 208.19122692662623 1.5632479860878101e-06 1.1834883728229042 -2.658159603992476 0.0 46.12281417097133
1906.0 -3126.4175751986077 -5378.774374618692 -1482.6772938196705 -120.16733518196074 -13.491437955996053 18.64381294754404 0.44598031907325364 -2.567169552680383 -45.94297812995369 46.01680668415196 0.10242001903354431 208.2505494328833 1.551997336732704e-06 1.4291883769261 -2.568188036308735 0.0 45.953497566254285
1907.0 -3126.3943790952576 -5378.7355741308775 -1482.6691502542553 -120.16733005999227 -13.491461629578467 18.597958337584977 0.6673131218014028 -2.5450825588478896 -45.77430951262363 45.84986546753814 0.10316264498874902 208.3099236797706 1.5408746467387697e-06 1.6739842993588196 -2.478548963805804 0.0 45.785425901005446
1908.0 -3126.3710748310314 -5378.6970333204645 -1482.6610175138353 -120.16732287493454 -13.491485040605395 18.55227171212691 0.8937896964866106 -2.5098459882954103 -45.60692553102385 45.68467843050734 0.10390747308759209 208.36932920212396 1.5298778203058913e-06 1.9178829524462533 -2.3892398207553907 0.0 45.61858140316186
1909.0 -3126.3476592205357 -5378.658755753606 -1482.652883789563 -120.16731358487567 -13.491508082462627 18.506751757704652 1.1242577271823393 -2.464008828124399 -45.440846622889914 45.52148763767733 0.10465447114857834 208.42874602123962 1.5190047882138381e-06 2.1608912799510978 -2.3002579961374083 0.0 45.4529643176626
1910.0 -3126.324129701762 -5378.620743998025 -1482.6447395097432 -120.16730215748736 -13.491530669295077 18.461397148029647 1.357780880950827 -2.409645359589078 -45.276084978784944 45.36048754903126 0.10540360795433235 208.4881546264484 1.5082535092037043e-06 2.4030163144389802 -2.211600849197185 0.0 45.28858144991595
1911.0 -3126.3004842209607 -5378.582999814143 -1482.6365769235538 -120.16728856822408 -13.491552732133725 18.416206551301528 1.593599275947259 -2.348442056988752 -45.11264532010107 45.2018307873096 0.10615485313154295 208.54753595631456 1.4976219713202086e-06 2.6442651345509773 -2.1232657249742806 0.0 45.12544039568115
1912.0 -3126.276721138776 -5378.545524311362 -1482.6283897611765 -120.1672727988526 -13.491574215732546 18.37117863645102 1.8310970421064177 -2.28176885121131 -44.9505263404764 45.04563468033092 0.10690817704415753 208.60687138114352 1.4871081929302715e-06 2.8846448286223967 -2.035249967469101 0.0 44.96354693286971
1913.0 -3126.2528391535443 -5378.508318075372 -1482.620172956433 -120.16725483625234 -13.491595075987977 18.326312077959766 2.0697757317603553 -2.210737521160228 -44.78972222771708 44.891987583568884 0.1076635507066603 208.66614268735358 1.4767102233526428e-06 3.1241624664318333 -1.9475509298121843 0.0 44.802904100115754
1914.0 -3126.2288372385624 -5378.47138127149 -1482.6119224205734 -120.16723467143773 -13.491615277835141 18.28160555933183 2.3092325488764303 -2.1362494956370455 -44.63022400825814 44.74095452602348 0.10842094571726175 208.72533206369317 1.4664261431357526e-06 3.362825078590372 -1.8601659816282197 0.0 44.64351211937384
1915.0 -3126.204714590764 -5378.434713728404 -1482.6036348579096 -120.167212298762 -13.491634793534349 18.237057775391733 2.5491425422620644 -2.059034951018635 -44.47202062791814 44.59258202168005 0.10918033420903767 208.7844220891316 1.4562540640417193e-06 3.6006396425620686 -1.773092513973073 0.0 44.48536869532746
1916.0 -3126.1804705887557 -5378.3983150059175 -1482.5953076156707 -120.16718771526975 -13.49165360127664 18.19266743371007 2.789244055559518 -1.9796847610437105 -44.31509976724856 44.44690204655186 0.10994168881472263 208.84339572206622 1.4461921288196823e-06 3.8376130736456657 -1.6863279424611517 0.0 44.328469443488395
1917.0 -3126.156104758527 -5378.362184449688 -1482.586938561833 -120.16716092017052 -13.491671684050095 18.14843325536512 3.029326849836284 -1.8986765823072371 -44.15944842620077 44.30393525674245 0.11070498264220396 208.90223629059196 1.4362385108261405e-06 4.073752219752387 -1.5998697090136451 0.0 44.1728083237543
1918.0 -3126.1316167454597 -5378.326321235437 -1482.5785259857937 -120.16713191441148 -13.491689028718538 18.104353975252483 3.2692224169112443 -1.816396133100037 -44.005053323991476 44.1636935521805 0.11147018925751655 208.9609274835666 1.4263914135475025e-06 4.3090638588039845 -1.5137152826598284 0.0 44.018378025193456
1919.0 -3126.1070062915182 -5378.290724404607 -1482.5700685176928 -120.16710070033068 -13.491705625274031 18.060428342106054 3.508796086528168 -1.7331545361648732 -43.851901158926125 44.02618209514982 0.1122372826728101 209.01945334225712 1.4166490700661618e-06 4.54355469784354 -1.427862159725209 0.0 43.86517028430449
1920.0 -3126.0822732166685 -5378.2553928931375 -1482.5615650629375 -120.16706728137605 -13.491721466230263 18.01665511832456 3.7479406008841316 -1.64920244124054 -43.69997876668638 43.891400885011514 0.11300623733783767 209.07779825244174 1.407009742493911e-06 4.777231373325179 -1.342307863601464 0.0 43.71317613700539
1921.0 -3126.0574174037824 -5378.22032555465 -1482.5530147491136 -120.1670316618779 -13.491736546131289 17.973033079705434 3.9865708894196814 -1.5647415151151876 -43.549273160409264 43.75934593050307 0.11377703133773326 209.13594694791863 1.3974717259993951e-06 5.010100452015213 -1.2570499443061713 0.0 43.56238606490921
1922.0 -3126.032438786638 -5378.185521179615 -1482.5444168831061 -120.16699384686457 -13.491750861153598 17.929561015688115 4.224619856715961 -1.479933771817299 -43.399770058063716 43.63000868663136 0.11454968746329429 209.19388464462153 1.3880334073676854e-06 5.242168429269156 -1.1720859790161444 0.0 43.4127886279359
1923.0 -3126.0073373414316 -5378.150978513027 -1482.5357709169862 -120.16695384191326 -13.491764408783887 17.88623773211497 4.462034992189032 -1.394909141628137 -43.251451277406964 43.50337418392768 0.11532426023079796 209.2515969846685 1.3786932465392706e-06 5.473441713947154 -1.087413577505557 0.0 43.26436795656076
1924.0 -3125.982113080541 -5378.116696269805 -1482.5270764207296 -120.16691165302882 -13.491777187558787 17.84306205475284 4.698775539776747 -1.309771637935924 -43.104295799474166 43.379422652742996 0.1161008035606294 209.3090699127175 1.3694497305380723e-06 5.70392660933325 -1.0030303890585262 0.0 43.1171049032163
1925.0 -3125.9567660471253 -5378.082673146509 -1482.5183330600084 -120.16686728654682 -13.491789196854556 17.80003283133218 4.934810187252246 -1.2246043633257564 -42.95828118531442 43.25813137234922 0.11687937000628791 209.36628966362107 1.3603013723453305e-06 5.933629302020992 -0.9189341064732932 0.0 42.97097853582684
1926.0 -3125.931296310454 -5378.048907830159 -1482.5095405781078 -120.1668207490553 -13.491800436717385 17.757148932459298 5.170115198953532 -1.1394735645292222 -42.81338447153407 43.139475901801426 0.11766001075664302 209.42324275441814 1.3512467106124807e-06 6.1625558568582495 -0.8351224678559087 0.0 42.825967098909786
1927.0 -3125.9057039618997 -5378.015399004883 -1482.5006987812346 -120.16677204733222 -13.491810907727078 17.714409251814242 5.404672908045896 -1.0544319140543266 -42.66958272332628 43.02343089163306 0.11844277564977977 209.47991597749655 1.3422843092268979e-06 6.390712215741182 -0.7515932570120819 0.0 42.68204862177194
1928.0 -3125.8799891115596 -5377.982145356917 -1482.4918075265991 -120.1667211882954 -13.491820610886865 17.67181270592776 5.638470500012524 -0.9695211636902776 -42.52685336812313 42.909970615932615 0.1192277131935691 209.53629639452893 1.3334127567986431e-06 6.6181041986840645 -0.6683443030116738 0.0 42.53920129808299
1929.0 -3125.854151885412 -5377.949145578353 -1482.4828667127656 -120.1666681789624 -13.491829547535067 17.629358233687235 5.871499031945401 -0.8847742882642535 -42.385174389611215 42.799069317697366 0.120014870590524 209.59237133097213 1.3246306661031572e-06 6.844737506359699 -0.585373479220747 0.0 42.39740371780201
1930.0 -3125.8281924229423 -5377.916398369952 -1482.473876271841 -120.1666130264188 -13.491837719274125 17.587044795720605 6.103752642659924 -0.8002172160724736 -42.24452443357013 42.69070142940006 0.120804293764399 209.6481283709231 1.3159366735127708e-06 7.070617723310679 -0.5026787020927386 0.0 42.25663500410304
1931.0 -3125.802110875159 -5377.883902443209 -1482.4648361631644 -120.16655573779276 -13.491845127913551 17.54487137369113 6.335227917123891 -0.7158702244626536 -42.104882858633744 42.58484171016076 0.12159602738804468 209.7035553522763 1.3073294384245253e-06 7.295750321652053 -0.4202579297840248 0.0 42.11687488949809
1932.0 -3125.7759074029495 -5377.851656521854 -1482.4557463682097 -120.16649632023488 -13.49185177542428 17.5028369695656 6.565923375604317 -0.6317490643719399 -41.96622975313576 42.481465327217926 0.1223901149114415 209.7586403620914 1.2988076426974068e-06 7.520140664928684 -0.33810916071654906 0.0 41.9781037532812
1933.0 -3125.749582175704 -5377.819659342921 -1482.446606886469 -120.16643478090236 -13.491857663902165 17.46094060487696 6.795839063540676 -0.5478658656532005 -41.828545931498624 42.3805479002783 0.12318659858956968 209.81337173213345 1.2903699901030345e-06 7.743794012012829 -0.2562304321289282 0.0 41.84030263458797
1934.0 -3125.723135370172 -5377.787909657474 -1482.437417732131 -120.1663711269466 -13.491862795538625 17.41918132000696 7.024976222696573 -0.46422986526488863 -41.691812918675616 42.28206552124793 0.12398551950966558 209.8677380345449 1.2820152057945433e-06 7.966715520903052 -0.17461981866618959 0.0 41.70345323028687
1935.0 -3125.6965671695066 -5377.756406231072 -1482.4281789313998 -120.16630536550329 -13.491867172597443 17.37755817347835 7.253337027841216 -0.3808479924469381 -41.55601292797393 42.18599475777168 0.12478691761808472 209.9217280776539 1.273742035791002e-06 8.188910252479227 -0.09327543098822377 0.0 41.5675378836262
1936.0 -3125.669877762463 -5377.725147844019 -1482.4188905203298 -120.16623750368497 -13.491870797396123 17.336070241272683 7.4809243762306 -0.29772533852619176 -41.421128835536585 42.09231264625647 0.1255908317464846 209.97533090189134 1.2655492464800436e-06 8.410383174126178 -0.0121954144280349 0.0 41.43253956740597
1937.0 -3125.6430673427217 -5377.694133291482 -1482.4095525430782 -120.16616754857506 -13.491873672291044 17.29471661618515 7.707741719583815 -0.21486553373515704 -41.287144153489706 42.00099667822705 0.12639729963711477 210.02853577579512 1.2574356241403426e-06 8.631139163164102 0.06862205227750118 0.0 41.298441864085795
1938.0 -3125.6161361083177 -5377.663361383458 -1482.4001650504915 -120.16609550722347 -13.491875799665815 17.253496407194298 7.9337929302184165 -0.13227104915337762 -41.15404300295558 41.91202478262229 0.1272063579676474 210.08133219212397 1.2493999744789505e-06 8.851183010203151 0.14917875822761 0.0 41.16522894436573
1939.0 -3125.5890842611575 -5377.6328309446735 -1482.390728098962 -120.16602138664317 -13.49187718192185 17.21240873886505 8.159082194642295 -0.04994343839699056 -41.0218100875925 41.825375305769505 0.12801804237520167 210.1337098640511 1.2414411221865668e-06 9.070519422323054 0.22947646153248236 0.0 41.032885545169556
1940.0 -3125.561912006597 -5377.602540814399 -1482.3812417494996 -120.16594519380769 -13.491877821471057 17.171452750785278 8.383613929163001 0.03211646912200372 -40.89043066804848 41.74102699023258 0.12883238747955278 210.18565872143162 1.2335579105101943e-06 9.289153026075953 0.309516890422272 0.0 40.90139694763805
1941.0 -3125.534619553087 -5377.572489846224 -1482.371706066982 -120.16586693564943 -13.491877720730121 17.130627597012325 8.607392713153061 0.1139084138372013 -40.7598905374956 41.65895895331287 0.1296494269059978 210.23716890717012 1.2257492008380795e-06 9.5070883704381 0.3893017443364625 0.0 40.77074895548087
1942.0 -3125.507207111856 -5377.542676907784 -1482.3621211195382 -120.16578661905831 -13.491876882115827 17.0899324455529 8.83042323644544 0.19543258288383925 -40.630175998316425 41.579150665728804 0.1304691933074199 210.28823077365124 1.218013872300999e-06 9.724329929584572 0.4688326949478715 0.0 40.64092787389929
1943.0 -3125.479674896641 -5377.513100880468 -1482.3524869780513 -120.16570425088089 -13.491875308041475 17.04936647786526 9.052710258035237 0.27668951198333147 -40.501273839931244 41.501581930802075 0.13129171838577108 210.3388348792461 1.2103508213872566e-06 9.940882105546343 0.5481113871428609 0.0 40.51192048918596
1944.0 -3125.45202312344 -5377.483760659107 -1482.3428037157466 -120.16561983792009 -13.491873000914307 17.00892888838495 9.274258573799704 0.35768000737220795 -40.37317131774348 41.426232864372736 0.13211703291294757 210.38897198488502 1.2027589615711753e-06 10.156749230742744 0.6271394399552299 0.0 40.38371404907261
1945.0 -3125.424252010302 -5377.454655151646 -1482.3330714078547 -120.16553338693468 -13.491869963133098 16.968618884064725 9.495072991020352 0.4384050836530875 -40.24585615114071 41.353083892987804 0.13294516547896296 210.43863296007675 1.1952372403473072e-06 10.371935570438417 0.7059184474723454 0.0 40.25629626184352
1946.0 -3125.3963617770637 -5377.425783278693 -1482.3232901312997 -120.16544490463963 -13.491866197086825 16.92843568378966 9.715158301874117 0.5188659124091686 -40.11931683743218 41.28211605729293 0.13377613378698316 210.4878081580688 1.1877847581809579e-06 10.58644532586788 0.7844499799849782 0.0 40.12965561124839
1947.0 -3125.368352644899 -5377.397143972699 -1482.3134599643377 -120.16535439770598 -13.491861705153159 16.888378517391626 9.934519261715765 0.5990637811535109 -39.99354298171677 41.21331132784307 0.13460995015206387 210.53648780277138 1.1804006933195729e-06 10.800282639498802 0.8627355859204648 0.0 40.0037816872026
1948.0 -3125.340224835884 -5377.368736177113 -1482.3035809862256 -120.16526187276163 -13.49185648969772 16.848446624640843 10.153160584471518 0.6790000646184957 -39.86852503874165 41.14665235115231 0.1354466263344756 210.58466232830023 1.173084235720174e-06 11.01345160041855 0.940776793820506 0.0 39.87866492816479
1949.0 -3125.3119785726863 -5377.340558845776 -1482.2936532769827 -120.16516733639132 -13.491850553073473 16.80863925453718 10.371086940740252 0.7586762025417091 -39.74425407085178 41.08212221345332 0.1362861735899603 210.632322377904 1.1658345863540376e-06 11.225956248120813 1.0185751137326293 0.0 39.75429637945009
1950.0 -3125.283614078355 -5377.312610942464 -1482.2836769172138 -120.1650707951373 -13.491843897620045 16.768955664770445 10.58830295614377 0.838093682029184 -39.620721593859315 41.0197042910971 0.13712860268738974 210.67945880066486 1.158650956949784e-06 11.437800575389742 1.0961320382714597 0.0 39.630667539375445
1951.0 -3125.255131576171 -5377.284891440538 -1482.2736519879777 -120.16497225549963 -13.49183652566357 16.729395121332725 10.804813210055407 0.9172540236089439 -39.497919478176044 40.959382155404796 0.13797392392334704 210.72606264808377 1.151532569769694e-06 11.648988530373101 1.1734490433822373 0.0 39.507770260596445
1952.0 -3125.226531289531 -5377.257399322661 -1482.2635785706855 -120.16487172393664 -13.491828439516249 16.68995689819427 11.020622234697084 0.9961587702327588 -39.37583988457509 40.90113951164572 0.13882214713540528 210.7721251706598 1.1444786574021899e-06 11.859524018315646 1.250527588980255 0.0 39.38559668602476
1953.0 -3125.197813441863 -5377.230133580545 -1482.2534567470225 -120.16476920686543 -13.4918196414763 16.650640277032508 11.232215330145786 1.0753979429128933 -39.254542238845964 40.844072132192274 0.13967328171427604 210.8176378144766 1.1374884625680529e-06 11.985303637703876 1.3414492072411912 0.0 39.262666894335815
1954.0 -3125.1689958017537 -5377.203083564164 -1482.2432832697734 -120.16466489508196 -13.491810103650044 16.611444229752525 11.407568857078816 1.1603302446181782 -39.13443114642874 40.7796848278667 0.14052734355025043 210.86259257994453 1.1305611820358903e-06 12.012105103514248 1.4485986958952408 0.0 39.140161776975674
1955.0 -3125.1401100052344 -5377.176231256887 -1482.2330523324072 -120.16455912394198 -13.491799774447289 16.572367713619723 11.550244250677721 1.2503648097647488 -39.01516114298807 40.70816077178061 0.1413843487713769 210.90698166697672 1.1236960198365359e-06 12.038824578361561 1.555423651554694 0.0 39.01941274092781
1956.0 -3125.1111812742683 -5377.149562385766 -1482.2227594043484 -120.16445216039133 -13.491788613433812 16.533409996747505 11.667351262388614 1.34431572466179 -38.89653216967853 40.63095476449416 0.1422443065592076 210.95079710508998 1.1168922438885619e-06 12.065462460211315 1.6619261973869706 0.0 38.89986611500165
1957.0 -3125.0822293145347 -5377.123065744589 -1482.2124010084851 -120.16434421324828 -13.491776589663315 16.49457047577924 11.764462695493021 1.4412532192023342 -38.77847347189757 40.5493501571378 0.14310722300257506 210.99403096862386 1.1101491527167544e-06 12.092019059674456 1.7681080665648359 0.0 38.78123427733604
1958.0 -3125.0532694786316 -5377.096732478062 -1482.2019744788518 -120.16423544578062 -13.491763679625649 16.455848585968837 11.845944227352298 1.5404490416611 -38.6609724798507 40.4644309360118 0.14397310303310631 211.03667547904834 1.1034660592269988e-06 12.118494662304002 1.8739708572792364 0.0 38.66337173125047
1959.0 -3125.024313695359 -5377.07055554669 -1482.1914777775257 -120.16412598558327 -13.49174986563273 16.417243762653786 11.915213614819498 1.641333369410738 -38.544039326336076 40.3770882841552 0.14484195127717137 211.07872304558913 1.096842283835412e-06 12.144889555402237 1.9795161451089753 0.0 38.546207157353415
1960.0 -3124.9953712075408 -5377.044529320841 -1482.1809093546406 -120.16401593233317 -13.491735134549915 16.378755427873227 11.974944588509526 1.74346082435296 -38.427690130624725 40.28804192709345 0.14571377236959432 211.1201662762374 1.0902771521110791e-06 12.17120403740133 2.0847455250006246 0.0 38.429706761742125
1961.0 -3124.9664491551507 -5377.018649269381 -1482.1702680404505 -120.16390536387472 -13.491719476799615 16.340382988336497 12.027227256623908 1.8464836874956312 -38.31193986047295 40.19786602996682 0.146588571019399 211.16099797576248 1.0837699944183438e-06 12.197438419330025 2.1896606209527008 0.0 38.31385491072469
1962.0 -3124.9375530345674 -5376.992911718969 -1482.159552961616 -120.16379434099149 -13.491702885579988 16.302125837966333 12.073694253550906 1.9501308069618641 -38.19679986715729 40.10701463814225 0.14746635197205768 211.20121113876834 1.0773201463391207e-06 12.223593023056662 2.2942630822211956 0.0 38.198644174311234
1963.0 -3124.908687059335 -5376.967313666995 -1482.1487634760233 -120.16368291114512 -13.491685356252432 16.263983361687046 12.115619892807224 2.0541910057798702 -38.0822775428717 40.015844473502284 0.14834711994067443 211.24079894164447 1.0709269492872147e-06 12.249668178622795 2.3985545753755715 0.0 38.08407039778318
1964.0 -3124.8798544429583 -5376.9418526357 -1482.137899121909 -120.16357111140303 -13.491666885861864 16.22595493910555 12.153998047813046 2.158500042566116 -37.96837682165537 39.92463436840991 0.14923087953629802 211.2797547349213 1.0645897510820437e-06 12.275664221618255 2.502536776075666 0.0 37.970130397498885
1965.0 -3124.8510576202325 -5376.916526558162 -1482.126959578103 -120.16345897072878 -13.491647472761791 16.188039947532584 12.189603278288317 2.26293037438597 -37.855098916757804 39.83360134307333 0.15011763521039118 211.3180720365968 1.0583079063918796e-06 12.30158149099384 2.6062113622137675 0.0 37.85682098320252
1966.0 -3124.8222984202303 -5376.891333689139 -1482.1159446329398 -120.16334651177253 -13.49162711632104 16.150237764298915 12.2230387690889 2.3673831272272725 -37.74244303163422 39.74291365284992 0.1510073912111666 211.35574452643402 1.0520807770442144e-06 12.327420327352549 2.709580008648775 0.0 37.74413862060591
1967.0 -3124.7935782013587 -5376.8662725352915 -1482.1048541599507 -120.16323375226962 -13.491605816694754 16.11254776841868 12.254773896637253 2.471781803806616 -37.63040695069052 39.65270124238585 0.15190015155325198 211.39276604112473 1.045907732216953e-06 12.353181071691184 2.8126443834686117 0.0 37.63207938109311
1968.0 -3124.7648979566975 -5376.841341800605 -1482.0936880988663 -120.16312070613233 -13.491583574645885 16.074969341738615 12.285173643549086 2.576067357198326 -37.51898749339483 39.56306404982422 0.1527959199980263 211.42913057013038 1.0397881485376156e-06 12.378864064501846 2.915406145462286 0.0 37.52063900358996
1969.0 -3124.7362583960803 -5376.816540343707 -1482.0824464407735 -120.16300738430104 -13.49156039140583 16.037501869706905 12.314521611816602 2.6801943371660517 -37.40818084678348 39.4740785640214 0.15369470004193547 211.46483225202954 1.0337214101157453e-06 12.404469645143053 3.017866942482539 0.0 37.409812986738366
1970.0 -3124.70766001001 -5376.791867144521 -1482.0711292165338 -120.16289379540771 -13.491536268566104 16.000144741858588 12.343038013165168 2.784127878194827 -37.29798280076882 39.38580298080805 0.15459649491083038 211.49986537124636 1.0277069085267145e-06 12.429998151415978 3.120028410469541 0.0 37.29959667663545
1971.0 -3124.679103119381 -5376.767321278229 -1482.059736487751 -120.16277994629245 -13.491511207993906 15.962897352115018 12.370893721556234 2.8878413474964155 -37.18838889455813 39.298281230751606 0.1555013086450514 211.53422492532786 1.0217440270287854e-06 12.455449919278223 3.221892172896536 0.0 37.18998532236089
1972.0 -3124.650587914172 -5376.742901895021 -1482.0482683397508 -120.16266584240542 -13.491485211766493 15.925759099032497 12.398221241195506 2.9913145109888415 -37.07939437924161 39.21154600344927 0.1564091493714663 211.5679083394837 1.0158320931192058e-06 12.480825282602483 3.3234598402885975 0.0 37.080973982337184
1973.0 -3124.622114483571 -5376.718608204438 -1482.0367248761513 -120.16255148811914 -13.491458282120202 15.888729386094958 12.425123259791077 3.0945321028689747 -36.97099422558951 39.125621157820106 0.15732002594858094 211.6009137045499 1.0099704270259798e-06 12.506124572914361 3.424733009570959 0.0 36.97255749715033
1974.0 -3124.59368283937 -5376.694439463202 -1482.0251062146447 -120.16243688697138 -13.491430421410923 15.851807621910238 12.451679313117275 3.197482709857068 -36.86318326837447 39.04052374231564 0.15823394684577452 211.63323918640214 1.0041583578653893e-06 12.531348119204495 3.5257132636432633 0.0 36.86473061196658
1975.0 -3124.5652929340804 -5376.670394965673 -1482.0134124837075 -120.16232204185349 -13.49140163208347 15.814993220296921 12.477950974059448 3.3001579027285537 -36.75595630557613 38.95626556321068 0.1591509201471697 211.6648830244063 9.98395223534165e-07 12.556496247823004 3.626402171224464 0.0 36.757488061892616
1976.0 -3124.536944674949 -5376.646474036424 -1482.0016438200423 -120.16220695515632 -13.491371916647774 15.778285600272474 12.503985889582683 3.402551560985847 -36.64930815767627 38.87285439337285 0.16007095355772252 211.69584352999408 9.926803705876719e-07 12.581569282447647 3.7268012869462117 0.0 36.65082462242767
1977.0 -3124.50863793481 -5376.622676024431 -1481.9898003665876 -120.1620916288837 -13.491341277660583 15.741684186018306 12.529820918876963 3.504659348148852 -36.54323370240539 38.790294905224826 0.16099405440972903 211.72611908528978 9.870131541163754e-07 12.606567544073528 3.826912151493093 0.0 36.544735138489635
1978.0 -3124.4803725604543 -5376.599000298556 -1481.9778822709739 -120.16197606473999 -13.491309717711289 15.70518840681226 12.555484570837393 3.6064783044154787 -36.437727894436485 38.70858939147421 0.16192022967001887 211.75570814179292 9.813929376192365e-07 12.631491351029668 3.9267362918197777 0.0 36.43921454035647
1979.0 -3124.4521483791023 -5376.575446244012 -1481.9658896843257 -120.16186026419794 -13.491277239411026 15.668797696928728 12.580998895794975 3.7080065306988823 -36.332785775911276 38.62773832216896 0.16284948594786988 211.7846092191122 9.75819092874221e-07 12.65634101902178 4.026275221447566 0.0 36.334257851692854
1980.0 -3124.4239652033907 -5376.5520132596175 -1481.9538227603323 -120.16174422855119 -13.491243845384181 15.632511495562504 12.60638095251428 3.809242943768007 -36.22840248138144 38.54774077527146 0.16378182950223721 211.81282090370303 9.70290999814599e-07 12.681116861161843 4.125530440689205 0.0 36.229860192798355
1981.0 -3124.3958228352126 -5376.528700755649 -1481.9416816545288 -120.16162795895467 -13.491209538262039 15.596329246724025 12.631643944903892 3.9101870866472996 -36.12457323941468 38.46859476941217 0.164717266249632 211.84034184764982 9.648080464029431e-07 12.705819188020522 4.224503436946817 0.0 36.12601678104843
1982.0 -3124.367721068672 -5376.50550815217 -1481.9294665237405 -120.16151145645605 -13.491174320677738 15.560250399150187 12.65679810209681 4.01083898194217 -36.02129337221026 38.39029752089904 0.16565580177153297 211.86717076745705 9.593696285095937e-07 12.730448307670699 4.323195684963486 0.0 36.02272292969456
1983.0 -3124.3396596923535 -5376.482434877715 -1481.9171775256514 -120.16139472201982 -13.491138195262463 15.52427440621378 12.68185135929327 4.111199018477009 -35.918558294057306 38.312845642060154 0.16659744132176132 211.8933064428619 9.539751497929241e-07 12.755004525734094 4.4216086470757725 0.0 35.91997404574341
1984.0 -3124.311638491061 -5376.459480368264 -1481.9048148184725 -120.16127775654576 -13.491101164642702 15.488400725819869 12.70680988404917 4.211267863763766 -35.81636350914184 38.236235294138545 0.1675421898341337 211.91874771567575 9.486240215796386e-07 12.779488145438792 4.519743773499824 0.0 35.8177656273469
1985.0 -3124.2836572471447 -5376.436644066443 -1481.8923785606823 -120.16116056088353 -13.491063231437867 15.452628820327577 12.731678482771008 4.311046396489757 -35.714704608997515 38.16046230497332 0.1684900519293891 211.94349348862636 9.433156627508279e-07 12.803899467659836 4.617602502546559 0.0 35.71609326094845
1986.0 -3124.2557157415204 -5376.413925420872 -1481.8798689108312 -120.16104313584346 -13.491024398258798 15.416958156461828 12.756460914432422 4.410535654491058 -35.61357726980855 38.08552225943085 0.16944103192231186 211.96754272422612 9.380494996283867e-07 12.828238790968708 4.715186260863092 0.0 35.61495261836167
1987.0 -3124.227813754437 -5376.391323885676 -1481.867286027385 -120.16092548220512 -13.490984667706323 15.381388205225813 12.781160132498224 4.509736794716625 -35.512977249645964 38.01141056872337 0.1703951338287765 211.99089444365842 9.328249658633888e-07 12.852506411682235 4.812496463671456 0.0 35.51433945383992
1988.0 -3124.1999510660653 -5376.368838920067 -1481.854630068607 -120.16080760072396 -13.490944042370568 15.345918441825779 12.80577847133544 4.608651062448251 -35.412900385726516 37.93812252341585 0.171352361372403 212.0135477256732 9.27641502328072e-07 12.876702623904915 4.9095345149729175 0.0 35.4142496012101
1989.0 -3124.172127456937 -5376.346469988033 -1481.8419011924668 -120.16068949213614 -13.490902524830064 15.310548345588614 12.830317789738562 4.707279767675836 -35.31334259171254 37.8656533338131 0.17231271799134262 212.0355017055054 9.224985570084973e-07 12.900827719575677 5.006301807771701 0.0 35.314678971078415
1990.0 -3124.144342708276 -5376.324216558069 -1481.8290995565678 -120.16057115716248 -13.490860117651398 15.275277399889427 12.854779581346783 4.805624266984811 -35.2142998550904 37.79399816061623 0.17327620684473571 212.05675557380448 9.173955849003792e-07 12.924881988509178 5.102799724270976 0.0 35.21562354813731
1991.0 -3124.1165966022454 -5376.302078102964 -1481.8162253180942 -120.16045259651142 -13.490816823388734 15.240105092077284 12.879165059525814 4.903685949697789 -35.11576823462612 37.72315213806702 0.17424283081915778 212.07730857558167 9.123320479062891e-07 12.948865718438077 5.199029636073732 0.0 35.11707938856692
1992.0 -3124.0888889221296 -5376.280054099621 -1481.8032786337665 -120.16033381088127 -13.490772644583705 15.205030913406517 12.903475222568943 5.0014662272894865 -35.01774385790878 37.653110391311316 0.17521259253485494 212.09716000917135 9.073074147352856e-07 12.972779195052546 5.29499290436824 0.0 35.019042617536925
1993.0 -3124.0612194524674 -5376.25814402892 -1481.7902596598078 -120.1602148009619 -13.490727583765068 15.170054358966183 12.927710903742595 5.0989665253205825 -34.920222918982255 37.58386804931736 0.17618549435197023 212.11630922520962 9.02321160803845e-07 12.99662270204049 5.390690880118536 0.0 34.92150942680657
1994.0 -3124.0335879791423 -5376.236347375576 -1481.777168551922 -120.1600955674362 -13.490681643448843 15.135174927618355 12.951872809669604 5.196188277304717 -34.82320167606882 37.51542025438633 0.17716153837646811 212.13475562562422 8.973727681395941e-07 13.020396521123086 5.486124904230601 0.0 34.82447607242392
1995.0 -3124.005994289454 -5376.214663628044 -1481.7640054652686 -120.15997611098092 -13.490634826138002 15.10039212193503 12.975961549747828 5.293132920064398 -34.72667644937379 37.44776216904684 0.17814072646603593 212.1524986626417 8.924617252863276e-07 13.04410093209016 5.581296307722405 0.0 34.727938872511636
1996.0 -3123.978438172162 -5376.193092278419 -1481.7507705544524 -120.1598564322677 -13.4905871343227 15.065705448134104 12.999977658679686 5.389801890222628 -34.63064361898091 37.380888980960336 0.1791230602359553 212.16953783781048 8.875875272103603e-07 13.067736212837724 5.676206411896389 0.0 34.63189420514795
1997.0 -3123.95091941751 -5376.171632822356 -1481.7374639735074 -120.15973653196347 -13.490538570480087 15.031114416022785 13.023921613716428 5.486196621571504 -34.5350996228212 37.314795906301796 0.18010854106470625 212.18587270103575 8.827496752093522e-07 13.091302639399393 5.770856528491668 0.0 34.53633850632424
1998.0 -3123.9234378172437 -5376.1502847589945 -1481.7240858758894 -120.15961641073099 -13.49048913707451 14.996618538938696 13.04779384784538 5.582318543102327 -34.44004095474723 37.24947819201233 0.181097170097881 212.20150285188362 8.779476768590044e-07 13.114800485980556 5.865247959842565 0.0 34.44126826801066
1999.0 -3123.8959931646127 -5376.129047590886 -1481.7106364144668 -120.15949606922919 -13.490438836557416 14.962217333693058 13.071594759810694 5.678169077292378 -34.34546419437512 37.184931146394945 0.1820889458920688 212.21643107027504 8.731810970832156e-07 13.13823002499035 5.959381999031433 0.0 34.34668006799234
2000.0 -3123.86858525431 -5376.107920823826 -1481.6971157414869 -120.15937550811351 -13.490387671367566 14.927910320382566 13.095324721423932 5.773749637319198 -34.25136622060375 37.12115033793937 0.1830838597946439 212.2306694545559 8.684496583352259e-07 13.161591527164429 6.053259930400743 0.0 34.25257078339372
2001.0 -3123.8412138823155 -5376.086903966541 -1481.6835240085027 -120.15925472803605 -13.490335643930974 14.893697022038745 13.11898408343954 5.869061626122702 -34.15774425617902 37.05813163697405 0.18408190180194334 212.24423167112735 8.63753113874269e-07 13.184885261798302 6.146883030509827 0.0 34.158937635245266
2002.0 -3123.81387884578 -5376.065996530451 -1481.6698613663202 -120.15913372964577 -13.490282756661179 14.859576964364388 13.142573180413056 5.96410643734552 -34.06459572827795 36.9958710875891 0.18508306189205403 212.25713120187922 8.590912190380733e-07 13.208111496922031 6.240252568853441 0.0 34.06577804906106
2003.0 -3123.786579942958 -5376.045198029524 -1481.6561279649707 -120.1590125135886 -13.490229011959155 14.825549675558927 13.166092334384176 6.05888545604707 -33.97191817886597 36.9343648257093 0.1860873300315192 212.26938134677042 8.544637312023644e-07 13.231270499413123 6.333369808337101 0.0 33.973089565189866
2004.0 -3123.759316973176 -5376.024507980201 -1481.6423239536987 -120.15889108050763 -13.490174412213484 14.791614686249522 13.18954185765579 6.1534000591909885 -33.87970921356081 36.873609032731565 0.18709469617901836 212.2809952263218 8.498704097554203e-07 13.254362535037837 6.426236005463206 0.0 33.88086978767269
2005.0 -3123.7320897368154 -5376.00392590135 -1481.6284494809588 -120.15876943104301 -13.490118959800437 14.757771529433784 13.212922054889939 6.247651615972719 -33.78796647260468 36.81359990950384 0.1881051502887114 212.29198578406653 8.453110160745589e-07 13.277387868484436 6.518852410485437 0.0 33.78911635521007
2006.0 -3123.704898035305 -5375.983451314235 -1481.6145046944177 -120.15864756583228 -13.490062657083943 14.724019740458578 13.236233224690185 6.341641488046534 -33.69668761448569 36.75433366188997 0.18911868231249734 212.30236578895114 8.407853135077704e-07 13.300346763371314 6.611220267464361 0.0 33.697826924779406
2007.0 -3123.677741671118 -5375.9630837425075 -1481.6004897409578 -120.1585254855101 -13.490005506415793 14.690358857002575 13.259475660797909 6.4353710296912565 -33.6058703067778 36.6958064929094 0.19013528220212605 212.31214783770358 8.36293067356033e-07 13.323239482253555 6.703340814312944 0.0 33.60699916247161
2008.0 -3123.6506204477705 -5375.942822712191 -1481.586404766683 -120.15840319070848 -13.489947510135606 14.656788419076708 13.282649652992523 6.528841587917917 -33.51551222112772 36.63801459862189 0.19115493991072638 212.32134435716296 8.318340448581644e-07 13.346066286616376 6.7952152827929915 0.0 33.516630738475236
2009.0 -3123.6235341698252 -5375.922667751677 -1481.5722499169258 -120.15828068205695 -13.489888670570917 14.623307969012764 13.305755487771966 6.622054502553332 -33.425611030572895 36.58095416610011 0.1921776453946432 212.32996760658298 8.274080151742056e-07 13.368827436877146 6.886844898544062 0.0 33.42671932439271
2010.0 -3123.5964826428917 -5375.902618391728 -1481.5580253362527 -120.15815796018215 -13.489828990037271 14.589917051468744 13.328793448864143 6.715011106294518 -33.33616440820518 36.524621372589586 0.19320338861471567 212.3380296799004 8.230147493711482e-07 13.391523192376264 6.978230881066695 0.0 33.33726259190214
2011.0 -3123.569465673628 -5375.882674165461 -1481.5437311684734 -120.15803502570841 -13.48976847083823 14.55661521342909 13.351763817612284 6.8077127247521085 -33.247170026578736 36.469012385315395 0.19423215953765646 212.34554250797515 8.186540204080655e-07 13.414153811370898 7.069374443719411 0.0 33.24825821216398
2012.0 -3123.542483069743 -5375.862834608366 -1481.529367556646 -120.15791187925731 -13.489707115265501 14.523402004206087 13.374666873263807 6.900160676478078 -33.15862555755029 36.41412336165491 0.19526394813734116 212.35251786080187 8.143256031214928e-07 13.43671955102883 7.160276793712838 0.0 33.15970385566027
2013.0 -3123.515534639994 -5375.843099258282 -1481.514934643085 -120.15778852144791 -13.489644925598974 14.49027697543218 13.39750289318621 6.992356272984705 -33.07052867235765 36.35995044950572 0.19629874439633 212.35896734969413 8.100292742097233e-07 13.459220667427967 7.2509391321284795 0.0 33.071597192272556
2014.0 -3123.4886201941918 -5375.82346765541 -1481.500432569369 -120.15766495289675 -13.489581904106718 14.45723968107137 13.420272153029934 7.084300818764079 -32.98287704181769 36.30648978774726 0.1973365383067459 212.36490242943626 8.057648122196839e-07 13.481657415542852 7.341362653885384 0.0 32.983935891478964
2015.0 -3123.4617395432006 -5375.803939342309 -1481.4858614763448 -120.15754117421784 -13.48951805304516 14.424289677415276 13.44297492684803 7.175995611296154 -32.89566833660881 36.253737506764374 0.1983773198715759 212.37033440041034 8.015319975318975e-07 13.504030049242301 7.43154854774882 0.0 32.89671762263627
2016.0 -3123.434892498937 -5375.784513863889 -1481.4712215041382 -120.1574171860227 -13.489453374659087 14.391426523082657 13.465611487185567 7.267441941057564 -32.80890022758319 36.20168972898882 0.19942107910581783 212.37527441069523 7.973306123459937e-07 13.526338821284165 7.521497996329445 0.0 32.809940055291705
2017.0 -3123.408078874371 -5375.765190767409 -1481.4565127921576 -120.15729298892029 -13.489387871181687 14.358649779014987 13.488182105145853 7.358641091529086 -32.7225703860953 36.15034256944847 0.20046780603770523 212.3797334581379 7.931604406658175e-07 13.548583983312977 7.611212176093348 0.0 32.723600859511244
2018.0 -3123.3812984835276 -5375.745969602483 -1481.4417354791021 -120.15716858351719 -13.489321544834626 14.325959008485778 13.510687050438934 7.449594339202189 -32.63667648433774 36.099692136317394 0.2015174907094461 212.3837223923959 7.890212682863777e-07 13.570765785848302 7.700692257334413 0.0 32.637697706214865
2019.0 -3123.3545511414845 -5375.726849921061 -1481.4268897029688 -120.15704397041743 -13.4892543978282 14.29335377709032 13.533126591416488 7.540302953582449 -32.55121619568065 36.04973453146432 0.20257012317853954 212.38725191695588 7.849128827783948e-07 13.592884478286965 7.789939404200412 0.0 32.55222826751593
2020.0 -3123.3278367269113 -5375.707831215995 -1481.4119756891355 -120.15691915100544 -13.48918643317931 14.260833652178059 13.553819269816795 7.628972288150415 -32.46620208799686 35.99946545423801 0.20362569353719606 212.39033259117403 7.808350734032565e-07 13.58472899404806 7.846693824246804 0.0 32.466946824377935
2021.0 -3123.301161068988 -5375.688907151524 -1481.3970020362838 -120.15679420106663 -13.489117731649966 14.228398160444806 13.560636252200291 7.702650621505415 -32.381694798914154 35.94156146039694 0.20468419330138643 212.39297483537914 7.767876258218503e-07 13.548242593719358 7.873030596853573 0.0 32.38214540435507
2022.0 -3123.274533716781 -5375.670067815754 -1481.381982554353 -120.15666924258593 -13.489048422279096 14.196046854416608 13.556117118583542 7.7640502049788225 -32.29761758601055 35.877358997707226 0.20574561326224963 212.39518892591806 7.727703304466405e-07 13.511847101287177 7.899299991546549 0.0 32.29793111131696
2023.0 -3123.2479616939636 -5375.651305815125 -1481.3669274835229 -120.15654436576753 -13.488978600890553 14.163779337522108 13.543211652450063 7.81632140460602 -32.21394252770001 35.808540257054894 0.20680994263715607 212.39698499742502 7.68782985446753e-07 13.475542390402703 7.9255023251933 0.0 32.21419862080082
2024.0 -3123.2214501410313 -5375.63261559671 -1481.351844414725 -120.15641963728919 -13.488908338718911 14.131595222778152 13.524113332777091 7.861807058943245 -32.13066561413163 35.73638656155641 0.2078771704014687 212.39837304929767 7.648253915195574e-07 13.439328268819583 7.951637909437134 0.0 32.13090305136026
2025.0 -3123.1950027934613 -5375.613992966806 -1481.3367389669374 -120.15629510634086 -13.488837688718895 14.099494119617855 13.500451943053706 7.902248167768073 -32.04779004282378 35.66186444089276 0.20894728572308696 212.39936294825844 7.608973502478369e-07 13.40320448325781 7.977707060887668 0.0 32.04802642506871
2026.0 -3123.1686223414854 -5375.595434738312 -1481.321615293462 -120.15617080912381 -13.48876669026615 14.067475631281269 13.473437438408773 7.938937505239007 -31.965319780397564 35.58569816347406 0.2100202780559371 212.39996442978673 7.569986637876191e-07 13.367170731094719 8.003710102824368 0.0 31.96556204363623
2027.0 -3123.142310699432 -5375.576938470746 -1481.3064764595458 -120.1560467722002 -13.488695372656856 14.03553935590107 13.443967340535927 7.972834279443832 -31.883257529111297 35.50842794279273 0.21109613711139244 212.40018709936234 7.531291350119268e-07 13.33122667246169 8.029647363973906 0.0 31.883507474122787
2028.0 -3123.116069206643 -5375.558502277799 -1481.2913247235635 -120.15592301498498 -13.488623757711169 14.003684888434597 13.412706847493997 8.004649656851747 -31.801604425997706 35.4304553339833 0.21217485279979056 212.400040433799 7.492885677523091e-07 13.295371940504648 8.055519176662541 0.0 31.801861569035253
2029.0 -3123.0898987769788 -5375.540124684571 -1481.2761617461044 -120.15579955159807 -13.488551861708329 13.971911822455702 13.380148543069879 8.03491050622073 -31.720360303060794 35.35207801011966 0.21325641638225737 212.39953501815037 7.454767602304651e-07 13.259606149411251 8.081325875134766 0.0 31.720623301113356
2030.0 -3123.0638000099075 -5375.5218045216225 -1481.2609887452882 -120.15567639224005 -13.488479696824076 13.940219751560129 13.346656864023707 8.064006871246661 -31.63952391962683 35.27351598758115 0.2143408260301722 212.39868828042364 7.416934737320252e-07 13.223928900458834 8.107067794229664 0.0 31.639791248628164
2031.0 -3123.03777327299 -5375.503540846428 -1481.2458066120532 -120.15555354421296 -13.4884072721973 13.908608270526631 13.312501189342337 8.092227296568469 -31.55909319481756 35.19493136539336 0.2154280822520106 212.39751985297713 7.379384582262225e-07 13.18833978663621 8.132745268292187 0.0 31.559363444770785
2032.0 -3123.0118187630173 -5375.485332885091 -1481.2306159956336 -120.15543101267731 -13.488334594720957 13.877076976111391 13.27788044335006 8.11978509348872 -31.47906555681802 35.1164432618508 0.21651818543710877 212.3960490879952 7.342114661063525e-07 13.15283839599749 8.158358630411964 0.0 31.479337536895585
2033.0 -3122.9859365512366 -5375.467179989048 -1481.2154173668607 -120.15530880121297 -13.488261669628303 13.84562546750484 13.242941373546676 8.146837853506756 -31.399438180308763 35.03813895276912 0.2176111358400327 212.39429505873667 7.305122522338553e-07 13.117424314001266 8.183908211960444 0.0 31.399710934700416
2034.0 -3122.960126616791 -5375.449081602936 -1481.2002110650083 -120.15518691223433 -13.488188500926608 13.814253346580081 13.207792118149097 8.173501933675663 -31.32020812734111 34.96008214572737 0.2187069335744127 212.39227656352688 7.268405739414182e-07 13.082097125141757 8.209394342316873 0.0 31.320480913233585
2035.0 -3122.9343888714234 -5375.431037240775 -1481.1849973324317 -120.15506534729737 -13.48811509171826 13.782960218019085 13.172512268970612 8.199863200665312 -31.241372427554914 34.88231911933315 0.21980557861074146 212.3900121296951 7.231961910212929e-07 13.046856414092638 8.234817348709262 0.0 31.241644680514487
2036.0 -3122.908723177714 -5375.4130464683385 -1481.1697763401608 -120.15494410732668 -13.488041444438014 13.751745689360192 13.137160328844953 8.225984993349233 -31.162928121654648 34.80488327421884 0.220907070776748 212.38752001745206 7.195788657043667e-07 13.011701766501481 8.260177556131737 0.0 31.16319942011136
2037.0 -3122.883129362529 -5375.395108890088 -1481.1545482067975 -120.15482319278306 -13.487967561028166 13.720609371001833 13.101779233686505 8.251914019198189 -31.084872283360678 34.72779850409962 0.22201140975920564 212.38481822370656 7.159883626343213e-07 12.97663276954183 8.2854752873074 0.0 31.085142317014572
2038.0 -3122.8576072269393 -5375.377224139536 -1481.1393130124538 -120.15470260378721 -13.487893443067895 13.689550876187859 13.066400438122338 8.277684717083378 -31.007202029194932 34.65108169111189 0.2231185951063218 212.38192448582208 7.124244488399598e-07 12.941649012301772 8.310710862673904 0.0 31.007470572812725
2039.0 -3122.8321565535234 -5375.359391872114 -1481.1240708090284 -120.15458234021091 -13.487819091868676 13.658569820977748 13.031046935887426 8.3033224827353 -30.92991452169773 34.57474455172628 0.22422862623061712 212.37885628531356 7.088868937061427e-07 12.90675008604985 8.335884600387503 0.0 30.930181414241872
2040.0 -3122.806777111735 -5375.341611759912 -1481.1088216277747 -120.15446240174415 -13.487744508544466 13.627665824211435 12.995735490898328 8.328846051418495 -30.853006969294615 34.49879500134701 0.22534150241196246 212.3756308514854 7.053754689444918e-07 12.871935584416157 8.36099681633618 0.0 30.853272097718772
2041.0 -3122.781468661855 -5375.323883487792 -1481.0935654848706 -120.15434278794466 -13.487669694063522 13.5968385074744 12.960478283937004 8.354269256604681 -30.776476624627705 34.423238162417384 0.22645722280057695 212.37226516501292 7.018899485645175e-07 12.837205103516478 8.386047824156321 0.0 30.776739911508205
2042.0 -3122.756230957891 -5375.306206750527 -1481.0783023855136 -120.15422349827418 -13.48759464928632 13.56608749505994 12.925284127024582 8.379602327011405 -30.700320782322375 34.34807710863395 0.22757578642010004 212.3687759614672 6.984301088448116e-07 12.802558242029807 8.411037935254559 0.0 30.700582176528975
2043.0 -3122.731063749697 -5375.288581250693 -1481.0630323269274 -120.15410453212517 -13.487519374993717 13.535412413932615 12.890159358248717 8.404852842406193 -30.62453677667293 34.273313413928086 0.22869719217059686 212.36517973478502 6.94995728304765e-07 12.767994601246793 8.43596745883087 0.0 30.624796246391604
2044.0 -3122.7059667845347 -5375.271006697103 -1481.0477553005735 -120.15398588884052 -13.487443871907361 13.504812893693568 12.855108500591449 8.43002643737917 -30.549121979480063 34.1989475571112 0.22982143883147083 212.36149274068558 6.915865876768694e-07 12.73351378509594 8.460836701901854 0.0 30.549379507027442
2045.0 -3122.6809398082046 -5375.253482803668 -1481.0324712937663 -120.15386756772774 -13.487368140704888 13.474288566549076 12.820134746602397 8.45512731912228 -30.474073798121157 34.12497921987564 0.23094852506423075 212.35773100003433 6.882024698797493e-07 12.699115400157247 8.485645969322743 0.0 30.47432937610865
2046.0 -3122.6559825658787 -5375.236009288533 -1481.0171802908606 -120.15374956806981 -13.487292182030831 13.443839067274006 12.785240314660166 8.48015864806208 -30.39938967386319 34.05140750605316 0.23207844941542075 212.35391030215467 6.848431599909839e-07 12.66479905565654 8.510395563814434 0.0 30.39964330236992
2047.0 -3122.6310948027026 -5375.218585873462 -1481.00188227412 -120.15363188913247 -13.487215996504942 13.41346403318015 12.75042671062818 8.505122817447836 -30.325067080396522 33.97823110277404 0.23321121031934747 212.3500462080893 6.815084452208311e-07 12.630564363457445 8.535085785987528 0.0 30.32531876489185
2048.0 -3122.6062762642264 -5375.201212283368 -1480.986577224349 -120.1535145301702 -13.487139584727965 13.383163104088279 12.71569491987014 8.530021658552439 -30.25110352256834 33.90544839880062 0.23434680610064215 212.34615405381223 6.781981148866992e-07 12.59641093804926 8.559716934363706 0.0 30.251353272388837
2049.0 -3122.5815266967284 -5375.18388824596 -1480.9712651213558 -120.15339749043021 -13.487062947286098 13.352935922297183 12.681045548041123 8.554856591158714 -30.17749653526898 33.833057571300834 0.235485234976909 212.34224895339145 6.749119603876211e-07 12.562338396527473 8.584289305400127 0.0 30.17774436250429
2050.0 -3122.5568458474327 -5375.166613491494 -1480.9559459442917 -120.15328076915537 -13.486986084754118 13.322782132554334 12.646478924235419 8.579628733830528 -30.104243682455408 33.76105664940239 0.23662649506128836 212.33834580210353 6.716497751792376e-07 12.528346358571909 8.608803193512827 0.0 30.104489601134652
2051.0 -3122.532233464675 -5375.149387752569 -1480.940619671892 -120.15316436558659 -13.486908997697732 13.292701382025145 12.611995176488652 8.60433898465415 -30.031342556269944 33.689443560656244 0.2377705843650492 212.3344592795016 6.684113547489526e-07 12.494434446420797 8.633258891101438 0.0 30.031586581768757
2052.0 -3122.507689298013 -5375.132210763987 -1480.9252862826577 -120.15304827896416 -13.486831686675314 13.262693320270396 12.577594286999858 8.62898808030912 -29.958790776251142 33.618216164955555 0.23891750079984753 212.33060385243712 6.651964965922873e-07 12.460602284852131 8.657656688567563 0.0 29.959032924860185
2053.0 -3122.483213098307 -5375.115082262635 -1480.9099457549823 -120.15293250852906 -13.486754152239135 13.232757599216885 12.543276132482676 8.653576639253313 -29.886585988605038 33.54737227923259 0.2400672421802151 212.32679377803595 6.620050001888047e-07 12.426849501155743 8.681996874338706 0.0 29.88682627721665
2054.0 -3122.4588046177696 -5375.098001987398 -1480.8945980672445 -120.15281705352378 -13.486676394936248 13.202893873128343 12.50904051362621 8.678105193269094 -29.814725865536964 33.476909695402064 0.24121980622601746 212.32304310662957 6.588366669783781e-07 12.39317572510468 8.706279734892142 0.0 29.814964311418073
2055.0 -3122.434463610004 -5375.080969679089 -1480.8792431978757 -120.1527019131928 -13.486598415309231 13.173101798586082 12.474887176582902 8.702574210491617 -29.743208104621836 33.406826193346 0.24237519056451243 212.31936568464383 6.55691300338788e-07 12.359580588936932 8.730505554770941 0.0 29.743444725249795
2056.0 -3122.410189830024 -5375.0639850804 -1480.8638811254057 -120.15258708678323 -13.48652021389657 13.143381034459686 12.440815828627093 8.726984112206559 -29.672030428213986 33.337119550275794 0.2435333927327673 212.31577515744294 6.525687055625495e-07 12.326063727324922 8.754674616608128 0.0 29.672265241158186
2057.0 -3122.385983034266 -5375.047047935846 -1480.8485118284982 -120.15247257354486 -13.486441791233235 13.11373124188208 12.406826149554506 8.75133528509461 -29.601190582890034 33.267787547445785 0.24469441017988625 212.31228497213198 6.494686898344961e-07 12.292624777350506 8.778787201147338 0.0 29.6014236057269
2058.0 -3122.3618429805897 -5375.030157991741 -1480.8331352859739 -120.15235837273059 -13.48636314785063 13.084152084230912 12.372917799971493 8.775628090151555 -29.53068633891695 33.19882797493015 0.24585824026896494 212.30890838031843 6.463910622103017e-07 12.259263378484976 8.802843587258401 0.0 29.530917589169196
2059.0 -3122.3377694282863 -5375.01331499615 -1480.8177514768254 -120.15224448359639 -13.486284284277106 13.054643227098277 12.339090427315808 8.799862869182848 -29.460515489744097 33.13023863498951 0.24702488027947983 212.3056584408317 6.433356335940575e-07 12.225979172557896 8.826844051962356 0.0 29.460744984837522
2060.0 -3122.3137621380674 -5374.996518698877 -1480.8023603802303 -120.15213090540163 -13.486205201037949 13.025204338270006 12.305343670222738 8.824039949530691 -29.39067585151179 33.0620173444066 0.24819432740928093 212.30254802240273 6.403022167171246e-07 12.192771803734855 8.850788870448717 0.0 29.39090360874489
2061.0 -3122.2898208720612 -5374.979768851425 -1480.7869619755568 -120.15201763740887 -13.48612589865548 12.995835087708896 12.271677161690226 8.848159647511201 -29.32116526267115 32.994161936158775 0.24936657876382956 212.29958980765852 6.37290626121374e-07 12.159640918500074 8.874678316089657 0.0 29.321391299193913
2062.0 -3122.265945393799 -5374.9630652069745 -1480.7715562423653 -120.15190467888416 -13.48604637764924 12.966535147508374 12.238090531609025 8.872222270859606 -29.251981647655136 32.92667031751235 0.2505416248997742 212.29679699073804 6.34300680050295e-07 12.1265861656061 8.898512660478005 0.0 29.252205980455166
2063.0 -3122.2421354680873 -5374.946407520157 -1480.7561431603556 -120.15179202909685 -13.485966638535992 12.9373041916464 12.204583409826808 8.896228120241467 -29.183123389537215 32.859540802387194 0.2517194394324667 212.29418439923452 6.313322034891048e-07 12.093607195799276 8.92229217362755 0.0 29.18334603543454
2064.0 -3122.2183908607494 -5374.929795546608 -1480.7407227092524 -120.15167968731973 -13.485886681829838 12.90814189544646 12.171155427326703 8.920177490672039 -29.114589357653536 32.79277213603676 0.2528999935164829 212.2917669411079 6.283850238082775e-07 12.060703661217534 8.94601712441093 0.0 29.114810333301175
2065.0 -3122.1947113384495 -5374.913229042675 -1480.7252948687249 -120.15156765282892 -13.485806508042149 12.879047935227863 12.137806215897358 8.944070672892327 -29.046378663351753 32.72636327780991 0.2540832586430883 212.28955930790016 6.254589698881745e-07 12.027875214999503 8.969687780844096 0.0 29.046597985237348
2066.0 -3122.1710966686105 -5374.896707765272 -1480.7098596183541 -120.15145592490391 -13.485726117681743 12.85002198813553 12.104535407940588 8.967907954384712 -28.978490521332567 32.660313277973394 0.25526920664428054 212.28757597775953 6.22553872088579e-07 11.99512151109542 8.993304410224987 0.0 28.978708205780215
2067.0 -3122.1475466193815 -5374.880231471821 -1480.6944169376204 -120.15134450282756 -13.485645511254916 12.82106373208249 12.071342636400527 8.991689620103529 -28.910924178671653 32.594621214773454 0.25645780969240634 212.28583121844443 6.19669562230038e-07 11.962442204203716 9.016867279180833 0.0 28.911140241843636
2068.0 -3122.124060959633 -5374.863799920254 -1480.6789668059016 -120.15123338588614 -13.4855646892653 12.792172845731722 12.03822753475244 9.015415952998161 -28.84367887893431 32.52928616270463 0.2576490402982343 212.28433909029735 6.168058735793763e-07 11.929836949751106 9.04037665368353 0.0 28.843893336832615
2069.0 -3122.100639458961 -5374.847412869009 -1480.6635092024799 -120.1511225733692 -13.485483652214015 12.763349008506863 12.005189737028308 9.0390872343796 -28.776753844475422 32.46430717693364 0.2588428713078682 212.28311344918782 6.139626408382099e-07 11.897305403905948 9.063832799041595 0.0 28.776966712943096
2070.0 -3122.0772818876994 -5374.831070077066 -1480.6480441065485 -120.15101206456963 -13.485402400599682 12.734591900630855 11.972228877854375 9.062703744178318 -28.710148268099445 32.399683286024995 0.2600392758985005 212.28216794942261 6.111397001342759e-07 11.864847223622423 9.087235979869348 0.0 28.710359562821697
2071.0 -3122.0539880169345 -5374.814771303969 -1480.6325714972195 -120.15090185878367 -13.48532093491837 12.705901203145972 11.939344592500628 9.086265761118419 -28.64386130955681 32.3354134889485 0.2612382275749203 212.28151604662017 6.083368890109427e-07 11.832462066663663 9.110586460071309 0.0 28.644071046062088
2072.0 -3122.0307576185232 -5374.798516309847 -1480.6170913535334 -120.15079195531095 -13.485239255663643 12.67727659795154 11.906536516930958 9.109773562835379 -28.57789209449287 32.27149675425085 0.2624397001652729 212.28117100055167 6.05554046418491e-07 11.800149591645004 9.13388450281214 0.0 28.578100288153806
2073.0 -3122.0075904651044 -5374.782304855452 -1480.6016036544684 -120.15068235345439 -13.485157363326556 12.648717767834896 11.873804287854313 9.13322742595205 -28.51223971464342 32.207932020322566 0.26364366781708076 212.28114587794673 6.027910127047405e-07 11.767909458069502 9.157130370492155 0.0 28.51244638067773
2074.0 -3121.9844863301178 -5374.766136702187 -1480.5861083789491 -120.15057305252017 -13.485075258395682 12.620224396514706 11.841147542775518 9.156627626124752 -28.446903228649983 32.144718196205524 0.2648501049927238 212.28145355526456 6.000476296068877e-07 11.735741326377376 9.180324324712696 0.0 28.447108382121307
2075.0 -3121.961444987819 -5374.750011612127 -1480.570605505854 -120.1504640518179 -13.484992941357104 12.591796168661444 11.808565920047286 9.17997443806659 -28.3818816631786 32.081854162662296 0.26605898646586396 212.28210672142973 5.973237402411477e-07 11.703644857969778 9.203466626260091 0.0 28.382085318997394
2076.0 -3121.938466213294 -5374.733929348054 -1480.5550950140241 -120.15035535066043 -13.484910412694429 12.563432769933483 11.77605905891698 9.203268135558751 -28.317174014154574 32.01933877334138 0.2672702873171968 212.28311788053406 5.94619189093932e-07 11.671619715250083 9.22655753507694 0.0 28.317376187078963
2077.0 -3121.9155497824704 -5374.717889673471 -1480.5395768822723 -120.15024694836391 -13.48482767288877 12.535133887014585 11.74362659957462 9.226508991449261 -28.252779248055795 31.95717085598947 0.2684839829301225 212.28449935450286 5.9193382201317e-07 11.639665561666684 9.249597310232224 0.0 28.25297995269241
2078.0 -3121.8926954721323 -5374.701892352644 -1480.5240510893884 -120.15013884424775 -13.484744722418801 12.506899207626004 11.711268183197781 9.249697277645783 -28.188696303203006 31.895349213656203 0.2697000489874893 212.2862632857279 5.892674861972433e-07 11.607782061727548 9.272586209912038 0.0 28.188895554007928
2079.0 -3121.8699030599337 -5374.685937150606 -1480.5085176141483 -120.15003103763472 -13.484661561760754 12.478728420570958 11.678983451994247 9.272833265103895 -28.12492409103196 31.83387262587891 0.2709184614669402 212.28842163966485 5.866200301870307e-07 11.57596888105083 9.295524491383988 0.0 28.125121902311587
2080.0 -3121.8471723244097 -5374.670023833194 -1480.4929764353205 -120.14992352785079 -13.484578191388373 12.450621215749997 11.64633056121152 9.294249606739635 -28.061460310467698 31.77208910426482 0.2721391966374969 212.29098620739757 5.839913038552268e-07 11.53664568398219 9.289780439461301 0.0 28.061675030220535
2081.0 -3121.8245040909355 -5374.654149085519 -1480.4774365442886 -120.14981633682994 -13.4844946953354 12.422577305431012 11.60945447554209 9.299385137011285 -27.99828993185553 31.70429365644965 0.2733622301272904 212.29396860574505 5.813811603691841e-07 11.488153399231077 9.249086957542634 0.0 27.99859787500465
2082.0 -3121.801899925287 -5374.638307429397 -1480.461913280738 -120.14970950242419 -13.484411216479886 12.394596424667863 11.569075962406792 9.290961735243414 -27.935408272892364 31.63151156620371 0.2745875368834064 212.2973802780263 5.787894561699926e-07 11.439769111772573 9.208485671057133 0.0 27.935829286705765
2083.0 -3121.7793608971324 -5374.622494847669 -1480.4464177111488 -120.1496030517667 -13.484327858082416 12.366678298206768 11.526252407186949 9.272973271608038 -27.872823855688207 31.555298089866962 0.275815092607979 212.30123249950128 5.762160478696573e-07 11.391492684405444 9.167976117127518 0.0 27.873347381962482
2084.0 -3121.7568876916057 -5374.60670844205 -1480.4309576130656 -120.14949700374542 -13.484244692924243 12.338822636832017 11.481733176520184 9.248250664624326 -27.810544529409317 31.476764829232167 0.27704487392753396 212.305536381161 5.736607919312198e-07 11.343323857192779 9.127557828846065 0.0 27.81115083779424
2085.0 -3121.734480721608 -5374.590946107142 -1480.4155384337407 -120.14939137140728 -13.484161772190646 12.311029141661013 11.436048858342396 9.218798860992578 -27.748574409031345 31.396701222634547 0.2782768582130923 212.3103028725149 5.71123545082223e-07 11.295262283794113 9.087230336906021 0.0 27.74924346481634
2086.0 -3121.7121402083344 -5374.57520630036 -1480.400163971119 -120.1492861636654 -13.48407913177789 12.28329750881577 11.389574779845557 9.186036645231578 -27.686914409472294 31.31566560733902 0.27951102337882416 212.31554276392427 5.686041647505731e-07 11.24730755999678 9.046993173083305 0.0 27.68762905281771
2087.0 -3121.689866238422 -5374.559487878759 -1480.3848368569322 -120.14918138650991 -13.48399679676735 12.255627432794777 11.342576177521686 9.150967163178784 -27.625563444327312 31.234051770159635 0.2807473477338706 212.32126668875253 5.66102509370684e-07 11.199459244018092 9.006845872766373 0.0 27.62631008693631
2088.0 -3121.6676588042737 -5374.543789983055 -1480.3695588990336 -120.14907704386657 -13.483914784596639 12.228018608478596 11.295240291030332 9.114299077594211 -27.564519414610515 31.152136868381753 0.28198580989198 212.32748512547295 5.636184385580888e-07 11.151716870207558 8.966787976173439 0.0 27.5652877557229
2089.0 -3121.6455178324277 -5374.528111955185 -1480.3543313237644 -120.14897313820428 -13.483833107305882 12.200470732170624 11.24769914658292 9.076532576965505 -27.50377984180344 31.07011563060478 0.2832263887225609 212.33420839977993 5.611518131926722e-07 11.104079958080876 8.926819028650467 0.0 27.504562279815477
2090.0 -3121.623443203491 -5374.51245327971 -1480.3391549474006 -120.14886967096558 -13.483751773127068 12.172983502051327 11.200045717161139 9.038020383192404 -27.44334221359165 30.98812463454028 0.28446906332722066 212.34144668671544 5.587024954471548e-07 11.056548018213531 8.886938580463148 0.0 27.44413323741562
2091.0 -3121.601434766141 -5374.496813542233 -1480.3240302973388 -120.14876664287051 -13.483670787607872 12.145556618314934 11.152345375395036 8.999010990093389 -27.383204142898126 30.90625948418135 0.28571381303028665 212.34921001280202 5.562703487864272e-07 11.009120556081566 8.847146186375657 0.0 27.383999806440052
2092.0 -3121.57949234696 -5374.481192399922 -1480.308957697687 -120.14866405413169 -13.483590154405867 12.118189783134032 11.104644003643156 8.959679283279165 -27.323363420506073 30.824586938285467 0.2869606173770628 212.35750825818033 5.538552379515074e-07 10.9617970745423 8.807441405156684 0.0 27.32416092445911
2093.0 -3121.5576157573373 -5374.46558956064 -1480.2939373296754 -120.14856190460584 -13.483509875849 12.090882700580638 11.056973732269803 8.92014820641679 -27.2638180139523 30.743153462819247 0.28820945613414095 212.36635115873042 5.514570289399049e-07 10.91457707548769 8.767823799149408 0.0 27.26461538754622
2094.0 -3121.5358047983277 -5374.450004768198 -1480.278969274257 -120.14846019390079 -13.483429953331024 12.063635076522129 11.009356996465852 8.880504079636303 -27.20456604353369 30.661991256294083 0.28946030929097466 212.3757483081792 5.490755889841141e-07 10.867460060924335 8.728292933895577 0.0 27.205361908825807
2095.0 -3121.514059264055 -5374.434437791938 -1480.26405354213 -120.14835892145084 -13.48335038759024 12.03644661853346 10.96180940200359 8.84080742116008 -27.145605751830523 30.581122491787443 0.2907131570608312 212.38570916018196 5.467107865319091e-07 10.820445533707785 8.688848377847966 0.0 27.14639915215125
2096.0 -3121.492378944109 -5374.418888419391 -1480.2491900948787 -120.14825808656995 -13.483271178905703 12.009317035819404 10.914341747988228 8.801100586043844 -27.086935474554863 30.50056230170583 0.29196797988139156 212.39624303037994 5.443624912278378e-07 10.773532998030383 8.649489702143615 0.0 27.087725751101374
2097.0 -3121.4707636252288 -5374.403356451108 -1480.2343788598484 -120.148157688489 -13.483192327235393 11.98224603916076 10.866961453428 8.761413153838376 -27.02855361444118 30.420320875547375 0.2932247586473462 212.40735836727944 5.420305736859164e-07 10.726721959765422 8.610216480444778 0.0 27.02934031822363
2098.0 -3121.4492130924873 -5374.387841697036 -1480.219619740607 -120.14805772638198 -13.483113832313402 11.9552333408813 10.81967356236768 8.7217657253146 -26.970458586480426 30.340404903832884 0.29448347727956387 212.41905468846898 5.39714903145957e-07 10.680011926716626 8.571028288833327 0.0 26.971241415854134
2099.0 -3121.427727130156 -5374.372343974018 -1480.204912624307 -120.14795819938455 -13.483035693717966 11.928278654891997 10.772481451536855 8.682172595916079 -26.912648756477534 30.260818572842894 0.2957441217341615 212.43132567665768 5.374153483598499e-07 10.633402408908266 8.531924705834314 0.0 26.91342751301113
2100.0 -3121.4063055223205 -5374.356863104059 -1480.1902573868601 -120.14785910660697 -13.482957910919518 11.901381696730619 10.725387328623121 8.642643637238848 -26.855122464060162 30.181564322429733 0.2970066781512112 212.44416497597788 5.351317792573468e-07 10.586892918804038 8.492905312444345 0.0 26.855897021457544
2101.0 -3121.3849480533017 -5374.3413989130995 -1480.1756538965624 -120.14776044714304 -13.482880483314206 11.874542183591752 10.678392582615547 8.603185619845032 -26.79787804406828 30.102643382645386 0.298271132817662 212.4575662968636 5.32864066967261e-07 10.540482971463652 8.453969692154688 0.0 26.798648326336934
2102.0 -3121.3636545079526 -5374.325951230147 -1480.1611020166301 -120.14766222007665 -13.48280341024744 11.847759834322613 10.631498029887375 8.563803142492961 -26.740913835278093 30.024056144509167 0.29953747216553644 212.47152341528195 5.306120838053221e-07 10.49417208460931 8.415117430930401 0.0 26.741679801423036
2103.0 -3121.3424246718528 -5374.3105198866615 -1480.146601606977 -120.14756442448594 -13.482726691030367 11.821034369422357 10.584704086901908 8.524499284362353 -26.684228183390825 29.945802417027355 0.3008056827699713 212.48603017197073 5.283757032624478e-07 10.447959778675868 8.376348117198937 0.0 26.684989816700952
2104.0 -3121.3212583314507 -5374.295104716124 -1480.1321525254534 -120.1474670594467 -13.482650324951386 11.79436551103578 10.538010891327492 8.485276062487515 -26.627819441634056 29.867881605809025 0.3020757513475357 212.50108047168737 5.261547999926668e-07 10.40184557683601 8.337661341833428 0.0 26.628576742193502
2105.0 -3121.3001552741566 -5374.279705553739 -1480.1177546287133 -120.14737012403424 -13.482574311284207 11.76775298295077 10.491418386906082 8.446134752318763 -26.571685970488907 29.790292837394443 0.30334766475438335 212.51666828246482 5.239492498014793e-07 10.355829005020896 8.299056698143675 0.0 26.57243894994919
2106.0 -3121.2791152884083 -5374.26432223622 -1480.103407772818 -120.14727361732514 -13.48249864929346 11.741196510590381 10.444926382872657 8.40707611218491 -26.515826137190732 29.713035045875518 0.30462140998467324 212.53278763487842 5.217589296338948e-07 10.309909591924125 8.260533781860689 0.0 26.51657481512539
2107.0 -3121.2581381637137 -5374.248954601638 -1480.089111813656 -120.1471775383981 -13.48242333823863 11.714695821003524 10.398534595526321 8.36810054034201 -26.4602383152687 29.636107033287008 0.3058969741690736 212.54943262132284 5.195837175624836e-07 10.264086868997953 8.222092191120359 0.0 26.4609827166344
2108.0 -3121.2372236906795 -5374.233602489318 -1480.0748666072373 -120.14708188633473 -13.482348377376757 11.68825064286124 10.352242677284387 8.329208184761718 -26.404920884190425 29.559507511710095 0.3071743445730117 212.56659739529383 5.174234927760179e-07 10.218360370455397 8.183731526455958 0.0 26.40566103756066
2109.0 -3121.2163716610303 -5374.218265739771 -1480.0606720098926 -120.1469866602201 -13.482273765964342 11.6618607064588 10.306050236978278 8.290399019825276 -26.349872229143244 29.483235132651476 0.30845350859465326 212.58427617067449 5.152781355686994e-07 10.17272963327987 8.145451390799607 0.0 26.350608165480832
2110.0 -3121.1955818676215 -5374.202944194631 -1480.0465278784168 -120.14689185914294 -13.482199503258572 11.63552574369451 10.259956854013918 8.251672899850728 -26.295090740913423 29.40728850753209 0.309734453764021 212.6024632210447 5.131475273276115e-07 10.127194197192669 8.107251389450388 0.0 26.295822492718937
2111.0 -3121.174854104443 -5374.18763769663 -1480.0324340701625 -120.1467974821959 -13.482125588518434 11.609245488080196 10.213962088245122 8.213029596423258 -26.240574815852213 29.331666221989 0.31101716774059396 212.62115287897777 5.110315505228692e-07 10.081753604674493 8.069131130088488 0.0 26.241302416573742
2112.0 -3121.154188166625 -5374.172346089567 -1480.0183904431076 -120.14670352847585 -13.482052021005083 11.583019674728625 10.168065486851663 8.174468824408066 -26.186322855903445 29.25636684586339 0.3123016383120352 212.6403395353606 5.089300886960063e-07 10.036407400945276 8.031090222756324 0.0 26.187046339528386
2113.0 -3121.1335838504365 -5374.157069218284 -1480.004396855898 -120.1466099970837 -13.481978799982485 11.556848040344427 10.122266589122706 8.135990260058875 -26.132333268666358 29.181388940173655 0.3135878533927669 212.66001763871958 5.06843026448775e-07 9.991155133950517 7.993128279844675 0.0 26.133052669439802
2114.0 -3121.113040953286 -5374.1418069286565 -1479.990453167879 -120.14651688712476 -13.48190592471754 11.530730323223864 10.076564929784904 8.097593553617562 -26.0786044674971 29.10673106200556 0.3148758010221239 212.68018169454777 5.047702494327653e-07 9.945996354361597 7.9552449160918375 0.0 26.079319819727917
2115.0 -3121.0925592737167 -5374.126559067583 -1479.9765592391138 -120.14642419770851 -13.48183339448039 11.504666263249936 10.030960041309083 8.059278338067527 -26.025134871616608 29.032391767930847 0.31616546936274825 212.70082626464352 5.027116443387636e-07 9.900930615568356 7.917439748576067 0.0 26.02584620954451
2116.0 -3121.0721386114046 -5374.111325482976 -1479.9627149303958 -120.14633192794876 -13.481761208544453 11.478655601879582 9.985451455511146 8.021044235213278 -25.971922906236493 28.95836961641849 0.31745684669938645 212.72194596646227 5.006670988855974e-07 9.855957473657408 7.879712396696601 0.0 25.972630263941433
2117.0 -3121.051778767155 -5374.096106023755 -1479.9489201032566 -120.14624007696362 -13.48168936618661 11.452698082147633 9.940038704660967 7.982890859898328 -25.918967002691822 28.88466316954092 0.3187499214368719 212.7435354724634 4.986365018104179e-07 9.811076487419644 7.842062482178963 0.0 25.919670414032552
2118.0 -3121.031479542897 -5374.080900539838 -1479.9351746199686 -120.14614864387545 -13.481617866687168 11.426793448648416 9.89472132224466 7.9448178229247945 -25.866265598566194 28.811270994177185 0.32004468209922937 212.7655895094824 4.96619742857336e-07 9.766287218318695 7.8044896290479455 0.0 25.866965097139182
2119.0 -3121.0112407416786 -5374.06570888214 -1479.9214783435468 -120.14605762781092 -13.481546709329882 11.400941447541351 9.849498843491254 7.906824733075403 -25.81381713782422 28.73819166288192 0.32134111732759923 212.78810285809095 4.946167127680477e-07 9.72158923050076 7.766993463635416 0.0 25.814512756936477
2120.0 -3120.991062167663 -5374.050530902568 -1479.9078311377498 -120.14596702790097 -13.481475893402019 11.375141826537439 9.804370805732326 7.868911198509241 -25.761620070935777 28.665423754508872 0.3226392158791263 212.81107035197982 4.92627303271075e-07 9.676982090771766 7.729573614560327 0.0 25.762311843587348
2121.0 -3120.970943626124 -5374.0353664540135 -1479.8942328670773 -120.14587684328065 -13.481405418194393 11.349394334895537 9.75933674864881 7.83107682772579 -25.709672855001905 28.592965854672943 0.3239389666253742 212.8344868773416 4.906514070718795e-07 9.632465368591133 7.692229712723 0.0 25.71036081387509
2122.0 -3120.950884923436 -5374.020215390353 -1479.8806833967667 -120.14578707308942 -13.481335283001236 11.323698723412353 9.714396214435004 7.793321230225788 -25.657973953869806 28.520816556087215 0.3252403585510689 212.85834737226568 4.886889178425979e-07 9.588038636054513 7.654961391290308 0.0 25.658658131322962
2123.0 -3120.930885867076 -5374.005077566436 -1479.8671825927927 -120.14569771647079 -13.481265487120282 11.298054744416383 9.669548747910218 7.755644016966281 -25.606521838248156 28.448974458823585 0.3265433807526577 212.88264682613732 4.867397302121918e-07 9.543701467883633 7.617768285686589 0.0 25.60720226631261
2124.0 -3120.9109462656115 -5373.989952838092 -1479.8537303218623 -120.14560877257244 -13.481196029852718 11.272462151770945 9.624793896588544 7.718044800668492 -25.555314985810444 28.377438170506544 0.3278480224364174 212.90738027903458 4.848037397573871e-07 9.499453441431571 7.58065003359774 0.0 25.555991696189473
2125.0 -3120.8910659286985 -5373.9748410621205 -1479.8403264514122 -120.14552024054625 -13.481126910503226 11.246920700849268 9.580131210727929 7.680523196030988 -25.504351881304892 28.30620630647904 0.32915427291799676 212.9325428211598 4.82880842991599e-07 9.455294136640225 7.543606274934705 0.0 25.505024905374423
2126.0 -3120.8712446670756 -5373.959742096282 -1479.8269708496043 -120.14543211954813 -13.481058128379821 11.221430148543325 9.53556024335444 7.643078819868406 -25.453631016645428 28.235277489922016 0.3304621216202564 212.95812959224472 4.809709373565205e-07 9.411223136055165 7.506636651846145 0.0 25.454300385455507
2127.0 -3120.8514822925567 -5373.944655799301 -1479.813663385324 -120.14534440873817 -13.480989682793979 11.195990253245691 9.491080550277326 7.6057112912054885 -25.40315089100464 28.164650351960223 0.33177155807249753 212.98413578098942 4.790739212117742e-07 9.367240024794974 7.469740808691678 0.0 25.40381663528173
2128.0 -3120.831778618026 -5373.929582030857 -1479.800403928173 -120.14525710728047 -13.480921573060611 11.170600774847204 9.446691690093697 7.568420231337033 -25.352910010899507 28.09432353174864 0.3330825719088971 213.01055662449244 4.771896938258587e-07 9.323344390547291 7.43291839203822 0.0 25.353572161049165
2129.0 -3120.812133457434 -5373.914520651589 -1479.7871923484681 -120.14517021434312 -13.480853798497916 11.14526147473231 9.402393224188062 7.531205263865793 -25.302906890273146 28.02429567654769 0.33439515286707217 213.03738740768975 4.7531815536701607e-07 9.27953582356051 7.3961690506530635 0.0 25.303565476382968
2130.0 -3120.792546625788 -5373.899471523077 -1479.7740285172363 -120.14508372909835 -13.480786358427459 11.11997211576812 9.358184716727573 7.49406601472487 -25.25314005057139 27.954565441788226 0.3357092907869823 213.06462346280682 4.7345920689373176e-07 9.235813916625418 7.359492435487592 0.0 25.253795102414195
2131.0 -3120.7730179391506 -5373.884434507851 -1479.76091230621 -120.14499765072225 -13.480719252174147 11.094732462292072 9.314065734654594 7.45700211218936 -25.20360802081533 27.885131491129286 0.33702497560992223 213.09226016881934 4.716127503452396e-07 9.192178265053974 7.322888199659137 0.0 25.204259567852546
2132.0 -3120.7535472146296 -5373.869409469377 -1479.7478435878247 -120.14491197839497 -13.480652479066205 11.06954228011286 9.270035847676223 7.420013186879813 -25.154309337667417 27.815992496507018 0.3383421973768374 213.12029295090596 4.6977868853309916e-07 9.148628466681034 7.2863559984520325 0.0 25.154957409052408
2133.0 -3120.7341342703776 -5373.854396272057 -1479.734822235213 -120.14482671130048 -13.48058603843515 11.044401336500886 9.22609462825012 7.383098871758545 -25.105242545487833 27.74714713817189 0.3396609462271956 213.14871727991905 4.6795692513209567e-07 9.10516412184793 7.249895489303528 0.0 25.105887170069266
2134.0 -3120.7147789255787 -5373.839394781225 -1479.7218481222012 -120.14474184862675 -13.480519929615669 11.019309400175931 9.18224165157481 7.346258802127153 -25.056406196399493 27.678594104735755 0.340981212398021 213.17752867186482 4.6614736467103977e-07 9.061784833381175 7.21350633178565 0.0 25.05704740272481
2135.0 -3120.695481000449 -5373.824404863137 -1479.7089211233063 -120.14465738956561 -13.48045415194583 10.994266241303645 9.138476495577914 7.30949261562074 -25.00779885060438 27.61033209344527 0.34230298616733795 213.20672272581342 4.643499125273694e-07 9.01849020658709 7.177188187599693 0.0 25.008436666923213
2136.0 -3120.676240316221 -5373.809426384963 -1479.696041113727 -120.14457333331276 -13.480388704766774 10.969271631470649 9.095006830799175 7.271728966707501 -24.959414113303332 27.54214124386305 0.3436262496422745 213.2363008469692 4.6256447537377554e-07 8.978461312713284 7.124568812598037 0.0 24.96012002872
2137.0 -3120.657055006562 -5373.794458619608 -1479.6832137880292 -120.14448966836005 -13.48032364134582 10.944325374976499 9.053668131102562 7.223521806074327 -24.911220486988068 27.472114590295146 0.34495096649786394 213.2662761993447 4.6079096386741e-07 8.942756237798504 7.050214344997331 0.0 24.912070228615587
2138.0 -3120.63792199801 -5373.779500407889 -1479.670448978977 -120.14440637557493 -13.48025905332318 10.919427287895466 9.014099941385762 7.166730831947798 -24.863239481487938 27.400669810876934 0.346277098139406 213.29666322278604 4.590292902733273e-07 8.907124615503221 6.976001326844235 0.0 24.864201153028933
2139.0 -3120.6188390794164 -5373.764550888069 -1479.6577535251934 -120.1443234413227 -13.480195004615975 10.894577159556327 8.975755444434618 7.104172632267315 -24.815486335986122 27.328406771688456 0.3476046078560048 213.3274762142592 4.572793656168216e-07 8.871566258191109 6.901929106761087 0.0 24.81652916750554
2140.0 -3120.5998046982218 -5373.749609429987 -1479.6451319925854 -120.14424085614729 -13.480131538083018 10.869774765826994 8.938263510730309 7.037757740777691 -24.76796665295631 27.255728952407143 0.3489334601248617 213.35872931582145 4.5554110065238725e-07 8.836080904877159 6.82799701090091 0.0 24.769065645895758
2141.0 -3120.5808177505337 -5373.734675563712 -1479.6325874069607 -120.14415861342785 -13.480068682304367 10.84501987741422 8.901372403125396 6.968781022263513 -24.720681054388997 27.182906603014505 0.350263620170964 213.39043650758651 4.53814406458695e-07 8.800668250802921 6.754204361795216 0.0 24.72181741422624
2142.0 -3120.5618774378286 -5373.7197489299 -1479.6201217513271 -120.1440767084662 -13.480006456186526 10.820312264048262 8.864911458615412 6.898119324403597 -24.673627987287787 27.11012031396896 0.3515950537409529 213.42261160512157 4.520991947318268e-07 8.765327965387598 6.680550486874089 0.0 24.67478816780923
2143.0 -3120.542983169212 -5373.70482924527 -1479.6077363031886 -120.14399513786734 -13.47994487208778 10.795651696362533 8.828765026037573 6.826365899420185 -24.626805198706577 27.037490593115187 0.3529277269978376 213.45526825939135 4.503953779112869e-07 8.730059702995948 6.607034721419066 0.0 24.62797968168484
2144.0 -3120.5241344948213 -5373.689916278699 -1479.5954318631545 -120.14391389911918 -13.479883937938176 10.771037946549244 8.792854753261668 6.753921749664039 -24.58021041671503 26.96509777179618 0.35426160648044186 213.48841995809644 4.4870286921836866e-07 8.694863109328319 6.533656408742496 0.0 24.581392623541046
2145.0 -3120.505331060532 -5373.675009834709 -1479.5832089097742 -120.14383299030798 -13.47982365867573 10.746470788466512 8.757127558253547 6.681057651887639 -24.53384160898686 26.892995342918297 0.35559665909216004 213.52208002765025 4.4702158265585005e-07 8.659737825247799 6.460414899319853 0.0 24.535027044599126
2146.0 -3120.486572577188 -5373.660109742162 -1479.5710677043398 -120.14375240992518 -13.479764037219244 10.721949997520307 8.721547466432423 6.607956239167461 -24.487697039085127 26.821218878828095 0.35693285210196507 213.55626163542397 4.453514329922524e-07 8.624683489085843 6.387309549644641 0.0 24.488882658662142
2147.0 -3120.4678587997323 -5373.645215846506 -1479.5590083617724 -120.1436721567371 -13.479705075126398 10.697475350485183 8.686090075924788 6.53474053023633 -24.441775238366258 26.74979198811472 0.3582701531489315 213.59097779206328 4.436923357422643e-07 8.589699738050097 6.314339721164854 0.0 24.442958994702117
2148.0 -3120.4491895130777 -5373.630328004509 -1479.5470308985377 -120.14359222969647 -13.479646773038594 10.67304662534222 8.65073880759395 6.461493255896904 -24.39607495139688 26.678730293014087 0.35960853024603223 213.626241353776 4.420442071487402e-07 8.554786209110315 6.241504779447482 0.0 24.39725547812911
2149.0 -3120.4305645225427 -5373.615446080669 -1479.535135265011 -120.1435126278829 -13.479589130981717 10.648663601137464 8.615482366277694 6.388269941052172 -24.350595080449253 26.608044084738584 0.3609479517830034 213.66206502458337 4.4040696416644876e-07 8.519942539546667 6.168804093521942 0.0 24.351771473318387
2150.0 -3120.4119836473947 -5373.600569944806 -1479.5233213673196 -120.14343335046264 -13.479532148568861 10.624326057892992 8.580313023356851 6.315107753097399 -24.305334638528105 26.537740096000114 0.3622883865264813 213.69846135848735 4.387805244496623e-07 8.485168367324718 6.096237035459504 0.0 24.306506305667313
2151.0 -3120.393446716493 -5373.58569947041 -1479.511589082081 -120.14335439666137 -13.479475825137342 10.600033776525875 8.545225455843195 6.242031482173997 -24.260292712966834 26.467822684053054 0.3636298036198278 213.73544276161306 4.371648063404969e-07 8.450463331316241 6.023802980028602 0.0 24.261459273057444
2152.0 -3120.3749535653487 -5373.570834533553 -1479.499938266331 -120.14327576574577 -13.479420159840876 10.575786538813263 8.51021596225261 6.169057579852081 -24.21546843861841 26.39829462009684 0.3649721725805138 213.77302149426725 4.355597288605074e-07 8.415827071473494 5.951501304522866 0.0 24.21662965190164
2153.0 -3120.3565040341505 -5373.555975012143 -1479.4883687642148 -120.14319745701135 -13.479365151711754 10.551584127356996 8.475281933390757 6.096196884520608 -24.17086097879353 26.329157615872603 0.3663154632976047 213.8112096729783 4.339652117023697e-07 8.381259228928268 5.879331388610925 0.0 24.172016700483113
2154.0 -3120.3380979664325 -5373.541120785437 -1479.4768804114874 -120.14311946977398 -13.479310799702532 10.527426325579407 8.440421495452481 6.023456459119 -24.126469512031694 26.260412674799944 0.3676596460275798 213.8500192724681 4.323811752237216e-07 8.34675944608464 5.807292614294922 0.0 24.127619660925856
2155.0 -3120.3197352081843 -5373.526271733707 -1479.465473038542 -120.14304180336443 -13.47925710271426 10.503312917705626 8.40563326952356 5.95084082939021 -24.08229322313308 26.192060326049578 0.3690046913909531 213.88946212762355 4.3080754044018497e-07 8.312327366659499 5.735384365838809 0.0 24.083437760505806
2156.0 -3120.30141560725 -5373.511427738032 -1479.4541464724443 -120.1429644571244 -13.479204059615356 10.479243688775227 8.37091620963712 5.878352817552624 -24.038331297179248 26.124100780492746 0.3703505703673078 213.92954993539777 4.292442290203693e-07 8.277962635741845 5.663606029791181 0.0 24.03947021260454
2157.0 -3120.2831390129336 -5373.4965886801465 -1479.4429005382988 -120.14288743040434 -13.479151669254152 10.45521842464176 8.3362694938216 5.8059941031784215 -23.994582915666744 26.056534034605786 0.37169725429104256 213.97029425670794 4.2769116328012457e-07 8.24366489981978 5.591956994976474 0.0 23.995716217511074
2158.0 -3120.264905275725 -5373.481754442356 -1479.4317350601664 -120.1428107225613 -13.47909993046756 10.431236911972286 8.301692450850386 5.733765600239998 -23.951047254065593 25.989359939665402 0.37304471484716023 214.01170651830995 4.261482661768438e-07 8.209433806797776 5.520436652489076 0.0 23.952174963118356
2159.0 -3120.2467142471287 -5373.466924907475 -1479.4206498616786 -120.1427343329581 -13.479048842086588 10.407298938264372 8.267184511037392 5.661667710396066 -23.90772348036246 25.922578247850897 0.3743929240661126 214.0537980146193 4.2461546130492937e-07 8.175269006031586 5.44904439574163 0.0 23.908845625572756
2160.0 -3120.2285657795387 -5373.452099958796 -1479.409644766449 -120.1426582609625 -13.47899840294032 10.383404291853076 8.232745173211253 5.589700493012341 -23.86461075426276 25.856188642974615 0.375741854319239 214.09657990952533 4.2309267289064256e-07 8.141170148345067 5.3777796204846355 0.0 23.865727369888937
2161.0 -3120.21045972617 -5373.437279480063 -1479.3987195983505 -120.14258250594659 -13.478948611858304 10.359552761915605 8.19837398256729 5.5178637792073415 -23.82170822683414 25.790190760991706 0.3770914783143716 214.14006323818484 4.215798257868397e-07 8.107136886039967 5.306641724820134 0.0 23.82281935053993
2162.0 -3120.1923959410005 -5373.422463355463 -1479.3878741816975 -120.14250706728652 -13.478899467672298 10.335744138483657 8.164070515824784 5.446157248291973 -23.779015040438146 25.72458420371195 0.37844176909104077 214.18425890877944 4.2007684546823275e-07 8.073168872915215 5.235630109238746 0.0 23.780120712022153
2163.0 -3120.1743742787417 -5373.407651469625 -1479.377108341371 -120.14243194436219 -13.478850969217444 10.31197821245133 8.129834371292468 5.374580478975568 -23.736530328858287 25.659368548006846 0.3797927000159641 214.2291777042559 4.185836580263987e-07 8.03926576427847 5.164744176643909 0.0 23.73763058940723
2164.0 -3120.1563945948155 -5373.392843707615 -1479.3664219029 -120.14235713655708 -13.478803115332948 10.288254775585607 8.09566516222272 5.30313298363965 -23.694253217547235 25.594543352016284 0.381144244778422 214.27483028403904 4.1710019016498105e-07 8.005427216960275 5.093983332384061 0.0 23.695348108872196
2165.0 -3120.1384567453442 -5373.378039954937 -1479.3558146925143 -120.14228264325833 -13.478755904862558 10.26457362052775 8.06156251237198 5.231814231267829 -23.65218282395396 25.530108159369803 0.3824963773861844 214.3212271857375 4.1562636919435757e-07 7.971652889314889 5.02334698425781 0.0 23.653272388215907
2166.0 -3120.120560587139 -5373.363240097546 -1479.3452865371837 -120.1422084638563 -13.478709336654953 10.24093454081309 8.027526053035498 5.1606236627715445 -23.61031825789123 25.466062502079765 0.38384907216042313 214.36837882679166 4.1416212302748873e-07 7.937942441246868 4.952834542574111 0.0 23.611402537352276
2167.0 -3120.102705977698 -5373.348444021842 -1479.3348372646387 -120.1421345977449 -13.47866340956391 10.217337330864277 7.9935554210743485 5.089560701239452 -23.568658621939555 25.402405902569814 0.3852023037321709 214.4162955061497 4.127073801741465e-07 7.904295534199697 4.882445420133326 0.0 23.5697376587988
2168.0 -3120.0848927752004 -5373.333651614683 -1479.324466703387 -120.1420610443212 -13.478618122448362 10.193781786014092 7.959650257598173 5.018624758775528 -23.527203011851935 25.33913787510483 0.3865560470371257 214.46498740586262 4.112620697370103e-07 7.870711831185991 4.812179032296553 0.0 23.528276848136773
2169.0 -3120.067120838511 -5373.318862763389 -1479.3141746827248 -120.14198780298561 -13.478573474172599 10.170267702498007 7.925810207094526 4.947815241075884 -23.48595051697541 25.27625792684756 0.38791027731221916 214.5144645927168 4.098261214059277e-07 7.837190996775162 4.742034796964611 0.0 23.487019194470673
2170.0 -3120.0493900271745 -5373.304077355745 -1479.3039610327398 -120.14191487314184 -13.478529463606263 10.146794877465581 7.892034916846745 4.8771315504752595 -23.444900220656056 25.21376555863657 0.38926497009114275 214.56473701980678 4.0839946545337613e-07 7.8037326971073675 4.672012134613343 0.0 23.44596378085774
2171.0 -3120.031700201419 -5373.289295280013 -1479.293825584318 -120.14184225419676 -13.478486089624287 10.123363108991413 7.8583240365517435 4.806573087988293 -23.404051200648777 25.15166026560095 0.39062010119992824 214.6158145280859 4.069820327299233e-07 7.770336599906708 4.602110468327605 0.0 23.40510968473413
2172.0 -3120.0140512221565 -5373.27451642493 -1479.283768169143 -120.14176994556047 -13.478443351107046 10.099972196072573 7.8246772180686195 4.736139254675476 -23.363402529516677 25.089941537653417 0.3919756467533436 214.66770684792357 4.0557375465890376e-07 7.73700237447571 4.53232922379479 0.0 23.364455978325555
2173.0 -3119.9964429509823 -5373.259740679717 -1479.273788619698 -120.14169794664627 -13.478401246940221 10.076621938634897 7.79109411525167 4.66582945255332 -23.322953275016634 25.028608859895357 0.3933315831508136 214.72042360062272 4.0417456323167355e-07 7.703729691701806 4.46266782932494 0.0 23.324001729040074
2174.0 -3119.9788752501754 -5373.244967934086 -1479.2638867692647 -120.14162625687068 -13.478359776014877 10.053312137548113 7.75757438384117 4.595643085204621 -23.282702500475335 24.967661712964997 0.39468788707185865 214.77397429989483 4.027843910034262e-07 7.670518224076795 4.393125715897095 0.0 23.283745999848577
2175.0 -3119.9613479826994 -5373.230198078241 -1479.2540624519236 -120.14155487565326 -13.478318937227398 10.03004259460792 7.724117681395513 4.525579558195236 -23.24264926516023 24.90709957335167 0.3960445354734889 214.82836835338895 4.014031710870694e-07 7.637367645669084 4.323702317107099 0.0 23.243687849659768
2176.0 -3119.9438610122074 -5373.215431002888 -1479.244315502552 -120.14148380241677 -13.4782787294795 10.006813112567878 7.690723667243726 4.455638279347518 -23.202792624629907 24.84692191366709 0.3974015055847361 214.8836150640861 4.000308371501141e-07 7.604277632166909 4.254397069263988 0.0 23.2038263336717
2177.0 -3119.926414203035 -5373.200666599231 -1479.2346457568224 -120.14141303658711 -13.478239151678208 9.983623495117994 7.657392002435289 4.385818658878961 -23.16313162478433 24.787128197002065 0.39875877634680934 214.93972238053155 3.986673229660666e-07 7.571247860845702 4.185209411327326 0.0 23.164160497423975
2178.0 -3119.9090074202345 -5373.1859047590315 -1479.225053051215 -120.14134257759328 -13.478200202735723 9.960473546958761 7.624122349226996 4.31612010839134 -23.123665167997782 24.727717751295135 0.4001163414748265 214.99668556104322 3.973125584058574e-07 7.538278010670903 4.116138785129425 0.0 23.12468924292367
2179.0 -3119.8916405296845 -5373.171145374804 -1479.2155372230704 -120.14127242486735 -13.478161881569674 9.937363074033057 7.59091437061406 4.246542039934396 -23.084391874959923 24.668689639209475 0.40147420316753823 215.0544926160212 3.9596647137007036e-07 7.505367762625649 4.047184636068585 0.0 23.085411190475472
2180.0 -3119.874313398203 -5373.156388340003 -1479.2060981106424 -120.14120257784452 -13.47812418710283 9.914291883748957 7.557767730990384 4.177083867611306 -23.04531021932313 24.610042783739676 0.4028323637074726 215.11313158048875 3.9462899036736975e-07 7.472516800024479 3.9783464137754363 0.0 23.046324813332536
2181.0 -3119.8570258935897 -5373.141633549108 -1479.1967355531149 -120.14113303596305 -13.478087118263199 9.89125978507544 7.524682096693214 4.10774500884199 -23.00641862202767 24.551776056447387 0.40419082535076534 215.17259060254094 3.9330004454541765e-07 7.439724808647236 3.9096235723997634 0.0 23.00742853202747
2182.0 -3119.8397778846384 -5373.126880897645 -1479.187449390606 -120.14106379866422 -13.478050673984036 9.86826658856892 7.4916571363149425 4.038524885066312 -22.967715492380766 24.493888315952326 0.4055495903248827 215.23285794187038 3.9197956368588837e-07 7.406991476774589 3.841015570690978 0.0 22.968720755456058
2183.0 -3119.8225692411374 -5373.112130282194 -1479.1782394641634 -120.14099486539239 -13.47801485320365 9.845312106376282 7.458692520882477 3.9694229221404136 -22.92919924575517 24.436378424541996 0.40690866082771854 215.29392196836693 3.906674781981666e-07 7.374316495189767 3.77252187200844 0.0 22.93019989857904
2184.0 -3119.8053998338614 -5373.097381600375 -1479.1691056157583 -120.14092623559493 -13.47797965486558 9.822396152221831 7.425787923956942 3.900438550555064 -22.890868311101798 24.379245255225708 0.40826803902764003 215.35577116077664 3.893637191121977e-07 7.341699557158234 3.7041419442837062 0.0 22.89186438993707
2185.0 -3119.7882695345625 -5373.082634750851 -1479.160047688277 -120.1408579087222 -13.477945077918369 9.799518541395198 7.392943021681531 3.8315712055416364 -22.852721134028567 24.322487694613834 0.4096277270634862 215.4183941053787 3.8806821807147984e-07 7.309140358407939 3.6358752599857036 0.0 22.853712674730875
2186.0 -3119.771178215961 -5373.0678896332965 -1479.1510655255122 -120.14078988422749 -13.477911121315655 9.776679090732708 7.360157492806344 3.7628203271289156 -22.814756177973287 24.266104643999583 0.4109877270449599 215.48177949469869 3.867809073257741e-07 7.276638597100926 3.5677212960662996 0.0 22.815743215995216
2187.0 -3119.7541257517337 -5373.053146148401 -1479.1421589721544 -120.14072216156706 -13.477877784015913 9.753877618597356 7.327431018686526 3.694185360143903 -22.776971924529818 24.210095019630355 0.4123480410531156 215.54591612624745 3.8550171972383216e-07 7.244193973802355 3.4996795339017805 0.0 22.77795449492563
2188.0 -3119.7371120165044 -5373.03840419785 -1479.1333278737818 -120.14065474020006 -13.477845064982796 9.731113944864367 7.294763283274591 3.625665754200816 -22.739366873432502 24.154457752654167 0.41370867114052345 215.61079290126324 3.842305887065313e-07 7.211806191458569 3.4317494592508435 0.0 22.74034501086316
2189.0 -3119.7201368858314 -5373.023663684307 -1479.1245720768534 -120.14058761958856 -13.477812963184622 9.708387890895596 7.2620269588512425 3.5577280466686636 -22.70194298512699 24.099225707584292 0.41506961933211095 215.67639882350622 3.8296744829947586e-07 7.177707496987637 3.370429175044423 0.0 22.70287219580195
2190.0 -3119.7032025690237 -5373.008924908937 -1479.1158849184162 -120.1405208159611 -13.477781417270725 9.685699235609965 7.224848296612295 3.506452554024899 -22.664771427609324 24.045488273030873 0.41643089026264435 215.74272312720896 3.817122306824104e-07 7.123896474943203 3.381902948585328 0.0 22.66533846516062
2191.0 -3119.6863166585235 -5372.994189126241 -1479.1072447928984 -120.14045438406299 -13.477750227326402 9.66304770557466 7.18179437191245 3.4771014848979167 -22.627789638616534 23.993442209616244 0.41779249179703554 215.80975531320678 3.804648656950631e-07 7.070175137630791 3.393357893176578 0.0 22.62821989843872
2192.0 -3119.669485266659 -5372.979457384675 -1479.0986343288396 -120.14038836779041 -13.477719232532925 9.640433118208312 7.134944893034777 3.462023101800054 -22.590948901307247 23.942514797855203 0.4191544264277385 215.87748472567094 3.792252887302446e-07 7.016542761912653 3.404794135616413 0.0 22.591331666829642
2193.0 -3119.6527123264623 -5372.964730348724 -1479.0900422133514 -120.14032279543817 -13.47768832824268 9.617855315952562 7.085656278109734 3.456227473613633 -22.554251399087192 23.8923897803067 0.4205166951991873 215.94590073547243 3.7799343703066173e-07 6.9629987821893025 3.416211776635892 0.0 22.55462042000567
2194.0 -3119.636000341275 -5372.95000841728 -1479.0814610790947 -120.14025768512937 -13.47765744642803 9.595314139370574 7.034812487996479 3.456462696118561 -22.517706829412056 23.842878223198657 0.4218792993215244 216.01499281778968 3.767692481960494e-07 6.909542692393309 3.427610909279437 0.0 22.51807375870868
2195.0 -3119.6193508813453 -5372.935291813204 -1479.0728861283555 -120.1401930483609 -13.47762654291869 9.572809424272506 6.982989105080577 3.4606110252057203 -22.481322240920377 23.793860872282806 0.42324224034606217 216.0847505605188 3.755526600269873e-07 6.856174016837267 3.438991623444828 0.0 22.481690309343733
2196.0 -3119.6027649097664 -5372.920580645083 -1479.0643142363801 -120.14012889231681 -13.477595589075843 9.550341003804467 6.930560585821153 3.4672943107679073 -22.44510119677581 23.74525989760331 0.4246055200412492 216.15516365762693 3.743436106394386e-07 6.802892300608818 3.450354006816717 0.0 22.445470676696754
2197.0 -3119.586242995325 -5372.9058749480855 -1479.0557433670165 -120.14006522137646 -13.4775645663645 9.527908710561926 6.877770311707781 3.475616353458266 -22.40904486307146 23.697023550905815 0.4259691402657323 216.22622190198547 3.731420385774276e-07 6.749697105103971 3.461698145078836 0.0 22.409415167244404
2198.0 -3119.5697854511095 -5372.891174710473 -1479.047172192024 -120.14000203809726 -13.477533462818014 9.505512377824868 6.824776305959678 3.4849947877795096 -22.373153057385128 23.649117066529577 0.42733310289351917 216.29791518059872 3.719478828758587e-07 6.696588004791689 3.4730241221128475 0.0 22.373523487966178
2199.0 -3119.553392424626 -5372.876479890671 -1479.0385998432093 -120.1399393438542 -13.477502270736304 9.483151840155944 6.771681046137687 3.4950514618713395 -22.33742492425637 23.601516924946566 0.428697409777208 216.37023347166257 3.707610830878144e-07 6.643564584625409 3.48433202022483 0.0 22.337794899697005
2200.0 -3119.5370639563403 -5372.861790428232 -1479.030025751155 -120.13987713925599 -13.477470985188942 9.460826933611884 6.718550890832477 3.5055410116526105 -22.30185930724677 23.55420710653011 0.4300620627344698 216.44316684278556 3.6958157929063846e-07 6.5906264379429205 3.4956219203776726 0.0 22.302228400190153
2201.0 -3119.5208000176826 -5372.847106250861 -1479.0214495403638 -120.13981542441554 -13.477439603041866 9.438537495783297 6.665428729282401 3.516304355092272 -22.26645493495085 23.507176602752217 0.43142706354490623 216.51670544975082 3.6840931208276327e-07 6.537773164871924 3.5068939023885166 0.0 22.266822850823196
2202.0 -3119.5046005356944 -5372.832427278941 -1479.0128709611347 -120.13975419912578 -13.47740812232527 9.41628336574044 6.612342212127646 3.527238433915022 -22.231210506599233 23.460417751794203 0.43279241395265333 216.59083953559897 3.672442225756221e-07 6.485004371106363 3.518148045095474 0.0 22.231577050440052
2203.0 -3119.4884654090197 -5372.817753428435 -1479.004289845337 -120.13969346297344 -13.477376541823238 9.394064383985242 6.559309103065149 3.5382765406186527 -22.196124727817324 23.413925124170643 0.43415811566863594 216.66555942971405 3.66086252386022e-07 6.432319667082686 3.5293844264710383 0.0 22.19648977472269
2204.0 -3119.4723945182577 -5372.803084612745 -1478.9957060777201 -120.13963321541323 -13.477344860807676 9.371880392384483 6.506340756003445 3.5493755368977675 -22.1611963233608 23.367694777570595 0.43552417037401353 216.74085554699585 3.649353436276623e-07 6.379718667361733 3.5406031237128026 0.0 22.161559795986957
2205.0 -3119.456387732673 -5372.788420743923 -1478.987119577312 -120.1395734558157 -13.477313078865848 9.349731234121835 6.453444372666635 3.5605075553728733 -22.126424040051038 23.321723759686343 0.4368905797225067 216.81671838699285 3.637914389037718e-07 6.327200990217343 3.551804213304046 0.0 22.126785892666927
2206.0 -3119.4404449145372 -5372.773761733436 -1478.9785302853725 -120.13951418349828 -13.477281195788457 9.327616753659445 6.400624467334949 3.5716546158961666 -22.091806646038567 23.276009777301887 0.4382573453421633 216.89313853302363 3.626544813003542e-07 6.27476625735228 3.562987771056358 0.0 22.09216685364234
2207.0 -3119.4245659219287 -5372.759107492663 -1478.9699381575929 -120.13945539774538 -13.477249211497556 9.305536796705566 6.3478838164939315 3.5828051352477903 -22.05734292902554 23.230550976537266 0.43962446883677525 216.97010665129562 3.615244143798439e-07 6.222414093697193 3.5741538721406876 0.0 22.057701480080038
2208.0 -3119.408750610548 -5372.744457933206 -1478.9613431590503 -120.13939709782129 -13.47721712599963 9.283491210178006 6.295224074079955 3.593951665950242 -22.023031694462496 23.185345797191854 0.44099195178757417 217.04761349005682 3.6040118217464276e-07 6.170144127243102 3.58530259111519 0.0 22.02338858611217
2209.0 -3119.392998834883 -5372.729812967096 -1478.9527452609439 -120.13933928297865 -13.477184939355437 9.261479842197616 6.242646169792398 3.6050894324061256 -21.988871764045673 23.140392876364807 0.4423597957530839 217.12564987865858 3.5928472918227384e-07 6.117955988973845 3.5964340019344094 0.0 21.989226998994624
2210.0 -3119.377310448959 -5372.715172506917 -1478.9441444384893 -120.13928195246386 -13.477152651660392 9.239502542057773 6.190150566780592 3.6162153838852618 -21.95486197456309 23.09569098477417 0.4437280022704698 217.2042067267165 3.5817500035938064e-07 6.0658493127598145 3.6075481779684306 0.0 21.95521555904942
2211.0 -3119.3616853068197 -5372.700536465883 -1478.9355406695554 -120.13922510552047 -13.477120263032132 9.217559160214384 6.137737428222427 3.6273275823129882 -21.921001177021267 23.051238984709233 0.4450965728556284 217.28327502321426 3.5707194111684206e-07 6.013823735312599 3.618645192010221 0.0 21.92135311950792
2212.0 -3119.346123262835 -5372.6859047578855 -1478.926933933785 -120.13916874139147 -13.477087773602188 9.19564954826585 6.085406724933767 3.638424806775542 -21.88728823599753 23.00703580229458 0.44646550900390874 217.36284583565615 3.5597549731444337e-07 5.961878896122896 3.629725116287224 0.0 21.887638546328866
2213.0 -3119.3306241718974 -5372.671277297522 -1478.9183242120298 -120.13911285932075 -13.477055183510918 9.17377355894167 6.033158304827406 3.6495062982088404 -21.8537220291471 22.96308040919169 0.4478348121903054 217.4429103092022 3.548856152560478e-07 5.910014437424481 3.6407880224679428 0.0 21.854070718006753
2214.0 -3119.3151878895424 -5372.656654000105 -1478.9097114859826 -120.13905745855392 -13.477022492904077 9.151931046085664 5.980991937710678 3.6605715946998405 -21.82030144681653 22.919371810519305 0.44920448386999595 217.52345966583567 3.5380224168455893e-07 5.858230004148197 3.6518339816709435 0.0 21.820648525379738
2215.0 -3119.299814272026 -5372.6420347816775 -1478.9010957379412 -120.13900253833899 -13.47698970193061 9.13012186465133 5.928907344154816 3.671620425316447 -21.787025391733867 22.87590903687174 0.45057452547812477 217.60448520349834 3.527253237775456e-07 5.806525243906826 3.662863064467484 0.0 21.787370871444914
2216.0 -3119.2845031763686 -5372.627419559008 -1478.8924769506548 -120.13894809792663 -13.476956810741354 9.108345870679477 5.876904214084061 3.682652641715487 -21.753892778748973 22.83269113903045 0.4519449384307059 217.68597829530384 3.5165480914204576e-07 5.754899806939495 3.6738753408929314 0.0 21.75423667117923
2217.0 -3119.269254460384 -5372.612808249583 -1478.883855107227 -120.13889413657051 -13.476923819488022 9.086602921288694 5.824982218728378 3.6936681741189696 -21.72090253460523 22.789717184441344 0.45331572412472976 217.76793038871554 3.505906458100657e-07 5.7033533460869545 3.6848708804516477 0.0 21.72124485136282
2218.0 -3119.2540679826916 -5372.598200771617 -1478.8752301910492 -120.1388406535273 -13.476890728322783 9.06489287467231 5.773141018301487 3.704667002996511 -21.688053597732647 22.74698625485166 0.45468688393786394 217.8503330047114 3.4953278223444836e-07 5.651885516783311 3.6958497521184928 0.0 21.688394350405137
2219.0 -3119.238943602724 -5372.58359704403 -1478.8666021857598 -120.13878764805689 -13.476857537397775 9.043215590069071 5.721380266932373 3.7156491408624914 -21.65534491806641 22.704497444719188 0.4560584192298206 217.93317773706013 3.4848116728351374e-07 5.60049597698533 3.7068120243535967 0.0 21.655684118184972
2220.0 -3119.2238811807274 -5372.568996986453 -1478.857971075216 -120.13873511942232 -13.476824246864865 9.021570927771974 5.669699615813839 3.7266146205868385 -21.622775456862932 22.662249860105355 0.457430331341321 218.01645625146392 3.474357502376132e-07 5.549184387192581 3.7177577650978484 0.0 21.623113115879796
2221.0 -3119.208880577761 -5372.554400519216 -1478.8493368434763 -120.13868306688983 -13.476790856875636 8.9999587491001 5.618098715218806 3.7375634878921353 -21.590344186533645 22.62024261790653 0.45880262159540414 218.10016028485322 3.4639648078393653e-07 5.497950410380307 3.7286870417870093 0.0 21.59068031580844
2222.0 -3119.1939416556907 -5372.539807563337 -1478.8406994747859 -120.1386314897289 -13.47675736758112 8.97837891639676 5.566577215838874 3.748495796547683 -21.558050101000518 22.578474855354614 0.460175289061171 218.18428301608054 3.4536330896916525e-07 5.446793711994209 3.739599921352592 0.0 21.55838471179224
2223.0 -3119.17906427716 -5372.5252180404805 -1478.8320589535585 -120.13858038721217 -13.476723779131932 8.956831292964285 5.515134770061263 3.7594116053272995 -21.525892301713856 22.536945812048096 0.4615483239407567 218.26882312402682 3.443361850639521e-07 5.395713959795866 3.7504964702546797 0.0 21.526225405178252
2224.0 -3119.1642483055243 -5372.510631872845 -1478.8234152643413 -120.13852975861546 -13.476690091678023 8.935315742937847 5.463771032488756 3.770310976062988 -21.49387001353358 22.49565484511092 0.46292171432805773 218.35378064625877 3.4331505968461285e-07 5.344710823563156 3.7613767545456094 0.0 21.494201620724173
2225.0 -3119.14949360481 -5372.496048983092 -1478.8147683917919 -120.13847960321782 -13.476656305368834 8.913832131196047 5.412485659732921 3.7811939723900876 -21.461982518100626 22.454601365442016 0.46429544843320225 218.43915561744996 3.422998838286034e-07 5.293783974878401 3.7722408399150034 0.0 21.462312639970214
2226.0 -3119.134800039689 -5372.481469294314 -1478.806118320668 -120.13842992030136 -13.476622420353204 8.892380323318067 5.361278310286757 3.792060658958481 -21.43022912139552 22.41378480661132 0.4656695145837257 218.52494806959317 3.412906088691423e-07 5.2429330870264215 3.7830887917113447 0.0 21.430557768797787
2227.0 -3119.120167475473 -5372.466892730019 -1478.797465035825 -120.13838070915135 -13.476588436779403 8.870960185571109 5.310148644458248 3.8029111009364325 -21.398609140456273 22.373204612077505 0.46704390122384287 218.61115803209537 3.4028718655133215e-07 5.19215783496451 3.7939206749482133 0.0 21.398936324147126
2228.0 -3119.1055957781073 -5372.452319214131 -1478.7888085222114 -120.13833196905618 -13.476554354795045 8.84957158490573 5.25909632433335 3.8137453636971284 -21.367121897968588 22.332860229947855 0.4684185969132334 218.69778553184085 3.392895689886929e-07 5.141457895310891 3.804736554306543 0.0 21.367447628607355
2229.0 -3119.091084814165 -5372.4377486709855 -1478.780148764868 -120.1382836993073 -13.47652017454722 8.828214388942346 5.208121013754015 3.8245635126201343 -21.335766720084262 22.292751110839294 0.4697935903264127 218.78483059329002 3.3829770865932097e-07 5.09083294631267 3.8155364941413428 0.0 21.33609100823489
2230.0 -3119.076634450846 -5372.42318102532 -1478.7714857489289 -120.13823589919924 -13.476485896182348 8.806888465980068 5.157222378305886 3.835365612965048 -21.30454293556459 22.252876707017656 0.47116887025068277 218.87229323848686 3.373115584031238e-07 5.0402826678661725 3.8263205584771347 0.0 21.30486579169659
2231.0 -3119.0622445559748 -5372.408616202289 -1478.7628194596184 -120.13818856802968 -13.476451519846307 8.785593684981578 5.10640008530847 3.8461517297917096 -21.273449875460567 22.21323647205763 0.4725444255856389 218.96017348716254 3.3633107141797065e-07 4.989806741481025 3.8370888110154846 0.0 21.27377130995007
2232.0 -3119.047914997997 -5372.394054127441 -1478.754149882254 -120.13814170509919 -13.476417045684373 8.76432991558197 5.055653803805583 3.8569219279101494 -21.242486873011124 22.17382986071594 0.4739202453411472 219.04847135674055 3.353562012569864e-07 4.939404850300669 3.8478413151304616 0.0 21.24280689614179
2233.0 -3119.033645645976 -5372.379494726742 -1478.7454770022441 -120.1380953097115 -13.476382473841204 8.743097028080141 5.004983204556001 3.86767627184941 -21.211653263628506 22.134656328891047 0.4752963186364599 219.1371868624118 3.343869018250679e-07 4.889076679081626 3.858578133872869 0.0 21.21197188559244
2234.0 -3119.019436369591 -5372.364937926556 -1478.736800805087 -120.1380493811733 -13.476347804460936 8.721894893437158 4.95438796003029 3.878414825837149 -21.180948384925035 22.09571533362577 0.47667263469889637 219.22632001718057 3.3342312737575334e-07 4.838821914189467 3.8692993299709832 0.0 21.181265615823683
2235.0 -3119.005287039136 -5372.350383653649 -1478.7281212763728 -120.13800391879425 -13.476313037687012 8.700723383278818 4.9038677444037555 3.889137653787664 -21.150371576747396 22.057006333117755 0.47804918286226344 219.3158708318914 3.324648325083118e-07 4.788640243604298 3.8800049658291784 0.0 21.150687426592405
2236.0 -3118.991197525515 -5372.335831835193 -1478.7194384017823 -120.1379589218871 -13.476278173662376 8.679582369886804 4.853422233548485 3.899844819295005 -21.11992218121408 22.01852878673376 0.4794259525660301 219.40583931530264 3.3151197216434217e-07 4.738531356899783 3.890695103532265 0.0 21.120236659928175
2237.0 -3118.977167700239 -5372.321282398756 -1478.710752167086 -120.13791438976742 -13.476243212529408 8.658471726199613 4.803051105029615 3.910536385628303 -21.089599542758847 21.980282155031205 0.48080293335388136 219.496225474119 3.3056450162484846e-07 4.688494945244983 3.9013698048449688 0.0 21.089912660176715
2238.0 -3118.9631974354256 -5372.306735272313 -1478.7020625581451 -120.13787032175385 -13.47620815442982 8.63739132581209 4.752754038093646 3.9212124157306993 -21.059403008163613 21.94226589976857 0.482180114872375 219.58702931302727 3.2962237650727633e-07 4.638530701402715 3.9120291312120496 0.0 21.059714774032674
2239.0 -3118.9492866037954 -5372.29219038423 -1478.693369560911 -120.13782671716787 -13.476172999504833 8.61634104296728 4.70253071367013 3.931872972216733 -21.029331926606083 21.904479483932807 0.48355748687011246 219.6782508347653 3.28685552762237e-07 4.588638319710291 3.922673143762334 0.0 21.02964235058741
2240.0 -3118.935435078669 -5372.277647663275 -1478.6846731614235 -120.13778357533401 -13.476137747895073 8.595320752561792 4.652380814358959 3.9425181173735497 -20.99938564968813 21.86692237174591 0.4849350391960418 219.7698900401316 3.277539866708625e-07 4.5388174960917 3.933301903305902 0.0 20.999694741357203
2241.0 -3118.921642733964 -5372.26310703861 -1478.6759733458139 -120.13774089557957 -13.476102399740581 8.574330330137629 4.602304024428185 3.9531479131603806 -20.969563531475437 21.829594028684472 0.4863127617986558 219.8619469280519 3.268276348415861e-07 4.489067928038029 3.943915470338156 0.0 20.969871300323014
2242.0 -3118.9079094441927 -5372.2485684397925 -1478.6672701003006 -120.13769867723481 -13.476066955180837 8.55336965188128 4.55230002980446 3.963762421209916 -20.939864928527733 21.7924939214891 0.48769064472473045 219.95442149561438 3.259064542072739e-07 4.439389314605009 3.954513905040157 0.0 20.940171383960635
2243.0 -3118.89423508446 -5372.2340317967755 -1478.6585634111927 -120.13765691963286 -13.476031414354818 8.532438594621606 4.502368518067542 3.9743617028290057 -20.910289199931295 21.755621518176927 0.48906867811815385 220.04731373810822 3.249904020223321e-07 4.389781356407834 3.965097267279613 0.0 20.91059435127323
2244.0 -3118.8806195304605 -5372.219497039901 -1478.6498532648866 -120.13761562210969 -13.475995777400849 8.511537035827757 4.4525091784460145 3.984945818999215 -20.880835707331727 21.718976288054762 0.4904468522187652 220.1406236490619 3.2407943585984045e-07 4.340243755615684 3.9756656166118667 0.0 20.88113956382408
2245.0 -3118.867062658474 -5372.204964099902 -1478.6411396478675 -120.13757478400417 -13.475960044456757 8.49066485360125 4.4027217018069535 3.995514830378779 -20.851503814958626 21.682557701723585 0.49182515736159316 220.23435122030648 3.2317351360846224e-07 4.290776215932923 3.9862190122837706 0.0 20.8518063857613
2246.0 -3118.8535643453665 -5372.190432907901 -1478.6324225467094 -120.13753440465788 -13.475924215659804 8.469821926685283 4.353005780649912 4.006068797303675 -20.822292889653813 21.646365231087398 0.4932035839749681 220.328496441961 3.222725934701293e-07 4.241378442620768 3.9967575132289443 0.0 20.822594183845933
2247.0 -3118.8401244685833 -5372.175903395409 -1478.6237019480732 -120.13749448341538 -13.475888291146699 8.449008134449599 4.303361109101571 4.016607779788566 -20.79320230089879 21.610398349361557 0.49458212258025974 220.42305930252627 3.213766339566912e-07 4.192050142461163 4.007281178075281 0.0 20.793502327479533
2248.0 -3118.826742906148 -5372.161375494325 -1478.6149778387075 -120.13745501962389 -13.475852271053615 8.428223356896545 4.25378738290875 4.027131837528143 -20.76423142083882 21.574656531077768 0.4959607637902301 220.51803978888344 3.204855938875118e-07 4.142791023770883 4.017790065141852 0.0 20.764530188728163
2249.0 -3118.813419536662 -5372.146849136928 -1478.6062502054488 -120.1374160126335 -13.47581615551618 8.407467474649428 4.204284299431721 4.037641029898389 -20.73537962430625 21.539139252088553 0.4973394983085668 220.61343788637112 3.195994323863283e-07 4.093600796373655 4.02828423244467 0.0 20.735677142345814
2250.0 -3118.8001542392963 -5372.132324255886 -1478.5975190352192 -120.13737746179696 -13.475779944669464 8.38674036896252 4.154851557632805 4.048135415958887 -20.706646288838193 21.5038459895657 0.49871831692799545 220.70925357876354 3.1871810887906525e-07 4.044479171623582 4.038763737691589 0.0 20.70694256579188
2251.0 -3118.786946893795 -5372.1178007842445 -1478.5887843150283 -120.13733936646994 -13.47574363864799 8.366041921705008 4.105488858075945 4.05861505445274 -20.678030794704178 21.468776222010195 0.500097210530132 220.80548684836717 3.1784158309055965e-07 3.99542586236681 4.04922863829028 0.0 20.678325839259017
2252.0 -3118.7737973804683 -5372.1032786554315 -1478.5800460319717 -120.13730172601073 -13.475707237585805 8.345372015368659 4.056195902915293 4.069080003808901 -20.649532524920673 21.433929429247943 0.5014761700837717 220.90213767600733 3.169698150423246e-07 3.9464405829595854 4.059678991344321 0.0 20.649826345687526
2253.0 -3118.7607055801923 -5372.0887578032525 -1478.571304173231 -120.13726453978042 -13.475670741616337 8.324730533055728 4.006972395888416 4.079530322143467 -20.62115086527009 21.399305092430666 0.5028551866445052 220.99920604110628 3.161027650494998e-07 3.897523049239086 4.070114853659204 0.0 20.621443470784435
2254.0 -3118.747671374403 -5372.07423816189 -1478.5625587260733 -120.13722780714271 -13.475634150872562 8.304117358488265 3.957818042309831 4.089966067260926 -20.592885204318698 21.364902694036005 0.5042342513529191 221.0966919216597 3.152403937187291e-07 3.848672978545464 4.080536281737567 0.0 20.593176603041286
2255.0 -3118.7346946450975 -5372.059719665903 -1478.5538096778505 -120.13719152746413 -13.475597465486889 8.28353237599251 3.9087325490640445 4.100387296655523 -20.564734933432902 21.330721717866048 0.5056133554344697 221.1945952943303 3.143826619450169e-07 3.79989008968443 4.090943331786975 0.0 20.565025133750545
2256.0 -3118.7217752748284 -5372.045202250223 -1478.5450570159996 -120.13715570011378 -13.475560685591239 8.262975470500999 3.8597156245978557 4.110794067512752 -20.536699446793723 21.296761649044214 0.5069924901981896 221.29291613445716 3.135295309093548e-07 3.751174102932128 4.101336059718802 0.0 20.53698845702004
2257.0 -3118.7089131467005 -5372.030685850154 -1478.5363007280432 -120.13712032446347 -13.475523811316934 8.242446527557215 3.8107669789100775 4.121186436711417 -20.508778141408047 21.263021974008822 0.5083716470352281 221.39165441605184 3.1268096207647317e-07 3.7025247400456873 4.111714521145803 0.0 20.50906596978408
2258.0 -3118.696108144372 -5372.016170401375 -1478.527540801586 -120.13708539988768 -13.475486842794878 8.221945433300688 3.7618863235505096 4.131564460823727 -20.480970417127928 21.22950218051585 0.5097508174187181 221.4908101118875 3.118369171918073e-07 3.6539417242279493 4.122078771389535 0.0 20.48125707182292
2259.0 -3118.683360152048 -5372.001655839926 -1478.5187772243175 -120.13705092576359 -13.475449780155362 8.201472074469319 3.713073371607222 4.141928196117859 -20.453275676656776 21.19620175762758 0.5111299929024978 221.59038319350478 3.1099735827920336e-07 3.605424780132432 4.132428865479133 0.0 20.453561165768882
2260.0 -3118.6706690544784 -5371.98714210222 -1478.5100099840106 -120.13701690147082 -13.47541262352822 8.18102633840288 3.6643278377000073 4.152277698559234 -20.425693325561802 21.163120195708277 0.5125091651197621 221.69037363121134 3.101622476386929e-07 3.5569736338716234 4.142764858149478 0.0 20.4259776571187
2261.0 -3118.6580347369563 -5371.972629125033 -1478.501239068522 -120.13698332639177 -13.475375373042802 8.160608113026013 3.615649437975164 4.162613023811481 -20.398222772286093 21.130256986419877 0.513888325783107 221.79078139418027 3.09331547843451e-07 3.508588012976357 4.1530868038496696 0.0 20.398505954245778
2262.0 -3118.6454570853152 -5371.958116845504 -1478.4924644657895 -120.13695019991141 -13.475338028827887 8.140217286858242 3.5670378900942223 4.172934227238727 -20.370863428154212 21.097611622710733 0.515267466682764 221.8916064504163 3.0850522173788516e-07 3.4602676464191897 4.163394756737924 0.0 20.37114546840561
2263.0 -3118.632935985924 -5371.943605201138 -1478.4836861638348 -120.13691752141725 -13.47530059101176 8.119853749004193 3.5184929132304736 4.183241363906178 -20.343614707384727 21.065183598812254 0.5166465796861807 221.99284876681844 3.0768323243493817e-07 3.4120122645911026 4.1736887706864385 0.0 20.343895613748415
2264.0 -3118.6204713256875 -5371.929094129796 -1478.4749041507603 -120.13688529029939 -13.475263059722277 8.099517389156157 3.470014228058565 4.1935344885822206 -20.31647602709454 21.03297241022687 0.5180256567367763 222.09450830918112 3.068655433139151e-07 3.3638215993073994 4.183968899280013 0.0 20.316755807323343
2265.0 -3118.608062992041 -5371.914583569699 -1478.466118414751 -120.13685350595048 -13.475225435086719 8.079208097581752 3.4216015567466993 4.203813655739954 -20.289446807305616 21.00097755371881 0.5194046898537193 222.1965850422688 3.060521180177333e-07 3.3156953837780456 4.1942351958222215 0.0 20.28972546908537
2266.0 -3118.5957108729485 -5371.900073459427 -1478.457328944072 -120.13682216776577 -13.475187717231874 8.05892576513416 3.3732546229503404 4.214078919558383 -20.262526470952757 20.96919852730627 0.520783671130184 222.29907892977744 3.0524292045110206e-07 3.267633352631761 4.204487713330153 0.0 20.262804021902838
2267.0 -3118.5834148569006 -5371.885563737909 -1478.4485357270696 -120.13679127514298 -13.475149906284061 8.03867028323491 3.324973151805394 4.224330333923741 -20.235714443888725 20.937634830251046 0.52216259273348 222.40198993443335 3.0443791477762484e-07 3.2196352418750678 4.21472650454306 0.0 20.23599089156284
2268.0 -3118.5711748329104 -5371.871054344436 -1478.4397387521703 -120.13676082748233 -13.475112002369084 8.018441543883412 3.2767568699161416 4.234567952431942 -20.209010154884627 20.906285963043178 0.5235414469033757 222.5053180179565 3.036370654179928e-07 3.171700788914559 4.224951621917463 0.0 20.209285506771337
2269.0 -3118.558990690513 -5371.856545218644 -1478.430938007881 -120.13673082418663 -13.475074005612326 7.9982394396460155 3.2286055053542784 4.244791828388624 -20.18241303563633 20.875151427392858 0.5249202259532232 222.60906314026536 3.0284033704797873e-07 3.1238297325308637 4.235163117632588 0.0 20.18268729915976
2270.0 -3118.546862319761 -5371.8420363005225 -1478.4221334827885 -120.13670126466104 -13.475035916138596 7.978063863660908 3.1805187875858856 4.255002014805992 -20.15592250904297 20.84423071487012 0.5262989249684836 222.71322359726545 3.0204769574404246e-07 3.0760218128898247 4.245361043587865 0.0 20.15619569156322
2271.0 -3118.534789611246 -5371.827527530449 -1478.4133251655692 -120.13667214831337 -13.474997734072241 7.957914709673729 3.1324964471022465 4.2651985643646055 -20.129537916191264 20.813523236202656 0.5276775473980825 222.81779257618913 3.0125911136061574e-07 3.0282767716266683 4.255545451384821 0.0 20.12981002500342
2272.0 -3118.5227724561423 -5371.813018849267 -1478.404513045012 -120.13664347455376 -13.474959459537168 7.937791872137226 3.084538215487316 4.275381529398042 -20.10325851701797 20.78302832184894 0.5290560982600435 222.92276233325993 3.004745546472893e-07 2.9805943520817753 4.2657163922767145 0.0 20.103529559350292
2273.0 -3118.5108107462324 -5371.798510198333 -1478.3956971100315 -120.13661524279487 -13.474921092656778 7.917695246262243 3.036643825811706 4.2855509618920005 -20.077083542915645 20.752745272879636 0.530434582529585 223.0281251829998 2.996939965654046e-07 2.9329742994210166 4.275873917142695 0.0 20.07735352592844
2274.0 -3118.498904373914 -5371.784001519529 -1478.3868773496695 -120.13658745245183 -13.474882633553985 7.897624728027731 2.9888130128539068 4.295706913474096 -20.051012219585974 20.722673383090804 0.5318130051383424 223.13387349756258 2.989174082866461e-07 2.8854163606592156 4.286018076482682 0.0 20.051281150371246
2275.0 -3118.4870532321943 -5371.769492755263 -1478.3780537530972 -120.13656010294208 -13.474844082351256 7.877580214193556 2.9410455132171496 4.305849435403553 -20.025043775807955 20.69281194749048 0.5331913709733914 223.23999970605774 2.9814476119174783e-07 2.837920284690338 4.296148920410854 0.0 20.025311661389313
2276.0 -3118.4752572146917 -5371.754983848466 -1478.3692263096143 -120.13653319368562 -13.474805439170533 7.857561602281872 2.893341065387337 4.3159785785646205 -19.999177446750203 20.663160265503613 0.5345696848784275 223.3464962940467 2.973760268680007e-07 2.7904858222429594 4.3062664986649555 0.0 19.999444294083276
2277.0 -3118.4635162156264 -5371.740474742586 -1478.3603950086479 -120.13650672410473 -13.474766704133373 7.837568790577119 2.8456994097583417 4.326094393463438 -19.97341247517553 20.633717642134975 0.5359479516536664 223.45335580294858 2.966111771075038e-07 2.7431127258803087 4.316370860606283 0.0 19.97367829114852
2278.0 -3118.4518301298162 -5371.725965381586 -1478.3515598397498 -120.13648069362412 -13.474727877360824 7.817601678119972 2.7981202886391534 4.336196930227289 -19.947748111832496 20.604483388343507 0.537326176056161 223.56057082948547 2.9585018390520105e-07 2.69580074998547 4.326462055222645 0.0 19.948012903266793
2279.0 -3118.440198852672 -5371.711455709934 -1478.3427207925956 -120.13645510167085 -13.474688958973447 7.7976601646896455 2.750603446250693 4.346286238605458 -19.922183615534653 20.575456821113224 0.5387043628009225 223.66813402519747 2.950930194564976e-07 2.6485496507193207 4.336540131137266 0.0 19.92244738918566
2280.0 -3118.42862228019 -5371.6969456726 -1478.3338778569844 -120.13642994767432 -13.474649949091411 7.777744150809711 2.703148628712758 4.356362367971932 -19.89671825311801 20.54663726340525 0.540082516560421 223.7760380958396 2.943396561557947e-07 2.6013591860341974 4.346605136605768 0.0 19.896981015675824
2281.0 -3118.4171003089486 -5371.682435215047 -1478.3250310228354 -120.13640523106619 -13.474610847834395 7.757853537728777 2.655755584031218 4.366425367327937 -19.8713512993573 20.518024044069815 0.5414606419658236 223.88427580092082 2.9359006659409006e-07 2.554229115627821 4.356657119525897 0.0 19.87161305744757
2282.0 -3118.4056328360984 -5371.667924283229 -1478.3161802801885 -120.13638095128054 -13.474571655321633 7.737988227419089 2.608424062080813 4.376475285305365 -19.846082036864075 20.489616497740258 0.5428387436069936 223.99283995315403 2.9284422355728e-07 2.5071592009397623 4.366696127438143 0.0 19.846342797048763
2283.0 -3118.3942197593633 -5371.653412823579 -1478.3073256192006 -120.13635710775367 -13.474532371671897 7.718148122560233 2.5611538145849186 4.38651217017079 -19.820909755979038 20.461413964721118 0.5442168260335264 224.1017234179946 2.921021000239227e-07 2.460149205112676 4.376722207533936 0.0 19.821169524757313
2284.0 -3118.38286097703 -5371.638900783015 -1478.2984670301455 -120.1363336999241 -13.474492997003537 7.698333126547281 2.513944595097378 4.396536069829079 -19.795833754666027 20.433415790877998 0.545594893754088 224.21091911305132 2.9136366916393836e-07 2.413198893011415 4.386735406651479 0.0 19.796092538474923
2285.0 -3118.371556387944 -5371.624388108921 -1478.2896045034129 -120.13631072723271 -13.47445353143449 7.678543143464951 2.466796158984475 4.406547031826922 -19.770853338406145 20.405621327527584 0.5469729512381156 224.32042000769204 2.906289043360577e-07 2.3663080311615987 4.396735771288711 0.0 19.77111114362145
2286.0 -3118.3603058915064 -5371.609874749153 -1478.2807380295053 -120.13628818912254 -13.474413975082204 7.658778078095987 2.419708263407064 4.416545103356378 -19.74596782009466 20.378029931330346 0.5483510029151425 224.43021912246667 2.8989777908656985e-07 2.319476387769208 4.406723347599069 0.0 19.746224653031625
2287.0 -3118.349109387665 -5371.595360652022 -1478.2718675990388 -120.13626608503893 -13.474374328063751 7.6390378358990425 2.372680667296967 4.426530331259583 -19.72117651993358 20.35064096417863 0.5497290531762452 224.54030952870642 2.891702671469549e-07 2.2727037326680986 4.416698181402551 0.0 19.721432386847766
2288.0 -3118.3379667769123 -5371.5808457663015 -1478.2629932027407 -120.13624441442931 -13.474334590495681 7.619322323015891 2.325713131339932 4.436502762032119 -19.69647876533248 20.32345379309331 0.5511071063734494 224.6506843479664 2.884463424326245e-07 2.2259898373367397 4.426660318182073 0.0 19.69673367242044
2289.0 -3118.3268779602786 -5371.5663300412125 -1478.2541148314472 -120.13622317674341 -13.47429476249422 7.599631446250714 2.2788054179597177 4.446462441826131 -19.67187389081197 20.296467790123053 0.5524851668210848 224.7613367516306 2.8772597904064945e-07 2.179334474849173 4.43660980309383 0.0 19.672127844212053
2290.0 -3118.315842688676 -5371.551813457509 -1478.2452326790458 -120.13620237008718 -13.47425484605944 7.579965112951352 2.233657575044097 4.453977011061111 -19.647366273086043 20.26933987199415 0.5538632388040227 224.8722599610789 2.870091512439512e-07 2.1500805236774827 4.421735306877846 0.0 19.647570488989288
2291.0 -3118.3048535241287 -5371.537297488278 -1478.2363566322447 -120.13618192830263 -13.47421493316689 7.560323234178359 2.199957540474273 4.445187069409705 -19.6229594103605 20.24006020946066 0.5552413263551544 224.983447229229 2.862958336047843e-07 2.1361870493140778 4.384956312575072 0.0 19.623155465935323
2292.0 -3118.293900059833 -5371.5227842456625 -1478.2275006018488 -120.13616175858603 -13.474175153095826 7.5407057465878315 2.1739991902140936 4.4253947986824596 -19.598627796617112 20.20931970932199 0.5566194317157447 225.09489171520642 2.855860017616127e-07 2.122311251695363 4.348222585757336 0.0 19.598847892255534
2293.0 -3118.2829759736082 -5371.508274995534 -1478.2186729928578 -120.13614180463898 -13.47413558401423 7.5211125864475035 2.1527626250050096 4.398920465817659 -19.574376986406907 20.177738292241383 0.557997557153104 225.20658662979434 2.848796314762469e-07 2.1084532119504793 4.311534025057589 0.0 19.574622196101014
2294.0 -3118.2720773940387 -5371.493770484333 -1478.2098788959395 -120.13612203212028 -13.474096273349197 7.50154367745528 2.1344069476922423 4.368397469026653 -19.55021338567642 20.145705073072943 0.5593757058193494 225.31852530493882 2.841766981965382e-07 2.094612950281349 4.274890499730473 0.0 19.550477501611525
2295.0 -3118.2612019431513 -5371.479271141779 -1478.2011213821 -120.13610242006999 -13.474057249795589 7.481998935480835 2.117810648215353 4.335429943105668 -19.526139819136347 20.113458453725297 0.5607538814225734 225.43070116735598 2.834771772331491e-07 2.080790449753636 4.238291860945025 0.0 19.526416530909145
2296.0 -3118.2503481532017 -5371.464777205815 -1478.1924022927599 -120.13608295567784 -13.474018530640762 7.462478273014538 2.1022908950733727 4.300994406093141 -19.502156686233704 20.081142778815224 0.5621320879161877 225.5431077132377 2.8278104392209327e-07 2.0669856718665773 4.2017379515335165 0.0 19.502441224548463
2297.0 -3118.2395151110227 -5371.450288798586 -1478.1837227213275 -120.13606363109425 -13.473980126229966 7.442981601625215 2.0874321941289677 4.265684916573063 -19.478263303023 20.048844911227615 0.5635103293267552 225.65573849395153 2.8208827371314027e-07 2.053198565841285 4.1652286114248165 0.0 19.478552428567227
2298.0 -3118.2287022411624 -5371.435805972404 -1478.1750833064814 -120.13604444148731 -13.473942042686561 7.423508833080297 2.072981868922776 4.229862615985762 -19.454458655184997 20.016616925577082 0.5648886096752511 225.7685871092233 2.813988422090342e-07 2.0394290739986674 4.128763680228022 0.0 19.454750277275753
2299.0 -3118.217909173715 -5371.421328737503 -1478.1664844106665 -120.13602538385976 -13.473904283568183 7.404059879753506 2.0587863427338737 4.193746888785964 -19.43074171905501 19.984489934067728 0.5662669329482528 225.88164720434636 2.807127251787657e-07 2.025677134831432 4.092342998279493 0.0 19.4310345252455
2300.0 -3118.2071356638357 -5371.4068570788295 -1478.1579262286668 -120.13600645632916 -13.473866850874373 7.3846346547422 2.044752318830106 4.157470897958955 -19.407111563264852 19.9524824405823 0.5676453030895204 225.99491246904603 2.80029898560356e-07 2.0119426847755535 4.0559664070277055 0.0 19.407404743107055
2301.0 -3118.196381542762 -5371.392390966181 -1478.1494088536065 -120.13598765769025 -13.473829745659437 7.365233071859693 2.030823144602625 4.121115396453683 -19.383567359791737 19.92060537100027 0.5690237240004061 226.10837663706928 2.7935033845919274e-07 1.998225659228602 4.019633749114741 0.0 19.383860418203156
2302.0 -3118.1856466880313 -5371.377930360348 -1478.1409323170499 -120.13596898714887 -13.473792968404567 7.345855045612203 2.016964429581101 4.084729299542814 -19.360108365832055 19.88886509827796 0.5704021995413543 226.22203348587055 2.7867402114584867e-07 1.9845259931532206 3.983344868388682 0.0 19.360401002866617
2303.0 -3118.1749310053897 -5371.363475216833 -1478.1324966133516 -120.13595044416036 -13.473756519244152 7.326500491159968 2.0031552997314517 4.04834219415071 -19.33673390134854 19.857265261040986 0.5717807335345448 226.33587683639874 2.780009230533824e-07 1.9708436214252107 3.9470996098629154 0.0 19.337025936709875
2304.0 -3118.164234417803 -5371.349025488093 -1478.1241017144303 -120.13593202833154 -13.4737203981029 7.307169324278366 1.9893830824931475 4.011971940581673 -19.31344333033664 19.825807856807486 0.5731593297665518 226.44990055289298 2.7733102077467807e-07 1.957178479032922 3.910897819661824 0.0 19.31373465667706
2305.0 -3118.15355685879 -5371.334581124901 -1478.1157475787309 -120.13591373936121 -13.473684604779221 7.287861461346038 1.9756400787677606 3.9756292891059433 -19.290236047250364 19.79449389915963 0.5745379919890924 226.56409854252666 2.766642910607584e-07 1.9435305012062292 3.8747393450092216 0.0 19.29052660153238
2306.0 -3118.1428982683797 -5371.320142077171 -1478.1074341566552 -120.13589557700415 -13.473649138995476 7.2685768193216065 1.9619216036213176 3.939320681898127 -19.26711146781547 19.7633238127298 0.575916723920597 226.6784647551262 2.760007108187249e-07 1.9298996234826489 3.8386240341908815 0.0 19.267401213845577
2307.0 -3118.1322585906605 -5371.305708294454 -1478.09916139385 -120.13587754104908 -13.47361400042871 7.2493153157313355 1.9482247977939364 3.903049952561532 -19.244069023054706 19.732297670545705 0.5772955292470051 226.79299318282986 2.75340257110101e-07 1.9162857817488492 3.80255173653498 0.0 19.24435794086839
2308.0 -3118.121637772294 -5371.291279726233 -1478.0909292331976 -120.13585963130569 -13.473579188729042 7.230076868662611 1.9345479072188523 3.8668193563370448 -19.221108155481897 19.701415336584333 0.5786744116221485 226.9076778597187 2.7468290714939356e-07 1.9026889122659103 3.766522302401926 0.0 19.2213962349076
2309.0 -3118.1110357616167 -5371.276856322108 -1478.0827376160198 -120.1358418475964 -13.473544703530907 7.210861396750901 1.920889846525494 3.830630194200805 -19.198228316706647 19.67067655134425 0.5800533746686051 227.02251286149095 2.7402863830244805e-07 1.8891089516783468 3.7305355831611537 0.0 19.198515553470102
2310.0 -3118.100452508094 -5371.262438031895 -1478.0745864828039 -120.13582418975167 -13.473510544459831 7.191668819173239 1.907249934754205 3.794483190704506 -19.175428965930895 19.640080983173682 0.5814324219780884 227.1374923051029 2.7337742808504435e-07 1.8755458370202884 3.6945914311796364 0.0 19.175715359300046
2311.0 -3118.089887961991 -5371.248024805695 -1478.0664757736408 -120.13580665760698 -13.473476711136469 7.172499055646127 1.893627735440214 3.7583787225899092 -19.152709569008643 19.60962825903745 0.5828115571115204 227.25261034838766 2.7272925416165674e-07 1.8619995057204604 3.658689699818411 0.0 19.152995120371422
2312.0 -3118.0793420741675 -5371.233616593932 -1478.0584054284898 -120.1357892510011 -13.4734432031791 7.153352026415989 1.880022959905486 3.7223169570166394 -19.130069597838926 19.579317982923374 0.5841907835996416 227.36786118972378 2.720840943439752e-07 1.8484698955992742 3.6228302434150033 0.0 19.130354309845167
2313.0 -3118.068814795962 -5371.219213347365 -1478.0503753873359 -120.13577196977506 -13.473410020205096 7.134227652255213 1.8664354088146586 3.6862979350966514 -19.107508529980436 19.549149746852166 0.5855701049432191 227.4832390676747 2.714419265896303e-07 1.8349569448682579 3.587012917276221 0.0 19.107792406024593
2314.0 -3118.058306079111 -5371.204815017108 -1478.0423855902854 -120.13575481377138 -13.473377161831797 7.115125854451442 1.8528649368731172 3.6503216223353956 -19.08502584838614 19.519123137435 0.5869495246137462 227.59873826067323 2.708027290007055e-07 1.8214605921238192 3.551237577658269 0.0 19.085308892295817
2315.0 -3118.0478158757073 -5371.190421554629 -1478.0344359776213 -120.13573778283381 -13.473344627677083 7.09604655481386 1.8393114315174222 3.614387939072901 -19.06262104122064 19.489237739773564 0.5883290460529129 227.71435308660836 2.701664798228323e-07 1.8079807763523643 3.5155040817786576 0.0 19.062903257069067
2316.0 -3118.037344138167 -5371.176032911754 -1478.0265264898362 -120.13572087680697 -13.473312417359697 7.076989675655728 1.8257748000600111 3.5784967788441557 -19.040293601725477 19.459493139767034 0.5897086726737941 227.83007790255922 2.695331574435029e-07 1.7945174369184222 3.479812287783613 0.0 19.040574993718927
2317.0 -3118.0268908192147 -5371.161649040668 -1478.018657067653 -120.13570409553635 -13.473280530499302 7.057955139797181 1.8122549619366604 3.542648019440459 -19.01804302811229 19.429888925463263 0.5910884078605758 227.94590710441187 2.689027403910738e-07 1.7810705135665366 3.4441620547534417 0.0 19.0183236005225
2318.0 -3118.0164558718707 -5371.147269893905 -1478.0108276520336 -120.13568743886813 -13.473248966716852 7.038942870554049 1.798751844034693 3.5068415295711644 -18.995868823474957 19.40042468784153 0.5924682549692918 228.0618351265638 2.682752073333172e-07 1.767639946413796 3.4085532426817 0.0 18.996148580598675
2319.0 -3118.0060392494406 -5371.13289542436 -1478.0030381841855 -120.13567090664911 -13.473217725634358 7.019952791743446 1.7852653778775167 3.471077172868176 -18.9737704957108 19.371100021252285 0.5938482173273473 228.17785644153182 2.6765053707653883e-07 1.7542256759533545 3.372985712485762 0.0 18.974049441845597
2320.0 -3117.9956409055117 -5371.118525585273 -1477.995288605564 -120.1356544987267 -13.473186806875143 7.000984827668639 1.7717954979302846 3.435354810295647 -18.95174755745387 19.34191452365991 0.5952282982345444 228.29396555968896 2.670287085640237e-07 1.7408276430439626 3.3374593259785943 0.0 18.95202569688382
2321.0 -3117.985260793945 -5371.104160330233 -1477.9875788578731 -120.13563821494893 -13.473156210063745 6.982038903118111 1.7583421405826645 3.3996743016053372 -18.929799528098208 19.312867798810505 0.5966085003573341 228.41015816358177 2.6640970143469285e-07 1.7274457889090227 3.3019739458671014 0.0 18.930076865085503
2322.0 -3117.9748988688734 -5371.089799613162 -1477.979908883063 -120.13562205516435 -13.473125934825957 6.963114943348337 1.7449052435641876 3.36403550629454 -18.90792595324416 19.28395947542911 0.597988823512544 228.52643526134048 2.657934980705099e-07 1.7140800551244202 3.266529435719964 0.0 18.908202492024603
2323.0 -3117.9645550846753 -5371.07544338829 -1477.9722786233217 -120.13560601922222 -13.473095980788829 6.94421287405747 1.7314847455770872 3.3284382841281213 -18.886126409022914 19.255189211560833 0.599369266691968 228.6427993976014 2.651800817255488e-07 1.7007303835997583 3.2311256599184768 0.0 18.886402153803775
2324.0 -3117.9542293959717 -5371.061091610138 -1477.9646880210698 -120.13559010697217 -13.473066347580717 6.925332621356706 1.7180805860355788 3.292882495332737 -18.864400485965035 19.2265566787987 0.6007498288940887 228.75925309922113 2.645694357574275e-07 1.6873967165582433 3.1957624836029765 0.0 18.864675440924028
2325.0 -3117.943921757615 -5371.046744233509 -1477.957137018959 -120.13557431826456 -13.473037034831098 6.906474111766089 1.704692704906594 3.2573680007117884 -18.842747781743153 19.19806155518336 0.6021305091241937 228.87579887524942 2.6396154362634315e-07 1.6740789965332203 3.1604397726651343 0.0 18.843021951027897
2326.0 -3117.9336321246906 -5371.032401213487 -1477.9496255598683 -120.13555865295014 -13.473008042170816 6.887637272202876 1.6913210426164786 3.22189466172269 -18.821167898504758 19.16970352259368 0.6035113063949404 228.99243921713378 2.6335638889396897e-07 1.6607771663602757 3.1251573937262043 0.0 18.821441286232634
2327.0 -3117.9233604525098 -5371.018062505423 -1477.9421535869037 -120.13554311088033 -13.472979369231895 6.868822029979434 1.6779655399922344 3.1864623405169743 -18.79966044187457 19.141482265768182 0.6048922197262285 229.10917659886397 2.6275395522266913e-07 1.6474911691752843 3.0899152141332316 0.0 18.799933052132744
2328.0 -3117.9131066966115 -5371.003728064947 -1477.9347210433957 -120.13552769190703 -13.47295101564759 6.850028312806273 1.6646261382266943 3.1510708999657204 -18.778225020576954 19.113397471933155 0.6062732481446964 229.22601347708326 2.621542263748833e-07 1.6342209484165702 3.0547131019647917 0.0 18.778496857422464
2329.0 -3117.90287081276 -5370.989397847958 -1477.9273278728988 -120.1355123958827 -13.472922981052367 6.831256048777839 1.6513027788576489 3.1157202036750222 -18.75686124628262 19.085448830649767 0.6076543906844885 229.34295229130527 2.615571862119678e-07 1.6209664478146797 3.019550926004494 0.0 18.75713231374262
2330.0 -3117.892652756942 -5370.975071810622 -1477.9199740191898 -120.13549722266035 -13.472895265081952 6.812505166381132 1.6379954037524085 3.0804101159877444 -18.73556873353199 19.05763603373449 0.609035646386346 229.4599954639878 2.609628186937725e-07 1.6077276113984134 2.9844285557572148 0.0 18.735839035603927
2331.0 -3117.8824524853667 -5370.960749909371 -1477.9126594262668 -120.13548217209343 -13.472867867373234 6.7937755944838285 1.6247039550991715 3.045140501986128 -18.71434709969353 19.029958775214382 0.6104170142982095 229.57714540073272 2.60371107877572e-07 1.5945043834862431 2.9493458614269246 0.0 18.714616640345405
2332.0 -3117.872269954463 -5370.946432100904 -1477.905384038347 -120.13546724403606 -13.47284078756432 6.775067262334982 1.6114283754011405 3.0099112274919833 -18.693195964934134 19.00241675129403 0.6117984934748969 229.6944044904065 2.5978203791740364e-07 1.5812967086866643 2.9143027139181283 0.0 18.693464748104795
2333.0 -3117.862105120878 -5370.932118342174 -1477.8981477998655 -120.13545243834281 -13.472814025294527 6.7563800995608325 1.5981686074705426 2.9747221590601143 -18.672114952187293 18.97500966031912 0.6131800829781463 229.81177510528954 2.591955930632578e-07 1.568104531895187 2.8792989848280754 0.0 18.672382981786686
2334.0 -3117.8519579414765 -5370.917808590406 -1477.8909506554749 -120.13543775486876 -13.472787580204333 6.737714036172721 1.5849245944252148 2.9395731639751945 -18.65110368712854 18.947737202747902 0.6145617818757645 229.92925960114852 2.58611757660653e-07 1.5549277982997003 2.844334546461686 0.0 18.65137096703788
2335.0 -3117.841828373339 -5370.903502803072 -1477.883792550043 -120.13542319346955 -13.47276145193546 6.719069002545206 1.5716962796868401 2.9044641102508075 -18.630161798153544 18.92059908112574 0.6159435892429812 230.04686031749452 2.580305161492842e-07 1.541766453365022 2.8094092717906523 0.0 18.6304283322257
2336.0 -3117.8317163737593 -5370.889200937907 -1477.8766734286519 -120.13540875400132 -13.47273564013069 6.700444929423509 1.5584836069765187 2.869394866619974 -18.609288916348664 18.893595000050595 0.6173255041616408 230.16457957765587 2.574518530625992e-07 1.5286204428378234 2.774523034467478 0.0 18.60955470840841
2337.0 -3117.8216219002447 -5370.874902952896 -1477.8695932365965 -120.13539443632072 -13.472710144434135 6.681841747928411 1.5452865203132342 2.8343653025327544 -18.588484675469825 18.866724666148066 0.6187075257195783 230.28241968886533 2.5687575302729607e-07 1.5154897127502622 2.7396757088347257 0.0 18.588749729314024
2338.0 -3117.811544910512 -5370.860608806279 -1477.8625519193836 -120.13538024028493 -13.472684964490918 6.663259389537154 1.5321049640104745 2.799375288148484 -18.567748711914508 18.83998778803863 0.6200896530117811 230.40038294249757 2.5630220076208335e-07 1.502374209406043 2.704867169889341 0.0 18.568013031312454
2339.0 -3117.80148536249 -5370.846318456543 -1477.8555494227292 -120.13536616575163 -13.472660099947431 6.644697786097182 1.5189388826751626 2.764424694333716 -18.547080664702538 18.813384076314588 0.6214718851391131 230.518471614098 2.5573118107746505e-07 1.4892738793902678 2.67009729330848 0.0 18.54734425339614
2340.0 -3117.7914432143134 -5370.832031862426 -1477.8485856925593 -120.13535221257901 -13.472635550451132 6.626156869809609 1.5057882212046705 2.7295133926550115 -18.526480175449123 18.786913243508398 0.6228542212092938 230.63668796360187 2.551626788745953e-07 1.4761886695574558 2.635365955418618 0.0 18.526743037153214
2341.0 -3117.781418424325 -5370.817748982914 -1477.8416606750066 -120.13533838062578 -13.472611315650726 6.607636573236668 1.4926529247851716 2.694641255375269 -18.505946888343686 18.760575004067373 0.6242366603360933 230.75503423540064 2.545966791448792e-07 1.4631185270368445 2.600673033209607 0.0 18.50620902674626
2342.0 -3117.771410951072 -5370.803469777231 -1477.8347743164109 -120.13532466975111 -13.472587395195918 6.589136829291936 1.479532938889374 2.6598081554481245 -18.485480450125852 18.73436907432519 0.6256192016398141 230.87351265851615 2.540331669690506e-07 1.4500633992251686 2.5660184043164196 0.0 18.485741868888315
2343.0 -3117.7614207533074 -5370.789194204851 -1477.8279265633169 -120.13531107981471 -13.472563788737716 6.570657571244054 1.4664282092736727 2.625013966510907 -18.46508051006064 18.70829517247235 0.627001844246767 230.99212544668745 2.5347212751666754e-07 1.4370232337894437 2.5314019470262323 0.0 18.465341212818046
2344.0 -3117.7514477899845 -5370.774922225483 -1477.821117362473 -120.13529761067679 -13.472540495928055 6.552198732713005 1.4533386819773764 2.590258562883177 -18.44474671991963 18.68235301853349 0.6283845872893059 231.1108747985048 2.529135460453879e-07 1.4239979786638362 2.4968235402715315 0.0 18.445006710280897
2345.0 -3117.7414920202586 -5370.7606537990805 -1477.8143466608303 -120.135284262198 -13.47251751642019 6.533760247659171 1.4402643033198705 2.5555418195595285 -18.42447873395599 18.656542334337615 0.6297674299064066 231.2297628975883 2.5235740790003157e-07 1.410987582042295 2.462283063609676 0.0 18.424738015504232
2346.0 -3117.731553403486 -5370.746388885829 -1477.8076144055417 -120.13527103423952 -13.472494849868347 6.51534205039544 1.4272050198980306 2.520863612203237 -18.404276208881452 18.63086284349043 0.6311503712425184 231.3487919126174 2.518036985123468e-07 1.3979919923865511 2.4277803972456775 0.0 18.404534785174093
2347.0 -3117.7216318992196 -5370.732127446151 -1477.80092054396 -120.13525792666306 -13.472472495927956 6.4969440755704415 1.4141607785858454 2.4862238171457696 -18.38413880384823 18.605314271352462 0.6325334104485866 231.46796399754555 2.5125240339990973e-07 1.38501115841445 2.393315422000892 0.0 18.38439667841735
2348.0 -3117.7117274672105 -5370.717869440706 -1477.7942650236369 -120.13524493933075 -13.47245045425545 6.478566258179024 1.401131526530925 2.451622311377741 -18.364066180423514 18.57989634500846 0.6339165466810279 231.58728129163737 2.507035081658499e-07 1.372045029107039 2.358888019332694 0.0 18.364323356775994
2349.0 -3117.701840067404 -5370.70361483038 -1477.7876477923219 -120.13523207210527 -13.472428724508477 6.460208533546189 1.388117211153193 2.4170589725461475 -18.34405800256974 18.554608793243485 0.6352997791027071 231.7067459196771 2.501569984977862e-07 1.3590935536973234 2.3244980713045003 0.0 18.344314484187567
2350.0 -3117.691969659944 -5370.689363576294 -1477.781068797961 -120.1352193248497 -13.47240730634567 6.4418708373392 1.3751177801424106 2.382533678947996 -18.324113936622297 18.529451346515923 0.6366831068817929 231.8263599919929 2.496128601676092e-07 1.3461566816784918 2.290145460608479 0.0 18.32436972696272
2351.0 -3117.682116205162 -5370.675115639795 -1477.7745279886963 -120.13520669742763 -13.472386199426834 6.423553105551982 1.3621331814580602 2.3480463095305364 -18.30423365127294 18.504423736937117 0.6380665291927048 231.94612560466044 2.490710790304441e-07 1.333234362792983 2.2558300705364482 0.0 18.304488753768766
2352.0 -3117.6722796635845 -5370.660870982457 -1477.7680253128626 -120.13519418970323 -13.472365403412745 6.405255274514202 1.3491633633244922 2.313596743878835 -18.284416817540933 18.479525698236888 0.6394500452151998 232.06604483954445 2.485316410243525e-07 1.3203265470385228 2.221551784996991 0.0 18.28467123560068
2353.0 -3117.662459995928 -5370.646629566078 -1477.7615607189891 -120.13518180154094 -13.472344917965396 6.386977280875202 1.3362082742312626 2.2791848622168884 -18.264663108759176 18.454756965746018 0.6408336541353618 232.18611976450387 2.4799453216929495e-07 1.3074331846570821 2.1873104884853323 0.0 18.26491684576738
2354.0 -3117.6526571630984 -5370.632391352683 -1477.7551341557964 -120.13516953280585 -13.472324742747704 6.368719061622164 1.3232678629300274 2.2448105454000635 -18.24497220055065 18.430117276367742 0.6422173551440028 232.30635243337142 2.474597385671085e-07 1.294554226147114 2.1531060661175667 0.0 18.245225259867958
2355.0 -3117.6428711261883 -5370.618156304516 -1477.7487455721962 -120.13515738336342 -13.472304877423776 6.350480554056121 1.3103420784341466 2.210473674914234 -18.225343770811403 18.405606368556782 0.6436011474382565 232.42674488620878 2.469272464002486e-07 1.28168962224693 2.1189384035857084 0.0 18.225596155774898
2356.0 -3117.63310184648 -5370.6039243840405 -1477.7423949172896 -120.13514535307965 -13.47228532165868 6.332261695799883 1.2974308700150496 2.176174132866672 -18.20577749968628 18.3812239822899 0.6449850302207598 232.5472991493518 2.463970419314761e-07 1.2688393239398819 2.084807387172672 0.0 18.20602921360968
2357.0 -3117.623349285438 -5370.589695553941 -1477.7360821403663 -120.13513344182098 -13.472266075118574 6.314062424804084 1.284534187201845 2.141911801985319 -18.18627306955316 18.35696985904615 0.6463690026989742 232.668017235466 2.458691115034892e-07 1.2560032824586775 2.0507129037636465 0.0 18.186524115726915
2358.0 -3117.6136134047133 -5370.575469777114 -1477.7298071909033 -120.13512164945426 -13.47224713747066 6.295882679321803 1.2716519797787713 2.107686565612491 -18.166830165001024 18.33284374178021 0.6477530640868968 232.78890114380923 2.4534344153764864e-07 1.243181449267377 2.0166548407986076 0.0 18.167080546692723
2359.0 -3117.603894166138 -5370.561247016679 -1477.7235700185638 -120.13510997584686 -13.472228508383203 6.277722397933016 1.2587841977829086 2.0734983076991607 -18.14744847281028 18.308845374897984 0.649137213602988 232.90995286016368 2.4482001853415513e-07 1.2303737760784816 1.982633086318249 0.0 18.14769819326468
2360.0 -3117.594191531728 -5370.547027235962 -1477.7173705731966 -120.13509842086658 -13.472210187525436 6.259581519524567 1.2459307915035929 2.0393469128038006 -18.128127681936203 18.284974504236008 0.6505214504714815 233.03117435706164 2.4429882907094015e-07 1.2175802148386572 1.9486475289265048 0.0 18.128376744375505
2361.0 -3117.5845054636793 -5370.532810398503 -1477.7112088048336 -120.13508698438169 -13.472192174567688 6.241459983293666 1.233091711480471 2.00523226608762 -18.108867483489533 18.26123087703743 0.6519057739219078 233.15256759385426 2.437798598032456e-07 1.2048007177312339 1.9146980577971724 0.0 18.109115891113586
2362.0 -3117.5748359243667 -5370.518596468056 -1477.705084663691 -120.13507566626092 -13.47217446918133 6.223357728744857 1.2202669085002187 1.9711542533062185 -18.089667570713537 18.237614241924103 0.6532901831891158 233.27413451682276 2.432630974630184e-07 1.1920352371738825 1.880784562668336 0.0 18.089915326700037
2363.0 -3117.5651828763434 -5370.50438540858 -1477.698998100166 -120.13506446637344 -13.472157071038643 6.205274695692118 1.207456333596883 1.9371127608109182 -18.070527638971853 18.214124348880606 0.6546746775129051 233.3958770592544 2.4274852885845607e-07 1.179283725819904 1.8469069338463304 0.0 18.070774746476506
2364.0 -3117.5555462823395 -5370.490177184243 -1477.6929490648374 -120.13505338458884 -13.472139979813013 6.187210824249778 1.194659938049405 1.903107675542453 -18.051447385726984 18.190760949228 0.6560592561385132 233.5177971415926 2.422361408732384e-07 1.166546136551912 1.8130650621888156 0.0 18.05169384788374
2365.0 -3117.545926105262 -5370.475971759418 -1477.686937508463 -120.13504242077725 -13.47212319517882 6.169166054834845 1.1818776733786969 1.8691388850238089 -18.03242651051965 18.167523795598314 0.657443918316235 233.6398966715097 2.4172592046609e-07 1.1538224224832339 1.7792588391092408 0.0 18.032672330440878
2366.0 -3117.5363223081904 -5370.461769098684 -1477.6809633819798 -120.1350315748091 -13.472106716811448 6.151140328161419 1.1691094913476459 1.8352062773603115 -18.013464714955823 18.14441264191763 0.6588286633016476 233.7621775440316 2.4121785467012195e-07 1.141112536953964 1.745488156566363 0.0 18.013709895732546
2367.0 -3117.5267348543807 -5370.447569166823 -1477.675026636503 -120.13502084655538 -13.472090544387264 6.133133585247444 1.1563553439585004 1.8013097412332884 -17.99456170268517 18.121427243379788 0.6602134903548906 233.88464164157918 2.407119305925266e-07 1.1284164335355191 1.711752907077066 0.0 17.99480624738715
2368.0 -3117.51716370726 -5370.433371928818 -1477.6691272233236 -120.13501023588746 -13.472074677583606 6.1151457674007395 1.1436151834522859 1.7674491658988316 -17.975717179387516 18.0985673564287 0.6615983987415407 234.0072908341477 2.402081354136923e-07 1.1157340660207342 1.6780529836902052 0.0 17.97596109106353
2369.0 -3117.5076088304263 -5370.41917734985 -1477.6632650939084 -120.13499974267724 -13.47205911607887 6.0971768162262165 1.130888962305633 1.733624441179709 -17.956930852750354 18.07583273873096 0.6629833877318577 234.1301269793433 2.397064563869201e-07 1.1030653884289148 1.6443882800002305 0.0 17.957174134428357
2370.0 -3117.4980701876484 -5370.4049853953 -1477.6574401998998 -120.1349893667969 -13.472043859552372 6.079226673614467 1.1181766332297727 1.6998354574629824 -17.93820243245385 18.05322314915657 0.6643684566014687 234.253151922544 2.3920688083762246e-07 1.0904103549976267 1.6107586901257978 0.0 17.938445087141172
2371.0 -3117.4885477428643 -5370.39079603075 -1477.6516524931128 -120.1349791081192 -13.472028907684406 6.061295281755039 1.1054781491690253 1.6660821056965176 -17.919531630154896 18.030738347758646 0.665753604630149 234.37636749689253 2.3870939616321433e-07 1.0777689201919312 1.5771641087348203 0.0 17.919773660838356
2372.0 -3117.4790414601803 -5370.37660922197 -1477.645901925535 -120.13496896651722 -13.47201426015629 6.043382583114552 1.0927934632999685 1.6323642773870297 -17.900918159470756 18.00837809575283 0.667138831103318 234.4997755235278 2.382139898320309e-07 1.0651410386889868 1.5436044310034351 0.0 17.90115956911693
2373.0 -3117.4695513038687 -5370.362424934931 -1477.6401884493268 -120.13495894186455 -13.471999916650256 6.0254885204532185 1.0801225290282348 1.598681864591962 -17.88236173595902 17.986142155492402 0.668524135310572 234.62337781155347 2.3772064938331704e-07 1.0525266653894396 1.5100795526471023 0.0 17.88260252751437
2374.0 -3117.4600772383683 -5370.348243135793 -1477.6345120168185 -120.13494903403517 -13.471985876849551 6.007613036810653 1.067465299988191 1.5650347599189547 -17.863862077103686 17.96403029045032 0.6699095165465914 234.74717615821544 2.372293624263677e-07 1.0399257554074701 1.4765893698940282 0.0 17.864102253494732
2375.0 -3117.4506192282824 -5370.33406379091 -1477.628872580509 -120.13493924290351 -13.471972140438286 5.989756075509126 1.0548217300398353 1.5314228565176236 -17.8454189018731 17.942042264774614 0.6712949742845563 234.87117210663877 2.3674011655626108e-07 1.0273382640728213 1.4431337794913692 0.0 17.84565846600661
2376.0 -3117.4411772383814 -5370.319886866828 -1477.6232700930696 -120.13492956834439 -13.47195870710165 5.9719175801570525 1.0421917732473718 1.4978460480128883 -17.82703191727593 17.920177829903004 0.6726805108881496 234.99536316524603 2.362528980445632e-07 1.0147641469334048 1.4097126787117893 0.0 17.827270872038834
2377.0 -3117.4317512336115 -5370.30571233031 -1477.6177045073437 -120.13492001023303 -13.471945576525723 5.954097494669957 1.0295753838512 1.4643042284219931 -17.808700799456123 17.89843670572813 0.6740661310818606 235.11974354344238 2.357676920941739e-07 1.0022033597697777 1.376325965392812 0.0 17.808939147715034
2378.0 -3117.4223411791104 -5370.291540148351 -1477.6121757763572 -120.1349105684452 -13.471932748397506 5.936295763294446 1.0169725163005845 1.4307972922598715 -17.79042521047219 17.87681859727433 0.6754518396279059 235.24430738656275 2.352844839595512e-07 0.9896558586119297 1.3429735379818708 0.0 17.79066295507301
2379.0 -3117.4129470402067 -5370.2773702881905 -1477.6066838533156 -120.1349012428569 -13.471920222404961 5.918512330622413 1.0043831252838578 1.3973251346263238 -17.772204809592548 17.855323205932677 0.6768376412538112 235.3690488749471 2.3480325898093787e-07 0.9771215997493587 1.3096552955627943 0.0 17.772441953360275
2380.0 -3117.4035687824235 -5370.263202717309 -1477.6012286916068 -120.13489203334467 -13.471907998236974 5.900747141581728 0.9918071657426957 1.363887651244358 -17.75403925721393 17.83395023335909 0.6782235406531828 235.49396222371973 2.343240025835163e-07 0.9646005397242445 1.2763711378386455 0.0 17.75427580295269
2381.0 -3117.394206371475 -5370.249037403427 -1477.5958102447976 -120.13488293978544 -13.471896075583375 5.883000141441589 0.9792445928775075 1.330484738473114 -17.735928216189173 17.812699382794428 0.6796095424853352 235.6190416824675 2.3384670027696647e-07 0.9520926353352407 1.2431209651416784 0.0 17.736164166682272
2382.0 -3117.3848597732663 -5370.234874314504 -1477.590428466633 -120.13487396205653 -13.471884454134923 5.8652712758020495 0.9666066918244711 1.2970902908776054 -17.717871086060793 17.79156338104209 0.6809956513761523 235.74428153503302 2.333713376546022e-07 0.9386343046162118 1.2096221349933822 0.0 17.718109068267104
2383.0 -3117.375531177929 -5370.220711924577 -1477.585084075162 -120.13486512470529 -13.471873140663378 5.847560497788014 0.946724873170953 1.2616020035008524 -17.69984941633568 17.769991473314683 0.6823818713547486 235.86967604824625 2.3289790058481286e-07 0.8961466707861047 1.1676410323865438 0.0 17.700171077693227
2384.0 -3117.36622882066 -5370.206544644661 -1477.5797798653844 -120.13485651934114 -13.471862161188145 5.829867778514745 0.9172407384788999 1.223328132077004 -17.681871378733465 17.74785727193934 0.6837682050299148 235.99521939675054 2.324263754860911e-07 0.853702454345616 1.1257029536238112 0.0 17.68225503840198
2385.0 -3117.3569587989728 -5370.192368306025 -1477.5745178970783 -120.13484821393634 -13.471851534945849 5.8121930686484555 0.8822363903199664 1.1834657336523704 -17.663951311599302 17.725521378218605 0.6851546565994514 236.1209059350495 2.319567482996267e-07 0.8113015335738037 1.0838078212832338 0.0 17.664374865586105
2386.0 -3117.347724600533 -5370.178180492519 -1477.569299333299 -120.13484024751813 -13.471841272866067 5.794536309765652 0.8440681908924299 1.1427058363918285 -17.64609209951846 17.703185987953923 0.6865412309666448 236.24673011782608 2.3148900479760162e-07 0.7689437714544154 1.0419555186645075 0.0 17.646539623665763
2387.0 -3117.338528208972 -5370.163979802947 -1477.5641248205816 -120.13483264241005 -13.471831381084188 5.776897442430258 0.8040955310062525 1.1014470967775618 -17.628292372596878 17.680962850018695 0.6879279331090477 236.37268644263727 2.310231307993826e-07 0.7266290320274172 1.0001459163648525 0.0 17.628753641746037
2388.0 -3117.329370741542 -5370.149765423316 -1477.5589947080744 -120.1348254113017 -13.471821862970714 5.759276408803882 0.7631021804943501 1.0599193471994668 -17.6105498500219 17.658913329549737 0.6893147678735608 236.49876943103345 2.3055911224010062e-07 0.6843571850131736 0.9583788827885189 0.0 17.611018632104518
2389.0 -3117.3202528166244 -5370.135536878965 -1477.5539091737771 -120.1348185613299 -13.471812720302559 5.741673153012526 0.7215397537271251 1.0182549924121633 -17.592862500262555 17.63707100963551 0.6907017399470167 236.6249736255552 2.3009693517918826e-07 0.642128105809499 0.9166542875289511 0.0 17.593335097877326
2390.0 -3117.311174765481 -5370.121293891128 -1477.5488682972493 -120.13481209643267 -13.471803953939002 5.7240876208306295 0.6796683074349437 0.976530244093015 -17.575228782878515 17.61545421203442 0.6920888538804424 236.75129359161758 2.296365857909178e-07 0.5999416742609924 0.8749720020796273 0.0 17.575703035243837
2391.0 -3117.302136754224 -5370.10703629404 -1477.5438721014818 -120.13480601870668 -13.471795564211353 5.706519759268267 0.6376374874405695 0.9347889219262604 -17.557647586972386 17.5940728849878 0.693476114121134 236.8777239201268 2.291780503525789e-07 0.557797773416946 0.8333318997031196 0.0 17.558122242871274
2392.0 -3117.2931388540555 -5370.092763987091 -1477.5389205770039 -120.13480032918947 -13.471787551147514 5.688969516226323 0.5955333363330686 0.8930561841185418 -17.540118108790367 17.572932384010134 0.694863525039567 237.00425922964743 2.287213152346263e-07 0.5156962885710441 0.7917338551055997 0.0 17.54059244834301
2393.0 -3117.2841810817004 -5370.07847690723 -1477.5340136957604 -120.1347950283097 -13.471779914601406 5.671436840278562 0.5534052781688388 0.8513464438876519 -17.522639745457642 17.552035546298246 0.6962510909464361 237.13089416768557 2.2826636689428388e-07 0.4736371066689999 0.7501777442052363 0.0 17.52311335682309
2394.0 -3117.275263422667 -5370.064175013081 -1477.5291514190958 -120.13479011614665 -13.47177265432728 5.653921680517728 0.5112816664327893 0.8096679312505497 -17.50521201957924 17.53138382877254 0.6976388161047297 237.25762341152856 2.278131918709096e-07 0.43162011590309685 0.7086634439328017 0.0 17.50568466868727
2395.0 -3117.2663858446317 -5370.049858275786 -1477.5243337023448 -120.13478559257916 -13.471765770022786 5.636423986458685 0.46917873737091487 0.7680253202268332 -17.487834530331423 17.510977932153377 0.6990267047373597 237.38444166868757 2.2736177678290641e-07 0.38964520546166415 0.6671908320975345 0.0 17.488306085408794
2396.0 -3117.257548305124 -5370.035526673752 -1477.5195604974735 -120.13478145737156 -13.471759261353357 5.618943707989762 0.4271057628864723 0.7264212410328881 -17.470506923223187 17.49081814285724 0.7004147610310087 237.5113436769992 2.2691210832591973e-07 0.3477122654028962 0.625759787327304 0.0 17.47097731124662
2397.0 -3117.2487507559495 -5370.021180189617 -1477.514831754593 -120.13477771022283 -13.471753127966597 5.601480795334093 0.3850680145183327 0.6848571500052802 -17.453228871921276 17.47090452001226 0.7018029891392052 237.63832420466053 2.2646417327131784e-07 0.305821186557856 0.5843701890088985 0.0 17.453698053556977
2398.0 -3117.239993145723 -5370.006818808518 -1477.5101474228313 -120.13477435079488 -13.471747369500171 5.584035199031001 0.3430684673719675 0.6433338297517781 -17.436000067500427 17.451236997522066 0.7031913931838241 237.76537805012416 2.2601795846520504e-07 0.263971860483555 0.5430219172623219 0.0 17.43646802270699
2399.0 -3117.2312754213253 -5369.992442517088 -1477.5055074508316 -120.13477137872891 -13.471741985586641 5.566606869922253 0.3011087791367766 0.6018516765566844 -17.41882021216007 17.43181543962084 0.7045799772562048 237.89250004196006 2.2557345082757236e-07 0.22216417942923924 0.5017148529189832 0.0 17.419286931927708
2400.0 -3117.222597528735 -5369.978051302889 -1477.5009117870372 -120.13476879365463 -13.471736975856016 5.549195759141818 0.2591898522673626 0.5604108654303155 -17.40168901556177 17.41263967099572 0.7059687454179975 238.01968503869642 2.2513063735154603e-07 0.1803980363114465 0.4604488775034632 0.0 17.402154497176927
2401.0 -3117.2139594135106 -5369.9636451540755 -1477.4963603798565 -120.13476659519552 -13.471732339937443 5.5318018181109805 0.21731215662910142 0.5190114448444283 -17.384606192706404 17.393709493054786 0.7073577017015833 238.1469279286227 2.2468950510278082e-07 0.13867332470239846 0.41922387322536836 0.0 17.385070437039428
2402.0 -3117.2053610210573 -5369.949224059208 -1477.4918531777541 -120.13476478297203 -13.471728077459868 5.514424998534378 0.17547591456426304 0.4776533910759868 -17.36757146269999 17.37502469266129 0.708746850110424 238.27422362958973 2.2425004121888208e-07 0.09698993882042993 0.37803972297209076 0.0 17.3680344726527
2403.0 -3117.196802296787 -5369.934788007143 -1477.4873901293056 -120.13476335660332 -13.471724188052757 5.497065252395114 0.13368120698187091 0.4363366393605075 -17.35058454803179 17.356585046786943 0.710136194619484 238.4015670888183 2.2381223290881073e-07 0.0553477735185928 0.3368963102982946 0.0 17.351046327649573
2404.0 -3117.1882831862054 -5369.920336986973 -1477.4829711832253 -120.13476231570814 -13.471720671346167 5.479722531954292 0.0919280341383999 0.39506110173929576 -17.33364517414806 17.338390324964838 0.7115257391753009 238.52895328267755 2.2337606745240398e-07 0.013746724283562377 0.29579351942542365 0.0 17.334105728112288
2405.0 -3117.1798036349587 -5369.905870987985 -1477.4785962883836 -120.13476165990548 -13.471717526971046 5.462396789746592 0.050216350449364455 0.35382667728687744 -17.316753069202925 17.320440290568865 0.7129154876963714 238.656377216495 2.229415321998019e-07 -0.027813312774700318 0.25473123523153923 0.0 17.31721240254123
2406.0 -3117.1713635888677 -5369.8913899996405 -1477.4742653938163 -120.1347613888149 -13.471714754559267 5.4450879785728175 0.00854608439791349 0.31263325795029084 -17.299907963894267 17.302734701449577 0.7143054440737822 238.78383392439093 2.2250861457080314e-07 -0.06933244094068813 0.2137093432339191 0.0 17.30036608181526
2407.0 -3117.1629629939375 -5369.876894011564 -1477.469978448728 -120.13476150205665 -13.47171235374374 5.427796051507583 -0.033082850070810466 0.27148073189600286 -17.283109591367122 17.285273310247824 0.7156956121706239 238.91131846900362 2.220773020546046e-07 -0.11081076287470054 0.17272772960724303 0.0 17.283566499166085
2408.0 -3117.154601796368 -5369.862383013537 -1477.4657354024955 -120.13476199925182 -13.471710324158298 5.410520961887669 -0.07467054704394815 0.2303689854153359 -17.266357687142015 17.268055864525262 0.7170859958229602 239.03882594135905 2.2164758220906146e-07 -0.15224838064070426 0.13178628115609275 0.0 17.26681339014738
2409.0 -3117.146279942556 -5369.847856995483 -1477.4615362046673 -120.13476288002244 -13.471708665437866 5.393262663317146 -0.11621710492188608 0.1892979040150169 -17.24965198906668 17.251082106808635 0.7184765988394445 239.16635146061907 2.2121944266037077e-07 -0.19364539569377354 0.09088488532709105 0.0 17.25010649260958
2410.0 -3117.1379973791 -5369.833315947475 -1477.4573808049647 -120.13476414399139 -13.471707377218381 5.376021109655965 -0.1577226242987262 0.14826737303574822 -17.232992237275862 17.234351774584756 0.7198674250022712 239.29389017395368 2.2079287110234783e-07 -0.235001908907358 0.05002343018178873 0.0 17.233445546673106
2411.0 -3117.129754052798 -5369.818759859728 -1477.4532691532797 -120.13476579078252 -13.471706459136747 5.358796255027177 -0.19918720675801094 0.10727727799984965 -17.216378174156546 17.217864600271575 0.7212584780666248 239.42143725627776 2.2036785529616982e-07 -0.2763180205558396 0.00920180441379026 0.0 17.216830294700884
2412.0 -3117.1215499106456 -5369.804188722595 -1477.4492011996763 -120.13476782002058 -13.471705910830988 5.341588053809246 -0.2406109541809771 0.0663275048142351 -17.199809544321614 17.201620311183003 0.7226497617613296 239.54898791010007 2.199443830697536e-07 -0.31759383033272204 -0.031580102669585886 0.0 17.20026048127646
2413.0 -3117.113384899839 -5369.78960252657 -1477.4451768943873 -120.1347702313313 -13.471705731940071 5.324396460634423 -0.281993968362273 0.025417939876085427 -17.18328609457934 17.185618629482732 0.7240412797890109 239.6765373653295 2.1952244231728829e-07 -0.3588294373544771 -0.07232240115108712 0.0 17.183735853175904
2414.0 -3117.1052589677693 -5369.775001262284 -1477.4411961878147 -120.1347730243413 -13.471705922104022 5.307221430388513 -0.3233363507890248 -0.01545152986508036 -17.166807573909228 17.169859272141515 0.725433035826145 239.8040808790727 2.191020209988062e-07 -0.40002494016090007 -0.11302520050424125 0.0 17.16725615934501
2415.0 -3117.0971720620264 -5369.760384920502 -1477.4372590305286 -120.13477619867817 -13.47170648096381 5.290062918208074 -0.3646382025153825 -0.05628101687248499 -17.150373733438553 17.154341950894324 0.7268250335233132 239.93161373545283 2.186831071396943e-07 -0.44118043672172086 -0.15368860959992936 0.0 17.150821150876634
2416.0 -3117.089124130393 -5369.745753492119 -1477.4333653732654 -120.13477975397036 -13.47170740816149 5.272920879472513 -0.40589962409869873 -0.0970706330098543 -17.133984326415597 17.1390663721946 0.7282172765058731 240.05913124546856 2.1826568883008584e-07 -0.48229602445535824 -0.19431273672531035 0.0 17.134430580984528
2417.0 -3117.0811151208445 -5369.73110696817 -1477.4295151669273 -120.13478368984734 -13.471708703340093 5.25579526981269 -0.4471207155652568 -0.1378204895364723 -17.11763910818532 17.124032237171804 0.7296097683732892 240.1866287467314 2.1784975422465886e-07 -0.5233718002081638 -0.23489768956331375 0.0 17.118084204978945
2418.0 -3117.073144981549 -5369.716445339817 -1477.4257083625812 -120.1347880059394 -13.471710366143606 5.23868604510231 -0.4883015763847949 -0.1785306970986471 -17.10133783617097 17.10923924159573 0.73100251269986 240.314101603334 2.1743529154201825e-07 -0.5644078602749737 -0.27544357521321794 0.0 17.10178178024865
2419.0 -3117.065213660864 -5369.701768598354 -1477.4219449114576 -120.13479270187781 -13.471712396217024 5.221593161456287 -0.5294423054683959 -0.2192013657370655 -17.08508026984602 17.094687075832727 0.7323955130348778 240.44154520566718 2.1702228906425223e-07 -0.605404300402813 -0.31595050019446713 0.0 17.085523066232845
2420.0 -3117.0573211073374 -5369.687076735198 -1477.4182247649487 -120.13479777729471 -13.471714793206337 5.204516575228656 -0.5705430011631671 -0.2598326048870758 -17.068866170714763 17.080375424811646 0.7337887729028283 240.56895497024345 2.1661073513648157e-07 -0.6463612157958056 -0.3564185704517795 0.0 17.06930782440182
2421.0 -3117.0494672697023 -5369.672369741901 -1477.4145478746086 -120.13480323182317 -13.471717556758481 5.187456243010703 -0.6116037612543295 -0.30042452338390957 -17.052695302288672 17.066303967987007 0.7351822958035702 240.6963263395199 2.1620061816641872e-07 -0.6872787011195091 -0.3968478913594912 0.0 17.05313581823336
2422.0 -3117.0416520968806 -5369.657647610134 -1477.4109141921515 -120.13480906509712 -13.471720686521442 5.1704121216295755 -0.6526246829670832 -0.340977229466497 -17.036567430065336 17.052472379306046 0.7365760852124752 240.82365478171943 2.1579192662394104e-07 -0.728156850504085 -0.43723856772506736 0.0 17.037006813191667
2423.0 -3117.033875537977 -5369.642910331698 -1477.4073236694514 -120.13481527675137 -13.471724182144053 5.153384168148972 -0.6936058629712365 -0.3814908307831799 -17.020482321505465 17.03888032717525 0.737970144580399 240.95093579063845 2.15384649040718e-07 -0.7689957575425893 -0.47759070378734764 0.0 17.020920576704274
2424.0 -3117.02613754228 -5369.628157898512 -1477.4037762585403 -120.13482186642169 -13.471728043276187 5.136372339858441 -0.7345473973801413 -0.42196543439138834 -17.004439746015887 17.02552747443391 0.739364477334582 241.078164885541 2.149787740095696e-07 -0.8097955153163878 -0.5179044032420059 0.0 17.00487687814534
2425.0 -3117.0184380592596 -5369.613390302622 -1477.4002719116072 -120.13482883374466 -13.471732269568681 5.119376594281755 -0.7754493817656005 -0.4624011467729279 -16.988439474920582 17.012413478318045 0.7407590868779923 241.20533761091284 2.1457429018428472e-07 -0.850556216374994 -0.5581797692218121 0.0 16.988875488806293
2426.0 -3117.010777038569 -5369.598607536195 -1477.3968105809968 -120.13483617835777 -13.471736860673243 5.10239688917296 -0.8163119111522112 -0.5027980738287461 -16.972481281447852 16.999537990440583 0.7421539765896727 241.3324495363083 2.141711862791476e-07 -0.8912779527454546 -0.5984169043059446 0.0 16.97291618188317
2427.0 -3117.0031544300364 -5369.583809591513 -1477.3933922192107 -120.13484389989935 -13.471741816242632 5.0854331825058905 -0.8571350800241513 -0.543156320885962 -16.956564940707096 16.98690065676324 0.7435491498256274 241.45949625624854 2.1376945106831345e-07 -0.9319608159572522 -0.6386159105449819 0.0 16.956998732453595
2428.0 -3116.9955701836725 -5369.568996460981 -1477.3900167789034 -120.13485199800863 -13.47174713593045 5.068485432480927 -0.8979189823363107 -0.5834759927090865 -16.940690229664973 16.97450111756967 0.7449446099182943 241.58647338999222 2.1336907338559855e-07 -0.9726048970260762 -0.6787768894448099 0.0 16.941122917452606
2429.0 -3116.988024249662 -5369.55416813712 -1477.3866842128828 -120.1348604723257 -13.471752819391316 5.051553597521735 -0.9386637115086804 -0.6237571934947304 -16.924856927132755 16.962339007449806 0.746340360176836 241.7133765813825 2.129700421240333e-07 -1.0132102864614159 -0.7188999419744918 0.0 16.925288515660203
2430.0 -3116.980516578365 -5369.539324612565 -1477.3833944741098 -120.13486932249143 -13.471758866280712 5.034637636272004 -0.979369360439784 -0.6640000268851116 -16.90906481373952 16.950413955273056 0.7477364038874355 241.8402014986963 2.1257234623542136e-07 -1.0537770742743688 -0.7589851685740601 0.0 16.90949530767443
2431.0 -3116.9730471203175 -5369.524465880073 -1477.3801475156959 -120.13487854814764 -13.471765276255097 5.017737507593818 -1.0200360215068676 -0.7042045959684087 -16.893313671916587 16.938725584173046 0.7491327443134521 241.9669438344821 2.121759747299387e-07 -1.0943053499812772 -0.7990326691582799 0.0 16.893743075895905
2432.0 -3116.965615826227 -5369.509591932507 -1477.376943290903 -120.13488814893701 -13.471772048971808 5.000853170566726 -1.060663786569009 -0.7443710032820423 -16.877603285878656 16.927273511530675 0.7505293846955253 242.09359930539506 2.117809166757542e-07 -1.1347952026059216 -0.8390425431189728 0.0 16.878031604508884
2433.0 -3116.9582226469734 -5369.494702762848 -1477.3737817531432 -120.13489812450293 -13.471779184089135 4.98398458448588 -1.1012527469832456 -0.7844993508310427 -16.861933439847242 16.91605734720804 0.7519263288992406 242.22016408687253 2.1138716200778973e-07 -1.1752467206838761 -0.8790148893296147 0.0 16.86236067770466
2434.0 -3116.9508675336106 -5369.479798364193 -1477.3706628559785 -120.13490847448973 -13.471786681266238 4.967131708865986 -1.141802993669887 -0.8245897401719029 -16.846303902222875 16.9050766777912 0.7533235837743049 242.34663639748322 2.1099470447606857e-07 -1.2156599922528308 -0.9189498061357412 0.0 16.846730063853286
2435.0 -3116.943550437378 -5369.464878729778 -1477.3675865531256 -120.13491919854256 -13.471794540163204 4.9502945034655275 -1.182314617116548 -0.864642272417687 -16.830714423234358 16.894331064282127 0.7547211569995246 242.47301505267436 2.106035389553155e-07 -1.256035104794419 -0.9588473912977834 0.0 16.831139513152277
2436.0 -3116.9362713097025 -5369.449943852984 -1477.3645527984586 -120.1349302963074 -13.47180276044105 4.933472928295145 -1.2227877072890738 -0.904657048133652 -16.815164747979306 16.88382005511552 0.7561190562031513 242.59929887425798 2.1021366034636404e-07 -1.2963721452139476 -0.9987077419711603 0.0 16.815588770667592
2437.0 -3116.929030102204 -5369.434993727338 -1477.361561546008 -120.134941767431 -13.471811341761663 4.916666943623219 -1.26322235358856 -0.9446341672893892 -16.799654621582157 16.87354319131175 0.7575172889624844 242.7254866902487 2.0982506357601452e-07 -1.3366711998269611 -1.0385309546931611 0.0 16.800077581491855
2438.0 -3116.921826766688 -5369.420028346519 -1477.358612749961 -120.134953611561 -13.471820283787777 4.8998765099730806 -1.3036186448298261 -0.984573729236355 -16.78418379087268 16.863500008160926 0.7589158628042657 242.85157733483146 2.0943774359682168e-07 -1.3769323543657477 -1.078317125389453 0.0 16.784605692423085
2439.0 -3116.9146612551494 -5369.405047704348 -1477.355706364659 -120.13496582834584 -13.471829586183112 4.883101588113932 -1.3439766692346389 -1.0244758327012513 -16.768752004915484 16.853690035763474 0.7603147852055974 242.97756964837652 2.0905169538673827e-07 -1.4171556940009782 -1.1180663493958 0.0 16.769172852494485
2440.0 -3116.907533519768 -5369.390051794794 -1477.3528423445969 -120.13497841743472 -13.4718392486122 4.866342139071319 -1.3842965144326804 -1.06434057578732 -16.75335901516492 16.844112799199177 0.7617140635932277 243.10346247730791 2.086669139492116e-07 -1.4573413033165576 -1.157778721433218 0.0 16.75377881312907
2441.0 -3116.90044351291 -5369.375040611969 -1477.3500206444228 -120.13499137847771 -13.471849270740423 4.849598124117125 -1.4245782674594647 -1.1041680559725346 -16.738004575497317 16.83476781857466 0.7631137053445428 243.22925467412693 2.082833943128085e-07 -1.4974892663334445 -1.1974543356316667 0.0 16.73842332817218
2442.0 -3116.8933911871222 -5369.360014150125 -1477.3472412189367 -120.13500471112562 -13.471859652234096 4.832869504767005 -1.4648220147631479 -1.143958370116691 -16.722688442200145 16.825654609030494 0.7645137177879364 243.35494509737984 2.079011315310147e-07 -1.5375996665156846 -1.2370932855362915 0.0 16.723106153880597
2443.0 -3116.8863764951343 -5369.3449724036545 -1477.3445040230874 -120.13501841503002 -13.471870392760353 4.816156242781086 -1.5050278422067231 -1.1837116144637845 -16.707410373951763 16.816772680739454 0.7659141082029061 243.48053261160138 2.0752012068210945e-07 -1.5776725867686883 -1.2766956641057707 0.0 16.7078270489023
2444.0 -3116.879399389853 -5369.32991536709 -1477.3418090119742 -120.13503248984341 -13.471881491987261 4.799458300153958 -1.5451958350760968 -1.2234278846501616 -16.692170131793358 16.808121538899293 0.7673148838210446 243.60601608733978 2.0714035686879816e-07 -1.6177081094629469 -1.316261563735937 0.0 16.692585774248506
2445.0 -3116.8724598243657 -5369.314843035097 -1477.3391561408434 -120.13504693521894 -13.471892949583644 4.782775639125379 -1.5853260780865988 -1.263107275711279 -16.676967479101418 16.79970068372715 0.7687160518252942 243.73139440102597 2.06761835218318e-07 -1.6577063164084869 -1.355791076234639 0.0 16.677382093265877
2446.0 -3116.865557751934 -5369.2997554024805 -1477.3365453650888 -120.13506175081054 -13.471904765219172 4.766108222167474 -1.625418655384859 -1.3027498820836207 -16.66180218156281 16.7915096104571 0.7701176193511696 243.85666643502074 2.063845508820096e-07 -1.6976672888853355 -1.3952842928520188 0.0 16.66221577161183
2447.0 -3116.8586931259965 -5369.284652464179 -1477.3339766402496 -120.135076936273 -13.471916938564469 4.749456011987524 -1.6654736505543175 -1.3423557976104021 -16.64667400714773 16.783547809337477 0.7715195934866724 243.98183107754443 2.0600849903524524e-07 -1.737591107636618 -1.434741304273924 0.0 16.647086577227427
2448.0 -3116.851865900164 -5369.269534215262 -1477.3314499220096 -120.13509249126174 -13.471929469290847 4.732818971523084 -1.7054911466225304 -1.3819251155489662 -16.631582726081454 16.775814765628642 0.7729219812728485 244.10688722266502 2.056336748771839e-07 -1.777477852880414 -1.474162200633598 0.0 16.631994280309073
2449.0 -3116.845076028218 -5369.254400650929 -1477.3289651661964 -120.13510841543314 -13.471942357070606 4.716197063935223 -1.7454712260706504 -1.421457928580288 -16.616528110816294 16.76830995960274 0.7743247897045057 244.23183377030134 2.0526007363048739e-07 -1.8173276043255386 -1.5135470715276027 0.0 16.616938653280656
2450.0 -3116.8383234641133 -5369.2392517665085 -1477.32652232878 -120.13512470844414 -13.47195560157674 4.699590252619703 -1.7854139708309216 -1.4609543288067357 -16.601509936011166 16.761032866550163 0.7757280257294128 244.3566696260908 2.0488769054143994e-07 -1.8571404411449413 -1.5528960059895147 0.0 16.60191947077278
2451.0 -3116.831608161971 -5369.224087557462 -1477.3241213658714 -120.13514136995248 -13.471969202483104 4.682998501193477 -1.8253194622993059 -1.5004144077646808 -16.58652797850011 16.75398295677907 0.7771316962495838 244.48139370144443 2.0451652087951453e-07 -1.8969164420078133 -1.5922090925218986 0.0 16.586936509591514
2452.0 -3116.824930076081 -5369.20890801937 -1477.3217622337224 -120.13515839961671 -13.471983159464425 4.666421773494687 -1.8651877813373492 -1.5398382564265014 -16.571582017270043 16.74715969562339 0.7785358081214189 244.60600491349973 2.0414655993724423e-07 -1.9366556850794405 -1.6314864190962979 0.0 16.571989548696134
2453.0 -3116.8182891608976 -5369.193713147944 -1477.3194448887248 -120.1351757970961 -13.471997472196175 4.649860033583828 -1.9050190082759837 -1.5792259652045506 -16.55667183343717 16.740562543451187 0.7799403681557469 244.7305021850659 2.0377780303012117e-07 -1.9763582480184199 -1.670728073150545 0.0 16.557078369175443
2454.0 -3116.811685371041 -5369.1785029390185 -1477.317169287407 -120.13519356205056 -13.472012140354655 4.63331324573583 -1.9448132229237736 -1.6185776239594567 -16.54179721021946 16.73419095567114 0.7813453831186358 244.85488444463755 2.0341024549629342e-07 -2.016024207995541 -1.7099341416076548 0.0 16.542202754220376
2455.0 -3116.8051186612956 -5369.163277388546 -1477.3149353864364 -120.13521169414088 -13.472027163616984 4.616781374445418 -1.9845705045738793 -1.657893322007138 -16.5269579329126 16.728044382743708 0.7827508597310759 244.97915062630904 2.030438826965595e-07 -2.0556536416807023 -1.7491047108629671 0.0 16.527362489099723
2456.0 -3116.798588986605 -5369.148036492602 -1477.3127431426158 -120.13523019302845 -13.472042541661022 4.600264384415234 -2.024290932004239 -1.6971731481191998 -16.512153788868392 16.722122270194422 0.7841568046701252 245.1032996698191 2.0267871001398114e-07 -2.0952466252714754 -1.7882398668125112 0.0 16.512557361138864
2457.0 -3116.7920963020747 -5369.132780247385 -1477.310592512883 -120.13524905837546 -13.472058274165475 4.583762240567711 -2.063974583487158 -1.7364171905325425 -16.497384567468767 16.71642405862613 0.7855632245680352 245.22733052041644 2.0231472285402345e-07 -2.1348032344643535 -1.827339694824778 0.0 16.49778715969335
2458.0 -3116.7856405629705 -5369.117508649206 -1477.3084834543106 -120.13526828984483 -13.472074360809836 4.567274908029474 -2.103621536791672 -1.775625536951845 -16.48265006010383 16.710949183734897 0.7869701260137131 245.35124212893396 2.019519166440888e-07 -2.1743235444921476 -1.866404279777783 0.0 16.483051676127292
2459.0 -3116.779221724713 -5369.1022216944975 -1477.306415924104 -120.13528788710008 -13.472090801274355 4.550802352137864 -2.1432318691891785 -1.8147982745553555 -16.467950060148826 16.705697076326775 0.7883775155522973 245.47503345169488 2.0159028683354027e-07 -2.21380763010832 -1.9054337060437114 0.0 16.46835070379017
2460.0 -3116.7728397428805 -5369.086919379806 -1477.3043898796016 -120.13530784980554 -13.472107595240058 4.53434453843208 -2.1828056574585153 -1.853935489999979 -16.453284362941137 16.70066716233569 0.7897853996860483 245.5987034505372 2.0122982889338878e-07 -2.2532555656079443 -1.94442805750974 0.0 16.453684037993924
2461.0 -3116.7664945732076 -5369.071601701792 -1477.3024052782723 -120.1353281776262 -13.47212474238876 4.517901432660175 -2.2223429778900066 -1.8930372694255027 -16.438652765758945 16.69585886284396 0.7911937848738795 245.72225109271736 2.008705383163278e-07 -2.292667424810988 -1.983387417561704 0.0 16.439051475991462
2462.0 -3116.7601861715807 -5369.056268657229 -1477.300462077717 -120.13534887022779 -13.472142242403043 4.501473000767874 -2.2618439062917606 -1.9321036984609352 -16.424055067797365 16.691271594101988 0.7926026775324441 245.84567535095266 2.0051241061637253e-07 -2.3320432810889344 -2.022311869110493 0.0 16.424452816952964
2463.0 -3116.75391449404 -5369.040920243004 -1477.2985602356637 -120.13536992727667 -13.472160094966226 4.48505920890416 -2.3013085179950545 -1.9711348622300164 -16.409491070146967 16.686904767551358 0.7940120840357845 245.96897520333653 2.001554413288659e-07 -2.3713832073513488 -2.0612014945788935 0.0 16.409887861944213
2464.0 -3116.7476794967765 -5369.025556456111 -1477.2966997099713 -120.13539134843992 -13.472178299762412 4.46866002341453 -2.3407368878559147 -2.0101308453528937 -16.394960575774377 16.682757789850115 0.7954220107160384 246.09214963334793 1.9979962601021704e-07 -2.410687276061947 -2.100056375917646 0.0 16.395356413907376
2465.0 -3116.7414811361305 -5369.010177293659 -1477.2948804586247 -120.1354131333853 -13.47219685647649 4.452275410839124 -2.380129090261744 -2.049091731952865 -16.38046338949943 16.678830062897063 0.7968324638637264 246.21519762982422 1.9944496023774805e-07 -2.449955559242964 -2.1388765946098895 0.0 16.380858277638072
2466.0 -3116.7353193685913 -5368.994782752858 -1477.293102439736 -120.13543528178131 -13.472215764794013 4.435905337914591 -2.4194851991369033 -2.0880176056619932 -16.365999317973774 16.67512098385841 0.7982434497277161 246.3381181869059 1.9909143960962155e-07 -2.4891881284705306 -2.1776622316665857 0.0 16.366393259763964
2467.0 -3116.7291941507965 -5368.97937283103 -1477.291365611544 -120.13545779329704 -13.472235024401362 4.419549771571997 -2.458805287946096 -2.126908549624659 -16.35156816966127 16.671629945196653 0.7996549745155261 246.46091030401217 1.987390597446842e-07 -2.5283850548797675 -2.2164133676318887 0.0 16.351961168725076
2468.0 -3116.7231054395297 -5368.963947525601 -1477.2896699324117 -120.1354806676023 -13.47225463498564 4.403208678928903 -2.495387736199861 -2.164104957417739 -16.337187235730397 16.66775320779645 0.801067044394132 246.58357298586014 1.9838781628218536e-07 -2.5404798707667786 -2.2385032202545387 0.0 16.33741886521323
2469.0 -3116.7170407496196 -5368.948516561822 -1477.28800599742 -120.13550375998233 -13.47227450942792 4.386881952653173 -2.5035018069423245 -2.1837998108977876 -16.322909527519524 16.657547189038016 0.8024796719519147 246.7061058025206 1.9803770328303362e-07 -2.498542596826296 -2.227388697076276 0.0 16.32296848089682
2470.0 -3116.7109778819813 -5368.933097378499 -1477.286357077802 -120.135526812444 -13.472294492500367 4.3705695238821205 -2.489087913749275 -2.189641864768739 -16.30861439119939 16.642145099089735 0.8038928664513455 246.82850804161322 1.976887156613548e-07 -2.456642980158424 -2.2162845756712857 0.0 16.308668427207536
2471.0 -3116.704903418565 -5368.917700576031 -1477.2847130495086 -120.13554966876728 -13.472314490157919 4.354271398222773 -2.4622881129612475 -2.187861298333847 -16.29431328289433 16.623905833861183 0.8053066306833062 246.95077843845473 1.9734084994220306e-07 -2.4147812089317946 -2.2051909681502204 0.0 16.29439175251696
2472.0 -3116.6988099792256 -5368.902331964398 -1477.283068339993 -120.1355722431215 -13.472334450674422 4.337987560589565 -2.428689871137645 -2.1818906564939544 -16.280029926185104 16.604172840721237 0.8067209691965804 247.07291589028463 1.969941022188746e-07 -2.3729573317650834 -2.1941079173197124 0.0 16.280129906572906
2473.0 -3116.6926935079555 -5368.886994712601 -1477.281419883122 -120.13559448844546 -13.472354345634205 4.321717981591821 -2.391369787031401 -2.173620141666669 -16.265775772743304 16.58368883776311 0.8081358877536472 247.19491940818543 1.9664846829358144e-07 -2.331171313620815 -2.1830354262840665 0.0 16.265889892438974
2474.0 -3116.6865517801148 -5368.871690538359 -1477.279765993338 -120.1356163790201 -13.47237415945483 4.305462627015077 -2.3520209819113127 -2.164090073707974 -16.251554402973344 16.562859326193493 0.8095513925127101 247.31678804585496 1.9630394388167973e-07 -2.2894230816191716 -2.1719734786196154 0.0 16.251676872187566
2475.0 -3116.6803835797227 -5368.856420362779 -1477.27810574524 -120.13563790086843 -13.47239388361511 4.28922146221716 -2.3115747023052613 -2.153872707635724 -16.237366214138977 16.541904570426514 0.8109674896470732 247.4385208665789 1.959605247056541e-07 -2.2477125479910574 -2.160922048818717 0.0 16.237493329945565
2476.0 -3116.674188245973 -5368.841184669862 -1477.2764386317235 -120.13565904647011 -13.472413513477157 4.272994453435764 -2.2705428599245927 -2.143282653966751 -16.223210674433012 16.520943980311372 0.8123841852313753 247.56011693338849 1.9561820652271346e-07 -2.206039619769929 -2.149881107224348 0.0 16.223340247760728
2477.0 -3116.6679654234085 -5368.825983703826 -1477.274764375712 -120.13567981185312 -13.472433046537379 4.256781567917904 -2.2292066880802617 -2.1324927791977575 -16.209087141123597 16.50004223812929 0.8138014852299933 247.6815753080589 1.952769851272345e-07 -2.16440420256141 -2.138850622311721 0.0 16.20921792477468
2478.0 -3116.6617149243943 -5368.8108175774005 -1477.2730828265446 -120.13570019499426 -13.472452481464684 4.240582773702452 -2.1877205897653305 -2.1215980101442726 -16.194995079797728 16.479234361165084 0.8152193955157341 247.802895052708 1.949368563458929e-07 -2.122806201848615 -2.127830561729146 0.0 16.19512637669526
2479.0 -3116.655436653468 -5368.795686331262 -1477.2713939029907 -120.13572019493984 -13.47247181757155 4.22439803941804 -2.146169271640182 -2.110650440170945 -16.18093408234518 16.45853929121069 0.8166379218873243 247.92407523127838 1.9459781603318183e-07 -2.0812455234830045 -2.116820892804122 0.0 16.181065507090697
2480.0 -3116.6491305657596 -5368.780589966657 -1477.2696975619324 -120.1357398113228 -13.472491054523545 4.20822733410704 -2.104599160775118 -2.0996786350110703 -16.166903835445567 16.437967259439407 0.8180570700847424 248.04511491082303 1.9425986006753647e-07 -2.039722073778953 -2.1058215827717266 0.0 16.1670351764561
2481.0 -3116.6427966441543 -5368.765528463302 -1477.26799378116 -120.13575904409736 -13.472510192179804 4.192070627123351 -2.063035670929466 -2.088698243926215 -16.15290408745748 16.417523777729343 0.819476845798177 248.16601316223668 1.939229843490478e-07 -1.9982357595470226 -2.0948325988934124 0.0 16.15303522925108
2482.0 -3116.6364348867496 -5368.7505017891945 -1477.2662825499308 -120.13577789339347 -13.472529230505423 4.175927888070233 -2.021492686907486 -2.07771782889971 -16.138934624426543 16.397211801744287 0.8208972546735289 248.286769060687 1.9358718479803927e-07 -1.9567864880940968 -2.0838539085162973 0.0 16.139065504394974
2483.0 -3116.630045299985 -5368.735509906005 -1477.2645638637882 -120.13579635943701 -13.472548169523408 4.159799086767714 -1.9799777715640836 -2.0667420651906943 -16.12499525483398 16.377032903072976 0.8223183023153449 248.40738168582448 1.932524573542757e-07 -1.915374167225833 -2.072885479105714 0.0 16.12512583937398
2484.0 -3116.623627894864 -5368.720552772021 -1477.2628377217204 -120.13581444250589 -13.472567009288326 4.1436841932171955 -1.938495023006121 -2.0557734976948323 -16.111085800497584 16.356987904227317 0.8237399942900189 248.5278501220126 1.9291879797612404e-07 -1.8739987052023683 -2.0619272782507507 0.0 16.111216071886698
2485.0 -3116.6171826848904 -5368.705630343766 -1477.2611041246028 -120.13583214290631 -13.472585749871984 4.127583177604247 -1.8970466415725884 -2.0448135042697224 -16.09720609132539 16.33707722250675 0.8251623361256429 248.64817345827313 1.9258620264051305e-07 -1.832660010770221 -2.0509792736818038 0.0 16.09733604052365
2486.0 -3116.610709684937 -5368.690742576882 -1477.259363074347 -120.13584946095935 -13.472604391355382 4.11149601027905 -1.8556337887652639 -2.033862823820342 -16.083355962347536 16.317301056109304 0.8265853333138288 248.76835078839815 1.9225466734243245e-07 -1.7913579931257018 -2.040041433265911 0.0 16.08348558505586
2487.0 -3116.6042089106227 -5368.675889426612 -1477.2576145734333 -120.135866396994 -13.472622933824445 4.0954226617561655 -1.8142570578209396 -2.0229218456386295 -16.069535252057676 16.297659484801475 0.8280089913098323 248.8883812109182 1.9192418809483522e-07 -1.7500925619212242 -2.0291137250108786 0.0 16.069664546561903
2488.0 -3116.597680377978 -5368.661070848067 -1477.255858624654 -120.13588295134312 -13.472641377367706 4.079363102711738 -1.7729167313802883 -2.0119907678495874 -16.055743801488298 16.278152524329965 0.829433315532902 249.00826382908986 1.91594760928488e-07 -1.7088636272619886 -2.018196117065913 0.0 16.05587276748094
2489.0 -3116.5911241032545 -5368.646286796364 -1477.2540952309746 -120.13589912434132 -13.472659722074887 4.063317303980933 -1.7316129225035244 -2.0010696841326676 -16.041981453694305 16.258780155805294 0.8308583113666071 249.12799775088163 1.9126638189182738e-07 -1.6676710997012538 -2.007288577720875 0.0 16.042110091631113
2490.0 -3116.584540102827 -5368.631537226711 -1477.2523243954568 -120.1359149163238 -13.472677968036347 4.04728523655166 -1.690345651804094 -1.9901586311615584 -16.028248053463525 16.239542341553754 0.832283984159497 249.24758208898788 1.9093904705074137e-07 -1.6265148902252031 -1.996391075402756 0.0 16.028376364212388
2491.0 -3116.577928393135 -5368.616822094442 -1477.250546121218 -120.13593032762563 -13.472696115342627 4.031266871569678 -1.6491148896168406 -1.979257614541658 -16.01454344715203 16.220439033657417 0.833710339224749 249.36701596075812 1.906127524885857e-07 -1.5853949102665252 -1.9855035786793749 0.0 16.014671431801414
2492.0 -3116.571288990655 -5368.602141355043 -1477.2487604114056 -120.13594535858154 -13.47271416408414 4.015262180331396 -1.6079205790356417 -1.9683666229829802 -16.000867482585512 16.201470178543122 0.8351373818409096 249.48629848821847 1.9028749430594788e-07 -1.5443110716859436 -1.9746260562543416 0.0 16.000995142340134
2493.0 -3116.5646219118807 -5368.587494964167 -1477.2469672691868 -120.1359600095257 -13.472732114351233 3.999271134287585 -1.566762648498777 -1.957485636042026 -15.987220009002657 16.18263571944622 0.8365651172516264 249.60542879801258 1.8996326862057198e-07 -1.503263286781774 -1.9637584769697052 0.0 15.987347345126604
2494.0 -3116.5579271733163 -5368.572882877627 -1477.2451666977415 -120.13597428079144 -13.472749966234003 3.9832937050357 -1.5256410186548868 -1.9466146283454762 -15.973600878123342 16.163935598816078 0.8379935502366137 249.72440603076444 1.8964007079294612e-07 -1.4622514682702912 -1.9529008098007634 0.0 15.973727891909205
2495.0 -3116.551204791468 -5368.558305051412 -1477.2433587002552 -120.13598817271155 -13.472767719822338 3.967329864317551 -1.484555606134486 -1.9357535718918437 -15.960009951423531 16.145369766231294 0.839422684045867 249.84322936422362 1.8931789350597954e-07 -1.4212755292793073 -1.9420530238540445 0.0 15.960136644175703
2496.0 -3116.5444547828365 -5368.543761441666 -1477.2415432799176 -120.13600168561784 -13.472785375205827 3.9513795840109234 -1.4435063255775091 -1.924902437305634 -15.94644709954802 16.126938178210114 0.8408525215800975 249.96189798767108 1.8899672888935296e-07 -1.3803353833268341 -1.9312150883618298 0.0 15.946573472573712
2497.0 -3116.537677163913 -5368.529252004686 -1477.2397204399178 -120.13601481984148 -13.47280293247383 3.935442836119095 -1.4024930907061206 -1.9140611945196084 -15.932912196873142 16.10864079303754 0.8422830657195659 250.0804110948455 1.8867656910961982e-07 -1.3394309442937846 -1.9203869726746616 0.0 15.933038251477601
2498.0 -3116.5308719511772 -5368.514776696928 -1477.2378901834447 -120.13602757571276 -13.47282039171541 3.919519592767814 -1.3615158149091622 -1.9032298131447625 -15.919405119592021 16.090477568971764 0.8437143193243969 250.1987678839357 1.8835740636995253e-07 -1.2985621264161749 -1.9095686462592782 0.0 15.919530857075932
2499.0 -3116.5240391610973 -5368.500335474999 -1477.2360525136855 -120.13603995356122 -13.472837753019336 3.903609826210421 -1.3205744115613802 -1.892408262671394 -15.905925745107716 16.072448463690222 0.8451462852341667 250.31696755751312 1.8803923291005403e-07 -1.2577288442980263 -1.8987600787018697 0.0 15.906051166765812
2500.0 -3116.517178810129 -5368.485928295655 -1477.2342074338264 -120.13605195371562 -13.47285501647415 3.8877135088173675 -1.2796687941963896 -1.8815965125780487 -15.892473951835553 16.054553434112 0.8465789662688884 250.43500932258053 1.877220410057577e-07 -1.2169310128843271 -1.8879612397009025 0.0 15.892599058955929
2501.0 -3116.510290914714 -5368.471555115808 -1477.2323549470516 -120.1360635765039 -13.472872182168086 3.8718306130827407 -1.2387988765959994 -1.8707945323894388 -15.87904961913509 16.03679243633302 0.8480123652284712 250.55289239049404 1.874058229689698e-07 -1.1761685474776045 -1.877172099071374 0.0 15.879174412998823
2502.0 -3116.5033754912824 -5368.457215892513 -1477.2304950565428 -120.13607482225318 -13.47288925018907 3.855961111622164 -1.197964572842201 -1.8600022917087622 -15.865652627282971 16.019165425594366 0.8494464848929527 250.67061597695007 1.8709057114744035e-07 -1.135441363732376 -1.8663926267432585 0.0 15.865777109163934
2503.0 -3116.4964325562505 -5368.442910582982 -1477.2286277654807 -120.13608569128982 -13.472906220624823 3.8401049771686084 -1.1571657973407996 -1.8492197602340197 -15.852282857457554 16.00167235625758 0.850881328022922 250.78817930198807 1.867762779244942e-07 -1.094749377644204 -1.8556227927585602 0.0 15.852407028622371
2504.0 -3116.4894621260214 -5368.4286391445685 -1477.226753077043 -120.13609618393946 -13.47292309356278 3.8242621825728564 -1.1164024648383464 -1.8384469077678758 -15.83894019173096 15.984313181785721 0.8523168973595218 250.90558158995776 1.8646293571885634e-07 -1.0540925055506924 -1.844862567271412 0.0 15.839064053439003
2505.0 -3116.4824642169838 -5368.4144015347765 -1477.2248709944056 -120.13610630052685 -13.472939869090046 3.8084327008051333 -1.0756744904220845 -1.8276837042206118 -15.825624513055978 15.967087854717173 0.8537531956243442 251.0228220694796 1.8615053698450157e-07 -1.0134706641355784 -1.8341119205491272 0.0 15.825748066559385
2506.0 -3116.4754388455153 -5368.400197711254 -1477.222981520742 -120.13611604137606 -13.472956547293483 3.792616504950682 -1.0349817895235187 -1.81693011961254 -15.81233570525854 15.949996326645177 0.8551902255198757 251.13989997344908 1.8583907421038528e-07 -0.9728837704171154 -1.8233708229689887 0.0 15.812458951802242
2507.0 -3116.4683860279774 -5368.386027631796 -1477.2210846592227 -120.13612540681032 -13.47297312825976 3.7768135682095307 -0.994324277922483 -1.806186124075915 -15.799073653031869 15.933038548199029 0.856627989729561 251.25681453901063 1.8552853992025925e-07 -0.9323317417474228 -1.8126392450181232 0.0 15.799196593853656
2508.0 -3116.4613057807173 -5368.37189125434 -1477.2191804130168 -120.13613439715213 -13.472989612075157 3.761023863898823 -0.9537018717405426 -1.7954516878535842 -15.785838241924354 15.916214469018037 0.8580664909176352 251.37356500751292 1.852189266725389e-07 -0.8918144958181823 -1.8019171572947132 0.0 15.785960878254926
2509.0 -3116.4541981200705 -5368.357788536969 -1477.2172687852897 -120.13614301272318 -13.473005998825716 3.745247365448624 -0.9131144874398149 -1.7847267812988439 -15.772629358332136 15.899524037730771 0.8595057317295461 251.49015062451224 1.849102270600431e-07 -0.8513319506497932 -1.7912045305051927 0.0 15.772751691395127
2510.0 -3116.447063062357 -5368.343719437907 -1477.2153497792046 -120.13615125384447 -13.473022288597262 3.72948404640262 -0.8725620418258311 -1.7740113748762487 -15.759446889493379 15.882967201936422 0.8609457147919339 251.60657063974026 1.8460243370983225e-07 -0.8108840245929361 -1.7805013354645196 0.0 15.75956892050543
2511.0 -3116.4399006238823 -5368.329683915519 -1477.213423397922 -120.13615912083615 -13.473038481475339 3.7137338804164903 -0.8320444520409982 -1.7633054391598986 -15.746290723477896 15.866543908180796 0.8623864427128222 251.72282430708887 1.8429553928300143e-07 -0.7704706363243359 -1.7698075430950437 0.0 15.746412453648723
2512.0 -3116.432710820938 -5368.315681928313 -1477.2114896445992 -120.13616661401764 -13.473054577545161 3.697996841257438 -0.7915616355629069 -1.7526089448329492 -15.733160749179211 15.8502541019353 0.8638279180817007 251.83891088458685 1.8398953647449796e-07 -0.7300917048452857 -1.7591231244258934 0.0 15.73328217971163
2513.0 -3116.4254936698007 -5368.301713434934 -1477.2095485223904 -120.13617373370766 -13.473070576891772 3.6822729027986063 -0.7511135102034707 -1.741921862687302 -15.720056856307469 15.834097727576953 0.8652701434700812 251.95482963441444 1.8368441801284078e-07 -0.6897471494671852 -1.74844805058917 0.0 15.720177988397522
2514.0 -3116.4182491867327 -5368.2877783941685 -1477.2076000344475 -120.13618048022413 -13.473086479599907 3.6665620390353726 -0.7106999941012528 -1.7312441636215532 -15.706978935379743 15.818074728365401 0.8667131214300429 252.0705798227567 1.833801766602659e-07 -0.6494368898532525 -1.7377822928309015 0.0 15.707099770216605
2515.0 -3116.4109773879827 -5368.273876764939 -1477.2056441839184 -120.13618685388424 -13.473102285754004 3.6508642240595073 -0.6703210057314752 -1.7205758186435287 -15.6939268777174 15.80218504642843 0.8681568544966433 252.1861607199678 1.8307680521205512e-07 -0.6091608459519509 -1.7271258224932373 0.0 15.69404741648359
2516.0 -3116.403678289782 -5368.260008506307 -1477.2036809739484 -120.13619285500441 -13.47311799543827 3.6351794320773334 -0.629976463889399 -1.7099167988658517 -15.68090057543134 15.78642862273355 0.8696013451862934 252.3015716004109 1.827742964967198e-07 -0.5689189380435433 -1.716478611026833 0.0 15.681020819302681
2517.0 -3116.3963519083486 -5368.246173577468 -1477.2017104076795 -120.13619848390026 -13.473133608736727 3.619507637399249 -0.5896662876974075 -1.6992670755077064 -15.667899921419677 15.770805397073863 0.8710465959977612 252.41681174250968 1.8247264337563108e-07 -0.5287110867130567 -1.7058406299836273 0.0 15.668019871565397
2518.0 -3116.3889982598844 -5368.2323719377555 -1477.1997324882498 -120.13620374088686 -13.473149125732988 3.6038488144460135 -0.5493903965972802 -1.6886266198927506 -15.654924809357354 15.755315308044969 0.8724926094116329 252.5318804286764 1.821718387429754e-07 -0.4885372128660056 -1.6952118510206053 0.0 15.655044466940092
2519.0 -3116.3816173605765 -5368.2186035466375 -1477.1977472187941 -120.13620862627832 -13.473164546510489 3.5882029377408324 -0.5091487103521759 -1.677995403449553 -15.64197513369088 15.73995829302781 0.8739393878910812 252.64677694534413 1.8187187552543653e-07 -0.4483972377082933 -1.6845922458948315 0.0 15.642094499866776
2520.0 -3116.374209226598 -5368.204868363713 -1477.1957546024446 -120.13621314038818 -13.473179871152437 3.5725699819156436 -0.4689411490416431 -1.6673733977101717 -15.629050789629508 15.724734288167632 0.8753869338813267 252.76150058289593 1.8157274668215368e-07 -0.4082910827619276 -1.6739817864672608 0.0 15.629169865548217
2521.0 -3116.3667738741055 -5368.191166348717 -1477.1937546423287 -120.13621728352918 -13.47319509974176 3.556949921704363 -0.42876763306141985 -1.656760574310088 -15.616151673138996 15.709643228355992 0.8768352498102994 252.87605063568856 1.8127444520442874e-07 -0.36821866984765156 -1.66338044469815 0.0 15.61627045994376
2522.0 -3116.3593113192396 -5368.177497461517 -1477.1917473415713 -120.13622105601331 -13.473210232361089 3.5413427319431214 -0.3886280831197473 -1.6461569049871074 -15.60327768093385 15.69468504721119 0.8782843380886588 252.99042640202615 1.8097696411557041e-07 -0.32817992108535154 -1.6527881926470407 0.0 15.603396179761567
2523.0 -3116.351821578125 -5368.16386166211 -1477.189732703292 -120.13622445815187 -13.473225269092827 3.5257483875737528 -0.3485224202356392 -1.6355623615808348 -15.590428710470114 15.679859677059536 0.8797342011095082 253.1046271841099 1.8068029647080036e-07 -0.28817475890287525 -1.6422050024750552 0.0 15.590546922451349
2524.0 -3116.344304666872 -5368.150258910625 -1477.1877107306082 -120.13622749025545 -13.473240210019153 3.510166863640072 -0.30845056573756935 -1.6249769160322691 -15.577604659939299 15.665167048917931 0.8811848412487777 253.21865228804032 1.8038443535702317e-07 -0.24820310602632734 -1.6316308464422424 0.0 15.577722586198348
2525.0 -3116.3367606015745 -5368.136689167318 -1477.185681426632 -120.13623015263391 -13.47325505522193 3.4945981352860107 -0.26841244125907693 -1.6144005403825632 -15.564805428259842 15.650607092473992 0.8826362608654377 253.33250102380688 1.8008937389263317e-07 -0.20826488547510708 -1.6210656969061337 0.0 15.56492306991478
2526.0 -3116.32918939831 -5368.123152392579 -1477.1836447944727 -120.13623244559633 -13.473269804782827 3.479042177755153 -0.2284079687390994 -1.603833206773042 -15.552030915071983 15.63617973607 0.8840884623015798 253.44617270526686 1.797951052273492e-07 -0.16836002056067184 -1.6105095263214724 0.0 15.552148273234723
2527.0 -3116.3215910731406 -5368.109648546923 -1477.1816008372355 -120.13623436945123 -13.473284458783224 3.4634989663965534 -0.18843707041969093 -1.5932748874445115 -15.539281020730526 15.621884906684775 0.8855414478819112 253.55966665007855 1.7950162254216866e-07 -0.1284884349011295 -1.5999623072437947 0.0 15.539398096506826
2528.0 -3116.3139656421113 -5368.096177590994 -1477.1795495580207 -120.13623592450618 -13.473299017304292 3.4479684766486756 -0.14849966884170573 -1.5827255547360657 -15.526555646296758 15.607722529914813 0.8869952199152945 253.672982179795 1.7920891904891006e-07 -0.08865005238014895 -1.5894240123187475 0.0 15.526672440786351
2529.0 -3116.306313121253 -5368.08273948556 -1477.177490959925 -120.1362371110683 -13.473313480426903 3.432450684058713 -0.10859568684510723 -1.5721851810850862 -15.513854693533936 15.593692529959345 0.888449780692977 253.78611861969893 1.7891698799042397e-07 -0.048844797196065604 -1.578894614294688 0.0 15.513971207830469
2530.0 -3116.298633526577 -5368.069334191516 -1477.1754250460413 -120.13623792944381 -13.473327848231715 3.4169455642635005 -0.06872504756540998 -1.5616537390262324 -15.501178064899216 15.5797948296019 0.8899051324904153 253.89907529891823 1.7862582264008085e-07 -0.009072593813046148 -1.5683740860099715 0.0 15.501294300090393
2531.0 -3116.2909268740805 -5368.0559616698865 -1477.1733518194567 -120.13623837993832 -13.47334212079913 3.401453093004646 -0.02888767443197704 -1.551131201190925 -15.488525663537397 15.566029350193922 0.8913612775658943 254.01185155029282 1.7833541630190474e-07 0.030666633000404286 -1.5578624004028976 0.0 15.488641620704934
2532.0 -3116.283193179744 -5368.042621881817 -1477.1712712832557 -120.13623846285675 -13.47335629820928 3.385973246113863 0.01091650883123041 -1.5406175403074531 -15.475897393276362 15.552396011640335 0.89281821816194 254.12444671045728 1.780457623101474e-07 0.07037295820918471 -1.5473595305016699 0.0 15.47601307349611
2533.0 -3116.275432459531 -5368.029314788576 -1477.1691834405176 -120.13623817850325 -13.473370380542084 3.370505999523448 0.05068757821162695 -1.53011272919936 -15.46329315861784 15.538894732380427 0.8942759565043712 254.23686011974226 1.7775685402933555e-07 0.1100464564847814 -1.5368654494315097 0.0 15.463408562959776
2534.0 -3116.2676447293893 -5368.0160403515565 -1477.167088294317 -120.13623752718138 -13.473384367877225 3.3550513292571997 0.09042560940773381 -1.5196167407854135 -15.45071286473295 15.525525429373923 0.8957344948031921 254.34909112221712 1.7746868485395324e-07 0.14968720222882326 -1.5263801304082303 0.0 15.450827994261251
2535.0 -3116.259830005248 -5368.002798532274 -1477.1649858477247 -120.13623650919386 -13.473398260294056 3.339609211433912 0.1301306778314233 -1.509129548078965 -15.438156417455899 15.512288018085295 0.8971938352522979 254.46113906564173 1.7718124820835955e-07 0.1892952695641838 -1.5159035467405788 0.0 15.438271273228994
2536.0 -3116.2519883030213 -5367.989589292364 -1477.162876103806 -120.13623512484283 -13.473412057871812 3.3241796222692357 0.1698028586119893 -1.4986511241867944 -15.42562372327624 15.499182412466856 0.8986539800293354 254.57300330143042 1.7689453754667778e-07 0.22887073233032673 -1.5054356718314434 0.0 15.425738306346803
2537.0 -3116.244119638605 -5367.976412593584 -1477.1607590656222 -120.13623337442975 -13.47342576068939 3.308762538067764 0.20944222659371015 -1.4881814423096769 -15.41311468933581 15.486208524946793 0.9001149312964863 254.6846831846869 1.7660854635250249e-07 0.26841366410388273 -1.494976479172177 0.0 15.413229000750858
2538.0 -3116.236224027878 -5367.963268397814 -1477.15863473623 -120.13623125825535 -13.473439368825495 3.293357935230713 0.24904885634273555 -1.4777204757405191 -15.400629223419267 15.473366266410938 0.9015766911997771 254.79617807412603 1.7632326813889866e-07 0.3079241381789107 -1.4845259423479342 0.0 15.400743264220157
2539.0 -3116.228301486704 -5367.95015666705 -1477.1565031186803 -120.1362287766197 -13.473452882358561 3.2779657902463804 0.2886228221434459 -1.4672681978652307 -15.388167233951613 15.460655546191784 0.9030392618700165 254.90748733212092 1.7603869644808137e-07 0.34740222759164563 -1.474084035030916 0.0 15.388281005174134
2540.0 -3116.2203520309267 -5367.937077363407 -1477.1543642160207 -120.13622592982215 -13.473466301366809 3.262586079698289 0.32816419800460306 -1.4568245821610448 -15.375728629989943 15.448076272051907 0.9045026454220607 255.0186103246219 1.7575482485142484e-07 0.3868480050996367 -1.4636507309859246 0.0 15.375842132664323
2541.0 -3116.212375676375 -5367.92403044912 -1477.1522180312925 -120.13622271816139 -13.4734796259282 3.2472187802589034 0.36767305766069835 -1.4463896021960898 -15.363313321217586 15.435628350170013 0.9059668439554422 255.12954642117984 1.754716469492048e-07 0.4262615431981054 -1.4532260040658642 0.0 15.36342655636853
2542.0 -3116.204372438859 -5367.9110158865415 -1477.1500645675333 -120.13621914193553 -13.47349285612047 3.2318638686907946 0.40714947457341033 -1.43596323162893 -15.350921217938923 15.423311685127906 0.9074318595542954 255.24029499491627 1.7518915637048015e-07 0.4656429141170536 -1.4428098282124737 0.0 15.351034186585668
2543.0 -3116.1963423341726 -5367.898033638138 -1477.1479038277746 -120.13621520144181 -13.473505992021092 3.2165213218473365 0.4465935219302466 -1.4255454442088724 -15.338552231075436 15.411126179898858 0.9088976942873244 255.35085542249655 1.7490734677296638e-07 0.5049921898195647 -1.4324021774567517 0.0 15.338664934231772
2544.0 -3116.188285378091 -5367.885083666497 -1477.145735815043 -120.13621089697702 -13.473519033707348 3.2011911166675855 0.4860052726502371 -1.4151362137743817 -15.32620627215754 15.399071735832022 0.910364350208325 255.4612270841454 1.746262118428032e-07 0.5443094420151492 -1.4220030259152832 0.0 15.326318710831883
2545.0 -3116.1802015863723 -5367.872165934316 -1477.1435605323613 -120.13620622883714 -13.473531981256215 3.1858732301811687 0.5253847993844003 -1.4047355142529119 -15.313883253319965 15.38714825264062 0.911831829355753 255.57140936359022 1.7434574529450718e-07 0.583594742147315 -1.4116123477934799 0.0 15.31399542851537
2546.0 -3116.1720909747564 -5367.85928040441 -1477.141377982745 -120.13620119731752 -13.473544834744512 3.1705676395031626 0.5647321745183254 -1.394343319660131 -15.301583087296073 15.375355628389292 0.9133001337532485 255.68140164807693 1.7406594087074146e-07 0.6228481614067709 -1.4012301173820825 0.0 15.301695000010296
2547.0 -3116.163953558968 -5367.846427039711 -1477.1391881692068 -120.13619580271286 -13.473557594248794 3.1552743218401447 0.6040474701719738 -1.383959604099935 -15.289305687413268 15.363693759482754 0.914769265409087 255.79120332830533 1.737867923422908e-07 0.662069770716119 -1.3908563090610615 0.0 15.289417338638756
2548.0 -3116.1557893547106 -5367.833605803258 -1477.136991094752 -120.13619004531716 -13.473570259845363 3.1399932544792537 0.6400151915030126 -1.3732213886481812 -15.2770602932071 15.352000769602654 0.9162392263172643 255.90081379848678 1.735082935077272e-07 0.6702023133621862 -1.3770910733585833 0.0 15.277090607804578
2549.0 -3116.1476167634946 -5367.820806567422 -1477.1347845231794 -120.13618411897278 -13.473582810876783 3.1247243830717637 0.635795947721669 -1.3580963749619892 -15.264852875344822 15.338330924737127 0.9177100215147491 256.01023268349894 1.7323043761654964e-07 0.5938897135091582 -1.3540932342261098 0.0 15.264910922226987
2550.0 -3116.139472189385 -5367.808009421782 -1477.1325640517812 -120.13617840658594 -13.473595206434954 3.1094677103783472 0.597515411196806 -1.3392556892552716 -15.252607537279392 15.322945772732227 0.9191816505363705 256.11945920272564 1.7295321898467363e-07 0.5176382224454588 -1.3311133000904882 0.0 15.252818865706635
2551.0 -3116.131377672204 -5367.795202329202 -1477.1303270248964 -120.13617313990035 -13.473607421807797 3.0942232547018214 0.5412695434593937 -1.3184610835493213 -15.240370162487986 15.306867577566774 0.920654111395008 256.22849246916167 1.726766322329573e-07 0.4414480516639747 -1.308151159132036 0.0 15.240700551956914
2552.0 -3116.1233448084513 -5367.782378914104 -1477.1280720400573 -120.13616844104845 -13.473619444023381 3.0789909890377896 0.47556677321633156 -1.2966434908173246 -15.228167955120691 15.290668637029285 0.9221274064608542 256.33733192452553 1.7240067118351507e-07 0.36531913312154685 -1.285206700992682 0.0 15.228571325363145
2553.0 -3116.115379680745 -5367.7695358017145 -1477.1257983592375 -120.13616437423603 -13.473631266311573 3.063770872877678 0.4049022311068704 -1.2742945433002677 -15.216005152287915 15.274638627289765 0.9236015394090415 256.4459771107486 1.7212532944056115e-07 0.2892513030330419 -1.2622798316963844 0.0 15.216449398099137
2554.0 -3116.1074854637427 -5367.756671209736 -1477.1235055972716 -120.13616097307309 -13.473642885176435 3.048562867472181 0.3316494642213561 -1.2516737255315746 -15.203877848208132 15.258918051603079 0.9250765137473257 256.5544275606755 1.7185060066754717e-07 0.21324439137799933 -1.2393704792518327 0.0 15.204343877799463
2555.0 -3116.0996637991193 -5367.743784200166 -1477.1211935561812 -120.13615825501817 -13.473654298849778 3.033366939304629 0.2570610901194108 -1.2289179148730178 -15.191781253989982 15.24357363988611 0.9265523324774789 256.6626827733621 1.7157647864937393e-07 0.1372982462946012 -1.21647858971942 0.0 15.192258408302985
2556.0 -3116.0919155206047 -5367.730874281947 -1477.11886213711 -120.13615622900838 -13.47366550647435 3.018183059381554 0.1817978029678491 -1.2060992702343278 -15.17971176035331 15.228636676283019 0.928028998160971 256.77074221927916 1.7130295727879257e-07 0.06141273427499794 -1.1936041213140003 0.0 15.180194261633128
2557.0 -3116.0842410362247 -5367.717941200278 -1477.1165112935985 -120.1361548994872 -13.473676507673103 3.003011201776797 0.10620788521127622 -1.1832558069495431 -15.167667047194989 15.214121666206223 0.9295065130579466 256.87860535079363 1.7103003052951904e-07 -0.014412265123582846 -1.1707470396701807 0.0 15.168151810437895
2558.0 -3116.0766405297904 -5367.704984825089 -1477.1141410068426 -120.13615426852998 -13.47368730232184 2.9878513424396513 0.03047481587104972 -1.1604075366153386 -15.155645718560203 15.200035247062695 0.9309848812340944 256.9862714065493 1.7075769278323307e-07 -0.09017686417997262 -1.147907314709483 0.0 15.156131110212758
2559.0 -3116.069114067105 -5367.692005092118 -1477.1117512726225 -120.13615433696502 -13.473697890429394 2.97270345845446 -0.04530481908135009 -1.1375649824320901 -15.143646896881428 15.186380344022542 0.9324641212708411 257.0937381216783 1.7048594102916737e-07 -0.1658811701493239 -1.1250849188217915 0.0 15.144132056537645
2560.0 -3116.0616616519546 -5367.67900197186 -1477.1093420944194 -120.13615510496436 -13.47370827207451 2.9575675276513214 -0.12108022484959591 -1.114733669610565 -15.131669956795303 15.173158117425476 0.9339442581206353 257.201002568979 1.7021477342410579e-07 -0.2415252869117619 -1.1022798259095348 0.0 15.132154433278155
2561.0 -3116.054283255601 -5367.665975453213 -1477.1069134797885 -120.13615657235503 -13.47371844737261 2.9424435284154025 -0.19682472485529345 -1.0919164921610678 -15.119714431109067 15.160368929430955 0.9354253165968685 257.3080618292124 1.6994418814558757e-07 -0.3171093157680156 -1.0794920109064705 0.0 15.120197989075184
2562.0 -3116.0469788323107 -5367.652925534834 -1477.1044654384466 -120.13615873878324 -13.4737284164583 2.9273314395449126 -0.27252433878153237 -1.0691149596980578 -15.10777994764587 15.14801278249953 0.9369073213577165 257.4149129951585 1.696741833839734e-07 -0.39263335606571126 -1.0567214494618127 0.0 15.1082624653406
2563.0 -3116.0397483275106 -5367.639852220599 -1477.1019979812634 -120.13616160380039 -13.47373817947617 2.9122312401828823 -0.34817176616046375 -1.046329853897198 -15.09586618887419 15.13608951262851 0.9383902969131812 257.52155317203807 1.6940475734116176e-07 -0.4680975054962253 -1.0339681177841624 0.0 15.096347604234273
2564.0 -3116.032591682089 -5367.626755517202 -1477.0995111197315 -120.13616516690844 -13.473747736575897 2.897142909777351 -0.42376321889513946 -1.0235615739504662 -15.083972868463324 15.124598872627796 0.9398742676293755 257.62797947773157 1.6913590822982097e-07 -0.5435018602702377 -1.011231992553552 0.0 15.084453150756028
2565.0 -3116.0255088346476 -5367.613635432892 -1477.0970048656861 -120.13616942758405 -13.473757087909798 2.882066428048071 -0.49929675452066213 -1.0008103182651054 -15.07209971826911 15.11354056664647 0.9413592577321945 257.7341890429518 1.688676342727438e-07 -0.6188465152716699 -0.988513050856572 0.0 15.072578853186641
2566.0 -3116.018499722685 -5367.600491976817 -1477.09447923116 -120.13617438529081 -13.473766233631453 2.867001774982782 -0.5747713996171218 -0.9780761799798103 -15.060246481271266 15.102914263555403 0.9428452913080846 257.84017901120797 1.685999337027318e-07 -0.6941315640698242 -0.965811270173236 0.0 15.06072446310317
2567.0 -3116.01156428322 -5367.5873251586645 -1477.0919342283034 -120.13618003948592 -13.473775173894962 2.851948930818355 -0.650186689010777 -0.9553591971538324 -15.048412907787332 15.09271960149706 0.9443323923063057 257.94594653887657 1.6833280476221234e-07 -0.7693570990100446 -0.9431266283445122 0.0 15.04888973531335
2568.0 -3116.004702453114 -5367.574134988483 -1477.0893698693462 -120.13618638962375 -13.47378390885468 2.836907876038924 -0.7255424236900199 -0.9326593791186575 -15.036598753446 15.082956188962621 0.9458205845395167 258.05148879515366 1.680662457031594e-07 -0.8445232112212028 -0.9204591035674813 0.0 15.037074427782118
2569.0 -3115.9979141692406 -5367.560921476582 -1477.0867861665747 -120.13619343515738 -13.473792438664923 2.821878591370536 -0.8008385436748711 -0.9099767203112918 -15.024803778106532 15.073623604666135 0.947309891684702 258.15680296203175 1.6780025478695346e-07 -0.9196299906414671 -0.897808674386266 0.0 15.025278301576261
2570.0 -3115.9911993685737 -5367.547684633483 -1477.0841831323203 -120.13620117553988 -13.473800763479902 2.80686105778208 -0.8760750613135153 -0.8873112075248244 -15.01302774526895 15.064721397100907 0.9488003372834718 258.26188623423457 1.675348302843533e-07 -0.9946775260129808 -0.8751753196927944 0.0 15.013501120811945
2571.0 -3115.9845579882303 -5367.534424469885 -1477.081560778954 -120.13620961022445 -13.47380888345379 2.7918552564722487 -0.9512520262719386 -0.8646628237157605 -15.001270421756203 15.056249084113219 0.9502919447437397 258.36673581924885 1.672699704752211e-07 -1.06966590494696 -0.8525590187071431 0.0 15.001742652619265
2572.0 -3115.977989965495 -5367.521140996656 -1477.0789191188824 -120.13621873866497 -13.473816798740488 2.7768611688707026 -1.0263695072086128 -0.8420315499899527 -14.989531577525506 15.048206152566506 0.9517847373399937 258.47134893725854 1.670056736485004e-07 -1.1445952139173754 -0.8299597509788897 0.0 14.990002667100912
2573.0 -3115.971495237829 -5367.507834224814 -1477.076258164546 -120.1362285603159 -13.473824509493754 2.761878776640631 -1.1014275821684718 -0.8194173666436786 -14.977810985556896 15.040592058113523 0.9532787382134166 258.57572282107026 1.6674193810221862e-07 -1.2194655382482362 -0.8073774963911389 0.0 14.978280937297844
2574.0 -3115.965073742876 -5367.4945041655365 -1477.073577928418 -120.13623907463247 -13.473832015867183 2.7469080616673454 -1.1764263335560656 -0.7968202537072759 -14.966108421780493 15.033406225053964 0.9547739703733937 258.67985471613565 1.6647876214324354e-07 -1.2942769621704813 -0.7848122351433078 0.0 14.966577239157377
2575.0 -3115.9587254184603 -5367.481150830139 -1477.0708784230035 -120.13625028107072 -13.473839318014146 2.731949006056646 -1.2513658455119732 -0.7742401912272743 -14.954423665023677 15.026648046255882 0.9562704566980451 258.78374188050765 1.6621614408721359e-07 -1.3690295688299767 -0.7622639477486077 0.0 14.954891351501459
2576.0 -3115.9524502025884 -5367.467774230086 -1477.0681596608385 -120.13626217908735 -13.473846416087921 2.717001592141576 -1.326246202557452 -0.7516771594086755 -14.94275649696615 15.020316883121968 0.9577682199339119 258.8873815847388 1.659540822586157e-07 -1.4437234402539136 -0.7397326150444435 0.0 14.943223055992334
2577.0 -3115.946248033449 -5367.454374376981 -1477.0654216544901 -120.13627476813994 -13.473853310241497 2.7020658024619335 -1.4010674888716306 -0.7291311386936523 -14.93110670210704 15.014412065595227 0.9592672826983639 258.99077111196885 1.6569257499038498e-07 -1.5183586574528736 -0.717218218161336 0.0 14.931572137106278
2578.0 -3115.9401188494076 -5367.440951282566 -1477.0626644165561 -120.13628804768673 -13.473860000627772 2.687141619780101 -1.4758297879421622 -0.7066021097940816 -14.919474067728986 15.008932892187257 0.9607676674783678 259.0939077577618 1.6543162062414294e-07 -1.5929353003419382 -0.6947207385470602 0.0 14.9199383820998
2579.0 -3115.9340625890063 -5367.427504958721 -1477.0598879596644 -120.13630201718685 -13.473866487399407 2.672229027064983 -1.5505331823781825 -0.6840900537099484 -14.907858383866662 15.003878630029776 0.9622693966324463 259.19678883016473 1.6517121750987684e-07 -1.6674534478206797 -0.672240157942266 0.0 14.908321580980347
2580.0 -3115.9280791909614 -5367.414035417462 -1477.057092296472 -120.13631667610002 -13.473872770708955 2.6573280074954964 -1.6251777538161143 -0.6615949517379458 -14.896259443279096 14.999248514947192 0.9637724923906723 259.299411649631 1.64911364005962e-07 -1.741913177755921 -0.649776458386012 0.0 14.896721526479213
2581.0 -3115.922168594162 -5367.400542670939 -1477.0542774396665 -120.13633202388684 -13.473878850708768 2.642438544456847 -1.6997635828839197 -0.6391167854719724 -14.884677041418449 14.995041751542404 0.9652769768553829 259.4017735489951 1.6465205847905884e-07 -1.8163145670000875 -0.6273296222100018 0.0 14.885138014020752
2582.0 -3115.9163307376666 -5367.38702673143 -1477.051443401963 -120.13634806000856 -13.473884727551024 2.6275606215370355 -1.7742907491952122 -0.6166555367995619 -14.873110976399023 14.99125751329842 0.9667828720018663 259.50387187344575 1.6439329930401387e-07 -1.8906576914087303 -0.6048996320334543 0.0 14.873570841691581
2583.0 -3115.9105655607023 -5367.373487611345 -1477.0485901961065 -120.13636478392719 -13.473890401387747 2.6126942225233654 -1.8487593313387887 -0.5942111879023178 -14.861561048972158 14.987894942698489 0.9682901996790482 259.6057039804999 1.6413508486376242e-07 -1.9649426258579208 -0.5824864707578757 0.0 14.8620198102157
2584.0 -3115.9048730026598 -5367.359925323225 -1477.04571783487 -120.1363821951054 -13.47389587237078 2.5978393314047716 -1.9231694068830532 -0.5717837212531669 -14.85002706249829 14.984953151357953 0.9697989816095798 259.7072672399373 1.638774135493318e-07 -2.0391694442325843 -0.5600901215706205 0.0 14.850484722926394
2585.0 -3115.899253003094 -5367.346339879731 -1477.0428263310546 -120.13640029300666 -13.473901140651888 2.5829959323606455 -1.997521052394724 -0.5493731196100757 -14.838508822916157 14.982431220168204 0.9713092393912962 259.8085590338285 1.636202837596116e-07 -2.1133382194823103 -0.5377105679280809 0.0 14.83896538573578
2586.0 -3115.893705501722 -5367.332731293655 -1477.0399156974895 -120.13641907709498 -13.473906206382555 2.5681640097664205 -2.0718143434418845 -0.526979366014777 -14.82700613871946 14.980328199459498 0.9728209944969679 259.909576756448 1.6336369390141477e-07 -2.1874490235933584 -0.5153477935641362 0.0 14.827461607111177
2587.0 -3115.8882304384183 -5367.319099577909 -1477.0369859470309 -120.13643854683522 -13.473911069714228 2.553343548188452 -2.1460493546063084 -0.50460244378896 -14.815518820928293 14.978643109172621 0.9743342682751349 260.0103178142622 1.6310764238935355e-07 -2.2615019276142667 -0.49300178248250126 0.0 14.815973198046676
2588.0 -3115.882827753215 -5367.305444745524 -1477.0340370925624 -120.1364587016928 -13.473915730798144 2.5385345323756336 -2.220226159506824 -0.4822423365271784 -14.804046683060195 14.977374939044665 0.9758490819512754 260.1107796259389 1.6285212764566028e-07 -2.335497001697667 -0.47067251894411694 0.0 14.804499972034307
2589.0 -3115.877497386299 -5367.291766809654 -1477.0310691469942 -120.13647954113388 -13.473920189785403 2.5237369472684805 -2.2943448307977086 -0.45989902809737737 -14.792589541108969 14.976522648812024 0.9773654566271849 260.21095962223956 1.6259714810030966e-07 -2.4094343150548667 -0.44835998748086614 0.0 14.793041745042546
2590.0 -3115.8722392780105 -5367.278065783574 -1477.028082123264 -120.1365010646252 -13.473924446826963 2.5089507779879496 -2.3684054401981482 -0.43757250263203984 -14.781147213512494 14.976085168419282 0.9788834132824223 260.310855246049 1.623427021907921e-07 -2.4833139360117147 -0.42606417287881654 0.0 14.781598335484293
2591.0 -3115.86705336884 -5367.264341680666 -1477.025076034334 -120.13652327163426 -13.473928502073635 2.494176009831717 -2.442408058480609 -0.4152627445317787 -14.769719521135073 14.976061398249058 0.9804029727749951 260.4104639523556 1.6208878836201668e-07 -2.557135932027073 -0.4037850601725464 0.0 14.770169564199499
2592.0 -3115.861939599426 -5367.250594514433 -1477.0220508931943 -120.13654616162904 -13.473932355676094 2.479412628279068 -2.5163527555073513 -0.3929697384543709 -14.758306287235056 14.976450209356425 0.9819241558411541 260.509783208173 1.618354050663623e-07 -2.6309003696685265 -0.38152263465271785 0.0 14.75875525442228
2593.0 -3115.8568979105544 -5367.236824298493 -1477.0190067128592 -120.13656973407831 -13.47393600778489 2.4646606189869344 -2.590239600230536 -0.37069346931481073 -14.746907337443206 14.977250443720681 0.9834469830960921 260.608810492523 1.6158255076357694e-07 -2.704607314631948 -0.35927688185996864 0.0 14.747355231759448
2594.0 -3115.8519282431566 -5367.22303104657 -1477.0159435063688 -120.13659398845135 -13.473939458550413 2.4499199677787256 -2.6640686607060537 -0.3484339222812358 -14.735522499737757 14.978460914507542 0.9849714750353886 260.7075432964669 1.613302239205543e-07 -2.778256831797409 -0.337047787568219 0.0 14.735969324165904
2595.0 -3115.8470305383057 -5367.209214772505 -1477.012861286788 -120.13661892421817 -13.473942708122964 2.435190660657594 -2.7378400041114963 -0.32619108276953845 -14.724151604419038 14.980080406343196 0.9864976520339258 260.80597912297293 1.6107842301152942e-07 -2.851848985162807 -0.31483533780466505 0.0 14.724597361918589
2596.0 -3115.8422047372164 -5367.19537549024 -1477.0097600672068 -120.13664454084928 -13.473945756652626 2.4204726837857162 -2.811553696744607 -0.3039649364439354 -14.712794484088064 14.98210767560018 0.988025534348316 260.9041154870127 1.6082714651769303e-07 -2.92538383794734 -0.29263951881857353 0.0 14.713239177595899
2597.0 -3115.837450781242 -5367.181513213829 -1477.00663986074 -120.13667083781579 -13.473948604289449 2.4057660234980287 -2.8852098040480127 -0.28175546920956673 -14.701450973620268 14.984541450693932 0.9895551421157622 261.0019499154267 1.6057639292739593e-07 -2.998861452522969 -0.2704603171021087 0.0 14.701894606050695
2598.0 -3115.8327686118737 -5367.16762795743 -1477.0035006805258 -120.13669781458947 -13.47395125118328 2.3910706662922165 -2.9588083906200815 -0.2595626672093134 -14.69012091014136 14.987380432389946 0.9910864953553717 261.09947994694966 1.6032616073594733e-07 -3.072281890464209 -0.24829771937512884 0.0 14.690563484386466
2599.0 -3115.828158170737 -5367.153719735305 -1477.0003425397265 -120.13672547064266 -13.473953697483923 2.376386598825222 -3.0323495202210156 -0.2373865168220024 -14.67880413300648 14.990623294123617 0.9926196139687984 261.1967031321922 1.6007644844552585e-07 -3.1456452125657415 -0.22615171258010028 0.0 14.679245651936556
2600.0 -3115.8236193995917 -5367.139788561816 -1476.9971654515282 -120.13675380544827 -13.473955943340975 2.361713807916269 -3.1058332557879775 -0.21522700465793898 -14.66750048377596 14.994268682328611 0.9941545177401991 261.2936170335802 1.5982725456520152e-07 -3.2189514788271034 -0.20402228388657773 0.0 14.667940950239712
2601.0 -3115.81915224033 -5367.125834451431 -1476.9939694291404 -120.13678281847973 -13.473957988903978 2.347052280540811 -3.1792596594437588 -0.1930841175563427 -14.65620980619341 14.998315216776144 0.9956912263371349 261.390219225354 1.5957857761080353e-07 -3.292200748483057 -0.18190942068222 0.0 14.656649223018318
2602.0 -3115.814756634972 -5367.111857418713 -1476.9907544857952 -120.13681250921108 -13.473959834322322 2.3324020038293676 -3.2526287925136934 -0.17095784258031266 -14.644931946161488 15.002761490923266 0.99722975931096 261.4865072935363 1.5933041610487211e-07 -3.365393080009256 -0.15981311057098468 0.0 14.645370316154086
2603.0 -3115.8104325256677 -5367.097857478327 -1476.9875206347474 -120.13684287711689 -13.473961479745297 2.31776296506566 -3.3259407155268335 -0.14884816701656822 -14.633666751723291 15.007606072272655 0.9987701360972839 261.58247883590514 1.5908276857659875e-07 -3.438528531131587 -0.13773334137039636 0.0 14.634104077669514
2604.0 -3115.8061798546923 -5367.083834645029 -1476.984267889275 -120.13687392167232 -13.47396292532208 2.3031351516840513 -3.399195488237374 -0.12675507836902034 -14.62241407303625 15.012847502738254 1.0003123760164998 261.6781314619712 1.588356335617545e-07 -3.5116071588388964 -0.11567010110768167 0.0 14.622850357701704
2605.0 -3115.8019985644473 -5367.069788933678 -1476.9809962626778 -120.13690564235303 -13.47396417120169 2.288518551268149 -3.4723931696307444 -0.10467856435702849 -14.611173762353197 15.018484299023406 1.0018564982741935 261.7734627929484 1.585890096026391e-07 -3.584629019389941 -0.09362337801770608 0.0 14.611609008483446
2606.0 -3115.7978885974553 -5367.055720359219 -1476.9777057682768 -120.13693803863521 -13.473965217533129 2.27391315154708 -3.545533817934627 -0.08261861291210248 -14.599945674000212 15.024514953005143 1.0034025219617932 261.8684704617399 1.583428952479911e-07 -3.6575941683320976 -0.07159316053746025 0.0 14.60037988432112
2607.0 -3115.793849896362 -5367.041628936693 -1476.9743964194154 -120.1369711099956 -13.47396606446516 2.259318940395955 -3.6186174906338957 -0.06057521217349793 -14.588729664354329 15.030937932127301 1.004950466056774 261.96315211289664 1.5809728905296847e-07 -3.730502660498764 -0.049579437306636664 0.0 14.589162841572252
2608.0 -3115.789882403932 -5367.027514681234 -1476.9710682294585 -120.1370048559114 -13.473966712146616 2.2447359058335423 -3.6916442444746447 -0.03854835048704963 -14.5775255918249 15.037751679802334 1.0065003494231577 262.0575054025959 1.578521895790833e-07 -3.8033545500213157 -0.02758219716438337 0.0 14.577957738626969
2609.0 -3115.785986063047 -5367.013377608064 -1476.9677212117922 -120.13703927586043 -13.473967160726051 2.2301640360166783 -3.7646141354767026 -0.01653801640145236 -14.56633331683174 15.044954615819213 1.0080521908123563 262.1515279986398 1.5760759539408153e-07 -3.87614989035657 -0.005601429140609598 0.0 14.56676443588623
2610.0 -3115.7821608167064 -5366.999217732491 -1476.9643553798228 -120.13707436932091 -13.473967410352005 2.2156033192414326 -3.8375272189426037 0.0054558013343748435 -14.555152701784863 15.052545136759058 1.009606008863296 262.2452175804102 1.5736350507193696e-07 -3.948888734281308 0.016362877541962917 0.0 14.555582795741476
2611.0 -3115.778406608025 -5366.985035069913 -1476.960970746977 -120.13711013577162 -13.473967461172908 2.201053743941011 -3.910383549476511 0.02743311377693658 -14.543983611062188 15.06052161641799 1.0111618221028895 262.33857183884714 1.5711991719279064e-07 -4.02157113390255 0.03831073347107056 0.0 14.544412682552231
2612.0 -3115.7747233802274 -5366.970829635811 -1476.9575673267032 -120.1371465746918 -13.473967313337122 2.186515298682265 -3.9831831809862828 0.04939393178873486 -14.532825910992642 15.06888240623732 1.012719648946649 262.43158847643383 1.5687683034286734e-07 -4.094197140675045 0.060242149050081406 0.0 14.533253962629383
2613.0 -3115.771111076655 -5366.956601445754 -1476.9541451324683 -120.1371836855612 -13.47396696699282 2.171987972167088 -4.055926166696315 0.07133826604207671 -14.521679469834332 15.07762583573759 1.0142795076987816 262.5242652071527 1.5663424311447434e-07 -4.166766805394132 0.08215713449595335 0.0 14.522106504213138
2614.0 -3115.767569640754 -5366.942350515392 -1476.9507041777601 -120.13722146786002 -13.47396642228819 2.157471753225662 -4.128612559152321 0.09326612702044645 -14.510544157756492 15.086750212959739 1.015841416553152 262.6165997564928 1.563921541058639e-07 -4.239280178229675 0.1040556998492474 0.0 14.510970177455231
2615.0 -3115.7640990160835 -5366.928076860453 -1476.947244476085 -120.13725992106895 -13.473965679371224 2.142966630815994 -4.201242410240832 0.1151775250243583 -14.499419846817828 15.096253824912049 1.0174053935935723 262.70858986141764 1.5615056192120188e-07 -4.311737308728141 0.12593785497493953 0.0 14.499844854397136
2616.0 -3115.7606991463076 -5366.913780496753 -1476.9437660409694 -120.13729904466918 -13.473964738389903 2.1284725940290374 -4.273815771195039 0.13707247017303992 -14.488306410948919 15.106134938022311 1.018971456793487 262.8002332702975 1.559094651706292e-07 -4.384138245787125 0.14780360955458588 0.0 14.488730408952197
2617.0 -3115.7573699751956 -5366.899461440181 -1476.9402688859582 -120.13733883814228 -13.473963599492079 2.1139896320728586 -4.34633269259554 0.15895097240461897 -14.477203725934295 15.116391798592646 1.0205396240179139 262.8915277429758 1.5566886246997482e-07 -4.456483037734419 0.16965297311017302 0.0 14.477626716888345
2618.0 -3115.7541114466226 -5366.885119706708 -1476.936753024616 -120.1373793009704 -13.47396226282554 2.0995177342861426 -4.418793224399421 0.18081304148481347 -14.46611166938962 15.127022633261966 1.0221099130222204 262.982471050649 1.554287524409574e-07 -4.528771732260433 0.19148595498378423 0.0 14.466533655804504
2619.0 -3115.750923504564 -5366.870755312379 -1476.9332184705245 -120.13742043263598 -13.473960728537918 2.0850568901239894 -4.491197415924669 0.20265868700221512 -14.455030120748983 15.138025649469162 1.02368234145389 263.0730609759226 1.5518913371092633e-07 -4.601004376489199 0.21330256435893696 0.0 14.455451105118582
2620.0 -3115.7478060930985 -5366.856368273314 -1476.929665237285 -120.13746223262203 -13.473958996776858 2.070607089162804 -4.5635453158809485 0.22448791837747484 -14.443958961241485 15.149399035922997 1.0252569268522247 263.16329531274596 1.549500049129209e-07 -4.673181016953947 0.2351028102531897 0.0 14.444378946043594
2621.0 -3115.7447591564046 -5366.841958605711 -1476.9260933385158 -120.13750470041197 -13.473957067689888 2.056168321097037 -4.6358369723721555 0.24630074486406128 -14.432898073874128 15.161140963073088 1.0268336866489276 263.25317186640007 1.5471136468559377e-07 -4.7453016996133055 0.2568867015230546 0.0 14.433317061570701
2622.0 -3115.741782638758 -5366.827526325836 -1476.9225027878535 -120.13754783548963 -13.473954941424378 2.04174057573732 -4.708072432900332 0.2680971755493573 -14.421847343416125 15.173249583585328 1.0284126381685317 263.3426884534758 1.544732116731585e-07 -4.81736646986055 0.2786542468667996 0.0 14.422265336453517
2623.0 -3115.7388764845314 -5366.81307145003 -1476.918893598952 -120.13759163733927 -13.473952618127718 2.0273238430079075 -4.780251744379312 0.2898772193587602 -14.410806656378574 15.185723032818347 1.0299937986289052 263.4318429018567 1.542355445253255e-07 -4.889375372536531 0.30040545482820347 0.0 14.4112236571878
2624.0 -3115.736040638194 -5366.798593994705 -1476.9152657854827 -120.13763610544557 -13.473950097947199 2.012918112946907 -4.852374953147031 0.3116408850593051 -14.39977590099727 15.198559429304835 1.03157718514145 263.5206330506852 1.5399836189728475e-07 -4.961328451928378 0.32214033379624446 0.0 14.400191911994167
2625.0 -3115.7332750443097 -5366.78409397634 -1476.9116193611342 -120.13768123929366 -13.473947381029964 1.9985233757023235 -4.924442104969933 0.3333881812609669 -14.388754967220104 15.21175687523655 1.0331628147086926 263.60905675052715 1.5376166244947768e-07 -5.033225751789172 0.3438588920110841 0.0 14.38916999080559
2626.0 -3115.730579647533 -5366.769571411484 -1476.9079543396106 -120.13772703836905 -13.473944467523157 1.9841396215301939 -4.996453244986278 0.3551191164121916 -14.377743754822008 15.225313464605533 1.0347507004385992 263.6971120758064 1.5352544467219377e-07 -5.105067315347429 0.36556113756675096 0.0 14.378157793382625
2627.0 -3115.7279543925974 -5366.755026316725 -1476.9042707346273 -120.13777350215766 -13.473941357573839 1.9697668407652527 -5.068408417433773 0.3768336987855445 -14.366742216545138 15.239227324215431 1.0363408441941158 263.78479773761626 1.5328970654447697e-07 -5.176853185453563 0.387247078455389 0.0 14.367155272455548
2628.0 -3115.7253992242836 -5366.7404587086485 -1476.900568559895 -120.13782063014584 -13.473938051328942 1.9554050237627234 -5.140307665856392 0.3985319365243023 -14.35575034715229 15.25349660352848 1.0379332457666983 263.87211256964423 1.5305444595771092e-07 -5.248583404870621 0.4089167226550181 0.0 14.356162422778768
2629.0 -3115.7229140874097 -5366.725868603818 -1476.896847829117 -120.13786842182024 -13.473934548935377 1.941054160877131 -5.212151033501124 0.42021383771574294 -14.344768153891618 15.268119447212147 1.0395279049327555 263.9590554130135 1.5281966081038045e-07 -5.3202580163803495 0.4305700781613317 0.0 14.345179251594123
2630.0 -3115.7204989268253 -5366.711256018759 -1476.8931085559852 -120.137916876668 -13.473930850539995 1.9267142424501944 -5.283938563518283 0.4418794104369219 -14.333795647557729 15.283093987224857 1.0411248214550848 264.0456251163281 1.5258534900785312e-07 -5.391877062843483 0.45220715300602665 0.0 14.334205769691184
2631.0 -3115.718153687414 -5366.696620969971 -1476.8893507541814 -120.13796599417658 -13.473926956289537 1.9123852588152512 -5.355670299043653 0.46352866277485427 -14.322832839916114 15.298418340908698 1.0427239950824778 264.1318205356164 1.5235150846243126e-07 -5.46344058717766 0.4738279552500718 0.0 14.323241988830933
2632.0 -3115.7158783140903 -5366.681963473918 -1476.8855744373761 -120.13801577383391 -13.473922866330666 1.8980672002923675 -5.427346283253355 0.4851616028416461 -14.311879742957483 15.314090610809792 1.0443254255503633 264.2176405343323 1.5211813709325272e-07 -5.534948632381766 0.4954324929910914 0.0 14.312287920999884
2633.0 -3115.713672751799 -5366.667283547033 -1476.8817796192297 -120.13806621512823 -13.473918580810013 1.8837600571883377 -5.498966559374498 0.5067782387771729 -14.300936368686243 15.330108884989368 1.0459291125809071 264.30308398332517 1.5188523282627072e-07 -5.606401241536056 0.5170207743632652 0.0 14.301343578198493
2634.0 -3115.711536945518 -5366.652581205715 -1476.877966313391 -120.13811731754822 -13.47391409987413 1.8694638197985478 -5.570531170698084 0.528378578752768 -14.290002729057337 15.34647123747573 1.0475350558829029 264.38814976080005 1.5165279359426506e-07 -5.6777984577926786 0.5385928075345721 0.0 14.290408972377817
2635.0 -3115.7094708402583 -5366.637856466333 -1476.8741345334981 -120.13816908058291 -13.473909423669513 1.8551784784095362 -5.64204016058848 0.5499626309740209 -14.279078835956534 15.363175728755529 1.0491432551515822 264.47283675227345 1.5142081733686367e-07 -5.749140324362926 0.5601486007028607 0.0 14.279484115419633
2636.0 -3115.70747438106 -5366.623109345217 -1476.8702842931784 -120.13822150372177 -13.473904552342484 1.8409040232901461 -5.71349357248106 0.5715304036799833 -14.268164701195818 15.380220406273875 1.0507537100697082 264.55714385059656 1.5118930200037934e-07 -5.820426884561246 0.5816881621092412 0.0 14.268569019132197
2637.0 -3115.705547512998 -5366.608339858673 -1476.8664156060481 -120.13827458645464 -13.473899486039446 1.8266404447038658 -5.784891449888665 0.5930819051451324 -14.257260336510798 15.397603304938388 1.0523664203062832 264.6410699558536 1.5095824553799055e-07 -5.891658181743824 0.6032115000193519 0.0 14.257663695247107
2638.0 -3115.703690181178 -5366.593548022971 -1476.8625284857123 -120.13832832827173 -13.473894224906616 1.8123877328983509 -5.85623383639293 0.6146171436766985 -14.24636575356059 15.41532244761811 1.053981385517829 264.72461397539473 1.5072764590955174e-07 -5.962834259360688 0.6247186227392008 0.0 14.246768155419677
2639.0 -3115.701902330738 -5366.578733854346 -1476.8586229457653 -120.13838272866367 -13.473888769090175 1.7981458781098483 -5.92752077565098 0.6361361276167004 -14.235480963926143 15.433375845644944 1.0555986053479842 264.80777482378085 1.504975010816456e-07 -6.033955160933624 0.6462095386084791 0.0 14.23588241122703
2640.0 -3115.70018390685 -5366.563897369002 -1476.8546989997906 -120.13843778712149 -13.473883118736273 1.7839148705643602 -5.998752311395305 0.6576388653418626 -14.224605979109242 15.451761499310978 1.0572180794274701 264.89055142274844 1.5026780902758228e-07 -6.105020930050415 0.6676842559987368 0.0 14.225006474167058
2641.0 -3115.6985348547164 -5366.5490385831135 -1476.8507566613605 -120.13849350313666 -13.473877273990853 1.769694700476015 -6.069928487432251 0.6791253652631677 -14.21374081053225 15.470477398363485 1.0588398073743723 264.97294270119005 1.5003856772735357e-07 -6.176031610372689 0.6891427833159218 0.0 14.21414035565824
2642.0 -3115.6969551195725 -5366.53415751282 -1476.8467959440363 -120.1385498762009 -13.473871234999955 1.755485358046135 -6.141049347640423 0.7005956358253504 -14.202885469538037 15.4895215224973 1.0604637887943438 265.0549475951312 1.4980977516759835e-07 -6.246987245641011 0.7105851290015666 0.0 14.203284067039618
2643.0 -3115.6954446466893 -5366.519254174229 -1476.842816861368 -120.1386069058065 -13.473865001909449 1.7412868334681262 -6.2121149359710435 0.7220496855069993 -14.192039967388864 15.50889184184409 1.0620900232801431 265.13656504767374 1.4958142934166203e-07 -6.317887879649924 0.7320113015256184 0.0 14.192437619569484
2644.0 -3115.694003381367 -5366.504328583415 -1476.8388194268948 -120.13866459144604 -13.473858574865124 1.7270991169223562 -6.283125296446856 0.7434875228202031 -14.181204315266292 15.528586317458748 1.0637185104123132 265.21779400899646 1.4935352824949417e-07 -6.388733556273789 0.7534213093939987 0.0 14.18160102442551
2645.0 -3115.6926312689407 -5366.489380756423 -1476.834803654145 -120.13872293261257 -13.473851954012728 1.7129221985742915 -6.354080473161483 0.7649091563103618 -14.170378524269701 15.548602901801289 1.0653492497594972 265.2986334363376 1.4912606989759988e-07 -6.459524319475999 0.7748151611514316 0.0 14.170774292703326
2646.0 -3115.691328254778 -5366.474410709265 -1476.8307695566355 -120.13878192879942 -13.473845139497914 1.698756068584975 -6.424980510286591 0.7863145945583132 -14.159562605415273 15.568939539218864 1.0669822408773262 265.3790822939061 1.4889905229918804e-07 -6.5302602132566205 0.7961928653655999 0.0 14.159957435415057
2647.0 -3115.69009428428 -5366.459418457918 -1476.8267171478728 -120.13884157950045 -13.473838131466273 1.684600717098685 -6.495825452055228 0.8077038461752997 -14.148756569638936 15.589594166417413 1.0686174833099358 265.4591395529241 1.486724734739544e-07 -6.6009412817139435 0.8175544306457824 0.0 14.14915046349286
2648.0 -3115.6889293028803 -5366.4444040183325 -1476.8226464413513 -120.13890188420989 -13.47383093006332 1.6704561342564412 -6.566615342777589 0.829076919807715 -14.137960427791201 15.610564712935592 1.0702549765885014 265.5388041915218 1.4844633144827807e-07 -6.671567568977042 0.8388998656224284 0.0 14.138353387783127
2649.0 -3115.6878332560473 -5366.429367406421 -1476.8185574505546 -120.1389628424223 -13.473823535434482 1.6563223101773765 -6.63735022682822 0.8504338241332312 -14.127174190639998 15.631849101609554 1.0718947202334888 265.6180751948144 1.4822062425490459e-07 -6.742139119298805 0.8602291789752062 0.0 14.127566219050138
2650.0 -3115.6868060892825 -5366.41430863807 -1476.8144501889558 -120.13902445363273 -13.473815947725106 1.6421992349817884 -6.708030148657154 0.8717745678641409 -14.11639786886816 15.653445249038743 1.0735367137520777 265.69695155474443 1.4799534993329485e-07 -6.812655976940683 0.8815423793982781 0.0 14.116788967972559
2651.0 -3115.68584774812 -5366.399227729127 -1476.810324670016 -120.13908671733661 -13.4738081670805 1.628086898766458 -6.778655152779304 0.893099159744156 -14.105631473074093 15.675351066040452 1.0751809566411203 265.77543227019163 1.4777050652921185e-07 -6.883118186296042 0.9028394756374448 0.0 14.106021645145153
2652.0 -3115.684958178129 -5366.384124695413 -1476.8061809071858 -120.13914963302969 -13.473800193645816 1.613985291629564 -6.8492252837844765 0.9144076085513912 -14.094875013770224 15.697564458106658 1.0768274483843394 265.8535163468058 1.4754609209509883e-07 -6.953525791765591 0.9241204764525605 0.0 14.095264261076206
2653.0 -3115.6841373249117 -5366.3689995527175 -1476.8020189139038 -120.13921320020829 -13.473792027566208 1.599894403652521 -6.919740586324291 0.9356999230944281 -14.084128501384297 15.720083325848119 1.0784761884545349 265.9312027970805 1.473221046897704e-07 -7.02387883784809 0.9453853906449551 0.0 14.084516826189587
2654.0 -3115.6833851341044 -5366.3538523167945 -1476.7978387035985 -120.13927741836896 -13.473783668986746 1.5858142249055673 -6.990201105124259 0.9569761122159091 -14.07339194625642 15.742905565440813 1.0801271763130271 266.0084906402934 1.470985423784827e-07 -7.094177369112535 0.9666342270488661 0.0 14.073779350821514
2655.0 -3115.682701551377 -5366.3386830033705 -1476.7936402896864 -120.13934228700877 -13.473775118052382 1.571744745456148 -7.060606884970836 0.9782361847886856 -14.062665358642144 15.766029069061153 1.0817804114087668 266.0853789024326 1.468754032330468e-07 -7.164421430156021 0.9878669945189088 0.0 14.06305184522342
2656.0 -3115.6820865224345 -5366.323491628136 -1476.7894236855739 -120.13940780562514 -13.473766374908001 1.5576859553498217 -7.130957970716985 0.9994801497174 -14.051948748709119 15.789451725318361 1.0834358931806678 266.16186661627347 1.4665268533150707e-07 -7.2346110656992595 1.0090837019587482 0.0 14.052334319559256
2657.0 -3115.6815399930156 -5366.308278206757 -1476.7851889046547 -120.13947397371591 -13.473757439698403 1.5436378446314485 -7.20125440729038 1.0207080159410102 -14.041242126536115 15.813171419684851 1.0850936210552113 266.2379528212351 1.4643038675845778e-07 -7.304746320480618 1.0302843582891783 0.0 14.041626783903673
2658.0 -3115.681061908894 -5366.293042754858 -1476.7809359603123 -120.13954079077939 -13.47374831256836 1.5296004033319186 -7.271496239674774 1.0419197924271235 -14.030545502116667 15.837186034912325 1.0867535944480982 266.3136365634254 1.462085056048137e-07 -7.374827239322439 1.0514689724681057 0.0 14.030929248246315
2659.0 -3115.6806496568 -5366.277786422932 -1476.7766660916752 -120.13960823061784 -13.473739005073258 1.515573611951666 -7.332600679223371 1.0589942696636512 -14.019904615492583 15.85705606383599 1.0884158138932676 266.3889169465683 1.459870398176211e-07 -7.408056079450768 1.0559400814290436 0.0 14.020107997907845
2660.0 -3115.680288824264 -5366.262515608925 -1476.77238619614 -120.13967614848579 -13.473729581412318 1.5015574210430496 -7.376250255526883 1.0681573136149098 -14.00928159850935 15.868522262174324 1.0900802834821222 266.4637932396157 1.4576598687903693e-07 -7.4334379875675065 1.0568581128349266 0.0 14.009402878601463
2661.0 -3115.679967260627 -5366.24723577169 -1476.768102116089 -120.13974442205158 -13.473720095832785 1.4875518499002793 -7.4107549740612875 1.073179246531435 -13.998641603797505 15.875546281382896 1.0917469991443047 266.53826434944864 1.455453453627891e-07 -7.4588007967378935 1.057774844378044 0.0 13.998732530063311
2662.0 -3115.6796789419395 -5366.2319496279015 -1476.7638167484733 -120.13981299061923 -13.473710575214103 1.4735569169304799 -7.440686190132073 1.0761339976496753 -13.987995106994088 15.88036153474505 1.0934159568739723 266.61232919703855 1.45325113833066e-07 -7.484144547007702 1.0586902410068595 0.0 13.988073492326194
2663.0 -3115.679420851792 -5366.216658533608 -1476.759531538107 -120.13988182381641 -13.473701032972695 1.4595726264289115 -7.46832652363193 1.0780570435783066 -13.977350620255597 15.884093880808956 1.0950871543130034 266.6859867868309 1.451052906368302e-07 -7.509469268115906 1.0596042840177067 0.0 13.977423353083308
2664.0 -3115.679191474861 -5366.201363165066 -1476.7552472048117 -120.13995090640891 -13.473691475804639 1.44559897502698 -7.494815172586885 1.0794651069816958 -13.96671252295401 15.8873080818391 1.0967605899957384 266.7592361712496 1.448858740062242e-07 -7.534774985837675 1.0605169628349502 0.0 13.966782539929588
2665.0 -3115.6789900448853 -5366.1860638595035 -1476.7509641067572 -120.14002023071569 -13.473681907053365 1.4316359557162506 -7.520720389343008 1.0806159058744402 -13.956082840473943 15.890286786615267 1.0984362628752375 266.8320764287731 1.44666862122298e-07 -7.560061723664277 1.0614282708929326 0.0 13.956151480837889
2666.0 -3115.6788161692302 -5366.170760785195 -1476.746682421817 -120.14008979282244 -13.47367232839049 1.4176835598328617 -7.546325484558558 1.0816379101078284 -13.94546249112954 15.893171268786519 1.1001141720890333 266.90450665317593 1.444482531463787e-07 -7.5853295036704536 1.0623382036011315 0.0 13.945530390905866
2667.0 -3115.678669641524 -5366.155454026245 -1476.742402238025 -120.14015959069246 -13.473662740654508 1.403741777938558 -7.57177163783853 1.0825951262654328 -13.934851897476983 15.896032062990045 1.1017943168549988 266.97652594875404 1.442300452339746e-07 -7.610578347137654 1.0632467573454156 0.0 13.934919365560907
2668.0 -3115.6785503481988 -5366.140143624836 -1476.738123598671 -120.14022962322447 -13.473653144268852 1.3898106002367567 -7.597129170054676 1.083519426428032 -13.924251260150166 15.898904337398099 1.1034766964221023 267.0481334280679 1.4401223654132286e-07 -7.635808274903302 1.064153928996217 0.0 13.924318448363506
2669.0 -3115.6784582219075 -5366.1248296022795 -1476.7338465247703 -120.14029988978307 -13.47364353945043 1.3758900167448447 -7.622433094416051 1.0844266722774445 -13.913660678624899 15.901805588244011 1.1051613100500621 267.11932821099185 1.4379482522808996e-07 -7.661019307596753 1.065059715667997 0.0 13.913727662088567
2670.0 -3115.67839321831 -5366.109511969493 -1476.7295710262574 -120.14037038996464 -13.47363392631334 1.3619800174064003 -7.6477008402138695 1.0853247528240821 -13.903080205213232 15.904744485627319 1.1068481569960356 267.1901094240951 1.4357780945911728e-07 -7.686211465707998 1.0659641145988885 0.0 13.903147021274732
2671.0 -3115.678355304516 -5366.094190732211 -1476.7252971075548 -120.14044112348117 -13.473624304920593 1.3480805920995773 -7.6729410842180625 1.0862175890345926 -13.892509869772573 15.907725293527605 1.1085372365137707 267.26047620056397 1.4336118740453862e-07 -7.711384769707476 1.0668671230944402 0.0 13.892576537101188
2672.0 -3115.6783444533353 -5366.078865893586 -1476.7210247703465 -120.140512090102 -13.473614675309753 1.3341917306866962 -7.698158148871701 1.0871071280013758 -13.881949691284403 15.910750077357832 1.110228547847719 267.3304276799185 1.4314495724053722e-07 -7.736539240023155 1.067768738496952 0.0 13.882016219296741
2673.0 -3115.6783606404165 -5366.063537455481 -1476.7167540149555 -120.14058328962517 -13.473605037505838 1.320313423007261 -7.723354191508299 1.0879943354477555 -13.871399683382181 15.913819805992228 1.1119220902339846 267.3999630080196 1.4292911714921922e-07 -7.7616748970865075 1.0686689581723727 0.0 13.871466076908314
2674.0 -3115.6784038428223 -5366.048205419103 -1476.712484841031 -120.14065472186311 -13.473595391527603 1.3064456588870381 -7.74853029347411 1.0888796894408848 -13.860859857027787 15.916934901642566 1.1136178628993212 267.4690813369955 1.4271366531873711e-07 -7.786791761332335 1.069567779503117 0.0 13.860926118623981
2675.0 -3115.6784740383273 -5366.032869785329 -1476.7082172478858 -120.14072638663538 -13.473585737390708 1.292588428142015 -7.773687001667805 1.0897634258549291 -13.850330221821018 15.920095514089063 1.1153158650607393 267.5377818251943 1.4249859994333243e-07 -7.8118898531999195 1.0704651998844459 0.0 13.850396352916382
2676.0 -3115.678571205063 -5366.017530554862 -1476.7039512346682 -120.14079828376518 -13.473576075109282 1.2787417205811944 -7.798824597672539 1.0906456603457437 -13.839810786638804 15.923301657371722 1.117016095925249 267.6060636371438 1.4228391922336053e-07 -7.836969193131897 1.0713612167227071 0.0 13.839876788103728
2677.0 -3115.6786953213464 -5366.002187728308 -1476.6996868004444 -120.1408704130777 -13.473566404696804 1.2649055259998423 -7.823943231428858 1.0915264489297525 -13.829301559955768 15.926553277891914 1.1187185546907816 267.6739259435579 1.4206962136516734e-07 -7.862029801588607 1.0722558274349363 0.0 13.829367432383679
2678.0 -3115.6788463655935 -5365.98684130622 -1476.6954239442398 -120.14094277439918 -13.473556726166244 1.2510798341883347 -7.849042987599951 1.0924058180548517 -13.81880254999884 15.929850288322438 1.120423240545186 267.74136792126643 1.4185570458120765e-07 -7.887071699032822 1.0731490294479251 0.0 13.81886829384574
2679.0 -3115.679024316275 -5365.971491289115 -1476.6911626650608 -120.14101536755635 -13.473547039530528 1.2372646349293646 -7.87412391849538 1.0932837795192278 -13.808313764826995 15.933192584485118 1.1221301526666585 267.8083887532023 1.416421670899832e-07 -7.912094905935646 1.0740408201981029 0.0 13.808379380480583
2680.0 -3115.6792291518964 -5365.9561376774745 -1476.6869029619043 -120.14108819237647 -13.473537344802441 1.2234599179951475 -7.899186060404867 1.094160337869286 -13.797835212366024 15.93658005374643 1.1238392902241756 267.8749876283891 1.4142900711598072e-07 -7.93709944278152 1.0749311971316902 0.0 13.797900700179884
2681.0 -3115.679460850987 -5365.940780471769 -1476.6826448337624 -120.14116124868703 -13.47352764199481 1.2096656731513795 -7.924229441690245 1.095035494065932 -13.78736690042854 15.940012579193505 1.1255506523770875 267.9411637418948 1.4121622288971456e-07 -7.962085330061429 1.075820157704299 0.0 13.787432260739067
2682.0 -3115.6797193920956 -5365.925419672441 -1476.6783882796267 -120.14123453631576 -13.47351793112043 1.1958818901563064 -7.949254086793732 1.0959092473005945 -13.776908836724886 15.94349004171151 1.1272642382753206 268.0069162948109 1.4100381264769363e-07 -7.987052588274489 1.0767076993809963 0.0 13.77697406985964
2683.0 -3115.680004753786 -5365.91005527992 -1476.6741332984868 -120.14130805509066 -13.473508212192076 1.1821085587590934 -7.9742600182227275 1.096781595894318 -13.766461028866845 15.947012321015734 1.1289800470596645 268.0722444942333 1.407917746323778e-07 -8.012001237930981 1.077593819636366 0.0 13.766526135148705
2684.0 -3115.680316914638 -5365.894687294613 -1476.6698798893335 -120.1413818048398 -13.4734984852226 1.1683456687040161 -7.9992472575350995 1.0976525377427007 -13.756023484367613 15.950579296165676 1.1306980778613334 268.1371475532167 1.4058010709222367e-07 -8.036931299544909 1.0784785159541637 0.0 13.75608846411679
2685.0 -3115.680655853245 -5365.879315716908 -1476.6656280511572 -120.14145578539159 -13.473488750224828 1.1545932097230107 -8.024215825821656 1.098522070535786 -13.745596210646152 15.954190845823263 1.1324183298029802 268.20162469078343 1.4036880828155158e-07 -8.061842793647314 1.079361785827846 0.0 13.745661064181222
2686.0 -3115.681021548217 -5365.863940547181 -1476.6613777829498 -120.14152999657455 -13.47347900721163 1.1408511715466156 -8.049165743948043 1.0993901918668496 -13.735179215025616 15.95784684838125 1.134140801997415 268.265675131846 1.4015787646069535e-07 -8.08673574076662 1.0802436267597824 0.0 13.735243942663995
2687.0 -3115.6814139781754 -5365.848561785789 -1476.6571290837032 -120.14160443821743 -13.473469256195914 1.1271195438946597 -8.074097032674063 1.1002568992861241 -13.724772504732378 15.961547182028461 1.1358654935488497 268.32929810722527 1.3994730989584053e-07 -8.11161016144548 1.0811240362618457 0.0 13.724837106790583
2688.0 -3115.6818331217573 -5365.83317943307 -1476.6528819524103 -120.14167911014913 -13.473459497190563 1.113398316480685 -8.099009712708595 1.1011221903271706 -13.714376086900259 15.965291724786013 1.13759240355243 268.39249285360336 1.3973710685907404e-07 -8.136466076232738 1.082003011855113 0.0 13.714440563694007
2689.0 -3115.682278957614 -5365.817793489345 -1476.6486363880647 -120.14175401219875 -13.473449730208522 1.0996874790079891 -8.123903804739149 1.101986062519984 -13.703989968568022 15.96908035452438 1.139321531094816 268.45525861351643 1.3952726562830512e-07 -8.161303505690697 1.0828805510700732 0.0 13.704054320412336
2690.0 -3115.6827514644096 -5365.802403954918 -1476.6443923896604 -120.1418291441956 -13.473439955262757 1.085987021179637 -8.148779329451775 1.1028485133975887 -13.693614156676428 15.972912948974988 1.1410528752530023 268.51759463528276 1.3931778448740008e-07 -8.186122470376887 1.083756651445991 0.0 13.693678383885612
2691.0 -3115.683250620824 -5365.787010830082 -1476.6401499561935 -120.14190450596918 -13.473430172366234 1.0722969326865859 -8.173636307530762 1.1037095404989796 -13.683248658073175 15.976789385738142 1.1427864350958974 268.57950017303205 1.3910866172598235e-07 -8.210922990865658 1.0846313105316265 0.0 13.683312760960854
2692.0 -3115.683776405551 -5365.771614115103 -1476.635909086659 -120.14198009734918 -13.473420381531918 1.058617203212576 -8.198474759663483 1.1045691413706864 -13.672893479511128 15.98070954228771 1.144522209683791 268.6409744866566 1.3889989563948896e-07 -8.235705087739301 1.0855045258849023 0.0 13.672957458390274
2693.0 -3115.6843287972974 -5365.756213810237 -1476.6316697800544 -120.1420559181654 -13.473410582772912 1.044947822439717 -8.223294706546577 1.1054273135676875 -13.66254862764574 15.984673295975835 1.1462601980677247 268.70201684176124 1.3869148452923737e-07 -8.260468781578089 1.0863762950724833 0.0 13.66261248282863
2694.0 -3115.6849077747875 -5365.740809915723 -1476.6274320353768 -120.14213196824795 -13.473400776102205 1.031288780038245 -8.248096168881057 1.1062840546535724 -13.652214109038429 15.988680524036967 1.1480003992908738 268.76262650968386 1.384834267022511e-07 -8.28521409297855 1.0872466156704952 0.0 13.652277840836682
2695.0 -3115.685513316756 -5365.725402431779 -1476.6231958516253 -120.14220824742704 -13.47339096153287 1.017640065672109 -8.272879167373226 1.107139362200697 -13.6418899301562 15.992731103591694 1.1497428123879208 268.82280276744456 1.3827572047132672e-07 -8.309941042543636 1.088115485264053 0.0 13.641953538880784
2696.0 -3115.6861454019554 -5365.709991358612 -1476.6189612277988 -120.14228475553314 -13.47338113907802 1.0040016690036282 -8.297643722740032 1.1079932337904634 -13.63157609736846 15.996824911650426 1.1514874363845387 268.8825448977001 1.3806836415508624e-07 -8.334649650874148 1.0889829014470025 0.0 13.631639583329662
2697.0 -3115.6868040091504 -5365.69457669641 -1476.614728162898 -120.14236149239684 -13.47337130875071 0.9903735796855763 -8.322389855701553 1.1088456670130502 -13.621272616950634 16.000961825116228 1.1532342702984835 268.94185218875407 1.3786135607783874e-07 -8.359339938583112 1.0898488618223745 0.0 13.62133598045807
2698.0 -3115.687489117122 -5365.679158445344 -1476.6104966559237 -120.14243845784894 -13.473361470564146 0.9767557873616461 -8.347117586987292 1.1096966594676374 -13.610979495081674 16.005141720789602 1.1549833131396148 269.0007239345285 1.3765469456956928e-07 -8.384011926295102 1.0907133640022988 0.0 13.611042736444313
2699.0 -3115.6882007046656 -5365.663736605571 -1476.6062667058782 -120.14251565172047 -13.473351624531437 0.9631482816766948 -8.371826937331276 1.1105462087622184 -13.600696737846391 16.009364475371505 1.1567345639086626 269.0591594344948 1.3744837796607614e-07 -8.40866563462739 1.0915764056074184 0.0 13.600759857372518
2700.0 -3115.6889387505903 -5365.648311177228 -1476.602038311764 -120.14259307384259 -13.473341770665787 0.9495510522606783 -8.39651792747425 1.1113943125136574 -13.590424351233224 16.013629965466205 1.1584880215993707 269.11715799371865 1.372424046087094e-07 -8.43330108421938 1.092437984267783 0.0 13.59048734923048
2701.0 -3115.689703233722 -5365.632882160439 -1476.597811472586 -120.14267072404671 -13.473331908980372 0.9359640887463465 -8.421190578165376 1.1122409683477312 -13.580162341134233 16.017938067585753 1.1602436851962956 269.1747189227582 1.3703677284462066e-07 -8.457918295700306 1.0932980976217894 0.0 13.580225217909572
2702.0 -3115.6904941328985 -5365.617449555313 -1476.5935861873488 -120.14274860216437 -13.473322039488401 0.9223873807552736 -8.445844910155188 1.11308617389885 -13.569910713349191 16.02228865815331 1.162001553676689 269.23184153769915 1.368314810265336e-07 -8.482517289714732 1.0941567433169859 0.0 13.569973469208916
2703.0 -3115.6913114269746 -5365.6020133619395 -1476.5893624550574 -120.14282670802733 -13.473312162203172 0.9088209179032128 -8.470480944203919 1.1139299268103402 -13.559669473579042 16.026681613505545 1.1637616260098842 269.2885251601075 1.3662652751280717e-07 -8.507098086912862 1.0950139190097097 0.0 13.559732108828795
2704.0 -3115.692155094819 -5365.5865735803945 -1476.5851402747198 -120.14290504146759 -13.473302277137845 0.8952646898026578 -8.495098701076579 1.1147722247342227 -13.549438627431154 16.031116809898034 1.1655239011570437 269.3447691169936 1.3642191066745626e-07 -8.53166070794564 1.0958696223649795 0.0 13.54950114237591
2705.0 -3115.693025115317 -5365.571130210736 -1476.5809196453433 -120.14298360231723 -13.473292384305825 0.8817186860584189 -8.519698201543019 1.1156130653312188 -13.539218180416897 16.03559412350676 1.1672883780718077 269.4005727408057 1.362176288600667e-07 -8.556205173473291 1.0967238510566073 0.0 13.539280575360968
2706.0 -3115.6939214673666 -5365.555683253008 -1476.5767005659366 -120.14306239040856 -13.473282483720348 0.868182896271348 -8.54427946638046 1.1164524462707903 -13.529008137952175 16.040113430433433 1.1690550556998913 269.4559353693907 1.3601368046583397e-07 -8.580731504158072 1.097576602767085 0.0 13.529070413199213
2707.0 -3115.6948441298828 -5365.540232707241 -1476.5724830355093 -120.14314140557417 -13.473272575394752 0.8546573100369423 -8.568842516369692 1.1172903652310144 -13.51880850535788 16.044674606707346 1.1708239329793393 269.510856345975 1.35810063865524e-07 -8.605239720667047 1.098427875187577 0.0 13.518870661210862
2708.0 -3115.6957930817944 -5365.5247785734455 -1476.5682670530728 -120.1432206476467 -13.473262659342373 0.841141916945111 -8.59338737229667 1.1181268198985732 -13.508619287860013 16.0492775282898 1.1725950088406372 269.5653350191407 1.356067774454518e-07 -8.629729843672571 1.0992776660179107 0.0 13.508681324621262
2709.0 -3115.696768302046 -5365.509320851618 -1476.5640526176392 -120.14330011645906 -13.473252735576613 0.8276367065780796 -8.61791405495053 1.118961807968696 -13.49844049059043 16.05392207107714 1.1743682822070585 269.61937074280956 1.3540381959743226e-07 -8.654201893856033 1.1001259729666888 0.0 13.498502408561619
2710.0 -3115.6977697695984 -5365.493859541743 -1476.5598397282206 -120.14337981184438 -13.473242804110834 0.8141416685201693 -8.642422585129319 1.1197953271453147 -13.488272118582948 16.058608110904007 1.1761437519934637 269.6729628761807 1.3520118871890936e-07 -8.678655891890047 1.100972793750688 0.0 13.488333918065061
2711.0 -3115.6987969082675 -5365.478395034301 -1476.5556281313045 -120.1434597273916 -13.473232862614957 0.8006567908083089 -8.662738678033138 1.1222281431492114 -13.478122898223054 16.061202765321532 1.1779214173108254 269.726110789789 1.349988831897016e-07 -8.67821140496265 1.1113591908433988 0.0 13.478136161910797
2712.0 -3115.699838938861 -5365.46293490508 -1476.5514129322528 -120.14353974189042 -13.473222865673135 0.7871820401544682 -8.664042218441283 1.1319438868339606 -13.467989710624744 16.0540858154978 1.1797012800833206 269.7788139423084 1.3479690107574846e-07 -8.65972055447569 1.1286578957839486 0.0 13.467990804868059
2713.0 -3115.700883426041 -5365.4474879283125 -1476.5471884828307 -120.14361971534613 -13.473212760815024 0.7737174067019951 -8.655152488515519 1.1455609492601186 -13.457852727351627 16.041750980457582 1.1814833391469612 269.8310717042783 1.3459524080046937e-07 -8.641244328447083 1.1459430546258158 0.0 13.45785991954169
2714.0 -3115.701924444752 -5365.432058284021 -1476.5429520957932 -120.14369958105765 -13.473202523075582 0.760262886104174 -8.641321936845168 1.1610651257280296 -13.447721221586667 16.026906223469826 1.183267592597918 269.882883430349 1.343939008751875e-07 -8.622782728741281 1.163214676868085 0.0 13.44773417257791
2715.0 -3115.7029591212377 -5365.416647989005 -1476.5387024717559 -120.14377930672192 -13.473192140400203 0.7468184682389256 -8.625101680997211 1.1774780256432669 -13.437599412388444 16.010868542219562 1.185054039286378 269.9342485030398 1.341928797301021e-07 -8.604335743789985 1.180472778806631 0.0 13.437615791520342
2716.0 -3115.7039860640693 -5365.401258010835 -1476.5344389856398 -120.14385887673882 -13.473181607003735 0.7333841416046489 -8.607730125700964 1.1943246623031403 -13.427488411507882 15.994276299885028 1.1868426782383643 269.9851663152485 1.3399217578027743e-07 -8.585903357530652 1.1977173781442962 0.0 13.427506580132738
2717.0 -3115.7050046015834 -5365.385888808519 -1476.5301613398167 -120.14393828361449 -13.473170920143993 0.7199598947996274 -8.589808108302183 1.2113745694019453 -13.417388298896913 15.977438482066626 1.188633508460062 270.0356362644779 1.337917874477842e-07 -8.56748555281208 1.2149484922464802 0.0 13.417407343923934
2718.0 -3115.7060144113766 -5365.370540594637 -1476.5258693955675 -120.14401752378697 -13.473160078554825 0.7065457167667337 -8.571626975721575 1.228515987975948 -13.407298940431014 15.96050454784287 1.1904265289050213 270.0856577519189 1.3359171316532335e-07 -8.54908231238097 1.2321661379174234 0.0 13.407318391964978
2719.0 -3115.707015340406 -5365.355213462389 -1476.521563091233 -120.14409659560026 -13.473149081685637 0.693141596716363 -8.55332792192503 1.2456947567387915 -13.397220213744468 15.94354676420878 1.1922217384840978 270.13523018276265 1.3339195137503833e-07 -8.530693619083635 1.2493703315504328 0.0 13.39723983800688
2720.0 -3115.7080073177 -5365.339907447169 -1476.5172424024947 -120.14417549832189 -13.473137929332536 0.679747524023056 -8.534979331660022 1.2628846461222203 -13.387152042624043 15.926600065098894 1.1940191360790606 270.1843529665965 1.3319250052694233e-07 -8.51231945586903 1.2665610892890826 0.0 13.387171725145619
2721.0 -3115.7089903120277 -5365.3246225563835 -1476.5129073231121 -120.14425423166655 -13.473126621459432 0.6663634881477337 -8.516614303479287 1.280072964605521 -13.377094386350299 15.909681335912 1.1958187205529056 270.2330255176875 1.3299335907773387e-07 -8.493959805750197 1.2837384271426269 0.0 13.377114071548005
2722.0 -3115.709964311386 -5365.309358783907 -1476.5085578555893 -120.14433279556526 -13.473115158111398 0.652989478593925 -8.498248844084076 1.2972535787965351 -13.367047225449317 15.892798740029052 1.197620490755715 270.28124725513015 1.3279452549012364e-07 -8.475614651776294 1.3009023610505817 0.0 13.367066886481329
2723.0 -3115.7109293130666 -5365.294116117063 -1476.504194006651 -120.14441119005356 -13.47310353937275 0.6396254848863464 -8.479890685724662 1.314423530491072 -13.35701055192223 15.875956227689414 1.1994244455275587 270.3290176029064 1.325959982324961e-07 -8.45728397701825 1.3180529069146956 0.0 13.357030175896645
2724.0 -3115.7118853188467 -5365.278894540022 -1476.499815785055 -120.14448941521752 -13.47309176534659 0.6262714965564664 -8.461543557010243 1.3315813979578657 -13.346984363637194 15.85915571490944 1.2012305837004882 270.3763359899167 1.323977757786765e-07 -8.438967764555809 1.335190080619905 0.0 13.347003944412814
2725.0 -3115.7128323326647 -5365.263694035425 -1476.4954232005327 -120.14456747116752 -13.473079836145153 0.6129275031345897 -8.44320925041037 1.348726502563188 -13.336968661356314 15.842398135980929 1.20303890409967 270.4232018499871 1.3219985660779597e-07 -8.420665997470145 1.3523138980456895 0.0 13.336988196053108
2726.0 -3115.7137703594944 -5365.248514585191 -1476.4910162632782 -120.1446453580256 -13.473067751884942 0.5995934941559099 -8.424888622594718 1.3658585248682513 -13.326963447224191 15.82568395162531 1.2048494055426282 270.4696146218243 1.320022392043633e-07 -8.402378658853545 1.369424375059003 0.0 13.326982934535666
2727.0 -3115.7146994048007 -5365.233356170884 -1476.4865949836988 -120.14472307591936 -13.473055512684425 0.5862694591498002 -8.406582078173557 1.3829773189671832 -13.316968724011828 15.809013394205083 1.2066620868407651 270.5155737490321 1.3180492205808943e-07 -8.384105731795426 1.3865215275283624 0.0 13.316988163390025
2728.0 -3115.7156194742806 -5365.218218773906 -1476.482159372298 -120.14480062497896 -13.473043118663023 0.5729553876449354 -8.388289803498209 1.4000828227445932 -13.306984494747814 15.792386585993746 1.208476946798731 270.561078680069 1.316079036639455e-07 -8.365847199389787 1.4036053713174288 0.0 13.30700388601004
2729.0 -3115.7165305737312 -5365.203102375591 -1476.4777094396154 -120.14487800533576 -13.47303056994046 0.5596512691669632 -8.370011879599842 1.417175014520995 -13.297010762537653 15.775803596187018 1.2102939842148155 270.60612886823475 1.3141118252211173e-07 -8.347603044732024 1.4206759222881344 0.0 13.297030105676885
2730.0 -3115.7174327089947 -5365.18800695723 -1476.4732451962018 -120.14495521712159 -13.473017866636605 0.5463570932343137 -8.351748336715472 1.4342538921196368 -13.287047530476396 15.75926446836999 1.2121131978815856 270.65072377166103 1.3121475713789812e-07 -8.329373250913362 1.4377331963060815 0.0 13.287066825569937
2731.0 -3115.718325885923 -5365.172932500114 -1476.4687666526027 -120.14503226046845 -13.473005008871297 0.5330728493677452 -8.33349918059703 1.4513194627661408 -13.277094801605573 15.742769233741468 1.2139345865846525 270.6948628532566 1.3101862602186863e-07 -8.311157801033886 1.454777209228346 0.0 13.277114048771033
2732.0 -3115.719210110369 -5365.157878985529 -1476.4642738193534 -120.14510913550835 -13.472991996764206 0.5197985270826612 -8.315264405203258 1.4683717382133987 -13.267152578894873 15.726317917481543 1.2157581491037917 270.73854558071065 1.3082278768971063e-07 -8.292956678191949 1.4718079769133852 0.0 13.267171778269011
2733.0 -3115.720085388177 -5365.142846394766 -1476.4597667069763 -120.14518584237317 -13.472978830434986 0.5065341158912051 -8.297043998813699 1.485410732394893 -13.257220865230558 15.709910541809869 1.217583884212724 270.78177142646285 1.306272406622489e-07 -8.274769865487235 1.4888255152183043 0.0 13.257240016959098
2734.0 -3115.720951725178 -5365.127834709125 -1476.4552453259782 -120.1452623811947 -13.472965510003112 0.49327960530319254 -8.278837946975388 1.5024364602929072 -13.24729966341106 15.69354712745681 1.219411790679056 270.82453986767774 1.304319834654422e-07 -8.25659734602185 1.5058298399977275 0.0 13.247318767643787
2735.0 -3115.721809127192 -5365.112843909909 -1476.4507096868508 -120.14533875210459 -13.47295203558798 0.48003498482494616 -8.260646233924522 1.519448937390845 -13.237388976147939 15.677227694373535 1.2212418672645091 270.86685038622613 1.302370146303496e-07 -8.238439102898845 1.5228209671052668 0.0 13.237408033036369
2736.0 -3115.722657600024 -5365.097873978436 -1476.4461598000703 -120.1454149552343 -13.47293840730872 0.46680024396022785 -8.24246884326371 1.536448179416075 -13.227488806058721 15.66095226206289 1.2230741127248608 270.90870246865956 1.3004233269312712e-07 -8.220295119223309 1.5397989123924007 0.0 13.227507815754944
2737.0 -3115.723497149465 -5365.082924896031 -1476.4415956760956 -120.14549099071523 -13.47292462528443 0.4535753722123336 -8.22430575829576 1.5534342022087815 -13.21759915567336 15.644720849749476 1.2249085258097192 270.9500956061814 1.2984793619504164e-07 -8.202165378105395 1.5567636917057206 0.0 13.217618118329506
2738.0 -3115.7243277812922 -5365.067996644026 -1476.4370173253706 -120.14556685867855 -13.472910689634064 0.4403603590782732 -8.20615696217995 1.5704070216626933 -13.207720027430526 15.628533476452976 1.2267451052633982 270.99102929464283 1.296538236823687e-07 -8.18404986265232 1.5737153208944439 0.0 13.20773894319852
2739.0 -3115.7251495012683 -5365.053089203766 -1476.4324247583222 -120.14564255925531 -13.472896600476382 0.42715519405761737 -8.188022438006293 1.5873666536975164 -13.197851423677594 15.612390161023843 1.2285838498237558 271.0315030344932 1.294599937065055e-07 -8.165948555980346 1.590653815799096 0.0 13.197870292709013
2740.0 -3115.725962315142 -5365.038202556603 -1476.4278179853618 -120.14571809257635 -13.472882357930045 0.4139598666410893 -8.169902168835673 1.6043131142413847 -13.187993346673277 15.596290922163877 1.2304247582238503 271.0715163307929 1.292664448237871e-07 -8.147861441199305 1.607579192266119 0.0 13.188012169119313
2741.0 -3115.7267662286486 -5365.023336683899 -1476.423197016884 -120.14579345877249 -13.47286796211353 0.4007743663243018 -8.151796137713076 1.621246419228175 -13.17814579858445 15.580235778429126 1.232267829190088 271.1110686931493 1.2907317559567063e-07 -8.12978850143122 1.6244914661302934 0.0 13.178164574595856
2742.0 -3115.7275612475073 -5365.008491567028 -1476.4185618632678 -120.14586865797423 -13.472853413145215 0.3875986825958826 -8.133704327679231 1.6381665845911892 -13.168308781489161 15.564224748236693 1.2341130614439484 271.15015963573086 1.2888018458854502e-07 -8.111729719794237 1.6413906532299536 0.0 13.168327511216255
2743.0 -3115.7283473774237 -5364.99366718737 -1476.413912534876 -120.14594369031201 -13.472838711143266 0.37443280494213105 -8.115626721773708 1.6550736262624977 -13.15848229737481 15.548257849863548 1.2359604537014028 271.188788677231 1.286874703737825e-07 -8.093685079408802 1.6582767694010618 0.0 13.158500980967473
2744.0 -3115.72912462409 -5364.9788635263185 -1476.4092490420555 -120.14601855591611 -13.47282385622583 0.3612767228498124 -8.09756330303621 1.6719675601728032 -13.14866634814021 15.53233510144768 1.2378100046725844 271.2269553408381 1.284950315277629e-07 -8.075654563401649 1.6751498304735704 0.0 13.148684985747872
2745.0 -3115.7298929931853 -5364.964080565275 -1476.4045713951368 -120.14609325491668 -13.47280884851078 0.34813042580522596 -8.07951405450941 1.688848402249262 -13.138860935594522 15.516456520987218 1.2396617130619836 271.2646591542165 1.283028666318434e-07 -8.057638154904316 1.692009852272713 0.0 13.138879527366159
2746.0 -3115.7306524903715 -5364.949318285651 -1476.3998796044343 -120.14616778744357 -13.472793688115905 0.3349939032879192 -8.061478959238432 1.7057161684162243 -13.129066061458325 15.500622126339874 1.241515577569398 271.301899649503 1.2811097427225006e-07 -8.03963583704473 1.7088568506270208 0.0 13.129084607542472
2747.0 -3115.731403121299 -5364.93457666887 -1476.3951736802471 -120.1462421536267 -13.472778375158875 0.32186714478139766 -8.043458000271 1.7225708745952497 -13.119281727363353 15.484831935221557 1.243371596888488 271.3386763632545 1.2791935304021792e-07 -8.0216475929617 1.7256908413545968 0.0 13.1193002279081
2748.0 -3115.732144891605 -5364.919855696363 -1476.3904536328573 -120.14631635359564 -13.472762909757162 0.3087501397603192 -8.025451160657385 1.7394125367051414 -13.109507934852294 15.4690859652049 1.24522976970865 271.3749888364626 1.2772800153178758e-07 -8.003673405787477 1.7425118402795887 0.0 13.10952639000529
2749.0 -3115.73287780691 -5364.905155349572 -1476.3857194725317 -120.14639038747994 -13.472747292028162 0.2956428777063265 -8.007458423451009 1.7562411706614758 -13.099744685379692 15.453384233719046 1.2470900947128407 271.41083661448766 1.2753691834801974e-07 -7.985713258669364 1.7593198632118479 0.0 13.099763095288127
2750.0 -3115.733601872823 -5364.890475609951 -1476.3809712095215 -120.14646425540889 -13.47273152208905 0.28254534809314646 -7.989479771710449 1.7730567923746965 -13.08999198031349 15.437726758050486 1.248952570579748 271.44621924707894 1.2734610209476153e-07 -7.967767134749307 1.7761149259661024 0.0 13.090010345124114
2751.0 -3115.7343170949384 -5364.875816458963 -1476.3762088540614 -120.14653795751171 -13.472715600056928 0.26945754039636816 -7.971515188495097 1.7898594177542124 -13.080249820931659 15.422113555337159 1.2508171959824732 271.4811362883266 1.271555513827727e-07 -7.949835017177297 1.792897044349374 0.0 13.080268140790782
2752.0 -3115.7350234788373 -5364.8611778780805 -1476.3714324163705 -120.14661149391743 -13.472699526048737 0.2563794440890197 -7.953564656870114 1.8066490627037415 -13.070518208426632 15.40654464257297 1.2526839695892176 271.51558729665163 1.2696526482764487e-07 -7.931916889105302 1.809666234166694 0.0 13.070536483480124
2753.0 -3115.7357210300866 -5364.84655984879 -1476.3666419066517 -120.14668486475493 -13.472683300181247 0.2433110486427322 -7.935628159903055 1.8234257431244743 -13.06079714390291 15.391020036603091 1.2545528900631826 271.5495718347822 1.2677524104980215e-07 -7.914012733688795 1.8264225112196262 0.0 13.060815374296194
2754.0 -3115.736409754239 -5364.831962352585 -1476.3618373350923 -120.14675807015293 -13.472666922571081 0.23025234352983534 -7.91770568066635 1.8401894749127767 -13.051086628378378 15.375539754124825 1.2564239560623298 271.5830894697268 1.2658547867451542e-07 -7.896122534089656 1.8431658913035804 0.0 13.05110481425644
2755.0 -3115.7370896568355 -5364.81738537097 -1476.3570187118637 -120.14683111023996 -13.472650393334803 0.2172033182203304 -7.899797202234451 1.8569402739628198 -13.041386662782655 15.36010381168375 1.2582971662398794 271.61613977276124 1.2639597633184224e-07 -7.8782462734720955 1.8598963902116796 0.0 13.041404804290032
2756.0 -3115.7377607434014 -5364.802828885463 -1476.352186047122 -120.14690398514448 -13.472633712588737 0.20416396218165755 -7.881902707687534 1.8736781561631655 -13.031697247961182 15.344712225677421 1.2601725192444038 271.6487223194073 1.26206732656607e-07 -7.860383935002131 1.87661402373512 0.0 13.03171534524198
2757.0 -3115.7384230194502 -5364.788292877591 -1476.3473393510067 -120.14697669499475 -13.472616880449124 0.19113426488405094 -7.864022180108638 1.8904031373994075 -13.022018384671384 15.329365012349653 1.2620500137191197 271.6808366893996 1.260177462884628e-07 -7.842535501855079 1.8933188076562735 0.0 13.02203643786927
2758.0 -3115.7390764904803 -5364.773777328891 -1476.342478633642 -120.14704923991883 -13.472599897032032 0.17811421579495074 -7.846155602586718 1.9071152335513046 -13.012350073587161 15.314062187794269 1.2639296483027551 271.71248246667795 1.258290158717943e-07 -7.824700957207828 1.9100107577558947 0.0 13.012368082845356
2759.0 -3115.7397211619787 -5364.7592822209135 -1476.3376039051368 -120.1471216200447 -13.472582762453355 0.16510380438226274 -7.828302958214 1.923814460495306 -13.00269231529517 15.298803767949602 1.265811421629135 271.7436592393585 1.2564054005574848e-07 -7.806880284243227 1.9266898898089393 0.0 13.002710280756462
2760.0 -3115.7403570394176 -5364.744807535218 -1476.3327151755836 -120.14719383550019 -13.472565476828969 0.15210302011133173 -7.810464230087421 1.9405008341031769 -12.993045110296944 15.283589768599573 1.2676953323276867 271.77436659972096 1.2545231749417537e-07 -7.789073466146128 1.9433562195884173 0.0 12.993063032103692
2761.0 -3115.7409841282565 -5364.730353253375 -1476.32781245506 -120.14726588641291 -13.472548040274472 0.13911185244820082 -7.79263940130884 1.957174370241768 -12.983408459009844 15.268420205373266 1.2695813790230241 271.804604144179 1.252643468456588e-07 -7.77128048610759 1.9600097628613071 0.0 12.983426337303964
2762.0 -3115.7416024339404 -5364.715919356967 -1476.3228957536269 -120.14733777291035 -13.472530452905364 0.12613029085844754 -6.627505487448483 1.6815229931487612 -12.687001005317708 14.4121942490233 1.2714695603351767 271.8343714732635 1.2507662677348383e-07 0.0 0.0 0.0 14.4121942490233
2763.0 -3115.739529531092 -5364.703363920902 -1476.3188812107674 -120.14737945406675 -13.472520220891823 0.11362419428699651 -3.043901205596092 0.7828764452040105 -12.699033040489098 13.082189046230695 1.273291925829848 271.8626238215294 1.2489588678893818e-07 0.0 0.0 0.0 13.082189046230695
2764.0 -3115.7351969912143 -5364.691673279389 -1476.31538976572 -120.14739907806707 -13.472515401817578 0.10086359184538014 -1.4340439936262213 0.37945182924969556 -12.84026125112007 12.925663420629208 1.2751547615630898 271.89102018805863 1.2471157359257408e-07 0.0 0.0 0.0 12.925663420629208
2765.0 -3115.7298034490677 -5364.680389921967 -1476.3121443041434 -120.14740833953586 -13.472513125353231 0.08798460062476807 -0.67562446129726 0.18942026499882747 -12.904394745971947 12.923457440227201 1.2770383507198235 271.91923730036467 1.2452565698393423e-07 0.0 0.0 0.0 12.923457440227201
2766.0 -3115.7239165010337 -5364.6693142909035 -1476.3090193822516 -120.14741269703696 -13.472512051974723 0.0750673957222607 -0.31723216121910536 0.0996144690139511 -12.922161001780648 12.926438188553307 1.278931035737724 271.9470900200087 1.2433929537818523e-07 0.0 0.0 0.0 12.926438188553309
2767.0 -3115.7178022785047 -5364.658346671718 -1476.305954124749 -120.14741473846725 -13.472511546716634 0.062143920653965325 -0.14814155604323975 0.057236000432884904 -12.921651156135837 12.922627073518724 1.280828159084634 271.974505759129 1.2415294926892072e-07 0.0 0.0 0.0 12.922627073518724
2768.0 -3115.711584610765 -5364.647436362161 -1476.3029187624006 -120.14741568793279 -13.472511309277854 0.049225081218173726 -0.06846645932992157 0.03725990390395051 -12.91491717512048 12.915152403154757 1.2827281253395961 272.0014599024497 1.239667750090617e-07 0.0 0.0 0.0 12.915152403154755
2769.0 -3115.7053211029743 -5364.636558003572 -1476.2998988524398 -120.14741612310605 -13.472511197962623 0.036314322150079535 -0.030956349360528712 0.027847876722709053 -12.90621768733715 12.90628485633019 1.2846304275268663 272.0279445370619 1.2378082116708802e-07 0.0 0.0 0.0 12.906284856330192
2770.0 -3115.6990386162806 -5364.62569914906 -1476.2968874518872 -120.14741631624084 -13.472511146000134 0.023412677939748393 -0.013309474837723378 0.02341221504618085 -12.896928965217361 12.896957083273419 1.2865349110146416 272.05395705496824 1.235951015180767e-07 0.0 0.0 0.0 12.896957083273419
2771.0 -3115.6927497063284 -5364.614853776315 -1476.2938812471461 -120.14741639554397 -13.472511121951817 0.01052044444414787 -0.005013186590206331 0.021319008146062135 -12.887473804896729 12.887492413345875 1.2884415293622373 272.079496448999 1.234096191842216e-07 0.0 0.0 0.0 12.887492413345877
2772.0 -3115.68646025157 -5364.604018998922 -1476.290878664566 -120.1474164213509 -13.472511111024401 -0.0023623011931777 -0.001116053901006886 0.020328444929693212 -12.878421011603614 12.87843710406519 1.2899999999999998 272.1 1.232583349073788e-07 0.0 0.0 0.0 12.87843710406519
