# Tecplot data: Tacode
Variables = Time[s],X[km],Y[km],Z[km],Long[deg.],Lati[deg.],Alti[km],Upl[m/s],Vpl[m/s],Wpl[m/s],VelplAbs[m/s],Dens[kg/m3],Temp[K],Kn
zone t=time i= 2774 f=point
0.0 -3772.3654475379267 3000.674967768374 4388.053261258401 141.5 42.5 150.0 7450 0 0 7450.0 1.7500000000001226e-09 661.4999999999927 82.68936707019084
1.0 -3777.0009049971227 2994.8427314357377 4388.050100087543 141.5885542054127 42.499962558443215 149.99996673217183 7449.990132965151 -8.514450174199775 -0.038715308620743905 7449.994998564681 1.7500029298253021e-09 661.4998226603493 82.68923086859353
2.0 -3781.6318052202732 2989.0068890984726 4388.040616582185 141.67710813143773 42.49985023405434 149.99986692067398 7449.970619620792 -17.028841374692394 -0.07744281150342047 7449.990081916147 1.7500117200323407e-09 661.4992905988997 82.6888222321027
3.0 -3786.258142108508 2983.1674484450127 4388.024810759846 141.76566155864612 42.499663027530495 149.99970055361769 7449.941460235521 -25.543131334013395 -0.1161824723656224 7449.985250052035 1.75002637174441e-09 661.4984037529321 82.68814111542726
4.0 -3790.8799095682048 2977.3244171679407 4388.0026826469775 141.85421426761866 42.49940093993535 149.9994676193106 7449.902655233431 -34.0572777869493 -0.15493425494216595 7449.980502969723 1.750046886118436e-09 661.4971620612083 82.68718747632674
5.0 -3795.4971015109995 2971.477802963981 4387.974232278966 141.9427660389503 42.49906397269917 149.99916810625325 7449.8542051940985 -42.57123847151297 -0.1936981229952366 7449.975840666341 1.7500732643453855e-09 661.495565463947 82.68596127560251
6.0 -3800.109711853794 2965.627613533989 4387.939459700129 142.03131665325458 42.49865212761863 149.99880200313964 7449.796110852554 -51.08497112993284 -0.2324740403092278 7449.971263138762 1.7501055076503405e-09 661.4936139028182 82.68446247709964
7.0 -3804.717734518761 2959.773856582943 4387.8983649637175 142.11986589116782 42.49816540685692 149.99836929885788 7449.728373099254 -59.598433509636386 -0.27126197069147295 7449.966770383605 1.750143617292587e-09 661.4913073209377 82.68269104770863
8.0 -3809.321163433355 2953.916539819932 4387.850948131918 142.2084135333538 42.49760381294361 149.99786998248845 7449.650992980046 -68.11158336423215 -0.3100618779743982 7449.962362397231 1.7501875945659466e-09 661.4886456628453 82.68064695735683
9.0 -3813.9199925303187 2948.055670958149 4387.797209275846 142.29695936050786 42.49696734877462 149.99730404330535 7449.563971696129 -76.62437845449462 -0.34887372601409083 7449.958039175752 1.7502374407988759e-09 661.4856288744954 82.67833017901098
10.0 -3818.514215747687 2942.1912577148796 4387.737148475552 142.38550315336147 42.496256017612154 149.99667147077412 7449.467310604003 -85.13677654935339 -0.38769747868374793 7449.95380071502 1.7502931573548726e-09 661.4822569032309 82.67574068866676
11.0 -3823.1038270288 2936.3233078114936 4387.670765820019 142.47404469268645 42.49546982308469 149.99597225455614 7449.3610112154165 -93.6487354268597 -0.42653309989149335 7449.949647010636 1.7503547456323492e-09 661.4785296977855 82.67287846536306
12.0 -3827.688820322308 2930.451828973433 4387.598061407162 142.56258375929949 42.4946087691867 149.99520638450397 7449.245075197312 -102.16021287518728 -0.46538055355984653 7449.945578057947 1.7504222070653286e-09 661.4744472082388 82.66974349115954
13.0 -3832.269189582178 2924.576828930207 4387.519035343829 142.6511201340665 42.493672860278785 149.99437385066577 7449.119504371751 -110.67116669360786 -0.5042398036326574 7449.941593852044 1.7504955431233623e-09 661.4700093860146 82.66633575115029
14.0 -3836.8449287677045 2918.698315415377 4387.4336877458 142.7396535979068 42.4926621010874 149.99347464327863 7448.9843007158415 -119.18155469346439 -0.5431108140836116 7449.937694387758 1.7505747553124494e-09 661.4652161838203 82.6626552334323
15.0 -3841.4160318435124 2912.8162961665516 4387.342018737789 142.82818393179775 42.491576496704916 149.99250875277724 7448.839466361675 -127.69133469916139 -0.5819935489052028 7449.933879659673 1.7506598451746408e-09 661.4600675556638 82.65870192913532
16.0 -3845.9824927795676 2906.930778925375 4387.244028453437 142.91671091677895 42.4904160525893 149.9914761697848 7448.685003596224 -136.20046454914132 -0.6208879721125271 7449.930149662113 1.750750814289226e-09 661.4545634567754 82.6544758323792
17.0 -3850.544305551184 2901.0417714375167 4387.139717035322 143.00523433395654 42.48918077456419 149.99037688512075 7448.520914861264 -144.70890209685393 -0.6597940477535644 7449.92650438915 1.7508476642724614e-09 661.448703843615 82.6499769402994
18.0 -3855.1014641390316 2895.1492814526628 4387.029084634952 143.0937539645078 42.48787066881862 149.98921088979557 7448.34720275327 -153.21660521176193 -0.698711739879144 7449.922943834598 1.7509503967784826e-09 661.4424886738086 82.64520525301836
19.0 -3859.653962529143 2889.2533167245083 4386.912131412763 143.18226958968532 42.486485741906826 149.98797817501355 7448.163870023318 -161.7235317802789 -0.7376410125856268 7449.919467992018 1.7510590134995177e-09 661.4359179061272 82.6401607736503
20.0 -3864.20179471292 2883.3538850107425 4386.788857538131 143.27078099082132 42.48502600074839 149.98667873217283 7447.970919576976 -170.22963970678325 -0.776581829973793 7449.916076854714 1.7511735161663825e-09 661.4289915004445 82.63484350829302
21.0 -3868.744954687145 2877.4509940730454 4386.659263189354 143.35928794933218 42.4834914526277 149.98531255286187 7447.7683544741885 -178.7348869145684 -0.8155341561762981 7449.912770415737 1.7512939065493157e-09 661.421709417678 82.62925346600527
22.0 -3873.283436453981 2871.5446516770735 4386.523348553666 143.44779024672258 42.48188210519404 149.98387962886295 7447.556177929158 -187.23923134682502 -0.8544979553488048 7449.909548667882 1.751420186458216e-09 661.4140716197619 82.62339065881226
23.0 -3877.817234020988 2865.6348655924517 4386.38111382723 143.53628766458996 42.480197966461326 149.98237995215203 7447.334393310215 -195.74263096761757 -0.8934731916659331 7449.906411603685 1.7515523577432304e-09 661.4060780695991 82.61725510169548
24.0 -3882.3463414011244 2859.7216435927658 4386.232559215141 143.62477998462882 42.478439044807914 149.98081351489552 7447.103004139687 -204.24504376284898 -0.9324598293297868 7449.903359215431 1.7516904222956437e-09 661.3977287309955 82.6108468125697
25.0 -3886.8707526127573 2853.804993455549 4386.07768493142 143.71326698863507 42.476605348976406 149.97918030945561 7446.862014093762 -212.74642774124214 -0.971457832557391 7449.900391495149 1.7518343820480318e-09 661.389023568636 82.6041658122943
26.0 -3891.390461679667 2847.884922962276 4385.916491199021 143.80174845851036 42.47469688807345 149.9774803283834 7446.611427002341 -221.2467409352957 -1.0104671655963102 7449.897508434611 1.7519842389755327e-09 661.3799625479949 82.59721212463388
27.0 -3895.905462631059 2841.96143989835 4385.7489782498305 143.89022417626637 42.47271367156964 149.97571356442455 7446.351246848886 -229.74594140226299 -1.0494877927122985 7449.894710025331 1.7521399950960166e-09 661.3705456353085 82.58998577627034
28.0 -3900.415749501567 2836.034552053096 4385.57514632466 143.97869392402907 42.47065570929902 149.97388001051917 7446.081477770269 -238.2439872251128 -1.0885196781964765 7449.891996258569 1.7523016524708213e-09 661.360772797517 82.5824867967898
29.0 -3904.9213163312634 2830.104267219749 4385.394995673251 144.0671574840432 42.46852301145918 149.97197965979717 7445.802124056607 -246.74083651350074 -1.12756278635797 7449.889367125333 1.7524692132058835e-09 661.3506440021781 82.57471521865142
30.0 -3909.4221571656644 2824.1705931954452 4385.208526554277 144.1556146386764 42.46631558861084 149.97001250557975 7445.51319015109 -255.2364474047248 -1.1666170815337438 7449.886822616372 1.7526426794523814e-09 661.3401592174118 82.56667107718003
31.0 -3913.918266055739 2818.233537781214 4385.015739235335 144.24406517042362 42.46403345167754 149.96797854138282 7445.214680649809 -263.73077806469746 -1.2056825280772898 7449.884362722177 1.7528220534072154e-09 661.3293184118538 82.55835441056684
32.0 -3918.409637057917 2812.293108781967 4384.816633992951 144.33250886191132 42.46167661194563 149.96587776091368 7444.90660030158 -272.2237866888946 -1.2447590903718435 7449.8819874329865 1.753007337314121e-09 661.3181215545685 82.54976525984115
33.0 -3922.8962642340935 2806.3493140064847 4384.611211112583 144.4209454959019 42.459245081063735 149.96371015807196 7444.588954007748 -280.7154315033308 -1.2838467328130037 7449.879696738781 1.7531985334644305e-09 661.3065686149848 82.5409036688599
34.0 -3927.378141651641 2800.402161267414 4384.399470888613 144.50937485529778 42.45673887104271 149.9614757269514 7444.261746822001 -289.2056707655008 -1.3229454198256292 7449.877490629283 1.7533956441977821e-09 661.2946595628331 82.53176968429953
35.0 -3931.85526338341 2794.451658381254 4384.18141362435 144.59779672314588 42.45415799425519 149.95917446183273 7443.924983950177 -297.6944627653427 -1.3620551158560943 7449.875369093965 1.7535986719036444e-09 661.2823943680315 82.52236335561115
36.0 -3936.327623507745 2788.497813168347 4383.9570396320305 144.68621088264166 42.45150246343542 149.9568063571956 7443.578670750048 -306.18176582618923 -1.4011757853747326 7449.873332122036 1.7538076190211975e-09 661.2697730006737 82.51268473505279
37.0 -3940.795216108485 2782.5406334528698 4383.726349232819 144.77461711713366 42.448772291678914 149.95437140770488 7443.22281273112 -314.66753830572725 -1.4403073928684194 7449.871379702453 1.7540224880414793e-09 661.2567954308744 82.5027338776167
38.0 -3945.258035274973 2776.5801270628212 4383.489342756803 144.8630152101275 42.44596749244216 149.95186960822366 7442.85741555441 -323.15173859693874 -1.4794499028497796 7449.869511823916 1.7542432815072243e-09 661.2434616287584 82.4925108410652
39.0 -3949.7160751020638 2770.616301830018 4383.246020542999 144.95140494529022 42.4430880795423 149.94930095380218 7442.482485032231 -331.63432512905433 -1.5186032798519875 7449.8677284748655 1.7544700020148412e-09 661.2297715643173 82.48201568586732
40.0 -3954.169329690134 2764.649165590079 4382.996382939345 145.03978610645459 42.44013406715681 149.94666543968603 7442.09802712796 -340.1152563684984 -1.557767488430045 7449.866029643489 1.754702652214723e-09 661.2157252073652 82.471248475214
41.0 -3958.6177931450816 2758.6787261824193 4382.740430302706 145.1281584776232 42.43710546982324 149.94396306130943 7441.704047955811 -348.5944908198295 -1.5969424931643914 7449.864415317716 1.7549412348128944e-09 661.2013225274156 82.46020927497156
42.0 -3963.0614595783422 2752.70499145024 4382.478162998871 145.2165218429728 42.43400230243873 149.94119381430048 7441.300553780586 -357.0719870266885 -1.636128258654594 7449.862885485217 1.7551857525716376e-09 661.1865634936179 82.44889815368369
43.0 -3967.500323106892 2746.7279692405173 4382.209581402552 145.30487598685843 42.43082458025983 149.9383576944778 7440.88755101744 -365.54770357273765 -1.6753247495203993 7449.861440133409 1.7554362083108967e-09 661.171448074645 82.43731518253773
44.0 -3971.9343778532557 2740.7476674039945 4381.934685897387 145.3932206938177 42.42757231890205 149.93545469785482 7440.465046231626 -374.0215990825929 -1.7145319304076736 7449.860079249451 1.7556926049090352e-09 661.1559762386219 82.42546043536167
45.0 -3976.3636179455134 2734.76409379517 4381.653476875933 145.48155574857492 42.424245534339505 149.93248482063134 7440.033046138238 -382.4936322227685 -1.7537497659782275 7449.858802820241 1.7559549453047564e-09 661.1401479529809 82.41333398856823
46.0 -3980.7880375173077 2728.7772562722907 4381.365954739673 145.56988093604528 42.42084424290459 149.92944805920217 7439.591557601955 -390.963761702597 -1.7929782209247662 7449.857610832426 1.7562232324975204e-09 661.1239631844086 82.40093592116897
47.0 -3985.2076307078546 2722.7871626973406 4381.07211989901 145.65819604133912 42.41736846128759 149.9263444101543 7439.140587636767 -399.4319462751762 -1.8322172599524151 7449.856503272393 1.7564974695490197e-09 661.107421898727 82.38826631474029
48.0 -3989.622391661946 2716.79382093603 4380.771972773271 145.74650084976608 42.41381820653627 149.92317387026455 7438.680143405705 -407.8981447382879 -1.8714668477903729 7449.855480126271 1.7567776595846246e-09 661.0905240607769 82.37532525339151
49.0 -3994.0323145299594 2710.7972388577873 4380.465513790698 145.8347951468391 42.41019349605553 149.91993643649948 7438.210232220562 -416.3623159353195 -1.9107269491959755 7449.854541379929 1.7570638057946766e-09 661.0732696343088 82.3621128237406
50.0 -3998.4373934678656 2704.79742433575 4380.152743388461 145.9230787182788 42.4064943476069 149.9166321060192 7437.730861541608 -424.82441875620066 -1.949997528940429 7449.8536870189855 1.7573559114354384e-09 661.0556585818939 82.34862911490664
51.0 -4002.8376226372343 2698.7943852467533 4379.833662012646 146.01135135001746 42.40272077930834 149.91326087617594 7437.2420389773 -433.28441213831655 -1.989278551817904 7449.852917028794 1.7576539798305458e-09 661.0376908648057 82.33487421847954
52.0 -4007.232996205244 2692.788129471321 4379.508270118258 146.09961282820325 42.39887280963354 149.90982274451036 7436.743772283988 -441.7422550674229 -2.028569982648577 7449.852231394452 1.7579580143726962e-09 661.0193664428832 82.32084822847997
53.0 -4011.623508344687 2686.7786648936576 4379.176568169223 146.18786293920428 42.39495045741176 149.906317708757 7436.236069365616 -450.197906578572 -2.0678717862672613 7449.851630100806 1.7582680185245344e-09 661.000685274446 82.3065512413564
54.0 -4016.009153233977 2680.765999401634 4378.838556638383 146.2761014696127 42.39095374182723 149.90274576683947 7435.718938273405 -458.6513257570139 -2.107183927537136 7449.851113132433 1.7585839958204888e-09 660.9816473161484 82.29198335593979
55.0 -4020.38992505716 2674.7501408867834 4378.494236007499 146.36432820624893 42.386882682418815 149.89910691687209 7435.192387205554 -467.1024717391134 -2.1465063713416157 7449.850680473658 1.7589059498680581e-09 660.9622525228666 82.27714467342356
56.0 -4024.7658180039143 2668.7310972442874 4378.14360676725 146.4525429361656 42.38273729907948 149.89540115716193 7434.656424506916 -475.55130371326356 -2.185839082578184 7449.850332108547 1.7592338843490851e-09 660.9425008475864 82.26203529734534
57.0 -4029.1368262695655 2662.7088763729694 4377.78666941723 146.54074544665173 42.37851761205583 149.89162848620535 7434.111058668674 -483.9977809207742 -2.2251820261766397 7449.85006802091 1.759567803021555e-09 660.9223922412591 82.24665533354512
58.0 -4033.5029440550884 2656.6834861752814 4377.423424465949 146.62893552523664 42.374223641947815 149.8877889026897 7433.556298328016 -492.4418626567872 -2.264535167083551 7449.849888194293 1.7599077097209516e-09 660.9019266526817 82.23100489014442
59.0 -4037.864165567117 2650.6549345572976 4377.053872430832 146.71711295969433 42.36985540970803 149.88388240549318 7432.9921522678 -500.88350827117506 -2.3038984702628227 7449.849792611989 1.760253608361806e-09 660.8811040283663 82.21508407751723
60.0 -4042.2204850179523 2644.623229428702 4376.67801383822 146.80527753804714 42.36541293664135 149.8799089936861 7432.41862941621 -509.3226771694307 -2.3432719007028027 7449.849781257027 1.7606055029391588e-09 660.8599243124129 82.19889300826584
61.0 -4046.5718966255663 2638.5883787027824 4376.295849223368 146.89342904857003 42.3608962444045 149.87586866652524 7431.835738846422 -517.7593288135615 -2.382655423414292 7449.849854112181 1.7609633975306358e-09 660.8383874463458 82.18243179716897
62.0 -4050.9183946136136 2632.5503902964156 4375.9073791304445 146.98156727979455 42.35630535500542 149.87176142346487 7431.243489776242 -526.1934227229781 -2.4220490034335285 7449.8500111599615 1.7613272962971044e-09 660.8164933690335 82.16570056119579
63.0 -4055.259973211434 2626.5092721300607 4375.5126041125295 147.06969202051283 42.35164029080284 149.8675872641413 7430.641891567762 -534.6249184753931 -2.4614526058060164 7449.850252382626 1.7616972034856795e-09 660.7942420164671 82.14869941941288
64.0 -4059.596626654064 2620.4650321277504 4375.111524731616 147.1578030597816 42.34690107450584 149.86334618838737 7430.0309537269895 -543.0537757076884 -2.500866195607273 7449.850577762168 1.7620731234301051e-09 660.7716333216968 82.13142849301231
65.0 -4063.928349182242 2614.4176782170794 4374.704141558605 147.2459001869261 42.342087729173166 149.85903819622263 7429.410685903487 -551.4799541167994 -2.5402897379372007 7449.850987280319 1.7624550605533307e-09 660.7486672146329 82.11388790523945
66.0 -4068.2551350424155 2608.367218329195 4374.290455173316 147.33398319154418 42.337200278212876 149.8546632878599 7428.781097890003 -559.9034134606057 -2.5797231979053663 7449.851480918557 1.7628430193686458e-09 660.7253436219356 82.09607778138806
67.0 -4072.5769784867493 2602.3136603987855 4373.8704661644715 147.42205186351018 42.3322387453817 149.8502214636996 7428.142199622091 -568.3241135587862 -2.619166540652145 7449.852058658095 1.7632370044819343e-09 660.7016624668366 82.0779982487443
68.0 -4076.893873773131 2596.257012364076 4373.444175129706 147.5101059929789 42.32720315478451 149.84571272433246 7427.494001177733 -576.7420142937015 -2.6586197313350226 7449.852720479891 1.7636370205932094e-09 660.677623669001 82.0596494365645
69.0 -4081.2058151651804 2590.197282166813 4373.011582675563 147.59814537038955 42.32209353087381 149.84113707054104 7426.836512776947 -585.1570756112546 -2.6980827351359267 7449.853466364637 1.7640430724982807e-09 660.653227144383 82.04103147604786
70.0 -4085.5127969322543 2584.1344777522554 4372.5726894174895 147.68616978646958 42.31690989844917 149.83649450329457 7426.169744781402 -593.5692575217612 -2.737555517254691 7449.854296292769 1.7644551650910372e-09 660.6284728050417 82.02214450028106
71.0 -4089.814813349458 2578.068607069169 4372.127495979846 147.7741790322388 42.311652282656624 149.831785023754 7425.493707694018 -601.9785201008087 -2.7770380429085435 7449.855210244458 1.764873303364857e-09 660.6033605590117 82.00298864422408
72.0 -4094.1118586976468 2571.999678069814 4371.676002995895 147.86217289901305 42.30632070898818 149.8270086332718 7424.808412158563 -610.3848234901025 -2.8165302773463736 7449.856208199621 1.7652974924145045e-09 660.5778903101401 81.9835640446741
73.0 -4098.403927263438 2565.927698709931 4371.218211107807 147.95015117840813 42.30091520328114 149.82216533338791 7424.113868959251 -618.788127898333 -2.8560321858313387 7449.857290137903 1.765727737438386e-09 660.5520619579044 81.96387084021359
74.0 -4102.691013339214 2559.8526769487394 4370.754120966656 148.03811366234385 42.295435791717665 149.81725512583043 7423.410089020323 -627.1883936020251 -2.8955437336426257 7449.8584560387 1.7661640437404398e-09 660.5258753972487 81.94390917117607
75.0 -4106.973111223134 2553.774620748921 4370.283733232419 148.1260601430476 42.289882500823936 149.81227801251993 7422.697083405639 -635.5855809463667 -2.9350648860933006 7449.859705881138 1.7666064167316935e-09 660.499330518443 81.92367917962764
76.0 -4111.250215219138 2547.6935380766145 4369.807048573978 148.2139904130585 42.28425535746986 149.80723399556476 7421.9748633182535 -643.9796503460774 -2.9745956085018292 7449.861039644089 1.7670548619326723e-09 660.4724272068863 81.90318100931015
77.0 -4115.522319636956 2541.6094369014036 4369.3240676691175 148.30190426523092 42.27855438886821 149.80212307726313 7421.243440099981 -652.3705622862194 -3.014135866223455 7449.8624573061525 1.7675093849752225e-09 660.4451653429477 81.88241480561183
78.0 -4119.789418792111 2535.5223251963066 4368.834791204522 148.38980149273854 42.272779622574156 149.79694526010053 7420.50282523098 -660.7582773230567 -3.053685624622233 7449.863958845678 1.7679699916047802e-09 660.4175448017785 81.86138071551856
79.0 -4124.051507005934 2529.432210937769 4368.339219875777 148.47768188907796 42.26693108648456 149.7917005467564 7419.7530303293 -669.1427560848688 -3.0932448490913202 7449.86554424074 1.7684366876818308e-09 660.3895654531719 81.84007888760217
80.0 -4128.308578605562 2523.3391021056514 4367.837354387369 148.56554524807268 42.261008808837424 149.78638894009265 7418.9940671504555 -677.5239592727927 -3.132813505035017 7449.867213469163 1.7689094791850257e-09 660.3612271613234 81.81850947193419
81.0 -4132.560627923953 2517.2430066832217 4367.329195452681 148.6533913638766 42.25501281821119 149.78101044316497 7418.225947586972 -685.9018476616272 -3.172391557891899 7449.868966508503 1.7693883722122842e-09 660.3325297847111 81.79667262009224
82.0 -4136.807649299888 2511.143932657143 4366.814743793998 148.74122003097816 42.24894314352414 149.77556505921763 7417.448683667933 -694.2763821006745 -3.211978973109069 7449.870803336047 1.7698733729833974e-09 660.3034731758851 81.77456848509816
83.0 -4141.04963707798 2505.041888017466 4366.2940001424995 148.82903104420362 42.2427998140337 149.7700527916809 7416.662287558539 -702.6475235145402 -3.251575716159607 7449.872723928834 1.7703644878424156e-09 660.2740571812686 81.75219722136706
84.0 -4145.286585608683 2498.936880757619 4365.766965238263 148.91682419872114 42.23658285933584 149.7644736441758 7415.866771559628 -711.0152329039483 -3.291181752539103 7449.874728263624 1.7708617232594262e-09 660.2442816409971 81.7295589846847
85.0 -4149.518489248295 2492.8289188743956 4365.233639830258 149.00459929004433 42.23029230936439 149.75882762051094 7415.062148107225 -719.3794713465504 -3.330797047762701 7449.876816316921 1.7713650858330393e-09 660.2141463887111 81.7066539321532
86.0 -4153.745342358968 2486.7180103679484 4364.6940246763525 149.092356114036 42.22392819439029 149.75311472468496 7414.248429772069 -727.7401999977333 -3.3704215673622 7449.878988064966 1.7718745822924133e-09 660.1836512513786 81.68348222215835
87.0 -4157.9671393087165 2480.6041632417787 4364.1481205433065 149.18009446691173 42.2174905450211 149.7473349608823 7413.42562925914 -736.0973800914035 -3.41005527690146 7449.881243483731 1.7723902194999018e-09 660.1527960490782 81.66004401430952
88.0 -4162.183874471421 2474.4873855027217 4363.595928206773 149.2678141452437 42.210979392200066 149.74148833347974 7412.59375940718 -744.4509729408048 -3.449698141951046 7449.883582548928 1.77291200445276e-09 660.1215805948383 81.63633946942258
89.0 -4166.395542226837 2468.367685160943 4363.037448451299 149.35551494596425 42.20439476720571 149.735574847037 7411.7528331882095 -752.8009399392931 -3.489350128107901 7449.886005236003 1.7734399442862938e-09 660.0900046943893 81.6123687494384
90.0 -4170.602136960605 2462.2450702299266 4362.472682070317 149.44319666636935 42.19773670165084 149.7295945063075 7410.902863707044 -761.1472425611214 -3.529011200995342 7449.888511520137 1.7739740462752461e-09 660.0580681460202 81.58813201742166
91.0 -4174.803653064249 2456.1195487264645 4361.901629866153 149.53085910412253 42.19100522748208 149.72354731622852 7410.043864200796 -769.4898423622362 -3.5686813262496457 7449.891101376243 1.7745143178370467e-09 660.0257707403237 81.56362943747573
92.0 -4179.0000849351945 2449.9911286706474 4361.3242926500225 149.61850205725824 42.184200376979014 149.71743328192622 7409.175848038386 -777.8287009810415 -3.60836046953483 7449.893774778971 1.7750607665337445e-09 659.9931122600185 81.5388611747184
93.0 -4183.1914269767685 2443.8598180858535 4360.740671242027 149.7061253241855 42.17732218275354 149.71125240871729 7408.298828720041 -786.1637801391862 -3.648048596527076 7449.896531702707 1.775613400074286e-09 659.9600924797512 81.51382739524199
94.0 -4187.377673598207 2437.7256249987418 4360.150766471155 149.7937287036915 42.17037067774908 149.70500470210217 7407.412819876785 -794.4950416423219 -3.6877456729305322 7449.8993721215675 1.7761722263175558e-09 659.9267111658517 81.48852826603982
95.0 -4191.558819214667 2431.588557439239 4359.554579175283 149.88131199494498 42.16334589524 149.69869016777096 7406.517835269935 -802.8224473808712 -3.7274516644710047 7449.902296009403 1.7767372532743224e-09 659.8929680761524 81.46296395498297
96.0 -4195.734858247226 2425.448623440533 4358.95211020117 149.9688749975 42.15624786883065 149.69230881160127 7405.613888790588 -811.1459593307984 -3.767166536885725 7449.905303339799 1.7773084891099175e-09 659.858862959765 81.4371346307644
97.0 -4199.905785122898 2419.3058310390575 4358.34336040446 150.05641751129934 42.14907663245476 149.68586063965876 7404.700994459099 -819.4655395543524 -3.806890255939493 7449.908394086071 1.7778859421467008e-09 659.8243955568664 81.41104046285324
98.0 -4204.071594274634 2413.1601882744894 4357.728330649681 150.14393933667787 42.14183222037471 149.67934565819496 7403.779166424565 -827.7811502008194 -3.8466227874231436 7449.911568221269 1.778469620866803e-09 659.7895655984706 81.38468162143741
99.0 -4208.232280141328 2407.011703189734 4357.1070218102395 150.23144027436626 42.13451466718064 149.67276387364882 7402.848418964299 -836.0927535072856 -3.8863640971359246 7449.914825718178 1.7790595339145483e-09 659.7543728062166 81.35805827738113
100.0 -4212.387837167832 2400.8603838309173 4356.479434768425 150.31892012549423 42.127124007789824 149.66611529264762 7401.908766483293 -844.4003117993586 -3.9261141509096547 7449.918166549309 1.7796556900989631e-09 659.7188168921521 81.33117060217927
101.0 -4216.538259804955 2394.7062382473737 4355.845570415406 150.40637869159414 42.11966027744581 149.65939992200444 7400.960223513695 -852.7037874919255 -3.9658729145879192 7449.921590686908 1.780258098396618e-09 659.682897558495 81.30401876789722
102.0 -4220.683542509474 2388.54927449164 4355.205429651231 150.49381577460434 42.11212351171771 149.65261776872072 7400.002804714265 -861.0031430898719 -4.005640354039315 7449.925098102952 1.7808667679540378e-09 659.6466144974216 81.27660294713087
103.0 -4224.823679744141 2382.389500619441 4354.559013384823 150.5812311768726 42.10451374649931 149.64576883998373 7399.036524869834 -869.2983411888188 -4.0454164351514805 7449.92868876915 1.7814817080905895e-09 659.6099673908254 81.2489233129457
104.0 -4228.958665977688 2376.2269246896853 4353.906322533985 150.6686247011594 42.09683101800841 149.63885314316605 7398.061398890754 -877.5893444758397 -4.085201123838317 7449.932362656938 1.7821029283012201e-09 659.5729559100824 81.22098003882319
105.0 -4233.088495684837 2370.0615547644497 4353.247358025393 150.75599615064152 42.089075362785955 149.63187068583096 7397.077441812361 -885.8761157301951 -4.124994386022877 7449.936119737485 1.7827304382586802e-09 659.5355797158492 81.19277329863098
106.0 -4237.213163346304 2363.8933989089733 4352.582120794597 150.8433453289151 42.08124681769526 149.62482147572354 7396.0846687944095 -894.1586178240221 -4.164796187666184 7449.939959981688 1.7833642478170646e-09 659.4978384577796 81.16430326653455
107.0 -4241.332663448807 2357.7224651916454 4351.910611786021 150.93067203999928 42.073345419921154 149.61770552077726 7395.083095120517 -902.4368137230723 -4.20460649473506 7449.9438833601735 1.7840043670139738e-09 659.4597317743238 81.13557011697115
108.0 -4245.446990485077 2351.548761683998 4351.232831952961 151.01797608833928 42.06537120696917 149.61052282911447 7394.072736197613 -910.7106664874027 -4.244425273220031 7449.9478898433035 1.7846508060732606e-09 659.4212592924926 81.1065740245985
109.0 -4249.556138953856 2345.3722964606927 4350.548782257581 151.10525727880972 42.05732421666478 149.60327340903763 7393.053607555359 -918.9801392720685 -4.284252489142091 7449.951979401156 1.7853035754086222e-09 659.3824206275685 81.07731516420569
110.0 -4253.660103359915 2339.1930775995147 4349.858463670916 151.19251541671807 42.04920448715258 149.5959572690411 7392.02572484559 -927.2451953278385 -4.324088108532067 7449.956152003548 1.7859626856253717e-09 659.3432153829278 81.04779371070678
111.0 -4257.758878214052 2333.0111131813583 4349.161877172873 151.27975030780772 42.04101205689537 149.58857441779995 7390.989103841739 -935.5057980018722 -4.363932097444945 7449.960407620016 1.7866281475243023e-09 659.3036431497338 81.01800983904073
112.0 -4261.852458033104 2326.826411290221 4348.459023752221 151.36696175826125 42.03274696467332 149.58112486418221 7389.943760438266 -943.7619107384076 -4.403784421958505 7449.964746219831 1.7872999721034625e-09 659.2637035067567 80.98796372416584
113.0 -4265.940837339953 2320.6389800131933 4347.749904406598 151.45414957470376 42.0244092495833 149.57360861723453 7388.889710650069 -952.0134970794426 -4.443645048171618 7449.969167771985 1.7879781705623533e-09 659.2233960200471 80.95765554094626
114.0 -4270.024010663531 2314.4488274404453 4347.034520142505 151.54131356420604 42.0159989510377 149.56602568619326 7387.826970611913 -960.2605206654191 -4.48351394219651 7449.9736722452035 1.7886627543038478e-09 659.1827202427448 80.92708546414076
115.0 -4274.1019725388305 2308.255961665222 4346.312871975309 151.62845353428747 42.00751610876391 149.55837608047946 7386.755556577831 -968.502945235871 -4.523391070183436 7449.978259607929 1.7893537349376006e-09 659.1416757147986 80.89625366832595
116.0 -4278.174717506908 2302.060390783829 4345.5849609292345 151.71556929291972 41.99896076280333 149.55065980969835 7385.675484920547 -976.7407346301233 -4.563276398284245 7449.9829298283385 1.7900511242830668e-09 659.100261962708 80.865160327837
117.0 -4282.242240114894 2295.8621228956254 4344.850788037372 151.80266064852935 41.99033295351034 149.54287688364136 7384.586772130871 -984.9738527879258 -4.603169892682445 7449.987682874327 1.7907549343723093e-09 659.058478499278 80.83380561671882
118.0 -4286.304534915996 2289.661166103012 4344.11035434167 151.88972741000129 41.98163272155174 149.53502731228363 7383.489434817112 -993.2022637501183 -4.643071519583884 7449.9925187135195 1.79146517745325e-09 659.0163248233446 80.80218970865761
119.0 -4290.361596469511 2283.4575285114233 4343.363660892935 151.97676938668178 41.97286010790558 149.52711110578875 7382.38348970447 -1001.4259316592845 -4.682981245210954 7449.997437313261 1.7921818659922816e-09 658.9738004195414 80.77031277694181
120.0 -4294.413419340828 2277.251218229316 4342.61070875083 152.06378638838146 41.96401515386047 149.51912827450084 7381.268953634437 -1009.6448207603931 -4.722899035810485 7450.002438640621 1.792905012678048e-09 658.930904757992 80.73817499437145
121.0 -4298.459998101436 2271.0422433681597 4341.851498983877 152.1507782253786 41.9550979010146 149.51107882895204 7380.145843564191 -1017.8588954014447 -4.762824857645398 7450.007522662395 1.7936346304238574e-09 658.887637294086 80.70577653322874
122.0 -4302.501327328934 2264.830612042427 4341.08603266945 152.23774470842181 41.94610839127481 149.50296277985908 7379.014176565984 -1026.0681200340985 -4.802758677003624 7450.012689345099 1.7943707323711017e-09 658.8439974681928 80.67311756520493
123.0 -4306.537401607032 2258.616332369585 4340.314310893777 152.32468564873346 41.937046666855814 149.49478013811958 7377.873969826531 -1034.272459214308 -4.842700460193669 7450.01793865497 1.7951133318927267e-09 658.7999847053734 80.6401982613248
124.0 -4310.568215525562 2252.399412470083 4339.536334751939 152.41160085801232 41.927912770279185 149.48653091482004 7376.72524064639 -1042.4718776029445 -4.882650173545244 7450.02327055797 1.7958624425956683e-09 658.7555984151512 80.6070187919183
125.0 -4314.5937636804865 2246.179860467343 4338.752105347868 152.4984901484368 41.91870674437251 149.47821512123105 7375.568006439351 -1050.6663399664144 -4.922607783413582 7450.02868501978 1.7966180783244579e-09 658.710837991214 80.5735793265404
126.0 -4318.614040673899 2239.957684487753 4337.96162379434 152.58535333266775 41.90942863226833 149.46983276880113 7374.402284731801 -1058.855811177284 -4.962573256165797 7450.0341820058 1.7973802531649906e-09 658.6657028111055 80.53988003388434
127.0 -4322.629041114041 2233.732892660652 4337.164891212989 152.6721902238515 41.90007847740345 149.46138386917323 7373.2280931621135 -1067.0402562148718 -5.002546558201061 7450.039761481155 1.7981489814462468e-09 658.6201922360365 80.50592108178641
128.0 -4326.638759615297 2227.5054931183245 4336.361908734287 152.75900063562273 41.89065632351781 149.4528684341649 7372.045449480007 -1075.2196401658723 -5.042527655929803 7450.045423410683 1.7989242777453425e-09 658.5743056105005 80.47170263708348
129.0 -4330.643190798213 2221.275493995988 4335.552677497553 152.8457843821074 41.881162214653656 149.44428647578042 7370.8543715459255 -1083.3939282249357 -5.082516515793031 7450.051167758948 1.7997061568896971e-09 658.5280422620567 80.43722486559884
130.0 -4334.642329289491 2215.0429034317854 4334.737198650955 152.93254127792562 41.8715961951546 149.4356380062094 7369.654877330396 -1091.5630856952753 -5.122513104248355 7450.056994490229 1.8004946339604421e-09 658.4814015010413 80.40248793207363
131.0 -4338.636169722008 2208.8077295667717 4333.915473351496 153.01927113819445 41.861958309664544 149.42692303782283 7368.446984913391 -1099.7270779892497 -5.162517387774642 7450.06290356852 1.8012897242961018e-09 658.4343826202603 80.36749200008688
132.0 -4342.624706734819 2202.5699805449067 4333.087502765027 153.1059737785308 41.852248603126924 149.41814158317797 7367.230712483701 -1107.885870628944 -5.202529332876679 7450.068894957536 1.8020914434954834e-09 658.3869848947288 80.33223723201078
133.0 -4346.607934973156 2196.329664513045 4332.253288066233 153.19264901505431 41.84246712078368 149.4092936550111 7366.006078338276 -1116.0394292467572 -5.242548906072329 7450.074968620711 1.8028998074216863e-09 658.3392075813454 80.29672378891745
134.0 -4350.585849088448 2190.086789620925 4331.412830438642 153.27929666438993 41.83261390817422 149.40037926624692 7364.773100881591 -1124.187719585956 -5.2825760739114 7450.081124521188 1.8037148322046315e-09 658.2910499186505 80.26095183055095
135.0 -4354.558443738317 2183.84136402116 4330.566131074615 153.36591654367095 41.82268901113454 149.3913984299884 7363.531798624996 -1132.3307075012597 -5.322610802959048 7450.087362621832 1.8045365342453747e-09 658.2425111264805 80.22492151522177
136.0 -4358.525713586592 2177.5933958692276 4329.713191175353 153.45250847054155 41.812692475796254 149.382351159523 7362.282190186061 -1140.4683589593901 -5.362653059804643 7450.093682885217 1.8053649302189767e-09 658.1935904057061 80.18863299976506
137.0 -4362.487653303312 2171.34289332346 4328.854011950885 153.53907226315965 41.80262434858557 149.3732374683218 7361.024294287933 -1148.6006400396327 -5.402702811058134 7450.100085273639 1.8062000370780116e-09 658.1442869379334 80.15208643947138
138.0 -4366.444257564732 2165.0898645450343 4327.988594620077 153.62560774019963 41.792484676222365 149.364057370038 7359.758129758669 -1156.7275169343848 -5.44276002335198 7450.1065697490985 1.8070418720561694e-09 658.0945998851961 80.11528198801373
139.0 -4370.395521053335 2158.834317697962 4327.116940410624 153.7121147208548 41.782273505719175 149.35481087850664 7358.48371553059 -1164.8489559496963 -5.482824663343877 7450.113136273319 1.8078904526717745e-09 658.0445283896548 80.07821979737884
140.0 -4374.341438457832 2152.5762609490794 4326.239050559052 153.79859302484041 41.77199088438024 149.34549800774457 7357.201070639609 -1172.9649235058196 -5.522896697709143 7450.119784807728 1.8087457967312836e-09 657.9940715732963 80.04090001779998
141.0 -4378.282004473176 2146.315702468039 4325.354926310713 153.8850424723961 41.76163685980041 149.33611877195236 7355.91021422457 -1181.075386137735 -5.562976093144812 7450.126515313466 1.8096079223326447e-09 657.9432285376389 80.00332279769619
142.0 -4382.217213800564 2140.0526504272966 4324.464568919788 153.97146288428843 41.751211479864274 149.3266731855129 7354.611165526597 -1189.180310495679 -5.603062816375086 7450.133327751391 1.8104768478689707e-09 657.8919983634212 79.96548828359825
143.0 -4386.147061147446 2133.7871130021044 4323.567979649281 154.05785408181367 41.740714792745074 149.31716126298974 7353.303943888404 -1197.2796633456696 -5.64315683414452 7450.14022208206 1.8113525920322617e-09 657.840380110285 79.92739662007307
144.0 -4390.071541227528 2127.5190983704983 4322.66515977102 154.1442158868003 41.73014684690383 149.3075830191276 7351.988568753648 -1205.3734115700254 -5.683258113217221 7450.147198265753 1.812235173816944e-09 657.78837281647 79.88904794965661
145.0 -4393.990648760783 2121.2486147132913 4321.756110565653 154.2305481216116 41.71950769108807 149.29793846885232 7350.665059666235 -1213.4615221678766 -5.723366620380261 7450.154256262447 1.813124612523489e-09 657.7359754985024 79.85044241278378
146.0 -4397.904378473461 2114.97567021406 4320.840833322653 154.31685060914813 41.70879737433107 149.28822762727646 7349.333436269664 -1221.5439622556635 -5.763482322447771 7450.161396031835 1.814020927761523e-09 657.683187150913 79.81158014774076
147.0 -4401.812725098086 2108.700273059138 4319.9193293403105 154.40312317285023 41.698015945950736 149.2784505096888 7347.993718306345 -1229.620699067646 -5.80360518625514 7450.168617533314 1.8149241394544426e-09 657.6300067458668 79.7724612905525
148.0 -4405.71568337347 2102.4224314376033 4318.99159992573 154.4893656367006 41.687163455548585 149.26860713156196 7346.645925616911 -1237.691699956401 -5.843735178653333 7450.175920725991 1.8158342678423963e-09 657.5764332328873 79.7330859749421
149.0 -4409.613248044717 2096.1421535412687 4318.057646394832 154.57557782522673 41.67623995300868 149.2586975085435 7345.290078139553 -1245.7569323932994 -5.883872266524918 7450.183305568674 1.81675133348678e-09 657.5224655384915 79.69345433222392
150.0 -4413.505413863233 2089.859447564674 4317.117470072355 154.6617595635033 41.66524548849663 149.24872165647034 7343.926195909324 -1253.8163639689992 -5.924016416773156 7450.190772019877 1.817675357272622e-09 657.4681025659484 79.65356649128978
151.0 -4417.39217558673 2083.574321705075 4316.171072291849 154.74791067715466 41.654180112458675 149.23867959135654 7342.554299057467 -1261.869962393922 -5.96416759632325 7450.198320037825 1.8186063604134473e-09 657.4133431948914 79.61342257848739
152.0 -4421.273527979232 2077.2867841624316 4315.21845439567 154.83403099235727 41.643043875620336 149.2285713293967 7341.174407810719 -1269.9176954987279 -6.004325772120751 7450.205949580443 1.81954436445471e-09 657.358186281014 79.57302271756166
153.0 -4425.149465811086 2070.9968431394 4314.259617734987 154.92012033584194 41.63183682898569 149.21839688696642 7339.786542490623 -1277.9595312347747 -6.0444909111397465 7450.213660605355 1.8204893912775118e-09 657.3026306557482 79.53236702958385
154.0 -4429.019983858961 2064.7045068413227 4313.294563669778 155.00617853489635 41.62055902383617 149.208156280617 7338.390723512848 -1285.9954376745886 -6.084662980372741 7450.221453069893 1.8214414631028996e-09 657.2466751259085 79.49145563285657
155.0 -4432.8850769058645 2058.4097834762174 4312.323293568824 155.09220541736724 41.60921051172954 149.19784952708847 7336.986971386485 -1294.0253830123088 -6.124841946844072 7450.229326931088 1.8224006024944556e-09 657.1903184734358 79.45028864289232
156.0 -4436.744739741143 2052.112681254768 4311.345808809711 155.17820081166286 41.597791344498795 149.18747664329643 7335.575306713356 -1302.0493355641536 -6.1650277775880795 7450.23728214567 1.8233668323633392e-09 657.1335594549952 79.40886617228692
157.0 -4440.598967160489 2045.8132083903151 4310.362110778829 155.2641645467552 41.586301574251245 149.17703764633228 7334.155750187327 -1310.0672637688485 -6.205220439672985 7450.245318670072 1.8243401759721328e-09 657.0763968016468 79.36718833064566
158.0 -4444.447753965952 2039.5113730988437 4309.372200871367 155.35009645218227 41.574741253367165 149.1665325534749 7332.7283225936 -1318.0791361880733 -6.245419900186789 7450.253436460425 1.8253206569376021e-09 657.0188292185757 79.32525522455524
159.0 -4448.291094965937 2033.2071835989766 4308.3760804913145 155.4359963580502 41.56311043449907 149.15596138217765 7331.293044808024 -1326.084921506892 -6.285626126244665 7450.261635472559 1.826308299235801e-09 656.9608553846871 79.28306695745655
160.0 -4452.128984975223 2026.9006481119613 4307.373751051458 155.52186409503574 41.551409170570444 149.14532415007474 7329.849937796387 -1334.0845885341832 -6.325839084982135 7450.269915661999 1.8273031272053823e-09 656.9024739523039 79.24062362959427
161.0 -4455.961418814958 2020.591774861662 4306.36521397338 155.60769949438833 41.539637514774675 149.13462087498002 7328.3990226137175 -1342.0781062030617 -6.366058743557687 7450.278276983969 1.8283051655516293e-09 656.8436835468235 79.19792533793623
162.0 -4459.788391312672 2014.2805720745494 4305.350470687458 155.6935023879321 41.52779552057399 149.12385157488495 7326.940320403581 -1350.0654435712868 -6.406285069159821 7450.286719393385 1.829314439350586e-09 656.7844827663656 79.15497217608885
163.0 -4463.609897302284 2007.96704797969 4304.329522632861 155.7792726080684 41.51588324169848 149.11301626796254 7325.473852397375 -1358.0465698216835 -6.446518028996593 7450.295242844862 1.8303309740526538e-09 656.7248701814538 79.11176423423588
164.0 -4467.425931624107 2001.6512108087363 4303.302371257547 155.86500998777757 41.50390073214478 149.10211497256137 7323.999639913626 -1366.0214542625413 -6.4867575902995895 7450.303847292707 1.831354795487122e-09 656.6648443346398 79.06830159903765
165.0 -4471.236489124856 1995.3330687959183 4302.269018018265 155.95071436062128 41.49184804617527 149.0911477072111 7322.5177043572785 -1373.9900663280118 -6.527003720328253 7450.312532690921 1.8323859298656526e-09 656.6044037401895 79.02458435357538
166.0 -4475.041564657651 1989.0126301780308 4301.229464380553 156.03638556074452 41.47972523831669 149.08011449061988 7321.028067218983 -1381.9523755785062 -6.567256386362942 7450.321298993194 1.8334244037865324e-09 656.5435468837218 78.980612577263
167.0 -4478.841153082026 1982.6899031944263 4300.183711818727 156.12202342287767 41.46753236335928 149.0690153416698 7319.530750074394 -1389.908351701074 -6.607515555716532 7450.33014615291 1.834470244239139e-09 656.4822722218374 78.93638634575066
168.0 -4482.635249263942 1976.364896087003 4299.1317618158955 156.20762778233856 41.45526947635562 149.05785027942852 7318.025774583455 -1397.8579645097998 -6.647781195717016 7450.339074123142 1.8355234786068894e-09 656.4205781818341 78.8919057308927
169.0 -4486.4238480757795 1970.0376171001953 4298.073615863945 156.29319847503456 41.44293663261933 149.04661932313653 7316.513162489686 -1405.8011839461656 -6.688053273721721 7450.348082856656 1.8365841346725128e-09 656.3584631612837 78.84717080061755
170.0 -4490.20694439636 1963.7080744809648 4297.009275463539 156.3787353374644 41.43053388772436 149.0353224922109 7314.992935619466 -1413.7379800794254 -6.728331757113438 7450.3571723059 1.8376522406217751e-09 656.2959255277033 78.80218161886376
171.0 -4493.984533110944 1957.3762764787891 4295.938742124124 156.46423820672027 41.41806129750342 149.0239598062502 7313.465115881326 -1421.6683231069671 -6.768616613303948 7450.366342423014 1.8387278250471264e-09 656.2329636182269 78.75693824551959
172.0 -4497.756609111238 1951.0422313456525 4294.862017363919 156.54970692048983 41.405518918047306 149.0125312850289 7311.929725265227 -1429.5921833546845 -6.8089078097212905 7450.375593159823 1.8398109169523393e-09 656.1695757392207 78.71144073632087
173.0 -4501.523167295406 1944.705947336036 4293.779102709921 156.63514131705793 41.392906805703376 149.0010369485002 7310.386785841845 -1437.5095312773117 -6.849205313825564 7450.384924467837 1.840901545756386e-09 656.1057601659415 78.66568914278166
174.0 -4505.284202568072 1938.367432706907 4292.689999697896 156.7205412353087 41.380225017074785 148.9894768167918 7308.83631976186 -1445.4203374587814 -6.88950909310222 7450.394336298254 1.8419997390365368e-09 656.0415153542533 78.61968355924868
175.0 -4509.0397098403255 1932.0266957177093 4291.594709872385 156.80590651472738 41.36747360901912 148.9778509102089 7307.278349255245 -1453.3245726125688 -6.929819115062628 7450.403828601973 1.8431055127525768e-09 655.9768408575081 78.57342432674025
176.0 -4512.789684029735 1925.6837446303539 4290.493234786693 156.89123699540218 41.35465263864744 148.96615924923657 7305.71289663059 -1461.2222075820346 -6.97013534724249 7450.413401329633 1.8442188788626228e-09 655.9117366122928 78.52691187416575
177.0 -4516.534120060348 1919.3385877092076 4289.3855760028955 156.97653251802603 41.34176216332301 148.9544018545316 7304.139984274374 -1469.1132133407536 -7.010457757204449 7450.423054431608 1.845339849127678e-09 655.8462025816608 78.48014663898903
178.0 -4520.273012862695 1912.9912332210845 4288.271735091835 157.06179292389854 41.328802240660266 148.94257874693326 7302.559634650252 -1476.9975609928426 -7.050786312538662 7450.432787858008 1.8464684351085016e-09 655.7802387554242 78.43312906732137
179.0 -4524.00635737381 1906.6416894352346 4287.151713633109 157.14701805492768 41.31577292852364 148.93068994745076 7300.971870298327 -1484.87522177328 -7.091120980856431 7450.44260155868 1.8476046481625216e-09 655.713845150516 78.38585961396666
180.0 -4527.73414853722 1900.2899646233345 4286.025513215088 157.2322077536316 41.3026742850265 148.91873547727405 7299.376713834443 -1492.746167048215 -7.131461729801458 7450.452495483214 1.8487484994384901e-09 655.6470218114873 78.33833874256028
181.0 -4531.456381302963 1893.9360670594776 4284.893135434891 157.31736186314035 41.28950636852981 148.90671535776673 7297.774187949448 -1500.610368315281 -7.171808527041094 7450.462469580938 1.8498999998728487e-09 655.5797688109042 78.29056692563663
182.0 -4535.173050627593 1887.580005020163 4283.754581898399 157.40248022719766 41.276269237641216 148.89462961046863 7296.16431540848 -1508.4677972038994 -7.212161340266221 7450.472523800922 1.8510591601851334e-09 655.5120862498025 78.24254464473607
183.0 -4538.884151474182 1881.2217867842874 4282.60985422025 157.48756269016246 41.26296295121385 148.88247825709638 7294.547119050243 -1516.3184254755695 -7.252520137198076 7450.482658091974 1.8522259908735675e-09 655.4439742581308 78.19427239050391
184.0 -4542.58967881233 1874.8614206331322 4281.458954023835 157.57260909701083 41.2495875683451 148.87026131953974 7292.922621786285 -1524.1622250241658 -7.292884885580634 7450.492872402651 1.8534005022110414e-09 655.3754329951738 78.14575066277276
185.0 -4546.289627618171 1868.4989148503562 4280.301882941293 157.65761929333738 41.23614314837543 148.85797881986574 7291.290846600271 -1531.9991678762203 -7.333255553187769 7450.50316668125 1.854582704240318e-09 655.3064626500186 78.0969799706768
186.0 -4549.983992874382 1862.1342777219836 4279.138642613516 157.74259312535713 41.22262975088749 148.84563078031456 7289.65181654726 -1539.8292261912052 -7.373632107815524 7450.513540875812 1.8557726067700249e-09 655.2370634419789 78.04796083273307
187.0 -4553.672769570186 1855.7675175363956 4277.969234690144 157.82753043990687 41.20904743570466 148.83321722330317 7288.005554752981 -1547.6523722618044 -7.414014517288365 7450.523994934125 1.8569702193698821e-09 655.1672356210614 77.99869377695401
188.0 -4557.3559527013595 1849.3986425843195 4276.79366082956 157.91243108444695 41.195396262889986 148.82073817142285 7286.352084413109 -1555.4685785141805 -7.4544027494598595 7450.534528803725 1.8581755513664911e-09 655.0969794684038 77.94917934093667
189.0 -4561.033537270239 1843.0276611588176 4275.611922698893 157.99729490706272 41.181676292745124 148.8081936474403 7284.691428792532 -1563.2778175082467 -7.494796772202335 7450.545142431887 1.8593886118387761e-09 655.0262952967288 77.89941807196543
190.0 -4564.705518285732 1836.6545815552793 4274.4240219740095 158.0821217564661 41.16788758580911 148.7955836742921 7283.023611224639 -1571.0800619379106 -7.535196553421997 7450.5558357656455 1.8606094096140486e-09 654.955183450768 77.8494105270895
191.0 -4568.371890763314 1830.2794120714088 4273.229960339523 158.1669114819971 41.15403020285714 148.78290827509528 7281.348655110582 -1578.8752846313355 -7.575602061048926 7450.566608751776 1.8618379532624816e-09 654.883644307775 77.79915727326484
192.0 -4572.0326497250435 1823.902161007217 4272.029739488776 158.25166393362528 41.14010420489946 148.77016747313692 7279.666583918556 -1586.6634585511852 -7.616013263037416 7450.577461336812 1.8630742510936274e-09 654.8116782779215 77.74865888741203
193.0 -4575.687790199568 1817.5228366650103 4270.823361123853 158.33637896195128 41.12610965318032 148.7573612918784 7277.97742118307 -1594.4445567948592 -7.6564301273721185 7450.58839346703 1.8643183111514715e-09 654.7392858047801 77.6979159565341
194.0 -4579.337307222125 1811.141447349381 4269.610826955566 158.42105641820825 41.1120466091765 148.74448975495577 7276.28119050422 -1602.2185525947366 -7.696852622057918 7450.599405088463 1.86557014120986e-09 654.666467365784 77.64692907781831
195.0 -4582.981195834555 1804.7580013671966 4268.392138703464 158.5056961542632 41.09791513459646 148.731552886178 7274.577915546968 -1609.9854193183942 -7.737280715133011 7450.6104961469 1.86682974876812e-09 654.5932234726789 77.59569885873016
196.0 -4586.619451085304 1798.37250702759 4267.167298095822 158.59029802261853 41.08371529137897 148.718550709527 7272.867620040404 -1617.745130468842 -7.777714374654124 7450.621666587877 1.868097141046489e-09 654.5195546719839 77.54422591711457
197.0 -4590.252068029431 1791.9849726419502 4265.93630686964 158.6748618764132 41.069447141691995 148.70548324915814 7271.150327777039 -1625.4976596847257 -7.81815356871482 7450.632916356696 1.869372324981471e-09 654.4454615454584 77.49251088129992
198.0 -4593.879041728613 1785.5954065239114 4264.699166770647 158.75938756942432 41.055110747931586 148.6923505293983 7269.42606261205 -1633.2429807405579 -7.858598265424348 7450.644245398403 1.8706553072214377e-09 654.3709447105566 77.44055439019186
199.0 -4597.500367251156 1779.2038169893426 4263.455879553293 158.84387495606836 41.04070617272053 148.67915257474942 7267.694848462582 -1640.9810675469098 -7.899048432924815 7450.65565365781 1.8719460941216653e-09 654.2960048209126 77.38835709338949
200.0 -4601.116039671997 1772.8102123563388 4262.206446980748 158.92832389140244 41.0262334789074 148.66588940988458 7265.9567093070045 -1648.7118941506187 -7.939504039384701 7450.667141079488 1.87324469174008e-09 654.220642566788 77.33591965127279
201.0 -4604.726054072713 1766.414600945209 4260.950870824903 159.01273423112573 41.011692729565155 148.65256105965003 7264.211669184191 -1656.4354347349858 -7.979965052993748 7450.6787076077635 1.8745511058324222e-09 654.1448586755514 77.28324273511313
202.0 -4608.3304055415265 1760.0169910784678 4259.689152866363 159.09710583158048 40.99708398799006 148.63916754906228 7262.459752192789 -1664.15166361996 -8.020431441975347 7450.690353186726 1.8758653418478698e-09 654.068653912134 77.23032702716506
203.0 -4611.9290891733135 1753.617391080825 4258.421294894447 159.18143854975358 40.98240731770054 148.62570890331128 7260.700982490502 -1671.8605552623314 -8.06090317457108 7450.702077760228 1.877187404924056e-09 653.9920290795185 77.17717322078212
204.0 -4615.522100069607 1747.2158092791744 4257.147298707186 159.26573224327748 40.96766278243594 148.61218514775834 7258.935384293355 -1679.5620842559024 -8.101380219054136 7450.713881271889 1.8785172998825794e-09 653.9149850192019 77.12378202051262
205.0 -4619.109433338608 1740.8122540025854 4255.867166111324 159.34998677043163 40.95285044615525 148.59859630793775 7257.162981874974 -1687.2562253316664 -8.141862543723278 7450.725763665082 1.8798550312241485e-09 653.8375226116806 77.07015414220983
206.0 -4622.691084095186 1734.4067335822908 4254.580898922309 159.43420199014338 40.93797037303617 148.5849424095517 7255.383799565861 -1694.9429533579714 -8.182350116904558 7450.737724882955 1.881200603124365e-09 653.7596427768957 77.01629031311636
207.0 -4626.267047460891 1727.999256351679 4253.288498964295 159.51837776198948 40.92302262747362 148.57122347847837 7253.597861752667 -1702.6222433406906 -8.22284290694563 7450.74976486842 1.882554019428189e-09 653.6813464747592 76.9621912720007
208.0 -4629.837318563958 1721.5898306462816 4251.989968070139 159.60251394619686 40.90800727407873 148.55743954076223 7251.805192877473 -1710.2940704233715 -8.263340882224497 7450.761883564161 1.883915283646163e-09 653.6026347055767 76.90785776922375
209.0 -4633.401892539314 1715.1784648037656 4250.685308081403 159.68661040364395 40.89292437767762 148.5435906226202 7250.005817437058 -1717.9584098873938 -8.30384401114327 7450.774080912624 1.8852843989490378e-09 653.5235085105634 76.85329056686845
210.0 -4636.960764528581 1708.7651671639208 4249.37452084834 159.7706669958617 40.87777400331018 148.52967675044061 7248.1997599821825 -1725.6152371521086 -8.344352262134294 7450.7863568560315 1.8866613681631097e-09 653.4439689723204 76.79849043884099
211.0 -4640.513929680087 1702.3499460686521 4248.057608229908 159.85468358503462 40.86255621622889 148.51569795078296 7246.387045116864 -1733.2645277749914 -8.384865603649587 7450.798711336374 1.8880461937654557e-09 653.3640172153158 76.74345817097557
212.0 -4644.061383148872 1695.9328098619676 4246.734572093752 159.9386600340018 40.84727108189754 148.50165425037522 7244.567697497659 -1740.9062574517634 -8.425384004174703 7450.811144295421 1.889438877879406e-09 653.2836544063545 76.68819456112995
213.0 -4647.603120096689 1689.5137668899692 4245.405414316215 160.02259620625807 40.83191866599023 148.48754567611496 7242.741741832926 -1748.5404020165354 -8.465907432213385 7450.82365567471 1.890839422269622e-09 653.2028817550696 76.63270041929593
214.0 -4651.139135692022 1683.0928255008425 4244.070136782323 160.10649196595475 40.81649903438994 148.47337225506945 7240.909202882127 -1756.1669374419207 -8.506435856302346 7450.836245415557 1.8922478283372594e-09 653.1217005144107 76.57697656770648
215.0 -4654.669425110079 1676.6699940448461 4242.728741385795 160.19034717790083 40.80101225318749 148.45913401447888 7239.07010545509 -1763.7858398391631 -8.54696924500081 7450.848913459055 1.893664097114819e-09 653.0401119811509 76.52102384095505
216.0 -4658.193983532807 1670.2452808743026 4241.381230029033 160.27416170756385 40.785458388680276 148.44483098175027 7237.224474411299 -1771.3970854582517 -8.587507566892555 7450.86165974608 1.8950882292618944e-09 652.95811749634 76.46484308607882
217.0 -4661.712806148895 1663.818694343587 4240.027604623119 160.35793542107078 40.76983750737104 148.43046318445798 7235.372334659166 -1779.0006506880218 -8.628050790588645 7450.874484217277 1.896520225060271e-09 652.8757184457995 76.40843516266773
218.0 -4665.225888153782 1657.3902428091171 4238.667867087821 160.44166818520895 40.75414967596678 148.4160306503484 7233.513711155325 -1786.5965120562641 -8.668598884727885 7450.887386813085 1.8979600844085756e-09 652.792916260641 76.35180094299092
219.0 -4668.733224749665 1650.9599346293448 4237.302019351578 160.52535986742697 40.738394961377345 148.4015334073354 7231.648628903904 -1794.18464622982 -8.709151817975567 7450.900367473713 1.8994078068178533e-09 652.7097124177328 76.29494131208611
220.0 -4672.2348111454985 1644.5277781647437 4235.93006335151 160.6090103358355 40.722573430714505 148.38697148350278 7229.777112955816 -1801.7650300146815 -8.749709559018129 7450.913426139167 1.900863391406416e-09 652.626108440209 76.23785716787783
221.0 -4675.730642557011 1638.0937817778001 4234.55200103341 160.6926194592082 40.70668515129049 148.3723449071003 7227.899188408037 -1809.337640356072 -8.790272076571796 7450.926562749228 1.902326836895339e-09 652.5421058979414 76.18054942126969
222.0 -4679.220714206703 1631.6579538330025 4233.167834351739 160.7761871069825 40.690730190616854 148.35765370654826 7226.014880402899 -1816.9024543385303 -8.83083933937587 7450.939777243468 1.9037981416030818e-09 652.4577064080624 76.1230189962709
223.0 -4682.705021323858 1625.2203026968318 4231.777565269628 160.8597131492603 40.6747086164034 148.34289791043406 7224.1242141273715 -1824.459449185989 -8.871411316198078 7450.953069561248 1.90527730344089e-09 652.372911635444 76.06526683009191
224.0 -4686.183559144546 1618.7808367377509 4230.381195758877 160.94319745680892 40.658620496556864 148.32807754751227 7222.227214812347 -1832.0086022618484 -8.911987975828197 7450.966439641719 1.9067643199078558e-09 652.2877232931954 76.00729387325329
225.0 -4689.6563229116355 1612.339564326195 4228.978727799941 161.0266399010617 40.642465899179626 148.31319264670603 7220.323907731933 -1839.5498910690371 -8.952569287085453 7450.9798874238195 1.9082591880858177e-09 652.2021431431723 75.9491010897006
226.0 -4693.123307874789 1605.8964938345596 4227.570163381945 161.11004035411878 40.626244892568664 148.29824323710568 7218.414318202743 -1847.083293250083 -8.993155218809875 7450.9934128462855 1.9097619046345333e-09 652.116172996469 75.89068945690838
227.0 -4696.584509290484 1599.451633637193 4226.15550450267 161.1933986887478 40.60995754521422 148.2832293479673 7216.4984715831815 -1854.6087865871632 -9.033745739869687 7451.007015847643 1.9112724657868492e-09 652.0298147139123 75.83205996598413
228.0 -4700.039922422004 1593.0049921103844 4224.734753168554 161.27671477838462 40.59360392579873 148.2681510087154 7214.576393272743 -1862.1263490021554 -9.074340819159147 7451.020696366219 1.912790867343447e-09 651.9430702065805 75.77321362178864
229.0 -4703.489542539457 1586.5565776323544 4223.307911394685 161.35998849713388 40.577184103195385 148.25300824894057 7212.648108711296 -1869.6359585566895 -9.114940425595591 7451.034454340135 1.9143171046680697e-09 651.8559414362936 75.71415144303717
230.0 -4706.933364919777 1580.106398583244 4221.874981204806 161.44321971976984 40.5606981464672 148.23780109839933 7210.713643378382 -1877.1375934521832 -9.155544528123187 7451.048289707307 1.915851172682545e-09 651.7684304161169 75.65487446240859
231.0 -4710.3713848467305 1573.6544633451058 4220.4359646313105 161.52640832173674 40.54414612486561 148.2225295870169 7208.773022792512 -1884.6312320298819 -9.196153095710088 7451.062202405461 1.9173930658614756e-09 651.6805392108843 75.5953837266673
232.0 -4713.803597610922 1567.200780301892 4218.9908637152375 161.6095541791496 40.527528107829234 148.20719374488482 7206.826272510461 -1892.1168527708892 -9.236766097350255 7451.076192372118 1.9189427782274566e-09 651.5922699376905 75.53568029676403
233.0 -4717.2299985098025 1560.745357839446 4217.539680506265 161.69265716879468 40.51084416498283 148.1917936022547 7204.873418126563 -1899.5944342961902 -9.277383502062321 7451.090259544602 1.920500303346661e-09 651.5036247663638 75.47576524792304
234.0 -4720.650582847676 1554.2882043454906 4216.082417062718 161.77571716813011 40.49409436613602 148.1763291895513 7202.9144852720165 -1907.06395536668 -9.318005278887199 7451.104403860049 1.9220656343224806e-09 651.4146059200499 75.41563966980351
235.0 -4724.065345935699 1547.8293282096195 4214.619075451559 161.85873405528642 40.47727878128193 148.1608005373585 7200.949499614178 -1914.5253948831698 -9.358631396895248 7451.118625255396 1.923638763791875e-09 651.3252156756414 75.35530466655675
236.0 -4727.474283091899 1541.3687378232853 4213.149657748387 161.941707709067 40.46039748059623 148.14520767643023 7198.978486855867 -1921.9787318864078 -9.399261825175586 7451.132923667389 1.9252196839192114e-09 651.2354563643509 75.29476135697958
237.0 -4730.877389641172 1534.9064415797905 4211.674166037432 162.02463800894856 40.44345053443571 148.12955063768197 7197.001472734672 -1929.4239455570792 -9.43989653284666 7451.147299032587 1.9268083863920333e-09 651.1453303721747 75.23401087459362
238.0 -4734.27466091529 1528.4424478742771 4210.19260241156 162.10752483508176 40.42643801333718 148.113829452198 7195.018483022248 -1936.8610152158058 -9.480535489051135 7451.161751287361 1.928404862415254e-09 651.054840140446 75.17305436778459
239.0 -4737.666092252908 1521.9767651037166 4208.704968972263 162.19036806829146 40.40935998801621 148.09804415122164 7193.02954352363 -1944.2899203231523 -9.521178662954526 7451.176280367893 1.930009102707039e-09 650.9639881662937 75.11189299987707
240.0 -4741.0516789995745 1515.5094016668986 4207.211267829661 162.27316759007735 40.392216529365996 148.08219476616662 7191.034680076531 -1951.71064047961 -9.561826023743606 7451.190886210178 1.931621097492563e-09 650.8727770032198 75.05052794929011
241.0 -4744.431416507731 1509.0403659644217 4205.7115011024935 162.35592328261419 40.37500770845598 148.06628132860757 7189.0339185506655 -1959.1231554255824 -9.602477540635391 7451.205568750036 1.93324083649985e-09 650.7812092615621 74.98896040961321
242.0 -4747.805300136722 1502.5696663986832 4204.205670918126 162.43863502875223 40.35773359653082 148.05030387028353 7187.027284847045 -1966.5274450413735 -9.643133182865427 7451.2203279231 1.934868308954304e-09 650.6892876090292 74.92719158973217
243.0 -4751.173325252798 1496.0973113738683 4202.693779412539 162.5213027120177 40.340394265009124 148.03426242309624 7185.014804897298 -1973.9234893471594 -9.683792919695861 7451.235163664823 1.9365035035737494e-09 650.5970147712072 74.8652227139352
244.0 -4754.53548722913 1489.62330929594 4201.175828730329 162.603926216613 40.32298978548216 148.01815701911156 7182.996504662986 -1981.311268502964 -9.72445672041124 7451.250075910485 1.938146408563155e-09 650.504393532086 74.80305502203126
245.0 -4757.891781445808 1483.1476685726302 4199.651821024707 162.68650542741705 40.30552022971274 148.0019876905612 7180.972410134911 -1988.690762808622 -9.765124554322483 7451.265064595185 1.9397970116093034e-09 650.4114267345874 74.74068976946963
246.0 -4761.242203289847 1476.6703976134274 4198.121758457494 162.76904022998573 40.28798566963397 147.98575446983753 7178.942547332437 -1996.0619527037493 -9.80579639075927 7451.280129653851 1.941455304469742e-09 650.318116717209 74.6781281229892
247.0 -4764.586748155198 1470.1915048295673 4196.58564319912 162.85153051055204 40.27038617734805 147.96945738949674 7176.90694230276 -2003.4248187676815 -9.846472199075379 7451.295271021183 1.943121305271731e-09 650.2244625767685 74.61537065360876
248.0 -4767.925411442753 1463.7109986340226 4195.043477428615 162.93397615602632 40.25272182512501 147.95309648225432 7174.865621120167 -2010.779341719407 -9.887151948654264 7451.310488631598 1.944795042038867e-09 650.1304621903718 74.55241771117059
249.0 -4771.258188560347 1457.2288874414946 4193.495263333617 163.01637705399662 40.23499268540162 147.93667178099278 7172.818609885351 -2018.1255024175225 -9.92783560889518 7451.325782419225 1.946476543244712e-09 650.0361133747562 74.48926963912984
250.0 -4774.58507492277 1450.7451796683997 4191.941003110362 163.09873309272882 40.21719883078004 147.92018331875536 7170.765934724735 -2025.4632818601676 -9.968523149226371 7451.3411523179 1.9481658378044455e-09 649.941413887244 74.42592677473084
251.0 -4777.906065951771 1444.2598837328617 4190.380698963682 163.181044161167 40.199340334026786 147.90363112874445 7168.707621789787 -2032.7926611849684 -10.009214539093136 7451.356598261161 1.9498629550785277e-09 649.8463614251885 74.36238944891703
252.0 -4781.221157076062 1437.7730080547005 4188.814353107006 163.26331014893327 40.18141726807133 147.88701524432958 7166.6436972563515 -2040.113621668962 -10.049909747973857 7451.372120182255 1.951567924875381e-09 649.7509536254777 74.29865798627802
253.0 -4784.530343731328 1431.284561055423 4187.241967762352 163.3455309463284 40.16342970600494 147.87033569903764 7164.574187323973 -2047.4261447285385 -10.090608745360328 7451.387718014128 1.953280777455891e-09 649.6551880639295 74.234732704928
254.0 -4787.83362136023 1424.794551158213 4185.663545160328 163.42770644433153 40.14537772107963 147.85359252655763 7162.499118215232 -2054.730211919349 -10.13131150077902 7451.403391689435 1.9550015435364356e-09 649.5590622547768 74.17061391643998
255.0 -4791.13098541241 1418.3029867879184 4184.079087540129 163.5098365346006 40.12726138670681 147.8367857607403 7160.418516175064 -2062.0258049362433 -10.172017983772662 7451.419141140534 1.9567302542924302e-09 649.4625736501164 74.1063019257601
256.0 -4794.422431344506 1411.8098763710445 4182.488597149533 163.5919211094723 40.109080776456075 147.8199154355973 7158.332407470101 -2069.3129056131697 -10.212728163911265 7451.4349662994755 1.958466941361928e-09 649.3657196393591 74.04179703112047
257.0 -4797.707954620146 1405.3152283357429 4180.892076244898 163.67396006196216 40.09083596405401 147.80298158530076 7156.240818388007 -2076.591495923091 -10.253442010791787 7451.450867098019 1.9602116368491843e-09 649.2684975486789 73.97709952395275
258.0 -4800.987550709961 1398.8190511118 4179.289527091162 163.7559532857647 40.07252702338311 147.7859842441825 7154.143775236806 -2083.861557977894 -10.294159494033693 7451.466843467619 1.961964373328263e-09 649.1709046404598 73.91220968880089
259.0 -4804.261215091593 1392.3213531306274 4177.680951961838 163.83790067525334 40.05415402848038 147.76892344673584 7152.041304344226 -2091.1230740282904 -10.334880583279755 7451.482895339427 1.963725183846365e-09 649.0729381127585 73.84712780324354
260.0 -4807.528943249693 1385.8221428252536 4176.066353139009 163.91980212548052 40.035717053536324 147.75179922761208 7149.9334320570415 -2098.376026463704 -10.375605248204465 7451.499022644292 1.965494101927735e-09 648.9745950987343 73.7818541377956
261.0 -4810.790730675937 1379.3214286303112 4174.445732913331 164.0016575321777 40.01721617289362 147.73461162162408 7147.820184740411 -2105.620397812181 -10.416333458501413 7451.515225312761 1.9672711615768095e-09 648.8758726661198 73.71638895583744
262.0 -4814.046572869024 1372.8192189820275 4172.819093584025 164.0834667917553 39.998651461045874 147.71736066374228 7145.701588777226 -2112.856170740266 -10.457065183890336 7451.531503275071 1.969056397282169e-09 648.7767678166482 73.65073251351474
263.0 -4817.296465334688 1366.3155223182155 4171.186437458877 164.1652298013028 39.980022992636634 147.7000463890992 7143.577670567455 -2120.083328052889 -10.497800394118258 7451.547856461158 1.970849844019606e-09 648.6772774855281 73.5848850596706
264.0 -4820.540403585701 1359.8103470782626 4169.547766854234 164.24694645858844 39.961330842458025 147.68266883298313 7141.448456527496 -2127.301852693247 -10.538539058959259 7451.564284800647 1.972651537256324e-09 648.5773985408557 73.51884683573638
265.0 -4823.778383141878 1353.303701703122 4167.903084095004 164.32861666205932 39.942575085449505 147.6652280308432 7139.313973089522 -2134.511727742676 -10.579281148214022 7451.580788222854 1.974461512953942e-09 648.4771277830931 73.45261807566631
266.0 -4827.010399530088 1346.7955946352997 4166.252391514645 164.41024031084135 39.923755796696895 147.64772401828668 7137.174246700836 -2141.7129364205293 -10.620026631703922 7451.597366656786 1.9762798075723307e-09 648.3764619444997 73.38619900584145
267.0 -4830.236448284253 1340.286034318847 4164.5956914551725 164.491817304739 39.90487305143087 147.6301568310787 7135.029303823232 -2148.9054620840366 -10.660775479285121 7451.614020031141 1.978106458073184e-09 648.2753976885781 73.31958984498351
268.0 -4833.456524945363 1333.7750291993489 4162.932986267152 164.5733475442353 39.88592692502611 147.61252650514268 7132.879170932343 -2156.089288228175 -10.701527660832198 7451.630748274301 1.979941501923519e-09 648.1739316095245 73.25279080407132
269.0 -4836.6706250614725 1327.2625877239145 4161.264278309695 164.6548309304916 39.866917492999825 147.59483307656112 7130.723874517011 -2163.264398485516 -10.742283146255204 7451.647551314339 1.9817849770991516e-09 648.0720602316786 73.18580208625801
270.0 -4839.878744187713 1320.7487183411674 4159.589569950458 164.73626736534743 39.84784483101073 147.5770765815703 7128.563441078639 -2170.430776626094 -10.783041905486016 7451.66442907901 1.9836369220887927e-09 647.9697800089407 73.11862388676577
271.0 -4843.080877886298 1314.233429501234 4157.908863565635 164.81765675132036 39.82870901485777 147.5592570565683 7126.397897130561 -2177.5884065572523 -10.82380390848084 7451.681381495756 1.9854973758967765e-09 647.867087324262 73.05125639283015
272.0 -4846.277021726526 1307.716729655735 4156.222161539967 164.89899899160574 39.80951012047898 147.54137453810708 7124.22726919741 -2184.737272323478 -10.86456912523522 7451.698408491698 1.9873663780474306e-09 647.7639784890471 72.983699783585
273.0 -4849.467171284791 1301.1986272577742 4154.529466266721 164.98029399007652 39.79024822395031 147.52342906289735 7122.051583814485 -2191.877358106264 -10.905337525759933 7451.715509993645 1.989243968588136e-09 647.6604497426247 72.91595422999468
274.0 -4852.651322144586 1294.679130761928 4152.830780147704 165.061541651283 39.77092340148433 147.50542066780548 7119.870867527117 -2199.0086482239303 -10.946109080103042 7451.732685928084 1.9911301880932033e-09 647.5564972516768 72.84801989475682
275.0 -4855.829469896508 1288.158248624237 4151.126105593249 165.14274188045255 39.751535729429264 147.4873493898532 7117.685146890052 -2206.13112713147 -10.986883758333306 7451.749936221179 1.9930250776674653e-09 647.4521171096803 72.7798969322152
276.0 -4859.001610138269 1281.6359893021943 4149.415445022218 165.2238945834894 39.73208528426751 147.46921526622376 7115.494448466822 -2213.2447794203727 -11.027661530553587 7451.767260798779 1.9949286789491917e-09 647.3473053363881 72.71158548829735
277.0 -4862.167738474695 1275.1123612547356 4147.698800861995 165.30499966697428 39.71257214261475 147.45101833424812 7113.298798829121 -2220.349589818452 -11.06844236689335 7451.7846595864 1.9968410341151025e-09 647.2420578771927 72.64308570037608
278.0 -4865.327850517736 1268.5873729422292 4145.976175548484 165.3860570381641 39.692996381218606 147.43275863141753 7111.09822455619 -2227.4455431896727 -11.109226237510711 7451.802132509245 1.9987621858826095e-09 647.1363706026431 72.57439769723126
279.0 -4868.481941886473 1262.0610328264663 4144.247571526113 165.46706660499174 39.67335807695746 147.41443619537912 7108.892752234201 -2234.5326245339606 -11.15001311259607 7451.819679492184 2.000692177513842e-09 647.0302393078633 72.50552159894698
280.0 -4871.63000820712 1255.5333493706494 4142.512991247817 165.54802827606557 39.65365730683939 147.3960510639318 7106.682408455637 -2241.610818987026 -11.190802962366433 7451.837300459763 2.0026310528196507e-09 646.9236597119722 72.43645751680998
281.0 -4874.772045113036 1249.004331039384 4140.772437175048 165.6289419606691 39.63389414800082 147.37760327503506 7104.467219818687 -2248.680111820169 -11.231595757069272 7451.854995336201 2.0045788561622314e-09 646.8166274575779 72.36720555325678
282.0 -4877.908048244725 1242.4739862986673 4139.025911777767 165.70980756876077 39.61406867770554 147.35909286679538 7102.247212926632 -2255.7404884400894 -11.272391466981162 7451.872764045386 2.0065356324601395e-09 646.7091381101417 72.29776580173608
283.0 -4881.038013249844 1235.9423236158786 4137.2734175344385 165.79062501097323 39.59418097334347 147.34051987747847 7100.0224143872365 -2262.791934388686 -11.313190062415288 7451.890606510877 2.0085014271905578e-09 646.6011871574932 72.22813834666887
284.0 -4884.161935783213 1229.4093514597687 4135.514956932033 165.8713941986134 39.57423111242932 147.3218843455054 7097.792850812153 -2269.8344353428647 -11.353991513704159 7451.908522655902 2.0104762863932693e-09 646.4927700092499 72.1583232633473
285.0 -4887.2798115068135 1222.8750783004496 4133.750532466018 165.95211504366142 39.55421917260175 147.3031863094475 7095.55854881631 -2276.867977114322 -11.394795791221668 7451.926512403353 2.012460256674765e-09 646.3838819962316 72.08832061782964
286.0 -4890.391636089801 1216.3395126093849 4131.9801466403605 166.03278745877085 39.534145231621864 147.28442580803042 7093.319535017316 -2283.8925456493475 -11.435602865366945 7451.94457567579 2.0144533852113896e-09 646.2745183699255 72.01813046686861
287.0 -4893.497405208506 1209.80266285938 4130.203801967521 166.1134113572677 39.5140093673723 147.2656028801361 7091.075836034871 -2290.908127028607 -11.476412706573 7451.962712395439 2.0164557197526803e-09 646.1646743019421 71.94775285783308
288.0 -4896.5971145464455 1203.2645375245702 4128.4215009684485 166.19398665315018 39.493811657855936 147.24671756479447 7088.827478490158 -2297.9147074669277 -11.517225285304903 7451.980922484183 2.0184673086258315e-09 646.0543448834076 71.87718782859005
289.0 -4899.690759794323 1196.7251450804122 4126.633246172583 166.27451326108826 39.47355218119478 147.22776990119462 7086.574489005263 -2304.9122733130835 -11.558040572056143 7451.999205863575 2.020488200738065e-09 645.9435251244738 71.80643540746037
290.0 -4902.778336650038 1190.1844940036729 4124.8390401178485 166.35499109642294 39.453231015628845 147.2087599286714 7084.3168942025795 -2311.9008110495643 -11.598858537359547 7452.017562454821 2.022518445581622e-09 645.8322099536814 71.73549561308211
291.0 -4905.859840818692 1183.6425927724206 4123.038885350649 166.4354200751659 39.43284823951479 147.18968768671738 7082.054720704227 -2318.88030729236 -11.639679151772043 7452.035992178789 2.0245580932360628e-09 645.7203942174727 71.66436845436861
292.0 -4908.935268012594 1177.0994498660134 4121.232784425868 166.51580011399892 39.41240393132512 147.1705532149754 7079.787995131464 -2325.8507487907264 -11.680502385887166 7452.0544949560035 2.0266071943726053e-09 645.6080726795914 71.59305393039473
293.0 -4912.004613951262 1170.55507376509 4119.420739906865 166.5961311302732 39.39189816964675 147.15135655323834 7077.516744104114 -2332.8121224269453 -11.72132821033756 7452.073070706649 2.0286658002577326e-09 645.4952400205233 71.521552030309
294.0 -4915.067874361438 1164.009472951559 4117.602754365471 166.67641304200893 39.37133103317986 147.13209774145182 7075.2409942399745 -2339.764415216102 -11.762156595778833 7452.09171935056 2.0307339627564606e-09 645.3818908369556 71.44986273325739
295.0 -4918.125044977087 1157.4626559085884 4115.778830381988 166.7566457678946 39.35070260073697 147.11277681971552 7072.9607721542525 -2346.7076143058343 -11.802987512907066 7452.110440807227 2.0328117343357505e-09 645.2680196412279 71.37798600830203
296.0 -4921.176121539402 1150.9146311205968 4113.9489705451815 166.8368292272865 39.330012951241585 147.09339382827352 7070.676104458991 -2353.6417069760932 -11.843820932453582 7452.129234995794 2.0348991680691163e-09 645.1536208607171 71.30592181429826
297.0 -4924.221099796817 1144.3654070732418 4112.113177452281 166.91696334020787 39.30926216372706 147.07394880752824 7068.387017762492 -2360.5666806389 -11.88465682517699 7452.1481018350505 2.0369963176386773e-09 645.0386888373641 71.2336700998604
298.0 -4927.259975505006 1137.814992253411 4110.271453708978 166.9970480273485 39.28845031733564 147.05444179802853 7066.093538668758 -2367.482522838086 -11.925495161878871 7452.1670412434405 2.039103237339999e-09 644.9232178270466 71.16123080323094
299.0 -4930.292744426891 1131.2633951492098 4108.423801929416 167.07708321006396 39.26757749131712 147.0348728404725 7063.795693776919 -2374.3892212490496 -11.966335913391276 7452.186053139052 2.0412199820853463e-09 644.8072019990394 71.08860385220429
300.0 -4933.31940233265 1124.7106242499547 4106.570224736197 167.15706881037488 39.246643765027756 147.01524197570956 7061.493509680678 -2381.286763678495 -12.007179050584682 7452.2051374396215 2.0433466074070154e-09 644.690635435469 71.01578916404836
301.0 -4936.339944999718 1118.1566880461596 4104.710724760368 167.23700475096632 39.225649217929266 146.9955492447389 7059.187012967748 -2388.1751380641736 -12.048024544362761 7452.22429406253 2.0454831694244416e-09 644.5735121482198 70.94278664678562
302.0 -4939.3543682128 1111.6015950295282 4102.845304641429 167.31689095518715 39.20459392958744 146.97579468871095 7056.876230219306 -2395.054332474623 -12.088872365664429 7452.24352292481 2.047629719142236e-09 644.4558288011452 70.86959641317979
303.0 -4942.3626677638695 1105.045353692942 4100.973967027319 167.39672734704914 39.18347797967137 146.9559783489185 7054.561188009458 -2401.924335108908 -12.12972248546771 7452.262823943166 2.0497862961093546e-09 644.3375877376375 70.79621901869677
304.0 -4945.36483945218 1098.487972530451 4099.096714574421 167.4765138512263 39.16230144795187 146.93610026681378 7052.24191290472 -2408.7851342963595 -12.170574874788826 7452.282197034003 2.05195293867584e-09 644.2187920861707 70.722655076707
305.0 -4948.360879084264 1091.9294600372643 4097.213549947552 167.55625039305423 39.1410644143008 146.91616048398544 7049.918431463462 -2415.6367184963046 -12.211429504677199 7452.301642113421 2.0541296854666936e-09 644.0994450591212 70.64890520324074
306.0 -4951.35078247395 1085.369824709738 4095.324475819966 167.63593689852925 39.11976695868957 146.8961590421812 7047.590770235372 -2422.479076297789 -12.252286346221808 7452.321159097218 2.056316575380533e-09 643.9795499535006 70.574970017076
307.0 -4954.334545442358 1078.8090750453657 4093.429494873348 167.71557329430763 39.098409161188286 146.87609598329175 7045.258955760907 -2429.3121964193006 -12.293145370547563 7452.3407479008865 2.0585136475924826e-09 643.8591101514554 70.50085013968285
308.0 -4957.312163817909 1072.2472195427697 4091.5286097978083 167.79515950770482 39.07699110196454 146.8559713493546 7042.923014570764 -2436.1360677084876 -12.334006548818707 7452.360408439615 2.06072094155486e-09 643.7381291208889 70.4265461952426
309.0 -4960.283633436331 1065.6842667016888 4089.621823291884 167.87469546669465 39.05551286128221 146.83578518255567 7040.5829731853355 -2442.9506791418753 -12.374869852234724 7452.380140628286 2.062938496998143e-09 643.6166104160665 70.3520588106572
310.0 -4963.248950140665 1059.1202250229692 4087.7091380625307 167.95418109990842 39.03397451950045 146.815537525231 7038.238858114186 -2449.756019824576 -12.415735252037393 7452.399944381479 2.065166353931885e-09 643.4945576782231 70.27738861556026
311.0 -4966.208109781272 1052.5551030085542 4085.7905568251253 168.03361633663422 39.01237615707256 146.79522841985943 7035.890695855516 -2456.5520789900033 -12.4566027195051 7452.4198196134685 2.0674045526466544e-09 643.3719746361153 70.20253624229375
312.0 -4969.161108215834 1045.9889091614732 4083.8660823034543 168.1130011068159 38.99071785454487 146.77485790906755 7033.538512895634 -2463.338845999575 -12.497472225954652 7452.439766238213 2.0696531337145896e-09 643.2488651066469 70.1275023259309
313.0 -4972.107941309367 1039.4216519858326 4081.935717229721 168.19233534105237 38.968999692555606 146.7544260356291 7031.182335708442 -2470.1163103424246 -12.538343742738562 7452.459784169379 2.0719121379905952e-09 643.1252329954619 70.05228750427783
314.0 -4975.048604934219 1032.853339986805 4079.9994643445316 168.2716189705966 38.94722175183382 146.73393284246558 7028.822190754908 -2476.88446163509 -12.57921724125572 7452.479873320315 2.0741816066133835e-09 643.0010822975422 69.97689241787982
315.0 -4977.983094970084 1026.2839816706185 4078.0573263968995 168.3508519273548 38.9253841131983 146.7133783726401 7026.458104482544 -2483.6432896212264 -12.62009269293435 7452.500033604062 2.076461581007258e-09 642.8764170977665 69.90131771000333
316.0 -4980.911407303998 1019.7135855445475 4076.109306144239 168.43003414388542 38.90348685755643 146.69276266936237 7024.0901033249065 -2490.3927841712893 -12.660970069254063 7452.520264933361 2.07875210288269e-09 642.7512415715346 69.82556402665774
317.0 -4983.833537830356 1013.1421601169022 4074.1554063523613 168.5091655533984 38.88153006590316 146.67208577599027 7021.718213701066 -2497.1329352822368 -12.701849341725165 7452.540567220635 2.081053214237232e-09 642.6255599853711 69.74963201660589
318.0 -4986.74948245091 1006.5697138970179 4072.1956297954725 168.58824608975394 38.85951381931976 146.65134773602406 7019.3424620151145 -2503.863733077214 -12.742730481902072 7452.560940378006 2.08336495735728e-09 642.4993766974845 69.67352233134639
319.0 -4989.659237074775 999.9962553952449 4070.22997925617 168.66727568746194 38.837438198972976 146.63054859311018 7016.962874655647 -2510.5851678052445 -12.783613461378081 7452.58138431728 2.0856873748187536e-09 642.3726961583831 69.5972356251318
320.0 -4992.562797618438 993.4217931229387 4068.258457525438 168.7462542816807 38.81530328611372 146.6096883910366 7014.579477995265 -2517.297229840912 -12.824498251788327 7452.601898949954 2.0880205094887114e-09 642.2455229114402 69.52077255495573
321.0 -4995.460160005762 986.8463355924491 4066.281067402646 168.82518180821614 38.79310916207608 146.58876717373823 7012.192298390079 -2523.9999096840447 -12.865384824806597 7452.62248418722 2.0903644045258525e-09 642.117861593518 69.4441337805765
322.0 -4998.351320167993 980.269891317111 4064.297811695543 168.9040582035207 38.770855908276275 146.5677849852913 7009.801362179204 -2530.693197959391 -12.90627315215238 7452.6431399399535 2.092719103382246e-09 641.9897169355276 69.36731996450061
323.0 -5001.236274043765 973.6924688112332 4062.308693220256 168.98288340469242 38.7485436062115 146.54674186991923 7007.406695684274 -2537.3770854163045 -12.947163205579955 7452.663866118719 2.0950846498037584e-09 641.8610937630539 69.29033177200841
324.0 -5004.115017579104 967.1140765900886 4060.3137148012866 169.0616573494739 38.726172337458856 146.5256378719844 7005.008325208943 -2544.051562928407 -12.988054956893393 7452.68466263377 2.0974610878320833e-09 641.7319969968977 69.21316987112762
325.0 -5006.987546727436 960.5347231699042 4058.312879271505 169.14037997625127 38.70374218367434 146.50447303599492 7002.606277038407 -2550.7166214932713 -13.028948377931101 7452.705529395052 2.099848461805068e-09 641.6024316537071 69.13583493266232
326.0 -5009.8538574495915 953.9544170678499 4056.306189472151 169.21905122405312 38.68125322659177 146.48324740659888 7000.200577438907 -2557.372252232087 -13.06984344057696 7452.72646631219 2.102246816358448e-09 641.4724028465316 69.05832763017575
327.0 -5012.713945713814 947.3731668020297 4054.2936482528266 169.29767103254952 38.6587055480216 146.46196102859057 6997.791252657258 -2564.018446389321 -13.110740116756233 7452.7474732945 2.104656196426238e-09 641.3419157854497 68.980648640017
328.0 -5015.567807495759 940.7909808914702 4052.275258471494 169.3762393420509 38.63609922984999 146.4406139469028 6995.378328920367 -2570.6551953323924 -13.151638378437383 7452.768550250984 2.1070766472426793e-09 641.2109757781105 68.90279864129685
329.0 -5018.415438778509 934.2078678561113 4050.2510229944724 169.4547560935069 38.613434354037665 146.4192062066123 6992.961832434753 -2577.2824905513253 -13.192538197634804 7452.789697090328 2.1095082143427166e-09 641.0795882303544 68.8247783159113
330.0 -5021.256835552573 927.6238362167954 4048.220944696433 169.53322122850545 38.59071100261892 146.39773785293568 6990.541789386083 -2583.9003236584135 -13.233439546402678 7452.810913720907 2.111950943563534e-09 640.9477586467754 68.74658834853079
331.0 -5024.091993815889 921.0388944952574 4046.185026460398 169.61163468927163 38.56792925770057 146.37620893123002 6988.118225938695 -2590.50868638788 -13.274342396839074 7452.832200050778 2.114404881045565e-09 640.8154926313125 68.66822942660627
332.0 -5026.920909573841 914.4530512141146 4044.143271177735 169.6899964186664 38.54508920146073 146.35461948699597 6985.691168235133 -2597.1075705955263 -13.315246721085714 7452.853555987678 2.1168700732332208e-09 640.6827958878531 68.58970224038404
333.0 -5029.743578839253 907.8663148968559 4042.095681748155 169.76830636018565 38.52219091614798 146.33296956587373 6983.260642395688 -2603.6969682583867 -13.35615249133184 7452.874981439037 2.1193465668764125e-09 640.5496742207949 68.51100748289521
334.0 -5032.559997632401 901.2786940678319 4040.042261079707 169.846564457959 38.499234484080255 146.31125921364105 6980.826674517933 -2610.2768714743843 -13.397059679804443 7452.896476311962 2.1218344090318557e-09 640.4161335356172 68.43214584995219
335.0 -5035.370161981018 894.6901972522454 4037.9830120887755 169.92477065674862 38.476219987643695 146.28948847621913 6978.389290676265 -2616.8472724619687 -13.437968258782803 7452.918040513243 2.1243336470634676e-09 640.2821798395014 68.35311804017368
336.0 -5038.174067920299 888.10083297614 4035.9179377000773 170.00292490194812 38.45314750929176 146.26765739966697 6975.948516921459 -2623.408163559776 -13.478878200581448 7452.939673949355 2.126844328644071e-09 640.1478192418787 68.27392475496812
337.0 -5040.971711492904 881.5106097663906 4033.8470408466596 170.08102713958132 38.43001713154406 146.24576603018468 6973.504379280209 -2629.959537226253 -13.519789477574022 7452.961376526454 2.1293665017560827e-09 640.0130579550337 68.19456669854934
338.0 -5043.763088748969 874.9195361506927 4031.770324469891 170.15907731630122 38.40682893698549 146.22381441410818 6971.056903754679 -2636.501386039324 -13.560702062165092 7452.983148150374 2.1319002146931796e-09 639.8779022946529 68.11504457792111
339.0 -5046.548195746104 868.3276206575529 4029.6877915194627 170.23707537938853 38.383583008264914 146.20180259791388 6968.6061163220675 -2643.033702696009 -13.601615926814475 7453.004988726636 2.134445516060819e-09 639.7423586804334 68.03535910289781
340.0 -5049.327028549412 861.7348718162774 4027.5994449533846 170.31502127675068 38.36027942809441 146.17973062821966 6966.152042934155 -2649.5564800120683 -13.642531044028374 7453.026898160434 2.137002454777181e-09 639.6064336366695 67.95551098611142
341.0 -5052.099583231475 855.1412981569632 4025.5052877379794 170.39291495692066 38.33691827924822 146.15759855177348 6963.694709516875 -2656.069710921645 -13.683447386352555 7453.048876356647 2.1395710800755337e-09 639.4701337927615 67.87550094297434
342.0 -5054.865855872378 848.5469082104869 4023.405322847881 170.47075636905552 38.31349964456157 146.13540641546808 6961.23414196987 -2662.573388476886 -13.724364926385306 7453.0709232198315 2.1421514415035835e-09 639.3334658838843 67.79532969173592
343.0 -5057.625842559708 841.9517105084949 4021.2995532660284 170.5485454629354 38.290023606929694 146.1131542663339 6958.770366166065 -2669.0675058475854 -13.765283636767663 7453.093038654223 2.144743588925338e-09 639.1964367515203 67.71499795346047
344.0 -5060.379539388553 835.355713583393 4019.1879819836663 170.62628218896214 38.26649024930694 146.09084215153334 6956.303407951235 -2675.552056320803 -13.806203490193639 7453.115222563734 2.147347572522819e-09 639.0590533440014 67.63450645201014
345.0 -5063.126942461519 828.7589259683361 4017.070612000338 170.703966498158 38.24289965470567 146.0684701183713 6953.833293143583 -2682.027033300501 -13.84712445940022 7453.137474851957 2.149963442795873e-09 638.921322717149 67.55385591408675
346.0 -5065.868047888727 822.1613561972183 4014.947446323881 170.7815983421645 38.21925190619524 146.04603821428518 6951.360047533312 -2688.4924303071634 -13.888046517176235 7453.159795422162 2.1525912505643745e-09 638.7832520347866 67.47304706919901
347.0 -5068.60285178782 815.5630128046621 4012.818487970427 170.85917767324116 38.19554708690102 146.02354648684897 6948.883696882203 -2694.9482409774273 -13.928969636350757 7453.182184177289 2.1552310469687848e-09 638.6448485693389 67.39208064968084
348.0 -5071.331350283975 808.963904326009 4010.6837399643964 170.93670444426394 38.171785280003384 146.00099498377554 6946.404266923211 -2701.39445906369 -13.96989378981334 7453.204641019962 2.1578828834709156e-09 638.5061197024175 67.31095739070314
349.0 -5074.053539509897 802.3640392973081 4008.5432053384916 171.0141786087243 38.147966568736756 145.97838375290948 6943.921783360045 -2707.8310784337473 -14.010818950494922 7453.227165852486 2.1605468024812128e-09 638.3670709299581 67.22967805698644
350.0 -5076.769415605838 795.7634262553071 4006.396887133699 171.0916001207277 38.12409103638851 145.95571284223394 6941.436271866832 -2714.2580930704376 -14.051745091374642 7453.249758576924 2.1632228036116004e-09 638.2276986796552 67.14824353907132
351.0 -5079.478974719592 789.1620737374409 4004.244788399281 171.1689689349922 38.10015876629806 145.93298229986547 6938.947758087809 -2720.6754970712864 -14.092672185483025 7453.272419095202 2.165910873662928e-09 638.0879966940241 67.06665476778831
352.0 -5082.182213006504 782.5599902818217 4002.0869121927744 171.2462850068473 38.07616984185589 145.9101921740549 6936.45626763692 -2727.0832846481267 -14.133600205905395 7453.295147309108 2.168610998732801e-09 637.9479586079473 66.98491267973729
353.0 -5084.879126629479 775.9571844272286 3999.9232615799856 171.32354829223257 38.052124346502445 145.88734251319082 6933.961826097408 -2733.481450126726 -14.17452912576664 7453.317943120296 2.171323164211749e-09 637.8075779483192 66.90301821731603
354.0 -5087.569711758982 769.3536647130973 3997.753839634987 171.40075874769624 38.028022363727366 145.86443336578878 6931.464459021448 -2739.869987946384 -14.215458918248942 7453.3408064303 2.174047354780176e-09 637.6668481334127 66.82097232870032
355.0 -5090.253964573048 762.7494396795089 3995.5786494401113 171.47791633039384 38.00386397706825 145.84146478050482 6928.964191929721 -2746.248892659557 -14.256389556576778 7453.363737140521 2.1767835544024545e-09 637.5257624723916 66.73877596791056
356.0 -5092.931881257282 756.1445178671806 3993.3976940859534 171.55502099808686 37.97964927010985 145.81843680612533 6926.461050311049 -2752.6181589314565 -14.29732101403124 7453.386735152243 2.1795317463238075e-09 637.3843141646847 66.65643009479419
357.0 -5095.603458004875 749.5389078174544 3991.2109766713597 171.63207270914148 37.95537832648306 145.79534949157107 6923.95505962199 -2758.9777815396737 -14.338253263930483 7453.409800366621 2.182291913065534e-09 637.2424962994411 66.5739356750584
358.0 -5098.2686910165985 742.932618072287 3989.018500303427 171.7090714225269 37.93105122986391 145.7722028858941 6921.4462452864755 -2765.3277553737653 -14.379186279654732 7453.432932684698 2.1850640364210787e-09 637.1003018549494 66.49129368027761
359.0 -5100.927576500814 736.3256571742398 3986.8202680975023 171.78601709781432 37.906668063972646 145.74899703828083 6918.934632695415 -2771.668075434877 -14.420120034624688 7453.456132007401 2.187848097451381e-09 636.9577236980916 66.40850508792252
360.0 -5103.580110673481 729.7180336664677 3984.616283177173 171.86290969517523 37.88222891257283 145.72573199804594 6916.4202472063225 -2777.9987368353422 -14.461054502310844 7453.479398235541 2.1906440764813244e-09 636.814754583744 66.32557088135687
361.0 -5106.226289758159 723.1097560927087 3982.4065486742657 171.93974917538014 37.85773385947012 145.70240781463986 6913.903114142942 -2784.3197347982814 -14.50198965622917 7453.502731269818 2.1934519530945653e-09 636.6713871542615 66.24249204988212
362.0 -5108.866109986016 716.5008329972744 3980.1910677288424 172.01653549979716 37.83318298851169 145.67902453764296 6911.383258794887 -2790.6310646572033 -14.542925469947932 7453.526131010828 2.1962717061299646e-09 636.5276139388822 66.15926958873511
363.0 -5111.499567595835 709.8912729250384 3977.9698434891966 172.09326863039047 37.80857638358489 145.65558221676923 6908.8607064172575 -2796.9327218556105 -14.58386191707973 7453.549597359061 2.1991033136768923e-09 636.3834273531909 66.075904499119
364.0 -5114.126658834012 703.2810844214266 3975.7428791118496 172.16994852971905 37.78391412861672 145.6320809018577 6906.335482230286 -2803.2247019465904 -14.624798971286737 7453.5731302149 2.2019467530720107e-09 636.2388196985094 65.99239778819091
365.0 -5116.747379954571 696.6702760324068 3973.5101777615464 172.24657516093504 37.759196307572445 145.60852064288383 6903.807611418972 -2809.5070005924163 -14.665736606279324 7453.59672947863 2.2048020008936585e-09 636.0937831614099 65.9087504691204
366.0 -5119.361727219162 690.0588563044776 3971.2717426112504 172.32314848778245 37.73442300445501 145.58490148995048 6901.277119132724 -2815.779613564141 -14.706674795813797 7453.620395050438 2.2076690329587123e-09 635.9483098131042 65.8249635610753
367.0 -5121.969696897075 683.4468337846582 3969.0275768421416 172.39966847459564 37.70959430330385 145.56122349329013 6898.7440304850115 -2822.0425367411954 -14.747613513692158 7453.64412683042 2.21054782431809e-09 635.8023916089047 65.74103808924728
368.0 -5124.571285265231 676.8342170204787 3966.7776836436096 172.47613508629783 37.684710288194175 145.53748670326382 6896.208370553002 -2828.2957661109767 -14.788552733762344 7453.667924718576 2.2134383492526705e-09 635.6560203876641 65.6569750848662
369.0 -5127.166488608209 670.2210145599684 3964.5220662132556 172.5525482883996 37.65977104323583 145.51369117036577 6893.670164377217 -2834.5392977684423 -14.829492429922311 7453.691788614817 2.21634058126852e-09 635.5091878712533 65.57277558523387
370.0 -5129.7553032182295 663.6072349516462 3962.2607277568804 172.62890804699745 37.634776652572526 145.4898369452171 6891.1294369611915 -2840.773127915695 -14.87043257611299 7453.715718418968 2.2192544930934604e-09 635.3618856639735 65.48844063371962
371.0 -5132.337725395175 656.9928867445097 3959.9936714884866 172.7052143287723 37.60972720038082 145.46592407856392 6888.586213271124 -2846.9972528615817 -14.911373146326468 7453.739714030769 2.2221800566731095e-09 635.2141052519953 65.40397127977133
372.0 -5134.913751446587 650.3779784880253 3957.720900630273 172.781467100988 37.58462277086928 145.44195262128605 6886.040518235537 -2853.2116690212765 -14.952314114593037 7453.763775349881 2.2251172431656433e-09 635.0658380028658 65.31936857896345
373.0 -5137.483377687678 643.762518732117 3955.442418412629 172.85766633148978 37.55946344827744 145.41792262438895 6883.492376744947 -2859.4163729158636 -14.99325545499778 7453.78790227588 2.228066022938607e-09 634.9170751649132 65.23463359298616
374.0 -5140.04660044133 637.1465160271562 3953.158228074132 172.9338119887027 37.53424931687504 145.3938341390039 6880.941813651528 -2865.6113611719334 -15.034197141661707 7453.8120947082725 2.2310263655647316e-09 634.7678078667034 65.14976738966348
375.0 -5142.603416038108 630.5299789239514 3950.8683328615416 173.0099040416303 37.508980460961006 145.36968721639155 6878.388853768777 -2871.7966305211567 -15.075139148756534 7453.836352546491 2.2339982398173444e-09 634.6180271165194 65.06477104298295
376.0 -5145.153820816259 623.912915973738 3948.5727360297988 173.08594245985282 37.483656964862604 145.3454819079407 6875.833521871195 -2877.972177799872 -15.116081450500815 7453.8606756898935 2.236981613666384e-09 634.4677238018124 64.97964563310879
377.0 -5147.697811121719 617.2953357281666 3946.2714408420193 173.16192721352587 37.45827891293446 145.32121826516325 6873.275842693959 -2884.1379999486744 -15.157024021151528 7453.885064037778 2.2399764542748724e-09 634.3168886886308 64.89439224638129
378.0 -5150.235383308118 610.6772467392941 3943.964450569492 173.2378582733788 37.432846389557824 145.29689633969986 6870.715840932595 -2890.294094011985 -15.197966835013858 7453.909517489367 2.2429827279941147e-09 634.165512421116 64.80901197535368
379.0 -5152.76653373679 604.0586575595718 3941.6517684916703 173.31373561071305 37.40735947913943 145.2725161833167 6868.153541242671 -2896.440457137641 -15.238909866441645 7453.934035943829 2.2460004003599675e-09 634.0135855209463 64.72350591879812
380.0 -5155.291258776772 597.4395767418358 3939.3333978961714 173.38955919740084 37.381818266110876 145.248077847905 6865.588968239478 -2902.5770865764734 -15.279853089822609 7453.958619300273 2.2490294360888022e-09 633.8610983867987 64.63787518172084
381.0 -5157.809554804813 590.8200128392965 3937.0093420787725 173.46532900588335 37.35622283492751 145.2235813854805 6863.022146497712 -2908.7039796818835 -15.320796479594492 7453.9832674577465 2.2520697990734783e-09 633.7080412938104 64.55212087537731
382.0 -5160.32141820538 584.1999744055273 3934.679604343406 173.5410450091693 37.33057327006765 145.19902684818604 6860.453100551175 -2914.8211339094223 -15.361740010235735 7454.007980315248 2.25512145237893e-09 633.5544043930641 64.46624411729822
383.0 -5162.82684537066 577.5794699944553 3932.3441880021533 173.61670718083323 37.30486965603176 145.17441428828892 6857.881854892466 -2920.9285468163625 -15.402683656274803 7454.032757771722 2.258184358238437e-09 633.4001777110398 64.38024603129676
384.0 -5165.325832700569 570.9585081603491 3930.003096375245 173.69231549501416 37.27911207734145 145.14974375817715 6855.308433972675 -2927.0262160612856 -15.44362739227131 7454.0575997260685 2.2612584780500098e-09 633.2453511490619 64.29412774747266
385.0 -5167.818376602755 564.3370974578105 3927.656332791053 173.7678699264137 37.25330061853869 145.12501531036827 6852.732862201087 -2933.1141394036435 -15.484571192837848 7454.082506077144 2.2643437723712556e-09 633.0899144828279 64.20789040225927
386.0 -5170.304473492606 557.7152464417622 3925.3039005860865 173.84337045029466 37.227435364184835 145.10022899749805 6850.155163944884 -2939.192314703342 -15.525515032625208 7454.107476723755 2.2674402009167335e-09 632.9338573618107 64.12153513840097
387.0 -5172.784119793251 551.0929636674377 3922.9458031049903 173.9188170424794 37.20151639885997 145.0753848723306 6847.575363528851 -2945.2607399203143 -15.566458886322152 7454.132511564675 2.2705477225526686e-09 632.777169308798 64.0350631050049
388.0 -5175.257311935571 544.4702576903715 3920.582043700539 173.9942096793481 37.175543807161795 145.0504829877494 6844.993485235089 -2951.3194131140854 -15.60740272866542 7454.157610498642 2.2736662952940513e-09 632.619839719313 63.94847545752593
389.0 -5177.7240463582 537.8471370663874 3918.2126257336326 174.0695483378374 37.14951767370496 145.02552339676117 6842.409553302723 -2957.368332443355 -15.648346534426082 7454.182773424356 2.2767958763001474e-09 632.4618578611172 63.8617733577968
390.0 -5180.18431950753 531.2236103515891 3915.837552573293 174.14483299543846 37.1234380831201 145.00050615249646 6839.823591927621 -2963.407496165556 -15.689290278426824 7454.208000240489 2.2799364218704205e-09 632.3032128736959 63.77495797404624
391.0 -5182.638127837721 524.5996861023488 3913.456827596659 174.2200636301956 37.097305120053 144.97543130820617 6837.23562526209 -2969.43690263643 -15.730233935520118 7454.233290845665 2.2830879189957937e-09 632.1438966161492 63.68803036309652
392.0 -5185.085467810703 517.9753728752977 3911.0704541889827 174.29524022070447 37.07111886916388 144.95029891726446 6834.645677414357 -2975.4565503094836 -15.771177480604138 7454.258645138193 2.2862504888066166e-09 631.9839130052637 63.60099108416028
393.0 -5187.52633589618 511.3506792273149 3908.6784357436245 174.37036274611057 37.0448794151263 144.92510903316435 6832.053772448039 -2981.466437735441 -15.812120888615482 7454.2840630158 2.289424289718482e-09 631.8232692723178 63.51384056042444
394.0 -5189.960728571637 504.7256137155179 3906.28077566205 174.4454311861075 37.018586842626554 144.89986170952255 6829.459934381836 -2987.4665635618067 -15.853064134532815 7454.309544375589 2.2926094820625006e-09 631.6619727702089 63.426579211115396
395.0 -5192.388642322348 498.1001848972525 3903.8774773538275 174.52044552093528 36.99224123636273 144.8745570000743 6826.864187189261 -2993.4569265324153 -15.894007193376865 7454.335089114042 2.2958062280932942e-09 631.5000309739282 63.33920745145477
396.0 -5194.810073641372 491.47440133008297 3901.4685442366194 174.59540573137878 36.96584268104392 144.8491949586759 6824.2665547983615 -2999.437525487001 -15.934950040208832 7454.360697127009 2.2990146919962572e-09 631.3374514811073 63.25172569264118
397.0 -5197.225019029568 484.84827157178154 3899.053979736183 174.670311798766 36.93939126138937 144.8237756393049 6821.667061091454 -3005.408359360757 -15.97589265013994 7454.386368309708 2.3022350398950832e-09 631.1742420125474 63.16413434182381
398.0 -5199.6334749955995 478.2218041803192 3896.6337872863614 174.7451637049664 36.9128870621276 144.7982990960572 6819.065729904856 -3011.369427183893 -16.016834998320064 7454.412102556717 2.3054674398596776e-09 631.0104104127277 63.076433802065296
399.0 -5202.035438055929 471.59500771385495 3894.2079703290847 174.81996143238916 36.88633016799574 144.77276538314717 6816.462585028623 -3017.320728081193 -16.05777705995297 7454.437899761969 2.3087120619136357e-09 630.8459646503309 62.98862447231511
400.0 -5204.430904734835 464.96789073072625 3891.7765323143617 174.89470496398172 36.85972066373862 144.7471745549098 6813.857650206284 -3023.2622612715827 -16.098718810282662 7454.463759818744 2.311969078041452e-09 630.680912818781 62.90070674739041
401.0 -5206.819871564412 458.3404617894389 3889.3394767002787 174.96939428322784 36.83305863410788 144.72152666579746 6811.250949134591 -3029.1940260676765 -16.13966022460818 7454.489682619672 2.3152386621963823e-09 630.515263136744 62.812681017937685
402.0 -5209.202335084577 451.71272944865706 3886.896806952993 175.044029374146 36.80634416386127 144.69582177038467 6808.642505463254 -3035.116021875343 -16.180601278272434 7454.515668056716 2.3185209903072505e-09 630.3490239486779 62.72454767042272
403.0 -5211.578291843068 445.0847022671934 3884.44852654673 175.11861022128767 36.77957733776197 144.67005992335547 6806.032342794699 -3041.0282481932604 -16.22154194667769 7454.54171602118 2.321816240287471e-09 630.1822037252701 62.63630708706032
404.0 -5213.947738395463 438.456388803999 3881.9946389637794 175.19313680973582 36.75275824057741 144.64424117952098 6803.420484683809 -3046.930704612475 -16.26248220527077 7454.56782640369 2.3251245920401578e-09 630.0148110640666 62.54795964584806
405.0 -5216.310671305171 431.82779761815345 3879.5351476944898 175.26760912510284 36.72588695707897 144.61836559380288 6800.806954637689 -3052.823390815951 -16.303422029558533 7454.593999094199 2.3284462274675813e-09 629.84685468988 62.45950572048311
406.0 -5218.667087143446 425.1989372688548 3877.070056237265 175.3420271535292 36.69896357204065 144.59243322124402 6798.19177611541 -3058.706306578136 -16.34436139509944 7454.620233981974 2.3317813304771227e-09 629.6783434553706 62.37094568037204
407.0 -5221.0169824893865 418.5698163154098 3874.5993680985607 175.41639088168142 36.67198817023883 144.56644411700057 6795.57497252778 -3064.5794517645118 -16.385300277506758 7454.646530955602 2.335130086989558e-09 629.5092863415068 62.28227989057763
408.0 -5223.360353929943 411.94044331722364 3872.12308679288 175.49070029675067 36.64496083645108 144.54039833634488 6792.956567237097 -3070.442826331151 -16.426238652451502 7454.67288990297 2.3384926849459476e-09 629.3396924580923 62.19350871180231
409.0 -5225.697198059924 405.31082683379043 3869.641215842768 175.5649553864508 36.61788165545548 144.51429593466992 6790.336583556922 -3076.2964303242697 -16.4671764956654 7454.699310711269 2.341869314314284e-09 629.1695710443024 62.10463250037707
410.0 -5228.027511482 398.68097542468274 3867.153758778809 175.63915613901668 36.59075071203005 144.48813696747763 6787.715044751841 -3082.1402638797845 -16.508113782938608 7454.725793266986 2.3452601670981912e-09 628.9989314691136 62.01565160819558
411.0 -5230.351290806706 392.0508976495422 3864.660719139621 175.71330254320247 36.56356809095167 144.46192149038822 6785.091974037241 -3087.9743272228675 -16.549050490122 7454.752337455901 2.348665437342891e-09 628.8277832318672 61.92656638271963
412.0 -5232.668532652452 385.4206020680691 3862.162100471853 175.78739458828 36.536333876995485 144.435649559136 6782.467394579077 -3093.798620667496 -16.589986593132153 7454.778943163074 2.352085321142873e-09 628.656135962744 61.83737716693915
413.0 -5234.979233645524 378.790097240013 3859.6579063301806 175.86143226403684 36.50904815493414 144.4093212295717 6779.841329493661 -3099.6131446160166 -16.63092206793999 7454.8056102728515 2.3555200166487045e-09 628.4839994232783 61.74808429935385
414.0 -5237.283390420089 372.15939172516215 3857.1481402772997 175.9354155607747 36.48171100953703 144.3829365576585 6777.213801847426 -3105.4178995586813 -16.671856890598065 7454.832338668851 2.358969724074613e-09 628.3113835068312 61.65868811393416
415.0 -5239.5809996182015 365.52849408333407 3854.632805883925 176.0093444693076 36.454322525569424 144.3564955994708 6774.584834656716 -3111.2128860732228 -16.712791037205534 7454.859128233953 2.3624346457056963e-09 628.1382982390766 61.569188940091166
416.0 -5241.872057889807 358.89741287436544 3852.111906728785 176.08321898096025 36.426882787791875 144.3299984111993 6771.954450887577 -3116.9981048243894 -16.753724483945007 7454.885978850312 2.3659149859042812e-09 627.964753778529 61.47958710266793
417.0 -5244.15656189275 352.2661566581023 3849.5854463986157 176.15703908756612 36.399391880959236 144.30344504914922 6769.322673455532 -3122.7735565635076 -16.79465720706071 7454.912890399334 2.369410951117128e-09 627.7907604170233 61.38988292190794
418.0 -5246.434508292774 345.6347339943899 3847.0534284881583 176.2308047814658 36.3718498898203 144.2768355697319 6766.689525225381 -3128.5392421280308 -16.835589182870308 7454.939862761675 2.3729227498834843e-09 627.61632858015 61.30007671340137
419.0 -5248.705893763532 339.0031534430631 3844.515856600156 176.30451605550525 36.344256899116694 144.25017002947908 6764.055029010993 -3134.295162441098 -16.87652038775809 7454.966895817242 2.3764505928401407e-09 627.4414688278364 61.21016878810749
420.0 -5250.970714986585 332.3714235639365 3841.9727343453474 176.37817290303394 36.31661299358226 144.22344848502777 6761.419207575099 -3140.0413185110738 -16.917450798191794 7454.99398944518 2.3799946927302996e-09 627.2661918547325 61.12015945227836
421.0 -5253.228968651415 325.739552916794 3839.424065342463 176.45177531790324 36.2889182579424 144.19667099312855 6758.782083629093 -3145.777711431121 -16.958380390702587 7455.021143523868 2.38355526440935e-09 627.0905084907499 61.03004900746147
422.0 -5255.480651455422 319.1075500613797 3836.8698532182216 176.5253232944645 36.26117277691327 144.16983761064407 6756.143679832837 -3151.504342378734 -16.999309141905087 7455.048357930919 2.3871325248518844e-09 626.9144297015338 60.939837750469536
423.0 -5257.725760103933 312.47542355738744 3834.310101607325 176.59881682756736 36.23337663520108 144.1429483945458 6753.504018794456 -3157.2212126153 -17.040237028488946 7455.075632543166 2.3907266931589217e-09 626.7379665889207 60.84952597334438
424.0 -5259.964291310207 305.84318196445116 3831.7448141524546 176.67225591255794 36.20552991750137 144.1160034019165 6750.8631230701585 -3162.928323485648 -17.081164027227032 7455.1029672366585 2.3943379905643586e-09 626.5611303914319 60.75911396333986
425.0 -5262.196241795439 299.21083384213495 3829.1739945042664 176.74564054527718 36.17763270849828 144.08900268994714 6748.221015164033 -3168.625676417611 -17.122090114963157 7455.130361886663 2.397966640442078e-09 626.3839324847297 60.66860200288728
426.0 -5264.421608288767 292.57838774992337 3826.597646321388 176.81897072205882 36.149685092863805 144.0619463159421 6745.57771752787 -3174.3132729215613 -17.163015268636173 7455.157816367646 2.401612868311984e-09 626.2063843821245 60.57799036958708
427.0 -5266.64038752727 285.94585224721123 3824.0157732704115 176.89224643972793 36.1216871552572 144.03483433730995 6742.933252560973 -3179.9911145899805 -17.203939465256326 7455.185330553283 2.4052769018478793e-09 626.0284977349845 60.487279336153655
428.0 -5268.852576255985 279.31323589329406 3821.4283790258924 176.96546769559885 36.0936389803241 144.00766681157262 6740.287642609983 -3185.659203096997 -17.244862681928225 7455.212904316439 2.4089589708828715e-09 625.8502843332665 60.39646917042117
429.0 -5271.058171227897 272.6805472473582 3818.835467270343 177.0386344874735 36.06554065269611 143.98044379635505 6737.640909968695 -3191.317540197955 -17.285784895839697 7455.24053752918 2.4126592880998406e-09 625.6717548290285 60.305560164826005
430.0 -5273.257169203957 266.04779486847065 3816.23704169423 177.11174681363977 36.037392256989676 143.95316534939386 6734.99307687815 -3196.966127729079 -17.326706084265652 7455.268230063047 2.416377880286276e-09 625.4929075825648 60.2145528944759
431.0 -5275.449566953082 259.41498731556896 3813.633105995968 177.1848046728694 36.00919387780578 143.92583152853302 6732.344165526923 -3202.60496760726 -17.36762622457354 7455.2959817895735 2.4201146680626414e-09 625.3137339324043 60.12344809519599
432.0 -5277.635361252155 252.7821331474506 3811.0236638819156 177.25780806441648 35.98094559972908 143.89844239172245 6729.694198051058 -3208.2340618296525 -17.40854529422154 7455.323792580395 2.4238695692307793e-09 625.134225026631 60.03224650546245
433.0 -5279.81454888604 246.14924092276198 3808.4087190663718 177.33075698801557 35.95264750732719 143.8709979970192 6727.0431965339085 -3213.8534124732478 -17.449463270750584 7455.351662307254 2.4276424999314686e-09 624.954371899451 59.94094886462175
434.0 -5281.98712664758 239.5163191999881 3805.7882752715686 177.4036514438798 35.92429968515004 143.8434984025855 6724.391183005975 -3219.4630216944233 -17.49038013180143 7455.379590842001 2.431433374638477e-09 624.7741654707971 59.849555912879225
435.0 -5284.153091337604 232.88337653744188 3803.162336227669 177.47649143269933 35.89590221772924 143.81594366669074 6721.738179444751 -3225.0628917285158 -17.53129585509214 7455.407578056607 2.4352421061520985e-09 624.593596545966 59.75806839130069
436.0 -5286.312439764931 226.25042149325316 3800.530905672762 177.54927695563927 35.867455189577285 143.78833384771133 6719.084207774574 -3230.653024889374 -17.57221041843468 7455.435623823166 2.439068605592997e-09 624.4126558152388 59.66648704180733
437.0 -5288.465168746379 219.61746262535843 3797.8939873528557 177.62200801433812 35.83895868518708 143.76066900412366 6716.429289866469 -3236.2334235689304 -17.613123799727873 7455.463728013897 2.44291278239705e-09 624.2313338534624 59.57481260714734
438.0 -5290.611275106767 212.9845084914899 3795.251585021875 177.69468461090588 35.810412789030984 143.73294919451513 6713.773447538004 -3241.80409023676 -17.654035976950354 7455.491890501149 2.446774544307706e-09 624.0496211197474 59.48304583092765
439.0 -5292.750755678918 206.35156764916482 3792.6037024416546 177.76730674792225 35.78181758556035 143.7051744775721 6711.11670255315 -3247.3650274396396 -17.694946928176478 7455.520111157418 2.4506537973715773e-09 623.8675079570195 59.391187457569075
440.0 -5294.883607303667 199.71864865567477 3789.950343381937 177.83987442843488 35.75317315920486 143.67734491208685 6708.459076622133 -3252.9162378011224 -17.73585663155609 7455.548389855339 2.4545504459314047e-09 623.6849845916961 59.29923823232477
441.0 -5297.009826829869 193.08576006807513 3787.2915116203653 177.9123876559575 35.72447959437179 143.64946055695577 6705.800591401288 -3258.4577240210892 -17.7767650653268 7455.576726467695 2.4584643926203e-09 623.5020411333064 59.207198901268846
442.0 -5299.129411114398 186.45291044317412 3784.6272109424785 177.98484643446815 35.69573697544538 143.62152147117794 6703.141268492941 -3263.9894888753215 -17.81767220781012 7455.60512086743 2.4623955383559265e-09 623.3186675741184 59.115070211287374
443.0 -5301.242357022155 179.8201083375223 3781.9574451417093 178.05725076840739 35.66694538678611 143.5935277138555 6700.481129445255 -3269.5115352150588 -17.858578037416237 7455.6335729276425 2.4663437823344797e-09 623.1348537887767 59.02285291007433
444.0 -5303.348661426072 173.1873623074017 3779.282218019376 178.12960066267658 35.63810491273025 143.5654793441908 6697.820195752103 -3275.0238659665765 -17.899482532623097 7455.662082521601 2.4703090220251533e-09 622.9505895339241 58.93054774611749
445.0 -5305.448321207119 166.55468090881521 3776.60153338468 178.20189612263593 35.60921563758904 143.53737642149022 6695.158488852948 -3280.5264841307335 -17.940385672003686 7455.690649522746 2.4742911531636702e-09 622.7658644478656 58.83815546870613
446.0 -5307.541333254307 159.92207269747573 3773.915395054698 178.27413715410273 35.58027764564801 143.50921900516005 6692.496030132699 -3286.019392782551 -17.981287434206024 7455.71927380469 2.4782900697469913e-09 622.5806680501852 58.745676827912526
447.0 -5309.627694464693 153.2895462287956 3771.2238068543816 178.3463237633497 35.55129102116661 143.48100715470966 6689.832840921604 -3291.5025950707773 -18.022187797955894 7455.747955241238 2.482305664026999e-09 622.3949897414104 58.65311257459757
448.0 -5311.707401743389 146.6571100578756 3768.5267726165484 178.41845595710285 35.52225584837724 143.4527409297463 6687.168942495114 -3296.9760942174444 -18.06308674206275 7455.776693706376 2.486337826505408e-09 622.208818802625 58.56046346038876
449.0 -5313.780452003559 140.02477273949458 3765.82429618188 178.49053374254015 35.49317221148487 143.4244203899794 6684.504356073768 -3302.4398935174477 -18.103984245414267 7455.805489074287 2.4903864459273645e-09 622.0221443951453 58.46773023768919
450.0 -5315.846842166433 133.3925428280984 3763.116381398914 178.56255712728924 35.46404019466628 143.39604559521865 6681.839102823078 -3307.8939963381054 -18.144880286973603 7455.834341219353 2.4944514092759197e-09 621.8349555601588 58.374913659667016
451.0 -5317.906569161306 126.76042887778928 3760.4030321240416 178.63452611942597 35.4348598820695 143.36761660537218 6679.173203853409 -3313.338406118733 -18.18577484577827 7455.863250016164 2.498532601766585e-09 621.6472412183635 58.28201448024377
452.0 -5319.959629925545 120.12843944231504 3757.6842522215024 178.70644072747243 35.40563135781318 143.33913348044734 6676.506680219872 -3318.7731263702 -18.22666790094877 7455.892215339514 2.5026299068414777e-09 621.4589901696277 58.189033454092666
453.0 -5322.006021404594 113.49658307505837 3754.9600455633786 178.77830096039514 35.376354705985975 143.31059628055013 6673.839552922211 -3324.198160674514 -18.26755943167427 7455.921237064427 2.506743206163739e-09 621.2701910926434 58.09597133663142
454.0 -5324.045740551978 106.86486832902601 3752.2304160295894 178.85010682760335 35.347030010645945 143.2820050658849 6671.1718429046905 -3329.613512684379 -18.3084494172208 7455.950315066138 2.510872379611912e-09 621.0808325445817 58.00282888401675
455.0 -5326.078784329308 100.23330375683797 3749.4953675078877 178.92185833894712 35.31765735581988 143.2533598967537 6668.503571056001 -3335.0191861227695 -18.349337836929408 7455.9794492201145 2.515017305274422e-09 620.8909029607495 57.90960685313695
456.0 -5328.105149706288 93.60189791071684 3746.7549038938555 178.9935555047155 35.28823682550282 143.2246608335555 6665.834758209151 -3340.4151847824996 -18.390224670213 7456.008639402061 2.5191778594440866e-09 620.7003906542466 57.81630600160489
457.0 -5330.124833660718 86.97065934247685 3744.0090290908947 179.06519833563488 35.258768503657315 143.195907936787 6663.165425141356 -3345.801512525795 -18.431109896552925 7456.0378854879145 2.5233539166124494e-09 620.5092838156355 57.722927087755224
458.0 -5332.1378331785 80.33959660351326 3741.2577470102287 179.13678684286697 35.229252474213 143.16710126704305 6660.495592573957 -3351.178173283865 -18.471993495505785 7456.067187353865 2.527545349464168e-09 620.3175705126113 57.62947087064143
459.0 -5334.144145253642 73.70871824479144 3738.501061570892 179.20832103800714 35.19968882106578 143.13824088501372 6657.825281172319 -3356.545171056474 -18.512875446697763 7456.096544876354 2.531752028871954e-09 620.1252386896499 57.535938110020844
460.0 -5336.143766888261 67.0780328168361 3735.7389766997267 179.27980093308258 35.17007762807747 143.1093268514818 6655.154511545728 -3361.9025099115142 -18.553755729820978 7456.125957932074 2.535973823891456e-09 619.9322761676627 57.44232956634206
461.0 -5338.136695092593 60.44754886972051 3732.9714963313786 179.35122654055036 35.14041897907506 143.08035922733066 6652.4833042473165 -3367.250193984577 -18.594634324642357 7456.155426397986 2.5402106017546784e-09 619.7386706437219 57.3486460007653
462.0 -5340.122926884997 53.81727495305569 3730.1986244082905 179.4225978732959 35.11071295785023 143.0513380735356 6649.811679773957 -3372.5882274785345 -18.635511210986806 7456.184950151319 2.5444622278658355e-09 619.5444096906765 57.25488817512939
463.0 -5342.102459291952 47.18721961597951 3727.420364880698 179.49391494463086 35.0809596481586 143.02226345116807 6647.139658566183 -3377.916614663105 -18.67638636875222 7456.2145290695735 2.548728565795344e-09 619.3494807568592 57.16105685196088
464.0 -5344.075289348071 40.557391407146035 3724.636721706624 179.56517776829153 35.05115913371947 142.99313542139157 6644.467261008116 -3383.235359874433 -18.71725977790038 7456.244163030538 2.553009477987918e-09 619.1538711951182 57.067152794082894
465.0 -5346.041414096104 33.927798874714576 3721.847698851875 179.63638635843688 35.021311498214914 142.96395404546615 6641.794507427276 -3388.5444675146205 -18.75813141845856 7456.273851912185 2.5573049253990557e-09 618.9575723697251 56.97317671255395
466.0 -5348.000830586941 27.298450566339202 3719.053300290033 179.70754072964695 34.991416825289384 142.93471938474406 6639.1214180940515 -3393.8439420510645 -18.799001270514736 7456.303595592165 2.5616150716280985e-09 618.7605839485136 56.8791292122286
467.0 -5349.953535879614 20.669355029158677 3716.2535300024538 179.77864089692076 34.961475198549245 142.90543150067097 6636.448013221313 -3399.1337880158794 -18.83986931422055 7456.333393947461 2.5659401063439053e-09 618.562906624524 56.78501088402786
468.0 -5351.899527041311 14.040520809786441 3713.448391978261 179.84968687567476 34.931486701561916 142.8760904547861 6633.774312964331 -3404.4140100054638 -18.88073552978767 7456.363246854395 2.5702802209717963e-09 618.3645411137383 56.69082231763732
469.0 -5353.838801147366 7.411956454300663 3710.637890214341 179.9206786817408 34.90145141785568 142.84669630871878 6631.10033742069 -3409.684612680059 -18.92159989750303 7456.393154188601 2.5746356086982686e-09 618.1654881551362 56.59656410148656
470.0 -5355.771355281279 0.7836705082342628 3707.822028715337 179.9916163313645 34.871369430918854 142.81724912419193 6628.426106630211 -3414.945600763337 -18.962462397712898 7456.423115825039 2.5790064644746762e-09 617.9657485107944 56.50223682275023
471.0 -5357.697186534712 -5.8443284834350475 3705.000811493649 -179.93750015879675 34.841240824199446 142.787748963021 6625.751640574872 -3420.1969790419585 -19.00332301083131 7456.453131637977 2.583392985021545e-09 617.7653229659566 56.40784106733494
472.0 -5359.616292007493 -12.472031976294724 3702.1742425694224 -179.86667077167547 34.811065681104466 142.75819588711275 6623.076959178744 -3425.4387523651503 -19.044181717344827 7456.483201500997 2.5877953688328655e-09 617.5642123291016 56.31337741986589
473.0 -5361.528668807623 -19.099431426507344 3699.3423259705473 -179.7958954897959 34.78084408499948 142.72858995846008 6620.402082307905 -3430.670925644276 -19.0850384978105 7456.513325286977 2.592213816180984e-09 617.3624174319832 56.21884646366009
474.0 -5363.434314051281 -25.726518290820568 3696.5050657326524 -179.7251742952759 34.750576119207985 142.6989312391507 6617.7270297703835 -3435.8935038524132 -19.125893332853593 7456.543502868104 2.59664852911936e-09 617.1599391297661 56.12424878074501
475.0 -5365.333224862827 -32.353284026577064 3693.662465899101 -179.65450716982875 34.72026186701106 142.66921979136137 6615.051821316083 -3441.106492023922 -19.166746203178263 7456.573734115852 2.601099711487467e-09 616.9567783010594 56.02958495182994
476.0 -5367.225398374808 -38.979720091724474 3690.8145305209846 -179.5838940947649 34.689901411646616 142.63945567735703 6612.376476636717 -3446.309895254023 -19.207597089562114 7456.604018900987 2.6055675689149234e-09 616.7529358479882 55.93485555629424
477.0 -5369.110831727963 -45.60581794482532 3687.9612636571205 -179.5133350509938 34.659494836309065 142.6096389594949 6609.70101536575 -3451.5037186983773 -19.24844597285437 7456.634357093562 2.6100523088248574e-09 616.5484126962928 55.84006117219021
478.0 -5370.989522071224 -52.231569045066976 3685.102669374044 -179.4428300190257 34.62904222414863 142.57976970021707 6607.025457078332 -3456.687967572654 -19.289292833986792 7456.664748562908 2.614554140438962e-09 616.3432097953541 55.745202376210436
479.0 -5372.861466561722 -58.85696485227157 3682.2387517460065 -179.3723789789735 34.59854365827104 142.54984796205605 6604.349821291242 -3461.862647152118 -19.33013765396754 7456.695193177635 2.6190732747805696e-09 616.1373281183041 55.65027974369564
480.0 -5374.726662364796 -65.48199682690594 3679.3695148549677 -179.3019819105546 34.56799922173682 142.51987380763074 6601.674127462831 -3467.027762771195 -19.370980413890265 7456.7256908056215 2.6236099246791443e-09 615.930768662071 55.55529384861263
481.0 -5376.58510665399 -72.10665643009152 3676.4949627905926 -179.23163879309251 34.537408997560846 142.48984729965008 6598.998394992964 -3472.1833198230643 -19.411821094922743 7456.75624131401 2.6281643047735827e-09 615.7235324474767 55.46024526355614
482.0 -5378.436796611065 -78.73093512361424 3673.6150996502456 -179.16134960551886 34.50677306871195 142.45976850090804 6596.32264322297 -3477.3293237592316 -19.45265967831915 7456.786844569212 2.63273663151678e-09 615.5156205192753 55.3651345597239
483.0 -5380.281729425998 -85.3548243699345 3670.729929538987 -179.0911143263751 34.476091518112234 142.42963747428615 6593.646891435593 -3482.465780089109 -19.49349614542143 7456.81750043689 2.637327123179045e-09 615.3070339462412 55.269962306915005
484.0 -5382.119902296988 -91.97831563219705 3667.839456569568 -179.02093293381435 34.44536442863677 142.399454282752 6590.971158854935 -3487.5926943795976 -19.534330477654976 7456.848208781959 2.6419359998520803e-09 615.0977738212305 55.17472907351592
485.0 -5383.95131243046 -98.60140037424088 3664.9436848624227 -178.95080540560315 34.41459188311298 142.36921898935805 6588.295464646419 -3492.710072254672 -19.57516265653362 7456.878969468583 2.6465634834528882e-09 614.8878412612437 55.079435426487436
486.0 -5385.7759570410735 -105.22407006060911 3662.042618545667 -178.8807317191233 34.383773964320106 142.33893165724305 6585.619827916737 -3497.817919394962 -19.61599266366011 7456.909782360168 2.651209797727241e-09 614.6772374075058 54.98408193135995
487.0 -5387.5938333517215 -111.84631615655896 3659.136261755093 -178.81071185137364 34.352910754988926 142.3085923496317 6582.944267713816 -3502.916241537332 -19.656820480729948 7456.940647319357 2.655875168253405e-09 614.4659634255339 54.88866915222298
488.0 -5389.404938593536 -118.46813012807148 3656.2246186341613 -178.7407457789718 34.322002337801024 142.2782011298314 6580.268803026762 -3508.0050444744784 -19.69764608952505 7456.971564208026 2.6605598224462615e-09 614.2540205051833 54.793197651705746
489.0 -5391.209270005896 -125.08950344186165 3653.307693333998 -178.67083347815614 34.29104879538852 142.2477580612346 6577.593452785838 -3513.0843340545016 -19.738469471929648 7457.002532887284 2.6652639895605303e-09 614.0414098607355 54.69766799097582
490.0 -5393.006824836429 -131.71042756538813 3650.385490013392 -178.60097492478732 34.26005021033347 142.21726320731617 6574.918235862416 -3518.1541161805008 -19.779290609917553 7457.033553217458 2.6699879006947717e-09 613.8281327309447 54.60208072972099
491.0 -5394.797600341014 -138.33089396686307 3647.4580128387856 -178.53117009435033 34.22900666516745 142.18671663163718 6572.243171068945 -3523.214396810161 -19.820109485560124 7457.064625058092 2.6747317887942993e-09 613.6141903791364 54.50643642615279
492.0 -5396.581593783791 -144.9508941152622 3644.525265984272 -178.46141896195604 34.19791824237103 142.15611839783705 6569.568277158917 -3528.2651819553375 -19.860926081029902 7457.095748267948 2.6794958886559248e-09 613.3995840932175 54.41073563697227
493.0 -5398.358802437158 -151.57041948033446 3641.587253631592 -178.39172150234322 34.16678502437343 142.12546856964218 6566.893572826842 -3533.3064776816495 -19.901740378598333 7457.126922704996 2.6842804369300665e-09 613.1843151858048 54.31497891738835
494.0 -5400.1292235817855 -158.1894615326121 3638.6439799701247 -178.32207768988013 34.13560709355198 142.0947672108563 6564.219076708207 -3538.338290108073 -19.942552360638274 7457.158148226408 2.6890856721257005e-09 612.9683849942252 54.219166821078495
495.0 -5401.892854506611 -164.80801174342028 3635.695449196886 -178.2524874985664 34.104384532231585 142.0640143853696 6561.5448073794605 -3543.3606254065253 -19.98336200962376 7457.1894246885595 2.6939118346123342e-09 612.7517948806448 54.123299900208316
496.0 -5403.649692508849 -171.42606158488712 3632.7416655165225 -178.18295090203483 34.07311742268442 142.03321015714832 6558.870783357983 -3548.3734898014627 -20.02416930813797 7457.2207519470185 2.698759166625005e-09 612.5345462320632 54.027378705390234
497.0 -5405.399734893992 -178.0436025299535 3629.7826331413057 -178.1134678735531 34.04180584712943 142.0023545902432 6556.197023102052 -3553.3768895694725 -20.064974238867762 7457.252129856535 2.7036279122662942e-09 612.316640460437 53.931403785700844
498.0 -5407.1429789758195 -184.66062605238292 3626.81835629113 -178.04403838602553 34.01044988773184 141.97144774878305 6553.5235450108585 -3558.370831038876 -20.10577678460959 7457.283558271075 2.708518288841688e-09 612.0980791748955 53.835375732592425
499.0 -5408.879422076399 -191.27712362677136 3623.848839193503 -177.974662411995 33.979049626602794 141.94048969697695 6550.850367424708 -3563.3553205894514 -20.146576928272452 7457.3150370440635 2.7134303706296677e-09 611.8788648799471 53.73929535803775
500.0 -5410.609061526092 -197.89308672855765 3620.874086083544 -177.90533992364456 33.94760514579873 141.9094804991146 6548.1775086252765 -3568.330364652188 -20.187374652870858 7457.346566028706 2.7183641865652264e-09 611.6590003888514 53.64316354481054
501.0 -5412.331894663553 -204.50850683403382 3617.8941012039777 -177.83607089279928 33.9161165273213 141.87842021955993 6545.504986835647 -3573.295969708898 -20.22816994153959 7457.378145078024 2.7233197652724776e-09 611.4384885531827 53.54698117744295
502.0 -5414.047918835744 -211.12337542035553 3614.908888805128 -177.76685529092794 33.88458385311652 141.84730892276042 6542.832820220285 -3578.2521422918308 -20.268962777518254 7457.409774044865 2.7282971350780366e-09 611.2173322628901 53.45074914222802
503.0 -5415.757131397932 -217.73768396555246 3611.9184531449137 -177.69769308914488 33.85300720507459 141.81614667324092 6540.161026885031 -3583.198888983271 -20.30975314416355 7457.441452781884 2.7332963240108075e-09 610.9955344463423 53.3544683271983
504.0 -5417.459529713694 -224.35142394853864 3608.922798488843 -177.62858425821167 33.821386665029465 141.7849335355973 6537.489624877099 -3588.13621641514 -20.350541024948598 7457.473181141564 2.7383173598018066e-09 610.7730980703706 53.25813962210434
505.0 -5419.155111154924 -230.964586849123 3605.9219291100076 -177.5595287685389 33.7897223147583 141.75366957451055 6534.818632185071 -3593.0641312686203 -20.391326403448147 7457.504958976211 2.7433602698807087e-09 610.5500261404569 53.16176391845627
506.0 -5420.843873101836 -237.57716414801965 3602.915849289079 -177.490526590188 33.75801423598115 141.7223548547344 6532.148066738888 -3597.9826402737444 -20.43210926335928 7457.536786137952 2.7484250813766475e-09 610.3263217007321 53.06534210948342
507.0 -5422.525812942968 -244.1891473268584 3599.9045633143 -177.42157769287292 33.726262510360485 141.6909894410982 6529.477946409855 -3602.891750209015 -20.472889588490716 7457.5686624787395 2.753511821116577e-09 610.1019878340842 52.96887509014132
508.0 -5424.200928075187 -250.8005278681951 3596.8880754814836 -177.35268204596173 33.69446721950081 141.65957339850837 6526.808289010638 -3607.7914679010155 -20.51366736276009 7457.600587850358 2.7586205156238675e-09 609.8770276622516 52.87236375711375
509.0 -5425.869215903694 -257.41129725552196 3593.866390094004 -177.28383961847868 33.66262844494824 141.6281067919438 6524.139112295266 -3612.6818002240143 -20.554442570205765 7457.632562104415 2.763751191117886e-09 609.6514443458775 52.77580900879679
510.0 -5427.530673842028 -264.0214469732783 3590.8395114627933 -177.21505037910575 33.630746268190066 141.5965896864629 6521.470433959135 -3617.5627540995847 -20.59521519497298 7457.6645850923505 2.768903873511676e-09 609.4252410846428 52.679211745318234
511.0 -5429.185299312068 -270.6309685068605 3587.807443906334 -177.14631429618436 33.59882077065443 141.5650221471924 6518.8022716390105 -3622.434336496215 -20.635985221326337 7457.696656665432 2.774078588412642e-09 609.1984211172704 52.582572868500975
512.0 -5430.833089744044 -277.2398533426328 3584.7701917506574 -177.0776313377172 33.566852033709836 141.53340423933767 6516.134642913043 -3627.2965544289236 -20.6767526336439 7457.728776674766 2.7792753611197093e-09 608.9709877216812 52.485893281892615
513.0 -5432.474042576535 -283.8480929679375 3581.727759329334 -177.0090014713699 33.53484013866483 141.5017360281758 6513.467565300763 -3632.149414958877 -20.71751741641333 7457.76094497129 2.7844942166233143e-09 608.7429442150262 52.38917389074189
514.0 -5434.108155256474 -290.4556788711053 3578.6801509834695 -176.9404246644728 33.50278516676756 141.47001757905468 6510.801056263104 -3636.992925193007 -20.758279554237788 7457.793161405779 2.7897351796044157e-09 608.5142939537619 52.29241560199386
515.0 -5435.735425239155 -297.0626025414662 3575.6273710617015 -176.87190088402266 33.47068719920532 141.43824895739579 6508.135133202408 -3641.8270922836214 -20.799039031841858 7457.825425828842 2.794998274432914e-09 608.2850403337504 52.195619324295976
516.0 -5437.355849988239 -303.66885546935913 3572.569423920191 -176.80343009668437 33.43854631710435 141.4064302286948 6505.469813462438 -3646.651923428034 -20.839795834055394 7457.857738090932 2.8002835251664143e-09 608.0551867903442 52.09878596799791
517.0 -5438.96942697575 -310.27442914614335 3569.5063139226186 -176.7350122687927 33.40636260152925 141.3745614585143 6502.805114328396 -3651.467425868176 -20.880549945832627 7457.890098042337 2.8055909555503214e-09 607.8247367984115 52.001916445126795
518.0 -5440.57615368209 -316.8793150642077 3566.438045440179 -176.666647366354 33.37413613348277 141.34264271249086 6500.141053026937 -3656.2736068902254 -20.92130135223465 7457.922505533191 2.8109205890155562e-09 607.5936938724675 51.905011669406626
519.0 -5442.17602759604 -323.48350471698194 3563.364622851575 -176.59833535504794 33.34186699390523 141.31067405633397 6497.477646726192 -3661.0704738242252 -20.962050038439656 7457.95496041347 2.8162724486776072e-09 607.3620615667429 51.808072556252704
520.0 -5443.769046214755 -330.08698959894707 3560.286050543012 -176.53007620022913 33.309555263674405 141.27865555581684 6494.814912535781 -3665.858034043707 -21.002795989744527 7457.987462532995 2.8216465573369855e-09 607.1298434751956 51.711100022741306
521.0 -5445.355207043786 -336.6897612056605 3557.2023329081867 -176.46186986692885 33.27720102360484 141.2465872767868 6492.152867564157 -3670.6362949977356 -21.043539191703758 7458.020011807284 2.827042937476386e-09 606.8970432316607 51.61409498763882
522.0 -5446.934507597109 -343.2918110338884 3554.1134743482216 -176.39371631985534 33.24480435444707 141.21446928515797 6489.491528973262 -3675.405264241861 -21.084279629982348 7458.05260828053 2.8324616112608266e-09 606.6636645098749 51.51705837137717
523.0 -5448.506945397109 -349.8931305815709 3551.019479271684 -176.325615523396 33.212365336887274 141.18230164691502 6486.830913710332 -3680.164949286077 -21.12501728960774 7458.085251817473 2.837902600535929e-09 606.4297110235772 51.419991096062915
524.0 -5450.072517974576 -356.49371134774185 3547.9203520946207 -176.25756744162015 33.1798840515476 141.150084428109 6484.171038651806 -3684.9153576753824 -21.165752155682185 7458.117942268481 2.8433659268275483e-09 606.195186526553 51.322894085462146
525.0 -5451.631222868701 -363.09354483253924 3544.816097240553 -176.18957203828052 33.14736057898557 141.11781769486169 6481.511920615731 -3689.6564969964047 -21.20648421342048 7458.150679483775 2.848851611339979e-09 605.960094812739 51.225768265010934
526.0 -5453.183057627084 -369.69262253721547 3541.70671914047 -176.12162927681513 33.11479499969395 141.0855015133589 6478.8535763618 -3694.3883748770313 -21.24721344814816 7458.183463313433 2.8543596749559985e-09 605.7244397162489 51.128614561793135
527.0 -5454.728019805735 -376.2909359641481 3538.5922222328268 -176.05373912034884 33.082187394100174 141.05313594985915 6476.196022591385 -3699.110998986041 -21.287939845308756 7458.2162936073955 2.859890138234369e-09 605.4882251115055 51.03143390456349
528.0 -5456.266106969081 -382.8884766168499 3535.472610963532 -175.98590153169522 33.04953784256612 141.0207210706852 6473.539275947564 -3703.8243770327376 -21.32866339045654 7458.249170215466 2.865443021410192e-09 605.2514549132526 50.93422722371994
529.0 -5457.797316689971 -389.4852359999796 3532.347889785951 -175.91811647335803 33.016846425387854 140.9882569422261 6470.8833530151505 -3708.5285167665843 -21.36938406926174 7458.282092987302 2.871018345564355e-09 605.0141330435681 50.83699544630112
530.0 -5459.321646549675 -396.0812056193519 3529.2180631608912 -175.850383907533 32.98411322279507 140.95574363093638 6468.228270320685 -3713.2234259768084 -21.410101867506455 7458.315061772373 2.8766161894405324e-09 604.7762618270064 50.739739253044945
531.0 -5460.839094137896 -402.6763769819486 3526.0831355566042 -175.78270379610947 32.95133831495088 140.92318120333715 6465.574044332239 -3717.909112491916 -21.450816771085783 7458.348076419692 2.8822367155467206e-09 604.5378412533579 50.642458966781575
532.0 -5462.349657052767 -409.27074159592735 3522.9431114487757 -175.7150761006721 32.91852178195153 140.89056972601546 6462.920691459363 -3722.585584179263 -21.49152876600988 7458.381136777708 2.8878800938485727e-09 604.2988711331019 50.54515487868966
533.0 -5463.853332900859 -415.864290970633 3519.7979953205217 -175.64750078250256 32.88566370382599 140.85790926562134 6460.268228053115 -3727.2528489446945 -21.532237838405763 7458.414242694302 2.893546495338389e-09 604.0593512790925 50.44782727577978
534.0 -5465.350119297184 -422.45701661660684 3516.647791662383 -175.5799778025812 32.852764160535585 140.8251998888678 6457.616670406102 -3731.9109147321765 -21.57294397451824 7458.447394016778 2.8992360920361148e-09 603.8192815065693 50.35047644088297
535.0 -5466.840013865201 -429.04891004559687 3513.4925049723197 -175.51250712158858 32.81982323197378 140.792441662536 6454.966034752504 -3736.559789523445 -21.613647160702612 7458.480590591863 2.904949056989394e-09 603.5786616332057 50.25310265265552
536.0 -5468.323014236821 -435.639962770568 3510.332139755705 -175.44508869990733 32.78684099796579 140.75963465346675 6452.31633726814 -3741.1994813376314 -21.654347383442655 7458.513832265709 2.91068556427603e-09 603.3374914790564 50.15570618554199
537.0 -5469.799118052401 -442.2301663057117 3507.166700525321 -175.37772249762372 32.75381753826827 140.72677892856348 6449.667594070487 -3745.8299982309154 -21.695044629334916 7458.547118883884 2.9164457890043883e-09 603.0957708665889 50.05828730977343
538.0 -5471.268322960765 -448.81951216645643 3503.996191801352 -175.31040847452925 32.72075293256905 140.6938745547929 6447.0198212187415 -3750.4513482961593 -21.73573888510259 7458.580450291375 2.922229907314201e-09 602.8534996206984 49.96084629135846
539.0 -5472.73062661919 -455.4079918694775 3500.8206181113796 -175.24314659012242 32.68764726048669 140.6609215991851 6444.373034713846 -3755.0635396625576 -21.77643013758393 7458.613826332584 2.928038096377459e-09 602.6106775687197 49.86338339207259
540.0 -5474.186026693428 -461.9955969327071 3497.639983990377 -175.1759368036103 32.65450060157037 140.6279201288277 6441.727250498555 -3759.6665804952736 -21.817118373749054 7458.647246851324 2.933870534400304e-09 602.3673045403926 49.76589886943044
541.0 -5475.634520857695 -468.58231887534424 3494.454293980704 -175.1087790739102 32.621313035299416 140.59487021087156 6439.082484457465 -3764.2604789950947 -21.85780358068655 7458.680711690819 2.9397274006229143e-09 602.1233803679148 49.66839297669166
542.0 -5477.076106794683 -475.168149217865 3491.2635526321 -175.0416733596513 32.58808464108305 140.56177191252843 6436.438752417075 -3768.8452433980683 -21.898485745615062 7458.714220693702 2.9456088753207428e-09 601.8789048859331 49.570865962843676
543.0 -5478.510782195566 -481.7530794820322 3488.067764501682 -174.97461961917634 32.554815498260176 140.5286253010682 6433.796070145828 -3773.4208819751602 -21.9391648558817 7458.747773702009 2.9515151398058417e-09 601.6338779315354 49.4733180725831
544.0 -5479.938544759995 -488.3371011909059 3484.866934153934 -174.90761781054312 32.521505686098905 140.49543044382077 6431.154453354166 -3777.987403031902 -21.979840898953626 7458.781370557177 2.957446376427334e-09 601.3882993442717 49.37574954631084
545.0 -5481.359392196111 -494.9202058688529 3481.661066160706 -174.84066789152627 32.48815528379643 140.46218740817508 6428.513917694591 -3782.544814908037 -22.02051386243693 7458.815011100054 2.96340276857239e-09 601.1421689661576 49.27816062011892
546.0 -5482.7733222205425 -501.5023850415571 3478.4501651012056 -174.77376981961885 32.454764370478614 140.4288962615789 6425.874478761699 -3787.0931259771746 -22.06118373406639 7458.848695170874 2.9693845006670286e-09 600.8954866416827 49.18055152577959
547.0 -5484.180332558418 -508.0836302360293 3475.234235561993 -174.70692355203386 32.42133302519982 140.39555707153747 6423.236152092252 -3791.6323446464476 -22.101850501703893 7458.882422609275 2.9753917581771123e-09 600.6482522178104 49.082922490731484
548.0 -5485.58042094336 -514.6639329806175 3472.0132821369766 -174.640129045706 32.38786132694257 140.36216990561317 6420.598953165231 -3796.16247935616 -22.142514153351385 7458.916193254286 2.9814247276091515e-09 600.4004655439838 48.985273738068365
549.0 -5486.9735851174955 -521.2432848050165 3468.787309427407 -174.5733862572932 32.35434935461715 140.3287348314242 6417.962897401887 -3800.6835385794493 -22.18317467714178 7458.9500069443275 2.9874835965112587e-09 600.1521264721267 48.88760548652544
550.0 -5488.3598228314595 -527.8216772402784 3465.556322041869 -174.5066951431782 32.32079718706154 140.29525191664837 6415.328000165805 -3805.195530821943 -22.223832061341454 7458.983863517213 2.9935685534731697e-09 599.9032348566803 48.78991795048046
551.0 -5489.739131844396 -534.399101818822 3462.3203245962795 -174.44005565947032 32.28720490304099 140.26172122901724 6412.694276762963 -3809.6984646214096 -22.26448629435845 7459.017762810137 2.9996797881279656e-09 599.6537905545702 48.69221133992714
552.0 -5491.111509923964 -540.9755500744433 3459.0793217138817 -174.37346776200678 32.253572581247816 140.22814283631766 6410.061742441793 -3814.192348547429 -22.305137364737902 7459.051704659683 3.005817491152484e-09 599.4037934252257 48.59448586046959
553.0 -5492.476954846342 -547.551013542325 3455.8333180252357 -174.3069314063547 32.21990030030111 140.19451680639085 6407.430412393244 -3818.6771912010436 -22.345785261167748 7459.085688901817 3.0119818542681162e-09 599.1532433305837 48.4967417133103
554.0 -5493.835464396231 -554.1254837590474 3452.582318168217 -174.24044654781213 32.186188138746445 140.16084320713486 6404.800301750841 -3823.1530012144312 -22.386429972467567 7459.119715371881 3.0181730702409932e-09 598.9021401351157 48.398979095247704
555.0 -5495.1870363668595 -560.698952262597 3449.32632678801 -174.17401314141028 32.15243617505569 140.12712210649858 6402.171425590755 -3827.6197872505554 -22.427071487610874 7459.153783904596 3.0243913328836865e-09 598.6504837057923 48.30119819864933
556.0 -5496.531668559986 -567.271410592378 3446.0653485370995 -174.1076311419146 32.118644487626604 140.0933535724862 6399.54379893187 -3832.0775580028444 -22.467709795706924 7459.187894334064 3.030636837054981e-09 598.398273912126 48.20339921145554
557.0 -5497.869358785905 -573.8428502892209 3442.7993880752683 -174.04130050382656 32.08481315478277 140.05953767315648 6396.917436735837 -3836.526322194851 -22.5083448860089 7459.222046493753 3.0369097786605823e-09 598.1455106261747 48.105582317168036
558.0 -5499.200104863449 -580.4132628953939 3439.5284500695916 -173.9750211813853 32.05094225477316 140.0256744766175 6394.2923539071635 -3840.9660885799153 -22.548976747922552 7459.256240216506 3.043210354654644e-09 597.8921937225117 48.007747694825454
559.0 -5500.523904619994 -586.9826399546114 3436.252539194429 -173.90879312856907 32.01703186577207 139.9917640510297 6391.668565293262 -3845.3968659408383 -22.589605371001426 7459.290475334532 3.049538762670806e-09 597.6383230638963 47.909895521629124
560.0 -5501.840755891462 -593.5509730120449 3432.971660131419 -173.8426162990968 31.983082065878595 139.95780646460713 6389.046085684567 -3849.818663089582 -22.630230744935943 7459.324751679452 3.055895153260397e-09 597.383896642096 47.81202631287824
561.0 -5503.150656522326 -600.118253614333 3429.685817569478 -173.77649064642975 31.949092933116724 139.92380178561294 6386.424929814823 -3854.231488867054 -22.6708528595841 7459.359069082544 3.0622795820670533e-09 597.1289087161477 47.71414126234852
562.0 -5504.4536043656135 -606.6844733095917 3426.395016204787 -173.71041612377303 31.91506454543485 139.88975008235894 6383.805112361281 -3858.6353521428746 -22.711471704945097 7459.3934273748955 3.0686920933160997e-09 596.8733530622679 47.616241648061234
563.0 -5505.74959728291 -613.2496236474243 3423.0992607407907 -173.64439268407708 31.8809969807055 139.85565142320982 6381.18664794478 -3863.030261815049 -22.75208727116933 7459.4278263874085 3.075132730989454e-09 596.6172234089008 47.51832875274813
564.0 -5507.038633144367 -619.8136961789326 3419.798555888192 -173.57842028003938 31.8468903167254 139.82150587658072 6378.56955112982 -3867.4162268096497 -22.792699548563405 7459.462265950795 3.0816015388251914e-09 596.360513436658 47.42040386384535
565.0 -5508.320709828699 -626.3766824567266 3416.4929063649424 -173.51249886410582 31.81274463121485 139.7873135109311 6375.95383642465 -3871.793256080491 -22.833308527588997 7459.496745895591 3.0880985603178536e-09 596.1032167782317 47.32246827347644
566.0 -5509.595825223193 -632.938574034935 3413.1823168962383 -173.4466283884723 31.77856000181777 139.75307439477044 6373.339518281333 -3876.16135860882 -22.8739141988533 7459.531266052142 3.0946238387165267e-09 595.8453270183952 47.224523278469064
567.0 -5510.86397722371 -639.4993624692158 3409.8667922145164 -173.38080880508633 31.744336506101302 139.71878859665898 6370.726611095838 -3880.5205434029904 -22.914516553120393 7459.565826250625 3.1011774170238103e-09 595.5868376939712 47.126570180358115
568.0 -5512.125163734692 -646.0590393167666 3406.546337059445 -173.31504006564845 31.71007422155567 139.68445618519956 6368.115129208111 -3884.8708194981527 -22.955115581305563 7459.600426321026 3.1077593379965615e-09 595.3277422937297 47.028610285362205
569.0 -5513.379382669161 -652.6175961363347 3403.22095617792 -173.2493221216138 31.675773225593968 139.65007722904534 6365.505086902164 -3889.212195955935 -22.995711274482346 7459.635066093162 3.11436964414356e-09 595.0680342584081 46.93064490440643
570.0 -5514.626631948727 -659.1750244882275 3399.8906543240582 -173.18365492419372 31.641433595551817 139.6156517968946 6362.89649840615 -3893.5446818641317 -23.036303623874574 7459.669745396666 3.1210083777256615e-09 594.8077069806367 46.83267535310775
571.0 -5515.8669095035875 -665.7313159343232 3396.5554362591906 -173.1180384243571 31.607055408687362 139.58117995748879 6360.289377892457 -3897.868286336393 -23.07689262086251 7459.704464061003 3.127675580755367e-09 594.546753804885 46.734702951769385
572.0 -5517.100213272539 -672.2864620380814 3393.215306751859 -173.05247257283202 31.57263874218073 139.5466617796195 6357.6837394777785 -3902.1830185119143 -23.11747825697148 7459.73922191546 3.134371294994613e-09 594.2851680274815 46.63672902540123
573.0 -5518.326541202977 -678.8404543645523 3389.8702705778064 -172.98695732010728 31.53818367313417 139.51209733211994 6355.079597223215 -3906.4888875551196 -23.158060523900076 7459.774018789151 3.1410955619556393e-09 594.0229428965125 46.53875490369505
574.0 -5519.545891250893 -685.393284480388 3386.520332519974 -172.92149261643374 31.503690278571565 139.4774866838665 6352.476965134347 -3910.785902655369 -23.198639413481487 7459.808854511025 3.1478484228998322e-09 593.7600716118019 46.44078192102949
575.0 -5520.758261380891 -691.9449439538532 3383.165497368494 -172.856078411826 31.469158635438383 139.44282990378096 6349.875857161329 -3915.0740730266325 -23.239214917717618 7459.843728909852 3.1546299188365063e-09 593.4965473248938 46.342811416475904
576.0 -5521.963649566181 -698.4954243548348 3379.8057699206825 -172.79071465606373 31.434588820601356 139.4081270608292 6347.276287198978 -3919.3534079072024 -23.279787028763167 7459.878641814245 3.1614400905223496e-09 593.2323631390117 46.24484473379438
577.0 -5523.162053788592 -705.0447172548522 3376.4411549810357 -172.72540129869338 31.399980910848416 139.37337822401872 6344.678269086858 -3923.623916559378 -23.320355738924036 7459.91359305264 3.1682789784610927e-09 592.9675121090072 46.14688322142676
578.0 -5524.353472038566 -711.5928142270684 3373.071657361222 -172.6601382890294 31.365334982888307 139.33858346239478 6342.081816609374 -3927.8856082691664 -23.36092104066597 7459.948582453311 3.175146622903485e-09 592.7019872413017 46.04892823248525
579.0 -5525.537902315169 -718.1397068462998 3369.697281880077 -172.59492557615587 31.3306511133506 139.30374284505075 6339.486943495865 -3932.138492345982 -23.401482926611834 7459.98360984437 3.1820430638444624e-09 592.435781493935 45.95098112478127
580.0 -5526.715342626092 -724.6853866890267 3366.3180333635964 -172.529763108928 31.295929378785306 139.26885644111852 6336.893663420691 -3936.3825781223477 -23.442041389536598 7460.018675053767 3.188968341024254e-09 592.1688877764637 45.85304326079785
581.0 -5527.885790987658 -731.2298453334038 3362.933916644932 -172.46465083597354 31.26116985566275 139.2339243197681 6334.301990003325 -3940.617874953592 -23.482596422376673 7460.053777909285 3.1959224939276756e-09 591.9012989499303 45.75511600768802
582.0 -5529.049245424821 -737.7730743592704 3359.544936564384 -172.39958870569424 31.226372620373464 139.1989465502142 6331.711936808454 -3944.844392217554 -23.5231480182249 7460.088918238551 3.202905561782067e-09 591.6330078268865 45.657200737292506
583.0 -5530.20570397117 -744.3150653481608 3356.151097969393 -172.3345766662673 31.191537749227855 139.16392320170672 6329.1235173460655 -3949.06213931429 -23.563696170328512 7460.124095869036 3.2099175835583866e-09 591.3640071712946 45.559298826112595
584.0 -5531.355164668942 -750.855809883315 3352.752405714538 -172.269614665647 31.15666531845606 139.128854343537 6326.536745071545 -3953.2711256657713 -23.604240872095488 7460.159310628045 3.2169585979692273e-09 591.0942896985507 45.461411655326636
585.0 -5532.4976255690135 -757.3952995496885 3349.3488646615283 -172.20470265156578 31.121755404207896 139.0937400450327 6323.951633385776 -3957.471360715602 -23.644782117088425 7460.194562342741 3.2240286434690663e-09 590.8238480754192 45.3635406107749
586.0 -5533.63308473091 -763.933525933963 3345.9404796791964 -172.13984057153607 31.086808082552466 139.05858037556126 6321.368195635228 -3961.6628539287176 -23.685319899028627 7460.229850840115 3.231127758252814e-09 590.5526749200382 45.26568708296845
587.0 -5534.761540222813 -770.4704806245566 3342.5272556434925 -172.0750283728516 31.051823429478087 139.02337540452578 6318.786445112068 -3965.8456147910956 -23.725854211801106 7460.265175947022 3.2382559802559167e-09 590.280762801863 45.16785246707631
588.0 -5535.882990121557 -777.0061552116345 3339.1091974374813 -172.01026600258865 31.016801520892184 138.98812520136755 6316.206395054241 -3970.019652809474 -23.766385049440032 7460.300537490153 3.2454133486911853e-09 590.0081042805958 45.0700381534327
589.0 -5536.997432512638 -783.5405412871191 3335.686309951329 -171.9455534076079 30.981742432620948 138.95282983556368 6313.62805864551 -3974.1849775110004 -23.80691240614715 7460.335935295963 3.2525999927653784e-09 589.7346941516125 44.97224497962882
590.0 -5538.104865490215 -790.0736304447003 3332.258598082304 -171.88089053455536 30.946646240409354 138.91748937662715 6311.051449015196 -3978.341598442742 -23.847436276276312 7460.371369190257 3.259816181008388e-09 589.4605306945074 44.87447292585849
591.0 -5539.205287157116 -796.6054142798448 3328.8260667347695 -171.81627732986425 30.911513019920783 138.882103894104 6308.476579238124 -3982.4895251712824 -23.887956654345544 7460.406838997995 3.2670621952795987e-09 589.1856124840953 44.776721893023606
592.0 -5540.298695624838 -803.1358843898067 3325.388720820174 -171.75171373975604 30.876342846737053 138.84667345757688 6305.9034623347015 -3986.6287672824355 -23.928473535028616 7460.442344543276 3.2743383190352204e-09 588.9099380934972 44.67899177519265
593.0 -5541.385089013557 -809.6650323736366 3321.9465652570493 -171.6871997102422 30.841135796358138 138.8111981366647 6303.332111271037 -3990.759334380952 -23.968986913164827 7460.477885649346 3.2816448373287214e-09 588.633506094148 44.581282459591584
594.0 -5542.464465452124 -816.1928498321911 3318.4996049710035 -171.62273518712541 30.805891944202113 138.7756780010164 6300.762538959024 -3994.8812360902375 -24.009496783759687 7460.513462138583 3.288982036812471e-09 588.3563150557578 44.48359382657844
595.0 -5543.536823078074 -822.7193283681435 3315.047844894714 -171.5583201160011 30.77061136560485 138.7401131203149 6298.194758256451 -3998.994482052063 -24.0500031419881 7460.5490738325025 3.2963502057372496e-09 588.0783635463539 44.38592574964638
596.0 -5544.602160037625 -829.2444595859929 3311.5912899679242 -171.49395444225866 30.735294135819984 138.7045035642786 6295.628781967097 -4003.0990819262897 -24.09050598318663 7460.584720551744 3.303749633952254e-09 587.7996501323012 44.28827809541966
597.0 -5545.6604744856895 -835.768235092074 3308.1299451374343 -171.42963811108302 30.699940330018727 138.66884940265282 6293.064622840834 -4007.195045390577 -24.131005302866015 7460.620402116071 3.3111806129071277e-09 587.5201733782465 44.19065072362267
598.0 -5546.711764585869 -842.2906464945667 3304.663815357097 -171.36537106745607 30.66455002328975 138.63315070521577 6290.502293573742 -4011.2823821401053 -24.171501096712973 7460.6561183443755 3.318643435650973e-09 587.2399318471757 44.09304348708863
599.0 -5547.756028510462 -848.8116854035061 3301.1929055878127 -171.3011532561579 30.629123290638947 138.5974075417812 6287.941806808193 -4015.361101887293 -24.21199336058703 7460.69186905466 3.326138396832015e-09 586.9589241004448 43.99545623175936
600.0 -5548.793264440468 -855.3313434307922 3297.717220797522 -171.2369846217683 30.59366020698935 138.5616199821874 6285.383175132971 -4019.431214361527 -24.252482090523245 7460.727654064043 3.3336657927000865e-09 586.6771486977034 43.897888796647855
601.0 -5549.823470565594 -861.8496121901994 3294.2367659611996 -171.17286510866808 30.55816084718106 138.5257880963052 6282.826411083372 -4023.4927293088745 -24.29296728273539 7460.763473188755 3.3412259211051407e-09 586.3946041969676 43.80034101385276
602.0 -5550.846645084249 -868.3664832973864 3290.7515460608497 -171.10879466104043 30.522625285970932 138.48991195403622 6280.2715271413035 -4027.545656491815 -24.333448933616637 7460.79932624413 3.348819081497725e-09 586.1112891546181 43.70281270854679
603.0 -5551.862786203555 -874.8819483699056 3287.2615660855 -171.04477322287246 30.487053598032617 138.45399162530458 6277.718535735401 -4031.590005688961 -24.37392703975206 7460.835213044601 3.3564455749308566e-09 585.827202125344 43.605303698947054
604.0 -5552.871892139348 -881.3959990272133 3283.7668310311938 -170.98080073795634 30.451445857956326 138.41802718006912 6275.167449241128 -4035.6257866947867 -24.41440159789977 7460.871133403706 3.3641057040575345e-09 585.5423416622492 43.50781379634136
605.0 -5553.8739611161855 -887.908626890679 3280.267345900986 -170.9168771498908 30.415802140248736 138.3820186883139 6272.618279980889 -4039.653009319357 -24.454872605012042 7460.9070871340755 3.371799773132785e-09 585.2567063167892 43.410342805055905
606.0 -5554.868991367344 -894.4198235835953 3276.763115704937 -170.85300240208247 30.38012251933282 138.3459662200499 6270.071040224132 -4043.6716833880537 -24.495340058227384 7460.943074047427 3.3795280880133605e-09 584.9702946387936 43.312890522453024
607.0 -5555.856981134825 -900.9295807311877 3273.254145460105 -170.78917643774713 30.344407069547735 138.3098698453149 6267.525742187459 -4047.6818187413105 -24.535803954873927 7460.979093954569 3.3872909561577356e-09 584.6831051764761 43.21545673892479
608.0 -5556.8379286693635 -907.4378899606238 3269.7404401905424 -170.7253991999113 30.308655865148744 138.2737296341723 6264.982398034743 -4051.6834252343406 -24.57626429248012 7461.015146665392 3.395088686626373e-09 584.3951364764362 43.11804123788314
609.0 -5557.811832230419 -913.9447429010232 3266.2220049272883 -170.6616706314133 30.272868980307077 138.2375456567097 6262.441019877224 -4055.6765127368726 -24.616721068761763 7461.051231988867 3.4029215900819628e-09 584.1063870836564 43.02064379575002
610.0 -5558.778690086194 -920.4501311834676 3262.6988447083636 -170.5979906749047 30.237046489109712 138.20131798304197 6259.901619773629 -4059.66109113289 -24.657174281632706 7461.087349733037 3.410789978788685e-09 583.8168555415393 42.92326418195959
611.0 -5559.738500513627 -926.9540464410101 3259.1709645787632 -170.53435927285184 30.20118846555942 138.1650466833059 6257.364209730287 -4063.6371703203527 -24.697623929211886 7461.123499705021 3.418694166613275e-09 583.5265403918743 42.825902158937794
612.0 -5560.691261798403 -933.4564803086851 3255.6383695904515 -170.4707763675368 30.16529498357453 138.12873182766418 6254.828801701231 -4067.60476021095 -24.73807000981492 7461.159681711004 3.426634469024011e-09 583.2354401748798 42.72855748210748
613.0 -5561.636972234949 -939.957424423517 3252.101064802356 -170.40724190105902 30.12936611698883 138.09237348629838 6252.2954075883135 -4071.5638707298313 -24.77851252196365 7461.195895556234 3.434611203092123e-09 582.9435534291575 42.63122989986342
614.0 -5562.575630126446 -946.4568704245313 3248.5590552803615 -170.34375581533644 30.093401939551487 138.0559717294185 6249.764039241325 -4075.514511815348 -24.818951464380007 7461.232141045025 3.4426246874895e-09 582.6508786917802 42.533919153592805
615.0 -5563.507233784829 -952.9548099527636 3245.0123460973036 -170.280318052107 30.057402524926946 138.01952662725165 6247.2347084581015 -4079.4566934187906 -24.85938683600375 7461.26841798074 3.4506752424909686e-09 582.35741449821 42.43662497763924
616.0 -5564.431781530785 -959.4512346512693 3241.460942332963 -170.21692855292966 30.02136794669479 137.98303825004703 6244.7074269846435 -4083.390425504141 -24.899818635976544 7461.304726165804 3.4587631850254745e-09 582.0631595419709 42.339347120267625
617.0 -5565.349271693767 -965.9461361651329 3237.9048490740606 -170.15358725918603 29.98529827834966 137.9465066680766 6242.18220651536 -4087.315718047891 -24.940246863655375 7461.341065401844 3.4668886982198637e-09 581.7681168835335 42.24208589624853
618.0 -5566.25970261199 -972.4395061414785 3234.3440714142484 -170.0902941120815 29.9491935933011 137.9099319516318 6239.659058693607 -4091.2325810390766 -24.980671518616873 7461.377435490204 3.4750518171158757e-09 581.4722944111236 42.1448422473465
619.0 -5567.163072632438 -978.9313362294804 3230.7786144541055 -170.02704905264642 29.91305396487355 137.87331417102135 6237.1379951119725 -4095.141024479133 -25.02109260064367 7461.413836232134 3.4832525687066465e-09 581.1757003227517 42.04761714914034
620.0 -5568.059380110866 -985.4216180803722 3227.2084833011313 -169.96385202173767 29.87687946630616 137.83665339657526 6234.619027312392 -4099.041058381637 -25.061510109750998 7461.45026742879 3.4914909794834635e-09 580.8783428827343 41.95041157905669
621.0 -5568.948623411802 -991.9103433474592 3223.633683069738 -169.90070296003964 29.84067017075268 137.79994969864075 6232.102166786259 -4102.932692772079 -25.101924046155773 7461.486728881232 3.4997670754358643e-09 580.5802304216884 41.85322651635666
622.0 -5569.830800908553 -998.3975036861266 3220.054218881244 -169.83760180806567 29.804426151281472 137.76320314758433 6229.58742497456 -4106.815937687602 -25.142334410299554 7461.523220390436 3.5080808820503917e-09 580.2813713365697 41.756062942138364
623.0 -5570.705910983211 -1004.8830907538517 3216.4700958638714 -169.7745485061593 29.76814748087525 137.72641381378565 6227.074813267992 -4110.690803176774 -25.18274120284059 7461.559741757295 3.516432424311231e-09 579.9817740906456 41.658921839317664
624.0 -5571.573952026649 -1011.3670962102133 3212.881319152732 -169.71154299449552 29.731834232431197 137.68958176764428 6224.564343007076 -4114.5572992993375 -25.223144424651764 7461.596292782613 3.5248217266979023e-09 579.6814472135707 41.561804192643315
625.0 -5572.434922438532 -1017.8495117169024 3209.2878938898266 -169.64858521308201 29.695486478760582 137.65270707957703 6222.056025482286 -4118.415436125969 -25.26354407682993 7461.632873267111 3.5332488131851167e-09 579.380399301385 41.46471098868673
626.0 -5573.28882062732 -1024.3303289377325 3205.6898252240394 -169.5856751017604 29.65910429258901 137.61578982001288 6219.549871934174 -4122.265223738048 -25.303940160682487 7461.669483011437 3.541713707243192e-09 579.0786390164917 41.367643215825865
627.0 -5574.135645010265 -1030.8095395386504 3202.087118311124 -169.52281260020743 29.622687746556064 137.57883005939865 6217.045893553481 -4126.1066722274145 -25.344332677735338 7461.706121816154 3.5502164318360343e-09 578.7761750877207 41.27060186425692
628.0 -5574.975394013419 -1037.2871351877454 3198.479778313707 -169.45999764793646 29.586236913215338 137.54182786819106 6214.5441014812695 -4129.93979169613 -25.38472162973926 7461.742789481753 3.558757009422237e-09 578.4730163102801 41.17358792597049
629.0 -5575.808066071639 -1043.7631075552615 3194.8678104012724 -169.3972301842984 29.549751865034324 137.50478331686534 6212.044506809049 -4133.764592256248 -25.425107018656945 7461.779485808654 3.567335461952383e-09 578.1691715458413 41.07660239477128
630.0 -5576.633659628588 -1050.237448313606 3191.2512197501615 -169.3345101484831 29.513232674394416 137.46769647590492 6209.547120578892 -4137.581084029579 -25.46548884666845 7461.816210597202 3.575951810870732e-09 577.864649722471 40.97964626624784
631.0 -5577.452173136739 -1056.7101491373614 3187.6300115435615 -169.27183747952057 29.47667941359063 137.43056741580972 6207.051953783564 -4141.389277147456 -25.50586711617666 7461.852963647679 3.5846060771126008e-09 577.5594598347088 40.88272053779126
632.0 -5578.2636050573765 -1063.1812017032948 3184.004190971502 -169.20921211628215 29.44009215483177 137.3933962070893 6204.559017366646 -4145.189181750506 -25.546241829798873 7461.889744760292 3.5932982811052835e-09 577.2536109435265 40.78582620857406
633.0 -5579.067953860607 -1069.6505976903688 3180.373763230847 -169.1466339974818 29.403470970240146 137.35618292026456 6202.068322222661 -4148.980807988417 -25.586612990375215 7461.926553735191 3.6020284427669745e-09 576.9471121763506 40.68896427955157
634.0 -5579.865218025353 -1076.1183287797514 3176.738733525291 -169.0841030616772 29.3668159318516 137.31892762586918 6199.5798791971965 -4152.764166019716 -25.626980600961133 7461.963390372462 3.6107965815057723e-09 576.6399727270849 40.59213575346251
635.0 -5580.655396039361 -1082.5843866548269 3173.099107065347 -169.0216192472712 29.330127111615557 137.28163039444038 6197.093699087039 -4156.53926601153 -25.667344664836037 7462.000254472127 3.619602716221202e-09 576.3322018560427 40.49534163480176
636.0 -5581.438486399207 -1089.0487630012062 3169.454889068343 -168.9591824925126 29.29340458139458 137.24429129653123 6194.609792640291 -4160.306118139376 -25.707705185489658 7462.03714583416 3.628446865300678e-09 576.0238088900561 40.39858292984913
637.0 -5582.214487610298 -1095.511449506737 3165.806084758419 -168.89679273549777 29.256648412964743 137.20691040270287 6192.128170556502 -4164.064732586923 -25.748062166634327 7462.0740642584715 3.6373290466206876e-09 575.7148032224183 40.301860646646006
638.0 -5582.983398186875 -1101.9724378615142 3162.152699366513 -168.83444991417167 29.219858678015292 137.16948778352443 6189.648843486792 -4167.815119545769 -25.788415612209747 7462.1110095449185 3.6462492775462068e-09 575.4051943128879 40.20517579499178
639.0 -5583.745216652012 -1108.431719757891 3158.4947381303596 -168.77215396632897 29.18303544814863 137.1320235095683 6187.171822033984 -4171.557289215232 -25.828765526361167 7462.147981493311 3.655207574931195e-09 575.0949916876546 40.1085293864285
640.0 -5584.49994153763 -1114.8892868904877 3154.832206294481 -168.70990482961537 29.146178794880328 137.09451765141986 6184.697116752735 -4175.291251802112 -25.869111913465076 7462.184979903409 3.664203955115699e-09 574.7842049394222 40.011922434262516
641.0 -5585.2475713844915 -1121.3451309562042 3151.1651091101808 -168.64770244152865 29.109288789638963 137.05697027966568 6182.224738149651 -4179.017017520482 -25.909454778111012 7462.2220045749245 3.67323843392805e-09 574.4728437273145 39.915355953531034
642.0 -5585.988104742208 -1127.7992436542281 3147.493451835539 -168.58554673941998 29.072365503766147 137.01938146490278 6179.754696683424 -4182.734596591468 -25.949794125110202 7462.259055307526 3.682311026682075e-09 574.1609177769514 39.8188309610224
643.0 -5586.721540169238 -1134.2516166860476 3143.8172397354024 -168.5234376604949 29.03540900851647 136.98175127773104 6177.287002764964 -4186.443999243026 -25.99012995949056 7462.296131900838 3.6914217550870663e-09 573.8484365516875 39.72234845484562
644.0 -5587.447876232902 -1140.7022417554597 3140.136478081379 -168.46137514181473 28.998419375057388 136.94407978875307 6174.821666757353 -4190.145235709617 -26.03046228650419 7462.333234154242 3.7005708114991808e-09 573.5354014379418 39.62590892924348
645.0 -5588.1671115093695 -1147.151110568581 3136.451172151833 -168.39935912029748 28.961396674469064 136.90636706857896 6172.35869897545 -4193.838316231635 -26.07079111161852 7462.370361866241 3.7097585672536576e-09 573.2218053487276 39.52951234998369
646.0 -5588.879244583682 -1153.5982148338578 3132.7613272318763 -168.33738953271921 28.924340977744638 136.86861318782368 6169.8981096858515 -4197.523251055065 -26.111116440521073 7462.407514834251 3.718985403842281e-09 572.9076407557584 39.4331586530335
647.0 -5589.584274049731 -1160.0435462620744 3129.066948613363 -168.27546631571508 28.887252355790004 136.8308182170966 6167.439909106997 -4201.200050431262 -26.151438279123795 7462.444692854577 3.728251704638357e-09 572.5929000831574 39.336847768978956
648.0 -5590.282198510287 -1166.4870965663638 3125.3680415948847 -168.2135894057805 28.850130879423585 136.79298222701902 6164.984107409313 -4204.868724616735 -26.19175663355918 7462.481895722422 3.737557854891536e-09 572.2775757076138 39.24057962306736
649.0 -5590.973016576987 -1172.9288574622155 3121.664611481762 -168.1517587392724 28.812976619376645 136.7551052882073 6162.530714715333 -4208.529283872927 -26.232071510195965 7462.519123231883 3.746904241731038e-09 571.9616599582558 39.144354135161905
650.0 -5591.65672687034 -1179.3688206674874 3117.9566635860397 -168.08997425241014 28.77578964629296 136.71718747128222 6160.079741099823 -4212.181738466005 -26.272382915622984 7462.556375175937 3.756291254162408e-09 571.6451451167409 39.0481712197634
651.0 -5592.333328019735 -1185.806977902413 3114.24420322648 -168.02823588127686 28.738570030728994 136.67922884686197 6157.631196589911 -4215.826098666641 -26.312690856669178 7462.593651346441 3.765719283068296e-09 571.3280234172109 38.95203078599012
652.0 -5593.00281866344 -1192.2433208896123 3110.5272357285553 -167.96654356182057 28.701317843153717 136.64122948556883 6155.185091165216 -4219.462374749796 -26.352995340397683 7462.630951534127 3.775188721205803e-09 571.0102870463625 38.85593273759287
653.0 -5593.665197448606 -1198.6778413541006 3106.8057664244457 -167.90489722985515 28.664033153948655 136.6031894580205 6152.741434757974 -4223.090576994518 -26.393296374106967 7462.668275528599 3.784699963207594e-09 570.69192814339 38.75987697293113
654.0 -5594.320463031271 -1205.1105310232972 3103.0798006530267 -167.8432968210616 28.626716033407785 136.56510883483477 6150.300237253172 -4226.710715683724 -26.43359396533924 7462.7056231183315 3.794253405579706e-09 570.3729388000402 38.66386338498295
655.0 -5594.968614076365 -1211.5413816270373 3099.349343759867 -167.78174227098924 28.589366551737584 136.52698768662546 6147.861508488668 -4230.322801103987 -26.47388812188433 7462.742994090653 3.803849446701492e-09 570.0533110605948 38.567891861332896
656.0 -5595.609649257705 -1217.9703848975782 3095.614401097223 -167.72023351505655 28.551984779056962 136.48882608400612 6145.425258255325 -4233.92684354534 -26.514178851769884 7462.780388231756 3.813488486823567e-09 569.7330369219188 38.47196228417988
657.0 -5596.243567258013 -1224.3975325696115 3091.874978024029 -167.6587704885525 28.514570785397254 136.45062409758802 6142.991496297146 -4237.5228533010595 -26.55446616327731 7462.8178053266865 3.823170928067195e-09 569.4121083334625 38.37607453033037
658.0 -5596.870366768902 -1230.8228163802708 3088.131079905895 -167.59735312663759 28.477124640702158 136.4123817979733 6140.56023231139 -4241.110840667461 -26.5947500649404 7462.855245159334 3.832897174424855e-09 569.0905171972214 38.2802284711798
659.0 -5597.4900464908915 -1237.2462280691423 3084.382712115097 -167.5359813643449 28.439646414827795 136.37409925576415 6138.131475948714 -4244.690815943693 -26.635030565548277 7462.892707512437 3.842667631756735e-09 568.7682553678335 38.184423972734194
660.0 -5598.102605133406 -1243.6677593782729 3080.629880030571 -167.47465513658128 28.40213617754258 136.33577654155692 6135.705236813298 -4248.262789431545 -26.67530767414246 7462.930192167572 3.852482707791015e-09 568.4453146525508 38.08866089559409
661.0 -5598.708041414778 -1250.0874020521808 3076.872589037908 -167.4133743781284 28.364593998527244 136.2974137259398 6133.281524462972 -4251.826771435226 -26.71558140002935 7462.967698905153 3.8623428121232155e-09 568.1216868112388 37.99293909494752
662.0 -5599.3063540622525 -1256.5051478378648 3073.110844529348 -167.35213902364373 28.327019947374932 136.25901087949612 6130.860348409355 -4255.382772261178 -26.755851752775243 7463.005227504422 3.872248356214096e-09 567.7973635564274 37.89725842057722
663.0 -5599.897541811992 -1262.9209884848126 3069.344651903774 -167.29094900766177 28.289414093591013 136.2205680728019 6128.441718117975 -4258.930802217873 -26.796118742214276 7463.042777743447 3.882199753388974e-09 567.4723365533125 37.80161871685351
664.0 -5600.481603409072 -1269.3349157450118 3065.5740165667016 -167.2298042645951 28.251776506593085 136.1820853764252 6126.025643008413 -4262.470871615608 -26.83638237844889 7463.080349399122 3.89219741883661e-09 567.1465974197727 37.706019822731484
665.0 -5601.058537607491 -1275.7469213729578 3061.798943930279 -167.1687047287353 28.214107255711166 136.14356286092593 6123.612132454416 -4266.002990766321 -26.876642671851187 7463.117942247156 3.902241769607859e-09 566.820137726392 37.61046157175017
666.0 -5601.628343170172 -1282.156997125664 3058.0194394132754 -167.10765033425423 28.176406410187433 136.10500059685228 6121.201195784045 -4269.5271699833775 -26.916899633067942 7463.15555606207 3.912333224615278e-09 566.4929489964537 37.514943792022464
667.0 -5602.191018868969 -1288.5651347626713 3054.235508441077 -167.04664101520487 28.138674039176358 136.06639865474565 6118.7928422797995 -4273.0434195813905 -26.957153273023323 7463.1931906171985 3.922472204630424e-09 566.1650227060077 37.41946630624694
668.0 -5602.746563484662 -1294.9713260460576 3050.447156445681 -166.98567670552262 28.100910211744633 136.02775710513768 6116.38708117875 -4276.551749876015 -26.997403602921167 7463.230845684677 3.932659132283203e-09 565.8363502838702 37.32402893169982
669.0 -5603.294975806966 -1301.3755627404462 3046.6543888656865 -166.9247573390261 28.063114996871267 135.9890760185467 6113.983921672665 -4280.052171183764 -27.037650634246575 7463.26852103544 3.94289443136586e-09 565.506923090297 37.22863148617295
670.0 -5603.836254634535 -1307.7778366130158 3042.857211146293 -166.86388284941833 28.02528846344742 135.9503554654799 6111.583372908199 -4283.544693821843 -27.077894378771134 7463.30621643928 3.9531784650308905e-09 565.1767305222052 37.13327431642897
671.0 -5604.370398774959 -1314.1781394335103 3039.05562873929 -166.8030531702878 27.98743068027654 135.91159551643162 6109.18544398727 -4287.029328108143 -27.118134848558157 7463.343931665147 3.963511486608335e-09 564.845758505252 37.03795871874776
672.0 -5604.897407044772 -1320.5764629742484 3035.249647103051 -166.74226823510938 27.94954171607432 135.8727962418846 6106.790143967324 -4290.506084361143 -27.15837205595585 7463.381666481298 3.973893738736883e-09 564.5139925333422 36.942686091246316
673.0 -5605.417278269457 -1326.9727990101335 3031.439271702527 -166.68152797724545 27.91162163946867 135.8339577123062 6104.397481861481 -4293.974972899721 -27.198606013614153 7463.419420655322 3.984325464773481e-09 564.1814180184664 36.847457836301544
674.0 -5605.930011283443 -1333.3671393186626 3027.6245080092417 -166.62083232994686 27.873670518999763 135.79507999815047 6102.007466638656 -4297.436004042985 -27.23883673447267 7463.457193954119 3.994806908791715e-09 563.8480202907652 36.75227536055097
675.0 -5606.4356049301105 -1339.7594756799376 3023.8053615012827 -166.56018122635402 27.835688423120008 135.75616316985364 6099.620107223714 -4300.88918811008 -27.27906423176705 7463.494986143915 4.005338315582008e-09 563.5137845985374 36.657140074876764
676.0 -5606.9340580618 -1346.149799876674 3019.981837663295 -166.49957459949775 27.797675420194047 135.717207297842 6097.235412497576 -4304.334535420009 -27.319288519033307 7463.532796990247 4.015919930648387e-09 563.1786961083556 36.56205339442068
677.0 -5607.425369539804 -1352.538103694212 3016.1539419864753 -166.4390123823005 27.759631578498723 135.67821245251642 6094.853391297382 -4307.772056291455 -27.35950961010508 7463.5706262579715 4.026552000211654e-09 562.842739904983 36.46701673854123
678.0 -5607.909538234383 -1358.924378920524 3012.3216799685647 -166.3784945075772 27.72155696622324 135.63917870426994 6092.474052416608 -4311.2017610425955 -27.399727519121143 7463.6084737112615 4.037234771203485e-09 562.5059009915758 36.3720315308521
679.0 -5608.3865630247565 -1365.308617346227 3008.4850571138427 -166.3180209080363 27.683451651468975 135.60010612347165 6090.097404605204 -4314.623659990931 -27.439942260520866 7463.646339113599 4.047968491269773e-09 562.1681642895958 36.277099199177854
680.0 -5608.856442799116 -1371.6908107645907 3004.644078933119 -166.25759151628074 27.645315702249647 135.56099478047457 6087.723456569731 -4318.037763453106 -27.48015384904693 7463.6842222277855 4.058753408767365e-09 561.829514638931 36.1822211755683
681.0 -5609.319176454619 -1378.0709509715475 3000.7987509437276 -166.19720626480904 27.60714918649122 135.52184474561037 6085.352216973495 -4321.4440817447285 -27.520362299751696 7463.722122815926 4.069589772764431e-09 561.4899367979041 36.08739889628069
682.0 -5609.774762897401 -1384.4490297657035 2996.9490786695214 -166.1368650860161 27.568952172032002 135.48265608919505 6082.98369443668 -4324.842625180205 -27.560567627994033 7463.760040639442 4.080477833037766e-09 561.1494154433777 35.99263380178867
683.0 -5610.223201042572 -1390.8250389483467 2993.095067640864 -166.07656791219435 27.53072472662255 135.44342888151832 6080.617897536486 -4328.233404072554 -27.60076984944567 7463.797975459063 4.091417840074637e-09 560.8079351707177 35.89792733675133
684.0 -5610.664489814223 -1397.198970323458 2989.236723394622 -166.01631467553463 27.49246691792576 135.4041631928531 6078.254834807262 -4331.616428733243 -27.64096898008529 7463.835927034822 4.102410045069015e-09 560.4654804939329 35.803280950031265
685.0 -5611.098628145423 -1403.5708156977203 2985.374051474161 -165.95610530812718 27.454178813516975 135.364859093447 6075.894514740642 -4334.991709472016 -27.681165036206494 7463.873895126062 4.113454699922838e-09 560.1220358456601 35.70869609466871
686.0 -5611.525614978236 -1409.9405668805286 2981.507057429337 -165.8959397419626 27.415860480883776 135.32551665352844 6073.53694578568 -4338.359256596719 -27.721358034421655 7463.911879491434 4.12455205724313e-09 559.7775855772775 35.61417422789139
687.0 -5611.945449263707 -1416.3082156839996 2977.6357468164883 -165.8358179089328 27.377511987426157 135.2861359432994 6071.182136348981 -4341.719080413133 -27.761547991652378 7463.949879888886 4.135702370342934e-09 559.4321139589002 35.5197168110915
688.0 -5612.358129961874 -1422.6737539229814 2973.7601251984343 -165.775739740832 27.339133400456607 135.24671703294013 6068.830094794847 -4345.071191224806 -27.801734925147457 7463.987896075679 4.146905893238809e-09 559.0856051794859 35.425325309832004
689.0 -5612.763656041771 -1429.0371734150642 2969.8801981444603 -165.71570516935756 27.30072478719999 135.20725999260367 6066.480829445403 -4348.415599332887 -27.841918852468098 7464.025927808368 4.158162880651238e-09 558.7380433468473 35.3310011938281
690.0 -5613.16202648143 -1435.3984659805885 2965.9959712303184 -165.6557141261111 27.262286214793598 135.167764892417 6064.134348580733 -4351.752315035956 -27.882099791501332 7464.06397484281 4.169473588003142e-09 558.3894124877274 35.236745936944644
691.0 -5613.553240267882 -1441.7576234426565 2962.1074500382165 -165.59576654259928 27.22381775028721 135.12823180248589 6061.79066043902 -4355.081348629861 -27.922277760459338 7464.102036934166 4.180838271417337e-09 558.0396965479066 35.142561017202105
692.0 -5613.937296397164 -1448.1146376271402 2958.2146401568125 -165.53586235023485 27.185319460643168 135.0886607928835 6059.449773216679 -4358.4027104075585 -27.962452777875342 7464.140113836889 4.192257187718583e-09 557.688879392169 35.04844791674434
693.0 -5614.3141938743165 -1454.4695003626932 2954.3175471812087 -165.47600148033752 27.146791412736356 135.04905193365832 6057.111695068492 -4361.716410658943 -28.002624862615903 7464.1782053047355 4.203730594430176e-09 557.3369448044389 34.95440812185154
694.0 -5614.683931713393 -1460.8222034807582 2950.4161767129426 -165.41618386413487 27.108233673354146 135.0094052948302 6054.776434107744 -4365.02245967069 -28.04279403386863 7464.216311090755 4.215258749773862e-09 556.9838764878141 34.86044312292554
695.0 -5615.046508937457 -1467.172738815579 2946.5105343599816 -165.35640943276326 27.069646309196568 134.9697209463895 6052.4439984063565 -4368.320867726096 -28.08296031115674 7464.25443094729 4.226841912592053e-09 556.6296613825523 34.76655430552633
696.0 -5615.401924578588 -1473.521098204208 2942.600625736717 -165.29667811726887 27.031029386876305 134.92999895829684 6050.114395995039 -4371.61164510492 -28.123123714334042 7464.292564625988 4.238480341781206e-09 556.2743140736206 34.67274214886094
697.0 -5615.750177677883 -1479.8672734865188 2938.6864564639545 -165.23698984860852 26.99238297291869 134.8902394004811 6047.7876348634045 -4374.894802083222 -28.16328426359314 7464.33071187779 4.250174296610073e-09 555.9178630288663 34.57900667769239
698.0 -5616.091267285461 -1486.2112565052128 2934.7680321689104 -165.17734455765046 26.9537071337617 134.8504423428434 6045.463722960129 -4378.170348933218 -28.203441979455647 7464.368872452946 4.261924037032594e-09 555.5603369899948 34.48534790924679
699.0 -5616.425192460466 -1492.553039105831 2930.8453584852023 -165.1177421751755 26.915001935756155 134.8106078552492 6043.142668193073 -4381.438295923113 -28.24359688278264 7464.407046100997 4.273729823691276e-09 555.2017648729432 34.391765856460935
700.0 -5616.751952271068 -1498.8926131367637 2926.9184410528437 -165.0581826318778 26.876267445165606 134.77073600753326 6040.824478429429 -4384.698653316951 -28.283748994780126 7464.445232570795 4.285591917914574e-09 554.8421757678034 34.29826052799415
701.0 -5617.071545794467 -1505.2299704492593 2922.9872855182366 -164.99866585836568 26.837503728166414 134.73082686949567 6038.509161495844 -4387.951431374464 -28.323898336986986 7464.483431610485 4.2975105817168e-09 554.4815989386645 34.20483192821995
702.0 -5617.383972116895 -1511.5651028974348 2919.0518975341647 -164.93919178516268 26.798710850847854 134.69088051090412 6036.1967251785645 -4391.196640350907 -28.36404493129021 7464.52164296751 4.309486077796235e-09 554.1200638235083 34.11148005723185
703.0 -5617.689230333622 -1517.8980023382856 2915.112282759786 -164.87976034270827 26.759888879211967 134.65089700149164 6033.887177223571 -4394.434290496919 -28.40418879992012 7464.559866388612 4.321518669534559e-09 553.757600034061 34.01820491083896
704.0 -5617.987319548954 -1524.2286606316943 2911.1684468606277 -164.82037146135886 26.721037879173917 134.61087641095324 6031.580525336708 -4397.664392058364 -28.44432996545379 7464.598101619824 4.333608620996629e-09 553.3942373556339 33.92500648055889
705.0 -5618.278238876239 -1530.5570696404423 2907.2203955085765 -164.76102507138864 26.682157916561792 134.57081880894862 6029.276777183833 -4400.886955276184 -28.484468450817303 7464.636348406483 4.345756196928414e-09 553.0300057470157 33.83188475362514
706.0 -5618.561987437871 -1536.8832212302173 2903.268134381875 -164.70172110299038 26.64324905711666 134.53072426510252 6026.975940390935 -4404.101990386247 -28.524604279285313 7464.674606493212 4.357961662755639e-09 552.6649353403419 33.73883971298873
707.0 -5618.838564365289 -1543.2071072696249 2899.3116691651107 -164.64245948627638 26.604311366492734 134.49059284900014 6024.67802254428 -4407.309507619205 -28.56473747448308 7464.71287562393 4.370225284583927e-09 552.2990564409162 33.64587133730862
708.0 -5619.107968798983 -1549.5287196301974 2895.3510055492134 -164.58324015127928 26.56534491025739 134.45042463018652 6022.38303119055 -4410.509517200336 -28.604868060393983 7464.75115554185 4.38254732919771e-09 551.9323995270671 33.55297960095152
709.0 -5619.370199888495 -1555.8480501864035 2891.3861492314445 -164.52406302795302 26.526349753891104 134.41021967817005 6020.090973836968 -4413.70202934941 -28.64499606135223 7464.789445989471 4.394928064057921e-09 551.5649952500385 33.46016447400105
710.0 -5619.625256792423 -1562.165090815659 2887.4171059153928 -164.46492804617344 26.48732596278766 134.369978062419 6017.801857951441 -4416.88705428054 -28.68512150204856 7464.827746708588 4.407367757301768e-09 551.1968744338142 33.36742592225095
711.0 -5619.873138678426 -1568.479833398335 2883.443881310967 -164.40583513573947 26.448273602254073 134.3296998523618 6015.515690962696 -4420.064602202029 -28.72524440753955 7464.866057440285 4.41986667774136e-09 550.8280680749776 33.274763907207245
712.0 -5620.113844723218 -1574.792269817769 2879.4664811343873 -164.34678422637364 26.40919273751079 134.28938511738065 6013.23248026041 -4423.234683316243 -28.76536480323466 7464.904377924929 4.43242509486446e-09 550.4586073425028 33.18217838607447
713.0 -5620.347374112584 -1581.1023919602744 2875.4849111081794 -164.2877752477232 26.370083433691544 134.24903392682086 6010.95223319535 -4426.397307819455 -28.805482714908976 7464.94270790218 4.445043278830241e-09 550.088523577693 33.08966931177916
714.0 -5620.573726041371 -1587.4101917151495 2871.4991769611684 -164.22880812936083 26.330945755843572 134.20864634998446 6008.674957079509 -4429.552485901712 -28.845598168705692 7464.981047110983 4.457721500470022e-09 549.7178482939685 32.99723663295618
715.0 -5620.792899713497 -1593.7156609746874 2867.509284428469 -164.1698828007853 26.29177976892766 134.16822245612437 6006.400659186236 -4432.700227746693 -28.885711191126575 7465.01939528957 4.470460031287814e-09 549.3466131766603 32.90488029393717
716.0 -5621.0048943419515 -1600.0187916341872 2863.515239251483 -164.11099919142262 26.25258553781811 134.1277623144535 6004.129346750375 -4435.840543531566 -28.9258218090456 7465.057752175453 4.48325914345615e-09 548.9748500829378 32.81260023477298
717.0 -5621.209709148801 -1606.3195755919614 2859.5170471778874 -164.05215723062668 26.213363127302856 134.08726599413973 6001.861026968401 -4438.973443426856 -28.965930049709186 7465.096117505434 4.496119109816369e-09 548.6025910416037 32.72039639122389
718.0 -5621.40734336519 -1612.6180047493472 2855.5147139616324 -163.99335684768002 26.17411260208356 134.0467335643042 5999.595706998556 -4442.098937596304 -29.006035940730953 7465.134491015598 4.509040203877871e-09 548.2298682529188 32.62826869475739
719.0 -5621.597796231342 -1618.9140710107163 2851.50824536293 -163.93459797179477 26.134834026775607 134.00616509402124 5997.3333939609765 -4445.217036196728 -29.046139510100602 7465.172872441304 4.522022699816804e-09 547.8567140884393 32.53621707254994
720.0 -5621.781066996563 -1625.207766283483 2847.4976471482482 -163.87588053211334 26.095527465908194 133.96556065231817 5995.074094937829 -4448.327749377893 -29.08624078618277 7465.211261517191 4.535066894720131e-09 547.4831544849599 32.444241506206076
721.0 -5621.957154919249 -1631.4990824781162 2843.4829250903053 -163.8172044577093 26.056192983924426 133.924920308172 5992.8178169732355 -4451.431087282215 -29.1263397977159 7465.249657976911 4.548173227842814e-09 547.1091735299806 32.352342346540304
722.0 -5622.126059266882 -1637.7880115081466 2839.464084968063 -163.75856967758816 26.016830645181315 133.88424413051504 5990.564567073157 -4454.527060044438 -29.166436573817464 7465.288061552814 4.561342195337481e-09 546.7347387822832 32.260520088523734
723.0 -5622.287779316037 -1644.074545290177 2835.4411325667184 -163.69997612068815 25.977440513949944 133.84353218822486 5988.314352205475 -4457.615677791464 -29.206531143991242 7465.326471975877 4.574574295307999e-09 546.3598175889736 32.16877522622394
724.0 -5622.44231435238 -1650.3586757438918 2831.414073677697 -163.64142371588107 25.938022654415423 133.802784550132 5986.067179300129 -4460.696950642219 -29.24662353812073 7465.364888975714 4.587870027676842e-09 545.9843771236228 32.07710825248456
725.0 -5622.589663670678 -1656.6403947920649 2827.3829140986486 -163.582912391973 25.898577130677072 133.76200128501443 5983.823055249252 -4463.770888707524 -29.286713786475048 7465.403312280568 4.601229894184413e-09 545.6083843863951 31.985519658911734
726.0 -5622.729826574797 -1662.9196943605698 2823.3476596334376 -163.5244420777051 25.85910400674844 133.7211824615991 5981.581986907295 -4466.837502089958 -29.3268019197194 7465.441741617297 4.6146543983859756e-09 545.231806204242 31.894009935876866
727.0 -5622.862802377701 -1669.196566378389 2819.3083160921383 -163.46601270175444 25.81960334655737 133.68032814855619 5979.34398109117 -4469.896800883722 -29.36688796891326 7465.480176711389 4.628144045651044e-09 544.8546092310314 31.802579572502662
728.0 -5622.988590401465 -1675.4710027776223 2815.2648892910274 -163.4076241927348 25.780075213946084 133.6394384145094 5977.1090445803775 -4472.948795174516 -29.406971965513776 7465.518617286939 4.641699343157369e-09 544.4767599478264 31.711229056685617
729.0 -5623.107189977268 -1681.7429954934962 2811.2173850525774 -163.34927647919727 25.74051967267131 133.5985133280193 5974.877184117139 -4475.993495039406 -29.44705394137418 7465.557063066658 4.65532079989396e-09 544.0982246629172 31.61995887505746
730.0 -5623.2186004454015 -1688.0125364643732 2807.1658092054486 -163.29096948963132 25.700936786404288 133.55755295760207 5972.648406406533 -4479.030910546691 -29.487133928763797 7465.595513771862 4.6690089266521786e-09 543.7189695121829 31.528769513026777
731.0 -5623.322821155269 -1694.2796176317613 2803.1101675844857 -163.23270315246518 25.661326618730854 133.5165573717074 5970.422718116618 -4482.061051755779 -29.52721196035077 7465.6339691224675 4.682764236030571e-09 543.338960459075 31.4376614547284
732.0 -5623.419851465387 -1700.544230940323 2799.050466030707 -163.17447739606695 25.621689233151578 133.47552663873321 5968.200125878578 -4485.0839287170575 -29.567288069218648 7465.672428836994 4.6965872424272986e-09 542.9581632949471 31.346635183055902
733.0 -5623.509690743395 -1706.8063683378832 2794.986710391301 -163.11629214874512 25.582024693081827 133.4344608270193 5965.980636286846 -4488.099551471768 -29.6073622888689 7465.710892632555 4.710478462039662e-09 542.5765436391871 31.25569117964643
734.0 -5623.592338366051 -1713.0660217754403 2790.918906519618 -163.05814733874948 25.54233306185177 133.3933600048474 5963.764255899239 -4491.10793005188 -29.647434653217033 7465.749360224853 4.724438412861415e-09 542.1940669394149 31.16482992488032
735.0 -5623.667793719239 -1719.3231832071738 2786.847060275163 -163.00004289427176 25.502614402706588 133.35222424044088 5961.550991237085 -4494.109074479969 -29.68750519660398 7465.787831328177 4.73846761468021e-09 541.8106984716745 31.074051897879635
736.0 -5623.736056197965 -1725.5778445904546 2782.77117752359 -162.94197874344636 25.46286877880644 133.31105360196136 5959.340848785361 -4497.102994769087 -29.727573953797673 7465.826305655396 4.75256658907607e-09 541.4264033406027 30.983357576500246
737.0 -5623.797125206367 -1731.8299978858527 2778.691264136693 -162.88395481435123 25.423096253226674 133.2698481575097 5957.1338349928255 -4500.089700922644 -29.76764095999374 7465.8647829179645 4.7667358594184025e-09 541.0411464796375 30.89274743733313
738.0 -5623.851000157714 -1738.0796350571475 2774.6073259924046 -162.82597103500845 25.383296888957755 133.22860797512672 5954.92995627214 -4503.069202934287 -29.807706250820956 7465.903262825904 4.780975950863022e-09 540.654892651227 30.802221955705633
739.0 -5623.897680474411 -1744.3267480713364 2770.519368974782 -162.76802733338496 25.343470748905506 133.18733312279173 5952.729219000013 -4506.041510787775 -29.84776986234192 7465.941745087811 4.795287390349952e-09 540.2676064470197 30.71178160567745
740.0 -5623.937165587995 -1750.5713288986447 2766.4273989740072 -162.7101236373935 25.30361789589109 133.14602366841632 5950.5316295173225 -4509.006634456863 -29.887831831069207 7465.980229410848 4.8096707066028524e-09 539.8792522880121 30.621426860026688
741.0 -5623.969454939148 -1756.8133695125332 2762.3314218863734 -162.652259874893 25.26373839265117 133.10467967985244 5948.33719412925 -4511.964583905179 -29.927892193946718 7466.018715500735 4.8241264301234956e-09 539.4897944248298 30.531158190266883
742.0 -5623.994547977689 -1763.0528618897083 2758.231443614284 -162.59443597368957 25.22383230183794 133.06330122488552 5946.145919105412 -4514.91536908611 -29.96795098837356 7466.057203061758 4.838655093191397e-09 539.0991969378741 30.44097606663161
743.0 -5624.012444162586 -1769.289798010131 2754.127470066243 -162.53665186153714 25.183899686019252 133.02188837123617 5943.957810679989 -4517.8589999426795 -30.008008252198124 7466.09569179675 4.8532572298604754e-09 538.7074237375458 30.350880958077642
744.0 -5624.023142961951 -1775.5241698570262 2750.019507156848 -162.47890746613803 25.14394060767875 132.98044118655613 5941.772875051861 -4520.795486407436 -30.048064023722873 7466.134181407101 4.867933374643777e-09 538.314439517383 30.260873332214846
745.0 -5624.026643853046 -1781.755969416891 2745.9075608067837 -162.4212027151438 25.103955129215844 132.93895973843243 5939.591118384759 -4523.72483840236 -30.088118341706377 7466.172671592783 4.8826840291402445e-09 537.9202339561031 30.170953653766905
746.0 -5624.022946322289 -1787.9851886795047 2741.7916369428185 -162.36353753615603 25.063943312945938 132.89744409438177 5937.412546807515 -4526.647065838825 -30.128171245372187 7466.2111620524865 4.897509659167692e-09 537.5248237965652 30.08112238442581
747.0 -5624.012049865248 -1794.2118196379379 2737.6717414977907 -162.3059118567267 25.023905221100396 132.8558943218533 5935.237166414217 -4529.562178617519 -30.16822277441088 7466.249652483657 4.912410730094809e-09 537.1282272177561 29.99137998449667
748.0 -5623.993953986652 -1800.4358542885611 2733.5478804106065 -162.2483256043593 24.983840915826757 132.81431048822705 5933.064983264346 -4532.470186628328 -30.208272968979145 7466.288142582494 4.927387708680923e-09 536.7304624990213 29.901726912979463
749.0 -5623.968658200388 -1806.6572846310544 2729.4200596262344 -162.19077870650912 24.943750459188838 132.7726926608095 5930.896003382898 -4535.371099750227 -30.248321869706388 7466.326632043949 4.942441063075235e-09 536.3315480199067 29.81216362755918
750.0 -5623.936162029508 -1812.8761026684172 2725.2882850956917 -162.13327109058415 24.9036339131666 132.73104090683862 5928.730232760529 -4538.264927851167 -30.288369517695855 7466.365120561726 4.957571262812639e-09 535.9315022600888 29.72269058461654
751.0 -5623.896465006229 -1819.0923004069768 2721.1525627760448 -162.07580268394577 24.863491339656562 132.6893552934779 5926.567677353669 -4541.1516807879725 -30.32841595453033 7466.40360782827 4.972778778813525e-09 535.5303437991992 29.633308239214863
752.0 -5623.849566671931 -1825.3058698563984 2717.012898630397 -162.0183734139093 24.8233228004717 132.64763588781747 5924.408343084663 -4544.031368406226 -30.368461222271662 7466.4420935347725 4.988064083380983e-09 535.1280913167155 29.544017045102436
753.0 -5623.795466577173 -1831.516803029693 2712.8692986278847 -161.9609832077448 24.78312835734164 132.60588275687513 5922.2522358418955 -4546.904000540158 -30.40850536347125 7466.480577371167 5.003427650198084e-09 534.7247635918504 29.45481745471431
754.0 -5623.734164281679 -1837.7250919432277 2708.7217687436687 -161.90363199267762 24.742908071912673 132.56409596759266 5920.099361479922 -4549.7695870125535 -30.448548421163423 7466.519059026121 5.018869954326807e-09 534.320379503395 29.365709919164594
755.0 -5623.665659354352 -1843.930728616735 2704.570314958929 -161.84631969588918 24.70266200574796 132.52227558683256 5917.949725819592 -4552.628137634629 -30.488590438878646 7466.557538187038 5.0343914722068965e-09 533.9149580295644 29.276694888239273
756.0 -5623.589951373274 -1850.1337050733214 2700.4149432608556 -161.78904624451744 24.66239022032753 132.48042168138804 5915.803334648189 -4555.479662205943 -30.528631460631914 7466.596014540057 5.049992681649743e-09 533.5085182479711 29.187772810417425
757.0 -5623.507039925702 -1856.3340133394768 2696.255659642643 -161.73181156565784 24.62209277704848 132.43853431796563 5913.660193719551 -4558.324170514277 -30.56867153094754 7466.634487770042 5.065674061842464e-09 533.1010793353317 29.098944132834273
758.0 -5623.416924608084 -1862.5316454450842 2692.0924701034814 -161.67461558636367 24.581769737224977 132.39661356320255 5911.520308754205 -4561.161672335545 -30.60871069484233 7466.672957560589 5.081436093339032e-09 532.6926605675097 29.010209301317932
759.0 -5623.319605026047 -1868.7265934234288 2687.9253806485535 -161.61745823364691 24.541421162088493 132.35465948364813 5909.383685439487 -4563.992177433682 -30.648748997840357 7466.7114235940135 5.097279258064812e-09 532.2832813192099 28.92156876035024
760.0 -5623.215080794409 -1874.9188493112065 2683.754397289023 -161.56033943447872 24.501047112787774 132.31267214577784 5907.250329429679 -4566.815695560542 -30.68878648597274 7466.749885551354 5.113204039308907e-09 531.8729610639858 28.83302295309634
761.0 -5623.103351537178 -1881.1084051485336 2679.5795260420314 -161.5032591157902 24.460647650389063 132.27065161598264 5905.120246346131 -4569.632236455807 -30.72882320577878 7466.788343112366 5.1292109217257335e-09 531.4617193740097 28.744572321382382
762.0 -5622.984416887555 -1887.2952529789566 2675.400772930687 -161.44621720447293 24.420222835876153 132.22859796057037 5902.993441777395 -4572.441809846874 -30.768859204310502 7466.826795955523 5.145300391332137e-09 531.0495759199553 28.6562173056985
763.0 -5622.858276487938 -1893.4793848494598 2671.2181439840624 -161.38921362737975 24.379772730150425 132.18651124577156 5900.869921279344 -4575.244425448761 -30.808894529143117 7466.8652437580095 5.161472935502709e-09 530.6365504709261 28.56795834521125
764.0 -5622.724929989919 -1899.6607928104768 2667.0316452371835 -161.33224831132517 24.339297394031156 132.14439153772477 5898.749690375311 -4578.040092964012 -30.848929228368206 7466.903686195725 5.1777290429730144e-09 530.2226628941798 28.479795877732926
765.0 -5622.584377054292 -1905.839468915898 2662.841282731026 -161.2753211830862 24.29879688825537 132.1022389024906 5896.6327545562035 -4580.828822082592 -30.88896335059826 7466.94212294327 5.194069203831797e-09 529.8079331551354 28.391730339751145
766.0 -5622.436617351057 -1912.0154052230796 2658.647062512505 -161.21843216940272 24.258271273478226 132.06005340603926 5894.51911928064 -4583.610622481797 -30.928996944977598 7466.980553673954 5.210493909523332e-09 529.3923813171178 28.303762166403153
767.0 -5622.2816505594155 -1918.1885937928541 2654.4489906344693 -161.1615811969784 24.217720610272885 132.01783511425648 5892.408789975072 -4586.385503826149 -30.969030061177364 7467.018978059789 5.227003652842733e-09 528.9760275412827 28.21589179148834
768.0 -5622.1194763677795 -1924.3590266895387 2650.247073155696 -161.10476819248115 24.177144959130796 131.97558409294277 5890.301772033915 -4589.153475767307 -31.009062749401664 7467.057395771484 5.243598930231179e-09 528.5588913916539 28.12811962592603
769.0 -5621.95009447377 -1930.5266959809444 2646.041316140881 -161.04799308254366 24.136544380461686 131.933300407805 5888.198070819629 -4591.914547943942 -31.049095060396667 7467.095806478398 5.260280277125924e-09 528.1409811437637 28.040445726290358
770.0 -5621.773504584221 -1936.691593738386 2641.831725660632 -160.99125579376408 24.09591893459372 131.89098412446702 5886.097691662759 -4594.668729981564 -31.089127045438545 7467.134209848414 5.277048261240854e-09 527.7222958149001 27.952869857775426
771.0 -5621.589706415182 -1942.8537120366893 2637.6183077914648 -160.93455625270667 24.0552686817737 131.84863530845638 5884.000639862024 -4597.416031492414 -31.129158756354855 7467.172605547902 5.293903452861988e-09 527.3028341486161 27.865391772715398
772.0 -5621.398699691918 -1949.013042954202 2633.401068615793 -160.87789438590232 24.014593682167067 131.80625402521227 5881.906920684452 -4600.156462075362 -31.169190245521577 7467.210993241716 5.310846423946039e-09 526.8825948856369 27.77801121900185
773.0 -5621.200484148918 -1955.169578572802 2629.1800142219213 -160.82127011984917 23.97389399585808 131.76384034008183 5879.816539365498 -4602.890031315826 -31.209221565856524 7467.249372593191 5.327877748118961e-09 526.4615767638282 27.69072794008095
774.0 -5620.9950595298915 -1961.3233109779062 2624.9551507040396 -160.7646833810132 23.933169682849897 131.72139431831985 5877.729501109173 -4605.616748785666 -31.249252770840485 7467.287743264141 5.344998000673164e-09 526.0397785182006 27.603541674957857
775.0 -5620.78242558777 -1967.4742322584796 2620.7264841622186 -160.70813409582885 23.89242080306473 131.6789160250856 5875.645811088168 -4608.336624043102 -31.28928391451268 7467.3261049148505 5.36220775856589e-09 525.617198880883 27.51645215819514
776.0 -5620.562582084718 -1973.622334507044 2616.4940207023956 -160.65162219069944 23.851647416343962 131.63640552544268 5873.565474443974 -4611.049666632625 -31.329315051470985 7467.364457204076 5.379507600416397e-09 525.1938365811276 27.429459119917553
777.0 -5620.335528792124 -1979.7676098196878 2612.257766436375 -160.59514759199803 23.810849582448235 131.59386288435968 5871.488496287017 -4613.7558860849 -31.369346236881483 7467.402799789039 5.396898106502747e-09 524.7696903453229 27.342562285818612
778.0 -5620.101265490614 -1985.9100502960746 2608.017727481816 -160.5387102260677 23.77002736105755 131.55128816671157 5869.414881696769 -4616.455291916683 -31.40937752648051 7467.441132325425 5.414379858758358e-09 524.344758897013 27.255761377168394
779.0 -5619.859791970045 -1992.049648039452 2603.77390996223 -160.48231001922238 23.72918081177156 131.50868143727212 5867.344635721881 -4619.1478936307285 -31.449408976582617 7467.479454467384 5.43195344077219e-09 523.919040956828 27.169056110803293
780.0 -5619.611108029514 -1998.1863951566609 2599.5263200069703 -160.4259468977472 23.688309994109435 131.46604276071722 5865.277763380304 -4621.833700715707 -31.489440644076694 7467.517765867517 5.449619437784475e-09 523.4925352425228 27.08244619913815
781.0 -5619.355213477353 -2004.3202837581434 2595.2749637512266 -160.36962078789918 23.64741496751021 131.42337220162315 5863.214269659409 -4624.512722646116 -31.529472586433485 7467.556066176879 5.467378436684541e-09 523.065240468966 26.99593135016791
782.0 -5619.092108131138 -2010.4513059579544 2591.019847336018 -160.31333161590777 23.606495791332772 131.38066982446426 5861.154159516115 -4627.184968882194 -31.569504861711266 7467.594355044976 5.485231026008882e-09 522.6371553481221 26.909511267468297
783.0 -5618.821791817692 -2016.579453873767 2586.760976908184 -160.25707930797532 23.565552524856027 131.33793569361606 5859.097437877011 -4629.850448869832 -31.60953752855653 7467.63263211976 5.5031777959369436e-09 522.2082785890877 26.82318565020745
784.0 -5618.54426437308 -2022.7047196268845 2582.4983586203816 -160.20086379027785 23.52458522727905 131.29516987334938 5857.044109638475 -4632.509172040493 -31.649570646217853 7467.670897047628 5.521219338290682e-09 521.7786088980401 26.736954193139578
785.0 -5618.2595256426175 -2028.8270953422475 2578.231998631073 -160.14468498896528 23.483593957721208 131.25237242783234 5854.994179666799 -4635.161147811132 -31.6896042745293 7467.709149473417 5.53935624653084e-09 521.3481449782607 26.65081658661437
786.0 -5617.967575480872 -2034.9465731484445 2573.961903104524 -160.08854283016223 23.44257877522224 131.20954342112597 5852.947652798313 -4637.806385584102 -31.729638473935893 7467.747389040395 5.557589115755918e-09 520.9168855300976 26.564772516573726
787.0 -5617.668413751666 -2041.063145177719 2569.6880782107933 -160.0324372399685 23.401539738742443 131.16668291719304 5850.9045338395035 -4640.444894747081 -31.769673305486776 7467.785615390271 5.5759185426955074e-09 520.4848292510602 26.478821664575044
788.0 -5617.362040328074 -2047.1768035659798 2565.4105301257255 -159.97636814445954 23.360476907162724 131.1237909798813 5848.864827567136 -4643.076684672987 -31.809708830841146 7467.8238281631775 5.594345125714556e-09 520.0519748356543 26.39296370776319
789.0 -5617.048455092431 -2053.2875404528095 2561.1292650309465 -159.92033546968702 23.31939033928487 131.0808676729377 5846.828538728378 -4645.7017647199 -31.849745112270284 7467.862026997682 5.612869464804412e-09 519.6183209755326 26.307198318904668
790.0 -5616.727657936333 -2059.395347981473 2556.844289113855 -159.86433914167944 23.278280093831512 131.03791305999388 5844.7956720409165 -4648.320144230974 -31.889782212667797 7467.900211530767 5.63149216158617e-09 519.1838663593525 26.22152516636432
791.0 -5616.399648760642 -2065.5002182989283 2552.5556085676158 -159.80837908644247 23.237146229446385 130.99492720457982 5842.766232193084 -4650.931832534366 -31.929820195545744 7467.9383813978375 5.650213819372959e-09 518.7486096681652 26.135943914972184
792.0 -5616.064427475479 -2071.602143555832 2548.2632295911494 -159.7524552299597 23.195988804694384 130.9519101701097 5840.740223843934 -4653.53683894312 -31.96985912504124 7467.976536232669 5.669035103347141e-09 518.3125455489994 26.05045493229827
793.0 -5615.721994000236 -2077.701115906552 2543.9671583891322 -159.696567498193 23.154807878061728 130.90886201988744 5838.717651623056 -4656.135172754846 -32.009899065924856 7468.014675666998 5.687956850625336e-09 517.8756572500433 25.965060580629775
794.0 -5615.372348263575 -2083.797127509173 2539.6674011719842 -159.64071581708302 23.113603507956064 130.86578281710575 5836.698520130453 -4658.726843251447 -32.04994008359836 7468.052799330223 5.706979930728445e-09 517.4379259565226 25.879763579257606
795.0 -5615.015490203433 -2089.890170525507 2535.363964155863 -159.58490011254995 23.072375752706716 130.8226726248425 5834.682833936648 -4661.311859699027 -32.08998224410243 7468.090906849368 5.726105215918566e-09 516.9993327753607 25.794566656316817
796.0 -5614.651419767018 -2095.9802371210994 2531.056853562659 -159.52912031049368 23.03112467056466 130.7795315060627 5832.670597582795 -4663.890231347809 -32.130025614120086 7468.128997849081 5.745333581193486e-09 516.5598587353242 25.70947254877546
797.0 -5614.280136910816 -2102.0673194652386 2526.7460756199876 -159.4733763367946 22.989850319702764 130.73635952361278 5830.661815580807 -4666.461967432058 -32.17007026098736 7468.167071951627 5.764665904284585e-09 516.1194847870889 25.624484002408252
798.0 -5613.901641600594 -2108.151409730964 2522.431636561184 -159.41766811731398 22.948552758215932 130.69315674022585 5828.65649241346 -4669.027077170003 -32.210116252701255 7468.205128776877 5.784103065649852e-09 515.6781918034192 25.539603771791885
799.0 -5613.5159338114 -2114.232500095074 2518.1135426252936 -159.36199557789448 22.907232044121205 130.6499232185178 5826.6546325345225 -4671.585569763755 -32.25016365791771 7468.243167942305 5.803645948471007e-09 515.2359605792532 25.45483462028215
800.0 -5613.123013527566 -2120.310582738136 2513.7918000570676 -159.3063586443607 22.865888235357883 130.606659020982 5824.656240368868 -4674.13745439924 -32.29021254595864 7468.281189062986 5.823295438651295e-09 514.7927718317735 25.37017931998834
801.0 -5612.722880742713 -2126.3856498444925 2509.466415106957 -159.2507572425196 22.824521389787776 130.56336420999585 5822.661320312585 -4676.682740246106 -32.330262986823755 7468.319191751577 5.843052424807831e-09 514.3486062006018 25.28564065177136
802.0 -5612.315535459747 -2132.4576936022695 2505.1373940311037 -159.19519129816106 22.783131565195227 130.5200388478143 5820.669876733113 -4679.221436457663 -32.37031505119626 7468.357175618324 5.862917798270021e-09 513.9034442478561 25.201221405215485
803.0 -5611.900977690868 -2138.5267062033863 2500.804743091336 -159.1396607370584 22.741718819287275 130.47668299657246 5818.6819139693325 -4681.753552170799 -32.410368810443515 7468.395140271043 5.882892453073696e-09 513.4572664583048 25.1169243786186
804.0 -5611.479207457571 -2144.592679843562 2496.4684685551615 -159.08416548496868 22.700283209693882 130.43329671827982 5816.697436331698 -4684.27909650591 -32.450424336624565 7468.433085315124 5.9029772859591825e-09 513.0100532394337 25.03275237896574
805.0 -5611.050224790643 -2150.6556067223273 2492.128576695759 -159.02870546763347 22.658824793968012 130.38988007482584 5814.716448102355 -4686.798078566822 -32.49048170250285 7468.4710103535235 5.9231731963641335e-09 512.5617849216284 24.948708221924885
806.0 -5610.614029730174 -2156.7154790430263 2487.7850737919725 -158.97328061077909 22.61734362958573 130.3464331279716 5812.7389535352395 -4689.310507440723 -32.53054098153825 7468.5089149867445 5.9434810864228015e-09 512.1124417582166 24.864794731815604
807.0 -5610.17062232555 -2162.7722890128316 2483.437966128307 -158.9178908401172 22.575839773946505 130.30295593935253 5810.764956856213 -4691.816392198086 -32.570602247910756 7468.546798812848 5.963901860960227e-09 511.6620039256205 24.781014741599225
808.0 -5609.720002635463 -2168.8260288427477 2479.0872599949175 -158.86253608134524 22.534313284373123 130.2594485704773 5808.79446226316 -4694.315741892596 -32.610665576513384 7468.584661427433 5.984436427488145e-09 511.2104515234739 24.697371092861754
809.0 -5609.262170727912 -2174.876690747622 2474.7329616876073 -158.807216260147 22.492764218112065 130.21591108272924 5806.827473926119 -4696.808565561085 -32.65073104296653 7468.622502423643 6.005085696199788e-09 510.75776457476155 24.613866635801248
810.0 -5608.7971266802 -2180.924266946151 2470.3750775078174 -158.75193130219282 22.451192632333548 130.17234353735694 5804.863995987378 -4699.294872223456 -32.690798723617036 7468.660321392144 6.025850579969759e-09 510.30392302585 24.53050422919497
811.0 -5608.324870578942 -2186.968749660892 2466.01361376262 -158.69668113314043 22.40959858413161 130.12874599548405 5802.904032561604 -4701.774670882614 -32.73086869554936 7468.698117921128 6.046731994344857e-09 509.848906746715 24.447286740402898
812.0 -5607.845402520065 -2193.010131118267 2461.6485767647155 -158.64146567863503 22.367982130524403 130.08511851809965 5800.94758773595 -4704.2479705243995 -32.77094103658624 7468.735891596308 6.067730857544147e-09 509.39269553096784 24.36421704533431
813.0 -5607.358722608813 -2199.048403548573 2457.2799728324217 -158.58628486431007 22.326343328454247 130.04146116606054 5798.994665570171 -4706.714780117517 -32.81101582530778 7468.773642000906 6.088848090453327e-09 508.93526909600695 24.281298028437245
814.0 -5606.864830959744 -2205.0835591859905 2452.9078082896704 -158.53113861578754 22.284682234787756 129.99777400009054 5797.045270096729 -4709.175108613464 -32.851093141041474 7468.811368715644 6.110084616616911e-09 508.4766070841659 24.198532582508165
815.0 -5606.3637276967365 -2211.1155902685928 2448.5320894659985 -158.47602685867835 22.24299890631614 129.95405708077806 5795.0994053209415 -4711.628964946491 -32.89117306387857 7468.849071318779 6.131441329779584e-09 508.01669811540614 24.115922081199614
816.0 -5605.855412952992 -2217.144489038349 2444.1528226965415 -158.42094951858297 22.201293399755098 129.91031046857663 5793.157075221283 -4714.076358033686 -32.93125567467905 7468.886749386341 6.152919014610431e-09 507.5555618981086 24.033462648203237
817.0 -5605.339886871036 -2223.170247741141 2439.7700143220277 -158.36590652109174 22.15956577174529 129.86653422379982 5791.218283749686 -4716.51729677507 -32.9713410550753 7468.924402492372 6.17451843387997e-09 507.0932249127643 23.951149260206776
818.0 -5604.817149602717 -2229.192858626764 2435.383670688772 -158.31089779178535 22.11781607885216 129.82272840662557 5789.283034831669 -4718.951790053536 -33.01142928748504 7468.962030208941 6.196240352321951e-09 506.62971375466935 23.868976870225254
819.0 -5604.287201309217 -2235.212313948941 2430.993798148665 -158.2559232562352 22.076044377566326 129.7788930770927 5787.351332366444 -4721.3798467347915 -33.05152045510408 7468.999632106129 6.218085536631793e-09 506.1650551336902 23.786940407633974
820.0 -5603.750042161047 -2241.228605965328 2426.6004030591703 -158.20098284000403 22.03425072430361 129.73502829509764 5785.423180227036 -4723.801475667298 -33.09161464192266 7469.037207752045 6.240054755464967e-09 505.6992758740323 23.705034778202073
821.0 -5603.205672338048 -2247.2417269375237 2422.203491783316 -158.14607646864602 21.99243517540528 129.6911341203926 5783.498582260391 -4726.216685682208 -33.13171193272251 7469.0747567128055 6.262148779434699e-09 505.2324029140244 23.623254864128974
822.0 -5602.654092029403 -2253.251669131079 2417.803070689688 -158.0912040677076 21.950597787138058 129.64721061259485 5781.577542287493 -4728.625485593299 -33.17181241309254 7469.11227855254 6.284368381104111e-09 504.76446330601783 23.541595524101254
823.0 -5602.095301433629 -2259.258424815504 2413.3991461524206 -158.03636556272753 21.908738615694393 129.60325783117023 5779.660064103466 -4731.027884196931 -33.21191616941974 7469.149772833385 6.3067143349912865e-09 504.2954842160155 23.460051593301927
824.0 -5601.529300758583 -2265.2619862642787 2408.9917245511933 -157.98156087923752 21.866857717192634 129.55927583544306 5777.746151477699 -4733.423890271967 -33.25202328890464 7469.187239115483 6.329187417561134e-09 503.8254929235783 23.378617883468635
825.0 -5600.956090221465 -2271.262345754859 2404.580812271222 -157.9267899427626 21.824955147677027 129.51526468458934 5775.835808153946 -4735.813512579725 -33.292133859561545 7469.224676956973 6.351788407225696e-09 503.35451682155497 23.29728918292092
826.0 -5600.37567004882 -2277.2594955686877 2400.1664157032505 -157.87205267882155 21.783030963118055 129.47122443763794 5773.929037850446 -4738.196759863919 -33.332247970228536 7469.262085913994 6.374518084340395e-09 502.8825834158974 23.216060256602393
827.0 -5599.788040476538 -2283.2534279912015 2395.7485412435467 -157.81734901292717 21.74108521941243 129.42715515346873 5772.0258442600225 -4740.5736408506 -33.37236571056815 7469.299465540678 6.397377231201908e-09 502.4097203254415 23.13492584611717
828.0 -5599.193201749859 -2289.244135311841 2391.327195293893 -157.76267887058683 21.69911797238342 129.38305689081037 5770.126231050206 -4742.944164248103 -33.41248717106828 7469.3368153891515 6.420366632046231e-09 501.9359552816866 23.05388066976579
829.0 -5598.591154123378 -2295.2316098240576 2386.902384261581 -157.70804217730296 21.657129277780747 129.3389297082466 5768.230201863341 -4745.308338746983 -33.45261244306357 7469.374135009527 6.443487073042287e-09 501.46131612866304 22.972919422596743
830.0 -5597.981897861038 -2301.2158438253246 2382.4741145594026 -157.65343885857314 21.615119191281085 129.29477366419883 5766.337760316687 -4747.666173019967 -33.49274161872245 7469.4114239498995 6.466739342298079e-09 500.9858308225484 22.89203677641432
831.0 -5597.365433236142 -2307.196829617142 2378.042392605644 -157.59886883989083 21.573087768487895 129.2505888169424 5764.44891000254 -4750.017675721894 -33.53287479105961 7469.448681756348 6.490124229849052e-09 500.509527431644 22.811227379848738
832.0 -5596.7417605313485 -2313.1745595050506 2373.6072248240803 -157.54433204674552 21.531035064931753 129.20637522459543 5762.563654488338 -4752.362855489664 -33.57301205394879 7469.485907972933 6.513642527661066e-09 500.0324341360552 22.73048585837532
833.0 -5596.110880038677 -2319.1490257986347 2369.168617643965 -157.48982840462327 21.488961136070518 129.16213294511755 5760.681997316761 -4754.701720942182 -33.61315350211112 7469.523102141684 6.53729502962804e-09 499.5545792274817 22.64980681435245
834.0 -5595.472792059513 -2325.120220811534 2364.726577500027 -157.43535783900703 21.446866037289375 129.11786203631596 5758.803942005859 -4757.034280680302 -33.65329923113745 7469.56026380261 6.56108253156583e-09 499.0759911090831 22.569184827072426
835.0 -5594.827496904601 -2331.088136861453 2360.281110832459 -157.38092027537698 21.404749823901074 129.07356255583605 5756.929492049136 -4759.360543286777 -33.69344933748084 7469.59739249368 6.585005831214302e-09 498.5966982951804 22.488614452784358
836.0 -5594.174994894058 -2337.052766270168 2355.8322240869147 -157.3265156392111 21.36261255114611 129.0292345611651 5755.058650915682 -4761.680517326209 -33.733603918470635 7469.63448775084 6.609065728232491e-09 498.1167294110984 22.408090224740818
837.0 -5593.515286357366 -2343.0141013635334 2351.379923714499 -157.27214385598523 21.320454274192794 128.98487810962763 5753.191422050262 -4763.994211344991 -33.773763072312704 7469.67154910799 6.6332630269481034e-09 497.63611271849265 22.327606737922537
838.0 -5592.84837163338 -2348.972134471496 2346.9242161717625 -157.21780485117378 21.278275048137466 128.94049325838546 5751.327808873301 -4766.301633871154 -33.81392689809309 7469.708576096827 6.657598690172243e-09 497.1548495773547 22.247163386559517
839.0 -5592.1742510703325 -2354.926857928098 2342.465107920694 -157.16349855024993 21.236074928004705 128.89608006443967 5749.4678147804025 -4768.602793413819 -33.8540954957889 7469.74556824606 6.682073921314498e-09 496.672900278049 22.16676689338224
840.0 -5591.4929250258265 -2360.878264071488 2338.002605428714 -157.109224878686 21.193853968747362 128.85163858462357 5747.611443142182 -4770.8976984629235 -33.894268966265145 7469.78252508107 6.706689947164088e-09 496.1902215174919 22.086424619418985
841.0 -5590.804393866845 -2366.826345243927 2333.5367151686696 -157.05498376195382 21.151612225246875 128.80716887560743 5745.758697304346 -4773.186357489152 -33.93444741128587 7469.819446123863 6.731447998012567e-09 495.70676982746653 22.006143952001523
842.0 -5590.108657969756 -2372.7710937917955 2329.0674436188265 -157.00077512552525 21.109349752313314 128.76267099389457 5743.9095805878205 -4775.468778943883 -33.97463093352894 7469.856330893079 6.756349307650481e-09 495.22250157486485 21.92593230471182
843.0 -5589.405717720305 -2378.7125020656013 2324.5947972628637 -156.94659889487235 21.06706660468562 128.71814499581535 5742.064096288833 -4777.7449712591315 -34.014819636586935 7469.893178903974 6.781395113365295e-09 494.73737296190535 21.845797117325148
844.0 -5588.695573513625 -2384.6505624199885 2320.118782589868 -156.89245499546792 21.024762837031826 128.67359093753248 5740.2222477132445 -4780.014942875996 -34.05501362517907 7469.92998971295 6.806586655932993e-09 494.25134002647496 21.76574585577376
845.0 -5587.97822575418 -2390.585267214236 2315.639406093954 -156.83834335278124 20.982438503945545 128.62900887503778 5738.384039259321 -4782.278703147259 -34.09521301011182 7469.966764327145 6.831925179614524e-09 493.7643586423755 21.68578601209517
846.0 -5587.253674855659 -2396.516608813101 2311.1566742736272 -156.78426389227084 20.94009365994027 128.58439886413794 5736.54947499976 -4784.536261158744 -34.135417897349726 7470.003503360486 6.857411932158601e-09 493.2763845194498 21.605925104361013
847.0 -5586.521921241103 -2402.4445795857887 2306.6705936325593 -156.7302165393945 20.897728359456973 128.53976096047649 5734.718558143129 -4786.787625278062 -34.17562838795243 7470.040206331028 6.883048164783916e-09 492.78737320410283 21.526170676670883
848.0 -5585.7829653429435 -2408.369171905682 2302.18117067979 -156.6762012196119 20.855342656866206 128.49509521952177 5732.891291873716 -4789.0328038531125 -34.21584458389975 7470.07687275327 6.9088351321806895e-09 492.2972800794504 21.44653029908531
849.0 -5585.036807603002 -2414.290378150343 2297.6884119297233 -156.62221785838517 20.81293660646818 128.45040169657722 5731.067679351623 -4791.271805212041 -34.25606658810216 7470.113502138152 6.9347740924994774e-09 491.8060603657113 21.367011567598663
850.0 -5584.283448472494 -2420.208190701528 2293.1923239021207 -156.56826638117911 20.770510262493158 128.40568044677167 5729.247723712869 -4793.504637663176 -34.296294504405296 7470.150093993038 6.960866307351448e-09 491.3136691203812 21.2876221040767
851.0 -5583.522888412029 -2426.12260194519 2288.6929131220945 -156.51434671346172 20.728063679101417 128.36093152506393 5727.431428069481 -4795.731309494985 -34.33652843760524 7470.1866478217025 6.987113041800549e-09 490.82006123855996 21.208369556219473
852.0 -5582.755127891616 -2432.0336042714885 2284.1901861201027 -156.46045878070427 20.685596910383545 128.31615498623717 5725.6187955096 -4797.9518289760135 -34.37676849344825 7470.22316312432 7.013515564361559e-09 490.325191453168 21.129261597506446
853.0 -5581.980167390663 -2437.9411900747937 2279.6841494319397 -156.40660250838192 20.643110010360527 128.27135088489928 5723.809829097576 -4800.166204354832 -34.417014778651264 7470.259639397454 7.0400751469947565e-09 489.82901433522665 21.05030592715231
854.0 -5581.19800739798 -2443.845351753698 2275.174809598734 -156.35277782197386 20.600603032984004 128.22651927548276 5722.0045318740595 -4802.374443859995 -34.45726740090072 7470.296076134038 7.066793065100898e-09 489.33148429413245 20.9715102700621
855.0 -5580.408648411783 -2449.746081711022 2270.6621731669416 -156.29898464696376 20.55807603213638 128.18166021224064 5720.202906856105 -4804.576555699978 -34.49752646886509 7470.332472823373 7.093670597518575e-09 488.8325555778866 20.892882376779546
856.0 -5579.612090939696 -2455.6433723538175 2266.1462466883368 -156.24522290884008 20.515529061631096 128.13677374924882 5718.404957037267 -4806.772548063127 -34.53779209221216 7470.368828951103 7.120709026517836e-09 488.3321822733944 20.81443002344677
857.0 -5578.808335498749 -2461.5372160933816 2261.6270367200077 -156.19149253309638 20.472962175212633 128.09185994039964 5716.610685387694 -4808.962429117615 -34.57806438160128 7470.4051439992145 7.1479096377990536e-09 487.83031830666647 20.736161011749058
858.0 -5577.997382615388 -2467.4276053452613 2257.1045498243507 -156.13779344523167 20.430375426556814 128.04691883940762 5714.82009485422 -4811.146207011387 -34.61834344870749 7470.441417446012 7.175273720484612e-09 487.3269174431541 20.65808316888074
859.0 -5577.1792328254705 -2473.314532529259 2252.5787925690643 -156.08412557075064 20.38776886927103 128.00195049979817 5713.033188360467 -4813.323889872108 -34.658629406219916 7470.477648766111 7.202802567120869e-09 486.8219332878931 20.580204347481924
860.0 -5576.353886674271 -2479.197990069441 2248.049771527142 -156.03048883516425 20.345142556894263 127.95695497491724 5711.2499688069465 -4815.495485807129 -34.69892236786495 7470.51383743044 7.2304974859480136e-09 486.3153316792458 20.502530379086274
861.0 -5575.521344716484 -2485.077970394147 2243.5174932768678 -155.9768831639897 20.30249654289739 127.91193231792167 5709.4704390712695 -4817.661002903535 -34.73922244839741 7470.549982906377 7.258359844669969e-09 485.80713486002355 20.42505778007729
862.0 -5574.681607516224 -2490.954465935994 2238.981964401806 -155.92330848275103 20.259830880683218 127.8668825817844 5707.694602008393 -4819.820449228206 -34.779529763632354 7470.586084657931 7.286391030600424e-09 485.2973812655732 20.347780391930804
863.0 -5573.834675647032 -2496.827469131887 2234.4431914908005 -155.8697647169792 20.21714562358688 127.82180581928394 5705.9224604507135 -4821.973832827807 -34.819844430425746 7470.6221421457385 7.314592434766504e-09 484.7861094796294 20.27069203056
864.0 -5572.98054969187 -2502.6969724230235 2229.9011811379632 -155.81625179221274 20.174440824875774 127.77670208301186 5704.15401720819 -4824.121161728729 -34.86016656671245 7470.658154827079 7.3429654518979135e-09 484.27335823297494 20.193786486564264
865.0 -5572.119230243134 -2508.5629682549056 2225.3559399426704 -155.76276963399755 20.131716537749917 127.73157142537018 5702.389275068428 -4826.26244393706 -34.900496291492345 7470.694122155862 7.371511480423434e-09 483.75916640314244 20.117057525270233
866.0 -5571.250717902643 -2514.425449077343 2220.807474509556 -155.70931816788772 20.08897281534198 127.68641389856046 5700.628236796788 -4828.397687438541 -34.940833724846925 7470.730043582627 7.4002319224728904e-09 483.24357301401966 20.040498886758616
867.0 -5570.375013281658 -2520.284407344462 2216.255791448504 -155.65589731944556 20.04620971071757 127.64122955459612 5698.870905136489 -4830.52690019853 -34.981178987958856 7470.765918554549 7.429128183864409e-09 482.72661723572196 19.964104285930368
868.0 -5569.492117000868 -2526.1398355147153 2211.7008973746456 -155.60250701424187 20.00342727687537 127.59601844529342 5697.117282808697 -4832.650090161966 -35.02153220309242 7470.801746515421 7.458201674105271e-09 482.20833838422135 19.88786741253653
869.0 -5568.602029690406 -2531.991726050887 2207.1427989083472 -155.54914717785638 19.960625566747332 127.55078062227042 5695.36737251264 -4834.767265253324 -35.06189349363558 7470.837526905668 7.48745380638779e-09 481.6887759210684 19.81178193122144
870.0 -5567.70475198984 -2537.8400714201007 2202.58150267521 -155.495817735878 19.91780463319883 127.50551613694523 5693.621176925695 -4836.878433376588 -35.10226298408634 7470.873259162338 7.516885997585727e-09 481.16796945310574 19.73584148156464
871.0 -5566.800284548181 -2543.684864093827 2198.017015306058 -155.44251861390504 19.874964529028844 127.46022504053637 5691.878698703489 -4838.983602415206 -35.1426408000616 7470.9089427190975 7.546499668249406e-09 480.64595873220765 19.660039678126203
872.0 -5565.888628023886 -2549.5260965478938 2193.449343436935 -155.38924973754558 19.832105306970114 127.41490738405894 5690.139940480009 -4841.082780232066 -35.18302706832037 7470.94457700624 7.57629624260362e-09 480.12278365497156 19.584370110484787
873.0 -5564.969783084858 -2555.36376126249 2188.878493709099 -155.3360110324177 19.789227019689356 127.3695632183291 5688.4049048676825 -4843.175974669441 -35.2234219167583 7470.980161450672 7.606277148540137e-09 479.5984842625076 19.508826343289563
874.0 -5564.043750408451 -2561.1978507221747 2184.304472769013 -155.28280242414985 19.746329719787493 127.32419259395218 5686.673594457497 -4845.263193548972 -35.26382547442404 7471.015695475924 7.636443817621148e-09 479.0731007400387 19.43340191628439
875.0 -5563.11053068147 -2567.028357415886 2179.7272872683407 -155.22962383838097 19.70341345979971 127.2787955613311 5684.946011819079 -4847.344444671628 -35.3042378715204 7471.051178502142 7.666797685069253e-09 478.54667341673786 19.35809034436609
876.0 -5562.170124600172 -2572.8552738369467 2175.146943863938 -155.17647520076105 19.66047829219568 127.23337217065809 5683.222159500803 -4849.419735817671 -35.34465923942503 7471.086609946083 7.697340189768722e-09 478.0192427653727 19.282885117614363
877.0 -5561.222532870273 -2578.678592483072 2170.563449217848 -155.12335643695104 19.617524269379825 127.1879224719177 5681.502040029888 -4851.489074746622 -35.385089710688135 7471.121989221127 7.728072774259254e-09 477.49084940208166 19.207779701340456
878.0 -5560.2677562069475 -2584.4983058563803 2165.9768099972957 -155.07026747262344 19.574551443691348 127.14244651488448 5679.785655912491 -4853.55246919723 -35.42552941903932 7471.157315737263 7.758996884733364e-09 476.96153408608996 19.132767536126714
879.0 -5559.305795334829 -2590.3144064633957 2161.3870328746784 -155.0172082334624 19.531559867404525 127.09694434911688 5678.073009633808 -4855.609926887439 -35.46597849941077 7471.192588901098 7.790113971036468e-09 476.43133771938346 19.057842037859796
880.0 -5558.336650988015 -2596.1268868150605 2156.794124527563 -154.96417864516408 19.48854959272895 127.05141602396081 5676.36410365817 -4857.661455514354 -35.506437087931545 7471.227808115847 7.821425486660483e-09 475.90030134649516 18.98299659777958
881.0 -5557.360323910072 -2601.9357394267386 2152.1980916386765 -154.91117863343678 19.44552067180943 127.00586158854956 5674.658940429136 -4859.707062754219 -35.5469053219399 7471.262972781344 7.852932888739945e-09 475.3684661542508 18.908224582521758
882.0 -5556.376814854032 -2607.7409568182275 2147.5989408959017 -154.85820812400138 19.402473156726533 126.96028109179461 5672.957522369597 -4861.7467562623715 -35.5873833399944 7471.298082294032 7.884637612293637e-09 474.8358681855269 18.833520664564162
883.0 -5555.386124582396 -2613.542531513762 2142.996678992269 -154.8052670425915 19.359407099496458 126.91467458239129 5671.259851881902 -4863.780543673252 -35.627871281886655 7471.333136047013 7.916540943631097e-09 474.30251236490125 18.75888735978782
884.0 -5554.388253867141 -2619.3404560420236 2138.3913126259517 -154.7523553149538 19.31632255207145 126.86904210881377 5669.565931347985 -4865.808432600403 -35.66836928863654 7471.368133430091 7.94864411634965e-09 473.768392196027 18.684330069747155
885.0 -5553.383203489716 -2625.134722936148 2133.782848500257 -154.69947286684814 19.273219566339804 126.82338371931273 5667.875763129458 -4867.830430636434 -35.708877502511996 7471.403073829769 7.980948366800945e-09 473.23350114293044 18.609854217047975
886.0 -5552.370974241052 -2630.925324733735 2129.171293323622 -154.646619624048 19.230098194126192 126.7776994619202 5666.189349567717 -4869.84654535299 -35.749396067040834 7471.437956629248 8.013454934168128e-09 472.6978326470856 18.535465241052282
887.0 -5551.351566921556 -2636.712253976852 2124.5566538096073 -154.59379551234053 19.186958487191674 126.73198938443768 5664.506692984001 -4871.856784300719 -35.78992512699983 7471.472781208407 8.046165060472194e-09 472.16138012730175 18.4611685978319
888.0 -5550.324982341116 -2642.4955032120447 2119.938936676887 -154.54100045752705 19.14380049723413 126.68625353443971 5662.827795679505 -4873.861155009228 -35.830464828449294 7471.507546943796 8.079079990567573e-09 471.624136979792 18.386969760147526
889.0 -5549.29122131911 -2648.2750649903437 2115.3181486492463 -154.48823438542306 19.10062427588811 126.64049195927824 5661.15265993545 -4875.8596649870615 -35.871015318719174 7471.542253208634 8.112200972136987e-09 471.08609657825144 18.312874217429414
890.0 -5548.2502846844 -2654.0509318672716 2110.6942964555733 -154.43549722185858 19.057429874725358 126.59470470606885 5659.481288013181 -4877.852321721662 -35.911576746432274 7471.576899372793 8.145529255699564e-09 470.54725227372126 18.238887475728824
891.0 -5547.202173275336 -2659.823096402854 2106.067386829852 -154.3827888926784 19.01421734525473 126.54889182169968 5657.813682154241 -4879.839132679334 -35.952149261498334 7471.611484802783 8.179066094602722e-09 470.00759739471926 18.16501505770642
892.0 -5546.146887939762 -2665.5915511616226 2101.4374265111555 -154.3301093237424 18.97098673892253 126.50305335282349 5656.149844580466 -4881.820105305216 -35.99273301514313 7471.646008861753 8.212812745026227e-09 469.4671252471719 18.091262502593835
893.0 -5545.084429535013 -2671.356288712625 2096.804422243643 -154.27745844092556 18.927738107112667 126.45718934585877 5654.48977749407 -4883.795247023246 -36.0333281598987 7471.680470909477 8.246770465979844e-09 468.92582911445254 18.017635366170023
894.0 -5544.014798927926 -2677.1173016294338 2092.168380776547 -154.22483617011844 18.884471501146752 126.41129984698468 5652.833483077722 -4885.764565236126 -36.07393484962108 7471.714870302339 8.280940519305653e-09 468.3837022573459 17.94413922072795
895.0 -5542.9379969948295 -2682.8745824901516 2087.529308864174 -154.17224243722725 18.84118697228437 126.36538490214711 5651.18096349464 -4887.728067325299 -36.114553239490306 7471.749206393333 8.315324169672135e-09 467.8407379141435 17.870779655059447
896.0 -5541.854024621559 -2688.6281238774204 2082.8872132658917 -154.11967716817418 18.797884571723248 126.31944455704769 5649.532220888668 -4889.685760650904 -36.15518348603223 7471.783478532041 8.349922684581081e-09 467.2969293005381 17.797562274412982
897.0 -5540.762882703449 -2694.37791837843 2078.242100746127 -154.06714028889752 18.75456435059947 126.27347885714937 5647.887257384364 -4891.637652551758 -36.19582574711535 7471.817686064634 8.384737334362204e-09 466.7522696097128 17.724492700478383
898.0 -5539.664572145343 -2700.123958584922 2073.593978074356 -154.01463172535207 18.711226359987563 126.22748784766719 5646.246075087079 -4893.583750345315 -36.236480181970364 7471.851828333853 8.419769392179043e-09 466.2067520122538 17.651576571348045
899.0 -5538.559093861593 -2705.8662370932016 2068.9428520251017 -153.96215140350915 18.66787065090076 126.18147157357843 5644.608676083047 -4895.524061327639 -36.277146951187206 7471.885904679005 8.455020134020233e-09 465.6603696562938 17.57881954150939
900.0 -5537.446448776058 -2711.6047465041433 2064.2887293779227 -153.90969924935698 18.62449727429112 126.13543007960426 5642.975062439462 -4897.458592773376 -36.317826216730964 7471.91991443595 8.490490838712593e-09 465.1131156673162 17.506227281792395
901.0 -5536.326637822114 -2717.3394794231986 2059.6316169174106 -153.8572751889008 18.58110628104987 126.0893634102256 5641.345236204553 -4899.3873519357185 -36.35851814194757 7471.953856937084 8.526182787908185e-09 464.5649831483644 17.433805479371646
902.0 -5535.199661942651 -2723.070428460404 2054.9715214331814 -153.80487914816314 18.537697722007337 126.04327160967001 5639.719199407686 -4901.31034604638 -36.39922289158062 7471.987731511345 8.562097266093642e-09 464.0159651799071 17.361559837722826
903.0 -5534.065522090074 -2728.7975862303883 2050.30844971987 -153.75251105318404 18.494271647933438 125.99715472191014 5638.096954059426 -4903.227582315563 -36.439940631762056 7472.021537484186 8.598235560717331e-09 463.46605481712334 17.289496076181813
904.0 -5532.924219226314 -2734.520945352381 2045.6424085771234 -153.7001708300212 18.450828109537557 125.95101279067015 5636.478502151276 -4905.139067931625 -36.480671530041946 7472.055274177106 8.634599606998488e-09 462.9152312368734 17.217617808438487
905.0 -5531.77575432282 -2740.240498450217 2040.973404809595 -153.64785840475037 18.407367157468943 125.90484585941397 5634.863845652551 -4907.044810058254 -36.521415755368025 7472.088940903386 8.671193492340856e-09 462.3634274171176 17.145921592879343
906.0 -5530.620128360567 -2745.9562381523388 2036.301445226944 -153.59557370346536 18.36388884231693 125.85865397135146 5633.252986507638 -4908.94481583198 -36.56217347808911 7472.122536964335 8.708021762356424e-09 461.81056653009 17.074402505881896
907.0 -5529.4573423300635 -2751.668157091799 2031.626536643833 -153.54331665227852 18.32039321461103 125.81243716943241 5631.645926635876 -4910.839092361935 -36.602944870002375 7472.156061648994 8.745088975995705e-09 461.2565714998732 17.003055605457746
908.0 -5528.287397231351 -2757.3762479062607 2026.9486858799278 -153.4910871773209 18.276880324821402 125.7661954963461 5630.042667931629 -4912.72764672981 -36.64373010435793 7472.189514234102 8.782399705532201e-09 460.70136500275044 16.931875931283216
909.0 -5527.110294074008 -2763.0805032379976 2022.2678997598964 -153.43888520474252 18.23335022335881 125.71992899451988 5628.443212264369 -4914.6104859898005 -36.68452935590585 7472.22289398408 8.819958536547917e-09 460.144869467542 16.86085850472823
910.0 -5525.926033877154 -2768.780915733895 2017.584185113407 -153.38671066071274 18.189802960575136 125.67363770611165 5626.8475614787585 -4916.487617168557 -36.72534280092873 7472.256200151 8.857770067924217e-09 459.5870070758628 16.789998328875576
911.0 -5524.7346176694555 -2774.477478045453 2012.8975487751293 -153.33456347142027 18.14623858676341 125.62732167302165 5625.255717394721 -4918.3590472651495 -36.76617061725301 7472.289431974567 8.895838911817212e-09 459.02769976260737 16.719290388569444
912.0 -5523.536046489129 -2780.170182828784 2008.2079975847316 -153.28244356307377 18.102657152158166 125.58098093687603 5623.667681807529 -4920.224783250997 -36.807012984300854 7472.32258868209 8.934169693656494e-09 458.46686921609137 16.648729650420552
913.0 -5522.330321383942 -2785.8590227446157 2003.515538386881 -153.2303508619018 18.05905870693565 125.53461553903134 5622.083456487874 -4922.084832069842 -36.84787008310332 7472.355669488459 8.97276705212713e-09 457.90443687843884 16.578311062843046
914.0 -5521.117443411223 -2791.5439904582927 1998.820178031242 -153.17828529415323 18.015443301214038 125.48822552057635 5620.503043181956 -4923.939200637696 -36.888742096339 7472.388673596126 9.011635639154071e-09 457.34032394593396 16.508029556086928
915.0 -5519.897413637859 -2797.225078639775 1994.1219233724762 -153.12624678609748 17.971810985053736 125.44181092231744 5618.926443611554 -4925.787895842788 -36.92962920836703 7472.421600195078 9.050780119900724e-09 456.774451369166 16.437880042245297
916.0 -5518.670233140306 -2802.9022799636423 1989.4207812702412 -153.07423526402468 17.928161808457507 125.39537178479368 5617.3536594741 -4927.63092454553 -36.97053160524251 7472.454448462812 9.090205172742902e-09 456.2067398535324 16.367857415306325
917.0 -5517.435903004587 -2808.5755871090914 1984.7167585891898 -153.02225065424608 17.884495821370866 125.34890814826079 5615.784692442772 -4929.468293578461 -37.011449474768824 7472.487217564319 9.129915489269298e-09 455.63710985935546 16.29795655115783
918.0 -5516.194424326301 -2814.2449927599405 1980.0098621989696 -152.97029288309415 17.84081307368222 125.3024200526951 5614.219544166555 -4931.300009746213 -37.05238300651081 7472.519906652052 9.16991577426554e-09 455.0654816022392 16.2281723076218
919.0 -5514.945798210625 -2819.910489604628 1975.3000989742225 -152.91836187692277 17.797113615223097 125.25590753779281 5612.658216270325 -4933.126079825459 -37.09333239182638 7472.552514865909 9.210210745702444e-09 454.49177505336115 16.15849952448144
920.0 -5513.690025772319 -2825.5720703362144 1970.5874757945826 -152.86645756210774 17.753397495768475 125.20937064296334 5611.100710354929 -4934.946510564872 -37.13429782390881 7472.585041333211 9.250805134729845e-09 453.9159099396889 16.0889330234991
921.0 -5512.427108135729 -2831.229727652384 1965.871999544678 -152.81457986504674 17.70966476503693 125.1628094073285 5609.547027997252 -4936.761308685089 -37.17527949780765 7472.617485168678 9.291703685665714e-09 453.3378057442588 16.019467608442643
922.0 -5511.157046434793 -2836.8834542554428 1961.153677114127 -152.76272871215966 17.66591547269097 125.1162238697263 5607.997170750307 -4938.570480878658 -37.216277610460565 7472.649845474408 9.332911155981641e-09 452.75738170650914 15.950098065118313
923.0 -5509.8798418130455 -2842.533242852324 1956.432515397541 -152.71090402988895 17.622149668337173 125.06961406869767 5606.4511401433 -4940.374033809999 -37.25729236072607 7472.68212133985 9.374432316303656e-09 452.1745568223939 15.880819161377858
924.0 -5508.5954954236195 -2848.179086154585 1951.7085212945208 -152.6591057446996 17.57836740152657 125.02298004249414 5604.908937681705 -4942.171974115374 -37.29832394940877 7472.714311841792 9.416271950395081e-09 451.5892498447513 15.81162564715649
925.0 -5507.304008429254 -2853.8209768784127 1946.981701709658 -152.60733378307964 17.534568721754734 124.97632182907104 5603.370564847428 -4943.9643084028985 -37.3393725793037 7472.746416044435 9.458434622158756e-09 451.00138666704606 15.742512588121095
926.0 -5506.005382002298 -2859.458907744621 1942.2520635525325 -152.55558807154023 17.490753678462113 124.92963946608431 5601.836023103291 -4945.751043256413 -37.38043845524021 7472.77843300527 9.500919727138846e-09 450.41105714108346 15.673482451614671
927.0 -5504.699617324706 -2865.0928714786664 1937.5196137377022 -152.50386853661567 17.446922321034137 124.88293299089256 5600.305313906561 -4947.532185247346 -37.42152178416268 7472.810361793017 9.543721571778197e-09 449.8185125652741 15.604544993177457
928.0 -5503.386715588047 -2870.722860810672 1932.7843591846859 -152.45217510486364 17.403074698801436 124.83620244054288 5598.77843871329 -4949.307740938499 -37.46262277514302 7472.842201493336 9.58683422947341e-09 449.2240117966479 15.535710302996849
929.0 -5502.066677993501 -2876.348868475444 1928.0463068179427 -152.40050770286513 17.359210861039664 124.78944785179011 5597.25539897848 -4951.0777168841605 -37.50374163932452 7472.87395120897 9.630251753576991e-09 448.62781450048453 15.466988500917692
930.0 -5500.739505751852 -2881.970887212502 1923.3054635668523 -152.34886625722442 17.315330856969727 124.742669261073 5595.73619615616 -4952.842119630147 -37.54487858988182 7472.905610059784 9.673968177452194e-09 448.03018114894826 15.398389736372962
931.0 -5499.405200083496 -2887.5889097661 1918.5618363656968 -152.2972506945691 17.271434735757918 124.69586670452124 5594.220831699464 -4954.600955713841 -37.58603384199614 7472.937177182792 9.717977514499096e-09 447.4313730201377 15.32992418836085
932.0 -5498.063762218435 -2893.20292888525 1913.81543215364 -152.24566094155017 17.227522546515765 124.64904021795233 5592.7093070607225 -4956.3542316642315 -37.62720761280002 7472.968651732208 9.762273758189611e-09 446.83165219702414 15.261602065407608
933.0 -5496.715193396274 -2898.8129373237434 1909.066257874708 -152.19409692484192 17.183594338300356 124.60218983687157 5591.201623691534 -4958.101954001957 -37.66840012134389 7473.000032879471 9.806850882099196e-09 446.23128156645026 15.19343360553572
934.0 -5495.359494866227 -2904.4189278401786 1904.3143204777698 -152.142558571142 17.1396501601142 124.55531559646549 5589.697783042855 -4959.844129239345 -37.709611588553344 7473.03131981329 9.851702839944296e-09 445.6305248180668 15.125429076223512
935.0 -5493.996667887107 -2910.0208931979805 1899.559626916517 -152.09104580717144 17.09569006090536 124.5084175315972 5588.197786565071 -4961.580763880447 -37.75084223719091 7473.062511739672 9.896823565617642e-09 445.0296464433137 15.057598774368406
936.0 -5492.626713727331 -2915.6188261654256 1894.8021841494433 -152.03955855967467 17.051714089567636 124.46149567681691 5586.701635708081 -4963.311864421086 -37.792092291816516 7473.093607881964 9.94220697320857e-09 444.42891173461715 14.989953026272937
937.0 -5491.249633664916 -2921.2127195156663 1890.0419991398269 -151.98809675541946 17.007722294940443 124.41455006634258 5585.209331921376 -4965.037437348893 -37.83336197874678 7473.124607480883 9.987846957051496e-09 443.8285867842263 14.922502187588556
938.0 -5489.865428987478 -2926.8025660267526 1885.2790788557081 -151.93666032119697 16.96371472580897 124.36758073407505 5583.720876654122 -4966.757489143342 -37.874651526010666 7473.155509794559 1.0033737391740813e-08 443.2289384835127 14.855256643309954
939.0 -5488.474100992232 -2932.388358481654 1880.5134302698705 -151.88524918382168 16.91969143090427 124.32058771357919 5582.236271355231 -4968.472026275796 -37.91596116331448 7473.186314098559 1.0079872132178119e-08 442.63023452185956 14.788226807721617
940.0 -5487.0756509859875 -2937.970089668288 1875.7450603598206 -151.8338632701316 16.87565245890335 124.27357103809737 5580.755517473444 -4970.181055209543 -37.95729112199797 7473.21701968593 1.0126245013587616e-08 442.0327433859835 14.721423124391453
941.0 -5485.670080285149 -2943.5477523795385 1870.9739761077674 -151.7825025069879 16.831597858429003 124.22653074053699 5579.278616457411 -4971.884582399834 -37.998641634993874 7473.24762586723 1.0172849851556306e-08 441.43673435895107 14.654856066128279
942.0 -5484.257390215711 -2949.121339413281 1866.200184500603 -151.73116682127522 16.787527678050257 124.1794668534724 5577.805569755759 -4973.582614293922 -38.04001293678584 7473.278131970559 1.0219680442059594e-08 440.8424775194017 14.588536134960995
943.0 -5482.8375821132595 -2954.690843572406 1861.4236925298812 -151.67985613990157 16.743441966282113 124.13237940914021 5576.336378817183 -4975.275157331105 -38.08140526337024 7473.308537341598 1.0266730561493e-08 440.25024374070944 14.522473862109036
944.0 -5481.41065732297 -2960.2562576648397 1856.644507191798 -151.6285703897983 16.6993407715858 124.08526843944378 5574.871045090509 -4976.962217942757 -38.12281885221887 7473.338841343638 1.0313993966694089e-08 439.66030469028647 14.456679807967001
945.0 -5479.9766171996025 -2965.817574503574 1851.862635487172 -151.57730949792003 16.65522414236875 124.03813397594402 5573.409570024779 -4978.64380255237 -38.16425394222642 7473.369043357614 1.0361464394977611e-08 439.0729328287366 14.391164562070822
946.0 -5478.535463107503 -2971.374786906681 1847.0780844214212 -151.52607339124484 16.61109212698463 123.99097604986373 5571.951955069311 -4980.319917575582 -38.20571077368186 7473.399142782117 1.040913560068756e-08 438.488400375444 14.325938705962313
947.0 -5477.087196420597 -2976.9278876973412 1842.2908610045465 -151.47486199677394 16.566944773733503 123.9437946920821 5570.498201668366 -4981.990569415371 -38.247189588182664 7473.42913902618 1.0457009999370723e-08 437.90673469397143 14.26100402925028
948.0 -5475.631818522397 -2982.4768697038435 1837.5009722511284 -151.42367524153218 16.522782130862055 123.89658993313323 5569.048311225947 -4983.655764430509 -38.28869062842864 7473.459031461941 1.0505109873415003e-08 437.32740119251855 14.196342142792012
949.0 -5474.169330806012 -2988.021725759552 1832.708425180353 -151.3725130525684 16.478604246564043 123.84936180320545 5567.60228508268 -4985.315508914692 -38.330214138193924 7473.488819393464 1.0553460335808708e-08 436.74978541923656 14.131931790403945
950.0 -5472.699734674167 -2993.5624487028676 1827.9132268160486 -151.32137535695597 16.43441116898084 123.80211033214512 5566.160124514687 -4986.969809095306 -38.371760362483656 7473.518502055022 1.0602086573262392e-08 436.1732710769545 14.067751650325206
951.0 -5471.223031539208 -2999.099031377185 1823.1153841867222 -151.27026208179342 16.390202946202155 123.75483554944583 5564.72183073363 -4988.618671133237 -38.41332954770314 7473.5480786109565 1.065101384616206e-08 435.597240024745 14.003780335269798
952.0 -5469.739222823129 -3004.631466630849 1818.3149043255926 -151.21917315420495 16.345979626266463 123.7075374842491 5563.287404886749 -4990.262101122682 -38.454921941816565 7473.577548155532 1.0700267488513127e-08 435.0210722795732 13.939996392492453
953.0 -5468.248309957582 -3010.159747317118 1813.5117942706297 -151.16810850134112 16.301741257161748 123.66021616535075 5561.8568480569065 -4991.90010509096 -38.496537794529104 7473.606909712794 1.0749872907880763e-08 434.444146017956 13.876378303860122
954.0 -5466.750294383892 -3015.6838662941177 1808.70606106459 -151.11706805037934 16.25748788682585 123.61287162118731 5560.430161262627 -4993.532688998324 -38.538177357439736 7473.636162236425 1.0799855585353412e-08 433.86583757731955 13.812904485894512
955.0 -5465.245177553077 -3021.203816424801 1803.8977117550503 -151.06605172852443 16.21321956314736 123.56550387984211 5559.007345458134 -4995.159858737783 -38.57984088421358 7473.665304609607 1.0850241075488448e-08 433.28552145753486 13.749553289839053
956.0 -5463.732960925862 -3026.71959057691 1799.0867533944495 -151.0150594630092 16.168936333966013 123.51811296903809 5557.588401533399 -4996.781620134914 -38.62152863076335 7473.694335644885 1.09010550062742e-08 432.70257032223293 13.686303001706028
957.0 -5462.213645972698 -3032.2311816229294 1794.2731930401205 -150.9640911810951 16.124638247073264 123.47069891613886 5556.173330314171 -4998.397978947679 -38.6632408553935 7473.723254084014 1.095232307908585e-08 432.1163550001572 13.623131842332647
958.0 -5460.687234173775 -3037.73858244005 1789.4570377543305 -150.9131468100726 16.080325350213023 123.42326174814161 5554.762132562033 -5000.00894086625 -38.70497781898598 7473.752058597844 1.100407106865278e-08 431.52624448635305 13.56001796742403
959.0 -5459.1537270190465 -3043.2417859101242 1784.6382946043163 -150.8622262772619 16.035997691082123 123.37580149167799 5553.354808974422 -5001.614511512828 -38.74673978516762 7473.780747786158 1.105632482301998e-08 430.93160594339224 13.496939467604744
960.0 -5457.6131260082375 -3048.740784919627 1779.816970662323 -150.81132951001348 15.991655317330947 123.32831817301084 5551.951360184683 -5003.214696441471 -38.78852702047402 7473.809320177555 1.11091102635166e-08 430.3318047024813 13.433874368462622
961.0 -5456.065432650874 -3054.2355723596147 1774.9930730056406 -150.7604564357085 15.94729827656408 123.28081181802926 5550.551786762103 -5004.809501137907 -38.83033979452307 7473.837774229301 1.1162453384729255e-08 429.7262042644827 13.370800630588068
962.0 -5454.510648466288 -3059.7261411256823 1770.166608716642 -150.70960698175972 15.902926616340858 123.23328245224384 5549.156089211958 -5006.398931019379 -38.87217838019046 7473.866108327213 1.1216380254478026e-08 429.1141663008688 13.307696149611367
963.0 -5452.948774983649 -3065.2124841179248 1765.3375848828211 -150.6587810756115 15.858540384175974 123.18573010078725 5547.764267975543 -5007.982991434463 -38.91404305376636 7473.894320785507 1.127091701378934e-08 428.49505065467736 13.244538756244824
964.0 -5451.379813741975 -3070.694594240894 1760.506008596831 -150.6079786447409 15.814139627540081 123.1381547884068 5546.3763234302205 -5009.561687662898 -38.95593409514049 7473.922409846687 1.1326089876880908e-08 427.8682153412922 13.181306216311771
965.0 -5449.803766290153 -3076.1724644035594 1755.6718869565211 -150.5571996166579 15.769724393860441 123.09055653946125 5544.992255889458 -5011.135024915425 -38.99785178796401 7473.950373681394 1.1381925131144882e-08 427.23301654920846 13.11797623077901
966.0 -5448.22063418696 -3081.6460875192683 1750.8352270649768 -150.50644391890597 15.725294730521409 123.0429353779226 5543.612065602868 -5012.703008333621 -39.03979641982619 7473.978210388303 1.1438449137128244e-08 426.5888086407895 13.054526435793187
967.0 -5446.630419001081 -3087.1154565057036 1745.9960360305572 -150.4557114790628 15.680850684865243 122.9952913273594 5542.235752756252 -5014.2656429897315 -39.08176828242631 7474.005917993975 1.1495688322973506e-08 425.9349443167135 12.990934408737099
968.0 -5445.033122311127 -3092.5805642848427 1741.154320966934 -150.40500222474068 15.636392304192464 122.94762441094453 5540.863317475956 -5015.822933890421 -39.12376767176647 7474.033494458571 1.1553661554009183e-08 425.2709995108455 12.927185959869934
969.0 -5443.428745705658 -3098.041403782939 1736.310088993112 -150.35431608358687 15.591919635762544 122.89993465144258 5539.494759864776 -5017.374886009116 -39.16579488852676 7474.060937724121 1.1612364961959956e-08 424.59722052687835 12.863291617759806
970.0 -5441.817290783173 -3103.497967930539 1731.4633472334187 -150.30365298328365 15.54743272679387 122.85222207121132 5538.130080030911 -5018.921504312177 -39.207850238244646 7474.088245753504 1.1671790433318522e-08 423.9139791217892 12.799266538820506
971.0 -5440.198759152125 -3108.950249662507 1726.6141028174798 -150.2530128515482 15.502931624463859 122.80448669218877 5536.769278089991 -5020.462793760737 -39.249934031278144 7474.115416533149 1.173192982817798e-08 423.221648162737 12.735125922916056
972.0 -5438.573152430903 -3114.3982419180597 1721.7623628801978 -150.2023956161325 15.458416375909001 122.75672853589268 5535.4123541651425 -5021.998759310789 -39.29204658275603 7474.142448073079 1.1792774980272035e-08 422.52060162622814 12.67088501333817
973.0 -5436.940472247849 -3119.8419376407946 1716.908134561727 -150.15180120482322 15.413887028224893 122.70894762341749 5534.059308387046 -5023.529405913242 -39.33418821251621 7474.169338406958 1.1854317697017251e-08 421.8112145972944 12.606559096782334
974.0 -5435.300720241249 -3125.2813297787166 1712.05142500745 -150.10122954544156 15.369343628466316 122.66114397542272 5532.710140894007 -5025.054738513995 -39.37635924505571 7474.196085592131 1.1916549759565948e-08 421.09386326857975 12.542163503313983
975.0 -5433.653898059329 -3130.7164112842697 1707.1922413679565 -150.05068056584318 15.324786223647159 122.61331761213485 5531.364851832009 -5026.574762054021 -39.41856000947064 7474.222687709686 1.197946292284099e-08 420.3689249396733 12.477713606354842
976.0 -5432.00000736026 -3136.147175114369 1702.3305907990166 -150.0001541939181 15.28021486074055 122.5654685533389 5530.023441354782 -5028.089481469419 -39.46079083940572 7474.249142864484 1.2043048915583106e-08 419.6367780163314 12.413224822657263
977.0 -5430.339049812155 -3141.5736142304236 1697.4664804615593 -149.94965035759046 15.23562958667889 122.51759681837122 5528.68590962386 -5029.59890169149 -39.50305207299425 7474.275449185207 1.2107299440396153e-08 418.8978020097603 12.34871261228213
978.0 -5428.671027093072 -3146.995721598373 1692.5999175216477 -149.89916898481857 15.191030448353787 122.46970242612157 5527.352256808641 -5031.10302764681 -39.545344052807195 7474.301604824409 1.2172206173779097e-08 418.15237753609006 12.284192478591368
979.0 -5426.995940891003 -3152.4134901887123 1687.7309091504553 -149.84871000359468 15.146417492616333 122.42178539502248 5526.0224830864445 -5032.601864257283 -39.58766712579245 7474.327607958539 1.2237760766174272e-08 417.40088631569665 12.21967996822519
980.0 -5425.31379290388 -3157.8269129765217 1682.8594625242426 -149.7982733419449 15.101790766276766 122.3738457430459 5524.696588642573 -5034.095416440221 -39.63002164322779 7474.353456788002 1.230395484200505e-08 416.6437111726858 12.155190671091397
981.0 -5423.624584839578 -3163.235982941498 1677.985584824333 -149.74785892792906 15.057150316104886 122.32588348769886 5523.37457367036 -5035.583689108408 -39.67240796065107 7474.379149537189 1.2370779999714057e-08 415.8812360344107 12.090740220355363
982.0 -5421.9283184158985 -3168.6406930679827 1673.109283237088 -149.6974666896406 15.012496188829765 122.27789864601824 5522.056438371241 -5037.066687170153 -39.7148264378186 7474.404684454513 1.2438227811801636e-08 415.11384593102434 12.026344292431059
983.0 -5420.224995360586 -3174.041036344991 1668.230564953884 -149.6470965552064 14.967828431140065 122.22989123457181 5520.742182954798 -5038.544415529368 -39.75727743863763 7474.4300598124555 1.2506289824854719e-08 414.34192699518394 11.962018606982541
984.0 -5418.514617411311 -3179.4370057662427 1663.3494371710874 -149.59674845278667 14.92314708968384 122.18186126944144 5519.431807638819 -5040.016879085623 -39.79976133111927 7474.4552739076 1.2574957559599769e-08 413.56586646152243 11.89777892690394
985.0 -5416.797186315678 -3184.8285943301885 1658.4659070900311 -149.54642231057497 14.87845221106864 122.1338087662335 5518.125312649348 -5041.484082734212 -39.84227848732189 7474.480325060663 1.26442225109165e-08 412.78605266660674 11.833641058337987
986.0 -5415.072703831219 -3190.21579504004 1653.5799819169895 -149.4961180567978 14.833743841861645 122.08573374006153 5516.822698220748 -5042.946031366212 -39.88482928328244 7474.505211616542 1.2714076147889883e-08 412.0028750485067 11.769620850659841
987.0 -5413.341171725393 -3195.598600903803 1648.691668863155 -149.4458356197147 14.789022028589535 122.03763620554959 5515.523964595743 -5044.402729868547 -39.927414098975305 7474.5299319443375 1.2784509913831746e-08 411.2167241467496 11.705734196490857
988.0 -5411.602591775584 -3200.9770049343 1643.8009751446116 -149.39557492761807 14.744286817738617 121.98951617682772 5514.229112025464 -5045.854183124035 -39.97003331824794 7474.554484437379 1.285551526144957e-08 410.4279909371671 11.641997002589141
989.0 -5409.8569657691 -3206.351000149205 1638.9079079823136 -149.34533590883294 14.699538255754787 121.94137366752443 5512.938140765728 -5047.300396007991 -40.012687328744505 7474.578867508134 1.2927089621671549e-08 409.63695386067764 11.578420244038986
990.0 -5408.104295503166 -3211.7205795710524 1634.0124746020726 -149.2951184917171 14.654776389043795 121.89320869076182 5511.651051054073 -5048.741373367199 -40.05537652172097 7474.603079557032 1.299924317031585e-08 408.84365075130427 11.515004357338546
991.0 -5406.344582784953 -3217.085736227237 1629.1146822345638 -149.2449226046612 14.610001263971435 121.84502125915908 5510.367843095557 -5050.177120006818 -40.098101292003776 7474.627118953103 1.3071987740360917e-08 408.0480886938091 11.451748427869815
992.0 -5404.577829431566 -3222.4464631499977 1624.2145381153398 -149.19474817608912 14.565212926863998 121.79681138481922 5509.088517062131 -5051.607640689712 -40.14086203807233 7474.650984033012 1.3145335196361888e-08 407.2502747918053 11.388651536915265
993.0 -5402.804037270072 -3227.802753376411 1619.312049484842 -149.14459513445797 14.520411424008557 121.74857907933509 5507.813073092671 -5053.032940136385 -40.183659162114054 7474.674673101001 1.3219297434479106e-08 406.45021616776484 11.325712761674668
994.0 -5401.023208137502 -3233.154599948375 1614.4072235884148 -149.09446340825863 14.47559680165339 121.70032435377291 5506.5415112930095 -5054.4530230248965 -40.226493070127844 7474.698184428809 1.329388638254279e-08 405.6479199626563 11.262931175252444
995.0 -5399.235343880863 -3238.501995912599 1609.5000676763161 -149.04435292601582 14.430769106008382 121.65204721867921 5505.273831735971 -5055.867893990799 -40.26936417198931 7474.721516255614 1.336911400008419e-08 404.843393335968 11.20030584667547
996.0 -5397.440446357159 -3243.844934320594 1604.5905890037327 -148.9942636162883 14.385928383245348 121.60374768407364 5504.010034461404 -5057.277557627066 -40.31227288152627 7474.744666787962 1.3444992278390154e-08 404.0366434655007 11.137835840892377
997.0 -5395.638517433388 -3249.183408228658 1599.6787948307908 -148.94419540766924 14.341074679498355 121.55542575944006 5502.750119476208 -5058.682018484031 -40.35521961660629 7474.767634199701 1.3521533240562901e-08 403.2276775471298 11.075520218770636
998.0 -5393.829558986563 -3254.5174106978707 1594.7646924225703 -148.89414822878635 14.29620804086418 121.50708145372546 5501.494086754365 -5060.081281069305 -40.39820479920513 7474.790416631909 1.3598748941569757e-08 402.4165027946989 11.013358037103625
999.0 -5392.013572903725 -3259.846934794073 1589.8482890491168 -148.84412200830218 14.251328513402667 121.45871477534017 5500.241936236971 -5061.475349847718 -40.44122885549859 7474.81301219283 1.3676651468292798e-08 401.60312643993467 10.951348348619208
1000.0 -5390.190561081945 -3265.1719735878646 1584.9295919854567 -148.79411667491436 14.20643614313702 121.41032573214616 5498.993667832268 -5062.864229241245 -40.4842922159321 7474.8354189578085 1.3755252939599628e-08 400.7875557321653 10.889490201973059
1001.0 -5388.36052542835 -3270.4925201545866 1580.008608511607 -148.74413215735575 14.161530976054271 121.36191433145315 5497.749281415669 -5064.2479236289455 -40.5273953152971 7474.857634969219 1.3834565506404408e-08 399.96979793816666 10.8277826417518
1002.0 -5386.523467860124 -3275.8085675743137 1575.0853459125915 -148.69416838439477 14.116613058105631 121.31348058001883 5496.508776829786 -5065.626437346886 -40.57053859282314 7474.8796582363975 1.391460135172407e-08 399.1498603420815 10.76622470848143
1003.0 -5384.679390304523 -3281.1201089318406 1570.1598114784533 -148.64422528483558 14.071682435206796 121.26502448404231 5495.272153884459 -5066.99977468808 -40.61372249224564 7474.901486735573 1.399537269074805e-08 398.32775024522215 10.70481543862685
1004.0 -5382.828294698891 -3286.4271373166725 1565.2320125042668 -148.5943027875183 14.026739153238383 121.21654604915133 5494.03941235678 -5068.367939902427 -40.65694746189183 7474.923118409803 1.4076891770920889e-08 397.50347496577024 10.643553864583557
1005.0 -5380.970182990672 -3291.729645823015 1560.3019562901534 -148.54440082131927 13.981783258046333 121.16804528041347 5492.810551991128 -5069.730937196632 -40.700213954757146 7474.944551168904 1.4159170871987196e-08 396.6770418388823 10.5824390146996
1006.0 -5379.105057137415 -3297.027627549758 1555.3696501412924 -148.49451931515134 13.936814795442203 121.11952218231792 5491.585572499184 -5071.088770734154 -40.74352242859072 7474.965782889385 1.4242222306088133e-08 395.84845821629733 10.52146991326015
1007.0 -5377.232919106798 -3302.321075600472 1550.4351013679363 -148.44465819796383 13.891833811203558 121.07097675877111 5490.364473559962 -5072.441444635134 -40.78687334596475 7474.9868114143765 1.4326058417837752e-08 395.01773146617774 10.460645580489526
1008.0 -5375.353770876633 -3307.609983083388 1545.4983172854243 -148.39481739874313 13.846840351074432 121.02240901309857 5489.147254819834 -5073.7889629763295 -40.83026717436837 7475.007634553564 1.4410691584390634e-08 394.1848689730604 10.39996503256107
1009.0 -5373.467614434881 -3312.8943431113958 1540.5593052141955 -148.3449968465127 13.801834460765622 120.97381894803607 5487.933915892608 -5075.1313297910965 -40.873704386281815 7475.028250083191 1.4496134059902143e-08 393.3498806071238 10.339427374762375
1010.0 -5371.574451779668 -3318.1741488020275 1535.6180724798016 -148.29519647033322 13.75681618595507 120.92520656572445 5486.724456362132 -5076.468549071735 -40.91718545926824 7475.048655749521 1.4582395125330581e-08 392.5128239520915 10.27903350785706
1011.0 -5369.674284919292 -3323.449393277455 1530.6746264129163 -148.245416199303 13.711785572288168 120.8765718677002 5485.518875789667 -5077.8006247762105 -40.96071087609994 7475.068849278773 1.4669481367518406e-08 391.6737998780625 10.218785961061403
1012.0 -5367.767115872235 -3328.7200696644873 1525.7289743493372 -148.19565596255788 13.666742665378127 120.82791485489858 5484.3171737160565 -5079.127560830127 -41.00428112481063 7475.0888283800095 1.4757399292128782e-08 390.832911080807 10.15868732783006
1013.0 -5365.852946667169 -3333.986171094578 1520.7811236299897 -148.14591568927142 13.621687510806186 120.77923552763835 5483.119349661799 -5080.449361126724 -41.047896698744125 7475.108590745151 1.4846155421326084e-08 389.9902605332013 10.098740207432813
1014.0 -5363.931779342971 -3339.2476907038176 1515.831081600929 -148.096195308655 13.576620154121862 120.73053388562658 5481.925403127074 -5081.766029526863 -41.091558096584095 7475.128134048938 1.4935756293834198e-08 389.14595148554446 10.03894720497893
1015.0 -5362.003615948725 -3344.5046216329406 1510.8788556133459 -148.04649474995804 13.531540640843302 120.68180992794294 5480.7353335917605 -5083.077569858995 -41.13526582241275 7475.147455948885 1.502620846503362e-08 388.30008746553966 9.979310931416865
1016.0 -5360.068458543738 -3349.756957027324 1505.9244530235653 -147.99681394246778 13.48644901645753 120.63306365303649 5479.549140515469 -5084.383985919131 -41.17902038573493 7475.166554085244 1.5117518507037604e-08 387.4527722785116 9.919834003550111
1017.0 -5358.126309197547 -3355.0046900369875 1500.967881193053 -147.94715281550978 13.44134532642068 120.58429505873029 5478.366823337567 -5085.685281470825 -41.2228223015336 7475.185426080964 1.5209693008755154e-08 386.604110007779 9.860519044062908
1018.0 -5356.177169989925 -3360.2478138165948 1496.0091474884177 -147.8975112984478 13.39622961615843 120.53550414219802 5477.188381477203 -5086.981460245141 -41.266672090311204 7475.204069541651 1.5302738576008193e-08 385.75420501456074 9.801368681512592
1019.0 -5354.221043010897 -3365.486321525456 1491.0482592814135 -147.84788932068392 13.351101931066037 120.4866908999721 5476.013814333324 -5088.272525940627 -41.31057027812335 7475.222482055521 1.5396661831591302e-08 384.9031619384505 9.74238555036095
1020.0 -5352.2579303607445 -3370.720206327526 1486.085223948943 -147.7982868116587 13.30596231650882 120.437855327931 5474.843121284711 -5089.558482223299 -41.35451739663108 7475.240661193374 1.5491469415372576e-08 384.0510856975498 9.683572290980837
1021.0 -5350.28783415002 -3375.949461391407 1481.1200488730615 -147.74870370085125 13.260810817822364 120.38899742129841 5473.6763016899895 -5090.839332726605 -41.39851398313522 7475.2586045085345 1.558716798437353e-08 383.1980814888283 9.624931549677827
1022.0 -5348.310756499551 -3381.1740798903484 1476.1527414409798 -147.69913991777938 13.215647480312787 120.34011717462889 5472.513354887658 -5092.115081051402 -41.4425605806282 7475.276309536816 1.5683764212877102e-08 382.3442547882697 9.566465978696234
1023.0 -5346.326699540453 -3386.3940550022485 1471.1833090450668 -147.64959539199958 13.170472349257036 120.29121458181204 5471.354280196109 -5093.385730765934 -41.48665773782773 7475.293773796489 1.578126479250137e-08 381.48971135136327 9.508178236248066
1024.0 -5344.335665414143 -3391.6093799096557 1466.2117590828534 -147.6000700531072 13.125285469903226 120.24228963605944 5470.199076913647 -5094.6512854058 -41.53080600922226 7475.310994788221 1.5879676432308904e-08 380.63455721331485 9.4500709865219
1025.0 -5342.33765627234 -3396.8200477997675 1461.2380989570352 -147.55056383073662 13.080086887470785 120.19334232989908 5469.04774431851 -5095.911748473938 -41.57500595512283 7475.327969995046 1.5979005858903322e-08 379.77889868941304 9.392146899701574
1026.0 -5340.332674277083 -3402.0260518644354 1456.2623360754772 -147.50107665456122 13.034876647150824 120.14437265517843 5467.900281668884 -5097.167123440584 -41.619258141692626 7475.344696882311 1.6079259816510123e-08 378.9228423755676 9.334408651995581
1027.0 -5338.32072160074 -3407.227385300161 1451.2844778512151 -147.4516084542935 12.98965479410644 120.09538060303754 5466.756688202931 -5098.417413743264 -41.6635631409963 7475.361172897644 1.6180445067120485e-08 378.06649514834754 9.27685892563192
1028.0 -5336.301800426017 -3412.424041308099 1446.3045317024605 -147.40215915968528 12.944421373472938 120.04636616392807 5465.616963138801 -5099.662622786754 -41.70792153105003 7475.377395470902 1.6282568390543303e-08 377.20996416584575 9.219500408907733
1029.0 -5334.275912945964 -3417.6160130940607 1441.3225050526041 -147.3527287005276 12.899176430358162 119.99732932758681 5464.481105674642 -5100.902753943062 -41.75233389584878 7475.393362014123 1.6385636584632296e-08 376.3533568644706 9.162335796121258
1030.0 -5332.243061363993 -3422.8032938685105 1436.3384053302177 -147.30331700665107 12.853920009842726 119.9482700830421 5463.349114988325 -5102.137810551109 -41.79680082543064 7475.409069921072 1.648965704570607e-08 375.4967569880706 9.105367316638768
1031.0 -5330.203247893884 -3427.9858768465697 1431.3522399690607 -147.25392400792575 12.808652156980319 119.89918841860305 5462.2209902345585 -5103.367795914015 -41.84132291587639 7475.424516563232 1.659463916397228e-08 374.64016695363136 9.048595602562306
1032.0 -5328.156474759799 -3433.163755248009 1426.3640164080873 -147.20454963426144 12.763372916798053 119.85008432185091 5461.096730542355 -5104.592713296662 -41.88590076937339 7475.4396992862585 1.670059277425463e-08 373.7835718511207 8.992020946144953
1033.0 -5326.102744196291 -3438.336922297247 1421.3737420914554 -147.15519381560765 12.718082334296806 119.80095777963241 5459.976335014834 -5105.812565925471 -41.93053499426128 7475.454615409645 1.6807527737949806e-08 372.9269567165416 8.935643639166852
1034.0 -5324.042058448324 -3443.5053712233444 1416.3814244685354 -147.10585648195394 12.67278045445149 119.7518087780606 5458.859802729241 -5107.027356988358 -41.975226205104946 7475.469262226659 1.691545394314567e-08 372.0703065318881 8.879463972953246
1035.0 -5321.974419771277 -3448.6690952600015 1411.3870709939208 -147.05653756333 12.627467322211457 119.7026373025009 5457.747132736955 -5108.23708963469 -42.019975022750714 7475.483637004288 1.7024381304774796e-08 371.21360622483877 8.823482238375522
1036.0 -5319.89983043097 -3453.828087645549 1406.3906891274355 -147.0072369898057 12.582142982500734 119.65344333757041 5456.638324063496 -5109.441766975248 -42.06478207439318 7475.497736983176 1.7134319764741674e-08 370.356840668678 8.767698725867783
1037.0 -5317.818292703657 -3458.982341622949 1401.3922863341438 -146.95795469149132 12.536807480218469 119.60422686712072 5455.533375708541 -5110.641392082181 -42.10964799364547 7475.51155937757 1.7245279292089633e-08 369.49999468192664 8.712113725424786
1038.0 -5315.729808876058 -3464.1318504397864 1396.3918700843599 -146.90869059853773 12.491460860239188 119.55498787424085 5454.432286645928 -5111.8359679889645 -42.15457342058858 7475.525101375251 1.7357269883126018e-08 368.64305302832065 8.656727526623033
1039.0 -5313.634381245365 -3469.2766073482658 1391.3894478536563 -146.85944464113643 12.446103167413144 119.50572634125268 5453.335055823664 -5113.025497690358 -42.199559001853686 7475.538360137481 1.7470301561566512e-08 367.78600041665356 8.601540418633341
1040.0 -5311.5320121192535 -3474.4166056052077 1386.3850271228744 -146.81021674951972 12.400734446566688 119.45644224969135 5452.241682163933 -5114.2099841423715 -42.24460539066763 7475.551332798934 1.7584384378717084e-08 366.92882150035604 8.546552690216902
1041.0 -5309.4227038159 -3479.5518384720444 1381.378615378133 -146.76100685396088 12.355354742502522 119.40713558031595 5451.152164563102 -5115.389430262208 -42.28971324693316 7475.5640164676415 1.7699528413589563e-08 366.0715008775973 8.49176462975547
1042.0 -5307.306458663991 -3484.682299214816 1376.3702201108383 -146.71181488477433 12.309964100000123 119.35780631308258 5450.066501891726 -5116.563838928236 -42.334883237285794 7475.576408224925 1.7815743773107372e-08 365.2140230907296 8.437176525239652
1043.0 -5305.183279002742 -3489.807981104162 1371.3598488176933 -146.66264077231563 12.264562563816026 119.30845442715683 5448.984692994556 -5117.733212979943 -42.3801160351602 7475.588505125342 1.7933040592222483e-08 364.35637262641336 8.382788664301447
1044.0 -5303.053167181905 -3494.928877415323 1366.3475090007064 -146.61348444698174 12.219150178684133 119.25907990088757 5447.906736690541 -5118.897555217893 -42.425412320852615 7475.600304196613 1.8051429034126694e-08 363.49853391506645 8.328601334203956
1045.0 -5300.916125561791 -3500.044981428132 1361.3332081672024 -146.56434583921117 12.17372698931614 119.20968271181896 5446.832631772826 -5120.056868403681 -42.470772781589176 7475.611802439562 1.8170919290375386e-08 362.6404913309748 8.274614821873639
1046.0 -5298.772156513273 -3505.156286427012 1356.3169538298316 -146.5152248794841 12.128293040401784 119.16026283666841 5445.762377008765 -5121.211155259901 -42.51619811159321 7475.622996828054 1.8291521581095762e-08 361.78222919180627 8.220829413895219
1047.0 -5296.62126241781 -3510.262785700973 1351.2987535065797 -146.46612149832234 12.0828483766092 119.11082025132677 5444.695971139913 -5122.360418470096 -42.56168901214312 7475.633884308936 1.841324615514534e-08 360.92373175850685 8.167245396531259
1048.0 -5294.463445667455 -3515.3644725436034 1346.2786147207767 -146.41703562628973 12.037393042585315 119.06135493084602 5443.6334128820345 -5123.504660678723 -42.60724619164216 7475.644461801961 1.8536103290304023e-08 360.0649832349768 8.113863055728338
1049.0 -5292.298708664873 -3520.461340253071 1341.256545001108 -146.36796719399214 11.991927082956062 119.01186684943887 5442.5747009250945 -5124.643884491102 -42.65287036569009 7475.65472619973 1.866010329344022e-08 359.205967767949 8.060682677136334
1050.0 -5290.12705382335 -3525.5533821321155 1336.2325518816237 -146.3189161320776 11.946450542326854 118.96235598046263 5441.519833933226 -5125.778092473348 -42.6985622571367 7475.664674367573 1.878525660160851e-08 358.3466777440314 8.007704624292924
1051.0 -5287.948483566817 -3530.640591488046 1331.2066429017482 -146.2698823712365 11.90096346528283 118.91282229642232 5440.468810543765 -5126.907287151414 -42.74432259615321 7475.6743031421565 1.891157453082889e-08 357.48717535824727 7.954929918772234
1052.0 -5285.763000329853 -3535.7229616327336 1326.178825606293 -146.22086584220162 11.855465896389257 118.86326576894743 5439.421629365619 -5128.031471009516 -42.79015212028298 7475.683609329185 1.90390688548089e-08 356.62755794693993 7.902359913537481
1053.0 -5283.570606557713 -3540.8004858826066 1321.1491075454692 -146.1718664757484 11.80995788019184 118.81368636880337 5438.378288978973 -5129.150646489819 -42.83605157451518 7475.692589702929 1.9167751384086805e-08 355.7679233628814 7.849995966722853
1054.0 -5281.371304706337 -3545.87315755864 1316.1174962748994 -146.12288420269513 11.764439461217163 118.76408406586852 5437.338787935288 -5130.264815992369 -42.88202171137573 7475.701241006148 1.9297633963125063e-08 354.9083697158596 7.797839439190596
1055.0 -5279.165097242362 -3550.940969986353 1311.0839993556315 -146.07391895390293 11.718910683972986 118.71445882913214 5436.303124757278 -5131.373981875056 -42.92806329097505 7475.709559950008 1.94287284705149e-08 354.0489953735927 7.745891694560145
1056.0 -5276.951986643153 -3556.003916495802 1306.0486243541511 -146.02497066027604 11.673371592948609 118.66481062668598 5435.271297938911 -5132.478146453546 -42.97417708111516 7475.717543213999 1.9561046819201543e-08 353.1898989625588 7.694154099230949
1057.0 -5274.731975396804 -3561.061990421571 1301.0113788423948 -145.97603925276198 11.627822232615248 118.61513942572009 5434.24330594538 -5133.577312001231 -43.02036385734414 7475.725187445855 1.9694600956701933e-08 352.3311793689312 7.6426280224103955
1058.0 -5272.505066002162 -3566.115185102766 1295.9722703977632 -145.9271246623517 11.582262647426463 118.56544519250724 5433.219147213104 -5134.671480749176 -43.06662440304558 7475.732489261471 1.9829402865357566e-08 351.47293573934377 7.591314836130332
1059.0 -5270.27126096884 -3571.1634938830107 1290.931306603134 -145.87822682007962 11.53669288181843 118.5157278923993 5432.198820149702 -5135.760654886061 -43.11295950951035 7475.739445244811 1.996546456255972e-08 350.615267481894 7.540215915276697
1060.0 -5268.030562817239 -3576.206910110436 1285.8884950468748 -145.829345657024 11.491112980210318 118.46598748981766 5431.182323133983 -5136.84483655813 -43.15936997601159 7475.746051947839 2.0102798100994835e-08 349.7582742670743 7.489332637613566
1061.0 -5265.78297407856 -3581.245427137678 1280.8438433228569 -145.78048110430683 11.445522987004711 118.41622394824762 5430.169654515925 -5137.924027869136 -43.205856609885814 7475.752305890424 2.0241415568883748e-08 348.9020560288007 7.438666383811756
1062.0 -5263.528497294823 -3586.2790383218676 1275.7973590304684 -145.73163309309425 11.399922946587925 118.36643723022799 5429.160812616657 -5138.998230880278 -43.25242022661155 7475.7582035602545 2.038132909023818e-08 348.04671296539266 7.388218537473246
1063.0 -5261.26713501888 -3591.3077370246265 1270.7490497746278 -145.68280155459647 11.354312903330365 118.31662729733799 5428.155795728442 -5140.067447610159 -43.29906164988381 7475.763741412757 2.0522550825130078e-08 347.1923455405369 7.337990485153436
1064.0 -5258.998889814444 -3596.331516612059 1265.6989231657963 -145.6339864200681 11.308692901586996 118.26679411020258 5427.154602114655 -5141.13168003472 -43.345781711690734 7475.768915871003 2.0665092969913198e-08 346.3390544846001 7.287983616402681
1065.0 -5256.72376425609 -3601.350370454748 1260.6469868199938 -145.58518762080828 11.263062985697509 118.21693762846628 5426.157230009763 -5142.190930087182 -43.39258125240394 7475.773723325623 2.0808967757538676e-08 345.4869407954342 7.2381993237765965
1066.0 -5254.441760929283 -3606.3642919277445 1255.5932483588097 -145.53640508816062 11.217423199986895 118.16705781079433 5425.163677619299 -5143.245199658002 -43.43946112083279 7475.778160134723 2.0954187457797998e-08 344.6361057396839 7.1886390028746865
1067.0 -5252.152882430395 -3611.373274410566 1250.5377154094183 -145.48763875351366 11.171773588765735 118.11715461486601 5424.17394311984 -5144.294490594806 -43.48642217432871 7475.782222623786 2.1100764377592484e-08 343.78665085399246 7.139304052371526
1068.0 -5249.85713136672 -3616.3773112871872 1245.4803956045926 -145.43888854830084 11.1261141963305 118.06722799736029 5423.188024658984 -5145.338804702339 -43.533465278850485 7475.785907085588 2.1248710861230153e-08 342.9386779461121 7.090195874041048
1069.0 -5247.554510356488 -3621.3763959460334 1240.4212965827164 -145.3901544040007 11.080445066964014 118.0172779139441 5422.205920355321 -5146.378143742405 -43.58059130904326 7475.789209780106 2.1398039290720498e-08 342.0922890960922 7.041315872784161
1070.0 -5245.2450220288965 -3626.370521779976 1235.3604259878002 -145.341436252137 11.034766244935762 117.96730431927823 5421.227628298307 -5147.41250943371 -43.627801148325716 7475.79212693428 2.1548762374013374e-08 341.24758145375387 6.992665372756558
1071.0 -5242.928669024112 -3631.3596821863257 1230.2977914694955 -145.29273402427887 10.989077774502357 117.91730716699001 5420.253146544863 -5148.44190344861 -43.675095688930355 7475.7946547372785 2.1700896364607284e-08 340.40458906732454 6.94424467932604
1072.0 -5240.605453993306 -3636.343870566816 1225.2334006831152 -145.24404765204116 10.943379699907847 117.86728640967212 5419.282473112064 -5149.466327406122 -43.72247583196793 7475.79678933035 2.1854459905629445e-08 339.56330377756035 6.8960534160161036
1073.0 -5238.2753795986655 -3641.3230803275883 1220.167261289659 -145.19537706708454 10.897672065384242 117.81724199887935 5418.31560597546 -5150.485782870272 -43.76994248751953 7475.798526804436 2.200947173913075e-08 338.7237166177507 6.8480911921149765
1074.0 -5235.938448513429 -3646.297304879176 1215.0993809558408 -145.14672220111575 10.85195491515208 117.76717388510704 5417.3525430690215 -5151.500271349997 -43.81749657475848 7475.799863200028 2.216595066401933e-08 337.88581858140947 6.800357615057076
1075.0 -5233.594663421902 -3651.266537636484 1210.0297673541122 -145.09808298588806 10.806228293420764 117.71708201779437 5416.39328228509 -5152.509794299043 -43.865139022082985 7475.800794507037 2.2323915536423998e-08 337.0496006224144 6.752852290444684
1076.0 -5231.244027019487 -3656.230772018773 1204.9584281626899 -145.04945935320137 10.760492244389098 117.66696634530486 5415.437821474336 -5153.514353115867 -43.9128707672254 7475.801316664654 2.2483385270136228e-08 336.2150536547614 6.70557482204778
1077.0 -5228.886542012702 -3661.1900014496405 1199.8853710655817 -145.0008512349024 10.714746812245771 117.6168268149189 5414.486158445703 -5154.513949143548 -43.96069275737398 7475.801425561224 2.2644378837022707e-08 335.3821685525205 6.658524811815551
1078.0 -5226.5222111192115 -3666.144219357006 1194.810603752613 -144.95225856288516 10.66899204116983 117.56666337282758 5413.5382909663695 -5155.508583669685 -44.00860594930293 7475.801117034112 2.2806915267441064e-08 334.5509361498109 6.611701859889118
1079.0 -5224.151037067847 -3671.0934191730917 1189.7341339194522 -144.90368126909107 10.62322797533117 117.51647596412431 5412.594216761686 -5156.4982579263005 -44.05661130948988 7475.800386869562 2.2971013650670274e-08 333.7213472407388 6.565105564612198
1080.0 -5221.773022598635 -3676.0375943344056 1184.6559692676387 -144.8551192855093 10.57745465889102 117.46626453278388 5411.653933515129 -5157.482973089748 -44.104709814240096 7475.799230802566 2.3136693135390403e-08 332.8933925791245 6.518735522530216
1081.0 -5219.388170462822 -3680.9767382817245 1179.576117504608 -144.8065725441769 10.53167213600237 117.41602902166487 5410.717438868246 -5158.462730280611 -44.15290244980906 7475.797644516723 2.3303972930094354e-08 332.0670628786165 6.4725913284112355
1082.0 -5216.996483422894 -3685.9108444600784 1174.4945863437194 -144.75804097717918 10.485880450810528 117.36576937249268 5409.784730420595 -5159.437530563606 -44.20119021251742 7475.795623644102 2.347287230357111e-08 331.2423488124829 6.426672575248945
1083.0 -5214.597964252614 -3690.839906318729 1169.4113835042822 -144.70952451665 10.440079647453558 117.31548552584951 5408.8558057297 -5160.407374947485 -44.249574108893626 7475.793163765105 2.3643410585374994e-08 330.4192410135159 6.380978854272183
1084.0 -5212.192615737036 -3695.7639173111584 1164.3265167115835 -144.66102309477185 10.394269770062769 117.26517742116657 5407.9306623109715 -5161.37226438494 -44.2980551557805 7475.790260408319 2.3815607166295643e-08 329.5977300739725 6.335509754956586
1085.0 -5209.780440672541 -3700.6828708950484 1159.2399936969146 -144.61253664377634 10.348450862763176 117.21484499671043 5407.009297637668 -5162.3321997725025 -44.346634380466526 7475.786909050382 2.3989481498856483e-08 328.7778065454169 6.290264865030985
1086.0 -5207.361441866856 -3705.5967605322635 1154.1518221975982 -144.5640650959443 10.30262296967409 117.16448818957713 5406.091709140823 -5163.28718195044 -44.39531282081498 7475.783105115832 2.416505309779535e-08 327.95946093868844 6.2452437704908785
1087.0 -5204.9356221390835 -3710.505579688835 1149.0620099570158 -144.5156083836061 10.256786134909474 117.11410693566816 5405.177894209182 -5164.2372117026725 -44.4440915253748 7475.778843976976 2.4342341540617346e-08 327.1426837235732 6.200446055595765
1088.0 -5202.502984319729 -3715.4093218349462 1143.9705647246353 -144.46716643914183 10.210940402578524 117.06370116970211 5404.267850189141 -5165.182289756651 -44.49297155352019 7475.774120953722 2.4521366468031793e-08 326.3274653290532 6.155871302898416
1089.0 -5200.063531250729 -3720.307980444911 1138.8774942560383 -144.41873919498178 10.165085816786059 117.01327082518115 5403.361574384679 -5166.122416783279 -44.541953975571914 7475.768931313457 2.4702147584556746e-08 325.513796142822 6.111519093233963
1090.0 -5197.617265785476 -3725.2015489971614 1133.7828063129477 -144.3703265836064 10.11922242163311 116.9628158343907 5402.459064057382 -5167.057593396889 -44.59103987291792 7475.763270271014 2.4884704409666568e-08 324.70166856897083 6.067389004391627
1091.0 -5195.164190788843 -3730.0900209742294 1128.6865086632558 -144.3219285375468 10.073350261217382 116.91233612839017 5401.560316428781 -5167.987820157447 -44.640230338165566 7475.757132991852 2.5069054257718852e-08 323.89109370197514 6.023480600209927
1092.0 -5192.704309137218 -3734.9733898627355 1123.588609081045 -144.2735449893848 10.027469379633617 116.86183163699344 5400.665328684561 -5168.913097574554 -44.68952647528215 7475.75051459784 2.5255213289179608e-08 323.08209265654597 5.979793436254299
1093.0 -5190.237623718516 -3739.8516491533774 1118.4891153466115 -144.22517587175327 9.981579820974192 116.81130228876195 5399.774097975302 -5169.833426108139 -44.73892939970767 7475.7434101682375 2.5443197708082924e-08 322.2746866906619 5.936327066296056
1094.0 -5187.764137432217 -3744.7247923409236 1113.3880352464844 -144.17682111733617 9.935681629329313 116.7607480109965 5398.886621416407 -5170.748806168376 -44.788440238449425 7475.73581473956 2.563302377386098e-08 321.46889711250645 5.893081042385234
1095.0 -5185.2838531893785 -3749.5928129241997 1108.2853765734485 -144.12848065886888 9.889774848787651 116.71016872971191 5398.00289608805 -5171.65923811561 -44.83806013019546 7475.727723305454 2.58247078019119e-08 320.6647452806817 5.850054914847583
1096.0 -5182.796773912668 -3754.4557044060816 1103.181147126564 -144.08015442913833 9.843859523436729 116.65956436964322 5397.122919035099 -5172.564722260279 -44.88779022541166 7475.719130816568 2.6018266164057974e-08 319.86225260493507 5.807248232308607
1097.0 -5180.3029025363885 -3759.3134602934842 1098.0753547111874 -144.03184236098323 9.797935697363219 116.60893485422048 5396.246687267065 -5173.465258862843 -44.937631686450345 7475.710032180431 2.621371528913002e-08 319.0614405463993 5.764660541690903
1098.0 -5177.802242006499 -3764.1660740973543 1092.9680071389946 -143.9835443872942 9.752003414653514 116.55828010556253 5395.374198103672 -5174.360848465197 -44.9875856905245 7475.700422740238 2.6411071663489276e-08 318.26233061814526 5.722291388227708
1099.0 -5175.294795278886 -3769.013539336056 1087.8591122244204 -143.93526044098002 9.706062719361954 116.50760004442965 5394.505457066808 -5175.251499463409 -45.037653483088775 7475.69030921246 2.661035183171935e-08 317.4649443850987 5.680140315442255
1100.0 -5172.780565316972 -3773.8558495399966 1082.7486777797808 -143.88699045492208 9.660113655467025 116.45689459018782 5393.6404666212065 -5176.137217316897 -45.087836266989484 7475.679694091111 2.681157239728838e-08 316.6693034641618 5.6382068651377875
1101.0 -5170.259555095027 -3778.692998245213 1077.636711622026 -143.83873436203774 9.61415626693253 116.40616366088449 5392.779223769103 -5177.018002232446 -45.13813520603708 7475.668572308726 2.701475002277698e-08 315.8754295260942 5.596490577479727
1102.0 -5167.7317675989825 -3783.524978991836 1072.523221574367 -143.790492095296 9.568190597722394 116.35540717324848 5391.921725478585 -5177.893854367988 -45.188551475976055 7475.656938756235 2.7219901430404267e-08 315.08334429620163 5.554990991013514
1103.0 -5165.197205826453 -3788.3517853240855 1067.4082154662933 -143.74226358771764 9.522216691800944 116.30462504268787 5391.067968683524 -5178.764773832521 -45.23908626459888 7475.644788282824 2.7427043402568345e-08 314.29306955500414 5.513707642680625
1104.0 -5162.655872786761 -3793.173410790256 1062.291701133595 -143.69404877237534 9.476234593133462 116.25381718326233 5390.217950283503 -5179.630760686046 -45.28974077183659 7475.632115695821 2.7636192782499547e-08 313.5046271385158 5.472640067813701
1105.0 -5160.107771500965 -3797.989848942715 1057.1736864183829 -143.6458475823939 9.430244345686626 116.20298350768269 5389.37166714375 -5180.491814939479 -45.34051620986054 7475.618915760549 2.784736647481245e-08 312.7180389389643 5.431787800154053
1106.0 -5157.552905001881 -3802.80109333789 1052.0541791691087 -143.5976599509505 9.384245993428797 116.15212392729335 5388.529116095057 -5181.3479365545845 -45.39141380317869 7475.6051832001995 2.806058144613734e-08 311.9333269052534 5.391150371855155
1107.0 -5154.991276334116 -3807.6071375362603 1046.9331872405862 -143.54948581127474 9.33823958033056 116.10123835206393 5387.690293933717 -5182.199125443896 -45.44243478875944 7475.590912695705 2.8275854725722603e-08 311.1505130435836 5.350727313493721
1108.0 -5152.422888554085 -3812.4079751023546 1041.8107184940113 -143.5013250966489 9.292225150365145 116.05032669057162 5386.85519742143 -5183.045381470645 -45.49358041610026 7475.576098885592 2.8493203406086045e-08 310.36961941794095 5.3105181540733355
1109.0 -5149.847744730037 -3817.2035996047352 1036.6867807969834 -143.4531777404081 9.24620274750871 115.99938884998858 5386.023823285239 -5183.886704448679 -45.54485194734605 7475.560736365856 2.8712644643657583e-08 309.59066815067564 5.270522421032441
1110.0 -5147.265847942091 -3821.994004615995 1031.561382023526 -143.40504367594056 9.200172415740955 115.94842473607103 5385.196168216651 -5184.72309414161 -45.59625065739226 7475.544819688707 2.8934197190461793e-08 308.81367988732956 5.23073973614505
1111.0 -5144.67720128225 -3826.7791837127443 1026.4345300541117 -143.3569228366877 9.154134199045478 115.89743425314758 5384.372228863164 -5185.554550254675 -45.6477778339181 7475.528343350791 2.9157885780819944e-08 308.03866939759314 5.191170090234471
1112.0 -5142.081807854451 -3831.5591304755876 1021.3062327756975 -143.30881515614448 9.108088141410345 115.84641730410466 5383.55200181999 -5186.38107242672 -45.699434777469264 7475.5113017816475 2.938373666507399e-08 307.2656500567205 5.151813563407137
1113.0 -5139.4796707745845 -3836.333838489104 1016.1764980817622 -143.26072056785986 9.06203428682862 115.79537379036798 5382.735483629224 -5187.202660229394 -45.751222801614404 7475.493689342522 2.961177618797245e-08 306.49463527281256 5.112670235973668
1114.0 -5136.870793170542 -3841.1033013418205 1011.0453338723453 -143.21263900543704 9.015972679299031 115.74430361189972 5381.922670779732 -5188.019313166989 -45.80314323311745 7475.475500326153 2.984203078952863e-08 305.7256384874033 5.073740188477723
1115.0 -5134.255178182247 -3845.8675126261887 1005.9127480540861 -143.16457040253377 8.969903362826539 115.69320666717634 5381.113559707027 -5188.831030676323 -45.85519741207975 7475.456728956568 3.00745270059807e-08 304.95867317576176 5.0350235017101195
1116.0 -5131.632828961687 -3850.626465938562 1000.7787485402624 -143.11651469286286 8.923826381422773 115.64208285317977 5380.308146793159 -5189.637812126582 -45.90738669213056 7475.437369388878 3.0309291470706565e-08 304.1937528474085 4.996520256733708
1117.0 -5129.003748672959 -3855.3801548791707 995.6433432508303 -143.06847181019234 8.877741779106868 115.59093206538004 5379.506428366585 -5190.4396568191805 -45.95971244056636 7475.417415709055 3.054635091519354e-08 303.43089104651125 4.958230534901944
1118.0 -5126.367940492304 -3860.1285730520963 990.5065401124621 -143.0204416883459 8.831649599905877 115.53975419772394 5378.708400702041 -5191.2365639876225 -46.01217603853445 7475.396861933721 3.0785732169996014e-08 302.6701013523824 4.920154417882426
1119.0 -5123.725407608142 -3864.871714065253 985.3683470585869 -142.97242426120332 8.785549887855387 115.48854914261936 5377.914060020414 -5192.0285327973515 -46.06477888118934 7475.375702009929 3.102746216572859e-08 301.9113973799227 4.882291987677512
1120.0 -5121.076153221106 -3869.60957153036 980.2287720294305 -142.92441946270066 8.739442687000135 115.43731679092325 5377.123402488615 -5192.8155623456005 -46.11752237786084 7475.353929814941 3.1271567934059205e-08 301.1547927801282 4.844643326647938
1121.0 -5118.42018054409 -3874.3421390629182 975.0878229720538 -142.87642722683074 8.693328041394574 115.38605703192158 5376.336424219429 -5193.597651661246 -46.170407952217715 7475.331539155989 3.1518076608755686e-08 300.4003012404917 4.807208517530959
1122.0 -5115.757492802278 -3879.069410282189 969.9455078403944 -142.82844748764342 8.64720599510348 115.33476975332398 5375.55312127139 -5194.374799704658 -46.22343704244179 7475.308523770066 3.176701542667978e-08 299.64793648562926 4.7699876434695545
1123.0 -5113.088093233185 -3883.791378811169 964.8018345953059 -142.78048017924596 8.60107659220256 115.28345484123776 5374.773489648631 -5195.147005367541 -46.2766111013824 7475.284877323678 3.2018411728896426e-08 298.89771227761645 4.732980788026952
1124.0 -5110.4119850867 -3888.5080382765664 959.656811204598 -142.73252523580342 8.554939876779024 115.23211218015896 5373.997525300735 -5195.914267472789 -46.32993159674413 7475.260593412611 3.22722929617187e-08 298.149642416586 4.696188035213998
1125.0 -5107.729171625119 -3893.2193823087796 954.5104456430779 -142.68458259153903 8.508795892932175 115.1807416529617 5373.225224122594 -5196.676584774318 -46.38340001123413 7475.235665561693 3.252868667777746e-08 297.4037407413093 4.659609469515437
1126.0 -5105.039656123191 -3897.9254045418725 949.3627458925904 -142.63665218073444 8.462644684773988 115.12934314087289 5372.456581954254 -5197.433955956913 -46.43701784274458 7475.210087224549 3.278762053718068e-08 296.66002112957926 4.623245175906242
1127.0 -5102.343441868148 -3902.6260986135517 944.2137199420588 -142.58873393773015 8.416486296429767 115.07791652346252 5371.691594580753 -5198.186379636072 -46.490786604518235 7475.183851783352 3.304912230861456e-08 295.9184974988292 4.587095239879396
1128.0 -5099.640532159753 -3907.3214581651428 939.0633757875264 -142.54082779692592 8.370320772038735 115.0264616786266 5370.930257731969 -5198.933854357838 -46.54470782531746 7475.15695254858 3.3313219870498674e-08 295.17918380665924 4.551159747468841
1129.0 -5096.930930310342 -3912.0114768415688 933.9117214321973 -142.49293369278095 8.324148155754523 114.97497848257306 5370.172567082398 -5199.676378598587 -46.598783049592384 7475.129382758681 3.357994137208459e-08 294.442094125938 4.51543876377492
1130.0 -5094.214639644856 -3916.6961482913243 928.7587648864791 -142.44505155981454 8.27796849174596 114.92346680980513 5369.418518247987 -5200.413950761945 -46.65301383763949 7475.101135575625 3.384931901178071e-08 293.7072444052895 4.479931825246495
1131.0 -5091.491663500895 -3921.375466166448 923.604514168032 -142.3971813326062 8.23178182419759 114.87192653310206 5368.668106776295 -5201.1465691692565 -46.70740176570246 7475.072204071195 3.412138920192054e-08 292.97465254582596 4.444637917718989
1132.0 -5088.762005228761 -3926.0494241224833 918.448977301825 -142.34932294579644 8.18558819731052 114.82035752350511 5367.921328143106 -5201.874232056273 -46.76194842617406 7475.0425812222165 3.4396188686583565e-08 292.24433659232596 4.4095559984668915
1133.0 -5086.025668191512 -3930.718015818445 913.2921623201935 -142.30147633408703 8.139387655303057 114.76875965030258 5367.178177752192 -5202.596937572907 -46.81665542781832 7475.012259910199 3.467375435390993e-08 291.5163146458222 4.374685021626329
1134.0 -5083.282655765009 -3935.381234916782 908.1340772628964 -142.25364143224164 8.09318024241154 114.71713278101012 5366.438650935132 -5203.314683783024 -46.87152439599811 7474.981232921037 3.4954123237641525e-08 290.7906048642855 4.34002393818409
1135.0 -5080.532971337969 -3940.0390750833394 902.9747301771754 -142.20581817508634 8.046966002891029 114.66547678135662 5365.702742951129 -5204.027468664248 -46.92655697290331 7474.949492944726 3.52373325186585e-08 290.06722546340245 4.305571695970157
1136.0 -5077.776618312016 -3944.691529987322 897.814129117811 -142.1580064975101 8.000744981016124 114.61379151526536 5364.970448986822 -5204.735290107759 -46.981754817773094 7474.917032575058 3.552341952656717e-08 289.34619471730144 4.271327239646727
1137.0 -5075.013600101731 -3949.3385933012605 892.652282147183 -142.1102063344653 7.954517221081607 114.56207684483729 5364.241764156094 -5205.438145918092 -47.03711960713497 7474.883844309328 3.581242174130239e-08 288.6275309593253 4.237289510698358
1138.0 -5072.243920134708 -3953.9802587009713 887.4891973353278 -142.06241762096823 7.90828276740336 114.51033263033128 5363.516683499874 -5206.136033812922 -47.09265303502366 7474.8499205480175 3.610437679477321e-08 287.91125258277833 4.203457447419888
1139.0 -5069.467581851596 -3958.616519865523 882.324882759998 -142.01464029209964 7.862041664318888 114.45855873014965 5362.795201985937 -5206.828951422865 -47.148356813214605 7474.815253594494 3.639932247250573e-08 287.1973780417627 4.169829984907487
1140.0 -5066.684588706166 -3963.247370477202 877.1593465067208 -141.9668742830052 7.81579395618831 114.40675500081527 5362.077314508702 -5207.516896291269 -47.20423267145236 7474.779835654694 3.669729671536128e-08 286.4859258519151 4.136406055043871
1141.0 -5063.894944165357 -3967.8728042214716 871.9925966688576 -141.9191195288961 7.769539687394943 114.35492129695905 5361.363015889025 -5208.199865873995 -47.26028235769104 7474.743658836809 3.6998337621222635e-08 285.7769145913042 4.103184586490002
1142.0 -5061.098651709326 -3972.49281478694 866.8246413476637 -141.87137596504945 7.723278902346208 114.30305747130141 5360.65230087398 -5208.877857539205 -47.3165076383068 7474.706715150956 3.7302483446742266e-08 285.0703629012606 4.070164504672477
1143.0 -5058.295714831508 -3977.1073958653237 861.6554886523484 -141.82364352680892 7.677011645474236 114.2511633746198 5359.945164136645 -5209.550868567154 -47.372910298353304 7474.668996508857 3.760977260920207e-08 284.36628948703617 4.03734473176178
1144.0 -5055.486137038671 -3981.71654115141 856.4851467001339 -141.77592214958526 7.630737961236746 114.19923885575415 5359.241600275887 -5210.218896149956 -47.429492141781 7474.630494723505 3.792024368817832e-08 283.66471311899835 4.004724186674368
1145.0 -5052.669921850966 -3986.3202443430246 851.3136236163172 -141.72821176885662 7.584457894117752 114.14728376156324 5358.541603816127 -5210.881937391378 -47.486254991666215 7474.591201508827 3.82339354275264e-08 282.96565263317234 3.972301785043155
1146.0 -5049.847072801987 -3990.9184991409948 846.1409275343294 -141.68051232016947 7.538171488628408 114.09529793692299 5357.845169207119 -5211.53998930661 -47.54320069046901 7474.551108479352 3.855088673714624e-08 282.2691269323727 3.940076439214246
1147.0 -5047.017593438826 -3995.5112992491117 840.9670665957971 -141.63282373913864 7.49187878930763 114.04328122469481 5357.152290823708 -5212.193048822041 -47.60033110023346 7474.510207149854 3.8871136694957103e-08 281.5751549869487 3.908047058224503
1148.0 -5044.181487322126 -4000.0986383740974 835.7920489506038 -141.58514596144835 7.445579840723044 113.9912334657102 5356.4629629656 -5212.841112775029 -47.657648102862254 7474.468488935017 3.9194724547459634e-08 280.8837558304889 3.876212548410613
1149.0 -5041.3387580261415 -4004.6805102255703 830.61588275695 -141.53747892285233 7.399274687471598 113.9391544987564 5355.777179857329 -5213.484177913886 -47.7151536003264 7474.425945149371 3.9521689268083286e-08 280.1949468225358 3.8445720181658505
1150.0 -5038.489409138795 -4009.256908516009 825.4385761814156 -141.4898225591745 7.352963374180418 113.88704416054301 5355.094935649516 -5214.122240899109 -47.77284951492288 7474.382567009038 3.9852068916279426e-08 279.5087411296437 3.813125074735274
1151.0 -5035.633444261731 -4013.82782696072 820.2601373990182 -141.44217680630956 7.306645945507604 113.83490228569333 5354.416224419645 -5214.755298304145 -47.8307377895145 7474.338345632807 4.0185901559166515e-08 278.825151330535 3.7818713996570814
1152.0 -5032.770867010376 -4018.3932592778033 815.0805745932731 -141.39454160022348 7.260322446142864 113.78272870671482 5353.741040171848 -5215.3833466152055 -47.888820387771034 7474.293272041825 4.0523225435671496e-08 278.1441900518827 3.7508106739486133
1153.0 -5029.901681013992 -4022.9531991881236 809.8998959562531 -141.34691687695383 7.2139929208083275 113.73052325398615 5353.069376836633 -5216.006382231009 -47.94709929437556 7474.247337159207 4.0864078958517206e-08 277.46586996916716 3.7199425781231032
1154.0 -5027.025889915738 -4027.5076404152746 804.7181096886479 -141.29930257261057 7.167657414259371 113.67828575572523 5352.401228270601 -5216.624401462535 -48.00557651528277 7474.2005318096435 4.120850071636473e-08 276.7902038073012 3.689266792195302
1155.0 -5024.143497372726 -4032.0565766855484 799.535223999825 -141.25169862337637 7.121315971285264 113.62601603798056 5351.7365882561635 -5217.237400532768 -48.064254077925284 7474.152846718997 4.1556529475836916e-08 276.1172043415737 3.6587829957010873
1156.0 -5021.254507056078 -4036.6000017279016 794.3512471078903 -141.2041049655072 7.074968636709966 113.57371392459784 5351.07545050125 -5217.84537557643 -48.123134031471295 7474.104272513898 4.1908204183737844e-08 275.44688439828866 3.6284908677026273
1157.0 -5018.358922650987 -4041.137909273923 789.1661872397488 -141.1565215353329 7.028615455392968 113.52137923720153 5350.417808639013 -5218.448322639724 -48.18221844704601 7474.054799721322 4.22635639692082e-08 274.77925685561615 3.5983900868026106
1158.0 -5015.456747856775 -4045.670293057804 783.9800526311653 -141.1089482692576 6.9822564722300084 113.46901179517596 5349.763656227524 -5219.046237680074 -48.24150941796404 7474.004418768184 4.262264814591758e-08 274.11433464445037 3.5684803311582556
1159.0 -5012.547986386959 -4050.197146816303 778.792851526827 -141.06138510376033 6.935891732153756 113.41661141563871 5349.1129867494765 -5219.639116565842 -48.3010090599696 7473.953119980909 4.298549621434391e-08 273.45213074918826 3.5387612784910787
1160.0 -5009.6326419693 -4054.718464288713 773.604592180404 -141.01383197539556 6.889521280134695 113.36417791341967 5348.465793611861 -5220.22695507607 -48.36071951147949 7473.900893584996 4.335214786405045e-08 272.7926582085968 3.5092326061000936
1161.0 -5006.710718345874 -4059.2342392168352 768.4152828546122 -140.9662888207936 6.843145161181895 113.31171110103897 5347.822070145659 -5220.809748900192 -48.4206429338052 7473.847729704587 4.372264297600585e-08 272.135930116683 3.479893990874548
1162.0 -5003.78221927313 -4063.744465344939 763.2249318212758 -140.9187555766614 6.796763420343734 113.25921078867722 5347.181809605517 -5221.3874936377615 -48.48078151141169 7473.793618362024 4.4097021624996175e-08 271.48195962348586 3.4507451093025145
1163.0 -5000.847148521951 -4068.249136419736 758.0335473613897 -140.87123217978277 6.750376102708665 113.20667678416322 5346.545005169413 -5221.960184798165 -48.54113745213806 7473.738549477392 4.447532408195032e-08 270.8307599361035 3.4217856374894224
1164.0 -4997.905509877716 -4072.7482461903446 752.8411377651822 -140.8237185670192 6.703983253406101 113.15410889294068 5345.911649938331 -5222.527817800341 -48.60171298745149 7473.682512868076 4.4857590816451596e-08 270.1823443194781 3.393015251165077
1165.0 -4994.957307140367 -4077.2417884082583 747.6477113321793 -140.77621467531023 6.657584917607054 113.10150691804546 5345.2817369359145 -5223.09038797248 -48.66251037268205 7473.625498248283 4.5243862499214796e-08 269.53672609732877 3.3644336256967162
1166.0 -4992.002544124466 -4081.729756827318 742.4532763712674 -140.72872044167408 6.611181140525041 113.04887066008617 5344.655259108124 -5223.647890551737 -48.723531887265835 7473.567495228588 4.5634180004576137e-08 268.89391865314576 3.3360404361040845
1167.0 -4989.041224659263 -4086.212145203673 737.2578412007582 -140.68123580320815 6.564771967416813 112.99619991721573 5344.0322093228815 -5224.200320683933 -48.78477983499022 7473.508493315442 4.602858441406529e-08 268.25393542706206 3.307835357029313
1168.0 -4986.073352588764 -4090.6889472957546 732.061414148453 -140.6337606970896 6.518357443583137 112.94349448510725 5343.412580368064 -5224.747673421627 -48.846256544228595 7473.448481908387 4.6427120223103404e-08 267.61677669068973 3.279817930216076
1169.0 -4983.09893177179 -4095.160156864236 726.8640035517145 -140.58629506057602 6.47193761436973 112.89075415693073 5342.796364936286 -5225.289943709298 -48.907964368063745 7473.387450278792 4.6829842498942043e-08 266.9824000118464 3.2519872685521762
1170.0 -4980.117966082069 -4099.625767671978 721.6656177575566 -140.5388388310061 6.425512525168161 112.83797872332414 5342.183555611838 -5225.827126370582 -48.96990568451247 7473.325387551576 4.723680866146986e-08 266.35075419466114 3.2243423961704094
1171.0 -4977.130459408307 -4104.085773483977 716.4662651227382 -140.49139194580061 6.379082221417012 112.78516797237099 5341.574144869307 -5226.359216106947 -49.032082896860175 7473.262282703284 4.764807641060898e-08 265.72178784731625 3.196882334306039
1172.0 -4974.136415654279 -4108.540168067305 711.2659540138586 -140.44395434246312 6.332646748602896 112.73232168957614 5340.968125073161 -5226.886207497307 -49.09449843400523 7473.198124561504 4.806370372983179e-08 265.09544938002193 3.1696061012794345
1173.0 -4971.135838738911 -4112.988945191051 706.0646928074538 -140.3965259585808 6.286206152261443 112.6794396578354 5340.365488477289 -5227.4080949975905 -49.15715475080867 7473.1329018042225 4.8483748889785365e-08 264.4716870028758 3.142512712474992
1174.0 -4968.128732596368 -4117.432098626269 700.8624898900914 -140.3491067318254 6.239760477978555 112.62652165741461 5339.766227224562 -5227.92487294034 -49.22005432845003 7473.066602959216 4.890827045189929e-08 263.8504487237989 3.115601180324592
1175.0 -4965.115101176136 -4121.869622145921 695.6593536584686 -140.30169659995406 6.193309771391333 112.57356746591768 5339.170333346365 -5228.436535534278 -49.283199674781144 7472.999216403398 4.933732727214075e-08 263.2316823462988 3.0888705142849116
1176.0 -4962.094948443108 -4126.301509524816 690.4552925195084 -140.25429550081003 6.146854078189218 112.52057685826102 5338.577798762137 -5228.943076863891 -49.34659332467368 7472.930730362188 4.977097850477979e-08 262.61533546726946 3.062319720817618
1177.0 -4959.0682783776765 -4130.727754539556 685.2503148904569 -140.2069033723237 6.100393444115028 112.46754960664595 5337.9886152788895 -5229.444490888992 -49.41023784037628 7472.861132908848 5.02092836062331e-08 262.00135547472473 3.035947803368015
1178.0 -4956.035094975817 -4135.148350968484 680.0444291989826 -140.15952015251335 6.053927914966116 112.41448548053391 5337.4027745907315 -5229.940771444287 -49.474135811873055 7472.790411963822 5.06523023389455e-08 261.38968954552365 3.00975376234469
1179.0 -4952.995402249182 -4139.563292591622 674.8376438832734 -140.11214577948607 6.007457536595376 112.3613842466129 5336.820268278366 -5230.43191223893 -49.53828985724459 7472.718555294059 5.110009477540943e-08 260.7802846429491 2.9837365950942307
1180.0 -4949.949204225181 -4143.9725731906165 669.6299673921365 -140.0647801914385 5.96098235491237 112.30824566877611 5336.2410878086 -5230.917906856079 -49.602702623013045 7472.645550512335 5.1552721302146114e-08 260.17308751438617 2.9578952958815763
1181.0 -4946.8965049470835 -4148.376186548684 664.4214081850978 -140.01742332665802 5.914502415884501 112.25506950808177 5335.6652245338355 -5231.398748752442 -49.66737678452864 7472.571385076557 5.2010242623912106e-08 259.5680446887392 2.9322288558606138
1182.0 -4943.837308474098 -4152.774126450555 659.2119747325014 -139.97007512352312 5.868017765537966 112.20185552273831 5335.092669691543 -5231.874431257818 -49.73231504630121 7472.4960462890585 5.2472719767757105e-08 258.9651024740931 2.9067362630566134
1183.0 -4940.771618881475 -4157.1663866824165 654.0016755156108 -139.9227355205048 5.821528449958986 112.14860346805933 5334.523414403748 -5232.344947574639 -49.79752014239102 7472.419521295897 5.29402140874082e-08 258.3642069549858 2.881416502333545
1184.0 -4937.699440260591 -4161.552961031855 648.7905190267095 -139.87540445616705 5.7750345152948315 112.09531309645064 5333.957449676488 -5232.810290777493 -49.862994836752534 7472.34179708612 5.341278726744616e-08 257.76530398999597 2.8562685553762384
1185.0 -4934.620776719048 -4165.933843287808 643.5785137692023 -139.8280818691681 5.728536007755023 112.0419841573633 5333.394766399276 -5233.27045381265 -49.92874192362598 7472.262860491039 5.389050132784805e-08 257.16833920890116 2.8312914006558128
1186.0 -4931.535632380765 -4170.309027240497 638.3656682577177 -139.78076769826095 5.682032973612355 111.9886163972707 5332.835355344532 -5233.72542949758 -49.99476422787279 7472.182698183475 5.437341864440185e-08 256.5732581598128 2.806484013893138
1187.0 -4928.444011386074 -4174.678506681379 633.1519910182108 -139.73346188229453 5.6355254592040716 111.93520955964038 5332.279207165293 -5234.175210518751 -50.06106460536404 7472.1012966745675 5.486160482484035e-08 255.98003316848133 2.7818454554142518
1188.0 -4925.34591789182 -4179.042275403089 627.9374905880728 -139.68616436021455 5.589013510933047 111.88176338489924 5331.7263123838375 -5234.61978942054 -50.12764594324727 7472.018642297883 5.5355132053928044e-08 255.38869458296682 2.757374971768092
1189.0 -4922.241356071468 -4183.400327199358 622.722175516251 -139.6388750710646 5.542497175269089 111.8282776103979 5331.176661384334 -5235.059158598059 -50.19451116032468 7471.934721199125 5.5854073717409045e-08 254.7992804369895 2.7330718319594407
1190.0 -4919.130330115208 -4187.752655864956 617.5060543633726 -139.59159395398726 5.495976498750153 111.77475197038346 5330.630244411854 -5235.493310296249 -50.26166320748854 7471.84951933479 5.635850360418359e-08 254.21182893962373 2.708935302999099
1191.0 -4916.012844230075 -4192.0992551956115 612.2891357018684 -139.5443209482251 5.449451527983728 111.72118619596783 5330.087051571707 -5235.922236609271 -50.32910506815779 7471.763022471254 5.68684959117498e-08 253.62637847780815 2.6849646498908926
1192.0 -4912.888902640048 -4196.440118987941 607.0714281160979 -139.4970559931219 5.402922309648189 111.66758001508937 5329.547072828763 -5236.34592947991 -50.39683975872356 7471.675216183859 5.738412525179951e-08 253.04296761883398 2.6611591356153994
1193.0 -4909.758509586173 -4200.775241039383 601.8529402024744 -139.4497990281236 5.356388890493966 111.61393315248739 5329.010298006753 -5236.76438069895 -50.464870328992106 7471.5860858559745 5.7905466655783136e-08 252.461635113025 2.637518021119131
1194.0 -4906.62166932667 -4205.10461514812 596.6336805695913 -139.40254999277963 5.309851317345073 111.5602453296571 5328.476716787571 -5237.177581904544 -50.533199862636195 7471.495616678038 5.843259558075553e-08 251.88241989625786 2.614040565294725
1195.0 -4903.478386137046 -4209.428235113009 591.4136578383492 -139.35530882674388 5.263309637100286 111.50651626482559 5327.94631871055 -5237.585524581591 -50.60183147764832 7471.4037936466 5.896558791511412e-08 251.30536109276383 2.5907260249701274
1196.0 -4900.328664310217 -4213.746094733518 586.1928806420829 -139.30807546977576 5.216763896734504 111.45274567291246 5327.419093171746 -5237.9882000610905 -50.670768326771395 7471.31060156335 5.950451998458044e-08 250.73049801781866 2.5675736548906762
1197.0 -4897.1725081566165 -4218.058187809645 580.9713576266894 -139.26084986174152 5.170214143300185 111.39893326549425 5326.89502942318 -5238.385599519493 -50.740013597970915 7471.21602503411 6.004946855824483e-08 250.15787018052913 2.544582707702538
1198.0 -4894.009922004319 -4222.364508141848 575.7490974507575 -139.2136319426153 5.123660423928566 111.34507875076932 5326.374116572108 -5238.7777139780355 -50.809570514890254 7471.120048467842 6.060051085470606e-08 249.58751728667988 2.52175243393599
1199.0 -4890.8409101991565 -4226.665049530982 570.526108785697 -139.16642165248024 5.077102785831156 111.29118183352188 5325.856343580234 -5239.1645343020855 -50.879442337295245 7471.022656075616 6.115772454831999e-08 249.0194792416303 2.4990820819880155
1200.0 -4887.6654771048325 -4230.95980577822 565.3024003158688 -139.11921893152964 5.030541276300926 111.23724221508455 5325.341699262948 -5239.5460512004565 -50.9496323615424 7470.923831869581 6.172118777556719e-08 248.4537961532519 2.4765708981038874
1201.0 -4884.483627103051 -4235.248770684982 560.0779807387162 -139.07202372006816 4.98397594271388 111.18325959330006 5324.830172288523 -5239.92225522473 -51.02014392103433 7470.823559661904 6.229097914153512e-08 247.8905083349177 2.454218126358051
1202.0 -4881.295364593634 -4239.531938052875 554.8528587648968 -139.02483595851294 4.9374068325302005 111.12923366249167 5324.321751177324 -5240.293136768555 -51.09098038669197 7470.721823063716 6.286717772641373e-08 247.32965630864163 2.43202300863822
1203.0 -4878.100693994643 -4243.8093016836065 549.6270431184149 -138.97765558739488 4.890833993295837 111.07516411340917 5323.816424300982 -5240.658686066949 -51.162145167413314 7470.618605484018 6.344986309235883e-08 246.77128080802603 2.4099847846190183
1204.0 -4874.899619742507 -4248.080855378924 544.4005425367546 -138.93048254735965 4.844257472643748 111.02105063320778 5323.314179881567 -5241.018893195582 -51.23364171053919 7470.5138901285845 6.403911529011669e-08 246.21542278161252 2.388102691748752
1205.0 -4871.692146292138 -4252.346592940542 539.1733657710142 -138.883316779169 4.797677318295323 110.96689290539793 5322.815005990637 -5241.373748069956 -51.30547350233212 7470.407659998703 6.463501518551443e-08 245.662122211047 2.3663759690255666
1206.0 -4868.478278117071 -4256.606508170068 533.9455215860423 -138.83615822370194 4.75109357806187 110.91269060980972 5322.318890544306 -5241.7232404406495 -51.37764406840569 7470.299897884315 6.523764872811725e-08 245.1114023061865 2.3448039076958915
1207.0 -4865.258019709588 -4260.860594868927 528.7170187605831 -138.78900682195604 4.7045062998459795 110.85844342255022 5321.825821292607 -5242.067359882961 -51.45015697414158 7470.190586349167 6.584710582866352e-08 244.56327369917875 2.32338583778568
1208.0 -4862.031375580855 -4265.108846838276 523.4878660874268 -138.74186251504875 4.657915531643151 110.80415101596766 5321.335785816138 -5242.406095793704 -51.52301582519084 7470.07970772616 6.646347703927542e-08 244.01774678924426 2.302121088483983
1209.0 -4858.798350261069 -4269.3512578789205 518.2580723735653 -138.69472524421877 4.61132132154331 110.74981305860612 5320.848771525063 -5242.739437390339 -51.596224268008314 7469.967244116032 6.708685347941289e-08 243.47483204846884 2.281008987147637
1210.0 -4855.558948299592 -4273.58782179123 513.0276464403444 -138.64759495082743 4.564723717732455 110.69542921516893 5320.364765658136 -5243.067373710125 -51.66978599038953 7469.853177386048 6.771732684398016e-08 242.93454002310796 2.260048859286274
1211.0 -4852.313174265095 -4277.8185323750595 507.7965971236206 -138.6004715763601 4.518122768494047 110.64099914647225 5319.883755281707 -5243.389893609256 -51.74370472201463 7469.737489168695 6.835498941167964e-08 242.39688133481962 2.2392400285431884
1212.0 -4849.061032745702 -4282.043383429656 502.56493327391667 -138.55335506242747 4.471518522210876 110.5865225094008 5319.4057272887 -5243.70698576198 -51.817984234972585 7469.620160860322 6.8999934053483e-08 241.8618666819459 2.2185818166767084
1213.0 -4845.802528349135 -4286.262368753587 497.332663756579 -138.5062453507672 4.424911027366393 110.53199895687477 5318.930668397594 -5244.018638659716 -51.89262834433333 7469.501173619793 6.965225424110876e-08 241.32950684093274 2.198073543545478
1214.0 -4842.53766570286 -4290.475482144642 492.0997974519358 -138.45914238324505 4.378300332546418 110.47742813779583 5318.458565151368 -5244.324840610152 -51.96764090866952 7469.380508367093 7.031204405589228e-08 240.79981266756957 2.1777145270853366
1215.0 -4839.266449454233 -4294.682717399759 486.86634325545594 -138.41204610185642 4.331686486440733 110.42280969700462 5317.989403916439 -5244.625579736333 -52.043025830617864 7469.258145781935 7.097939819766572e-08 240.27279509837348 2.157504083290322
1216.0 -4835.988884270651 -4298.884068314939 481.63231007790927 -138.36495644872787 4.28506953784473 110.36814327524236 5317.5231708815845 -5244.920843975738 -52.11878705743584 7469.134066302334 7.165441199373744e-08 239.74846515203834 2.137441526194667
1217.0 -4832.704974839701 -4303.079528685159 476.3977068455275 -138.3178733661184 4.238449535660942 110.3134285091008 5317.05985205684 -5245.21062107934 -52.194928581545526 7469.008250123161 7.233718140816128e-08 239.22683393080212 2.1175261678501123
1218.0 -4829.414725869313 -4307.269092304291 471.1625425001666 -138.2707967964209 4.191826528900774 110.2586650309735 5316.599433272382 -5245.494898610655 -52.271454441098626 7468.8806771946765 7.302780305114881e-08 238.70791262185668 2.097757318303319
1219.0 -4826.118142087908 -4311.452752965017 465.9268259994692 -138.22372668216389 4.145200566686101 110.2038524690157 5316.141900177397 -5245.773663944775 -52.34836872054757 7468.751327221039 7.372637418852942e-08 238.19171249886958 2.078134285575979
1220.0 -4822.815228244561 -4315.630504458741 460.69056631702955 -138.1766629660126 4.098571698250846 110.14899044709269 5315.687238238925 -5246.046904267396 -52.42567555119058 7468.620179658803 7.443299275151405e-08 237.678244923427 2.0586563756403065
1221.0 -4819.5059891091505 -4319.802340575514 455.4537724425581 -138.12960559077067 4.051939972942736 110.09407858473907 5315.235432740694 -5246.3146065738165 -52.50337911175143 7468.487213715377 7.514775734648266e-08 237.16752134661007 2.0393228923979545
1222.0 -4816.1904294725155 -4323.968255103941 450.2164533820481 -138.08255449938162 4.005305440224973 110.03911649709777 5314.786468781915 -5246.576757667948 -52.58148362894855 7468.352408347471 7.587076726519909e-08 236.6595533104138 2.020133137651313
1223.0 -4812.868554146618 -4328.128241831102 444.97861815794255 -138.03550963493035 3.9586681496777927 109.98410379488504 5314.3403312760765 -5246.833344161259 -52.65999337807136 7468.215742259494 7.660212255083282e-08 236.1543521646379 2.0010864110887407
1224.0 -4809.540367964707 -4332.282294542463 439.7402758093038 -137.98847094064467 3.9120281510002 109.92904008433386 5313.897004946686 -5247.084352468778 -52.73891268352486 7468.07719389771 7.734192870776192e-08 235.6519051584565 1.9821820106963601
1225.0 -4806.205875781474 -4336.4304070217895 434.50143539199263 -137.94143835989678 3.8653854940118237 109.87392496714683 5313.456474310596 -5247.329768792794 -52.81824591928711 7467.936741426925 7.809030030179187e-08 235.15215717790005 1.9634192330688305
1226.0 -4802.865082473245 -4340.572573051037 429.2621059788625 -137.89441183620525 3.8187402286547454 109.81875804044324 5313.018723668518 -5247.569579113671 -52.897997509507434 7467.794362717281 7.884735353891282e-08 234.65504856156738 1.9447973726857186
1227.0 -4799.517992938154 -4344.708786410247 424.0222966599582 -137.84739131323667 3.7720924049954507 109.76353889670776 5312.583737103318 -5247.803769188324 -52.97817192915414 7467.650035341961 7.961320544341987e-08 234.1605193397877 1.9263157218057303
1228.0 -4796.164612096332 -4348.8390408774485 418.7820165427154 -137.80037673480737 3.725442073226837 109.70826712374739 5312.1514984785745 -5248.032324548992 -53.05877370471467 7467.503736575316 8.038797387018786e-08 233.66850923007746 1.9079735704411953
1229.0 -4792.804944890089 -4352.963330228542 413.5412747521616 -137.7533680448855 3.6787892836700924 109.65294230462634 5311.721991437138 -5248.255230501987 -53.1398074148683 7467.355443390951 8.11717775174645e-08 233.17895763231013 1.8897702063245836
1230.0 -4789.438996284104 -4357.081648237202 408.30008043111883 -137.7063651875925 3.6321340867767216 109.59756401762203 5311.295199399636 -5248.47247212642 -53.22127769117611 7467.205132459769 8.196473593958485e-08 232.69180362398637 1.8717049148815403
1231.0 -4786.066771265613 -4361.193988674766 403.0584427404071 -137.65936810720527 3.585476533130584 109.54213183616801 5310.871105562981 -5248.684034272909 -53.303189218767955 7467.052780148001 8.276696956008886e-08 232.20698595529356 1.8537769791989
1232.0 -4782.688274844598 -4365.300345310129 397.8163708590497 -137.61237674815783 3.538816673449829 109.48664532880397 5310.449692898836 -5248.889901562273 -53.38554673703908 7466.898362515199 8.357859968495854e-08 231.72444304413463 1.835985679994451
1233.0 -4779.303512053984 -4369.400711909642 392.5738739844795 -137.56539105504325 3.492154558588931 109.43110405910807 5310.030944152061 -5249.090058384209 -53.4683550403488 7466.741855312202 8.439974851634333e-08 231.2441129709063 1.8183302955803369
1234.0 -4775.912487949834 -4373.495082237003 387.3309613327473 -137.51841097261553 3.4454902395406712 109.37550758566329 5309.614841839137 -5249.284488895945 -53.55161897872256 7466.583233979064 8.523053916601531e-08 230.76593347347534 1.800810101836728
1235.0 -4772.51520761154 -4377.583450053146 382.0876421387303 -137.47143644579145 3.3988237674382593 109.31985546197696 5309.201368246563 -5249.47317702087 -53.63534345855919 7466.422473642962 8.607109566975196e-08 230.28984194164823 1.7834243721698444
1236.0 -4769.111676142028 -4381.665809116145 376.8439256563439 -137.42446741965261 3.3521551935572935 109.26414723643829 5308.790505429217 -5249.656106447152 -53.719533443341646 7466.259549116053 8.692154300139719e-08 229.8157754118685 1.7661723774814253
1237.0 -4765.701898667955 -4385.742153181098 371.59982115875346 -137.37750383944723 3.3054845693178576 109.20838245225866 5308.382235208712 -5249.833260626331 -53.80419395435203 7466.094434893321 8.77820070874206e-08 229.34367056165945 1.7490533861319564
1238.0 -4762.285880339914 -4389.812476000023 366.35533793858775 -137.3305456505921 3.258811946286607 109.15256064740836 5307.976539171703 -5250.004622771898 -53.88933007138502 7465.927105150375 8.865261482178243e-08 228.87346370393217 1.7320666639021256
1239.0 -4758.863626332638 -4393.876771321756 361.1104853081548 -137.2835927986746 3.2121373761788337 109.0966813545631 5307.573398668179 -5250.170175857836 -53.97494693348699 7465.757533741212 8.95334940809024e-08 228.40509078126664 1.7152114739565212
1240.0 -4755.4351418452015 -4397.935032891835 355.86527259965817 -137.2366452294547 3.165460910860544 109.04074410103419 5307.17279480973 -5250.329902617167 -54.061049739665634 7465.5856941959655 9.042477373914145e-08 227.93848735994544 1.6984870768016134
1241.0 -4752.000432101239 -4401.987254452401 350.6197091654157 -137.1897028888668 3.118782602350611 108.9847484087235 5306.774708467718 -5250.4837855404 -54.14764374963241 7465.411559718521 9.132658384541773e-08 227.47358903655515 1.6818927309327836
1242.0 -4748.559502349151 -4406.033429742089 345.3738043780815 -137.14276572302194 3.072102502822885 108.92869379404362 5306.379120261634 -5250.631806864264 -54.2347342844449 7465.235103170309 9.223907131348823e-08 227.0103715227781 1.6654277591142583
1243.0 -4745.112357862339 -4410.073552495882 340.1275676309015 -137.09583367821 3.0254206646086437 108.87257976787247 5305.98601050465 -5250.7739485181 -54.32232672682596 7465.05629699391 9.316241318594521e-08 226.54888452513703 1.6490916044025792
1244.0 -4741.659003939477 -4414.10761644496 334.8810083380166 -137.04890670090253 2.9787371401994074 108.81640583547869 5305.595359172602 -5250.9101920933945 -54.410426521876786 7464.875113169573 9.409679095010642e-08 226.08918600139725 1.6328837213446312
1245.0 -4738.199445904785 -4418.135615316505 329.63413593477986 -137.00198473775558 2.9320519822500404 108.76017149646668 5305.207145900498 -5251.040518840559 -54.49903917812992 7464.691523210479 9.504238748519913e-08 225.63133430318982 1.6168035629472346
1246.0 -4734.733689108312 -4422.157542833538 324.3869598780752 -136.95506773561257 2.8853652435816213 108.70387624470465 5304.821349980082 -5251.164909666765 -54.588170268593956 7464.505498159496 9.599938708475555e-08 225.1753881826636 1.6008505806515871
1247.0 -4731.261738926222 -4426.173392714725 319.13948964663905 -136.90815564150736 2.8386769771845275 108.64751956826431 5304.437950357359 -5251.283345133735 -54.677825431834464 7464.317008585868 9.696797547921302e-08 224.72140679937257 1.5850242243105717
1248.0 -4727.783600761082 -4430.183158674208 313.89173474138386 -136.86124840266706 2.7919872362214773 108.59110094935342 5304.056925630077 -5251.395805455513 -54.76801037304253 7464.126024581871 9.794833985904105e-08 224.26944972724417 1.5693239421634617
1249.0 -4724.299280042145 -4434.186834421425 308.6437046857242 -136.81434596651505 2.7452960740305192 108.53461986424769 5303.678254045171 -5251.5022704962075 -54.85873086511211 7463.932515759409 9.894066889829055e-08 223.81957696169056 1.5537491808099952
1250.0 -4720.808782225655 -4438.184413660926 303.3954090259049 -136.76744828067396 2.6986035441282454 108.47807578322059 5303.301913496157 -5251.602719767678 -54.94999274972875 7463.736451246551 9.994515277860598e-08 223.37184892684812 1.5382993851832945
1251.0 -4717.312112795131 -4442.175890092195 298.14685733133217 -136.72055529296867 2.6519097002127694 108.4214681704783 5302.927881520483 -5251.697132427209 -55.04180193846079 7463.537799684016 1.0096198321357485e-07 222.92632648300983 1.5229739985236734
1252.0 -4713.809277261675 -4446.161257409475 292.8980591949065 -136.67366695142942 2.605214596166845 108.36479648408148 5302.556135296839 -5251.785487275139 -55.13416441386309 7463.3365292216 1.0199135347375156e-07 222.48307093410605 1.5077724623482702
1253.0 -4710.300281164271 -4450.140509301578 287.6490242333584 -136.6267832042949 2.5585182860611235 108.30806017587747 5302.1866516424125 -5251.867762752448 -55.22708623058554 7463.132607514548 1.0303345841194387e-07 222.04214403542605 1.4926942164229886
1254.0 -4706.785130070095 -4454.113639451719 282.39976208758657 -136.57990400001503 2.5118208241571796 108.25125869142934 5301.819407010107 -5251.943936938323 -55.32057351647467 7462.926001719862 1.0408849448901129e-07 221.60360800147205 1.47773869873292
1255.0 -4703.263829574821 -4458.080641537315 277.1502824229987 -136.53302928725464 2.4651222649108036 108.19439146993687 5301.454377485708 -5252.01398754767 -55.414632473715244 7462.716678492555 1.0515665980027695e-07 221.16752551391548 1.4629053454500505
1256.0 -4699.736385302932 -4462.04150922982 271.90059492985495 -136.48615901489606 2.4184226629750887 108.13745794416025 5301.091538784996 -5252.0778919285995 -55.509269379940235 7462.504603981838 1.0623815410236984e-07 220.73395972974058 1.4481935909010861
1257.0 -4696.202802908044 -4465.996236194539 266.6507093236136 -136.43929313204262 2.371722073203785 108.08045754035338 5300.730866250829 -5252.135627059865 -55.60449058938002 7462.2897438272585 1.0733317884036546e-07 220.3029742896313 1.4336028675371104
1258.0 -4692.663088073214 -4469.944816090442 261.4006353452799 -136.3924315880218 2.3250205506544273 108.02338967817268 5300.372334850148 -5252.187169548273 -55.70030253400054 7462.0720631547565 1.0844193717588876e-07 219.87463332634374 1.4191326058962113
1259.0 -4689.117246511273 -4473.887242569985 256.1503827617572 -136.34557433238828 2.278318150591785 107.9662537706063 5300.01591917103 -5252.232495626111 -55.796711724649896 7461.851526572778 1.0956463379407877e-07 219.4489978548263 1.4047822168919684
1260.0 -4685.565283965153 -4477.823509278928 250.89996136620016 -136.29872131492746 2.231614928490875 107.9090492238969 5299.661593422776 -5252.271581151623 -55.89372475225636 7461.628098172682 1.107014717072375e-07 219.02607303336166 1.390550834076707
1261.0 -4682.007206208196 -4481.753609856156 245.64938097836426 -136.25187248565842 2.184910940040484 107.8517754374468 5299.309331440755 -5252.3044016141885 -55.99134828905608 7461.401741535839 1.1185265298043132e-07 218.60581955333436 1.3764373692031167
1262.0 -4678.443019044502 -4485.677537933502 240.3986514449529 -136.20502779483732 2.138206241146256 107.79443180374984 5298.959106685404 -5252.330932133746 -56.089589089734716 7461.172419732529 1.130183813906459e-07 218.18819665218547 1.3624407222866022
1263.0 -4674.872728309238 -4489.595287135583 235.14778263996647 -136.15818719296044 2.0915008879339743 107.7370177083053 5298.610892239136 -5252.351147458123 -56.18845399258126 7460.940095317878 1.1419886253024905e-07 217.77316331383489 1.3485597873847968
1264.0 -4671.29633986898 -4493.506851079612 229.89678446505457 -136.1113506307676 2.0447949367528104 107.67953252952302 5298.2646608031755 -5252.365021960345 -56.28794992062515 7460.704730327729 1.1539430383751144e-07 217.3606782640946 1.3347934524864273
1265.0 -4667.713859622046 -4497.4122233752305 224.64566684987068 -136.06451805924522 1.9980884441786575 107.6219756386485 5297.9203846943465 -5252.372529635859 -56.38808388279557 7460.466286274422 1.1660491462726994e-07 216.9506999661367 1.3211405994027994
1266.0 -4664.125293498837 -4501.31139762433 219.39443975242986 -136.01768942963002 1.9513814670174554 107.56434639967577 5297.578035841796 -5252.373644099743 -56.48886297509601 7460.224724142514 1.1783090612239894e-07 216.5431866157795 1.3076001036539764
1267.0 -4660.530647462171 -4505.204367420882 214.1431131594696 -135.97086469341187 1.9046740623084537 107.50664416924465 5297.237585783676 -5252.368338583872 -56.59029438174656 7459.980004384448 1.1907249148619289e-07 216.13809613656875 1.2941708343489875
1268.0 -4656.929927507644 -4509.0911263507505 208.89169708681308 -135.92404380233745 1.8579662873277132 107.44886829656846 5296.899005663758 -5252.3565859340215 -56.69238537639225 7459.732086916116 1.2032988585468745e-07 215.73538617497954 1.280851654070825
1269.0 -4653.323139663967 -4512.971667991525 203.64020157973604 -135.87722670841373 1.8112581995913657 107.39101812333995 5296.562266228009 -5252.338358606945 -56.79514332327561 7459.480931112392 1.2160330637003537e-07 215.33501409536197 1.267641418753771
1270.0 -4649.710289993324 -4516.845985912337 198.3886367133364 -135.8304133639111 1.7645498568590978 107.33309298362792 5296.227337821095 -5252.313628667392 -56.898575678440835 7459.226495802563 1.2289297221470334e-07 214.93693697472358 1.2545389775561615
1271.0 -4646.091384578937 -4520.714073687367 193.13701257433203 -135.7836037212016 1.7178413169724844 107.27509220360734 5295.894247301509 -5252.282424235942 -57.00269053978751 7458.968819432601 1.2419910465007989e-07 214.5411115962782 1.2415431726935506
1272.0 -4642.466429483876 -4524.575924939889 187.885339201275 -135.73679773222597 1.671132637323084 107.21701510097562 5295.56302807913 -5252.2447799541105 -57.107495908767945 7458.707949705685 1.2552192706317985e-07 214.1474944408176 1.2286528392021239
1273.0 -4638.835430789049 -4528.431533301548 182.63362663974493 -135.68999534898614 1.6244238753437117 107.15886098565278 5295.233651488936 -5252.200668914251 -57.21299913921543 7458.443846921062 1.2686166498502683e-07 213.75604168672086 1.2158668049863717
1274.0 -4635.198394608937 -4532.280892395704 177.38188496507664 -135.6431965237479 1.577715088710574 107.10062915996483 5294.906087818653 -5252.15006317683 -57.31920766968939 7458.176469923147 1.2821854612057203e-07 213.36670920618346 1.2031838907418748
1275.0 -4631.555327091943 -4536.123995837252 172.13012428271816 -135.5964012090442 1.5310063353465135 107.04231891853988 5294.580306965192 -5252.092934421934 -57.426129031725324 7457.905777026416 1.295928003856358e-07 212.97945255935952 1.1906029098101987
1276.0 -4627.906234420749 -4539.960837232467 166.87835472859194 -135.54960935767852 1.4842976734245539 106.98392954822397 5294.256278431345 -5252.02925394652 -57.53377085099571 7457.631726011153 1.309846601415046e-07 212.59422723908511 1.1781226717842113
1277.0 -4624.2511228126705 -4543.79141017883 161.6265864694619 -135.5028209227284 1.4375891613711007 106.9254603279806 5293.9339713094805 -5251.958992648778 -57.64214084835463 7457.3542741008705 1.323943789487306e-07 212.2110124151686 1.1657423377173348
1278.0 -4620.589998520053 -4547.615708264825 156.37482970334455 -135.4560358575492 1.3908808578698462 106.8669105287937 5293.613354208939 -5251.88212095664 -57.75124684041624 7457.073377860436 1.3382224721575019e-07 211.8298307372909 1.153461716359811
1279.0 -4616.922867830706 -4551.433725069704 151.1230946599846 -135.40925411577857 1.3441728218660631 106.80827941357578 5293.29439521411 -5251.798608786738 -57.86109674068243 7456.788993137427 1.3526856179749067e-07 211.45070969898057 1.1412806860148828
1280.0 -4613.249737068359 -4555.245454163223 145.87139160134956 -135.362475651341 1.297465112571165 106.74956623705809 5292.977061878283 -5251.708425538827 -57.971698561110315 7456.50107505385 1.3673362243932416e-07 211.0736770669972 1.129199126087754
1281.0 -4609.570612593124 -4559.050889105391 140.6197308221285 -135.3157004184523 1.2507577894672697 106.69077024571024 5292.661321218831 -5251.611540091581 -58.08306041370807 7456.2095779998 1.382177318267429e-07 210.698760886489 1.1172169171004753
1282.0 -4605.885500801954 -4562.850023446208 135.36812265023502 -135.26892837162464 1.2040509123117498 106.63189067761598 5292.347139712299 -5251.507920798278 -58.19519051216331 7455.914455626939 1.3972119563705928e-07 210.32598948597774 1.105333940698059
1283.0 -4602.194408129118 -4566.642850725409 130.11657744731494 -135.22215946567104 1.1573445411419039 106.57292676238633 5292.0344832893825 -5251.397535482425 -58.30809717345591 7455.615660841886 1.4124432259113081e-07 209.95539148269415 1.0935500796625346
1284.0 -4598.497341046676 -4570.429364472207 124.86510560925831 -135.17539365571002 1.1106387362796282 106.51387772104894 5291.723317329823 -5251.280351433276 -58.42178881948919 7455.313145799458 1.4278742450665172e-07 209.58699578787576 1.0818652179224115
1285.0 -4594.794306064961 -4574.209558205031 119.61371756671626 -135.1286308971707 1.063933558336125 106.45474276594173 5291.413606657184 -5251.156335401285 -58.53627397875857 7455.006861895779 1.443508163523388e-07 209.22083161220775 1.0702792405632817
1286.0 -4591.085309733065 -4577.983425431263 114.36242378562238 -135.08187114579746 1.017229068216694 106.39552110060374 5291.105315533534 -5251.025453593453 -58.65156128798811 7454.696759761262 1.4593481630320549e-07 208.85692847136593 1.0587920338381593
1287.0 -4587.370358639329 -4581.750959646979 109.111234767719 -135.03511435765492 0.9705253271254538 106.33621191966468 5290.79840765402 -5250.8876716685945 -58.76765949382751 7454.382789253442 1.475397457969129e-07 208.4953161916725 1.0474034851778282
1288.0 -4583.649459411851 -4585.512154336689 103.86016105108828 -134.9883604891329 0.923822396570223 106.27681440873468 5290.492846141324 -5250.742954732514 -58.884577454524106 7454.064899449671 1.4916592959117405e-07 208.13602491587747 1.0361134832015033
1289.0 -4579.922618718983 -4589.267002973063 98.6092132106884 -134.9416094969515 0.8771203383674501 106.2173277442985 5290.18859354003 -5250.591267333081 -59.002324141635604 7453.743038639685 1.5081369582211744e-07 207.77908510909143 1.0249219177285487
1290.0 -4576.189843269846 -4593.015499016677 93.35840185889465 -134.89486133816604 0.830419214647012 106.15775109358337 5289.885611810863 -5250.432573455229 -59.12090864173604 7453.417154318006 1.524833760644829e-07 207.42452756468958 1.0138286797854916
1291.0 -4572.451139814846 -4596.757635915737 88.10773764604596 -134.84811597017224 0.7837190878572988 106.09808361445674 5289.583862324818 -5250.2668365158315 -59.240340158148214 7453.087193176205 1.5417530539212904e-07 207.07238341052772 1.0028336616189597
1292.0 -4568.706515146201 -4600.493407105824 82.85723126099643 -134.80137335071151 0.737020020770185 106.03832445530135 5289.283305857174 -5250.094019358505 -59.360628012691286 7452.753101095018 1.558898224403213e-07 206.72268411515608 0.9919367567045849
1293.0 -4564.955976098467 -4604.222806009609 77.60689343167238 -134.754633437876 0.6903220764861017 105.9784727548977 5288.983902581427 -5249.914084248328 -59.48178164742613 7452.414823136349 1.5762726942373176e-07 206.37546102207068 0.9811378539355142
1294.0 -4561.199529549075 -4607.9458260365955 72.35673492563403 -134.70789619011396 0.6436253184390885 105.91852764230201 5288.68561206606 -5249.726992869406 -59.60381062646488 7452.072303539292 1.5938798997366158e-07 206.03072212279898 0.9704365511400375
1295.0 -4557.437182418876 -4611.662460582856 67.10676655063443 -134.66116156623508 0.5969298104019248 105.8584882367154 5288.388393281297 -5249.532706332364 -59.72672463788384 7451.725485730234 1.6117232816214496e-07 205.68844119467704 0.9598320210662749
1296.0 -4553.66894167266 -4615.372703030762 61.856999155173135 -134.61442952541552 0.5502356164911689 105.79835364737035 5288.092204598999 -5249.331185175039 -59.850533495509666 7451.374312323303 1.6298063157204887e-07 205.34858913428724 0.949323397683661
1297.0 -4549.894814319718 -4619.076546748736 56.60744362905286 -134.56770002720347 0.5035428011721019 105.73812297339153 5287.797003786929 -5249.122389357619 -59.975247140688836 7451.018725112898 1.6481325162024926e-07 205.01113661679437 0.9389098088984967
1298.0 -4546.114807414373 -4622.773985090993 51.35811090394147 -134.52097303152416 0.4568514292639619 105.67779530367496 5287.502748002758 -5248.906278257532 -60.10087564403681 7450.658665065877 1.6667054362615667e-07 204.6760540912681 0.9285903764197271
1299.0 -4542.328928056539 -4626.465011397269 46.10901195393916 -134.47424849868548 0.41016156594500086 105.61736971674976 5287.2093937879745 -5248.682810664246 -60.22742920722918 7450.294072313592 1.685528668820847e-07 204.34331177580796 0.9183642156187718
1300.0 -4538.5371833922845 -4630.149618992576 40.86015779615094 -134.4275263893833 0.3634732767576715 105.5568452806515 5286.916897061672 -5248.45194477399 -60.35491816478369 7449.9248861438045 1.7046058472461464e-07 204.0128796526317 0.9082304353883475
1301.0 -4534.739580614394 -4633.827801186926 35.61155949126469 -134.38080666470685 0.3167866276138796 105.49622105278235 5286.625213114262 -5248.2136381843975 -60.48335298585904 7449.551044992479 1.7239406460774113e-07 203.68472746298667 0.8981881379959661
1302.0 -4530.936126962944 -4637.499551275076 30.36322814413465 -134.33408928614458 0.2701016848002651 105.43549607977774 5286.334296601051 -5247.967847889048 -60.61274427609327 7449.172486435417 1.7435367817722618e-07 203.35882470198922 0.8882364189353587
1303.0 -4527.126829725887 -4641.164862536258 25.115174904370555 -134.28737421558944 0.22341851498357018 105.37466939736659 5286.0441015357355 -5247.7145302719355 -60.7431027794192 7448.789147179776 1.763398013465914e-07 203.03514061331973 0.8783743667735644
1304.0 -4523.31169623963 -4644.82372823392 19.867410966932486 -134.24066141534473 0.17673718521592138 105.3137400302312 5285.754581283776 -5247.453641101838 -60.87443937992633 7448.400963055438 1.7835281437459108e-07 202.71364418380233 0.868601062994624
1305.0 -4519.490733889639 -4648.476141615448 14.619947572731537 -134.19395084812984 0.13005776294032528 105.25270699186055 5285.465688555666 -5247.1851355266035 -61.00676510371874 7448.007869006247 1.8039310194440528e-07 202.39430413783478 0.8589155818387829
1306.0 -4515.6639501110385 -4652.122095911909 9.372796009236307 -134.14724247708594 0.0833803159961474 105.19156928441922 5285.177375400084 -5246.908968067351 -61.14009112079645 7447.609799081097 1.8246105324384262e-07 202.07708893178045 0.8493169901406343
1307.0 -4511.831352389212 -4655.761584337776 4.1259676110854375 -134.10053626578198 0.036704912624605804 105.13032589858462 5284.889593196951 -5246.625092612563 -61.274428746953085 7447.206686424883 1.8455706204816914e-07 201.76196674807218 0.8398043471585894
1308.0 -4507.992948260432 -4659.394600090658 -1.1205262392938171 -134.0538321782204 -0.009968378525607936 105.06897581341227 5284.60229265035 -5246.333462412105 -61.40978944567695 7446.798463269305 1.8668152680359837e-07 201.4489054893374 0.830376704405062
1309.0 -4504.148745312475 -4663.021136351025 -6.366674111060835 -134.00713017884348 -0.05663948839271979 105.00751799617888 5284.3154237813515 -5246.034030071129 -61.54618483009467 7446.385060923519 1.888348507131652e-07 201.13787277227843 0.8210331054693171
1310.0 -4500.298751185256 -4666.64118628194 -11.61246452433004 -133.96043023253898 -0.10330834749618689 104.94595140223335 5284.028935915927 -5245.726747539159 -61.68362666483864 7445.96640975791 1.910174529670974e-07 200.82884049027467 0.811772646891881
1311.0 -4496.442973571492 -4670.25474302875 -16.857885949499618 -133.9137323046469 -0.14997488593061034 104.88427497484106 5283.7427776013155 -5245.411566028142 -61.82212686724997 7445.542439087045 1.932298224956577e-07 200.52180680978412 0.8025947720086473
1312.0 -4492.581420217452 -4673.861799718735 -22.10292680647079 -133.86703636096667 -0.19663903335875774 104.8224876450327 5283.456896497892 -5245.088435906216 -61.96169750861664 7445.113077018132 1.9547247736003633e-07 200.2167794763535 0.7934990477630491
1313.0 -4488.714098923752 -4677.462349460676 -27.347575463806123 -133.82034236776536 -0.2433007190040102 104.760588331447 5283.171239356725 -5244.757306676568 -62.10235081663808 7444.678250420247 1.9774594185702839e-07 199.91376638252004 0.7844850385579409
1314.0 -4484.841017546162 -4681.0563853444555 -32.59182023787652 -133.7736502917855 -0.2899598716426884 104.69857594016939 5282.885752009617 -5244.418126968726 -62.24409917804293 7444.237884911179 2.000507466064875e-07 199.61277555797207 0.7755523060168571
1315.0 -4480.96218399643 -4684.643900440643 -37.83564939199927 -133.72696010025348 -0.33661641959631367 104.63644936456927 5282.600379358946 -5244.070844529662 -62.3869551412447 7443.7919048440035 2.0238742867119408e-07 199.3138151720579 0.7667004089076933
1316.0 -4477.0776062431105 -4688.224887800073 -43.07905113556704 -133.68027176088768 -0.3832702907237854 104.57420748514178 5282.3150653673265 -5243.715406214753 -62.53093141901803 7443.340233293431 2.0475653167898019e-07 199.0168935363764 0.7579289030652404
1317.0 -4473.1872923124065 -4691.799340453429 -48.32201362316759 -133.63358524190696 -0.4299214124135677 104.5118491693374 5282.029753047068 -5243.351757978579 -62.67604089119703 7442.8827920418935 2.0715860594779152e-07 198.72201910736865 0.7492373413101338
1318.0 -4469.291250289018 -4695.367251410826 -53.564524953694104 -133.58690051203897 -0.47656971157557143 104.44937327138814 5281.744384449437 -5242.979844865539 -62.82229660739141 7442.419501565366 2.0959420861342878e-07 198.42920048895812 0.7406252733654832
1319.0 -4465.389488317014 -4698.928613661374 -58.806573169445876 -133.54021754052891 -0.5232151146332426 104.38677863214205 5281.458900653721 -5242.599611000302 -62.969711789741524 7441.950281018935 2.1206390375957256e-07 198.1384464352915 0.7320922457727019
1320.0 -4461.482014600703 -4702.483420172771 -64.04814625521927 -133.49353629714807 -0.5698575475153269 104.32406407888493 5281.173241756068 -5242.210999578087 -63.118299835682414 7441.475048222088 2.1456826255095667e-07 197.8497658534857 0.7236378018035633
1321.0 -4457.568837405522 -4706.031663890855 -69.28923213738877 -133.4468567522026 -0.6164969356476446 104.26122842515966 5280.887346858146 -5241.813952854768 -63.26807432074686 7440.993719643745 2.1710786336936806e-07 197.5631678064291 0.7152614813698925
1322.0 -4453.649965058932 -4709.573337739188 -74.52981868297793 -133.40017887654247 -0.6631332039448512 104.19827047058685 5280.601154055568 -5241.4084121367805 -63.41904900138011 7440.506210386995 2.196832919523855e-07 197.27866151565738 0.7069628209313181
1323.0 -4449.725405951337 -4713.108434618616 -79.76989369871987 -133.3535026415704 -0.709766276801929 104.1351890006842 5280.3146004261025 -5240.994317770869 -63.57123781779072 7440.012434173567 2.2229514153501552e-07 196.99625636429099 0.6987413534006441
1324.0 -4445.7951685370035 -4716.636947406832 -85.00944493010746 -133.30682801925104 -0.7563960780857134 104.07198278667417 5280.027622017677 -5240.571609133635 -63.72465489682695 7439.5123033280115 2.249440129947282e-07 196.71596189999002 0.6905966080454254
1325.0 -4441.859261334995 -4720.15886895794 -90.24846006043279 -133.26015498212 -0.8030225311263635 104.00865058529774 5279.740153836143 -5240.140224620893 -63.879314554866994 7439.005728761579 2.2763051499923123e-07 196.43778783800886 0.6825281103880412
1326.0 -4437.9176929301275 -4723.674192102014 -95.48692670981552 -133.21348350329347 -0.8496455587086325 103.94519113862424 5279.452129831367 -5239.700101635399 -64.03523130074323 7438.49261995377 2.303552678185778e-07 196.16174926384124 0.6745353813576433
1327.0 -4433.970471973938 -4727.182909644639 -100.72483243420989 -133.16681355647745 -0.8962650830629287 103.88160317384926 5279.163482860297 -5239.251176551756 -64.19241983842667 7437.972884901459 2.331189220788709e-07 195.88789305088105 0.6666179333977436
1328.0 -4430.017607185686 -4730.685014366447 -105.96216472436684 -133.12014511597786 -0.9428810258561471 103.81788540310033 5278.874144641049 -5238.793384672449 -64.35089506975442 7437.446430055403 2.359221453135923e-07 195.61627854007742 0.6587752731271427
1329.0 -4426.059107353402 -4734.180499022615 -111.19891100476715 -133.0734781567108 -0.9894933081820819 103.75403652323764 5278.584045734792 -5238.326660211524 -64.51067209759279 7436.913160295956 2.3876561391204424e-07 195.34696587971118 0.6510069028997912
1330.0 -4422.094981334929 -4737.669356342371 -116.435058632541 -133.02681265421282 -1.0361018505517692 103.6900552156461 5278.293115531707 -5237.850936282312 -64.67176622906867 7436.372978914526 2.416500132790462e-07 195.08001602158578 0.6433123206903523
1331.0 -4418.125238058991 -4741.151579028506 -121.67059489637519 -132.98014858465154 -1.082706572883773 103.62594014602945 5278.001282236665 -5237.366144884952 -64.83419297883691 7435.825787594688 2.445760380125989e-07 194.8154907380647 0.6356910199742464
1332.0 -4414.1498865262765 -4744.6271597568575 -126.90550701540779 -132.93348592483622 -1.1293073944942595 103.56168996419864 5277.708472854647 -5236.872216893673 -64.99796807239187 7435.271486392956 2.4754439208555107e-07 194.5534526394885 0.6281424896040596
1333.0 -4410.168935810531 -4748.096091175813 -132.13978213810947 -132.8868246522284 -1.1759042340870984 103.49730330385871 5277.414613175899 -5236.36908204386 -65.16310744938126 7434.709973719206 2.5055578903116505e-07 194.29396519200003 0.6206662136827622
1334.0 -4406.182395059674 -4751.558365905806 -137.37340734115207 -132.84016474495314 -1.2224970097436345 103.43277878239216 5277.1196277608 -5235.856668918857 -65.32962726699303 7434.141146316715 2.5361095213277413e-07 194.0370927357785 0.6132616714333704
1335.0 -4402.1902734969135 -4755.013976538787 -142.60636962826348 -132.7935061818098 -1.2690856389126157 103.36811500062838 5276.8234399244475 -5235.334904936574 -65.49754390333462 7433.564899241863 2.567106146181188e-07 193.78290050365302 0.6059283370638192
1336.0 -4398.192580421905 -4758.46291563773 -147.8386559290688 -132.74684894228324 -1.3156700383997666 103.30331054263527 5276.525971720974 -5234.803716335807 -65.66687396086466 7432.981125843448 2.5985551985675275e-07 193.53145464024954 0.5986656796310458
1337.0 -4394.189325211903 -4761.9051757360985 -153.07025309791797 -132.70019300655534 -1.3622501243573855 103.238363975479 5276.227143927549 -5234.263028162339 -65.83763426986555 7432.389717741616 2.6304642156317855e-07 193.282822221466 0.5914731628980066
1338.0 -4390.180517322936 -4765.340749337327 -158.3011479126987 -132.65353835551642 -1.4088258122737567 103.17327384899697 5275.926876028107 -5233.71276425478 -66.00984189193294 7431.790564806419 2.662840840036806e-07 193.03707127446876 0.5843502451886985
1339.0 -4386.166166290998 -4768.769628914294 -163.53132707363542 -132.6068849707767 -1.4553970169623796 103.10803869555707 5275.625086196755 -5233.152847230161 -66.18351412349841 7431.183555135978 2.69569282208257e-07 192.7942707981145 0.5772963792380212
1340.0 -4382.146281733266 -4772.191806908793 -168.76077720207357 -132.5602328346784 -1.501963652551206 103.04265702982885 5275.321691280895 -5232.58319846924 -66.35866849941135 7430.568575034236 2.7290280218649115e-07 192.55449078390737 0.5703110120391864
1341.0 -4378.12087334932 -4775.607275730997 -173.9894848392486 -132.51358193030754 -1.548525632471671 102.97712734853715 5275.016606783867 -5232.003738101437 -66.53532279652921 7429.945508988114 2.762854416333143e-07 192.31780157618851 0.5633935859484999
1342.0 -4374.089950922396 -4779.016027758912 -179.21743644503536 -132.46693224150613 -1.5950828694475212 102.9114481302091 5274.709746830196 -5231.414384972517 -66.71349503715112 7429.314239620163 2.7971803584176206e-07 192.0842388311596 0.556543605506203
1343.0 -4370.053524320684 -4782.41805533781 -184.4446183966335 -132.4202837528848 -1.6416352754831292 102.84561783493476 5274.4010240709495 -5230.815056552946 -66.8932034918966 7428.674647556931 2.832014711832666e-07 191.8537854530186 0.5497606718227859
1344.0 -4366.0116034987095 -4785.813350779596 -189.67101698717337 -132.3736364498366 -1.6881827618510794 102.77963490410967 5274.090349628999 -5230.2056688858975 -67.07446668334094 7428.026611353568 2.867366500282421e-07 191.62641982478374 0.5430443903110477
1345.0 -4361.964198498725 -4789.201906362179 -194.8966184242914 -132.32699031855046 -1.734725239079473 102.71349776017911 5273.777633077676 -5229.586136568442 -67.25730339014282 7427.370007465532 2.903244878678517e-07 191.40212009051794 0.536394362374202
1346.0 -4357.911319452145 -4792.583714328826 -200.1214088286872 -132.28034534602543 -1.7812626169390637 102.64720480638266 5273.462782420069 -5228.956372733409 -67.44173265125295 7426.704710221213 2.939659135835716e-07 191.1808641483541 0.5298101852846226
1347.0 -4353.85297658098 -4795.958766887522 -205.34537423266292 -132.23370152008468 -1.8277948044303445 102.58075442647896 5273.1457040679215 -5228.316289030921 -67.62777377013671 7426.030591794054 2.9766186972376534e-07 190.96262964326672 0.5232914520574186
1348.0 -4349.789180199308 -4799.327056210314 -210.56850057864312 -132.18705882939003 -1.87432170977025 102.51414498448844 5272.826302820129 -5227.665795609581 -67.81544631906621 7425.347522174137 3.014133127853539e-07 190.7473939597103 0.5168377513225194
1349.0 -4345.719940714765 -4802.688574432654 -215.79077371767585 -132.14041726345638 -1.9208432403789768 102.4473748244092 5272.504481840824 -5227.004801097308 -68.00477014343147 7424.65536913924 3.0522121350319775e-07 190.53513421396985 0.5104486671907098
1350.0 -4341.645268630046 -4806.043313652741 -221.01217940791454 -132.0937768126666 -1.9673593028663 102.38044226994884 5272.180142637046 -5226.333212581816 -68.19576536612055 7423.95399822534 3.090865571449778e-07 190.32582724635768 0.5041237791177191
1351.0 -4337.565174544454 -4809.391265930852 -226.23270331307964 -132.04713746828654 -2.0138698030180286 102.31334562423048 5271.853185035974 -5225.650935590714 -68.38845239192841 7423.243272696552 3.130103438140973e-07 190.11944961311605 0.49786266176220695
1352.0 -4333.479669155442 -4812.732423288672 -231.45233100090044 -132.00049922248002 -2.060374645782077 102.2460831695197 5271.523507161743 -5224.957874071258 -68.58285191200792 7422.5230535145165 3.169935887580833e-07 189.9159775781673 0.49166488484200316
1353.0 -4329.3887632602045 -4816.066777708614 -236.67104794153622 -131.95386206832458 -2.1068737352544513 102.17865316692603 5271.191005411798 -5224.253930369703 -68.77898490838962 7421.793199307197 3.2103732268534626e-07 189.71538710455806 0.48553001298406057
1354.0 -4325.292467757279 -4819.39432113313 -241.88883950597636 -131.9072259998269 -2.153366974665036 102.11105385610607 5270.855574432817 -5223.539005210284 -68.97687265852474 7421.053566337093 3.25142592088916e-07 189.51765384567767 0.47945760557060074
1355.0 -4321.190793648173 -4822.715045464027 -247.10569096441952 -131.8605910119387 -2.1998542663631353 102.04328345496197 5270.517107096162 -5222.812997673795 -69.17653673989076 7420.304008468855 3.2931045957769537e-07 189.3227531362226 0.47344721658072236
1356.0 -4317.083752039023 -4826.028942561773 -252.3215874846306 -131.8139571005729 -2.2463355118029003 101.97534015934623 5270.175494472801 -5222.075805175707 -69.37799903462869 7419.544377136185 3.3354200445232816e-07 189.13065982468453 0.4674983946227113
1357.0 -4312.971354142272 -4829.336004244784 -257.53651413027416 -131.76732426261987 -2.292810611528555 101.90722214273326 5269.830625800232 -5221.327323436422 -69.58128173415017 7418.774521297542 3.378383345184364e-07 188.94134062750146 0.4616106921464421
1358.0 -4308.853611278398 -4832.636222288709 -262.75045585920356 -131.72069249596436 -2.3392794651590885 101.83892755592548 5269.482388423785 -5220.567446426217 -69.78640734353723 7417.994287355815 3.422005917613457e-07 188.75475057524025 0.455783669626616
1359.0 -4304.730534877684 -4835.929588425683 -267.9633975217015 -131.67406179950262 -2.3857419713726955 101.7704545267226 5269.130667755018 -5219.796066327206 -69.99339868629295 7417.203519102134 3.4662993744461263e-07 188.57084316961908 0.45001688289250025
1360.0 -4300.60213648202 -4839.2160943435665 -273.1753238586904 -131.62743217316006 -2.4321980278908613 101.70180115959846 5268.775347243544 -5219.01307350868 -70.20227890935024 7416.402057678636 3.511275512083557e-07 188.38957122114425 0.44430988190295395
1361.0 -4296.468427746741 -4842.495731685184 -278.3862194999187 -131.58080361790897 -2.478647531462227 101.63296553537674 5268.416308348728 -5218.218356502386 -70.41307148814019 7415.589741541106 3.5569463146115734e-07 188.21088683053856 0.43866221056790144
1362.0 -4292.329420442483 -4845.768492047557 -283.59606896212176 -131.53417613578668 -2.5250903778462703 101.56394571088802 5268.0534305108495 -5217.411801977358 -70.62580023172302 7414.766406420914 3.603323957821288e-07 188.03474136961833 0.43307340656332693
1363.0 -4288.185126457072 -4849.034366981123 -288.8048566471577 -131.48754972991392 -2.5715264617967266 101.49473971864279 5267.686591121701 -5216.59329471426 -70.84048928795985 7413.931885286222 3.6504208133107683e-07 187.86108546169328 0.42754300114248284
1364.0 -4284.035557797452 -4852.293347988953 -294.0125668401174 -131.44092440451348 -2.617955677044777 101.42534556647507 5267.315665494645 -5215.762717579265 -71.0571631487447 7413.086008302473 3.698249452700355e-07 187.6898689613577 0.42207051893943837
1365.0 -4279.880726591627 -4855.545426525957 -299.21918370740747 -131.39430016492895 -2.664377916282033 101.35576123719919 5266.940526834092 -5214.919951497428 -71.275846655295 7412.228602792128 3.746822651935677e-07 187.52104093376528 0.4166554777682656
1366.0 -4275.720645090646 -4858.790593998087 -304.4246912948069 -131.3476770176442 -2.7107930711433355 101.28598468825018 5266.56104620439 -5214.06487542558 -71.49656500349593 7411.359493193644 3.796153395700759e-07 187.35454963329724 0.4112973884153006
1367.0 -4271.555325670623 -4862.028841761528 -309.629073525496 -131.3010549703026 -2.7572010321891307 101.21601385132828 5266.1770924981365 -5213.197366324701 -71.71934374930524 7410.478501019671 3.8462548819298175e-07 187.19034248165664 0.4059957544259152
1368.0 -4267.384780834768 -4865.260161121887 -314.8323141980578 -131.254434031727 -2.803601688887831 101.14584663202952 5265.788532403883 -5212.317299131786 -71.94420881420203 7409.585444814482 3.8971405264329256e-07 187.0283660453281 0.400750071884211
1369.0 -4263.2090232154815 -4868.484543333362 -320.03439698445055 -131.20781421193973 -2.849994929597708 101.07548090946966 5265.395230373226 -5211.424546731192 -72.17118649072273 7408.680140110586 3.948823967633461e-07 186.8685660124033 0.39555982918603455
1370.0 -4259.028065576453 -4871.701979597919 -325.23530542795146 -131.16119552218305 -2.8963806415486952 101.00491453591525 5264.997048587271 -5210.518979925432 -72.40030344801318 7407.762399384526 4.001319071410056e-07 186.7108871687842 0.39042450680610213
1371.0 -4254.841920814814 -4874.912461064447 -330.4350229410716 -131.11457797493975 -2.9427587108238673 100.93414533639141 5264.593846922729 -5209.600467405702 -72.63158673749103 7406.8320320122275 4.054639925053207e-07 186.55530121053235 0.3853436010732204
1372.0 -4250.650601963317 -4878.115978827915 -335.6335328034413 -131.06796158395437 -2.989129022340615 100.86317110830458 5264.185482920557 -5208.668875725005 -72.86506379857246 7405.8888442279695 4.1088007986166444e-07 186.40191722032978 0.38031671925930677
1373.0 -4246.454122192543 -4881.312523928515 -340.83081815967 -131.02134636425433 -3.035491459831686 100.79198962103291 5263.771811754369 -5207.724069271145 -73.1007624644655 7404.932639083138 4.163816186866546e-07 186.2508888149335 0.3753434992362593
1374.0 -4242.252494813146 -4884.502087350808 -346.0268620171766 -130.97473233217164 -3.0818459058258862 100.72059861553845 5263.3526861945165 -5206.7659102355055 -73.33871096796713 7403.963216398907 4.219700831131022e-07 186.10237235423733 0.37042357318140384
1375.0 -4238.0457332781425 -4887.684660022848 -351.2216472439881 -130.9281195053649 -3.1281922416285592 100.64899580395542 5262.9279565709985 -5205.794258580783 -73.57893794732075 7402.980372717376 4.276469724733603e-07 185.95652699788675 0.3655565673786206
1376.0 -4233.83385118522 -4890.860232815308 -356.41515656650586 -130.88150790284146 -3.1745303473017086 100.57717886917386 5262.497470735661 -5204.808972008101 -73.82147245211792 7401.983901251762 4.334138118553042e-07 185.8135147752869 0.36074210202360807
1377.0 -4229.616862279102 -4894.028796540591 -361.60737256723775 -130.83489754498032 -3.220860101643942 100.50514546443021 5262.061074023684 -5203.809905923501 -74.06634394929102 7400.973591835662 4.3927215267079584e-07 185.67350065750816 0.3559797910238525
1378.0 -4225.394780453947 -4897.190341951928 -366.7982776824981 -130.78828845355497 -3.2671813821699156 100.43289321287453 5261.618609214314 -5202.796913403812 -74.3135823291579 7399.949230871331 4.4522357323938697e-07 185.5366526310819 0.3512692417910728
1379.0 -4221.167619755772 -4900.344859742477 -371.9878542000716 -130.74168065175684 -3.313494065089717 100.36041970714525 5261.16991649085 -5201.76984516186 -74.56321791151555 7398.910601276981 4.5126967938516493e-07 185.4031417738039 0.3466100550280109
1380.0 -4216.935394384944 -4903.492340544405 -377.1760842568435 -130.69507416421916 -3.3597980252877644 100.2877225089274 5260.714833399863 -5200.728549511035 -74.81528145183438 7397.857482433087 4.5741210504904954e-07 185.27314233255416 0.34200182450776045
1381.0 -4212.698118698689 -4906.632774927959 -382.3629498363933 -130.64846901704104 -3.4060931363014344 100.21479914851201 5260.253194809643 -5199.672872329178 -75.06980414748756 7396.789650127666 4.6365251291546983e-07 185.14683180322686 0.33744413684658364
1382.0 -4208.4558072136515 -4909.766153400527 -387.54843276655265 -130.601865237812 -3.4523792702993736 100.14164712434955 5259.784832867837 -5198.6026570217955 -75.32681764405669 7395.706876500514 4.699925950543877e-07 185.024391012815 0.33293657126949866
1383.0 -4204.2084746085 -4912.892466405696 -392.7325147169255 -130.555262855637 -3.4986562980594975 100.06826390258537 5259.309576958291 -5197.517744484575 -75.58635404172219 7394.608929986395 4.7643407358011163e-07 184.90600420369307 0.3284786993676896
1384.0 -4199.956135726576 -4916.0117043222845 -397.9151771963713 -130.50866190116176 -3.5449240889466247 99.99464691661066 5258.827253657053 -5196.4179730652 -75.84844590168592 7393.495575257141 4.829787013397045e-07 184.79185910805 0.3240700848537086
1385.0 -4195.698805578577 -4919.123857463382 -403.09640155044497 -130.4620624065985 -3.5911825108897433 99.92079356657779 5258.337686663676 -5195.303178500849 -76.11312625236462 7392.366573129098 4.896283120129247e-07 184.68210768340452 0.3197102967691634
1386.0 -4191.436499345393 -4922.228916075292 -408.27616895868914 -130.41546440575328 -3.6374314303579687 99.84670121893583 5257.840696540849 -5194.173193666508 -76.38042859323878 7391.22168020125 4.963849323083447e-07 184.5767774024528 0.315398939606511
1387.0 -4187.169232381176 -4925.326870336337 -413.4544604316543 -130.36886793405563 -3.683670712334072 99.77236720594874 5257.336100480087 -5193.027848349307 -76.65038689988825 7390.060648530193 5.032506581889708e-07 184.47587051157083 0.3111356191013139
1388.0 -4182.897020216518 -4928.417710355605 -418.63125680778865 -130.32227302858954 -3.7299002202867326 99.69778882521886 5256.823712233164 -5191.866969186828 -76.92303563179951 7388.883225538275 5.102276240638804e-07 184.3793892574924 0.30691993335031886
1389.0 -4178.61987856171 -4931.50142617166 -423.80653875027826 -130.27567972812494 -3.776119816142621 99.6229633391748 5256.303342055691 -5190.690379617575 -77.19840974044246 7387.689153938918 5.17318003682552e-07 184.28733588210068 0.3027514725538167
1390.0 -4174.337823310031 -4934.578007751263 -428.9802867438367 -130.22908807314988 -3.8223293602577058 99.5478879745881 5255.77479664959 -5189.497899830463 -77.47654467745326 7386.478171660496 5.245240110485463e-07 184.19971261701673 0.2986298187516785
1391.0 -4170.050870541121 -4937.647444988065 -434.15248109144443 -130.18249810590294 -3.8685287113883398 99.47255992205476 5255.237879104392 -5188.2893467133235 -77.75747640289148 7385.25001176867 5.318479013591128e-07 184.11652167788964 0.294554545549148
1392.0 -4165.7590365244005 -4940.70972770129 -439.32310191103664 -130.13590987040638 -3.914717726661799 99.39697633548023 5254.692388837393 -5187.06453380042 -78.0412413935818 7384.004402387233 5.392919719677697e-07 184.03776525843102 0.29052521783430674
1393.0 -4161.462337722544 -4943.764845634396 -444.492129132138 -130.08932341249997 -3.9608962615463357 99.32113433155098 5254.138121532614 -5185.823271218918 -78.32787665157656 7382.741066617377 5.46858563372094e-07 183.9634455241597 0.2865413914859854
1394.0 -4157.160790795032 -4946.812788453731 -449.659542492444 -130.0427387798751 -4.007064169820797 99.2450309891969 5253.574869078528 -5184.565365634327 -78.61741971266827 7381.459722455359 5.545500602270199e-07 183.893564605855 0.28260261307206463
1395.0 -4152.854412601754 -4949.853545747166 -454.8253215343478 -129.9961560221097 -4.053221303543749 99.16866334904917 5253.002419504587 -5183.290620194883 -78.90990865502664 7380.160082708589 5.623688923838849e-07 183.82812459270923 0.2787084195380911
1396.0 -4148.543220206677 -4952.887107022722 -459.9894456014111 -129.9495751907036 -4.099367513021984 99.09202841288986 5252.420556916467 -5181.998834474847 -79.20538210791022 7378.841854910039 5.70317535956266e-07 183.76712752516465 0.2748583378856919
1397.0 -4144.2272308815855 -4955.913461707164 -465.1518938347779 -129.90299633911474 -4.14550264677879 99.01512314308894 5251.8290614300395 -5180.689804416705 -79.50387926047728 7377.504741230994 5.783985144138341e-07 183.7105753874188 0.27105188484022635
1398.0 -4139.906462109885 -4958.932599144596 -470.3126451695304 -129.85641952279568 -4.191626551521318 98.93794446202782 5251.227709094859 -5179.363322263199 -79.8054398705508 7376.148438379197 5.866144249225983e-07 183.65845093527147 0.2672885749481304
1399.0 -4135.5809315905335 -4961.944508594986 -475.47167833090924 -129.8098447992317 -4.23773907210716 98.86048925153283 5250.616271639759 -5178.0191763141 -80.11010427104173 7374.772637247272 5.949680999461525e-07 183.6105957512383 0.26356797392940357
1400.0 -4131.250657242281 -4964.949179232513 -480.62897183020164 -129.7632722279819 -4.283840051507596 98.78275435227336 5249.9945161121195 -5176.657150578531 -80.41791337573744 7373.37702241211 6.034625098755657e-07 183.5667851322641 0.2598896653232636
1401.0 -4126.915657208109 -4967.946600143819 -485.7845039604026 -129.71670187072235 -4.329929330769021 98.70473656318657 5249.362204752049 -5175.277024659316 -80.72890868928465 7371.961271964473 6.121006839943674e-07 183.52678906361942 0.25625322325158956
1402.0 -4122.575949859773 -4970.936760326205 -490.9382527917933 -129.6701337912903 -4.376006748973476 98.62643264086277 5248.719094908595 -5173.878573679025 -81.04313231798454 7370.525057397805 6.208857115419391e-07 183.4903723472769 0.25265821196733335
1403.0 -4118.231553802421 -4973.919648685838 -496.0901961674451 -129.62356805572915 -4.42207214319875 98.5478392989384 5248.064938954327 -5172.46156820462 -81.36062698069719 7369.068043494928 6.298207431780625e-07 183.45729444837716 0.2491041855148776
1404.0 -4113.8824878793075 -4976.895254035914 -501.24031169864963 -129.57700473233402 -4.468125348477565 98.46895320745995 5247.399484198192 -5171.025774170615 -81.6814360198839 7367.589888212463 6.389089924887807e-07 183.42730933700392 0.2455906873780983
1405.0 -4109.528771176583 -4979.863565094808 -506.38857676027106 -129.53044389169835 -4.51416619775613 98.38977099225606 5246.722472796579 -5169.5709528006955 -82.0056034127416 7366.090242562905 6.481537375305233e-07 183.40016532513607 0.24211725011746396
1406.0 -4105.170423028188 -4982.824570484205 -511.53496848602 -129.4838856067613 -4.5601945218521465 98.31028923428937 5246.033641662569 -5168.096860527772 -82.33317378248114 7364.568750494325 6.575583224168283e-07 183.37560489861073 0.23868339499447505
1407.0 -4100.807463020829 -4985.778258727197 -516.6794637636482 -129.43732995285578 -4.6062101494118375 98.23050446899079 5245.332722373348 -5166.603248912457 -82.66419240969793 7363.025048767667 6.671261589486314e-07 183.35336454394096 0.23528863158319924
1408.0 -4096.439910999053 -4988.724618246373 -521.8220392300611 -129.39077700775775 -4.652212906866491 98.15041318559315 5244.619441075732 -5165.089864559919 -82.99870524388672 7361.4587668315635 6.768607282873604e-07 183.3331745698293 0.2319324573692146
1409.0 -4092.0677870704135 -4991.663637361872 -526.9626712663488 -129.344226851736 -4.698202618388108 98.07001182644436 5243.893518389782 -5163.556449035093 -83.33675891505669 7359.869526694663 6.867655826744531e-07 183.3147589232002 0.2286143573346652
1410.0 -4087.691111610745 -4994.59530428942 -532.1013359927297 -129.29767956760327 -4.744179105844303 97.98929678631342 5243.1546693104765 -5162.002738776223 -83.67840074548127 7358.256942795407 6.968443471704275e-07 183.29783524493345 0.22533380365914557
1411.0 -4083.3099052695184 -4997.519607138343 -537.2380092634123 -129.25113524076767 -4.790142188752501 97.9082644116903 5242.402603114279 -5160.428465013488 -84.0236787616551 7356.620621878872 7.071007048581352e-07 183.2822679244446 0.22209033621567645
1412.0 -4078.924188975294 -5000.436533909567 -542.3726666613954 -129.20459395928543 -4.836091684233509 97.82691100005282 5241.637023309327 -5158.833353730775 -84.37264170702383 7354.960162934997 7.17538369689672e-07 183.26833563501248 0.21888370351701886
1413.0 -4074.5339839412145 -5003.346072493627 -547.5052834932311 -129.1580558139138 -4.8820274069648555 97.74523279914673 5240.857627570875 -5157.217125613177 -84.72533905446039 7353.275157116286 7.281611249404775e-07 183.25639397840982 0.21571368417834386
1414.0 -4070.1393116706063 -5006.248210668662 -552.6358347837142 -129.11152089816466 -4.927949169133365 97.66322600623145 5240.064107638042 -5155.579495956622 -85.0818210182199 7351.565187601384 7.389728325706955e-07 183.24680705744527 0.21258005040052894
1415.0 -4065.740193962671 -5009.142936098381 -557.7642952704814 -129.06498930835957 -4.973856780386955 97.58088676733372 5239.256149206014 -5153.920174573296 -85.4421385659818 7349.829829452475 7.499774351937611e-07 183.23994772541224 0.20948256771291368
1416.0 -4061.336652918299 -5012.030236330005 -562.8906393985127 -129.0184611436853 -5.019750047785548 97.49821117646906 5238.433431816045 -5152.238865695192 -85.80634343098848 7348.068649469812 7.611789581016113e-07 183.23619784316662 0.20642099470588837
1417.0 -4056.9287109459883 -5014.91009879218 -568.0148413145399 -128.97193650625073 -5.065628775751208 97.41519527486106 5237.595628743212 -5150.5352678757035 -86.17448812431417 7346.281206043295 7.725815113441795e-07 183.23594854408577 0.20339508275415466
1418.0 -4052.516390784398 -5017.78251078211 -573.1368748421746 -128.92541550131895 -5.11149276584546 97.33183505045146 5236.742340402357 -5148.809008528804 -86.5466249152991 7344.466955767065 7.841892918236255e-07 183.23960050713902 0.20040457574068937
1419.0 -4048.0997155970463 -5020.64745940599 -578.2567133734876 -128.8788982382989 -5.157341815798672 97.24812643852592 5235.873090906241 -5147.059640629854 -86.92280612123392 7342.6252486764415 7.960065852835709e-07 183.2475642381199 0.19744920980875155
1420.0 -4043.6787089309696 -5023.50493160831 -583.3743299187133 -128.83238483030158 -5.203175719955069 97.16406531963963 5234.987522963712 -5145.286834340795 -87.30308715196924 7340.755601588486 8.08037768729285e-07 183.26026035951048 0.1945287130056615
1421.0 -4039.253394669061 -5026.354914204959 -588.4896971630908 -128.78587539363085 -5.248994269781842 97.07964751767554 5234.085279976519 -5143.490261045125 -87.68752437732292 7338.8575327134095 8.202873129033723e-07 183.27811990961274 0.19164280492462954
1422.0 -4034.8237970366445 -5029.197393881 -593.6027874607057 -128.73937004784625 -5.29479725381402 96.9948687989919 5233.165998419348 -5141.669585868205 -88.07617501669989 7336.9305509770265 8.32759784686745e-07 183.30158462124126 0.18879119637608646
1423.0 -4030.3899406081805 -5032.0323571883855 -598.7135728282167 -128.6928689158273 -5.340584457598528 96.90972487156722 5232.229307683421 -5139.824467537434 -88.46909715164509 7334.974155811909 8.454599092560366e-07 183.33094537937333 0.18597359260772264
1424.0 -4025.9518503142176 -5034.859790543581 -603.8220249383417 -128.64637212383968 -5.386355663635831 96.82421138410515 5231.274829686289 -5137.954558013139 -88.86634973501197 7332.987836621068 8.58392715157987e-07 183.36595608735507 0.18318970145257946
1425.0 -4021.509551448717 -5037.679680225006 -608.9281151129477 -128.59987980160588 -5.432110651318165 96.73832392515615 5230.3021785035235 -5136.05950214165 -89.26799260152109 7330.9710722728505 8.715633836357314e-07 183.40624953217878 0.18043922382055722
1426.0 -4017.0630696766175 -5040.492012370381 -614.0318143159114 -128.55339208237757 -5.4778491968657494 96.65205802221283 5229.310960202167 -5134.1389375070685 -89.67408648219367 7328.923330879041 8.849772105040946e-07 183.45144832845762 0.17772185088485404
1427.0 -4012.6124310415553 -5043.296772974034 -619.1330931458479 -128.5069091030099 -5.5235710732615795 96.56540914079629 5228.300772688021 -5132.192494297028 -90.08469301921997 7326.84406959267 8.986396091465898e-07 183.50116458856826 0.17503726370297906
1428.0 -4008.157661973733 -5046.093947884172 -624.231921828704 -128.46043100403665 -5.569276050185231 96.47837268351694 5227.271205549764 -5130.21979516572 -90.49987478093016 7324.732734401662 9.125561135996326e-07 183.55499958189372 0.17238513282342283
1429.0 -4003.698789297955 -5048.883522800124 -629.3282702102182 -128.41395792974743 -5.61496389394536 96.39094398913987 5226.221839899816 -5128.22045509414 -90.91969527687837 7322.588759918243 9.267323817218049e-07 183.61254338277683 0.1697651178784113
1430.0 -3999.2358402418176 -5051.665483269535 -634.4221077482397 -128.367490028266 -5.66063436741085 96.30311833160883 5225.152248211906 -5126.194081247481 -91.3442189730709 7320.411569164022 9.411741984581737e-07 183.67337450682615 0.1671768671608021
1431.0 -3994.768842444068 -5054.439814685529 -639.5134035049075 -128.3210274516303 -5.7062872299408385 96.21489091907954 5224.06199415527 -5124.140272829656 -91.77351130727749 7318.200573350664 9.558874791942922e-07 183.73705953514354 0.16462001718612915
1432.0 -3990.2978239631284 -5057.206502283832 -644.6021261386848 -128.2745703558739 -5.751922237313318 96.12625689291954 5222.950632425417 -5122.058620934869 -92.20763870446115 7315.955171656106 9.708782732096527e-07 183.803152726086 0.1620941922379313
1433.0 -3985.8228132858003 -5059.965531139857 -649.6882438962455 -128.22811890110916 -5.797539141652419 96.03721132669865 5221.817708571411 -5119.948708396194 -92.64666859231704 7313.674750996183 9.861527672296656e-07 183.87119561411922 0.15959900389650486
1434.0 -3981.343839336134 -5062.716886165746 -654.7717246042133 -128.181673251612 -5.843137691354337 95.94774922516989 5220.66275880712 -5117.810109618889 -93.09066941667652 7311.358685774165 1.001717331416897e-06 183.94074237753657 0.15713405610734643
1435.0 -3976.86093148464 -5065.46055210728 -659.8525356605661 -128.13523357591 -5.888717631010373 95.85786552322318 5219.485309304226 -5115.642389906264 -93.5397106484213 7309.0063369049485 1.0175791636563441e-06 184.0117494668654 0.15469902874417052
1436.0 -3972.374119558591 -5068.196513540194 -664.9306440248606 -128.0888000468813 -5.934278701319062 95.76755508485134 5218.284874644029 -5113.445103962504 -93.99386277867097 7306.617049662367 1.0337461831676357e-06 184.08450802210876 0.1522936626133079
1437.0 -3967.88343385333 -5070.9247548659605 -670.006016207379 -128.04237284186402 -5.979820638988976 95.67681270210352 5217.060957221727 -5111.217795330886 -94.45319733384576 7304.190152861643 1.0502265147926892e-06 184.1593269431361 0.14991769069964903
1438.0 -3963.3889051439137 -5073.645260307457 -675.0786182579576 -127.99595214276891 -6.025343176638397 95.58563309402636 5215.813046990968 -5108.959996166363 -94.91778689733974 7301.724958518974 1.0670284790141376e-06 184.23652384721672 0.14757083575544547
1439.0 -3958.8905646970125 -5076.358013904577 -680.1484157545955 -127.94953813619388 -6.070846042693035 95.49401090557362 5214.540621207414 -5106.671227007807 -95.38770513144368 7299.2207615102225 1.0841605974285216e-06 184.3164253480096 0.1452528098803055
1440.0 -3954.38844428307 -5079.062999509781 -685.215373791837 -127.9031310135415 -6.116328961281766 95.40194070649636 5213.243144166759 -5104.350996545475 -95.86302679944208 7296.676839222335 1.101631598384871e-06 184.3993673437774 0.14296331408499488
1441.0 -3949.882576188735 -5081.76020078357 -690.2794569689253 -127.85673097113859 -6.1617916521301614 95.30941699021811 5211.92006693711 -5101.998801383621 -96.34382778785141 7294.092451197369 1.1194504227931546e-06 184.4856953151376 0.14070203783855037
1442.0 -3945.372993229559 -5084.449601189911 -695.3406293777206 -127.81033821035858 -6.2072338304519885 95.21643417267047 5210.570827085624 -5099.6141257981735 -96.83018512882643 7291.466838769008 1.1376262301127572e-06 184.57576463270055 0.13846865859749305
1443.0 -3940.859728762976 -5087.131183991588 -700.3988545903785 -127.76395293774618 -6.252655206838373 95.12298659112712 5209.1948483993 -5097.196441489371 -97.3221770226844 7288.799224691414 1.1561684045195094e-06 184.66994087490178 0.1362628413174373
1444.0 -3936.3428167015645 -5089.804932245496 -705.4540956467848 -127.71757536514482 -6.298055487144996 95.02906850299483 5207.79154059983 -5094.745207329312 -97.81988286057674 7286.088812760314 1.1750865612651084e-06 184.76860015641944 0.13408423794542218
1445.0 -3931.8222915266037 -5092.470828797854 -710.5063150417409 -127.67120570982681 -6.343434372376677 94.93467408459378 5206.360299067144 -5092.259869118729 -98.32338324756188 7283.33478744681 1.1943905062867812e-06 184.8721008285805 0.13193249690203113
1446.0 -3927.29818830178 -5095.128856279453 -715.5554747120558 -127.62484419462463 -6.388791558571388 94.83979742990795 5204.900504975538 -5089.739859747899 -98.8327600331744 7280.536314108799 1.2140897853399347e-06 184.98050463942124 0.1298073601080554
1447.0 -3922.7705426865477 -5097.778997101202 -720.6015360241015 -127.57849104805842 -6.434126736688087 94.74443254929828 5203.411525866661 -5087.1845997847495 -99.34809634829787 7277.692539813505 1.234193872449575e-06 185.0936878193656 0.1277086237195073
1448.0 -3918.2393909493085 -5100.4212334498825 -725.6444597616487 -127.53214650446141 -6.4794395924973776 94.64857336818683 5201.892715554044 -5084.593497409104 -99.86947662807358 7274.802593224859 1.2547124687615488e-06 185.21151940116658 0.1256360753474512
1449.0 -3913.7047699808263 -5103.055547283891 -730.684206113513 -127.48581080410727 -6.524729806470123 94.55221372572636 5200.343413850409 -5081.965948174215 -100.39698663145805 7271.865584243445 1.2756555131572688e-06 185.33386356775836 0.12358949276010348
1450.0 -3909.166717307923 -5105.681920328892 -735.7207346609677 -127.43948419334028 -6.569997053664111 94.455347373434 5198.762946288356 -5079.301334762516 -100.93071346075305 7268.8806036377255 1.2970331889325525e-06 185.4605794704277 0.12156864344993362
1451.0 -3904.6252711074585 -5108.300334073438 -740.7540043649138 -127.39316692470791 -6.615241003608325 94.3579679738211 5197.150623835567 -5076.5990267367515 -101.47074558114184 7265.846722668168 1.3188559306759257e-06 185.59152104032253 0.11957328418395001
1452.0 -3900.080470220608 -5110.910769764515 -745.7839735528079 -127.34685925709628 -6.660461320185213 94.26006909899588 5195.505742604448 -5073.858380286379 -102.01717284016729 7262.7629927041135 1.341134431357928e-06 185.72653679307862 0.11760316053598038
1453.0 -3895.5323541674315 -5113.513208403039 -750.8105999053384 -127.30056145586822 -6.705657661510406 94.16164422924886 5193.827583556133 -5071.078737969235 -102.5700864871942 7259.628444833397 1.3638796496359406e-06 185.86546962629313 0.11565800640046249
1454.0 -3890.98096316175 -5116.107630739285 -755.8338404428508 -127.25427379300422 -6.750829679810355 94.06268675160955 5192.115412198791 -5068.2594284483885 -103.12957919278767 7256.442089464553 1.387102817384215e-06 186.00815660959557 0.11373754348677667
1455.0 -3886.426338126333 -5118.6940172682525 -760.8536515115128 -127.20799654724618 -6.795977021297391 93.96318995839765 5190.368478280501 -5065.399766224468 -103.69574506802826 7253.202915922038 1.4108154462914202e-06 186.15443027268324 0.11184148143268377
1456.0 -3881.868520708393 -5121.272348224986 -765.8699887692262 -127.16173000424398 -6.841099326042596 93.86314704574272 5188.5860155094915 -5062.499051395471 -104.26867968435249 7249.909892080303 1.435029282072701e-06 186.30418822546915 0.10996954689345875
1457.0 -3877.3075532953194 -5123.842603579866 -770.8828071713616 -127.11547445670422 -6.886196227846873 93.76255111208779 5186.767241378342 -5059.556569518736 -104.84848009520567 7246.561964143684 1.4597562878101226e-06 186.45742526133827 0.10812149669449775
1458.0 -3872.7434790306393 -5126.404763033907 -775.892060956335 -127.06923020454086 -6.931267354110759 93.66139515666967 5184.911356906756 -5056.571591394099 -105.43524485571811 7243.1580563130265 1.4850087218394058e-06 186.61414300400267 0.10629707900660064
1459.0 -3868.1763418302835 -5128.9588060139995 -780.8977036309359 -127.02299755502868 -6.9763123257017075 93.55967207798152 5183.017546319333 -5053.543372784398 -106.0290740409481 7239.697070362072 1.5107991520672429e-06 186.77434243578773 0.10449602966834269
1460.0 -3863.606186399191 -5131.504711668093 -785.8996879553814 -126.97677682295999 -7.021330756818911 93.45737467221275 5181.084976715782 -5050.471154129446 -106.63006926391404 7236.177885203958 1.537140464826993e-06 186.9380238607334 0.10271807164257446
1461.0 -3859.0330582482493 -5134.042458860316 -790.897965928089 -126.930568330804 -7.066322254855721 93.35449563167512 5179.112797735232 -5047.354160255089 -107.23833369336126 7232.59935645011 1.564045874005489e-06 187.10518686606758 0.10096291445110081
1462.0 -3854.4570037115877 -5136.572026166044 -795.8924887701673 -126.88437240886992 -7.111286420259148 93.25102754321136 5177.100141214569 -5044.191600077323 -107.85397207131177 7228.960315961493 1.5915289304505515e-06 187.27583028198916 0.09923025358658445
1463.0 -3849.8780699642193 -5139.093391866891 -800.8832069096173 -126.83818939547301 -7.156222846386855 93.14696288657888 5175.046120840827 -5040.982666301477 -108.4770907303066 7225.259571392225 1.6196035316703088e-06 187.44995213970256 0.09751976990062944
1464.0 -3845.2963050400454 -5141.606533945648 -805.8700699652395 -126.79201963710375 -7.201131119361489 93.04229403282213 5172.949831797555 -5037.726535116427 -109.10779761033018 7221.495905725481 1.6482839318300762e-06 187.62754962760891 0.09583112896732249
1465.0 -3840.7117578502257 -5144.111430081162 -810.853026730245 -126.74586348860083 -7.246010817922116 92.93701324262378 5170.810350342774 -5034.422365823119 -109.74620227408616 7217.668076714639 1.677584967306767e-06 187.8086145423353 0.09416398969782497
1466.0 -3836.1244782027084 -5146.608057642721 -815.8320251547117 -126.69972131333512 -7.290861513265303 92.83111266466021 5168.6267309273935 -5031.069298070193 -110.39241587241213 7213.774812892612 1.7075251404381285e-06 187.9930689471729 0.09251813609784125
1467.0 -3831.534516826526 -5149.096393681998 -820.8070123229761 -126.65359348344103 -7.335682768840357 92.72458433402865 5166.397999500952 -5027.666445384812 -111.04655104219091 7209.81480426468 1.738126031279155e-06 188.18077765741918 0.09089345072978167
1468.0 -3826.9419254003788 -5151.576414922882 -825.777934426531 -126.60748038009099 -7.380474140104216 92.61742017072544 5164.123151252396 -5024.212893029424 -111.7087219093795 7205.786699197715 1.7694099084586168e-06 188.3715984071855 0.08928981051793598
1469.0 -3822.346756582323 -5154.048097750908 -830.7447367358717 -126.56138239377988 -7.425235174266321 92.50961197809468 5161.8011498767355 -5020.707697346733 -112.37904412563387 7201.689103441227 1.8013996837667211e-06 188.56538298740193 0.08770708351840129
1470.0 -3817.7490640402084 -5156.511418202551 -835.7073635717198 -126.51529992461658 -7.469965410028245 92.40115144124196 5159.430926845646 -5017.1498851104 -113.05763490513789 7197.520579155364 1.8341189325708064e-06 188.76197701187198 0.08614512847873337
1471.0 -3813.1489024828575 -5158.96635195434 -840.6657582756123 -126.46923338262222 -7.514664377317008 92.29203012540296 5157.0113806634345 -5013.538452863299 -113.74461306113255 7193.27964391984 1.8675919149181134e-06 188.96121967445214 0.08460379437787809
1472.0 -3808.546327692013 -5161.41287431182 -845.6198631798422 -126.42318318803532 -7.559331597012796 92.18223947428132 5154.5413761082145 -5009.872366243354 -114.440099042101 7188.964769723741 1.901843597345289e-06 189.16294349699947 0.0830829199458394
1473.0 -3803.941396555067 -5163.850960198347 -850.5696195767424 -126.37714977162435 -7.603966580670191 92.07177080834576 5152.0197434583 -5006.150559296887 -115.14421496755722 7184.574381936146 1.9368996754223724e-06 189.36697406775735 0.08158233316214818
1474.0 -3799.3341670985847 -5166.280584143719 -855.5149676872978 -126.3311335750072 -7.648568830233613 91.96061532309 5149.4452777110255 -5002.371933786596 -115.85708466351502 7180.106858267706 1.9727865712604966e-06 189.5731323293159 0.08010185096768155
1475.0 -3794.724698522448 -5168.701720272751 -860.4558466292882 -126.28513505097636 -7.69313783774808 91.84876408726082 5146.816738579925 -4998.535359257403 -116.57883371464152 7175.560528818867 2.0095301259952276e-06 189.78136642260037 0.07864129086602918
1476.0 -3790.1130512327945 -5171.114342294733 -865.3921943869126 -126.2391546638113 -7.737673085083183 91.73620804097993 5144.132853233749 -4994.63967576484 -117.3095895716931 7170.933679950511 2.0471549188791887e-06 189.9918214291895 0.07720047679160198
1477.0 -3785.499286873102 -5173.5184234941335 -870.3239477825864 -126.19319288957156 -7.782174043676591 91.62293799380342 5141.392317217386 -4990.68369483465 -118.0494816100047 7166.224555617748 2.0856860631385413e-06 190.20466343505493 0.07577922236622973
1478.0 -3780.8834683554232 -5175.913936721452 -875.2510424487483 -126.147250216391 -7.826640174277542 91.50894462273747 5138.59379384727 -4986.666198941178 -118.7986411514978 7161.43135657723 2.125149383550812e-06 190.42006424047028 0.07437732890100177
1479.0 -3776.265659892309 -5178.30085438397 -880.1734127991227 -126.10132714477785 -7.871070926685014 91.39421847022197 5135.735913550922 -4982.585940933132 -119.55720148460841 7156.552239517858 2.1655714386330136e-06 190.63820156596887 0.07299458479743658
1480.0 -3771.645927029405 -5180.6791484363885 -885.0909919994266 -126.05542418792149 -7.9154657394809105 91.27874994210293 5132.817273196924 -4978.441643451739 -120.32529788314264 7151.585316179471 2.206979543557632e-06 190.8592592658082 0.07163076492317645
1481.0 -3767.0243366787663 -5183.048790371366 -890.0037119375136 -126.00954187200503 -7.959824039757958 91.16252930558694 5129.836435415509 -4974.231998341507 -121.10306762389212 7146.528652459805 2.2494017938236485e-06 191.08342754923257 0.07028562996103395
1482.0 -3762.400957152873 -5185.409751209945 -894.9115031929525 -125.96368073652467 -8.00414524284219 91.04554668717412 5126.791927910031 -4969.955666053858 -121.89065000298353 7141.380267510088 2.2928670897096324e-06 191.31090320983458 0.06895892573022819
1483.0 -3757.7758581993758 -5187.762001491878 -899.8142950060297 -125.91784133461555 -8.048428752010183 90.92779207057099 5123.682242670429 -4965.611274957534 -122.68818634870354 7136.138132695527 2.337405473116842e-06 191.54187120314197 0.06765038701963648
1484.0 -3753.1491110376633 -5190.10551126529 -904.7120152450101 -125.87202423339495 -8.092673958190232 90.80925529461656 5120.505831846409 -4961.1974174147845 -123.49581995647657 7130.800165905853 2.3830523392193384e-06 191.77625422557458 0.06635979785048043
1485.0 -3748.520788402142 -5192.440250073249 -909.6045903665172 -125.82623001437123 -8.1368802396012 90.68992605134531 5117.2610987143 -4956.712641113763 -124.31369592200463 7125.364219040697 2.4298475342886966e-06 192.0137686096889 0.06508697716888034
1486.0 -3743.8909645914214 -5194.766186937689 -914.4919453699117 -125.78045927391041 -8.181046961337023 90.5697938841217 5113.94639452238 -4952.1554461096885 -125.14196112695674 7119.828073690895 2.477832234050699e-06 192.2541132001596 0.06383173214758295
1487.0 -3739.259715519241 -5197.083290342844 -919.3740037501137 -125.73471262371885 -8.225173474936508 90.44884818576894 5110.560017269342 -4947.524283743682 -125.98076427096782 7114.189439515351 2.5270489073974594e-06 192.49697351623195 0.06259385640599568
1488.0 -3734.6271187666484 -5199.39152821847 -924.2506874494012 -125.6889906913374 -8.269259117943928 90.32707819665188 5107.100210486603 -4942.817555568354 -126.83025590236866 7108.4459526256005 2.5775413597569837e-06 192.7420212107749 0.06137312934114664
1489.0 -3729.993253635438 -5201.6908679228345 -929.1219168081717 -125.64329412064666 -8.31330321345981 90.20447300274147 5103.565162003117 -4938.033612259553 -127.69058844689232 7102.595173948389 2.6293547779642597e-06 192.98891350818414 0.060169315429077955
1490.0 -3725.358201202891 -5203.9812762254915 -933.9876105146537 -125.5976235723843 -8.357305069681816 90.08102153362915 5099.953002693369 -4933.170752514932 -128.56191623425457 7096.634587567242 2.6825357767003903e-06 193.23729262039475 0.05898216349515619
1491.0 -3720.722044377812 -5206.2627192898435 -938.847685553558 -125.55197972467376 -8.401263979435736 89.95671256053541 5096.261805229068 -4928.227221959251 -129.44439552284507 7090.5615990716215 2.7371323744983717e-06 193.48678971135038 0.057811407553856664
1492.0 -3716.0848679573373 -5208.535162655759 -943.7020571542473 -125.50636327355969 -8.44517921970193 89.83153469426382 5092.48958506139 -4923.20121420908 -130.33818457728535 7084.373537011398 2.79319015737289e-06 193.73727086303512 0.05665685239891529
1493.0 -3711.4467586791775 -5210.798571224882 -948.5506387440023 -125.460774933497 -8.489050051187183 89.70547638298828 5088.634309348039 -4918.090879614108 -131.24344392913986 7078.067665400766 2.8507501511951462e-06 193.98897470096315 0.0555184212131214
1494.0 -3706.807805267277 -5213.052909249535 -953.3933419084628 -125.41521543777472 -8.532875717961488 89.57852590983163 5084.693900773324 -4912.894329048509 -132.16033648519522 7071.641189108672 2.9098540883685993e-06 194.24218090098984 0.05439603881196893
1495.0 -3702.1680984767327 -5215.298140322363 -958.2300763531066 -125.36968553893114 -8.576655447103544 89.45067139041936 5080.666236961383 -4907.609633439535 -133.08902751653488 7065.0912531172 2.970544917379776e-06 194.49718065697112 0.05328962063947903
1496.0 -3697.5277311394893 -5217.53422736594 -963.0607498641697 -125.32418600917632 -8.620388448341126 89.32190077044174 5076.549149753948 -4902.234823166855 -134.02968464062246 7058.414941592919 3.0328668412020924e-06 194.75427714015197 0.05219907224156588
1497.0 -3692.886798210828 -5219.761132622358 -967.8852682690092 -125.2787176408212 -8.664073913686016 89.19220182324807 5072.3404244909 -4896.767887466337 -134.98247779962867 7051.609276963591 3.096865356948168e-06 195.01378597636503 0.051124288715675634
1498.0 -3688.245396816639 -5221.978817642801 -972.7035353959144 -125.23328124671386 -8.70771101706332 89.0615621474355 5068.037799294887 -4891.206773839446 -135.94757923481188 7044.6712190019525 3.1625872968298006e-06 195.27603574181202 0.05006515413527203
1499.0 -3683.603626301477 -5224.187243277121 -977.5154530333758 -125.18787766068237 -8.751298913935885 88.92996916449594 5063.638964200084 -4885.549387314 -136.9251634523332 7037.597663694334 3.2300814628730395e-06 195.5413424214566 0.04902154195439291
1500.0 -3678.9615882798666 -5226.386369662249 -982.320920886268 -125.14250773800862 -8.794836740900129 88.79741011653981 5059.1415523135865 -4879.793582022535 -137.91540697618666 7030.385431039727 3.299410050937701e-06 195.80950941095512 0.047993333701241286
1501.0 -3674.319386704561 -5228.576156203006 -987.1198365147895 -125.09717235606709 -8.838323615125127 88.6638720644978 5054.543115210758 -4873.937137597432 -138.91848771180764 7023.031230957475 3.3706484140070253e-06 196.07984045285954 0.046980417846912995
1502.0 -3669.67712795162 -5230.756561545519 -991.9120952564231 -125.05187241512628 -8.881758633637654 88.52934188674472 5049.841114026544 -4867.977750743114 -139.9345847654041 7015.531651033748 3.4438749163585137e-06 196.35158847041208 0.04598267182087034
1503.0 -3665.0349209095925 -5232.927543549396 -996.6975901441413 -125.00660883918857 -8.925140872572271 88.39380627776846 5045.032917291735 -4861.91303332542 -140.96387844486162 7007.883153649393 3.5191706236427756e-06 196.6239718836917 0.04499996069164075
1504.0 -3660.392877070869 -5235.089059259595 -1001.4762118228967 -124.96138257684966 -8.968469386405134 88.25725174682984 5040.115798867359 -4855.7405105608 -142.00655025778394 7000.082073248123 3.5966193987095246e-06 196.8961731700926 0.04403213650026913
1505.0 -3655.751110625216 -5237.241064877991 -1006.2478484643915 -124.91619460217684 -9.011743207171888 88.11966461663297 5035.086935870773 -4849.457619202529 -143.06278290316152 6992.1246135970705 3.676308000829729e-06 197.16733736779977 0.04307903756215907
1506.0 -3651.1097385555076 -5239.383515734692 -1011.0123856801303 -124.8710459156074 -9.054961343668872 87.98103102199826 5029.943406598688 -4843.061705729063 -144.13276025637083 6984.006845047049 3.7583261815294452e-06 197.43657152428833 0.042140487792889744
1507.0 -3646.4688807353123 -5241.516366259233 -1015.7697064331231 -124.82593754486271 -9.09812278064152 87.84133690853918 5024.682190276659 -4836.550026295412 -145.21666739840134 6975.724704332295 3.842762784879681e-06 197.70352563516644 0.04121632896629511
1508.0 -3641.8286600217766 -5243.639569954723 -1020.5196909549646 -124.78087054581489 -9.141226478020691 87.7005680311576 5019.300178910926 -4829.919758330341 -146.31469096732883 6967.2740111695 3.929698832755744e-06 197.96941252232068 0.04030647782154835
1509.0 -3637.1892023373093 -5245.753079377836 -1025.2622166749152 -124.73584600324273 -9.184271370267105 87.558709952213 5013.7941861245245 -4823.168009209738 -147.42701938474397 6958.650480655353 4.019216162733613e-06 198.2357666163162 0.039410854959902535
1510.0 -3632.550636748508 -5247.856846120712 -1029.9971581522739 -124.69086503155931 -9.227256365745008 87.41574803962291 5008.160946641988 -4816.291815921127 -148.5538427954848 6949.849722676606 4.111399247252298e-06 198.5041948334035 0.038529369945831816
1511.0 -3627.9130955462792 -5249.9508207929675 -1034.7243870079976 -124.64592877554993 -9.27018034608813 87.27166746505641 5002.397115199597 -4809.288144177343 -149.69535298105188 6940.867240524496 4.206335282161922e-06 198.77637964761547 0.037661920669405415
1512.0 -3623.276714327183 -5252.034953003771 -1039.44377185554 -124.60103841111994 -9.313042165557942 87.12645320221246 4996.499265491017 -4802.153887566535 -150.85174326356787 6931.69842956027 4.304114278222005e-06 199.05408228519326 0.03680839267900359
1513.0 -3618.6416320759863 -5254.109191344062 -1044.1551782309496 -124.55619514605318 -9.355840650394057 86.98009002518235 4990.463889150256 -4794.885866740283 -152.0232083997795 6922.338575934478 4.4048291660735715e-06 199.33914436824247 0.035968658499550894
1514.0 -3614.007991249902 -5256.173483368672 -1048.8584685217268 -124.51140022078495 -9.39857459815292 86.83256250696245 4984.287392023625 -4787.480825999975 -153.20994438182265 6912.7828515483225 4.508582045319295e-06 199.63250193792612 0.03514258664200563
1515.0 -3609.375937874477 -5258.227775573961 -1053.553501884387 -124.46665490928598 -9.441242776942806 86.68385501838651 4977.96607220131 -4779.935412377993 -154.41214769339342 6903.0262837285945 4.615495129908771e-06 199.93244471642814 0.03433005801189824
1516.0 -3604.7456216609908 -5260.272013366708 -1058.2401341407938 -124.42196052015233 -9.483843924464754 86.53395172780543 4971.496102651865 -4772.246159182025 -155.63001473484917 6893.063731316913 4.725697766984651e-06 200.23672442452204 0.03353094439774968
1517.0 -3600.117196132442 -5262.306141030176 -1062.9182176664888 -124.37731839777582 -9.526376746979897 86.38283660105616 4964.87352810178 -4764.409483242763 -156.86374168085854 6882.889880530815 4.839323924627067e-06 200.5429798853716 0.032745103493698836
1518.0 -3595.490818752054 -5264.330101690075 -1067.5876012772324 -124.33272992353636 -9.568839918259053 86.23049340155221 4958.094262890835 -4756.421683104328 -158.11352435204356 6872.4992421825 4.956512357325171e-06 200.84873212352505 0.03197237811751947
1519.0 -3590.866651054142 -5266.343837280561 -1072.2481301139117 -124.28819651701417 -9.611232078516533 86.07690569051937 4951.154088894153 -4748.278937283349 -159.3795580716045 6861.886148993809 5.07740677708396e-06 201.1513792687358 0.03121259539167922
1520.0 -3586.244858777289 -5268.34728851028 -1076.8996455259066 -124.24371963722167 -9.653551833328034 85.92205682735587 4944.048653555146 -4739.977302638893 -160.66203750722502 6851.044753068564 5.202155900320643e-06 201.44828745504057 0.030465568565043392
1521.0 -3581.625611999199 -5270.340394828788 -1081.5419849535617 -124.19930078384904 -9.695797752539592 85.7659299701585 4936.773469850464 -4731.512714598059 -161.961156554715 6839.9690260450025 5.330910759296342e-06 201.73890966965632 0.029731155281028206
1522.0 -3577.0090852697335 -5272.32309439485 -1086.1749818132794 -124.15494149848921 -9.73796836919865 85.60850807627942 4929.323920379119 -4722.8809913325085 -163.27710832638843 6828.652764961412 5.4638247222210246e-06 202.024905067824 0.029009260120633783
1523.0 -3572.3954577419036 -5274.295324046724 -1090.7984653854749 -124.11064336584067 -9.78006217850965 85.4497739029805 4921.695257808538 -4714.077834437301 -164.610084991863 6817.08959307043 5.601056413491541e-06 202.30811719843825 0.028299777476897985
1524.0 -3567.7849133039394 -5276.25701927307 -1095.412260702238 -124.06640801491791 -9.822077636785595 85.28971000827465 4913.882603665059 -4705.098828023444 -165.96027754087288 6805.272958360387 5.742770026700968e-06 202.5904856727433 0.027602588239691042
1525.0 -3563.177640712872 -5278.2081141843155 -1100.0161884342854 -124.0222371202737 -9.86401316039161 85.1282987520257 4905.880947234686 -4695.939437917885 -167.3278755249463 6793.19613223117 5.889135518791218e-06 202.87405040107052 0.026917559019393262
1526.0 -3558.573833729496 -5280.1485414845665 -1104.6100647773505 -123.97813240323181 -9.905867124681544 84.96552229730553 4897.685144613213 -4686.595011007908 -168.71306677777488 6780.852208378437 6.0403288422421386e-06 203.16095189581395 0.02624454158640595
1527.0 -3553.973691255163 -5282.07823244388 -1109.1937013375841 -123.93409563313423 -9.947637862924037 84.80136261206108 4889.289915188423 -4677.060772130217 -170.1160370203172 6768.234098124415 6.196538081117925e-06 203.45267217294557 0.025583418952550233
1528.0 -3549.377417478894 -5283.997116867385 -1113.7669050075142 -123.89012862868472 -9.989323665140827 84.6358014714159 4880.689823796538 -4667.331807268506 -171.53696896043596 6755.334505927261 6.357971066652929e-06 203.74908606212438 0.02493416307693603
1529.0 -3544.7852220411055 -5285.905123058738 -1118.329477826407 -123.84623325944781 -10.030922776800791 84.46882046082872 4871.879268836198 -4657.403052482323 -172.9760415918612 6742.145913160912 6.524844954690016e-06 204.04983668468327 0.024296749713574328
1530.0 -3540.1973202031522 -5287.802177782542 -1122.8812168358581 -123.80241144739988 -10.072433397468593 84.3004009797338 4862.852480607524 -4647.269292629895 -174.4334298176807 6728.660576058914 6.697384857371132e-06 204.35454580652095 0.023671144830967158
1531.0 -3535.6139330184255 -5289.688206227563 -1127.4219139348845 -123.75866516849162 -10.113853679446496 84.130524245559 4853.603520406386 -4636.925160814462 -175.9093040630945 6714.870524704959 6.875824123828915e-06 204.66281285394666 0.02305730398733166
1532.0 -3531.035287504744 -5291.5631319709055 -1131.951355734815 -123.71499645421893 -10.155181726412103 83.95917129814136 4844.126279896688 -4626.365138096348 -177.4038298589145 6700.767562408622 7.060404640803458e-06 204.97421369067564 0.02245517155747808
1533.0 -3526.461616817915 -5293.426876943172 -1136.4693234140934 -123.67140739320125 -10.196415592052977 83.78632300457218 4834.414480060719 -4615.583552801661 -178.91716736836895 6686.343264497649 7.251378705085678e-06 205.28827185619025 0.02186466378360918
1534.0 -3521.8931604283894 -5295.279361393884 -1140.9755925711356 -123.62790013278527 -10.237553278680931 83.61196006459836 4824.461666914255 -4604.574576743614 -180.4494707556371 6671.58897263723 7.449011057421127e-06 205.60442707490242 0.021285650215202775
1535.0 -3517.3301643021446 -5297.120503856746 -1145.4699330741362 -123.58447688068524 -10.278592735816147 83.43606301664677 4814.261209184291 -4593.332223322967 -182.00088758546394 6656.495791867941 7.653576535516915e-06 205.9220809434956 0.020717980449935433
1536.0 -3512.7728810828007 -5298.950221115989 -1149.952108910824 -123.54113990663055 -10.319531858767782 83.25861224440241 4803.806298747697 -4581.85034826359 -183.57155827627878 6641.0545914620525 7.865360038388827e-06 206.24060207019681 0.02016148705932433
1537.0 -3508.22157027364 -5300.76842817439 -1154.421878039485 -123.49789154400821 -10.360368487223685 83.07958798396075 4793.089951612176 -4570.122650860996 -185.16161552182393 6625.256006526917 8.084656871889733e-06 206.55932462084544 0.019615984632820983
1538.0 -3503.676498419106 -5302.575038223113 -1158.8789922416827 -123.45473419149616 -10.401100403852688 82.89897033155768 4782.1050084799945 -4558.1426748276 -186.7711836415947 6609.090439028115 8.311776768803996e-06 206.87755900167937 0.019081269971089637
1539.0 -3499.137939298467 -5304.369962608402 -1163.323196964271 -123.41167031480751 -10.441725332805802 82.71673925246601 4770.8440958851825 -4545.9037715685645 -188.40037636162015 6592.548004331634 8.547106707233135e-06 207.19479800474346 0.018557141350218725
1540.0 -3494.6061741987123 -5306.153110768789 -1167.75423108516 -123.36870244918168 -10.48224093751749 82.53287459369668 4759.299516389607 -4533.398995974398 -190.04929188300127 6575.618379799215 8.791106311261216e-06 207.51069866500887 0.0180433958298595
1541.0 -3490.0814922614113 -5307.924390145641 -1172.1718266085538 -123.32583320257065 -10.52264481785786 82.34735610022827 4747.46321600823 -4520.621075976762 -191.7180109675876 6558.290760224486 9.044256006695237e-06 207.82490691991697 0.017539811160056776
1542.0 -3485.564190841195 -5309.6837060921835 -1176.5757083510155 -123.28306525892677 -10.562934507196479 82.16016343234969 4735.326782483636 -4507.562411530873 -193.40659614659683 6540.553855919685 9.30705591783783e-06 208.1370509399619 0.01704614413314041
1543.0 -3481.054575866269 -5311.430961784837 -1180.9655936278268 -123.24040138150178 -10.603107469463774 81.97127618377121 4722.881444966029 -4494.215074934827 -195.11509089193657 6522.395892742914 9.580026374830501e-06 208.44674171666964 0.016562129692041017
1544.0 -3476.552962192862 -5313.166058140084 -1185.3411919475477 -123.19784441607949 -10.643161096282553 81.78067390031553 4710.118110063813 -4480.570845740891 -196.8435201819458 6503.804662341265 9.863621173125644e-06 208.75415295531033 0.01608757723513938
1545.0 -3472.059673825405 -5314.888893786022 -1189.7022048392143 -123.15539729293083 -10.683092705308416 81.58833609391155 4697.027621938369 -4466.621458609989 -198.5919000570832 6484.767881623483 1.0158083708770125e-05 209.06098035232068 0.015622530544611435
1546.0 -3467.5750438834502 -5316.599365132948 -1194.048325926731 -123.11306302637041 -10.722899540829411 81.39424224729603 4683.6009583483265 -4452.358789705084 -200.36024420234992 6465.2734634168655 1.0463626109657565e-05 209.36925683247267 0.01516706774751011
1547.0 -3463.0994144788906 -5318.297366478299 -1198.3792410902931 -123.07084471346488 -10.762578775160462 81.19837181653106 4669.829257145666 -4437.774881552659 -202.14856340136032 6445.309552839071 1.078046366093335e-05 209.68112859063868 0.014721262509470921
1548.0 -3458.6331365762167 -5319.982790117464 -1202.6946286438076 -123.02874553258208 -10.80212751018266 81.00070423448331 4655.703832870542 -4422.861958432306 -203.95686454129793 6424.864549961083 1.1108814778764546e-05 209.9988599643443 0.01428518360006503
1549.0 -3454.176569843961 -5321.655526457294 -1206.9941595203773 -122.98676874185787 -10.84154277895493 80.80121891567751 4641.216146071561 -4407.612396826401 -205.78514750939632 6403.92706721029 1.1449042225888735e-05 210.32378231657546 0.013858864155059785
1550.0 -3449.7300827362587 -5323.3154640429575 -1211.2774972355517 -122.9449176798306 -10.8808215452863 80.59989527310339 4626.357286989363 -4392.018234942215 -207.6333809845935 6382.485216891897 1.1802098615863115e-05 210.65296762917308 0.013442205689325009
1551.0 -3445.294053171521 -5324.962489363602 -1215.544297276651 -122.90319577169124 -10.91996069804112 80.39671276294474 4611.117441612403 -4376.07066664826 -209.50147780468137 6360.525875196469 1.2169128242570268e-05 210.98221012657118 0.013035063039665154
1552.0 -3440.868869466183 -5326.59648656935 -1219.7942062511154 -122.86160653791698 -10.95895704322462 80.19165094169323 4595.485837823209 -4359.759991962564 -211.38929137463037 6338.034609061311 1.2551328573000792e-05 211.3070661746384 0.01263727360743243
1553.0 -3436.454931283083 -5328.217337190958 -1224.0268610266585 -122.82015360301959 -10.997807295981092 79.9846895251167 4579.450743406764 -4343.075616824686 -213.29661410605684 6314.995674609366 1.2949952068423413e-05 211.62284494957987 0.01224865645564429
1554.0 -3432.0526505678527 -5329.824919872099 -1228.2418878888855 -122.77884070415838 -11.036508072739636 79.7758084480844 4562.999552933682 -4326.006137116227 -215.22317972430994 6291.392138114655 1.3366065701902829e-05 211.92664785085654 0.011869021502096897
1555.0 -3427.6624521071385 -5331.419110247395 -1232.438902066513 -122.73767169618237 -11.075055886722868 79.56498790835938 4546.119558496141 -4308.540070514289 -217.16869691812144 6267.206939481856 1.3799992419695801e-05 212.22209746849123 0.011498191953183383
1556.0 -3423.284773269575 -5332.999781121775 -1236.617508041183 -122.69665054899264 -11.113447150652053 79.35220837433357 4528.798626249863 -4290.6664973827765 -219.13287808322968 6242.423824696836 1.4251897487237365e-05 212.51438687389452 0.011135978714034232
1557.0 -3418.9200634273766 -5334.566802763891 -1240.7773001611658 -122.6557813419118 -11.151678182242117 79.13745058066736 4511.02528056497 -4272.37513920428 -221.11544031594667 6217.027460928025 1.4721939628351128e-05 212.809009082776 0.01078217297262729
1558.0 -3414.56878333421 -5336.12004321146 -1244.9178632939877 -122.61506825765149 -11.189745210054863 78.92069552485343 4492.7887383880325 -4253.656389682895 -223.11610411167226 6191.00348289277 1.5210283546554114e-05 213.11167231600274 0.010436547112994753
1559.0 -3410.2314045426137 -5337.659368558555 -1249.0387734385454 -122.57451557665726 -11.227644378981104 78.7019244688159 4474.078660925369 -4234.5010782338995 -225.1345781463632 6164.338149711528 1.571772797640599e-05 213.42365178090517 0.010098949800925353
1560.0 -3405.908409550142 -5339.184642981646 -1253.139597642945 -122.53412767827157 -11.265371749337104 78.48111897981364 4454.883965965004 -4214.899345373635 -227.17049779353135 6137.01670821507 1.624602655510317e-05 213.7394182613815 0.009769354118225649
1561.0 -3401.6002928877474 -5340.695728436037 -1257.2198930306092 -122.49390905069252 -11.302923287750094 78.25826102095587 4435.1923067036505 -4194.840151022711 -229.22339651669438 6109.022675975769 1.6797085839599516e-05 214.05259056416713 0.009447733946357853
1562.0 -3397.3075623850796 -5342.192484300256 -1261.2792056660567 -122.45386430255505 -11.34029485655152 78.03333305331634 4414.990076200535 -4174.311280814598 -231.29270291402122 6080.337848878669 1.7372899900119638e-05 214.35642654983002 0.009134053036717516
1563.0 -3393.0307404135556 -5343.674767039736 -1265.3170694500725 -122.4139981742715 -11.377482203421224 77.80631814004447 4394.262478397974 -4153.299415281516 -233.3777407809108 6050.94240031469 1.7975383878719102e-05 214.64522567499577 0.008828257311969089
1564.0 -3388.770364785924 -5345.142430000541 -1269.3330053471202 -122.37431554613651 -11.414480954071996 77.57720003595925 4372.994320329593 -4131.790880193995 -235.47776661165938 6020.8159730934785 1.860546328799437e-05 214.9219660340804 0.008530235662103983
1565.0 -3384.526988591274 -5346.595323577578 -1273.3265216218083 -122.33482143648958 -11.451286614214373 77.34596322491194 4351.171106358701 -4109.772680338616 -237.59202289614916 5989.939185852586 1.9263669351394652e-05 215.19332647955144 0.008239844277343773
1566.0 -3380.3011794240747 -5348.033295590352 -1277.2971146456318 -122.29552099422996 -11.487894576771307 77.11259292934602 4328.77923792665 -4087.2326864267934 -239.7197445016924 5958.293906782744 1.9950535021260013e-05 215.4663789402954 0.007956922507939043
1567.0 -3376.093518526104 -5349.4561916836865 -1281.2442697821077 -122.25641949052793 -11.524300129816243 76.87707511943998 4305.806061465439 -4064.1596782634365 -241.8601571575349 5925.8633181162 2.066664525435181e-05 215.7482505959453 0.007681295201646158
1568.0 -3371.9046000319813 -5350.863855688327 -1285.1674621710058 -122.21752231150643 -11.560498463581691 76.63939653227223 4282.239420973204 -4040.5429204552156 -244.01244837214927 5892.631298964688 2.14136468162613e-05 216.0391668706598 0.0074128366374606024
1569.0 -3367.7350312313424 -5352.256129636934 -1289.0661565582202 -122.17883496036625 -11.59648466866096 76.39954475231515 4258.0662238515915 -4016.3708084967234 -246.1756827814179 5858.580451341713 2.2194263951923494e-05 216.33235162218492 0.00715147074370911
1570.0 -3363.5854338093827 -5353.63285345805 -1292.9398062142068 -122.14036306857334 -11.632253725785278 76.1575083515225 4233.272049603548 -3991.6305011699906 -248.34877478488647 5823.6915627256885 2.3011380341178356e-05 216.62036733410568 0.006897111463840585
1571.0 -3359.456445163109 -5354.993864657423 -1296.787851790751 -122.10211240770882 -11.667800495007343 75.91327703917865 4207.841223593872 -3966.307992043179 -250.53048657655688 5787.943708729885 2.38679875436532e-05 216.89546263478442 0.0066496601946366245
1572.0 -3355.3487195540915 -5356.338998066412 -1300.609720339604 -122.06408889976139 -11.703119706354446 75.66684180833562 4181.757227737329 -3940.3884982224454 -252.71944567160517 5751.3148189677195 2.4766371268638652e-05 217.15450216121653 0.006409029457391767
1573.0 -3351.2629282926373 -5357.668085918465 -1304.404825240128 -122.02629861841515 -11.738205958858742 75.41819503123581 4155.004197182861 -3913.8578709954213 -254.91422715247518 5713.783735508787 2.57076642902437e-05 217.40167632583712 0.006175155592202221
1574.0 -3347.19975869865 -5358.980958327008 -1308.1725672656107 -121.98874777900063 -11.77305373010139 75.16733048813836 4127.567647366532 -3886.7032785560996 -257.1133914388994 5675.331211055689 2.66929165053385e-05 217.6420244312303 0.005947966261806462
1575.0 -3343.1599127431255 -5360.277443860474 -1311.912335941238 -121.95144272549946 -11.807657388455393 74.91424338241166 4099.434578692085 -3858.913301393174 -259.3154856589001 5635.940050581449 2.7723207557683604e-05 217.8808062205986 0.005727376439374028
1576.0 -3339.1441057050874 -5361.55737010385 -1315.6235108815017 -121.91438991770401 -11.842011205143761 74.65893036178139 4070.5931662872526 -3830.477637029442 -261.51901921766785 5595.594682481899 2.880073980227337e-05 218.11982295047807 0.005513256043060557
1577.0 -3335.1530658652355 -5362.820563883 -1319.3054621645158 -121.8775959279518 -11.876109357385607 74.40138961020392 4041.0310493726392 -3801.3854882638357 -263.72235005747234 5554.2788055963165 2.9929508780323093e-05 218.35516065130744 0.00530540988072948
1578.0 -3331.187535574626 -5364.066851055301 -1322.9575494388546 -121.84106745052529 -11.909945919794927 74.14162103305955 4010.734621498989 -3771.6248961681526 -265.9236316769071 5511.974413889301 3.1113816044968936e-05 218.58220264982162 0.00510362023353089
1579.0 -3327.2482724851216 -5365.296056262127 -1326.579120890501 -121.80481131249695 -11.943514854456149 73.8796264609166 3979.689185793186 -3741.1828875834085 -268.120813910823 5468.662010466396 3.23580678698942e-05 218.79619735948404 0.00490765670630023
1580.0 -3323.3360504033403 -5366.508002812809 -1330.1695125659608 -121.7688344810574 -11.976810004270268 73.61540983763396 3947.8798185865217 -3710.0462878832204 -270.3116909903157 5424.32179452186 3.366506131930313e-05 218.99500784779275 0.0047174516353280654
1581.0 -3319.451658372518 -5367.702513126642 -1333.7280493281041 -121.73314405450634 -12.009825101418476 73.34897729880107 3915.2938479443933 -3678.204048751755 -272.49406053510404 5378.937065353332 3.503566645143287e-05 219.1796195038965 0.004533132099939909
1582.0 -3315.595897905313 -5368.879409738491 -1337.2540475021112 -121.69774723624701 -12.04255379150463 73.08033713220013 3881.9217804199925 -3645.6481135495233 -274.6657827020193 5332.495491729331 3.6470620379875125e-05 219.3512564694218 0.004354835099639574
1583.0 -3311.7695798502227 -5370.03851639578 -1340.746817841503 -121.66265130545827 -12.074989660693944 72.80949971642391 3847.7573368847843 -3612.373444486908 -276.8247810753521 5284.989156602151 3.797098863942787e-05 219.51172040938857 0.004182668360276241
1584.0 -3307.9735218338024 -5371.17965895845 -1344.205667952045 -121.62786359309634 -12.107126257847279 72.53647750207898 3812.795800100389 -3578.376465471517 -278.9689234529013 5236.412283439498 3.954157265230025e-05 219.66808857629619 0.004016442724266764
1585.0 -3304.208548469813 -5372.302665451998 -1347.6299021834675 -121.5933914832866 -12.138957093147567 72.26128519292479 3777.030847918287 -3543.6520879124605 -281.09578875633827 5186.7568854486735 4.1189558524742936e-05 219.83085909783532 0.0038557775173688517
1586.0 -3300.475493358375 -5373.407365593688 -1351.0188198982362 -121.55924243107653 -12.170475621621675 71.98394006336713 3740.454196847279 -3508.1933786163877 -283.20262917655896 5136.012277015389 4.292242157873569e-05 220.01107207748487 0.003700264209864624
1587.0 -3296.775200873807 -5374.493590404177 -1354.3717139485532 -121.52542397817486 -12.201675228552231 71.70446227295209 3703.0562709559995 -3471.9921895711295 -285.28640647942507 5084.165992965947 4.4746498139880536e-05 220.216506558359 0.003549588809026262
1588.0 -3293.1085261121384 -5375.561172378273 -1357.6878708343831 -121.49194375179793 -12.232549230490493 71.42287505528238 3664.829497971911 -3435.0422484853166 -287.3440314740552 5031.208313169697 4.66635572825301e-05 220.44244789823227 0.0034038270380531105
1589.0 -3289.4763313191147 -5376.609946682157 -1360.9665740454832 -121.45880943134762 -12.263090905901237 71.13920464810985 3625.771069940226 -3397.341740829104 -289.3725742270773 4977.136048201819 4.8674329073415295e-05 220.68121312828887 0.0032631389943329897
1590.0 -3285.879481024818 -5377.639752695894 -1364.2071085503208 -121.42602870334898 -12.293293536533158 70.8534801231497 3585.883153729762 -3358.8934979778533 -291.3692867231093 4921.952822224766 5.077960660364776e-05 220.925109646249 0.0031276780916291097
1591.0 -3282.318837446463 -5378.650435439081 -1367.4087650142171 -121.39360921893267 -12.32315044633205 70.56573323084903 3545.171894142217 -3319.704054603443 -293.33153075425025 4865.667698898177 5.298317008378235e-05 221.17385646207273 0.002997439178735982
1592.0 -3278.795258043689 -5379.6418463499695 -1370.5708420561907 -121.36155857100789 -12.352655022124388 70.27599841131456 3503.6445025628686 -3279.7809163621814 -295.25654594993784 4808.291181656831 5.529184792084401e-05 221.43475247012105 0.0028722548216034583
1593.0 -3275.309595027322 -5380.613843497347 -1373.6926467399223 -121.32988428924878 -12.381800717853707 69.98431296168314 3461.3085927144048 -3239.1319361589935 -297.1413926948146 4749.8343003831515 5.771275928717472e-05 221.71570506203537 0.0027519374005632803
1594.0 -3271.862694838009 -5381.566291800648 -1376.7734950914187 -121.29859383479433 -12.41058105906345 69.69071720454981 3418.172613059011 -3197.765717560265 -298.98298477753167 4690.309203267612 6.0252511019148836e-05 222.02189362224942 0.002636289208804484
1595.0 -3268.4553966913754 -5382.499063506464 -1379.8127134497006 -121.2676945864639 -12.438989655162136 69.39525458039553 3374.2473613675265 -3155.6930293704563 -300.77821922708404 4629.731232855145 6.291551700500088e-05 222.34825604361944 0.00252511231255342
1596.0 -3265.0885295211488 -5383.412039092535 -1382.8096412382224 -121.23719381246094 -12.467020224987337 69.09797160137445 3329.5472294310403 -3112.9279650241356 -302.52409136722815 4568.120630445172 6.570572035184258e-05 222.68727310328032 0.0024181981850664373
1597.0 -3261.762908299947 -5384.305108314306 -1385.763634271155 -121.20709863650514 -12.494666627421669 68.79891774273058 3284.09033850697 -3069.488063078807 -304.2177192750497 4505.502717963782 6.862720181432731e-05 223.03192247494684 0.0023153356047712543
1598.0 -3258.479330475247 -5385.178171187803 -1388.6740679335667 -121.17741600509744 -12.52192289089279 68.49814533207706 3237.898070196393 -3025.3938628146725 -305.85631541206294 4441.907250699372 7.168562018984965e-05 223.38405581027354 0.0022164243560543104
1599.0 -3255.2385732350094 -5386.031138720255 -1391.5403396032914 -121.1481526623776 -12.548783235836192 68.19570950036939 3190.9941007115744 -2980.667997136962 -307.4371109619972 4377.36708960183 7.488768964465675e-05 223.7514424408737 0.002121435076424639
1600.0 -3252.0413912977906 -5386.863933477644 -1394.3618705907647 -121.11931512979193 -12.575242092693568 67.89166816872684 3143.4043353425236 -2935.3351280181446 -308.957361908146 4311.918109229895 7.8240221290722e-05 224.14207865112581 0.0020303328169052432
1601.0 -3248.8885146506577 -5387.676490145319 -1397.138108110016 -121.09090968535168 -12.601294120249188 67.58608201856167 3095.1568503280387 -2889.421889121092 -310.41435667981966 4245.599116060963 8.175107402165095e-05 224.55840419188476 0.0019430388594237418
1602.0 -3245.7806467152855 -5388.468755957412 -1399.8685268575102 -121.06294234681359 -12.626934220334059 67.279014489959 3046.281153186723 -2842.9561927235673 -311.8053568867973 4178.450832376661 8.542963880801192e-05 224.99439240288783 0.0018594118803683694
1603.0 -3242.718463043779 -5389.240690973681 -1402.5526301129053 -121.03541885968559 -12.652157548083023 66.97053181915777 2996.8080363366144 -2795.9670916506448 -313.1275946644905 4110.515694506646 8.92855053375065e-05 225.44313916595368 0.0017792973058103924
1604.0 -3239.7026098128345 -5389.9922683939185 -1405.1899510069488 -121.00834468346392 -12.676959523797468 66.66070304418541 2946.770176434913 -2748.485337086748 -314.3783482372429 4041.8386740130386 9.332607760222466e-05 225.89964721052354 0.001702548828713158
1605.0 -3236.733700585583 -5390.72347528472 -1407.7800552902313 -120.98172496238409 -12.701335858971158 66.34959981728322 2896.2050696442275 -2700.5461133671843 -315.55527443433914 3972.4713022347764 9.755192961142382e-05 226.36518601583776 0.0016290636570133754
1606.0 -3233.8123101271285 -5391.434313991661 -1410.3225466433032 -120.95556446988788 -12.725282606327667 66.03729588191793 2845.1569324873485 -2652.190803509478 -316.6566571518656 3902.4742750234323 0.0001019621582330778 226.8422558551316 0.001558741954082263
1607.0 -3230.9389677318927 -5392.124803597603 -1412.8170723594726 -120.9298675489707 -12.748796213533879 65.72386644859682 2793.6759627424303 -2603.466291810634 -317.6813861154684 3831.9164370433896 0.00010655786700409148 227.33279125218655 0.0014914749275753898
1608.0 -3228.1141528569374 -5392.794980749548 -1415.2633269702824 -120.90463807343342 -12.77187355770019 65.4093877653326 2741.8140075693527 -2554.4209212357023 -318.6285241167095 3760.8688399532043 0.00011135281357873612 227.83522265375476 0.0014271332080900176
1609.0 -3225.3382961481193 -5393.444899155964 -1417.6610511652175 -120.8798794575024 -12.794511935611858 65.09393724193797 2689.6198876148915 -2505.1001383851985 -319.4967964573842 3689.398331183231 0.00011636541015626946 228.34667440766378 0.001365576011645071
1610.0 -3222.611782569661 -5394.074628597563 -1420.0100288990031 -120.85559468422137 -12.816709036851531 64.77759380031354 2637.139588700521 -2455.546678489608 -320.28460903330426 3617.5678198641303 0.00012161336215623384 228.86489108935615 0.0013066606782388258
1611.0 -3219.9349531856456 -5394.684254278294 -1422.3100856810895 -120.83178632175667 -12.838462928045736 64.46043807284813 2584.418780433258 -2405.802915882427 -320.9903504868593 3545.439734057003 0.0001271059719459775 229.39459304646354 0.0012502816677467468
1612.0 -3217.3081033225444 -5395.273877009871 -1424.5610899814224 -120.80845650749885 -12.859772066580115 64.14255216637021 2531.5064815157025 -2355.9142771937 -321.6128647634108 3473.081050338799 0.0001328474573908802 229.9446863464641 0.0011963538798514606
1613.0 -3214.731478682118 -5395.843613824038 -1426.7629563695145 -120.78560691409365 -12.88063533081093 63.82401914503402 2478.4553430907013 -2305.9295023141353 -322.15153988388715 3400.5636844480828 0.00013884178935300717 230.52357974689494 0.001144789289962905
1614.0 -3212.205271757803 -5396.393598457944 -1428.9156483516622 -120.76323871840735 -12.901052047567807 63.504922495645005 2425.321079264369 -2255.9001119977393 -322.60629496986706 3327.9637129015814 0.00014509309595689762 231.12785380528214 0.0010955119679930654
1615.0 -3209.7296188860573 -5396.923981642301 -1431.01918062522 -120.74135257636136 -12.921022014278861 63.18534561594878 2372.161782314787 -2205.8797694108903 -322.9775497691096 3255.360437221348 0.00015160561773277113 231.74362202511782 0.0010484564211290341
1616.0 -3207.3045979208287 -5397.43493120195 -1433.0736207651673 -120.71994860351109 -12.940545515848317 62.86537132725888 2319.037352812933 -2155.923749798405 -323.2662054718385 3182.835606544358 0.000158383546029586 232.356797306712 0.001003554144221591
1617.0 -3204.930226624416 -5397.9266319572625 -1435.0790902697315 -120.6990263621672 -12.959623335572974 62.545081427856815 2266.008364884558 -2106.0878862291343 -323.47354196336306 3110.471865585383 0.00016543593687414236 232.9630101138822 0.000960726247449808
1618.0 -3202.6064631045115 -5398.399285163868 -1437.0357638511869 -120.67858486673371 -12.978256749472262 62.22455647425703 2213.133489871197 -2056.426177805591 -323.6008951591142 3038.3492241843032 0.00017277790696204693 233.5699668433345 0.0009198819597049425
1619.0 -3200.33320812002 -5398.853107558883 -1438.9438671440687 -120.65862260558465 -12.99644750559678 61.90387578879367 2160.4687975616193 -2006.9901459057537 -323.64957278780673 2966.5441033239126 0.00018042473408685718 234.18611410426644 0.0008809273316354697
1620.0 -3198.110307368628 -5399.288330421488 -1440.8036744368064 -120.63913756278556 -13.014197803553401 61.58311745260097 2108.0682830688 -1957.829329543602 -323.6209424327221 2895.1300634138756 0.00018838844012076047 234.81676419631788 0.0008437672137187877
1621.0 -3195.9375526687913 -5399.705198858379 -1442.615507334793 -120.62012723013457 -13.031510282917377 61.26235812663613 2055.9853537739887 -1908.9926711327898 -323.51667567849773 2824.179851357545 0.00019667564493386437 235.46187833841682 0.0008083063290269932
1622.0 -3193.8146819806443 -5400.103971304612 -1444.3797343868537 -120.60158860911393 -13.0483880208838 60.94167267785105 2004.2732556031356 -1860.5289153799595 -323.33884970895747 2753.7659922044995 0.0002052922124157929 236.12088281587717 0.000774447822674893
1623.0 -3191.741379528577 -5400.484918980588 -1446.0967706101508 -120.58351821386836 -13.064834529022384 60.62113378321775 1952.984628172172 -1812.4861991004918 -323.089917401743 2683.960184975405 0.0002142446203633363 236.79141215432568 0.0007421056734857987
1624.0 -3189.7172765659493 -5400.848325206756 -1447.767076466619 -120.56591207992037 -13.080853744851757 60.30081159552722 1902.1707261507577 -1764.9113319389344 -322.77261544240787 2614.832239802565 0.0002235411335291045 237.4669184796321 0.0007112215772979309
1625.0 -3187.741952870687 -5401.194484571354 -1449.3911562257108 -120.54876577935046 -13.096450017580063 59.980773494100895 1851.8809036454975 -1717.8493220694058 -322.3899036688822 2546.44937601532 0.00023319004495230065 238.14028272773638 0.0006817401386051494
1626.0 -3185.814938606974 -5401.523702028759 -1450.9695560230432 -120.5320744392208 -13.111628090950855 59.6610838732 1802.162246917494 -1671.343040018145 -321.9449195903839 2478.8757235653957 0.00024320245511910723 238.80750029687823 0.0006536045767924881
1627.0 -3183.935717168172 -5401.836291833442 -1452.5028611182568 -120.51583276852932 -13.126393078392097 59.341804079331695 1753.0579827673894 -1625.4317476782492 -321.4407032677457 2412.1701397335346 0.000253599426627514 239.47484231535805 0.0006267562395662205
1628.0 -3182.1037296423146 -5402.132576224739 -1453.9916918443018 -120.50003509914829 -13.140750425523313 59.02299262548145 1704.6065513547 -1580.1502451981141 -320.88000909494883 2346.3849369951636 0.00026440376393587357 240.15066777649687 0.0006011355557217693
1629.0 -3180.318379358188 -5402.412884146345 -1455.4366995256328 -120.484675427305 -13.154705872253261 58.70470544549963 1656.8422395837806 -1535.529465035796 -320.26538741441664 2281.5667562527774 0.00027563441690837915 240.84113850295884 0.0005766830677490952
1630.0 -3178.579035000679 -5402.6775502392065 -1456.8385635893876 -120.46974744258968 -13.168265426285162 58.38699592300667 1609.7974267950135 -1491.598558696331 -319.5995907419946 2217.759661014527 0.00028729300589912525 241.54183482724383 0.000553342148705545
1631.0 -3176.8850311540505 -5402.926914248963 -1458.197990766426 -120.45524453482189 -13.181435356784913 58.06991446053027 1563.5044204159337 -1448.3866003789062 -318.8859475005996 2155.0076715247874 0.00029937568529574176 242.2451320032552 0.0005310568534012037
1632.0 -3175.235668274289 -5403.161320497855 -1459.5157147371958 -120.44115979613682 -13.194222192413573 57.75350791541813 1517.9949189146712 -1405.9220906879968 -318.12829514000146 2093.354033866214 0.00031188071710552687 242.94425593909892 0.000509771995475816
1633.0 -3173.6302139280706 -5403.381117147615 -1460.792494745793 -120.42748603403852 -13.206632709425463 57.43781924361037 1473.2980537418714 -1364.2311451957157 -317.330599808709 2032.8385283284442 0.00032482397152358404 243.63849767945194 0.0004894400242988212
1634.0 -3172.067906596668 -5403.586655109368 -1462.0291121735413 -120.41421580633782 -13.218673899939827 57.122887636421716 1429.4382296395056 -1323.3354987419712 -316.49647986478857 1973.494493620995 0.0003382293503319966 244.32999190523287 0.00047001695978385257
1635.0 -3170.5479604767397 -5403.778286868568 -1463.2263663566985 -120.40134146439551 -13.230352932735604 56.808748890745456 1386.435345359805 -1283.2527153813544 -315.6291950284934 1915.349129310611 0.0003521198235466604 245.02072641693863 0.0004514590007342859
1636.0 -3169.0695696349135 -5403.956365460794 -1464.3850709625215 -120.3888551906245 -13.24167711931577 56.4954357013572 1344.3057105618202 -1243.9970419685649 -314.7317939710648 1858.424759308782 0.0003665108954918522 245.71064750819232 0.00043372511442576296
1637.0 -3167.631910947203 -5404.121243652475 -1465.5060513594028 -120.37674902550133 -13.252653889534987 56.18297774373973 1303.0632298979774 -1205.5805075440207 -313.8073455448848 1802.740467011315 0.00038141246530349276 246.39819794068185 0.0004167763975309653
1638.0 -3166.2341462653685 -5404.273273248055 -1466.5901426167447 -120.36501488792305 -13.2632907732951 55.87140161961806 1262.7196504610292 -1168.0131547203232 -312.8589744231093 1748.3124386496897 0.0003968340648529867 247.08187805375758 0.000400574237124634
1639.0 -3164.8754245482874 -5404.412804424718 -1467.638187549093 -120.35364459518412 -13.273595382611378 55.56073081347603 1223.284489631469 -1131.3029750699925 -311.8898216020251 1695.1538646370961 0.00041278696129010703 247.76247813479142 0.0003850837354039677
1640.0 -3163.554884187902 -5404.5401850728385 -1468.6510346286336 -120.34262988448374 -13.283575392314646 55.250985714923594 1184.7648135782879 -1095.4557063866039 -310.9029604506035 1643.2746328490311 0.00042928464204818983 248.44360245739347 0.0003702745819768072
1641.0 -3162.2716554779718 -5404.655760154819 -1469.6295358111404 -120.33196243549816 -13.293238519812585 54.94218370270915 1147.165266622226 -1060.474861981472 -309.90136739103895 1592.6813678039625 0.0004463404434686477 249.12895536088936 0.00035611690640099735
1642.0 -3161.0248629994294 -5404.759871109698 -1470.5745444526933 -120.32163389210356 -13.302592505642357 54.634339243406664 1110.4881461879486 -1026.3618019541027 -308.88790087213687 1543.3775321157214 0.00046397045920249403 249.81744527979083 0.00034257914468908084
1643.0 -3159.8136281428565 -5404.852855286994 -1471.486913151338 -120.31163588506656 -13.31164509316754 54.327464061827165 1074.733124949479 -993.11547826127 -307.8651786014394 1495.36303659716 0.00048219748285157157 250.4971192906166 0.0003296256418114753
1644.0 -3158.63707186647 -5404.935045409781 -1472.367491444799 -120.30196005647913 -13.320404006714917 54.0215674159436 1039.8972784749128 -960.7324622479291 -306.83552693685533 1448.6342721291376 0.0005010448159578212 251.15472952362163 0.00031722054604123496
1645.0 -3157.494317228342 -5405.006769109876 -1473.2171237168902 -120.29259808209594 -13.328876931629708 53.71665636738437 1005.9754229247933 -929.2072584328482 -305.80101685769745 1403.1845718094996 0.0005205356923893194 251.7810142429941 0.0003053308653135694
1646.0 -3156.3844916158605 -5405.068348536893 -1474.0366473676465 -120.28354169095279 -13.337071496806349 53.41273602489988 972.9603493279209 -898.5325223164568 -304.7634756807038 1359.004529475037 0.0005406949501033992 252.3852391598785 0.0002939358403421506
1647.0 -3155.306728774032 -5405.120100029239 -1474.8268911677017 -120.27478268312186 -13.344995258917141 53.1098097833097 940.8430347703502 -868.6992565451917 -303.7244957440811 1316.0822860722074 0.0005615475414846554 252.98213142236358 0.0002830185737235552
1648.0 -3154.2601705774746 -5405.162333845989 -1475.5886738347251 -120.26631294516848 -13.352655688728257 52.807879539491374 909.6129224027109 -839.6970703172352 -302.68546932892275 1274.4039123622533 0.0005831176083262436 253.58502576343903 0.00027256187289122804
1649.0 -3153.2439684918963 -5405.195353955811 -1476.322802867095 -120.25812446289626 -13.360060159873369 52.506945864483946 879.2582505040269 -811.5144837157734 -301.64764813495503 1233.9538613680943 0.000605425222085821 254.19263557899723 0.0002625424697493761
1650.0 -3152.257284643392 -5405.219457876586 -1477.0300736875101 -120.25020933076001 -13.367215940642478 52.207008099270986 849.7664070702527 -784.1392552045794 -300.6122230457182 1194.7154585014657 0.0006284875503928432 254.79371590026028 0.00025293307267261413
1651.0 -3151.299292626034 -5405.2349365507935 -1477.7112689947523 -120.24255975904423 -13.374130187788696 51.90806440286781 821.1240615805408 -757.5585031498758 -299.5803385075527 1156.6710809134565 0.0006523214470223396 255.37709181021782 0.00024370679067100854
1652.0 -3150.3691782525625 -5405.242074245558 -1478.3671581725396 -120.23516808047584 -13.38080994084264 51.6101118091871 793.3171327167152 -731.7586758847582 -298.55305003372644 1119.8021059450307 0.0006769510616882188 255.93535905150026 0.00023484056749359795
1653.0 -3149.4661405781417 -5405.241148476383 -1478.9984965238566 -120.228026758887 -13.38726211457067 51.313146399994146 766.3304154626 -706.7252077018169 -297.5311468773164 1084.0883765756316 0.000702412676670947 256.467119120352 0.00022631732537505445
1654.0 -3148.589393201395 -5405.232429967246 -1479.6060243366196 -120.22112839990413 -13.393493489600345 51.01716360766813 740.1476128887108 -682.442548411755 -296.51510876698364 1049.50823268552 0.0007287430064247182 256.9715539717923 0.00021812079270520384
1655.0 -3147.7381653587818 -5405.216182655755 -1480.190466125409 -120.21446575979479 -13.399510704709378 50.722158497756816 714.7516031197407 -658.8944096815447 -295.50515396061076 1016.0388739064638 0.0007559800048846295 257.44795570066367 0.00021023602397442882
1656.0 -3146.9117028394903 -5405.192663738975 -1480.7525300271122 -120.20803175270603 -13.40532025056545 50.42812603614759 690.1244936837517 -636.0638151336568 -294.5012091601849 983.656421674483 0.0007841703646601419 257.8960629837724 0.0002026533039106838
1657.0 -3146.1092689043553 -5405.162123760373 -1481.29290722235 -120.20181945774311 -13.410928463606023 50.13506140156486 666.2476867624895 -613.9331604599936 -293.50288324987514 952.3359953843782 0.0008133625813232156 258.31574921091953 0.00019536455499180269
1658.0 -3145.330145012223 -5405.1248067322285 -1481.812271516316 -120.19582212435834 -13.41634152144074 49.84296027345257 643.1021516480096 -592.4844643907458 -292.50953284538497 922.0520835636746 0.0008436028417365227 258.7069696846379 0.0001883616535370582
1659.0 -3144.5736311581286 -5405.080950276721 -1482.3112792042173 -120.19003317457643 -13.421565441103164 49.551819014719456 620.6689090063992 -571.6998144852348 -291.52044069538886 892.7792223348836 0.0008749129356492765 259.07117216756416 0.00018163299886742054
1660.0 -3143.839045398951 -5405.0307857413045 -1482.7905694874241 -120.18444619889732 -13.4266060829998 49.26163456664584 598.9297877052561 -551.5620634112544 -290.5351555566635 864.4930751657172 0.0009072930346461036 259.41112055292734 0.00017516393603996227
1661.0 -3143.125722879767 -5404.974538273055 -1483.2507652104396 -120.17905494842218 -13.431469158252204 48.97240414352715 577.8674462526401 -532.0548473074989 -289.5535271558487 837.1704671513124 0.0009407424087766346 259.7295736724221 0.00016893995558808731
1662.0 -3142.4330150585783 -5404.912426882406 -1483.6924734515205 -120.17385332858804 -13.436160234572753 48.684124985443894 557.4649923040924 -513.162234166972 -288.57554147936463 810.7888377129698 0.0009752933823790511 260.026595869822 0.00016294695718296353
1663.0 -3141.7602900858305 -5404.844664598742 -1484.1162853687604 -120.16883540161827 -13.440684734267874 48.39679458332108 537.7044206943822 -494.86728534936856 -287.600505769656 785.3239618541487 0.0010110768670911292 260.2943353744973 0.00015717155410035962
1664.0 -3141.1069348868937 -5404.7714588344115 -1484.5227749989285 -120.16399540150468 -13.445047920939224 48.110411670567466 518.5659509006655 -477.1514465669636 -286.62659113955954 760.7489409409267 0.0010482394163540386 260.52362051461654 0.00015160070517394075
1665.0 -3140.4723571041955 -5404.69301183855 -1484.912498216868 -120.1593277474689 -13.449254887562283 47.82497726031672 500.0287276589557 -459.9951937241246 -285.65106819563624 737.0351684247075 0.0010869166182413648 260.7060877455856 0.0001462219506815544
1666.0 -3139.855985900741 -5404.609521111839 -1485.285992464597 -120.15482704858344 -13.453310552537111 47.54049527410837 482.0722020420562 -443.3793038336198 -284.670989570833 714.1543162040679 0.001127133955225191 260.84235300908006 0.00014102748262978954
1667.0 -3139.257270463116 -5404.521179555508 -1485.6437779060134 -120.15048809137805 -13.457219671065666 47.2569721574164 464.67803659786034 -427.28660621450103 -283.6843068532199 692.0811422814094 0.0011688367816798456 260.93953806149153 0.00013601289669887043
1668.0 -3138.675677290312 -5404.428175391477 -1485.9863592723777 -120.14630581886024 -13.460986854244837 46.974415874215545 447.83003673063314 -411.7019168651821 -282.6899548981339 670.7934262863155 0.0012119690424850294 261.0047836656689 0.00013117393883863284
1669.0 -3138.1106879938684 -5404.330692056359 -1486.3142273315898 -120.14227531369073 -13.464616584392344 46.692835045836404 431.5134539475254 -396.6113955813844 -281.6875420023144 650.2709676450596 0.001256526843444103 261.0427407147259 0.00012650602066341447
1670.0 -3137.5617986198554 -5404.228908277894 -1486.6278594186433 -120.13839179257054 -13.468113220256802 46.412238771193664 415.71319463476897 -382.0008982122041 -280.67625216307664 630.4929063492206 0.0013026625348009464 261.050822572269 0.00012200343087535761
1671.0 -3137.028521013644 -5404.122998521198 -1486.9277187925954 -120.13465061511818 -13.471480989174347 46.13263748437748 400.4129497210536 -367.8551772022264 -279.65419101940915 611.4363648438949 0.0013505541491808505 261.02515312827234 0.000117660330611398
1672.0 -3136.5103842843 -5404.013133539411 -1487.2142539961305 -120.1310472930584 -13.474723978948893 45.854043950451775 385.5956943922148 -354.15834166380404 -278.61859244531763 593.0771371078808 0.0014003710382740784 260.961978828076 0.00011347097513861852
1673.0 -3136.006935507511 -5403.899480855409 -1487.4878987001741 -120.12757749369183 -13.47784613488352 45.576473945784386 371.24447325848564 -340.894578993398 -277.56628174980665 575.3908355860993 0.0014521993821926325 260.8582311982674 0.00010942935296190092
1674.0 -3135.5177390820013 -5403.782204989987 -1487.7490723151561 -120.12423703384928 -13.480851265371875 45.29994624824892 357.343514587547 -328.04917760490514 -276.4944762306687 558.3545878123567 0.0015060489789589008 260.71147783299244 0.00010552921463024768
1675.0 -3135.0423752066854 -5403.661467464451 -1487.998181061194 -120.12102186790241 -13.483743052826265 45.02448211772554 343.8783475414865 -315.60863315151846 -275.40094484363743 541.9472369598367 0.0015619249505369167 260.51938467100246 0.00010176441527728439
1676.0 -3134.5804384750136 -5403.537426770576 -1488.235618933483 -120.11792807684348 -13.486525063629633 44.75010478424537 330.83557029147687 -303.56043423079933 -274.2839099067201 526.1490045929917 0.0016198482291007105 260.28038955940724 9.812911536916635e-05
1677.0 -3134.131536959505 -5403.410238415696 -1488.4617683764866 -120.11495186089932 -13.489200754896686 44.47683917272929 318.20226031938006 -291.8925201582116 -273.14162387842623 510.9405723678813 0.0016799291067679395 259.9965956055454 9.46185935963473e-05
1678.0 -3133.6952921387933 -5403.280055176685 -1488.6770005129413 -120.11208953786227 -13.491773476086802 44.20471211231407 305.96550966803113 -280.59285414945714 -271.97197878262784 496.3023273661879 0.0017423028729204103 259.6712516464329 9.122853640333954e-05
1679.0 -3133.271339012307 -5403.147027422406 -1488.8816752888465 -120.10933754259197 -13.494246469560702 43.933752676544245 294.11255232279996 -269.64954007630365 -270.7725799376429 482.2145351845805 0.0018070990559459527 259.30756225278043 8.795470756262949e-05
1680.0 -3132.8593259940144 -5403.011303390304 -1489.0761417412125 -120.10669242497252 -13.49662287252292 43.66399240704882 282.6309382422292 -259.05098182510824 -269.5408796838873 468.65759810014725 0.0018744305932384567 258.9091722412883 8.479344227933559e-05
1681.0 -3132.458914533649 -5402.8730293829785 -1489.2607384010496 -120.10415084607183 -13.49890572057508 43.39546536977752 271.5087459477775 -248.7860777510681 -268.2743754583862 455.61239243076176 0.0019443837014358506 258.48062059841686 8.174210820670334e-05
1682.0 -3132.0697784948024 -5402.732349874038 -1489.4357938036414 -120.10170957278444 -13.501097952625683 43.12820804264024 260.73467402838554 -238.84430389705807 -266.9707230791546 443.0604233354242 0.0020170365673845667 258.02646585867257 7.879821644983959e-05
1683.0 -3131.6916034697388 -5402.589407568963 -1489.6016270118432 -120.09936547217448 -13.50320241606231 42.862259138713824 250.29803754051676 -229.21570996943433 -265.6277714880208 430.98383064694895 0.002092461690023256 257.55091356926664 7.595928112519547e-05
1684.0 -3131.3240860925666 -5402.444343437554 -1489.758548120785 -120.09711550593137 -13.505221871815458 42.59765940156742 240.18874885763591 -219.89090107050316 -264.24358541594506 419.36537277756753 0.002170726981388161 257.05273200932606 7.322240410854994e-05
1685.0 -3130.9669333687093 -5402.297296723222 -1489.9068587350437 -120.09495672505707 -13.507158999207592 42.33445138370921 230.39728762710138 -210.86100947710747 -262.81645798782284 408.1883952942503 0.0022518954773163937 256.52570736098687 7.0584309135086e-05
1686.0 -3130.619862026134 -5402.148404930818 -1490.046852415665 -120.09288626482069 -13.509016400555632 42.072679211560406 220.91467290641197 -202.11766844494497 -261.3449258844712 397.43680615731535 0.0023360239088740806 255.96365919860358 6.80417459351353e-05
1687.0 -3130.28259788703 -5401.997803792465 -1490.1788150975842 -120.0909013399726 -13.510796605534322 41.81238833587547 211.7324281133735 -193.65297946776974 -259.82777607363016 387.0950410311372 0.002423170365952177 255.36182367038492 6.55915565264947e-05
1688.0 -3129.9548753483923 -5401.845627252237 -1490.3030254437826 -120.08899924073307 -13.512502074838824 41.553625337195584 202.84241660748597 -185.45936129109853 -258.2638887598954 377.147791857583 0.0025134606828582855 254.72676121547283 6.323110491341417e-05
1689.0 -3129.6364371992054 -5401.692007585291 -1490.4197550567187 -120.0871773308322 -13.514135202003608 41.29643797589792 194.2366312122511 -177.5293571026563 -256.65198986529185 367.57963142668876 0.002607052056790893 254.0709840199294 6.0958045948703645e-05
1690.0 -3129.3270345512346 -5401.537075569373 -1490.52926864638 -120.0854330462095 -13.515698314627034 41.04087533219066 185.90724905998087 -169.85568453158288 -254.99071207316513 358.3751136230335 0.0027040904122325954 253.4066587116836 5.877005477765641e-05
1691.0 -3129.026426637463 -5401.380960594735 -1490.631824248347 -120.08376389294378 -13.517193676283897 40.786987842058295 177.84671804146416 -162.43131442030904 -253.2787125147975 349.5189454601607 0.0028047019901677873 252.74348892812165 5.666473808472808e-05
1692.0 -3128.734380438813 -5401.223790679022 -1490.727673496307 -120.08216744425489 -13.518623489266178 40.53482718287688 170.04788517861604 -155.24958770510392 -251.5148751771548 340.99626122833706 0.002908952041170716 252.0776853261899 5.463916317077601e-05
1693.0 -3128.450670072157 -5401.065692333902 -1490.817061959187 -120.0806413362892 -13.519989898409095 40.28444593365584 162.50409661581884 -148.3043061253844 -249.69850843036878 332.79286913124514 0.003016876144097235 251.40042212592826 5.269021873358876e-05
1694.0 -3128.1750761039298 -5400.9067903532305 -1490.9002294761067 -120.07918326367229 -13.521294995119753 40.035897133077725 155.20916156322676 -141.589698579053 -247.82936600588698 324.8952465514797 0.0031285003256829617 250.7032593817269 5.081484570511478e-05
1695.0 -3127.907384914557 -5400.74720758634 -1490.9774104454839 -120.07779097553075 -13.522540820979696 39.78923383960454 148.15729389821283 -135.10036713581528 -245.90763127579947 317.29049159271705 0.0032438499862913893 249.9797118140625 4.9010153478602745e-05
1696.0 -3127.6473881709107 -5400.587064734402 -1491.0488340544432 -120.076462272264 -13.523729370671049 39.54450875017024 141.34299726883512 -128.8311816348491 -243.9337975203106 309.96614945998425 0.0033629949493690866 249.233121933619 4.727400932478053e-05
1697.0 -3127.394882492677 -5400.426480232164 -1491.1147244314507 -120.07519500346163 -13.524862593873426 39.30177396768168 134.76096150057333 -122.77718480059677 -241.90854033509353 302.9100456227467 0.0034860132271327393 248.47032353337195 4.560456580701679e-05
1698.0 -3127.1496691859 -5400.265570150641 -1491.1753007663963 -120.07398706625678 -13.525942396767466 39.06108081163722 128.4060593250389 -116.93358893861165 -239.8327440004874 296.11032637895784 0.0036129695216980573 247.6978765420737 4.399998104725602e-05
1699.0 -3126.9115539544114 -5400.104448067851 -1491.230777424099 -120.07283640364972 -13.52697064356236 38.822479589919794 122.27334589294105 -111.295775156337 -237.707536167497 289.55551010872966 0.003743920899628421 246.92177699574668 4.245839228302065e-05
1700.0 -3126.680346629122 -5399.943224932381 -1491.2813640403635 -120.07174100300517 -13.52794915786525 38.58601936948183 116.35801337832936 -105.85925170588956 -235.5342380024622 283.23443597218693 0.0038789603596789076 246.14534043195923 4.097770875241859e-05
1701.0 -3126.4558610021395 -5399.782008982326 -1491.3272655828969 -120.07069889512704 -13.528879723532343 38.35174783681473 110.65533198427045 -100.6196000563109 -233.3142740339928 277.13617028466376 0.004018190300885345 245.37049121883373 3.955574175692968e-05
1702.0 -3126.2379146921166 -5399.6209056756925 -1491.3686823982762 -120.06970815352771 -13.529764085344192 38.11971118027577 105.16066185279486 -95.57248555466055 -231.04921328582603 271.25007604867653 0.004161696014259564 244.59905376876574 3.819033492196953e-05
1703.0 -3126.026328966458 -5399.4600175800015 -1491.4058102609927 -120.06876689354172 -13.53060394981866 37.88995391782001 99.86946710376554 -90.71366998094072 -228.74082247747103 265.5658943627194 0.004309545692853669 243.83267059471547 3.6879369405667965e-05
1704.0 -3125.8209285331795 -5399.299444226199 -1491.4388404191245 -120.06787327136169 -13.53140098609095 37.66251867940533 94.77731893358775 -86.0390141184314 -226.39110349766491 260.07380467398303 0.004461791192276855 243.07062301247223 3.5620815241336645e-05
1705.0 -3125.621541319532 -5399.13928193683 -1491.467959631557 -120.067025483087 -13.532156826780414 37.437445959537754 89.87989022012394 -81.54447259140291 -224.00231608635195 254.76446629826836 0.004618468454534098 242.30988647486947 3.4412731530609236e-05
1706.0 -3125.4279982503103 -5398.979623637188 -1491.4933501937155 -120.06622176384737 -13.532873068788403 37.21477385289967 85.1729448563841 -77.22608392032879 -221.57698938891556 249.6290463865011 0.004779597572183274 241.54752484121693 3.3253213186976226e-05
1707.0 -3125.2401330353705 -5398.820558657017 -1491.5151899503876 -120.06546038704269 -13.53355127399038 36.9945377837033 80.65232326355982 -73.07995712882033 -219.11792291119406 244.6592355147787 0.004945183403639814 240.78080648592172 3.214038953763084e-05
1708.0 -3125.057781975362 -5398.662172531243 -1491.5336522951723 -120.06473966373169 -13.534192969793935 36.776770240173676 76.3139232267871 -69.1022541436297 -216.62817142119553 239.84724526099026 0.005115226703639593 240.0085726469443 3.107243715480864e-05
1709.0 -3124.8807838155913 -5398.504546828024 -1491.5489061551286 -120.06405794227648 -13.534799649466617 36.56150055219838 72.15366225488403 -65.28915552378392 -214.1109694595857 235.1857394671802 0.0052897517451111235 239.23477077684302 3.0047611098314945e-05
1710.0 -3124.708979672723 -5398.347759031382 -1491.561115962121 -120.06341360831533 -13.535372772171257 36.348754747442435 68.16745228529234 -61.63683747776632 -211.56967336751697 230.66778703183937 0.005468775222439951 238.4642442570593 2.9064211032503922e-05
1711.0 -3124.542212983914 -5398.191882439966 -1491.5704416196243 -120.06280508483889 -13.535913762908478 36.138555431063985 64.35119742599103 -58.1414697920527 -209.00776039426682 226.2868777122666 0.005652297909941681 237.7015140372004 2.8120572508411672e-05
1712.0 -3124.3803294583167 -5398.036986065967 -1491.5770384680325 -120.06223083228431 -13.536424012442707 35.930921666523446 60.700790969174605 -54.799213116302646 -206.42882357167161 222.0369315758838 0.005840306074013521 236.95074145339026 2.7215069615981988e-05
1713.0 -3124.2231770401586 -5397.883134543804 -1491.581057248648 -120.06168934867658 -13.536904877186767 35.725868870099774 57.21210621725791 -51.6062106859264 -203.8365421161379 217.9122804732195 0.006032796170337861 236.21337567633026 2.634618878601173e-05
1714.0 -3124.0706059180243 -5397.730388084742 -1491.582644067012 -120.06117916992525 -13.53735767894772 35.52340876654256 53.88097432579046 -48.55856839199164 -201.234595985912 213.90758887937906 0.006229786577301409 235.48709700006353 2.5512562796602604e-05
1715.0 -3123.922468578972 -5397.578802481302 -1491.581940359212 -120.06069887024859 -13.537783704560828 35.32354940928332 50.70318250103655 -45.65235329908232 -198.62663650979934 210.01783450143847 0.00643128247328378 234.7694350232986 2.471286096409526e-05
1716.0 -3123.7786198605554 -5397.428429118689 -1491.579082864511 -120.06024706254874 -13.538184205567747 35.12629520715936 47.67448227756472 -42.88360126969294 -196.01628981726884 206.23832183185397 0.006637273751024857 234.0580945698187 2.394578043173725e-05
1717.0 -3123.638916995329 -5397.279314988011 -1491.5742036045142 -120.05982239871858 -13.538560397956083 34.93164695062279 44.79059588081357 -40.2483228592435 -193.40715349773606 202.56468595596098 0.00684773631682763 233.35097382107992 2.3210046328888754e-05
1718.0 -3123.5032196531834 -5397.1315027069095 -1491.5674298689746 -120.05942356989695 -13.538913461945933 34.73960184480343 42.047221102823556 -37.74250787693665 -190.80278622616228 198.99288664416358 0.007062634638049154 232.6473525422507 2.2504357762953038e-05
1719.0 -3123.3713899863 -5396.985030553246 -1491.5588842087902 -120.05904930668476 -13.539244541812225 34.550153556643984 39.440035196663786 -35.36212907582767 -188.20669060803772 195.51919327452026 0.0072819235161065594 231.9483272951514 2.1827368374450074e-05
1720.0 -3123.243292678671 -5396.8399325149485 -1491.548684436951 -120.05869837932242 -13.539554745742349 34.36329227980878 36.964699464742154 -33.103146481038074 -185.62229557310468 192.14016739685852 0.0075055475586768595 231.2550445353188 2.1177768307069753e-05
1721.0 -3123.1187949993246 -5396.696238356163 -1491.5369436381195 -120.0583695978217 -13.53984514573544 34.179004817249954 34.616864494287455 -30.96151231201644 -183.05293835625045 188.85264306575175 0.0077334423250450405 230.56855406382556 2.0554291306027474e-05
1722.0 -3122.9977668592396 -5396.553973700643 -1491.52377018752 -120.05806181204727 -13.540116777547736 33.997274682352554 32.39217586075988 -28.93317633611011 -180.5018454672508 185.65370442567024 0.007965535598909687 229.88981256741886 1.9955714762559782e-05
1723.0 -3122.8800808730743 -5396.413160134712 -1491.5092677799098 -120.05777391174608 -13.5403706406852 33.81808222134272 30.286278337892654 -27.014089902150474 -177.97210141135753 182.54064914307799 0.008201781385036756 229.2198494796159 1.9380871316748777e-05
1724.0 -3122.765612461943 -5396.273815374706 -1491.4935354741976 -120.05750482660628 -13.540607698372266 33.641404813691274 28.294804278860624 -25.20019589760399 -175.46651518021562 179.510845833742 0.00844224814525088 228.56020220608795 1.8828679906816686e-05
1725.0 -3122.654240028545 -5396.135953541676 -1491.4766677611658 -120.05725352639759 -13.540828877450762 33.46721720349882 26.413375444301593 -23.487430817124093 -172.98753918919917 176.5616451086859 0.008687015576657242 227.91240616288883 1.8298108817842635e-05
1726.0 -3122.5458451192862 -5395.9995854442905 -1491.4587546459213 -120.05701902097015 -13.541035068406327 33.295491834972054 24.63762675286371 -21.87174636951225 -170.5373175749345 173.69042180534814 0.008936144960834176 227.27784925328618 1.7788164780126067e-05
1727.0 -3122.4403125386866 -5395.864718825036 -1491.4398817384354 -120.05680036004239 -13.541227125582813 33.12619913574471 22.963226974276296 -20.349128264805408 -168.11773427331462 170.89461486952263 0.009189680712868412 226.65778057596742 1.729789284747395e-05
1728.0 -3122.337530425004 -5395.7313585762995 -1491.4201303504674 -120.05659663281912 -13.541405867548429 32.95930775753711 21.385895221387457 -18.9156111791414 -165.73045080620673 168.1717550159037 0.009447651168424578 226.05331338747914 1.682637655716905e-05
1729.0 -3122.237390290172 -5395.599506926338 -1491.3995775967132 -120.05640696746332 -13.54157207759141 32.79478477514186 19.901418395879674 -17.56729447429228 -163.37696997661013 165.5195173024998 0.009709979965796981 225.4647518383264 1.6372805983199657e-05
1730.0 -3122.139786970648 -5395.469163520375 -1491.378296486163 -120.05623053034194 -13.541726504415427 32.63259575157054 18.505681135217586 -16.300368817834055 -161.0588300261229 162.93590453690467 0.009976411106411533 224.89101954036448 1.5936535023521097e-05
1731.0 -3122.0446184890543 -5395.340325388728 -1491.3563559981874 -120.05606652508146 -13.5418698630018 32.47270466115675 17.194671964587002 -15.111121603651544 -158.77764835368876 160.4192767619208 0.010246680158836806 224.33094768320032 1.5516950824580222e-05
1732.0 -3121.95178593649 -5395.212986943243 -1491.333821163591 -120.05591419165727 -13.542002835441775 32.31507384778233 15.96447521559383 -13.99592982573191 -156.5350451597835 157.96825910217402 0.01052053632172942 223.78343578246245 1.5113456950625193e-05
1733.0 -3121.8611933967686 -5395.087140033073 -1491.3107531570797 -120.05577280554243 -13.542126071716893 32.15966405614978 14.811266472403247 -12.95125614192851 -154.33257814690012 155.5816612831969 0.010797742547648887 223.2474478275889 1.4725473357670209e-05
1734.0 -3121.772747901563 -5394.962774048101 -1491.287209400791 -120.05564167688313 -13.542240190456573 32.00643452085205 13.731311198699672 -11.973647791769185 -152.17169196547542 153.25841244222912 0.011078075538462167 222.72200868700756 1.4352436483394009e-05
1735.0 -3121.686359408186 -5394.839876060757 -1491.263243678327 -120.05552014967671 -13.542345779694156 31.855343101257926 12.720964553440254 -11.059736598342806 -150.05366806630286 150.9974967108621 0.011361376938758062 222.2065073546071 1.3993767379802089e-05
1736.0 -3121.601940830258 -5394.718431051284 -1491.2389062690363 -120.0554076009859 -13.542443397592177 31.706346517146567 11.776662577738051 -10.206231527926178 -147.9794579262764 148.7977718637821 0.011647725682902576 221.70172590323176 1.3648764273885304e-05
1737.0 -3121.519408158464 -5394.598422273645 -1491.2142441157869 -120.05530344022219 -13.542533573109491 31.55940075442684 10.894921179561777 -9.409918173262177 -145.94957141975382 146.65784419916372 0.011937253954450396 221.20874225839938 1.3316717541378619e-05
1738.0 -3121.4386805763215 -5394.479831629057 -1491.1893010013898 -120.05520710835363 -13.542616806735566 31.414461476913655 10.072350158710286 -8.66767128250407 -143.96414707583682 144.57612668229285 0.012230079255444868 220.72852754721075 1.299695202955389e-05
1739.0 -3121.359680524327 -5394.362639977032 -1491.1641177181318 -120.05511807698983 -13.542693571333027 31.271484358773336 9.305664875750729 -7.976465096275486 -142.02302788702673 142.55090264327004 0.012526305420479061 220.26195489414206 1.2688826097732665e-05
1740.0 -3121.2823337207415 -5394.246827391209 -1491.138732229649 -120.05503584737508 -13.542764313060083 31.130425347652753 8.591694487235998 -7.333380580822013 -140.12582449458586 140.58037692079452 0.012826023597795796 219.80980756393288 1.2391730480093877e-05
1741.0 -3121.2065691477324 -5394.13237336888 -1491.1131798251645 -120.05495994931937 -13.542829452347139 30.991240870190087 7.927387434431118 -6.735610182218885 -138.271967523738 138.66271639827355 0.013129313180385717 219.37278637213439 1.2105087037442348e-05
1742.0 -3121.132319009361 -5394.019257000694 -1491.087493266008 -120.05488994008768 -13.542889384908872 30.853887988536155 7.309815160694654 -6.18046096165553 -136.46075824698315 136.79608925961168 0.013436208528142748 218.9511329122279 1.1828370914565927e-05
1743.0 -3121.05951865035 -5393.9074570808025 -1491.061702918627 -120.05482540325147 -13.542944482788023 30.71832448449917 6.736176784718523 -5.665358426511602 -134.6914658938678 134.97875147005465 0.01374662576971363 218.5438036083497 1.1561160051907207e-05
1744.0 -3120.9881064283727 -5393.796952143205 -1491.0358368693826 -120.05476594750955 -13.542995095423969 30.584508854724934 6.203799773711907 -5.187846849171201 -132.96338475807076 133.20909343166304 0.01406046065475604 218.14956225397964 1.1303067115923157e-05
1745.0 -3120.9180235802132 -5393.687720483624 -1491.009921033651 -120.05471120552677 -13.543041550704643 30.452400289383718 5.710136397756948 -4.74558597886287 -131.27582397335783 131.48561976067117 0.014377612973248776 217.76724816470636 1.1053721916506838e-05
1746.0 -3120.8492140977323 -5393.579740190992 -1490.9839792646062 -120.05466083280561 -13.543084155987973 30.321958663671044 5.25276016940856 -4.336347748188498 -129.62809574041364 129.80692819135808 0.0146979865994471 217.39577148840533 1.081277061167387e-05
1747.0 -3120.781624612154 -5393.472989186415 -1490.9580334612472 -120.05461450658979 -13.54312319909441 30.193144539467294 4.829362471578044 -3.958013142448678 -128.01950668595552 128.17169228044503 0.015021489496213701 217.03410881368302 1.0579874968215138e-05
1748.0 -3120.715204285131 -5393.367445267201 -1490.9321036751082 -120.05457192479794 -13.543158949272234 30.065919174284442 4.437749287633743 -3.6085691548098424 -126.44935185979723 126.57864739302497 0.01534803368447218 216.68129905149766 1.0354711668787202e-05
1749.0 -3120.649904705354 -5393.263086153966 -1490.9062082151581 -120.054532804987 -13.54319165813517 29.940244535059204 4.075837961970301 -3.2861057643227767 -124.91691064719993 125.02657922148828 0.015677537511614485 216.33645902921592 1.0136971010668431e-05
1750.0 -3120.5856797922756 -5393.159889543272 -1490.8803637514577 -120.05449688334654 -13.543221560572274 29.81608331981255 3.7416534872456353 -2.988812530709307 -123.42142925497724 123.51429945760813 0.01600998181204884 215.99924995775072 9.926340659579844e-06
1751.0 -3120.52248572073 -5393.0578331879715 -1490.8545854231563 -120.05446391373151 -13.543248875623126 29.693399013788905 3.4333241344905474 -2.7149746813890765 -121.96207775493853 122.04059657521644 0.01634540805848462 215.66986046317186 9.722505573271398e-06
1752.0 -3120.4602808593427 -5392.956894994215 -1490.8288869482315 -120.05443366672783 -13.543273807323521 29.572155966771533 3.1490787454496783 -2.4629705490104428 -120.53795568694447 120.60423575504355 0.016683855676844658 215.34848230262617 9.525164856842908e-06
1753.0 -3120.3990257026503 -5392.857053102684 -1490.8032807267602 -120.0544059287404 -13.543296545530273 29.45231945253862 2.887244254644564 -2.2312691621017464 -119.14811413881621 119.20397579064257 0.017025359222933 215.03528627803178 9.334031972698676e-06
1754.0 -3120.3386827959157 -5392.758285951836 -1490.7777779369274 -120.05438050110543 -13.543317266723067 29.333855707929004 2.646242807669573 -2.018427481144659 -117.7915741546651 117.83858278309252 0.017369948675906872 214.7304240743328 9.148834077728591e-06
1755.0 -3120.2792166548247 -5392.660572326203 -1490.7523886243312 -120.05435719923095 -13.543336134780573 29.21673195528076 2.4245885752985856 -1.8230873707486346 -116.4673416882802 116.50684081741923 0.01771764972125167 214.43402991742147 8.969311365892796e-06
1756.0 -3120.2205936818445 -5392.563891392348 -1490.7271217851185 -120.05433585176733 -13.543353301728667 29.100916411409386 2.220884354636894 -1.6439723897853398 -115.17441962582649 115.20756011946878 0.01806848402291261 214.1462220700523 8.795216423224541e-06
1757.0 -3120.1627820807507 -5392.468222724678 -1490.7019854434268 -120.05431629980944 -13.543368908459506 28.986378285830376 2.033818030689993 -1.47988446516732 -113.91181733543368 113.93958312401101 0.018422469477522685 213.86710407729882 8.626313606599116e-06
1758.0 -3120.1057517704185 -5392.373546322857 -1490.6769867235464 -120.05429839613217 -13.54338308542063 28.873087770329555 1.8621589716091123 -1.3297005121194871 -112.67855900436332 112.70178968759663 0.018779614991429914 213.5966812884908 8.46238337178068e-06
1759.0 -3120.0494742972605 -5392.279842619695 -1490.652131916476 -120.05428200445822 -13.543395953273839 28.761016018527094 1.7047544671425285 -1.1923690854475169 -111.47369542464453 111.49310608040118 0.019139911425821773 213.33471795799338 8.303230075040964e-06
1760.0 -3119.993922746195 -5392.1870924793275 -1490.6274265408301 -120.05426699875925 -13.543407623524281 28.65013511526957 1.5605260804104475 -1.0669069720209556 -110.29631053659575 110.31250903736961 0.01950334533750743 213.08094687570812 8.148669249544435e-06
1761.0 -3119.9390716539465 -5392.0952771920465 -1490.6028753998012 -120.0542532625906 -13.54341819911835 28.54041804337874 1.428465951385867 -0.9523957639425369 -109.14552147236653 109.1590235855024 0.01986990190085982 212.83511166378483 7.99852465401208e-06
1762.0 -3119.8848969261053 -5392.004378468321 -1490.5784826349156 -120.05424068845984 -13.543427775011699 28.43183865083009 1.3076331823618261 -0.8479785118680567 -108.02047799613376 108.03172052045372 0.020239565049105842 212.5969662519286 7.852627843329698e-06
1763.0 -3119.831375757977 -5391.914378432241 -1490.5542517767278 -120.0542291772278 -13.54343643870708 28.324371618557723 1.1971503204013558 -0.752856470638438 -106.92036177356519 106.92971394119166 0.020612317604782788 212.36627437983685 7.710817763551391e-06
1764.0 -3119.778486559199 -5391.825259614546 -1490.5301857925836 -120.05421863754145 -13.543444270763782 28.217992429069476 1.0961999429498945 -0.6662859426136194 -105.84438551542651 105.85215886513829 0.020988141400003966 212.1428091257757 7.572940370083776e-06
1765.0 -3119.726208882068 -5391.7370049453375 -1490.5062871315652 -120.05420898529776 -13.543451345278962 28.11267733593355 1.0040213514369114 -0.5875752228834408 -104.79179203175244 104.79824893929641 0.021367017387406553 211.92635246005926 7.43884826773734e-06
1766.0 -3119.67452335351 -5391.6495977466175 -1490.4825577667455 -120.05420014313735 -13.543457730342013 28.008403334268138 0.9199073765428736 -0.5160816494989504 -103.76185322596571 103.76721425738101 0.021748925742251225 211.7166948223886 7.308400371494096e-06
1767.0 -3119.623411610602 -5391.56302172467 -1490.4589992348606 -120.05419203996685 -13.543463488463022 27.905148132230853 0.8432012979268393 -0.45120876103827356 -102.75386906534656 102.75831930152053 0.022133845838327955 211.5136138709971 7.181462386840415e-06
1768.0 -3119.572856239517 -5391.47726096234 -1490.435612673498 -120.05418461050904 -13.543468676976033 27.802890123487682 0.773293881279443 -0.39240356350970984 -101.76716668270737 101.7708611470367 0.02252175586521246 211.3167912423208 7.0579096878979116e-06
1769.0 -3119.522840717717 -5391.392299911107 -1490.4123988558815 -120.05417779487986 -13.543473348418336 27.701608360560613 0.7096205319700744 -0.3391539063181419 -100.80109944122185 100.80416774732412 0.0229126333503127 211.1258901126738 6.937624042930065e-06
1770.0 -3119.4733493593812 -5391.308123383202 -1490.3893582234023 -120.05417153819059 -13.543477550886633 27.601282529213 0.6516585646467163 -0.29098596711603975 -99.85504579360975 99.85759611647897 0.023306455427727277 210.9405892109985 6.820492027904008e-06
1771.0 -3119.4243672639873 -5391.224716543808 -1490.3664909160202 -120.05416579017499 -13.543481328370921 27.501892923999577 0.5989245906636853 -0.24746184644521563 -98.92840815564197 98.93053061739857 0.02370319890333175 210.76058201695506 6.706404792088435e-06
1772.0 -3119.375880267917 -5391.14206490341 -1490.3437968006383 -120.05416050483977 -13.543484721067669 27.40342042488372 0.5509720227520347 -0.20817727141252007 -98.0206118240597 98.02238137440439 0.024102840314264944 210.58557599306891 6.595257837357501e-06
1773.0 -3119.32787489895 -5391.060154310252 -1490.3212754975375 -120.0541556401372 -13.54348776567229 27.30584647493623 0.5073886956675295 -0.1727594071156595 -97.13110394010447 97.13258280167689 0.02450535598310593 210.415291862324 6.4869508098864035e-06
1774.0 -3119.2803383335104 -5390.978970942919 -1490.298926404974 -120.05415115765948 -13.543490495652783 27.20915305903531 0.46779460117499383 -0.14086477419765941 -96.25935249899955 96.26059223898505 0.02491072206728266 210.24946292814315 6.381387303423564e-06
1775.0 -3119.2332583565335 -5390.8985013030415 -1490.2767487220215 -120.05414702235294 -13.54349294150502 27.11332268353482 0.4318397353930763 -0.11217727060497396 -95.40484540506816 95.40588868650644 0.0253189146040381 210.0878344339996 6.2784746734305875e-06
1776.0 -3119.1866233238247 -5390.818732208105 -1490.2547414697585 -120.05414320225194 -13.54349513099064 27.018338356841355 0.3992020562186127 -0.0864062953547986 -94.56708957166501 94.56797163091149 0.02572990955136339 209.93016296004978 6.178123861398548e-06
1777.0 -3119.1404221267985 -5390.739650784405 -1490.2329035108892 -120.05413966823072 -13.543497089358592 26.92418357092445 0.3695855464427069 -0.06328497155620028 -93.74560960090281 93.74635949149517 0.026143688598453653 209.7762330366584 6.080249338223832e-06
1778.0 -3119.0946441612314 -5390.661244463159 -1490.2112335687184 -120.05413639377281 -13.543498839551004 26.830842287263135 0.3427183517820467 -0.04256846260603098 -92.93993859062371 92.94058022829189 0.026560274440231593 209.62596154038508 5.984769619094483e-06
1779.0 -3119.049279303523 -5390.583500985952 -1490.1897302472821 -120.05413335475708 -13.543500402394274 26.738298934585647 0.31835102557711537 -0.02403239040623717 -92.1496080268979 92.15016106574203 0.026979705298047215 209.47932149587984 5.891606646830979e-06
1780.0 -3119.004317889835 -5390.506408411824 -1490.1683920505852 -120.05413052925927 -13.543501796776294 26.646538409188157 0.29625492750295734 -0.007471354650803619 -91.37415155399707 91.37463211973022 0.027402016170179355 209.33628598725713 5.800685311476833e-06
1781.0 -3118.9597506943505 -5390.429955119725 -1490.147217399297 -120.05412789736775 -13.543503039810915 26.555546070316808 0.2762207138017132 0.00730246651902533 -90.6131097111916 90.6135310135368 0.027827238878266033 209.1968279723347 5.711933326412198e-06
1782.0 -3118.915568906958 -5390.354129807045 -1490.126204645167 -120.0541254410126 -13.54350414699003 26.465307731445414 0.2580569092875109 0.0204606369553737 -89.86603344774163 89.86640629087553 0.02825540220112185 209.0609203272513 5.625281107468045e-06
1783.0 -3118.87176411083 -5390.278921485201 -1490.1053520834978 -120.05412314380774 -13.543505132324528 26.375809648564086 0.24158856093727366 0.032159704861694394 -89.13248664542752 89.13281985260372 0.02868653201176879 208.92853588111714 5.540661654723422e-06
1784.0 -3118.828328260243 -5390.204319473012 -1490.0846579639515 -120.05412099090483 -13.543506008474056 26.287038506337908 0.22665597190438547 0.04254236870398387 -88.41204784504465 88.41234861113689 0.029120651415853294 208.79964744290692 5.45801043782532e-06
1785.0 -3118.785253658907 -5390.130313388533 -1490.064120499938 -120.05411896885859 -13.543506786866937 26.198981402878882 0.21311351405090306 0.051738568902319315 -87.7043113402124 87.70458552384986 0.029557780889703084 208.67422782245674 5.377265285453857e-06
1786.0 -3118.7425329390117 -5390.056893139803 -1490.0437378767792 -120.05411706550257 -13.543507477810486 26.111625833671773 0.20082851656174228 0.05986650794596571 -87.00888777368765 87.00914013887282 0.029997938416852898 208.55224984697813 5.298366279286345e-06
1787.0 -3118.700159041124 -5389.98404891493 -1490.0235082588226 -120.05411526983482 -13.543508090592466 26.024959675115998 0.1896802278286529 0.06703360185489515 -86.3254043474594 86.32563876302896 0.03044113962192393 208.43368637426315 5.221255652687555e-06
1788.0 -3118.6581251950256 -5389.911771171814 -1490.003429795648 -120.05411357191288 -13.543508633574405 25.93897116798465 0.17955884791849996 0.07333736623907328 -85.65350491646424 85.65372452044288 0.030887394979585932 208.31850274051052 5.145877810737826e-06
1789.0 -3118.6164249007024 -5389.840050626245 -1489.9835006270764 -120.05411196275716 -13.543509114277034 25.853648899344496 0.1703646368248215 0.07886624389082186 -84.99285410126664 84.9930614360555 0.03133668426715622 208.20659028463658 5.072180261675199e-06
1790.0 -3118.5750519071207 -5389.768878234492 -1489.96371888595 -120.05411043426233 -13.543509539458748 25.76898177821003 0.162007089390535 0.08370037661560303 -84.34314325920627 84.34334038258771 0.03178897049746251 208.09780197616732 5.0001129736642874e-06
1791.0 -3118.5340001911286 -5389.6982451744825 -1489.9440826998712 -120.05410897911597 -13.543509915187537 25.684959009845045 0.15440415185409506 0.08791231391919752 -83.7040875609377 83.70427613704196 0.0322442168715459 207.99199583381156 4.929627615049806e-06
1792.0 -3118.493263939027 -5389.628142830102 -1489.9245901932127 -120.05410759072431 -13.543510246906322 25.601570074047196 0.14748149449857095 0.09156766658300697 -83.07542194646713 83.07560332018261 0.032702387039334625 207.8890351894402 4.860677467660699e-06
1793.0 -3118.4528375306077 -5389.5585627783485 -1489.9052394893633 -120.0541062631443 -13.543510539493225 25.518804707094795 0.1411718406219009 0.09472571024514309 -82.4568978316255 82.457073089359 0.033163445147200515 207.78878845222928 4.793217354880031e-06
1794.0 -3118.4127155252586 -5389.48949677878 -1489.8860287131047 -120.05410499102162 -13.543510797315921 25.43665288665984 0.13541434788235307 0.0974399423772212 -81.8482804405886 81.8484504597932 0.03362735587443107 207.69112888810074 4.727203575460095e-06
1795.0 -3118.3728926498197 -5389.4209367648045 -1489.866955993023 -120.05410376953422 -13.543511024281704 25.355104819122236 0.1301540383642319 0.09975859579125057 -81.24934665135117 81.24951214082806 0.034094084460436366 207.5959344126375 4.662593842236241e-06
1796.0 -3118.333363787913 -5389.352874836409 -1489.848019463896 -120.05410259434076 -13.543511223882645 25.27415092882607 0.12534127397653094 0.10172511160125097 -80.65988326022652 80.66004479286299 0.03456359672422312 207.50308739597887 4.599347225052471e-06
1797.0 -3118.29412397052 -5389.285303254054 -1489.829217268999 -120.05410146153382 -13.543511399237058 25.193781848889312 0.12093127402902581 0.10337857438130982 -80.07968558752066 80.0798436268381 0.035035859077520985 207.4124744784448 4.537424097327622e-06
1798.0 -3118.2551683676165 -5389.2182144334765 -1489.810547562295 -120.05410036759723 -13.543511553126727 25.1139884132687 0.11688367203561256 0.1047541120990374 -79.50855636007611 79.50871128172177 0.03551083853263247 207.3239863958706 4.476786085810053e-06
1799.0 -3118.2164922807087 -5389.151600941184 -1489.792008510488 -120.05409930936737 -13.543511688031185 25.034761649817696 0.11316210897822998 0.1058832632550768 -78.9463048176718 78.94645692678739 0.03598850270603262 207.23751781377595 4.417396023134868e-06
1800.0 -3118.178091136138 -5389.085455490514 -1489.7735982949187 -120.05409828399817 -13.543511806158332 24.95609277415229 0.10973386033177945 0.1067943134243663 -78.39274592736065 78.39289547259499 0.03646882135617485 207.1529750978919 4.35921799773981e-06
1801.0 -3118.139960479547 -5389.019770938971 -1489.7553151135362 -120.05409728892917 -13.54351190947258 24.877973185182782 0.10656949038089891 0.10751259946768243 -77.84769684195865 77.84784402674761 0.036951791695418366 207.07040671390706 4.3022188737906776e-06
1802.0 -3118.1020959736434 -5388.954540290617 -1489.7371571840147 -120.05409632185669 -13.543511999719989 24.800394466756146 0.10364253052264871 0.10806078225853 -77.31096991491307 77.31111490653456 0.037437433147020444 206.98997630268482 4.246367934725528e-06
1803.0 -3118.064493397825 -5388.889756701044 -1489.7191227473566 -120.05409538070819 -13.543512078451116 24.723348392513117 0.10092919555525981 0.10845910562508365 -76.7823736656401 76.78251660247983 0.03792576427691102 206.9118439794774 4.191635432170181e-06
1804.0 -3118.0271486468455 -5388.825413480181 -1489.7012100706736 -120.05409446361843 -13.543512147041653 24.64682692824304 0.09840812744715777 0.10872563556161552 -76.2617156292032 76.2618566265786 0.03841680206162061 206.83616273071104 4.137992511086274e-06
1805.0 -3117.9900577285052 -5388.761504092907 -1489.6834174491646 -120.0540935689084 -13.543512206711116 24.570822231746746 0.09606016112696736 0.10887647785190424 -75.7488045185427 75.74894367336339 0.03891056192887001 206.76307872582845 4.085411181118459e-06
1806.0 -3117.953216760649 -5388.698022158021 -1489.665743207453 -120.05409269506622 -13.543512258539469 24.49532665081229 0.09386811071950518 0.10892597576095753 -75.243451815171 75.243589209662 0.03940705780531852 206.69273161144045 4.033864287614105e-06
1807.0 -3117.9166219676977 -5388.6349614460105 -1489.648185700429 -120.05409184072968 -13.543512303482283 24.420332719853615 0.09181657474718818 0.10888688940361746 -74.74547291106991 74.74560861574122 0.03990630216907174 206.6252547892909 3.983325482768923e-06
1808.0 -3117.8802696769008 -5388.572315875953 -1489.6307433137015 -120.05409100467077 -13.543512342384377 24.345833155576837 0.08989175887291978 0.10877055829963567 -74.25468790042301 74.25482197643392 0.04040830610546827 206.56077567931777 3.933769197184189e-06
1809.0 -3117.844156314427 -5388.510079511807 -1489.613414463746 -120.05409018578165 -13.543512375991831 24.27182085199654 0.08808131482784631 0.10858704852564216 -73.77092210021382 73.77105460125229 0.0409130793647276 206.4994159690061 3.8851706120644315e-06
1810.0 -3117.808278401413 -5388.448246558322 -1489.5961975978237 -120.05408938306188 -13.54351240496299 24.198288875051542 0.08637419423918047 0.10834528577704106 -73.29400636268007 73.2941373364539 0.041420630420337744 206.44129185009896 3.837505632213406e-06
1811.0 -3117.77263255003 -5388.386811356709 -1489.579091193721 -120.05408859560731 -13.543512429878339 24.12523045697855 0.08476051614614022 0.10805317555880123 -72.8237772296966 72.82390671911473 0.04193096652753461 206.3865142435912 3.790750859910779e-06
1812.0 -3117.737215459629 -5388.325768380171 -1489.5620937593596 -120.05408782259975 -13.543512451249146 24.052638990592445 0.08323144706941221 0.10771771163383903 -72.3600769686211 72.36020501272748 0.04244409378118307 206.33518901386284 3.7448835697356713e-06
1813.0 -3117.7020239130024 -5388.265112229446 -1489.5452038323058 -120.05408706329784 -13.543512469525336 23.980508023591714 0.08177909257575067 0.10734507377665992 -71.90275352357256 71.90288015828345 0.04296001709980427 206.28741612569988 3.699881684293268e-06
1814.0 -3117.6670547727263 -5388.20483762824 -1489.528419979182 -120.054086317029 -13.543512485102495 23.90883125280496 0.0803963999305779 0.10694071654312864 -71.45166090712297 71.45178616580877 0.04347873320900543 206.2431879404113 3.6557237428961616e-06
1815.0 -3117.6323049769176 -5388.144939417506 -1489.5117407946725 -120.05408558318189 -13.543512498328163 23.837602517069783 0.07907707255726493 0.10650945194177197 -71.00666137866487 71.00678529261225 0.044000225132322664 206.20230908262738 3.6123888720132372e-06
1816.0 -3117.5977715343765 -5388.0854125484675 -1489.495164900122 -120.0540848612 -13.543512509507293 23.766815788676265 0.0778154910242641 0.10605552104428995 -70.56762555585891 70.56774815463577 0.04452447435303381 206.1645707234134 3.5698567758113397e-06
1817.0 -3117.563451520223 -5388.026252076362 -1489.4786909422698 -120.05408415057563 -13.543512518907352 23.696465165675153 0.0766066402576584 0.10558265615112461 -70.13443107683369 70.13455238857483 0.045051462287129446 206.12977093996193 3.5281077160361575e-06
1818.0 -3117.5293420722087 -5387.9674531552 -1489.462317592217 -120.05408345084474 -13.54351252676261 23.62654486543662 0.07544604413489608 0.105094136693614 -69.70696149215806 69.70708154378828 0.04558117031768459 206.09771446649916 3.487122491867359e-06
1819.0 -3117.4954403875654 -5387.909011033345 -1489.4460435445728 -120.05408276158217 -13.543512533278106 23.55704921919061 0.0743297068237112 0.1045928395052389 -69.28510538916584 69.28522420657386 0.046113579823381864 206.06821245634973 3.446882421117628e-06
1820.0 -3117.4617437202937 -5387.850921049724 -1489.429867516735 -120.05408208239758 -13.543512538633175 23.48797266735346 0.07325406021778491 0.10408128396210614 -68.86875569910251 68.8688733072763 0.04664867220220496 206.04108225428652 3.407369322584595e-06
1821.0 -3117.428249378795 -5387.793178630548 -1489.413788248273 -120.05408141293164 -13.543512542984445 23.419309755465715 0.07221591687956419 0.1035616724576176 -68.45780914791004 68.45792557104203 0.04718642889128763 206.01614717842503 3.3685654993914234e-06
1822.0 -3117.394954723789 -5387.735779286424 -1489.3978045003892 -120.05408075285273 -13.543512546468639 23.351055130628403 0.07121242795129845 0.10303592664257444 -68.05216581970045 68.05228108126927 0.04772683138351962 205.99323631104733 3.330453723199564e-06
1823.0 -3117.3618571664583 -5387.678718609792 -1489.3819150554336 -120.05408010185404 -13.543512549204973 23.28320353832608 0.07024104554554356 0.1025057198291357 -67.65172880853757 67.65184293137172 0.04826986124157446 205.97218429781407 3.2930172191867152e-06
1824.0 -3117.3289541667805 -5387.621992272602 -1489.366118716467 -120.05407945965099 -13.543512551297313 23.215749819557416 0.0692994891689338 0.10197250592577056 -67.25640393933763 67.25651694566493 0.04881550010983166 205.95283115489866 3.2562396517088834e-06
1825.0 -3117.29624323201 -5387.5655960242075 -1489.3504143068537 -120.0540788259788 -13.543512552836058 23.14868890822376 0.06838571577476316 0.1014375452407581 -66.86609954282426 66.86621145431069 0.04936372972447236 205.93502208363142 3.2201051105873644e-06
1826.0 -3117.263721915292 -5387.509525689404 -1489.334800669873 -120.05407820059057 -13.543512553899818 23.082015828723087 0.0674978930760659 0.10090192746350368 -66.48072627273716 66.48083711051734 0.04991453192208327 205.9186072922813 3.1845980979639978e-06
1827.0 -3117.231387814377 -5387.453777166605 -1489.3192766683574 -120.0540775832553 -13.543512554556829 23.015725693698275 0.06663437578603748 0.1003665921063881 -66.10019695604346 66.10030674074504 0.05046788864712346 205.90344182463204 3.1497035156728447e-06
1828.0 -3117.1992385704248 -5387.39834642613 -1489.3038411843368 -120.05407697375644 -13.543512554866373 22.949813701927663 0.06579368442985256 0.0998323465852593 -65.72442641625126 65.72453516801441 0.051023783359690905 205.88939447784495 3.115406701148453e-06
1829.0 -3117.167271867105 -5387.343229508969 -1489.2884931188014 -120.05407637189022 -13.543512554879795 22.884275136797456 0.06497448542348394 0.09929988069054296 -65.35333028832257 65.35343802681417 0.05158221121239018 205.87641359365244 3.0816937648548133e-06
1830.0 -3117.1354854304923 -5387.28842252686 -1489.273231391823 -120.0540757774647 -13.543512554641586 22.8191053663427 0.06417557285552533 0.09876977884332838 -64.98682359964342 64.98693034406638 0.052143172766801374 205.86448625956763 3.048551364973462e-06
1831.0 -3117.103877029153 -5387.233921662684 -1489.2580549427473 -120.0540751902984 -13.543512554190235 22.754299843668008 0.06339585412026594 0.09824253367922253 -64.62482131699213 64.62492708609352 0.05270666809819826 205.85360005969497 3.0159664960355225e-06
1832.0 -3117.072444473896 -5387.179723170253 -1489.242962730207 -120.05407461021949 -13.543512553558948 22.689854106643704 0.06263433747569636 0.0977185583671023 -64.26723903304801 64.26734384512721 0.05327269676238521 205.84374279080745 2.983926478280354e-06
1833.0 -3117.04118561725 -5387.125823373587 -1489.2279537319878 -120.0540740370647 -13.543512552776498 22.625763777026208 0.06189012097626545 0.09719819731139623 -63.913993455639435 63.91409732855621 0.05384125780926939 205.8349024577495 2.9524189484754324e-06
1834.0 -3117.0100983527523 -5387.072218665869 -1489.2130269447891 -120.0540734706789 -13.54351255186761 22.562024559159532 0.061162382634794454 0.09668173545443537 -63.56500274738049 63.56510569856318 0.05441234979905668 205.82706726880437 2.921431850809468e-06
1835.0 -3116.979180614109 -5387.018905508127 -1489.1981813839118 -120.05407291091394 -13.543512550853604 22.498632238396443 0.060450371684158455 0.09616940636561111 -63.220186753258545 63.22028879971243 0.05498597082013358 205.8202256310873 2.890953427932274e-06
1836.0 -3116.948430374274 -5386.965880427791 -1489.1834160828926 -120.05407235762853 -13.54351254975284 22.435582679344108 0.059753400819687386 0.09566139927741091 -62.879467144822534 62.87956830313833 0.0555621185079092 205.8143661460059 2.860972212192381e-06
1837.0 -3116.9178456444797 -5386.913140017125 -1489.1687300931121 -120.05407181068726 -13.543512548581038 22.372871823985363 0.05907083931772661 0.095157865206005 -62.54276750276404 62.542867789126575 0.05614079006431474 205.80947760481118 2.8314770170935182e-06
1838.0 -3116.887424473246 -5386.860680931636 -1489.1541224833766 -120.05407126996032 -13.54351254735176 22.310495689751814 0.058402106933684195 0.09465892227506423 -62.210013354430394 62.210112784627455 0.056721982277385084 205.80554898426038 2.8024569290004936e-06
1839.0 -3116.857164945386 -5386.808499888433 -1489.139592339495 -120.05407073532305 -13.54351254607656 22.248450367568992 0.05774666849388055 0.09416466034545756 -61.881132178743755 61.881230768175065 0.057305691540820346 205.8025694423993 2.7739012990963474e-06
1840.0 -3116.8270651810176 -5386.75659366462 -1489.1251387638522 -120.05407020665552 -13.543512544765376 22.186732019915944 0.057104029104621645 0.09367514503983365 -61.55605338791387 61.55615115160012 0.05789191387319685 205.8005283144694 2.7457997356020503e-06
1841.0 -3116.7971233345943 -5386.704959095687 -1489.1107608749846 -120.05406968384217 -13.543512543426642 22.1253368789074 0.056473729909143344 0.0931904212394219 -61.23470829298037 61.23480524557239 0.05848064493679449 205.79941510894227 2.7181420962533023e-06
1842.0 -3116.7673375939603 -5386.653593073953 -1489.0964578071612 -120.05406916677154 -13.543512542067601 22.064261244415306 0.05585534433067352 0.09271051612031123 -60.91703005841691 60.91712621420481 0.05907188005591471 205.7992195036783 2.690918481032789e-06
1843.0 -3116.737706179431 -5386.602492547031 -1489.0822287099747 -120.05406865533591 -13.543512540694383 22.00350148223969 0.05524847474664796 0.09223544178784238 -60.602953649670674 60.60304902259304 0.05966561423461602 205.79993134220996 2.6641192251530074e-06
1844.0 -3116.7082273429032 -5386.551654516345 -1489.0680727479426 -120.05406814943107 -13.543512539312227 21.94305402233894 0.05465274957396815 0.09176519760823254 -60.29241580789808 60.29251041155117 0.06026184133664078 205.80155059387025 2.637735084072929e-06
1845.0 -3116.678899366909 -5386.501076035547 -1489.0539891000753 -120.05406764895626 -13.54351253792552 21.882915356921732 0.05406782101257335 0.09129977273597056 -59.98535535220058 59.985449199848034 0.06086055101322453 205.80412413459112 2.6117579349251237e-06
1846.0 -3116.6497205635087 -5386.450754208655 -1489.0399769593687 -120.05406715381368 -13.543512536538039 21.823082038240507 0.05349336302582586 0.09083914820451611 -59.681713369494176 59.68180647407713 0.061461731631559095 205.80771114419736 2.586180103985182e-06
1847.0 -3116.6206892732307 -5386.400686188251 -1489.0260355323117 -120.05406666390843 -13.543512535152919 21.763550676426153 0.052929069157567454 0.09038329809251344 -59.381432950260624 59.38152532440737 0.06206537149245878 205.81236886402462 2.5609940862721983e-06
1848.0 -3116.59180386414 -5386.350869173913 -1489.012164038456 -120.05406617914844 -13.543512533772812 21.704317937629064 0.05237465056626789 0.08993219051323642 -59.08445894241124 59.08455059844656 0.06267145884354564 205.8181526563656 2.5361925407650457e-06
1849.0 -3116.563062731014 -5386.301300410829 -1488.9983617100363 -120.05406569944421 -13.543512532399923 21.64538054234977 0.051829834294156996 0.08948578851082623 -58.79073776148297 58.79082871143702 0.06327998189061362 205.8251160641177 2.5117682858838326e-06
1850.0 -3116.534464294604 -5386.251977188542 -1488.9846277916265 -120.05406522470857 -13.543512531036113 21.58673526395252 0.05129436174297197 0.08904405086408396 -58.50021724294289 58.50030749855981 0.0638909288073417 205.83331086839263 2.4877142951793014e-06
1851.0 -3116.5060070009604 -5386.202896839817 -1488.970961539828 -120.05406475485677 -13.543512529682928 21.528378927308832 0.05076798733018961 0.08860693280161414 -58.212846525989555 58.21293609873575 0.06450428774382232 205.84278714416118 2.4640236931994406e-06
1852.0 -3116.477689320812 -5386.1540567395905 -1488.957362222981 -120.05406428980623 -13.543512528341623 21.47030840753531 0.050250477304551566 0.08817438663352739 -57.928575960950006 57.928664862022174 0.06512004683422726 205.85359331400917 2.4406897515116193e-06
1853.0 -3116.44950974898 -5386.105454303984 -1488.9438291208933 -120.05406382947648 -13.543512527013236 21.41252062882646 0.04974160870052202 0.08774636230613808 -57.64735703435543 57.6474452746883 0.0657381942035648 205.86577620006915 2.4177058848744094e-06
1854.0 -3116.4214668038358 -5386.057086989381 -1488.930361524586 -120.05406337378909 -13.543512525698617 21.355012563346886 0.04924116841453596 0.0873228078863253 -57.36914230732877 57.36922989760264 0.0663587179738751 205.8793810741983 2.395065647539263e-06
1855.0 -3116.3935590267793 -5386.008952291551 -1488.9169587360514 -120.05406292266741 -13.543512524398414 21.297781230186114 0.048748952388731226 0.08690366998243348 -57.09388536400415 57.09397231465212 0.06698160626981134 205.89445170646462 2.3727627296786023e-06
1856.0 -3116.365784981745 -5385.9610477448105 -1488.90362006802 -120.05406247603682 -13.543512523113185 21.240823694355086 0.048264764887392175 0.08648889410828708 -56.82154076757917 56.82162708879424 0.06760684722381716 205.91103041200515 2.3507909539276964e-06
1857.0 -3116.3381432547276 -5385.9133709212165 -1488.8903448437404 -120.05406203382428 -13.543512521843335 21.18413706582808 0.047788417856327925 0.08607842499666063 -56.55206402217907 56.55214972392094 0.06823442898085101 205.92915809631359 2.3291442720378623e-06
1858.0 -3116.310632453325 -5385.865919429794 -1488.8771323967626 -120.05406159595859 -13.543512520589196 21.127718498620204 0.047319730353162726 0.08567220686799715 -56.28541153920741 56.28549663120912 0.06886433970275711 205.94887429901598 2.3078167616334653e-06
1859.0 -3116.2832512062996 -5385.818690915791 -1488.8639820707326 -120.05406116237008 -13.543512519351001 21.071565189893825 0.04685852804118085 0.08527018365978911 -56.02154060718748 56.021625098961806 0.06949656757235263 205.97021723618946 2.2868026230667942e-06
1860.0 -3116.2559981631493 -5385.771683059951 -1488.850893219191 -120.05406073299078 -13.543512518128892 21.01567437909427 0.04640464273763811 0.08487229922147499 -55.76040936434972 55.76049326519541 0.07013110079722565 205.99322384127723 2.266096176367796e-06
1861.0 -3116.228871993697 -5385.724893577817 -1488.8378652053775 -120.05406030775404 -13.543512516922972 20.960043347117026 0.045957912014880975 0.08447849748666236 -55.50197677826245 55.50206009727025 0.07076792742479732 206.01792421156418 2.2456918247909606e-06
1862.0 -3116.201871387667 -5385.678320219002 -1488.824897402033 -120.05405988659489 -13.543512515733328 20.9046694154446 0.045518178938568354 0.0840887227842746 -55.24620273574949 55.24628548180817 0.07140703372939416 206.04429365261458 2.2255837645029227e-06
1863.0 -3116.1749950541926 -5385.631960766359 -1488.8119891911629 -120.05405946944965 -13.543512514559884 20.849549945145146 0.04508529189527977 0.08370292018901004 -54.99304817494885 54.99313035675127 0.07204840506961559 206.07227800065652 2.205766133145878e-06
1864.0 -3116.1482417213156 -5385.585813035124 -1488.799139963803 -120.05405905625604 -13.543512513402682 20.794682335862657 0.044659104265214467 0.08332103551091485 -54.742474994422004 54.74255662047098 0.07269202691750058 206.10182403562376 2.1862331889690726e-06
1865.0 -3116.121610135544 -5385.5398748721545 -1488.7863491198061 -120.0540586469531 -13.543512512261662 20.740064024902416 0.04423947409544482 0.08294301524388104 -54.49444594741192 54.4945270260257 0.07333788487248932 206.13287978525727 2.166979309762009e-06
1866.0 -3116.0950990614515 -5385.494144155253 -1488.773616067653 -120.0540582414812 -13.543512511136722 20.685692486426326 0.04382626381000421 0.08256880653945053 -54.248924563186165 54.24900510250373 0.07398596466291456 206.16539449253972 2.1479989898879726e-06
1867.0 -3116.068707281307 -5385.448618792538 -1488.760940224278 -120.0540578397819 -13.54351251002778 20.63156523070531 0.04341933995185698 0.08219835719691382 -54.00587508809146 54.00595509607756 0.07463625214697195 206.199318584083 2.129286837416703e-06
1868.0 -3116.0424335947396 -5385.403296721861 -1488.7483210149076 -120.05405744179798 -13.54351250893469 20.57767980342265 0.043018572952462364 0.0818316156632477 -53.76526244075938 53.765341925209334 0.07528873331321603 206.23460363943113 2.1108375713505444e-06
1869.0 -3116.016276818411 -5385.358175910262 -1488.7357578729068 -120.05405704747339 -13.543512507857349 20.524033785017906 0.04262383692533689 0.08146853103847107 -53.52705217751149 53.527131146055844 0.0759433942806855 206.2712023612475 2.0926460189372826e-06
1870.0 -3115.990235785713 -5385.313254353442 -1488.723250239634 -120.05405665675326 -13.543512506795569 20.470624790074304 0.04223500948037895 0.08110905308352478 -53.29121046506759 53.29128892517657 0.0766002212986029 206.30906854634924 2.0747071130676937e-06
1871.0 -3115.964309346471 -5385.268530075267 -1488.7107975643005 -120.05405626958381 -13.543512505749298 20.417450466707816 0.04185197155628373 0.08075313222869873 -53.05770405852008 53.05778201750791 0.07725920074615056 206.34815705758692 2.0570158897410864e-06
1872.0 -3115.9384963666585 -5385.224001127273 -1488.6983993038352 -120.0540558859123 -13.543512504718283 20.36450849599531 0.04147460726862562 0.08040071958159878 -52.82650028308492 52.826577748113955 0.07792031913186011 206.38842379651464 2.039567485609218e-06
1873.0 -3115.9127957281225 -5385.179665588203 -1488.6860549227533 -120.05405550568712 -13.543512503702425 20.31179659140669 0.04110280377144804 0.08005176693374061 -52.597567018563865 52.5976439966486 0.07858356309304151 206.42982567684817 2.0223571355845645e-06
1874.0 -3115.887206328312 -5385.135521563543 -1488.6737638930279 -120.05405512885763 -13.543512502701574 20.259312498262616 0.040736451130975126 0.07970622676561057 -52.37087268578708 52.370949183798025 0.07924891939498255 206.47232059866985 2.005380170518119e-06
1875.0 -3115.8617270800187 -5385.091567185076 -1488.6615256939644 -120.05405475537414 -13.543512501715487 20.20705399319809 0.04037544220960143 0.07936405224995013 -52.146386234478825 52.14646225914627 0.07991637493016121 206.51586742337065 1.9886320149382374e-06
1876.0 -3115.836356911116 -5385.047800610441 -1488.6493398120804 -120.05405438518805 -13.543512500744084 20.155018883638085 0.04001967255884509 0.07902519725325341 -51.92407713216904 51.92415269008664 0.0805859167173958 206.56042594930113 1.972108184850785e-06
1877.0 -3115.8110947643095 -5385.004220022704 -1488.6372057409824 -120.05405401825163 -13.54351249978713 20.103205007287208 0.03966904032058949 0.07868961633565696 -51.703915353880966 51.70399045150932 0.08125753190090476 206.6059568881079 1.95580428559943e-06
1878.0 -3115.785939596888 -5384.960823629936 -1488.6251229812508 -120.05405365451809 -13.543512498844528 20.051610231619794 0.039323446134986284 0.078357264749215 -51.485871372398805 51.48594601606879 0.08193120774945313 206.6524218417447 1.9397160097800917e-06
1879.0 -3115.7608903804844 -5384.9176096648 -1488.6130910403226 -120.05405329394155 -13.543512497916037 20.000232453399803 0.038982793054795906 0.0780280984348849 -51.269916148976165 51.26999034489227 0.08260693165520314 206.6997832801123 1.923839135217143e-06
1880.0 -3115.735946100851 -5384.87457638417 -1488.6011094323874 -120.05405293647698 -13.543512497001526 19.949069598218426 0.03864698630269814 0.07770207370070992 -51.05602091579419 51.0560946700374 0.0832846985764441 206.74800409015694 1.908169589510335e-06
1881.0 -3115.711105758147 -5384.831722069632 -1488.5891776785243 -120.05405258208029 -13.543512496100847 19.898119621087098 0.038315931538335235 0.0773791441524363 -50.844155153975564 50.84422847250314 0.08396453338866842 206.7970462642581 1.8927036482858831e-06
1882.0 -3115.6863683681927 -5384.789045029646 -1488.5772953073058 -120.05405223070815 -13.543512495213822 19.847380509015405 0.03798953363564905 0.07705925904233268 -50.634285504348604 50.63435839299198 0.08464646766128214 206.84687221297708 1.877437727096212e-06
1883.0 -3115.6617329635887 -5384.746543601488 -1488.5654618553365 -120.0540518823182 -13.543512494340257 19.796850283308654 0.03766769728563801 0.076742365057342 -50.426376938741996 50.42644940320609 0.08533053189996559 206.89744518684276 1.86236831140714e-06
1884.0 -3115.6371985942765 -5384.7042161522095 -1488.553676867521 -120.05405153686898 -13.543512493480069 19.746527000716654 0.03735032762503465 0.07642840779170079 -50.220393724547954 50.220465770411835 0.08601675554844296 206.94872925309534 1.847491955457878e-06
1885.0 -3115.6127643277123 -5384.662061078946 -1488.5419398971508 -120.05405119431975 -13.543512492633017 19.696408753794618 0.03703733073243143 0.07611733273530419 -50.01630007157707 50.016371704295494 0.08670516699936047 207.00068927373832 1.8328052809068362e-06
1886.0 -3115.5884292487845 -5384.620076808773 -1488.530250505861 -120.05405085463079 -13.54351249179899 19.646493670735975 0.03672861401507177 0.07580908592693625 -49.81406055909493 49.81413178400055 0.08739579361122496 207.05329088471746 1.8183049753524362e-06
1887.0 -3115.5641924595566 -5384.578261798268 -1488.5186082635114 -120.05405051776313 -13.543512490977816 19.59677991484478 0.036424086505896014 0.07550361437626663 -49.61364041132535 49.61371123363135 0.08808866172945197 207.10650047609624 1.8039877907857783e-06
1888.0 -3115.540053078913 -5384.536614532895 -1488.5070127480137 -120.05405018367863 -13.54351249016934 19.547265683812554 0.03612365908663406 0.07520086632717238 -49.415005668941056 49.41507609374409 0.08878379670948665 207.16028517307308 1.7898505420274163e-06
1889.0 -3115.516010242124 -5384.495133526269 -1488.4954635451254 -120.05404985234003 -13.543512489373452 19.497949208828853 0.035827244650349144 0.0749007914125972 -49.2181232895814 49.21819332186472 0.089481222941755 207.21461281780853 1.7758901051588073e-06
1890.0 -3115.492063100391 -5384.453817319358 -1488.4839602482305 -120.05404952371076 -13.543512488589954 19.448828753650655 0.03553475821476937 0.07460334073589259 -49.02296120024885 49.0230308448855 0.0901809638768147 207.2694519519197 1.7621034159850214e-06
1891.0 -3115.468210820363 -5384.412664479664 -1488.4725024581078 -120.0540491977551 -13.54351248781874 19.399902613607935 0.03524611699552338 0.07430846690274961 -48.82948831741438 48.82955757917047 0.09088304205109726 207.32477179964894 1.7484874685219202e-06
1892.0 -3115.4444525836516 -5384.37167360039 -1488.4610897827004 -120.05404887443808 -13.543512487059662 19.35116911462578 0.034961240446918396 0.07401612402026103 -48.63767454572043 48.63774342925841 0.09158747911216054 207.38054225159863 1.7350393135296953e-06
1893.0 -3115.4207875863553 -5384.330843299608 -1488.4497218368845 -120.05404855372542 -13.543512486312542 19.302626612232533 0.034680050276911345 0.07372626767468304 -48.44749076275662 48.4475592726385 0.0922942958439212 207.43673384904508 1.7217560570829712e-06
1894.0 -3115.3972150385844 -5384.290172219459 -1488.4383982422455 -120.05404823558358 -13.543512485577288 19.254273490602618 0.034402470441385447 0.07343885489554935 -48.25890879502646 48.25897693571697 0.09300351219119701 207.49331776875323 1.7086348591896494e-06
1895.0 -3115.3737341640062 -5384.249659025365 -1488.4271186268577 -120.05404791997968 -13.543512484853748 19.206108161621728 0.0341284271220168 0.07315384411156778 -48.07190138857391 48.071969164443644 0.09371514728374947 207.55026580828422 1.6956729324534953e-06
1896.0 -3115.3503441994058 -5384.209302405269 -1488.4158826250746 -120.05404760688153 -13.54351248414175 19.15812906398368 0.033857848691706494 0.07287119510187345 -47.88644217663941 47.886509591967794 0.09442921945970424 207.6075503717629 1.6828675407814855e-06
1897.0 -3115.3270443942556 -5384.1691010689065 -1488.4046898773233 -120.05404729625758 -13.54351248344125 19.110334662322188 0.033590665670114817 0.07259086894503497 -47.702505645910136 47.70257270488839 0.09514574628830721 207.6651444560795 1.6702159981352207e-06
1898.0 -3115.3038340103103 -5384.129053747097 -1488.3935400299097 -120.0540469880769 -13.54351248275204 19.06272344636568 0.03332681067220378 0.07231282796744942 -47.5200671024099 47.520133809143864 0.0958647445922 207.72302163751993 1.6577156673217605e-06
1899.0 -3115.2807123212115 -5384.089159191077 -1488.3824327348295 -120.0540466823092 -13.543512482074025 19.015293930145912 0.033066218351212484 0.07203703569213893 -47.339102637703654 47.33916899621653 0.09658623046875602 207.781156058768 1.6453639588305398e-06
1900.0 -3115.257678612113 -5384.049416171843 -1488.3713676495897 -120.05404637892481 -13.543512481407085 18.96804465121776 0.03280882537210772 0.07176345686213104 -47.15958914415087 47.15965515838592 0.09731021662110148 207.83952243819897 1.6331583344395423e-06
1901.0 -3115.2347321790758 -5384.009823479129 -1488.3603444369173 -120.05404607789451 -13.543512480751078 18.920974169438008 0.032554571301105284 0.07149205933698433 -46.98150556110504 46.98157123493002 0.09803668515122375 207.89809627983567 1.6210963539500127e-06
1902.0 -3115.2118723275225 -5383.9703799187255 -1488.3493627640182 -120.05404577918975 -13.543512480105885 18.874081063778373 0.03230340014859223 0.07122281693833266 -46.8048347448058 46.8049000820202 0.09876559955441216 207.95685376747142 1.6091756524966768e-06
1903.0 -3115.1890983704807 -5383.931084309459 -1488.3384223017335 -120.05404548278236 -13.543512479471385 18.827363928737817 0.032055259971361494 0.0709557080874248 -46.629562572979516 46.62962757732056 0.09949692362773603 208.01577160359037 1.5973939056552875e-06
1904.0 -3115.166409627391 -5383.891935481139 -1488.3275227239678 -120.05404518864471 -13.543512478847504 18.780821371893165 0.03181010214550284 0.07069071414258943 -46.455676852279296 46.45574152742654 0.10023062178950691 208.07482699842188 1.585748827591056e-06
1905.0 -3115.143805423355 -5383.852932273264 -1488.31666370733 -120.05404489674963 -13.543512478234048 18.73445201236778 0.03156788077130912 0.07042781829058775 -46.28316658975597 46.2832309393347 0.10096665909095434 208.13399766059013 1.5742381699956501e-06
1906.0 -3115.121285088673 -5383.814073534234 -1488.3058449309106 -120.05404460707025 -13.543512477630962 18.6882544798858 0.03132855218964181 0.07016700481515592 -46.11202151217874 46.11208553976259 0.10170500121963107 208.19326178731524 1.5628597211980473e-06
1907.0 -3115.098847958578 -5383.775358120877 -1488.2950660761537 -120.05404431958017 -13.543512477038085 18.642227414216613 0.031092074589263774 0.06990825861825023 -45.94223175146813 45.94229546058111 0.10244561449724297 208.25259805437614 1.5516113053928847e-06
1908.0 -3115.076493373084 -5383.736784898215 -1488.2843268267889 -120.05404403425341 -13.54351247645538 18.596369464887307 0.030858407689219547 0.0696515649102345 -45.7737876411345 45.77385103525261 0.10318846587358733 208.31198560596403 1.5404907819509408e-06
1909.0 -3115.054220676926 -5383.698352739341 -1488.2736268687975 -120.05404375106421 -13.543512475882656 18.550679291046457 0.03062751248261364 0.06939690901268492 -45.60667958672579 45.606742669278326 0.10393352291829983 208.37140404456107 1.5294960447798566e-06
1910.0 -3115.032029219544 -5383.660060525405 -1488.262965890409 -120.05404346998733 -13.543512475319858 18.50515556143201 0.030399351030450106 0.06914427623592978 -45.4408979853833 45.44096075975388 0.10468075381107196 208.4308334208933 1.5186250217215823e-06
1911.0 -3115.009918355096 -5383.621907145638 -1488.2523435821067 -120.05404319099775 -13.543512474766827 18.459796954412944 0.03017388629652018 0.06889365180598794 -45.27643317788814 45.276495647415594 0.10543012733076078 208.4902542239907 1.5078756739778537e-06
1912.0 -3114.9878874424962 -5383.583891497415 -1488.2417596366465 -120.05404291407085 -13.543512474223524 18.414602158056805 0.029951082015696073 0.068645020824043 -45.113275422037994 45.11333759001716 0.10618161284413448 208.54964737141097 1.497245995551357e-06
1913.0 -3114.965935845455 -5383.546012486328 -1488.2312137490765 -120.0540426391823 -13.543512473689802 18.369569870222126 0.029730902589538033 0.06839836824702772 -44.95141487994311 44.95147674962546 0.10693518029425 208.60899419962493 1.4867340127019068e-06
1914.0 -3114.9440629325286 -5383.508269026278 -1488.2207056167601 -120.05404236630817 -13.543512473165567 18.324698798653206 0.029513313003800334 0.06815367888191837 -44.790841614288 44.79090318888226 0.10769080018882483 208.66827645459 1.476337783411999e-06
1915.0 -3114.922268077164 -5383.470660039545 -1488.2102349393995 -120.05404209542475 -13.543512472650715 18.279987661078106 0.029298278764080976 0.06791093738864618 -44.631545590289065 44.631606872961754 0.10844844358858588 208.72747628250752 1.4660553968617874e-06
1916.0 -3114.9005506577478 -5383.43318445688 -1488.1998014190588 -120.0540418265087 -13.543512472145158 18.235435185314156 0.029085765845621836 0.06767012828839647 -44.473516681165634 44.47357767504156 0.1092080820955202 208.78657622075679 1.4558849729143242e-06
1917.0 -3114.8789100576473 -5383.395841217569 -1488.1894047601832 -120.05404155953696 -13.543512471648775 18.191040109339404 0.028875740654878967 0.06743123597509282 -44.31674467570985 44.31680538387261 0.10996968784173593 208.84555918905698 1.4458246616014728e-06
1918.0 -3114.857345665248 -5383.3586292695145 -1488.1790446696177 -120.05404129448686 -13.543512471161478 18.146801181388785 0.028668170000312188 0.06719424472865931 -44.16121928701359 44.16127971250603 0.11073323347794181 208.90440848077853 1.4358726426239551e-06
1919.0 -3114.8358568739914 -5383.32154756928 -1488.1687208566264 -120.05404103133593 -13.5435124706832 18.10271716001234 0.028463021070614047 0.06695913872905734 -44.00693016173784 44.006990307562496 0.11149869216261743 208.96310775448327 1.4260271248511937e-06
1920.0 -3114.814443082401 -5383.284595082152 -1488.1584330329028 -120.05404077006204 -13.54351247021382 18.05878681414714 0.028260261418765253 0.06672590207066875 -43.853866889547426 43.853926758666965 0.11226603755099686 209.02164102562287 1.4162863458326728e-06
1921.0 -3114.7931036941072 -5383.247770782183 -1488.1481809125858 -120.05404051064338 -13.54351246975323 18.015008923165034 0.02805985895059493 0.06649451877642676 -43.702019012441426 43.7020786077791 0.11303524378452272 209.07999265844347 1.4066485713122368e-06
1922.0 -3114.771838117875 -5383.211073652225 -1488.1379642122677 -120.05404025305842 -13.543512469301357 17.97138227691199 0.027861781879927605 0.06626497272369747 -43.55137597604296 43.55143530048294 0.11380628931018569 209.13814737132674 1.3971121002495552e-06
1923.0 -3114.750645767914 -5383.1745026844865 -1488.127782651149 -120.05403999728587 -13.543512468858113 17.927905676374444 0.027665997606202808 0.06603724518738119 -43.401925514863905 43.401984571249386 0.11457919894011219 209.1960903738428 1.3876753249266718e-06
1924.0 -3114.7295260654473 -5383.138056883224 -1488.1176359517888 -120.05403974330484 -13.543512468423398 17.88457793687936 0.027472470732174514 0.0658113110236318 -43.253651144175926 43.25370993530356 0.11535402719407314 209.2538072975513 1.3783367073305392e-06
1925.0 -3114.7084784405733 -5383.101735267959 -1488.1075238409978 -120.05403949109473 -13.543512467997155 17.84139789191261 0.027281163454848212 0.06558714044103908 -43.10653332410585 43.106591852721536 0.11613082782070505 209.31128407838256 1.369094735814486e-06
1926.0 -3114.6875023333805 -5383.065536875403 -1488.0974460503792 -120.0540392406353 -13.543512467579252 17.798364395409358 0.027092036381691997 0.06536470116437876 -42.96055088170564 42.9606091505022 0.11690965322522985 209.36850694467773 1.3599479243306286e-06
1927.0 -3114.666597194506 -5383.029460760424 -1488.0874023165918 -120.05403899190667 -13.543512467169643 17.75547632290842 0.02690504917815062 0.06514395981958998 -42.81568192119245 42.81573993280857 0.11769055446801649 209.42546240887035 1.3508948122059437e-06
1928.0 -3114.6457624853406 -5382.993505996383 -1488.0773923814486 -120.05403874488937 -13.543512466768215 17.712732571950415 0.02672016107495523 0.06492488280671083 -42.671904397638976 42.67196215465907 0.11847358127537665 209.482137260389 1.341933963759962e-06
1929.0 -3114.624997678003 -5382.957671675111 -1488.0674159919074 -120.05403849956423 -13.543512466374908 17.67013206204702 0.026537331263210007 0.0647074368420899 -42.52919647330349 42.52925397825811 0.11925878205712546 209.53851855934025 1.3330639678397906e-06
1930.0 -3114.6043022551844 -5382.921956906622 -1488.057472899994 -120.05403825591252 -13.543512465989627 17.62767373434501 0.026356519198696304 0.06449158928763765 -42.387536734029794 42.38759398939645 0.12004620392895847 209.5945936307971 1.3242834373021205e-06
1931.0 -3114.5836757099064 -5382.8863608187075 -1488.0475628626862 -120.05403801391591 -13.543512465612292 17.585356551141246 0.02617768483406735 0.06427730834361789 -42.246904315893474 42.24696132409773 0.12083589273698615 209.6503500594782 1.3155910084769758e-06
1932.0 -3114.5631175452354 -5382.850882556441 -1488.0376856417759 -120.05403777355632 -13.543512465242829 17.543179495289458 0.026000788793258067 0.06406456315418474 -42.10727897458564 42.10733573800238 0.12162789308380748 209.7057756847526 1.30698534062263e-06
1933.0 -3114.54262727397 -5382.815521281636 -1488.0278410037208 -120.05403753481615 -13.543512464881143 17.501141569564354 0.02582579249931527 0.06385332385773346 -41.96864111847802 41.96869763943277 0.12242224835500012 209.7608585958752 1.2984651153856206e-06
1934.0 -3114.5222044183192 -5382.780276172293 -1488.0180287194892 -120.05403729767806 -13.54351246452718 17.459241795998068 0.02565265826608254 0.06364356160250928 -41.8309718188867 41.83102809965711 0.12321900074580952 209.81558712742412 1.2900290362688902e-06
1935.0 -3114.50184850958 -5382.745146422047 -1488.0082485644045 -120.05403706212509 -13.543512464180855 17.41747921522404 0.025481349360500616 0.06343524854071525 -41.694252806200794 41.69430884901806 0.12401819128742002 209.8699498548852 1.2816758281149364e-06
1936.0 -3114.4815590878184 -5382.71013123961 -1487.9985003179925 -120.05403682814064 -13.543512463842086 17.375852885821136 0.025311830042184624 0.06322835780960645 -41.558466457444965 41.558522264495274 0.12481985987297381 209.9239355903863 1.2734042366020889e-06
1937.0 -3114.4613357015573 -5382.675229848247 -1487.9887837638328 -120.05403659570842 -13.543512463510796 17.334361883673818 0.025144065585070763 0.06302286350484643 -41.423595778804476 41.423651352230486 0.12562404528306134 209.97753337855235 1.265213027756669e-06
1938.0 -3114.441177907473 -5382.640441485243 -1487.9790986894125 -120.05403636481239 -13.543512463186968 17.29300530135259 0.024978022285221613 0.06281874064970339 -41.289624385369905 41.28967972727213 0.12643078521061898 210.03073249246992 1.2571009874813378e-06
1939.0 -3114.4210852701053 -5382.6057654014085 -1487.9694448859868 -120.05403613543692 -13.54351246287044 17.25178224751982 0.024813667457571853 0.06261596516212542 -41.15653647951597 41.1565915919542 0.12724011628514428 210.08352242974823 1.2490669211001153e-06
1940.0 -3114.401057361576 -5382.571200860589 -1487.9598221484446 -120.05403590756659 -13.543512462561214 17.21069184634951 0.024650969424939717 0.06241451382108387 -41.02431682880715 41.02437171380177 0.12805207409646224 210.13589290868478 1.241109652917308e-06
1941.0 -3114.3810937613152 -5382.536747139204 -1487.9502302751766 -120.05403568118633 -13.543512462259194 17.16973323697667 0.024489897500394875 0.06221436423304816 -40.89295074396686 40.89300540350019 0.12886669321774435 210.18783386451085 1.233228025792912e-06
1942.0 -3114.361194055805 -5382.502403525796 -1487.9406690679536 -120.05403545628127 -13.54351246196429 17.128905572961084 0.024330421965519378 0.06201549479902191 -40.762424057242434 40.76247849326001 0.12968400722808646 210.2393354457312 1.2254209007310427e-06
1943.0 -3114.341357838328 -5382.468169320605 -1487.9311383318047 -120.05403523283692 -13.543512461676485 17.08820802177768 0.02417251404494536 0.061817884682506374 -40.63272310136297 40.63277731577473 0.13050404873440868 210.29038801053622 1.2176871564832933e-06
1944.0 -3114.3215847087286 -5382.434043835155 -1487.9216378749027 -120.05403501083899 -13.543512461395636 17.047639764333145 0.02401614587906309 0.061621513778506554 -40.503834689187165 40.503888683868674 0.13132684939268555 210.34098212328428 1.2100256891664663e-06
1945.0 -3114.3018742731806 -5382.400026391852 -1487.9121675084552 -120.05403479027338 -13.543512461121761 17.007199994477677 0.02386129049504504 0.06142636268365287 -40.375746094098595 40.37579987089215 0.13215243992914008 210.39110855108785 1.2024354118883789e-06
1946.0 -3114.2822261439696 -5382.3661163236175 -1487.9027270465974 -120.05403457112631 -13.54351246085474 16.9668879185759 0.023707921790176556 0.061232412700926275 -40.2484450531187 40.24849861383448 0.13298084866545581 210.4407581539483 1.1949152748279215e-06
1947.0 -3114.2626399392034 -5382.332312973378 -1487.8933163062538 -120.05403435338424 -13.543512460594537 16.926702754897065 0.023556014730111485 0.061039646350034005 -40.12192010240678 40.1219734488244 0.1338120928032431 210.48992125915117 1.1874643843326773e-06
1948.0 -3114.243115282319 -5382.298615693223 -1487.8839351069034 -120.05403413703385 -13.543512460341068 16.886643732614118 0.023405545574970432 0.06084804782980768 -39.996160881222806 39.9962140150933 0.13464618460283645 210.53858809662188 1.1800819184348375e-06
1949.0 -3114.2236518016025 -5382.265023843575 -1487.874583270346 -120.05403392206199 -13.543512460094279 16.846710090819283 0.023256491750647257 0.06065760261181019 -39.871157864798406 39.8712107878459 0.13548313578408985 210.5867491076533 1.1727670666903289e-06
1950.0 -3114.2042491298416 -5382.2315367926 -1487.8652606205399 -120.05403370845573 -13.543512459854124 16.806901077814167 0.023108831694770515 0.06046829707931067 -39.74690212708368 39.74695484100666 0.1363229575627466 210.63439494283665 1.165519029673872e-06
1951.0 -3114.184906904077 -5382.198153915764 -1487.8559669834779 -120.0540334962024 -13.543512459620484 16.767215950592423 0.022962544731274903 0.06028011829757851 -39.62338518977712 39.62343769624957 0.13716566066764993 210.68151645872945 1.1583370187261025e-06
1952.0 -3114.1656247654037 -5382.164874595502 -1487.8467021870963 -120.0540332852894 -13.54351245939336 16.727653974442045 0.022817610967841517 0.06009305386654695 -39.50059892549881 39.50065122617108 0.13801125535555206 210.72810471444765 1.1512202557279568e-06
1953.0 -3114.14640235882 -5382.131698220957 -1487.8374660611998 -120.05403307570438 -13.543512459172709 16.688214422631543 0.022674011211648804 0.05990709182500353 -39.378535494840264 39.378587591339915 0.1388597514241897 210.77415096822855 1.1441679728949077e-06
1954.0 -3114.1272393330974 -5382.098624187753 -1487.8282584373999 -120.0540328674352 -13.54351245895837 16.648896576143336 0.022531726899668314 0.05972222058706933 -39.25718730464047 39.25723919857296 0.1397111582243481 210.81964667400692 1.1371794125838242e-06
1955.0 -3114.1081353406626 -5382.065651897798 -1487.8190791490597 -120.05403266046982 -13.543512458750378 16.60969972344162 0.02239074004095798 0.05953842889890382 -39.13654697954811 39.13659867249748 0.14056548467115684 210.86458347802088 1.1302538271097614e-06
1956.0 -3114.0890900375025 -5382.032780759116 -1487.8099280312467 -120.05403245479634 -13.543512458548635 16.570623160263988 0.02225103316824928 0.059355705808147974 -39.01660734194782 39.01665883547726 0.14142273925482457 210.90895321545844 1.123390478570481e-06
1957.0 -3114.0701030830683 -5382.000010185683 -1487.8008049206874 -120.05403225040311 -13.543512458353108 16.531666189437498 0.022112589297183405 0.05917404064139831 -38.89736139717938 38.89741269283179 0.14228293005078285 210.95274790714316 1.1165886386785618e-06
1958.0 -3114.0511741401883 -5381.96733959728 -1487.7917096557262 -120.05403204727861 -13.543512458163702 16.4928281206917 0.02197539189169362 0.0589934229868021 -38.778802322119326 38.778853421417864 0.14314606472983288 210.99595975628898 1.109847588596114e-06
1959.0 -3114.032302874988 -5381.934768419352 -1487.782642076286 -120.0540318454114 -13.54351245798041 16.45410827049939 0.021839424834503518 0.05881384267996559 -38.660923455928234 38.66097436037677 0.144012150567615 211.03858114528802 1.1031666187773424e-06
1960.0 -3114.013488956811 -5381.902296082875 -1487.773602023832 -120.05403164479026 -13.543512457803125 16.41550596191827 0.021704672401398284 0.05863528979208077 -38.54371829225147 38.54376900333507 0.14488119445398356 211.0806046325603 1.0965450288141154e-06
1961.0 -3113.9947320581477 -5381.8699220242315 -1487.7645893413348 -120.05403144540406 -13.543512457631847 16.377020524436144 0.02157111923898114 0.058457754619459124 -38.427180472373294 38.42723099155868 0.14575320290223434 211.12202294946024 1.0899821272849237e-06
1962.0 -3113.9760318545614 -5381.837645685086 -1487.7556038732384 -120.05403124724187 -13.543512457466482 16.338651293831646 0.021438750345012636 0.058281227674168434 -38.311303779057816 38.311354107793754 0.1466281820579095 211.16282899722682 1.0834772316091837e-06
1963.0 -3113.9573880246217 -5381.805466512267 -1487.7466454654266 -120.05403105029286 -13.54351245730699 16.3003976120248 0.021307551051048534 0.05810569967539081 -38.19608213088705 38.19613227060477 0.14750613770776297 211.2030158440016 1.0770296679023988e-06
1964.0 -3113.9388002498413 -5381.773383957665 -1487.7377139651917 -120.05403085454631 -13.543512457153312 16.26225882695755 0.02117750700679366 0.05793116154137046 -38.081509576979116 38.08155952909272 0.14838707528797113 211.24257672187252 1.0706387708389116e-06
1965.0 -3113.920268214611 -5381.741397478109 -1487.7288092212052 -120.05403065999168 -13.543512457005413 16.224234292458977 0.021048604166045592 0.05775760438184285 -37.967580292021054 37.967630057927856 0.14927099989261922 211.28150502398898 1.0643038835144716e-06
1966.0 -3113.9017916061407 -5381.70950653528 -1487.719931083488 -120.05403046661854 -13.543512456863207 16.186323368122803 0.020920828773887123 0.05758501949086181 -37.85428857155556 37.85433815263646 0.15015791628183545 211.31979430171833 1.0580243573132315e-06
1967.0 -3113.883370114401 -5381.677710595597 -1487.7110794033845 -120.05403027441655 -13.543512456726665 16.14852541918517 0.020794167354960535 0.05741339833994097 -37.74162882749854 37.74167822511836 0.15104782888984966 211.35743826185464 1.0517995517770784e-06
1968.0 -3113.8650034320654 -5381.646009130129 -1487.7022540335329 -120.05403008337554 -13.543512456595739 16.11083981641638 0.020668606702624714 0.057242732571561206 -37.629595583861644 37.62964479936949 0.15194074183265402 211.39443076386465 1.0456288344794856e-06
1969.0 -3113.8466912544627 -5381.614401614504 -1487.693454827843 -120.05402989348548 -13.543512456470362 16.07326593600982 0.020544133868915182 0.057073013992917865 -37.51818347265836 37.51823250738789 0.15283665891565806 211.43076581718807 1.039511580901032e-06
1970.0 -3113.8284332795165 -5381.582887528809 -1487.6846816414684 -120.05402970473635 -13.543512456350523 16.0358031594723 0.020420736155294605 0.056904234569952195 -37.407387229991784 37.40743608526157 0.1537355836412416 211.4664375785842 1.0334471743072465e-06
1971.0 -3113.810229207703 -5381.5514663575195 -1487.6759343307833 -120.05402951711834 -13.543512456236112 15.998450873525115 0.02029840110373904 0.05673638642164569 -37.29720169229832 37.29725036941212 0.1546375192160646 211.50144034955892 1.0274350056290835e-06
1972.0 -3113.792078741999 -5381.5201375894085 -1487.6672127533614 -120.05402933062177 -13.543512456127154 15.96120847000694 0.020177116477901436 0.05656946178592115 -37.18762177395635 37.18767027420336 0.1555424697998584 211.53576922534683 1.021474455368791e-06
1973.0 -3113.77398158788 -5381.488900717539 -1487.6585167679723 -120.054029145237 -13.54351245602355 15.924075345864287 0.020056870162179052 0.056403452782726404 -37.07864231153273 37.07869063618768 0.1564504436136498 211.5694217207319 1.0155648485671636e-06
1974.0 -3113.7559374533816 -5381.457755239379 -1487.649846234612 -120.05402896095454 -13.543512455925251 15.887050903283992 0.01993765010166726 0.056238351328122604 -36.97025800732686 36.97030615764992 0.15736144945734112 211.60239593937092 1.0097055051663876e-06
1975.0 -3113.7379460491434 -5381.4267006568725 -1487.641201014524 -120.05402877776501 -13.543512455832234 15.850134549774463 0.019819444336613756 0.05607414927854215 -36.86246352419858 36.86251150143546 0.15827549573727873 211.63469005978175 1.0038957540383182e-06
1976.0 -3113.720007088407 -5381.395736476434 -1487.6325809701998 -120.05402859565913 -13.543512455744441 15.813325698172907 0.019702241033908052 0.05591083852902479 -36.755253550155764 36.75530135553788 0.1591925904719742 211.66630233387423 9.981349328631464e-07
1977.0 -3113.7021202869996 -5381.364862208924 -1487.6239859653674 -120.05402841462771 -13.543512455661803 15.77662376660388 0.01958602850979929 0.055748411069288295 -36.64862283521685 36.64867046996149 0.1601127412988614 211.69723108555692 9.924223880023002e-07
1978.0 -3113.6842853632947 -5381.334077369581 -1487.6154158649758 -120.05402823466169 -13.543512455584336 15.740028178394773 0.019470795245874584 0.0555868590146158 -36.54256621171929 36.54261367702988 0.16103595548200123 211.7274747094092 9.867574743667106e-07
1979.0 -3113.666502038168 -5381.303381477946 -1487.6068705351736 -120.05402805575213 -13.543512455511948 15.703538362001767 0.019356529899912545 0.05542617462174704 -36.43707860477477 36.43712590184108 0.1619622399194243 211.7570316693694 9.811395552888766e-07
1980.0 -3113.648770034953 -5381.272774057784 -1487.5983498432854 -120.05402787789019 -13.543512455444597 15.667153750903905 0.019243221312637004 0.05526635029595184 -36.33215503690999 36.332202166908424 0.162891601151187 211.78590049747388 9.755680023921657e-07
1981.0 -3113.6310890793925 -5381.242254637004 -1487.5898536577909 -120.05402770106711 -13.543512455382228 15.63087378350948 0.019130858511585913 0.05510737859289172 -36.227790629299925 36.22783759339376 0.16382404536704248 211.81407979260752 9.700421954642042e-07
1982.0 -3113.61345889959 -5381.211822747569 -1487.5813818483011 -120.05402752527418 -13.543512455324844 15.594697903057096 0.01901943071255019 0.054949252217468825 -36.12398060102349 36.12402740036312 0.1647595784141729 211.84156821928033 9.645615223315742e-07
1983.0 -3113.595879225964 -5381.181477925426 -1487.5729342855345 -120.05402735050296 -13.543512455272353 15.558625557517168 0.018908927319303714 0.054791964021021045 -36.02072026720715 36.02076690293034 0.1656982058048439 211.86836450642417 9.591253787366806e-07
1984.0 -3113.578349791197 -5381.151219710413 -1487.564510841297 -120.05402717674488 -13.543512455224745 15.52265619949624 0.018799337922262183 0.054635506997552596 -35.918005036567585 35.91805150979972 0.16663993272392086 211.89446744620707 9.537331682170904e-07
1985.0 -3113.5608703301978 -5381.121047646189 -1487.5561113884578 -120.05402700399165 -13.543512455181942 15.486789286150364 0.018690652295799026 0.05447987427952761 -35.815830408632976 35.81587672048729 0.16758476403608372 211.91987589286077 9.483843019882254e-07
1986.0 -3113.5434405800497 -5381.090961280161 -1487.54773580093 -120.05402683223498 -13.543512455143945 15.451024279087783 0.018582860395300216 0.0543250591334381 -35.714191970851545 35.71423812242937 0.16853270429325812 211.94458876153533 9.430781988263899e-07
1987.0 -3113.526060279975 -5381.060960163406 -1487.5393839536507 -120.05402666146671 -13.54351245511066 15.415360644292086 0.01847595235345878 0.05417105495536312 -35.61308539566041 35.61313138805139 0.16948375774144536 211.9686050271574 9.378142849567466e-07
1988.0 -3113.50872917129 -5381.031043850601 -1487.5310557225605 -120.0540264916787 -13.543512455082125 15.379797852024902 0.018369918476404123 0.054017855266558 -35.512506437594425 35.51255227187674 0.1704379283280329 211.99192372332183 9.325919939400966e-07
1989.0 -3113.491446997367 -5381.001211899961 -1487.522750984585 -120.054026322863 -13.543512455058224 15.34433537676232 0.018264749239493838 0.053865453709120104 -35.41245093044887 35.412496607689455 0.1713952197081443 212.01454394117764 9.274107665664325e-07
1990.0 -3113.474213503597 -5380.971463873168 -1487.514469617616 -120.05402615501168 -13.543512455038943 15.308972697101767 0.018160435283130383 0.05371384404183566 -35.31291478454145 35.31296030579619 0.172355635251718 212.03646482835225 9.22270050745883e-07
1991.0 -3113.457028437353 -5380.94179933531 -1487.506211500495 -120.05402598811695 -13.54351245502425 15.273709295697511 0.01805696740844631 0.053563020136108364 -35.213893984047985 35.21393935036194 0.1733191780497561 212.0576855878743 9.171693014055584e-07
1992.0 -3113.4398915479524 -5380.912217854819 -1487.497976512995 -120.054025822171 -13.543512455014085 15.238544659181498 0.017954336573039242 0.05341297597207184 -35.11538458444244 35.11542979685001 0.17428585092090856 212.07820547712257 9.121079803859039e-07
1993.0 -3113.4228025866228 -5380.88271900341 -1487.4897645358055 -120.05402565716618 -13.543512455008441 15.203478278093971 0.01785253388668906 0.053263705634808645 -35.01738271002611 35.01742776955126 0.1752556564177329 212.09802380678616 9.070855563400997e-07
1994.0 -3113.4057613064715 -5380.853302356031 -1487.4815754505153 -120.05402549309498 -13.543512455007251 15.168509646819206 0.017751550607178146 0.05311520331075492 -34.91988455155691 34.91992945921333 0.1762285968327529 212.11713993983858 9.021015046357574e-07
1995.0 -3113.3887674624543 -5380.823967490802 -1487.4734091395976 -120.05402532994985 -13.543512455010495 15.133638263520087 0.017651378136259055 0.05296746328420898 -34.822886363964706 34.82293112075599 0.17720467420448746 212.13555329052807 8.971553072579838e-07
1996.0 -3113.37182081134 -5380.794713988964 -1487.4652654863958 -120.05402516772334 -13.543512455018123 15.098863630071982 0.017552008015641718 0.052820479933998854 -34.726384464156176 34.72642907107601 0.17818389032344162 212.15326332338535 8.922464527138401e-07
1997.0 -3113.354921111684 -5380.765541434826 -1487.4571443751079 -120.05402500640815 -13.543512455030095 15.06418525200244 0.01745343192308546 0.052674247730267076 -34.630375228909294 34.63041968694163 0.1791662467378784 212.1702695522435 8.873744359390979e-07
1998.0 -3113.3380681237986 -5380.736449415723 -1487.4490456907752 -120.05402484599703 -13.543512455046367 15.02960263843462 0.017355641668666877 0.05252876123136385 -34.53485509284063 34.53489940295982 0.18015174475942602 212.1865715392716 8.825387582069401e-07
1999.0 -3113.3212616097253 -5380.707437521956 -1487.4409693192663 -120.05402468648275 -13.543512455066951 14.995115302027436 0.017258629191202246 0.052384015080986224 -34.43982054651496 34.43986470968595 0.18114038546359792 212.20216890081687 8.77738927148538e-07
2000.0 -3113.3045013332057 -5380.67850534675 -1487.4329151472639 -120.05402452785819 -13.543512455091758 14.960722758917605 0.01716238657398428 0.05224000406108775 -34.34526817124361 34.34531218842211 0.18213216705829033 212.21706480332548 8.729745137893278e-07
2001.0 -3113.2877870595844 -5380.649652486086 -1487.4248830622191 -120.05402437011631 -13.543512455120746 14.926424528520089 0.017066906168507145 0.052096723423969316 -34.251194857410894 34.2512387295439 0.1831270806533179 212.23127158503684 8.682452442928428e-07
2002.0 -3113.2711185556404 -5380.620878538407 -1487.4168729522698 -120.05402421325013 -13.543512455153934 14.892220133180032 0.016972180637967682 0.05195416893668536 -34.157597833683994 34.1576415617103 0.18412511619178415 212.24480290847347 8.635508716508142e-07
2003.0 -3113.2544955894546 -5380.592183104392 -1487.4088847061767 -120.05402405725273 -13.543512455191252 14.858109097909182 0.016878202897645522 0.05181233666982621 -34.0644745281307 34.06451811298128 0.18512626359916018 212.25767225149738 8.588911509354708e-07
2004.0 -3113.2379179303352 -5380.563565786829 -1487.4009182132882 -120.05402390211728 -13.543512455232653 14.824090950221988 0.016784966064230744 0.05167122286443426 -33.97182248074704 33.97186592334528 0.18613051278968215 212.26989290988905 8.542658392604932e-07
2005.0 -3113.2213853487788 -5380.535026190544 -1487.3929733635216 -120.05402374783696 -13.54351245527814 14.790165220065509 0.016692463417475878 0.051530823856154484 -33.87963929358556 33.879682594847445 0.18713785367006472 212.28147799984512 8.496746957553728e-07
2006.0 -3113.2048976164447 -5380.506563922363 -1487.3850500473504 -120.05402359440508 -13.543512455327624 14.756331439762377 0.016600688370887795 0.05139113603216039 -33.78792260244226 33.78796576327651 0.18814827614283663 212.2924404604321 8.451174815418969e-07
2007.0 -3113.188454506145 -5380.478178591089 -1487.3771481558006 -120.05402344181496 -13.543512455381117 14.722589143993334 0.016509634449635158 0.05125215580684728 -33.696670060884905 33.69671308219307 0.18916177010848603 212.30279305599 8.40593959716246e-07
2008.0 -3113.172055791838 -5380.44986980749 -1487.3692675804455 -120.05402329005999 -13.543512455438567 14.688937869772316 0.016419295273850665 0.0511138796082804 -33.605879331340745 33.6059222140173 0.19017832546779304 212.31254837850676 8.361038953302676e-07
2009.0 -3113.155701248622 -5380.421637184296 -1487.3614082134059 -120.05402313913363 -13.543512455499975 14.655377156454838 0.01632966454582707 0.05097630387073693 -33.51554808020283 33.51559082513521 0.1911979321231181 212.32171884994887 8.316470553773544e-07
2010.0 -3113.1393906527405 -5380.393480336201 -1487.3535699473487 -120.05402298902939 -13.543512455565251 14.62190654573054 0.016240736040556314 0.05083942503076244 -33.42567397523164 33.425716583300385 0.192220579980112 212.33031672456784 8.272232087763018e-07
2011.0 -3113.1231237815746 -5380.365398879854 -1487.3457526754873 -120.05402283974085 -13.543512455634385 14.588525581618073 0.016152503598407364 0.05070323952517608 -33.33625468426288 33.336297156341615 0.1932462589493081 212.33835409117484 8.228321263555994e-07
2012.0 -3113.106900413647 -5380.337392433866 -1487.3379562915811 -120.0540226912616 -13.543512455707345 14.555233810468344 0.016064961119740317 0.05056774379023121 -33.247287874636704 33.247330211592214 0.19427495894740748 212.345842875384 8.184735808389307e-07
2013.0 -3113.090720328622 -5380.309460618807 -1487.330180689936 -120.05402254358533 -13.543512455784112 14.52203078096523 0.015978102560746166 0.0504329342613552 -33.15877121305069 33.15881341574301 0.19530666989858722 212.35279484182686 8.141473468304266e-07
2014.0 -3113.0745833073056 -5380.281603057208 -1487.3224257654042 -120.05402239670579 -13.543512455864649 14.488916044128128 0.015891921930405672 0.05029880737330039 -33.070702365641466 33.070744434923895 0.196341381735699 212.35922159633805 8.098532008002521e-07
2015.0 -3113.058489131645 -5380.25381937356 -1487.3146914133847 -120.05402225061675 -13.543512455948926 14.455889153308702 0.015806413288158794 0.05016535956044876 -32.98307899819813 32.983120934917295 0.1973790844015975 212.36513458811356 8.055909210695291e-07
2016.0 -3113.042437584729 -5380.226109194318 -1487.3069775298231 -120.05402210531207 -13.54351245603689 14.422949664193904 0.015721570742154967 0.05003258725722848 -32.895898776437534 32.89594058143343 0.19841976785022242 212.3705451118396 8.013602877961736e-07
2017.0 -3113.0264284507875 -5380.198472147896 -1487.2992840112117 -120.05402196078563 -13.543512456128523 14.39009713480575 0.015637388447952816 0.04990048689859883 -32.80915936631758 32.80920104042362 0.1994634220477327 212.3754643097945 7.971610829603972e-07
2018.0 -3113.0104615151936 -5380.17090786467 -1487.2916107545898 -120.0540218170314 -13.543512456223823 14.35733112549712 0.015553860607523617 0.049769054920538736 -32.72285843437025 32.722899978413345 0.20051003697371841 212.37990317392314 7.929930903498024e-07
2019.0 -3112.994536564459 -5380.143415976974 -1487.283957657542 -120.05402167404336 -13.543512456322714 14.324651198955253 0.015470981468551415 0.049638287760570776 -32.636993648034576 32.63703506283511 0.2015596026221225 212.3838725478834 7.888560955455542e-07
2020.0 -3112.978653386237 -5380.115996119105 -1487.2763246182005 -120.05402153181562 -13.543512456425198 14.292056920201052 0.01538874532380241 0.04950818185825678 -32.551562675993424 32.551603962365384 0.2026121090022469 212.38738312906648 7.847498859081079e-07
2021.0 -3112.9628117693205 -5380.088647927316 -1487.268711535242 -120.05402139034221 -13.543512456531225 14.259547856583959 0.015307146510810554 0.04937873365571299 -32.4665631885077 32.46660434725866 0.20366754613985683 212.39044547059024 7.806742505624736e-07
2022.0 -3112.947011503641 -5380.061371039818 -1487.2611183078893 -120.05402124961732 -13.543512456640778 14.227123577784281 0.015226179411405028 0.04924993959810209 -32.38199285774428 32.38203388967548 0.20472590407800165 212.39306998326657 7.76628980384519e-07
2023.0 -3112.9312523802682 -5380.034165096775 -1487.2535448359097 -120.05402110963519 -13.543512456753826 14.19478365580691 0.015145838451536164 0.04912179613411638 -32.29784935809499 32.29789026400138 0.2057871728780708 212.39526693754237 7.726138679862869e-07
2024.0 -3112.915534191407 -5380.007029740306 -1487.2459910196158 -120.05402097039007 -13.54351245687033 14.162527664980153 0.015066118101076498 0.048994299716465406 -32.21413036649111 32.21417114716137 0.20685134262064278 212.39704646541483 7.686287077020564e-07
2025.0 -3112.8998567303984 -5379.979964614483 -1487.2384567598626 -120.05402083187624 -13.543512456990289 14.130355181958992 0.014987012873627137 0.04886744680232624 -32.13083356270988 32.1308742189265 0.20791840340614487 212.39841856232096 7.646732955750368e-07
2026.0 -3112.8842197917184 -5379.95296936532 -1487.230941958049 -120.05402069408811 -13.543512457113618 14.09826578571275 0.014908517326343684 0.048741233853814236 -32.04795662967976 32.04799716221907 0.20898834535598723 212.39939308900279 7.607474293422381e-07
2027.0 -3112.868623170972 -5379.926043640781 -1487.2234465161157 -120.05402055702007 -13.54351245724038 14.06625905752345 0.014830626059840313 0.04861565733841289 -31.965497253764624 31.965537663396834 0.21006115861330818 212.39997977334662 7.568509084207693e-07
2028.0 -3112.853066664897 -5379.899187090773 -1487.2159703365455 -120.0540204206666 -13.543512457370465 14.034334580993047 0.014753333718035222 0.04849071372940905 -31.883453125050774 31.883493412540034 0.2111368333433802 212.40018821219832 7.529835338953022e-07
2029.0 -3112.8375500713587 -5379.872399367144 -1487.2085133223611 -120.05402028502218 -13.543512457503878 14.002491942026653 0.014676634988108006 0.048366399506325486 -31.801821937630617 31.801862103735054 0.21221535973478148 212.40002787315365 7.491451085027075e-07
2030.0 -3112.8220731893493 -5379.8456801236725 -1487.2010753771249 -120.0540201500814 -13.543512457640587 13.970730728835566 0.014600524593848974 0.04824271113484713 -31.72060137640414 31.720641421875886 0.2132967293662902 212.39950949426196 7.453354289405021e-07
2031.0 -3112.806635819023 -5379.819029016143 -1487.193656404957 -120.05402001583889 -13.543512457780587 13.939050532006659 0.014524997215923818 0.04811964483517528 -31.639788964780667 31.639828890365695 0.21438094071132296 212.39865071905626 7.415542549189826e-07
2032.0 -3112.7912377618077 -5379.792445702523 -1487.186256310587 -120.05401988228925 -13.543512457923823 13.907450944732876 0.014450047428463009 0.04799719645616829 -31.55938198190287 31.559421788340703 0.21546799430078314 212.39747115725828 7.378013363157783e-07
2033.0 -3112.7758788204965 -5379.7659298431345 -1487.1788749993989 -120.05401974942723 -13.543512458070262 13.875931563006016 0.014375669738235786 0.04787536164798123 -31.479377576180813 31.47941726420438 0.2165578905174361 212.39599013664673 7.340764255429155e-07
2034.0 -3112.760558799292 -5379.73948110072 -1487.1715123774522 -120.0540196172476 -13.543512458219908 13.844491985696601 0.014301858623467112 0.047754135981207035 -31.399772843621612 31.3998124139572 0.2176506295945659 212.3942267062529 7.303792775336559e-07
2035.0 -3112.745277503817 -5379.713099140468 -1487.1641683514881 -120.05401948574516 -13.54351245837271 13.813131814589026 0.014228608562213196 0.047633515011157535 -31.32056487009889 31.320604323466153 0.21874621161688113 212.39219964035905 7.267096497193954e-07
2036.0 -3112.730034741118 -5379.686783630016 -1487.1568428289304 -120.05401935491471 -13.543512458528662 13.781850654373411 0.014155914052864205 0.04751349431221108 -31.241750753927697 31.241790091039697 0.21984463652283276 212.3899274424342 7.230673020017086e-07
2037.0 -3112.7148303196514 -5379.6605342394305 -1487.149535717878 -120.05401922475126 -13.543512458687703 13.750648112636759 0.014083769628898679 0.04739406949579639 -31.163327617695426 31.1633668392587 0.2209459041068926 212.387428349009 7.194519967246351e-07
2038.0 -3112.699664049275 -5379.634350641177 -1487.1422469271013 -120.05401909524973 -13.543512458849875 13.7195237998222 0.014012169869452862 0.047275236219496364 -31.08529261424786 31.085331720962486 0.222050014022903 212.38472033348765 7.158634986436167e-07
2039.0 -3112.684535741226 -5379.608232510112 -1487.1349763660326 -120.0540189664051 -13.543512459015094 13.688477329206188 0.013941109406674812 0.04715699019134956 -31.007642929511977 31.007681922071658 0.22315696578675903 212.38182110990167 7.123015748969139e-07
2040.0 -3112.669445208111 -5379.582179523435 -1487.1277239447606 -120.05401883821246 -13.543512459183367 13.657508316864725 0.01387058293065202 0.047039327171546574 -30.93037578361396 30.9304146627061 0.22426675877943839 212.3787481366037 7.087659949761329e-07
2041.0 -3112.654392263885 -5379.55619136067 -1487.12048957402 -120.05401871066695 -13.543512459354643 13.626616381632862 0.013800585192788262 0.04692224297273473 -30.85348843108463 30.853527197390424 0.22537939225024287 212.3755186199023 7.052565306963812e-07
2042.0 -3112.639376723836 -5379.530267703634 -1487.113273165185 -120.05401858376369 -13.543512459528895 13.59580114507652 0.013731111007867725 0.04680573345960415 -30.776978160578064 30.777016814772566 0.22649486531956955 212.37214951764207 7.017729561682203e-07
2043.0 -3112.624398404568 -5379.504408236408 -1487.1060746302603 -120.05401845749788 -13.543512459706132 13.565062231452902 0.013662155255122599 0.0466897945480822 -30.700842294353535 30.700880837105764 0.2276131769820614 212.36865754272603 6.983150477687018e-07
2044.0 -3112.609457123986 -5379.478612645313 -1487.0988938818743 -120.0540183318648 -13.543512459886315 13.534399267684202 0.01359371287870026 0.04657442220436003 -30.625078187626233 30.62511661959924 0.22873432610925004 212.36505916658493 6.948825841142813e-07
2045.0 -3112.594552701279 -5379.452880618872 -1487.0917308332712 -120.05401820685974 -13.543512460069428 13.503811883317773 0.01352577888768458 0.04645961244381702 -30.549683227869153 30.5497215497201 0.22985831145266067 212.36137062259155 6.91475346032574e-07
2046.0 -3112.5796849569047 -5379.4272118478 -1487.0845853983024 -120.05401808247801 -13.543512460255414 13.473299710501218 0.013458348355696259 0.046345361329930945 -30.474654834096974 30.474693046477224 0.23098513164634654 212.35760790942373 6.880931165361469e-07
2047.0 -3112.564853712572 -5379.401606024962 -1487.0774574914215 -120.05401795871502 -13.543512460444308 13.442862383943517 0.013391416420287072 0.04623166497320241 -30.39999045615067 30.40002855970586 0.23211478520990772 212.35378679437446 6.84735680795104e-07
2048.0 -3112.5500587912325 -5379.3760628453565 -1487.0703470276742 -120.05401783556621 -13.543512460636018 13.412499540894293 0.01332497828214052 0.04611851953007218 -30.325687573994784 30.32572556936489 0.23324727055081396 212.34992281661286 6.814028261120321e-07
2049.0 -3112.5353000170576 -5379.350582006087 -1487.0632539226942 -120.05401771302708 -13.54351246083057 13.382210821103538 0.013259029204201411 0.0460059212018713 -30.251743697029518 30.251781584848953 0.2343825859674251 212.34603129039363 6.780943418951262e-07
2050.0 -3112.5205772154313 -5379.3251632063375 -1487.0561780926948 -120.0540175910931 -13.543512461027946 13.35199586679577 0.013193564510705968 0.04589386623380953 -30.17815636342258 30.17819414432025 0.23552072965145193 212.3421273082187 6.748100196332467e-07
2051.0 -3112.5058902129317 -5379.299806147349 -1487.049119454462 -120.05401746975988 -13.543512461228092 13.321854322652566 0.013128579586153322 0.04578235091398497 -30.104923139460446 30.104960814059837 0.23666169969007067 212.3382257439522 6.715496528721972e-07
2052.0 -3112.4912388373195 -5379.2745105324 -1487.042077925349 -120.05401734902297 -13.543512461431018 13.291785835763905 0.013064069874264561 0.045671371572424846 -30.032041618920513 30.032079187839738 0.23780549406918916 212.3343412558851 6.683130371879414e-07
2053.0 -3112.4766229175243 -5379.249276066776 -1487.0350534232693 -120.05401722887805 -13.543512461636656 13.261790055619553 0.013000030876911595 0.04556092458016803 -29.959509422462855 29.95954688631475 0.23895211067517666 212.33048828975714 6.650999701644762e-07
2054.0 -3112.4620422836324 -5379.224102457752 -1487.028045866691 -120.05401710932085 -13.54351246184503 13.231866634074832 0.01293645815306732 0.04545100634834309 -29.887324197037728 29.887361556429912 0.2401015472975355 212.3266810817313 6.61910251369234e-07
2055.0 -3112.4474967668725 -5379.1989894145745 -1487.021055174629 -120.05401699034704 -13.543512462056112 13.202015225324315 0.012873347317821526 0.045341613327321895 -29.81548361531619 29.815520870851113 0.24125380163124968 212.32293366132413 6.587436823296489e-07
2056.0 -3112.432986199603 -5379.173936648432 -1487.014081266641 -120.05401687195237 -13.54351246226985 13.17223548587435 0.012810694041295534 0.04523274200586869 -29.743985375137182 29.744022527412223 0.24240887127915572 212.31925985429203 6.556000665098986e-07
2057.0 -3112.418510415304 -5379.148943872434 -1487.0071240628213 -120.05401675413269 -13.543512462486248 13.142527074527694 0.012748494047576386 0.04512438891031145 -29.67282719896855 29.672864248576055 0.24356675375381856 212.31567328547618 6.524792092892127e-07
2058.0 -3112.4040692485596 -5379.124010801601 -1487.0001834837942 -120.05401663688386 -13.543512462705289 13.112889652346029 0.012686743113839327 0.04501655060375853 -29.602006833390245 29.60204378091759 0.24472744648024192 212.3121873816019 6.493809179381304e-07
2059.0 -3112.38966253505 -5379.099137152835 -1486.9932594507095 -120.05401652020171 -13.54351246292695 13.083322882636217 0.012625437069315737 0.04490922368534633 -29.531522048590823 29.5315588946205 0.24589094679763435 212.30881537404017 6.463050015975465e-07
2060.0 -3112.3752901115386 -5379.074322644899 -1486.986351885236 -120.05401640408226 -13.543512463151192 13.053826430920045 0.012564571794312585 0.04480240478946751 -29.461370637881338 29.461407382990988 0.24705725196179448 212.30557030152517 6.432512712562915e-07
2061.0 -3112.360951815862 -5379.04956699841 -1486.9794607095566 -120.05401628852137 -13.543512463378008 13.02439996492234 0.01250414321939708 0.04469609058507906 -29.391550417218046 29.391587061980534 0.24822635914675076 212.3024650128346 6.402195397308968e-07
2062.0 -3112.346647486917 -5379.024869935802 -1486.972585846364 -120.05401617351505 -13.543512463607373 12.995043154530228 0.012444147324414345 0.044590277775200526 -29.32205922489508 29.322095769878548 0.24939826542632498 212.29951217170742 6.372096216489196e-07
2063.0 -3112.3323769646445 -5379.000231181308 -1486.9657272188495 -120.0540160590594 -13.54351246383929 12.965755671774037 0.012384580169076287 0.0444849632023967 -29.252894990892855 29.252931436660862 0.25057296089328307 212.29672500001288 6.342213354683287e-07
2064.0 -3112.318140089899 -5378.975650460732 -1486.9588847506432 -120.05401594515045 -13.54351246407371 12.936537190550473 0.01232543808169595 0.044380144420701484 -29.184056112978812 29.18409246009097 0.2517504189207189 212.29411832946607 6.312545063210597e-07
2065.0 -3112.3039367041883 -5378.951127501003 -1486.9520583656881 -120.0540158317843 -13.543512464310634 12.90738738609245 0.012266717713108832 0.044275819712852105 -29.115541468035605 29.115577717048232 0.25293061067965555 212.29170704451386 6.283089616463962e-07
2066.0 -3112.2897666495055 -5378.926662029878 -1486.9452479881593 -120.05401571895709 -13.543512464550034 12.87830593462591 0.01220841594662403 0.044171987721654205 -29.047350169648567 29.047386321115052 0.2541135076778951 212.2895058133491 6.253845303928567e-07
2067.0 -3112.275629768249 -5378.902253775809 -1486.9384535424251 -120.05401560666499 -13.543512464791888 12.84929251320078 0.012150529826742584 0.044068647243055814 -28.979481432048264 28.97951748651925 0.25529908176401633 212.2875290909344 6.22481042987855e-07
2068.0 -3112.2615259031923 -5378.877902467895 -1486.9316749530335 -120.05401549490416 -13.543512465036159 12.820346799634862 0.012093056508085454 0.04396579712027826 -28.911934500488744 28.911970458512222 0.2564873051269354 212.28579112200453 6.19598331319187e-07
2069.0 -3112.247454897479 -5378.853607835865 -1486.9249121447092 -120.05401538367086 -13.54351246528287 12.791468472498469 0.012035993218985297 0.04386343619031852 -28.844708616073508 28.84474447819485 0.25767815029386404 212.2843059440396 6.16736228720822e-07
2070.0 -3112.2334165946295 -5378.829369610091 -1486.918165042357 -120.05401527296125 -13.543512465531956 12.762657211131417 0.011979337235782594 0.0437615632575703 -28.77780299841155 28.777838765173524 0.2588715901269583 212.28308739020702 6.13894569962032e-07
2071.0 -3112.219410838553 -5378.805187521619 -1486.9114335710674 -120.05401516277166 -13.543512465783449 12.733912695672363 0.01192308586461266 0.043660177081428664 -28.71121683746962 28.711252509412375 0.26006759781945255 212.28214909226986 6.110731912377865e-07
2072.0 -3112.2054374735635 -5378.781061302184 -1486.9047176561248 -120.05401505309841 -13.543512466037292 12.705234607078369 0.011867236428974692 0.04355927637110035 -28.64494929016371 28.64498486782475 0.26126614689218647 212.28150448346037 6.082719301582243e-07
2073.0 -3112.1914963443965 -5378.7569906842455 -1486.8980172230156 -120.0540149439377 -13.543512466293487 12.676622627173783 0.011811786261045398 0.04345885978406905 -28.57899947935384 28.57903496326801 0.26246721118889554 212.28116680131953 6.054906257410159e-07
2074.0 -3112.177587296225 -5378.732975401013 -1486.8913321974346 -120.05401483528593 -13.54351246655202 12.648076438672142 0.011756732695895167 0.043358925926439085 -28.513366494063277 28.513401884762743 0.26367076487260543 212.28114909050169 6.027291184010974e-07
2075.0 -3112.1637101746746 -5378.709015186477 -1486.8846625052943 -120.05401472713949 -13.543512466812821 12.619595725219696 0.011702073067787921 0.04325947335418601 -28.448049390309567 28.448084688323775 0.26487678242110174 212.28146420554384 5.999872499425244e-07
2076.0 -3112.149864825844 -5378.685109775432 -1486.878008072732 -120.05401461949471 -13.543512467075963 12.591180171417072 0.011647804707944687 0.043160500574855654 -28.38304719221871 28.383082398074365 0.2660852386233029 212.28212481360063 5.97264863548227e-07
2077.0 -3112.1360510963127 -5378.661258903507 -1486.8713688261173 -120.05401451234803 -13.543512467341367 12.562829462858616 0.011593924943234413 0.043062006049449764 -28.318358893268087 28.318394007489132 0.26729610857486996 212.28314339714427 5.945618037714922e-07
2078.0 -3112.1222688331627 -5378.637462307188 -1486.8647446920588 -120.0540144056959 -13.543512467609016 12.534543286163826 0.011540431095657055 0.042963988194394176 -28.25398345757546 28.254018480683047 0.26850936767413264 212.28453225662983 5.918779165267008e-07
2079.0 -3112.1085178839894 -5378.613719723843 -1486.858135597411 -120.05401429953474 -13.543512467878912 12.506321328992257 0.011487320482334695 0.04286644538347684 -28.189919821187516 28.189954753699986 0.26972499161871205 212.2863035131267 5.892130490785277e-07
2080.0 -3112.0947980969136 -5378.590030891749 -1486.8515414692813 -120.05401419386108 -13.543512468151032 12.478163280092414 0.011434590415833057 0.0427693759498089 -28.126166893350057 28.126201735782914 0.2709429564006734 212.28846911091418 5.865670500343989e-07
2081.0 -3112.0811093205957 -5378.566395550106 -1486.8449622350345 -120.05401408867138 -13.54351246842536 12.450068829310592 0.011382238204708628 0.04267277818771298 -28.06272355776059 28.06275831062649 0.2721632383033873 212.2910408200448 5.839397693331862e-07
2082.0 -3112.0674514042507 -5378.542813439063 -1486.8383978223003 -120.05401398396218 -13.543512468701877 12.422037667619996 0.01133026115420499 0.04257665035454039 -27.999588673768308 27.99962333757702 0.2733858138975137 212.29403023887258 5.813310582358714e-07
2083.0 -3112.0538241976537 -5378.5192842997385 -1486.8318481589786 -120.05401387973005 -13.543512468980586 12.394069487149128 0.011278656567073497 0.04248099067248745 -27.936761077554095 27.93679565281251 0.27461066003700624 212.29744879654757 5.787407693161718e-07
2084.0 -3112.0402275511565 -5378.49580787424 -1486.825313173244 -120.05401377597161 -13.543512469261417 12.36616398120369 0.011227421744422372 0.04238579733031056 -27.87423958327067 27.874274070482763 0.2758377538553894 212.30130775547653 5.761687564506031e-07
2085.0 -3112.026661315694 -5378.472383905676 -1486.8187927935514 -120.05401367268342 -13.543512469544407 12.338320844280068 0.011176553986651072 0.042291068485015515 -27.81202298414852 27.812057383815354 0.2770670727624043 212.30561821375213 5.736148748078222e-07
2086.0 -3112.013125342797 -5378.4490121381805 -1486.812286948641 -120.05401356986215 -13.543512469829531 12.310539772094693 0.01112605059429228 0.04219680226347666 -27.750110053562192 27.750144366181893 0.2782985944399537 212.3103911075468 5.71078980839487e-07
2087.0 -3111.9996194846008 -5378.425692316926 -1486.8057955675422 -120.05401346750442 -13.543512470116776 12.282820461599622 0.011075908868933837 0.04210299676401874 -27.688499546068126 27.68853377213587 0.279532296838649 212.31563721347467 5.685609322698987e-07
2088.0 -3111.9861435938524 -5378.402424188138 -1486.799318579578 -120.05401336560692 -13.543512470406087 12.255162611001172 0.0110261261140856 0.04200965005794277 -27.62719019840909 27.627224338417104 0.2807681581742223 212.32136715092145 5.660605880859868e-07
2089.0 -3111.9726975239223 -5378.379207499113 -1486.7928559143697 -120.05401326416639 -13.543512470697504 12.227565919779474 0.0109766996360392 0.04191676019100221 -27.56618073048122 27.566214784918767 0.2820061569238974 212.32759138434105 5.635778085274331e-07
2090.0 -3111.9592811288085 -5378.356041998229 -1486.7864075018397 -120.05401316317953 -13.543512470990983 12.200030088698957 0.010927626744692276 0.041824325184821376 -27.505469846276096 27.505503815629464 0.2832462718231672 212.33432022552162 5.611124550760432e-07
2091.0 -3111.9458942631472 -5378.33292743496 -1486.779973272216 -120.05401306264311 -13.543512471286483 12.172554819832323 0.010878904754328289 0.04173234303828899 -27.44505623479061 27.445090119543114 0.28448848186196846 212.3415638358177 5.586643904463956e-07
2092.0 -3111.9325367822194 -5378.309863559885 -1486.7735531560359 -120.05401296255391 -13.543512471584052 12.145139816563344 0.010830530984415887 0.04164081172889311 -27.384938570901003 27.384972371532974 0.2857327662818124 212.34933222835465 5.562334785746615e-07
2093.0 -3111.9192085419536 -5378.286850124708 -1486.767147084147 -120.0540128629087 -13.543512471883618 12.117784783618292 0.010782502760344315 0.04154972921400635 -27.3251155162157 27.325149233204485 0.2869791045716253 212.35763527019495 5.538195846100439e-07
2094.0 -3111.9059093989395 -5378.263886882256 -1486.7607549877137 -120.05401276370438 -13.543512472185204 12.090489427055232 0.010734817414055797 0.041459093432135496 -27.265585719896546 27.265619353716495 0.28822747646550456 212.36648268448505 5.51422574902548e-07
2095.0 -3111.892639210427 -5378.240973586502 -1486.754376798217 -120.05401266493776 -13.543512472488773 12.06325345430011 0.010687472284823585 0.041368902304138366 -27.206347819452862 27.206381370575343 0.28947786193835306 212.37588405255792 5.490423169949658e-07
2096.0 -3111.8793978343365 -5378.218109992568 -1486.7480124474587 -120.05401256660573 -13.543512472794308 12.036076574140694 0.010640464719804399 0.04127915373439173 -27.147400441512296 27.147433910405685 0.2907302412034397 212.38584881601713 5.466786796112129e-07
2097.0 -3111.8661851292595 -5378.195295856733 -1486.7416618675632 -120.05401246870521 -13.543512473101826 12.008958496744047 0.010593792074709896 0.041189845611905085 -27.088742202558457 27.088775589688133 0.29198459470889504 212.39638627878512 5.44331532646818e-07
2098.0 -3111.853000954467 -5378.172530936444 -1486.7353249909804 -120.0540123712331 -13.543512473411282 11.981898933668155 0.010547451713801337 0.041100975809237106 -27.030371708211742 27.030405014040095 0.2932409033814235 212.407504834245 5.420007469351684e-07
2099.0 -3111.839845169919 -5378.149814990334 -1486.7290017504904 -120.05401227418636 -13.543512473722675 11.954897597882198 0.010501440994708844 0.04101254212903527 -26.972287518068953 26.972320743055334 0.29449915120815007 212.4192038543753 5.396861918952195e-07
2100.0 -3111.826717636302 -5378.127147778284 -1486.7226920792211 -120.05401217756197 -13.543512474035968 11.927954203836155 0.01045575724384129 0.040924542235893036 -26.914488100902453 26.914521245503074 0.2957593241699976 212.43147701993718 5.373877364878653e-07
2101.0 -3111.813618215066 -5378.10452906149 -1486.7163959106667 -120.05401208135693 -13.543512474351184 11.901068467547185 0.010410397765387103 0.040836973709811986 -26.856971869800685 26.857004934468563 0.2970214084303678 212.4443179847288 5.351052508477944e-07
2102.0 -3111.8005467684416 -5378.081958602496 -1486.7101131786972 -120.05401198556827 -13.543512474668297 11.874240106638288 0.010365359854066725 0.040749834091357684 -26.79973721188303 26.799770197067946 0.2982853903014483 212.4577204687319 5.328386063021768e-07
2103.0 -3111.787503159452 -5378.059436165206 -1486.7038438175605 -120.05401189019305 -13.543512474987283 11.847468840342714 0.01032064080416184 0.04066312090419011 -26.742782503105193 26.74281540925371 0.2995512562420476 212.47167825734573 5.305876753593675e-07
2104.0 -3111.7744872519143 -5378.0369615148875 -1486.6975877618868 -120.05401179522836 -13.543512475308123 11.820754389524692 0.0102762379158996 0.04057683166629289 -26.68610611564964 26.686138943205084 0.30081899285465613 212.48618520061893 5.283523316990748e-07
2105.0 -3111.7614989104386 -5378.014534418185 -1486.6913449466863 -120.05401170067123 -13.543512475630834 11.794096476679435 0.010232148499977 0.04049096389569318 -26.629706421681124 26.629739171083614 0.302088586883484 212.50123521249895 5.261324501608715e-07
2106.0 -3111.748538000433 -5377.9921546431015 -1486.685115307351 -120.05401160651887 -13.543512475955378 11.767494825923583 0.010188369880623327 0.04040551511345569 -26.573581795322244 26.573614467008703 0.30336002521296235 212.51682227009462 5.239279067320259e-07
2107.0 -3111.735604388097 -5377.969821959013 -1486.678898779653 -120.05401151276841 -13.543512476281746 11.740949163001497 0.010144899397916518 0.040320482845331185 -26.517730613734706 26.51776320813887 0.3046332948655022 212.53294041293844 5.217385785367739e-07
2108.0 -3111.72269794042 -5377.947536136654 -1486.6726952997444 -120.054011419417 -13.543512476609942 11.714459215279902 0.010101734409321494 0.04023586462275741 -26.46215125777613 26.462183775328576 0.3059083829998153 212.5495837422629 5.195643438247291e-07
2109.0 -3111.709818525183 -5377.92529694812 -1486.6665048041557 -120.05401132646182 -13.543512476939911 11.688024711737642 0.01005887229074176 0.04015165798351994 -26.406842112435648 26.4068745535638 0.3071852769094846 212.56674642028833 5.174050819590188e-07
2110.0 -3111.696966010955 -5377.903104166861 -1486.6603272297953 -120.05401123390016 -13.543512477271696 11.661645382970338 0.01001631043729212 0.04006786047223798 -26.35180156715785 26.351833932286013 0.30846396402082915 212.58442266950985 5.152606734057597e-07
2111.0 -3111.684140267088 -5377.880957567681 -1486.6541625139478 -120.05401114172923 -13.543512477605248 11.63532096118154 0.009974046263854675 0.03998446964078539 -26.297028016110506 26.297060305659873 0.30974443189143047 212.6026067720001 5.131309997225379e-07
2112.0 -3111.6713411637206 -5377.858856926733 -1486.648010594274 -120.05401104994628 -13.543512477940567 11.6090511801783 0.009932077205451861 0.03990148304862995 -26.242519858415292 26.242552072803974 0.3110266682084575 212.62129306871768 5.110159435473718e-07
2113.0 -3111.6585685717682 -5377.836802021508 -1486.6418714088084 -120.05401095854864 -13.543512478277608 11.582835775363492 0.009890400717427639 0.03981889826315932 -26.188275498364444 26.188307638007476 0.31231066078716413 212.64047595882576 5.089153885875295e-07
2114.0 -3111.645822362925 -5377.814792630842 -1486.6357448959589 -120.0540108675336 -13.543512478616407 11.556674483734882 0.009849014275678414 0.03973671285997771 -26.134293345609297 26.134325410918674 0.31359639756907 212.66014989901356 5.068292196090021e-07
2115.0 -3111.6331024096608 -5377.7928285349035 -1486.629630994505 -120.05401077689851 -13.543512478956961 11.530567043878603 0.00980791537672232 0.03965492442319629 -26.08057181535195 26.080603806736637 0.3148838666204241 212.68030940282955 5.047573224256401e-07
2116.0 -3111.620408585219 -5377.77090951519 -1486.623529643597 -120.05401068664078 -13.543512479299217 11.504513195961481 0.009767101537711653 0.03957353054569257 -26.027109328521814 26.02714124638777 0.31617305613074087 212.70094904002354 5.02699583888314e-07
2117.0 -3111.6077407636108 -5377.749035354524 -1486.6174407827543 -120.05401059675772 -13.54351247964318 11.478512681726832 0.009726570296580306 0.03949252882936083 -25.973904311939254 25.973936156689454 0.31746395441117725 212.72206343589357 5.00655891874464e-07
2118.0 -3111.595098819614 -5377.727205837051 -1486.6113643518631 -120.05401050724679 -13.543512479988827 11.452565244487253 0.00968631921189278 0.03941191688536172 -25.92095519847416 25.920986970508608 0.31875654989307156 212.74364727064295 4.986261352775241e-07
2119.0 -3111.582482628771 -5377.70542074823 -1486.6053002911772 -120.05401041810538 -13.543512480336126 11.42667062912113 0.00964634586293478 0.03933169233434697 -25.868260427199523 25.868292126915282 0.3200508311263109 212.76569527874153 4.966102039967464e-07
2120.0 -3111.5698920673835 -5377.683679874826 -1486.5992485413146 -120.05401032933098 -13.543512480685141 11.40082858206518 0.009606647849594196 0.03925185280667076 -25.815818443536298 25.81585007132751 0.32134678677790707 212.78820224829778 4.946079889268254e-07
2121.0 -3111.5573270125124 -5377.661983004916 -1486.5932090432564 -120.05401024092106 -13.543512481035787 11.375038851304213 0.009567222792393082 0.03917239594261446 -25.76362769938353 25.763659255641425 0.3226444056307284 212.8111630204409 4.926193819474183e-07
2122.0 -3111.544787341971 -5377.640329927866 -1486.5871817383459 -120.05401015287312 -13.543512481388069 11.349301186369733 0.009528068332359751 0.039093319392556225 -25.711686653252855 25.71171813836579 0.3239436765818001 212.83457248870212 4.906442759134592e-07
2123.0 -3111.532272934325 -5377.618720434344 -1486.5811665682863 -120.05401006518464 -13.543512481742024 11.323615338331322 0.00948918213103056 0.039014620817177104 -25.659993770385316 25.660025184738775 0.3252445886409809 212.85842559841072 4.886825646450202e-07
2124.0 -3111.5197836688862 -5377.5971543163005 -1486.5751634751398 -120.0540099778532 -13.543512482097585 11.297981059790123 0.009450561870307794 0.0389362978876342 -25.60854752287628 25.608578866852916 0.326547130929546 212.88271734609336 4.867341429174406e-07
2125.0 -3111.507319425713 -5377.575631366968 -1486.5691724013254 -120.05400989087639 -13.543512482454751 11.272398104872089 0.009412205252427697 0.038858348285711664 -25.55734638977477 25.55737766375441 0.3278512926787967 212.90744277888288 4.847989064515454e-07
2126.0 -3111.494880085601 -5377.554151380857 -1486.563193289617 -120.0540098042517 -13.543512482813526 11.246866229218432 0.009374109999880531 0.03878076970400457 -25.506388857195944 25.506420061555612 0.32915706322882604 212.93259699393528 4.828767519037562e-07
2127.0 -3111.4824655300868 -5377.5327141537455 -1486.5572260831427 -120.0540097179768 -13.543512483173897 11.22138518998539 0.009336273855295119 0.03870355984603879 -25.455673418411664 25.45570455352561 0.3304644320268218 212.95817513784547 4.80967576857009e-07
2128.0 -3111.4700756414386 -5377.5113194826745 -1486.551270725383 -120.0540096320493 -13.543512483535851 11.19595474582538 0.009298694581339362 0.038626716426421126 -25.405198573947978 25.40522964018769 0.3317733886263359 212.9841724060881 4.790712798103743e-07
2129.0 -3111.457710302656 -5377.489967165946 -1486.5453271601682 -120.05400954646689 -13.543512483899352 11.170574656893034 0.009261369960658072 0.038550237170980495 -25.354962831667883 25.354993829402115 0.33308392268529163 213.01058404244023 4.771877601706472e-07
2130.0 -3111.4453693974638 -5377.468657003111 -1486.5393953316773 -120.05400946122715 -13.543512484264445 11.145244684827514 0.009224297795775271 0.038474119816878094 -25.304964706852868 25.304995636447654 0.3343960239652229 213.03740533843484 4.7531691824226173e-07
2131.0 -3111.4330528103114 -5377.447388794965 -1486.533475184436 -120.05400937632785 -13.54351248463107 11.119964592750184 0.009187475908941423 0.03839836211272818 -25.25520272228412 25.255233584102797 0.3357096823297362 213.06463163280532 4.7345865521845324e-07
2132.0 -3111.4207604263656 -5377.426162343546 -1486.527566663315 -120.05400929176662 -13.54351248499925 11.094734145256924 0.009150902142083694 0.03832296181870376 -25.205675408305716 25.205706202708942 0.337024887743263 213.09225831094219 4.716128731721183e-07
2133.0 -3111.4084921315107 -5377.40497745212 -1486.521669713528 -120.05400920754123 -13.543512485368963 11.06955310840928 0.009114574356624772 0.03824791670664229 -25.156381302898254 25.156412030244038 0.33834163026988523 213.12028080435755 4.6977947504668847e-07
2134.0 -3111.3962478123426 -5377.3838339251815 -1486.5157842806314 -120.0540091236494 -13.543512485740155 11.044421249723527 0.009078490433466868 0.038173224560127395 -25.107318951737753 25.107349612381466 0.33965990007228647 213.14869459015844 4.6795836464695324e-07
2135.0 -3111.384027356163 -5377.3627315684425 -1486.5099103105204 -120.0540090400889 -13.54351248611292 11.01933833817346 0.009042648272783893 0.0380988831745821 -25.05848690824968 25.05851750254407 0.3409796874099946 213.17749519051148 4.661494466309736e-07
2136.0 -3111.3718306509804 -5377.34167018883 -1486.5040477494279 -120.05400895685754 -13.54351248648713 10.994304144165246 0.009007045794033885 0.03802489035775203 -25.009883733927403 25.009914262222633 0.3423009825850532 213.20667820982118 4.643526265030741e-07
2137.0 -3111.3596575854963 -5377.320649594466 -1486.49819654392 -120.05400887395311 -13.543512486862856 10.96931843953603 0.008971680959906081 0.03795124402410721 -24.961508060425686 24.96153852306942 0.3436237677621838 213.23624503456722 4.625678110603277e-07
2138.0 -3111.3475080490043 -5377.299669594491 -1486.492356640847 -120.05400879137339 -13.543512487240053 10.944380997332978 0.008936551898132805 0.037877942611982185 -24.913358863924394 24.91338926126224 0.3449480083519928 213.26620884611975 4.607949088484921e-07
2139.0 -3111.335381931215 -5377.278729998763 -1486.4865279872588 -120.05400870911625 -13.543512487618743 10.919491591453784 0.008901656921157297 0.03780498502920082 -24.86543542936062 24.865465761736527 0.3462736680877191 213.29658412449004 4.5903382929186587e-07
2140.0 -3111.3232791221512 -5377.257830617675 -1486.4807105303544 -120.05400862717957 -13.543512487998875 10.894649996437598 0.008866994466293576 0.037732370386281744 -24.817737174958594 24.81776744271506 0.3476007111468402 213.3273851763991 4.5728448255432047e-07
2141.0 -3111.311199512104 -5377.236971262085 -1486.4749042174626 -120.05400854556113 -13.543512488380452 10.86985598737048 0.008832563052079578 0.037660097865646947 -24.770263566198018 24.770293769676172 0.3489291021512916 213.3586261377078 4.55546779526428e-07
2142.0 -3111.299142991625 -5377.216151743292 -1486.4691089960352 -120.05400846425894 -13.54351248876348 10.845109339870746 0.00879836124867417 0.03758816666197706 -24.72301407659565 24.723044216135285 0.3502588061635196 213.39032097572965 4.538206318183875e-07
2143.0 -3111.2871094515244 -5377.195371873044 -1486.4633248136483 -120.05400838327077 -13.543512489147933 10.820409830085236 0.00876438765813603 0.03751657595551894 -24.675988170145644 24.67601824608521 0.35158978868200225 213.4224834915086 4.5210595175378666e-07
2144.0 -3111.275098782878 -5377.174631463543 -1486.4575516180062 -120.05400830259457 -13.543512489533814 10.79575723470468 0.008730640901090325 0.03744532490057484 -24.62918529375425 24.629215306430858 0.3529220156357793 213.45512732204747 4.504026523647357e-07
2145.0 -3111.263110877038 -5377.153930327466 -1486.4517893569441 -120.05400822222826 -13.543512489921133 10.771151330983034 0.008697119608033432 0.037374412620994946 -24.582604874275244 24.582634824024645 0.3542554533787963 213.48826594250588 4.487106473872912e-07
2146.0 -3111.251145625641 -5377.13326827798 -1486.4460379784348 -120.05400814216979 -13.543512490309833 10.74659189676051 0.008663822413634392 0.0373038382088664 -24.53624631764477 24.536276204801343 0.3555900686840692 213.521912668367 4.470298512571434e-07
2147.0 -3111.2392029206203 -5377.112645128762 -1486.4402974305917 -120.05400806241707 -13.543512490699943 10.72207871047873 0.008630747953137785 0.03723360072464832 -24.490109008977278 24.490138833873996 0.3569258287383015 213.55608065758943 4.4536017910477075e-07
2148.0 -3111.227282654213 -5377.092060694008 -1486.434567661675 -120.05400798296806 -13.543512491091432 10.697611551204231 0.008597894860152167 0.0371636991979587 -24.444192313080244 24.444222076048675 0.358262701136071 213.59078291272095 4.437015467511782e-07
2149.0 -3111.215384718972 -5377.071514788465 -1486.4288486200965 -120.05400790382072 -13.543512491484302 10.673190198651282 0.008565261765323129 0.037094132628629595 -24.398495575149237 24.39852527651951 0.3596006538740749 213.6260322829875 4.4205387070359334e-07
2150.0 -3111.203509007775 -5377.051007227429 -1486.4231402544228 -120.05400782497307 -13.543512491878557 10.648814433194232 0.008532847295722235 0.03702489998788128 -24.35301812153725 24.353047761638045 0.3609396553459727 213.6618414663701 4.4041706815046437e-07
2151.0 -3111.1916554138343 -5377.0305378267785 -1486.4174425133804 -120.05400774642307 -13.543512492274163 10.624484035894042 0.008500650074651617 0.0369560002194973 -24.307759260535377 24.3077888396939 0.36227967433647673 213.69822301163646 4.3879105695743013e-07
2152.0 -3111.1798238307038 -5377.010106402976 -1486.4117553458607 -120.05400766816872 -13.543512492671129 10.6001987885111 0.00846866872161911 0.03688743224102975 -24.262718283156676 24.262747801698648 0.3636206800162206 213.7351893203654 4.3717575566237734e-07
2153.0 -3111.168014152287 -5376.989712773085 -1486.4060787009225 -120.05400759020806 -13.543512493069445 10.575958473523148 0.008436901852629575 0.036819194944953004 -24.217894463898663 24.217923922148298 0.3649626419363737 213.77275264893927 4.3557108347086026e-07
2154.0 -3111.1562262728467 -5376.969356754789 -1486.4004125277959 -120.05400751253912 -13.543512493469091 10.55176287413994 0.008405348080485098 0.03675128719979437 -24.17328706148863 24.173316459768625 0.3663055300234638 213.81092511051438 4.3397696025131987e-07
2155.0 -3111.144460087011 -5376.949038166402 -1486.3947567758876 -120.05400743515989 -13.543512493870068 10.527611774320714 0.008374006015237967 0.03668370785123898 -24.12889531961088 24.128924658242404 0.3676493145740718 213.84971867696285 4.323933065305088e-07
2156.0 -3111.13271548978 -5376.928756826875 -1486.3891113947818 -120.0540073580685 -13.543512494272377 10.50350495878933 0.00834287426454594 0.03661645572320893 -24.08471846761038 24.08474774691305 0.36899396624968384 213.88914518079181 4.3082004348878014e-07
2157.0 -3111.120992376537 -5376.908512555819 -1486.3834763342456 -120.054007281263 -13.543512494675994 10.479442213047994 0.008311951434260223 0.036549529618888243 -24.04075572117317 24.040784941465045 0.37033945607165025 213.92921631703982 4.292570929553053e-07
2158.0 -3111.109290643047 -5376.888305173502 -1486.3778515442311 -120.05400720474144 -13.543512495080911 10.455423323386348 0.008281236128834024 0.03648292832174338 -23.997006282992402 23.997035444589976 0.37168575541643434 213.96994364515615 4.2770437740301536e-07
2159.0 -3111.0976101854712 -5376.8681345008745 -1486.3722369748787 -120.05400712850196 -13.543512495487137 10.431448076899164 0.008250726951773757 0.03641665059648069 -23.953469343407264 23.953498446625442 0.37303283601041126 214.011338590841 4.26161819944127e-07
2160.0 -3111.0859509003676 -5376.848000359569 -1486.3666325765196 -120.05400705254264 -13.543512495894666 10.407516261497047 0.008220422506189706 0.03635069519001455 -23.91014408102464 23.910173126176744 0.37438066992508706 214.05341244787252 4.246293443252378e-07
2161.0 -3111.0743126846983 -5376.827902571914 -1486.3610382996792 -120.0540069768616 -13.54351249630344 10.383627665920882 0.008190321395144196 0.03628506083236793 -23.86702966332663 23.867058650724378 0.37572922957213795 214.09617637990263 4.2310687492268736e-07
2162.0 -3111.062695435833 -5376.807840960943 -1486.355454095078 -120.054006901457 -13.543512496713529 10.359782079744386 0.008160422222143637 0.03621974623756952 -23.824125247249917 23.82415417720342 0.3770784876991526 214.1396414222499 4.2159433673718856e-07
2163.0 -3111.0510990515586 -5376.787815350402 -1486.349879913636 -120.05400682632697 -13.543512497124873 10.335979293391341 0.008130723591591504 0.03615475010450808 -23.781429979752666 23.781458852570424 0.3784284173845788 214.1838184836426 4.200916553894256e-07
2164.0 -3111.039523430077 -5376.767825564757 -1486.3443157064746 -120.05400675146963 -13.543512497537472 10.312219098142116 0.008101224109152483 0.03609007111776563 -23.738942998363136 23.738971814352016 0.3797789920333062 214.22871834795615 4.18598757114998e-07
2165.0 -3111.0279684700185 -5376.747871429204 -1486.3387614249166 -120.05400667688318 -13.543512497951319 10.288501286145998 0.008071922382146823 0.036025707948429186 -23.6966634317111 23.696692191176354 0.38113018537195287 214.27435167591736 4.1711556875976233e-07
2166.0 -3111.0164340704355 -5376.7279527696755 -1486.3332170204915 -120.05400660256583 -13.543512498366415 10.264825650427957 0.008042817019926929 0.035961659254870604 -23.654590400038643 23.654619103283874 0.3824819714445 214.32072900679455 4.1564201777485403e-07
2167.0 -3111.004920130815 -5376.708069412844 -1486.3276824449345 -120.05400652851577 -13.543512498782768 10.241191984893057 0.008013906634278811 0.035897923683499755 -23.61272301570146 23.61275166302864 0.3838343246080951 214.3678607600697 4.141780322115984e-07
2168.0 -3110.99342655108 -5376.688221186137 -1486.322157650191 -120.05400645473121 -13.543512499200334 10.21760008434346 0.007985189839724072 0.03583449986949727 -23.57106038364766 23.571088975357117 0.3851872195281694 214.41575723706322 4.127235407172355e-07
2169.0 -3110.981953231589 -5376.668407917732 -1486.3166425884153 -120.05400638121034 -13.543512499619132 10.19404974447703 0.007956665253875173 0.03577138643752953 -23.52960160188679 23.529630138277206 0.38654063117463855 214.46442862257112 4.112784725295351e-07
2170.0 -3110.970500073145 -5376.648629436571 -1486.311137211975 -120.05400630795143 -13.543512500039153 10.170540761894314 0.007928331497719654 0.0357085820024281 -23.488345761938685 23.488374243307092 0.3878945348176619 214.5138849864644 4.098427574719704e-07
2171.0 -3110.959066976996 -5376.62888557236 -1486.3056414734501 -120.05400623495271 -13.543512500460368 10.147072934111115 0.007900187195964747 0.03564608516985146 -23.44729194926832 23.447320375910092 0.38924890602310974 214.56413628525394 4.084163259492659e-07
2172.0 -3110.947653844836 -5376.609176155578 -1486.3001553256358 -120.05400616221246 -13.543512500882809 10.123646059561288 0.007872230977284289 0.035583894536934224 -23.406439243710576 23.40646761591944 0.39060372064862836 214.61519236365277 4.0699910894237823e-07
2173.0 -3110.936260578812 -5376.58950101748 -1486.2946787215442 -120.05400608972894 -13.543512501306441 10.100259937598137 0.007844461474622477 0.03552200869290001 -23.365786719880013 23.365815037948035 0.39195895483981974 214.66706295612101 4.0559103800343374e-07
2174.0 -3110.9248870815213 -5376.5698599901 -1486.2892116144033 -120.05400601750046 -13.543512501731275 10.076914368502797 0.007816877325430127 0.035460426219666275 -23.32533344756005 23.32536171177764 0.3933145850260538 214.71975768837328 4.041920452511269e-07
2175.0 -3110.913533256017 -5376.550252906253 -1486.2837539576603 -120.05400594552526 -13.543512502157276 10.053609153490049 0.0077894771719577705 0.035399145692419864 -23.285078492090307 23.28510670274622 0.3946705879164605 214.77328607887048 4.02802063365996e-07
2176.0 -3110.902199005813 -5376.53067959955 -1486.2783057049821 -120.05400587380173 -13.543512502584468 10.030344094716245 0.007762259661417303 0.03533816568018988 -23.24502091473081 23.24504907211214 0.39602694049583265 214.82765754028503 4.0142102558585957e-07
2177.0 -3110.8908842348774 -5376.511139904385 -1486.272866810255 -120.05400580232812 -13.54351250301282 10.007118995271856 0.007735223446285744 0.03527748474637615 -23.205159773025432 23.205187877417618 0.3973836200214588 214.88288138098082 4.00048865700376e-07
2178.0 -3110.8795888476416 -5376.491633655949 -1486.2674372275874 -120.0540057311028 -13.543512503442349 9.983933659189148 0.00770836718247736 0.03521710144031065 -23.165494115240943 23.165522166927758 0.3987406053811814 214.93896562493194 3.986855176288511e-07
2179.0 -3110.868312749025 -5376.472160690273 -1486.2620169113209 -120.05400566012415 -13.543512503873037 9.96078789151204 0.007681689479550613 0.03515701409803729 -23.12602284932316 23.126050848586544 0.4000978900774118 214.99590574356756 3.973309114353377e-07
2180.0 -3110.85705584455 -5376.45272084443 -1486.2566058160876 -120.05400558939047 -13.543512504304879 9.937681498508901 0.0076551888283837854 0.035097220626677306 -23.086744601059685 23.086772548179407 0.4014554763094021 215.05368977594708 3.9598497514586725e-07
2181.0 -3110.845818040452 -5376.433313956719 -1486.2512038968612 -120.05400551890017 -13.54351250473786 9.914614287917036 0.007628863632028526 0.03503771870718353 -23.047657847446125 23.047685742699578 0.4028133663744387 215.11230577273147 3.946476373887939e-07
2182.0 -3110.8345992437257 -5376.4139398667485 -1486.2458111089802 -120.05400544865167 -13.543512505171972 9.891586069026031 0.007602712243745202 0.034978505939182725 -23.008761011960637 23.00878885562278 0.4041715625437722 215.17174189735553 3.9331882742949717e-07
2183.0 -3110.8233993621384 -5376.394598415461 -1486.240427408154 -120.0540053786433 -13.543512505607245 9.868596652711743 0.007576732992179203 0.03491957990408778 -22.970052506078265 22.970080298421593 0.405530067059905 215.23198642453923 3.9199847516584946e-07
2184.0 -3110.8122183042324 -5376.375289445131 -1486.2350527504636 -120.05400530887356 -13.543512506043616 9.84564585143677 0.007550924197754938 0.034860938192293744 -22.931530747159538 22.931558488454097 0.4068888821358401 215.29302773889754 3.9068651112178503e-07
2185.0 -3110.8010559793174 -5376.356012799361 -1486.2296870923599 -120.05400523934085 -13.543512506481136 9.822733479239746 0.007525284183486747 0.03480257841472323 -22.89319416604336 22.89322185655676 0.4082480099549911 215.35485433359787 3.8938286644030274e-07
2186.0 -3110.789912297466 -5376.336768323067 -1486.2243303906578 -120.05400517004362 -13.543512506919761 9.799859351719963 0.007499811281903135 0.03474449820757819 -22.8550412101685 22.85506885016594 0.4096074526713751 215.4174548090493 3.8808747287628747e-07
2187.0 -3110.7787871695023 -5376.317555862458 -1486.2189826025353 -120.05400510098038 -13.543512507359502 9.777023286022013 0.007474503839437929 0.034686695234129594 -22.81707034475851 22.817097934502804 0.41096721240981393 215.48081787161124 3.868002627894267e-07
2188.0 -3110.767680506996 -5376.2983752650325 -1486.2136436855264 -120.05400503214953 -13.543512507800344 9.754225100812969 0.007449360219302648 0.03462916718524678 -22.77928005315977 22.779307592911383 0.41232729126658824 215.5449323323434 3.8552116913679575e-07
2189.0 -3110.756592222252 -5376.279226379552 -1486.2083135975192 -120.05400496354964 -13.543512508242285 9.73146461627283 0.0074243788030994295 0.034571911779363695 -22.741668836829312 22.74169632684638 0.4136876913093123 215.60978710573846 3.842501254662846e-07
2190.0 -3110.745522228302 -5376.2601090560365 -1486.2029922967504 -120.05400489517919 -13.543512508685312 9.708741654066602 0.007399557991883299 0.03451492676222845 -22.70423521516083 22.704262655699193 0.41504841457791486 215.67537120852597 3.8298706590908305e-07
2191.0 -3110.734470438895 -5376.241023145735 -1486.197679741801 -120.05400482703672 -13.54351250912944 9.68605603733263 0.007374896206648884 0.03445820990654802 -22.66697772525578 22.66700511656901 0.4164094630846593 215.74167375844988 3.8173192517317023e-07
2192.0 -3110.723436768491 -5376.221968501127 -1486.1923758915925 -120.05400475912079 -13.543512509574635 9.663407590662363 0.007350391888543584 0.034401759011583266 -22.629894921660203 22.62992226399963 0.41777083881468746 215.80868397308902 3.8048463853641047e-07
2193.0 -3110.712421132248 -5376.202944975895 -1486.187080705384 -120.05400469142991 -13.543512510020921 9.640796140084742 0.00732604349894217 0.03434557190276788 -22.59298537610848 22.59301266972323 0.4191325437262955 215.87639116868348 3.792451418399955e-07
2194.0 -3110.701423446019 -5376.183952424918 -1486.1817941427655 -120.05400462396271 -13.543512510468263 9.618221513049445 0.00730184951925672 0.034289646431299836 -22.55624767725655 22.556274922393555 0.42049457975128796 215.94478475898188 3.780133714819056e-07
2195.0 -3110.6904436263408 -5376.1649907042565 -1486.1765161636563 -120.05400455671771 -13.543512510916678 9.59568353840569 0.007277808450862011 0.034233980473733716 -22.51968043041743 22.51970762732147 0.4218569487956102 216.01385425412045 3.7678926441021547e-07
2196.0 -3110.6794815904254 -5376.146059671134 -1486.1712467283003 -120.05400448969358 -13.543512511366165 9.573182046397589 0.007253918814766891 0.03417857193161389 -22.48328225731136 22.483309406225082 0.42321965273899076 216.0835892594694 3.755727581173807e-07
2197.0 -3110.6685372561565 -5376.127159183928 -1486.165985797263 -120.05400442288887 -13.543512511816695 9.550716868628982 0.0072301791514277625 0.034123418731052624 -22.44705179580741 22.447078896971366 0.42458269343643745 216.15397947458982 3.743637906329505e-07
2198.0 -3110.657610542074 -5376.108289102153 -1486.160733331426 -120.05400435630222 -13.543512512268281 9.528287838064134 0.007206588020387983 0.03406851882239437 -22.410987699676205 22.41101475332886 0.42594607271757523 216.22501469209783 3.7316230051830366e-07
2199.0 -3110.646701367373 -5376.089449286451 -1486.1554892919842 -120.05400428993228 -13.543512512720891 9.505894789002603 0.00718314400005049 0.034013870179809835 -22.375088638346856 22.37511564472463 0.42730979238755534 216.29668479662496 3.719682268600648e-07
2200.0 -3110.635809651895 -5376.0706395985735 -1486.1502536404435 -120.05400422377768 -13.543512513174564 9.483537557069445 0.0071598456873687155 0.033959470800952296 -22.33935329666994 22.339380256007225 0.4286738542270435 216.36897976374684 3.707815092644233e-07
2201.0 -3110.624935316117 -5376.051859901376 -1486.1450263386153 -120.05400415783716 -13.543512513629258 9.461215979197295 0.007136691697500197 0.033905318706591636 -22.303780374680713 22.3038072872099 0.43003825999271045 216.44188965895407 3.6960208785109196e-07
2202.0 -3110.6140782811485 -5376.033110058797 -1486.1398073486134 -120.0540040921093 -13.543512514084977 9.438929893607273 0.007113680663605848 0.03385141194027863 -22.268368587370794 22.2683954533223 0.4314030114178046 216.51540463664267 3.684299032472809e-07
2203.0 -3110.60323846872 -5376.014389935853 -1486.1345966328518 -120.05400402659284 -13.54351251454172 9.416679139803863 0.007090811236466266 0.033797748567978125 -22.233116664462106 22.23314348406439 0.43276811021187933 216.58951493907506 3.672648965824815e-07
2204.0 -3110.5924158011803 -5375.995699398619 -1486.1293941540384 -120.05400396128645 -13.543512514999478 9.394463558549994 0.007068082084261462 0.03374432667775373 -22.198023350185093 22.19805012366469 0.4341335580617383 216.66421089542047 3.6610700948227795e-07
2205.0 -3110.5816102014855 -5375.977038314223 -1486.1241998751757 -120.0540038961889 -13.543512515458259 9.372282991860063 0.007045491892235134 0.033691144379426774 -22.16308740306205 22.163114130643585 0.4354993566312919 216.73948292075178 3.6495618406317323e-07
2206.0 -3110.570821593196 -5375.958406550829 -1486.119013759554 -120.05400383129884 -13.543512515918042 9.350137282979443 0.00702303936247084 0.03363819980424587 -22.128307595692974 22.12833427759919 0.4368655075622513 216.81532151510203 3.6381236292677704e-07
2207.0 -3110.560049900465 -5375.939803977626 -1486.1138357707496 -120.05400376661507 -13.543512516378824 9.328026276378427 0.007000723213570481 0.033585491104580534 -22.093682714545196 22.09370935099698 0.4382320124739405 216.89171726248665 3.6267548915481206e-07
2208.0 -3110.549295048035 -5375.921230464823 -1486.1086658726215 -120.05400370213628 -13.543512516840593 9.305949817730347 0.006978542180419822 0.03353301645360407 -22.059211559750505 22.059238150966905 0.4395988729640944 216.96866082999375 3.615455063033672e-07
2209.0 -3110.5385569612336 -5375.902685883626 -1486.103504029308 -120.05400363786133 -13.543512517303386 9.283907753902954 0.0069564950138936155 0.03348077404497829 -22.02489294490119 22.024919491099435 0.44096609060884423 217.04614296684346 3.604223583979029e-07
2210.0 -3110.5278355659593 -5375.8841701062365 -1486.098350205224 -120.0540035737889 -13.54351251776714 9.261899932943052 0.00693458048065132 0.033428762092564845 -21.99072569685375 21.990752198249275 0.442333666963129 217.1241545034837 3.593059899279727e-07
2211.0 -3110.5171307886826 -5375.865683005841 -1486.0932043650569 -120.05400350991782 -13.543512518231882 9.239926204066956 0.006912797362828016 0.03337697883012325 -21.95670865553268 21.95673511233915 0.44370160356075183 217.20268635067924 3.5819634584230385e-07
2212.0 -3110.506442556435 -5375.847224456589 -1486.0880664737656 -120.05400344624685 -13.543512518697602 9.217986417643726 0.006891144457819465 0.03332542251101156 -21.922840673741213 21.92286708617054 0.4450699019148938 217.2817294986401 3.5709337154357527e-07
2213.0 -3110.4957707968065 -5375.828794333592 -1486.0829364965748 -120.05400338277481 -13.543512519164292 9.196080425178865 0.0068696205780280906 0.0332740914079146 -21.889120616973113 21.889146985235474 0.4464385635186065 217.36127501616056 3.5599701288328296e-07
2214.0 -3110.4851154379357 -5375.810392512913 -1486.077814398974 -120.05400331950055 -13.543512519631935 9.174208079311066 0.006848224550623172 0.03322298381256683 -21.85554736322819 21.855573687532058 0.4478075898445002 217.44131404972583 3.549072161573214e-07
2215.0 -3110.4744764085053 -5375.792018871548 -1486.0727001467135 -120.05400325642282 -13.543512520100558 9.152369233790552 0.006826955217331232 0.033172098035450404 -21.822119802829047 21.822146083381195 0.4491769823455842 217.52183782269572 3.5382392810069944e-07
2216.0 -3110.4638536377383 -5375.7736732874255 -1486.0675937058031 -120.05400319354055 -13.543512520570166 9.13056374347466 0.006805811434135833 0.03312143240555265 -21.788836838247857 21.788863075253392 0.4505467424550399 217.60283763443996 3.527470958831779e-07
2217.0 -3110.453247055388 -5375.75535563939 -1486.0624950425079 -120.05400313085254 -13.543512521040679 9.108791464312933 0.006784792071165668 0.03307098527008723 -21.75569738392932 21.755723577591695 0.45191687158665417 217.68430485952226 3.5167666710443865e-07
2218.0 -3110.442656591737 -5375.737065807195 -1486.0574041233444 -120.05400306835764 -13.543512521512158 9.087052253331057 0.006763896012371262 0.033020754994240065 -21.72270036612087 21.722726516641906 0.453287371135336 217.76623094690262 3.5061258978925864e-07
2219.0 -3110.432082177585 -5375.7188036714915 -1486.0523209150815 -120.05400300605477 -13.543512521984587 9.065345968625275 0.006743122155359771 0.03297073996090738 -21.68984472270354 21.689870830283443 0.45465824247697906 217.8486074191111 3.4955481238325365e-07
2220.0 -3110.421523744251 -5375.70056911382 -1486.047245384734 -120.05400294394273 -13.543512522457965 9.043672469347948 0.006722469411187149 0.03292093857044609 -21.65712940302632 21.6571554678637 0.45602948696888834 217.93142587146713 3.4850328374824093e-07
2221.0 -3110.4109812235606 -5375.682362016597 -1486.0421774995614 -120.0540028820205 -13.54351252293229 9.022031615693589 0.006701936704098799 0.032871349240422454 -21.624553367743637 21.624579390035525 0.45740110595018596 218.01467797130823 3.4745795315768186e-07
2222.0 -3110.4004545478447 -5375.664182263112 -1486.0371172270661 -120.0540028202869 -13.54351252340751 9.00042326889676 0.006681522971405229 0.03282197040537849 -21.592115588655542 21.59214156859741 0.4587731007414699 218.0983554571847 3.4641877029275035e-07
2223.0 -3110.3899436499337 -5375.646029737511 -1486.0320645349889 -120.05400275874086 -13.543512523883658 8.978847291205545 0.00666122716636508 0.032772800531323476 -21.559815058247434 21.559840996033223 0.46014547055230387 218.18245142243327 3.453856851965551e-07
2224.0 -3110.3794484631267 -5375.6279043247505 -1486.0270193912975 -120.05400269738135 -13.543512524360745 8.957303545837291 0.0066410482896355205 0.032723838244422154 -21.527650874347625 21.52767677016988 0.46151820573363456 218.2669644549219 3.4435864813703475e-07
2225.0 -3110.36896892113 -5375.609805910489 -1486.0219817641535 -120.05400263620723 -13.543512524838764 8.935791896841488 0.006620985406772917 0.0326750823603863 -21.49562225946302 21.49564811351305 0.46289129438305043 218.35189459030917 3.433376097251195e-07
2226.0 -3110.358504958015 -5375.591734381012 -1486.0169516218934 -120.05400257521747 -13.543512525317668 8.914312209015247 0.006601037629542006 0.032626531782864454 -21.46372849392416 21.46375430639211 0.46426472471417607 218.43724186135816 3.423225209532615e-07
2227.0 -3110.348056508193 -5375.573689623199 -1486.0119289330191 -120.05400251441101 -13.5435125257975 8.89286434785556 0.006581204101253846 0.03257818545316571 -21.431968882830308 21.431994653905207 0.4656384850581755 218.52300629815824 3.4131333318982273e-07
2228.0 -3110.337623506416 -5375.555671524505 -1486.0069136661937 -120.0540024537868 -13.543512526278224 8.871448179553031 0.006561483987276517 0.0325300423297028 -21.40034274251586 21.40036847238564 0.46701256386261936 218.6091879281941 3.4030999817548813e-07
2229.0 -3110.327205887764 -5375.537679972956 -1486.0019057902389 -120.0540023933438 -13.54351252675984 8.850063570972532 0.006541876468956431 0.032482101379620154 -21.36884939503986 21.368875083891364 0.4683869496912107 218.69578677646848 3.3931246801910916e-07
2230.0 -3110.31680358765 -5375.519714857151 -1485.996905274136 -120.05400233308093 -13.543512527242363 8.828710389659275 0.006522380739793832 0.032434361575401915 -21.337488165965457 21.33751381398445 0.4697616312218995 218.78280286552186 3.383206951947769e-07
2231.0 -3110.306416541813 -5375.501776066252 -1485.991912087023 -120.05400227299725 -13.543512527725778 8.807388503831346 0.0065029960029114875 0.032386821893545026 -21.30625838348035 21.30628399085153 0.47113659724587853 218.8702362155056 3.373346325382914e-07
2232.0 -3110.2960446863203 -5375.483863489987 -1485.9869261981953 -120.05400221309168 -13.543512528210064 8.78609778237692 0.006483721469543013 0.03233948131406805 -21.27515937807351 21.275184944980502 0.4725118366662956 218.95808684423574 3.3635423324388447e-07
2233.0 -3110.2856879575656 -5375.465977018646 -1485.981947577104 -120.05400215336326 -13.543512528695269 8.76483809485403 0.006464556357967055 0.03229233882034155 -21.244190482429282 21.24421600905466 0.4738873384968134 219.04635476723473 3.353794508610898e-07
2234.0 -3110.275346292267 -5375.448116543077 -1485.976976193358 -120.05400209381091 -13.543512529181339 8.7436093114838 0.006445499892919315 0.032245393399076505 -21.213351031416803 21.213376517942084 0.4752630918606068 219.13503999779937 3.344102392913441e-07
2235.0 -3110.265019627467 -5375.430281954687 -1485.9720120167199 -120.05400203443367 -13.543512529668282 8.722411303153262 0.006426551305114714 0.032198644040351 -21.18264036210583 21.182665808711487 0.47663908598875354 219.224142547028 3.3344655278505756e-07
2236.0 -3110.2547079005317 -5375.412473145441 -1485.9670550171086 -120.05400197523056 -13.543512530156084 8.70124394141161 0.006407709831020014 0.032152089737660816 -21.15205781380644 21.1520832206719 0.47801531021906296 219.31366242387395 3.3248834593841305e-07
2237.0 -3110.244411049148 -5375.394690007858 -1485.9621051645966 -120.05400191620063 -13.54351253064477 8.680107098466252 0.006388974712683293 0.03210572948799495 -21.121602728109654 21.121628095413314 0.47939175399493145 219.40359963519845 3.315355736901865e-07
2238.0 -3110.234129011322 -5375.376932435008 -1485.9571624294108 -120.05400185734283 -13.54351253113432 8.659000647182111 0.00637034519765578 0.032059562291875565 -21.09127444892445 21.091299776843666 0.48076840686400124 219.49395418580977 3.305881913187448e-07
2239.0 -3110.2238617253824 -5375.359200320514 -1485.9522267819311 -120.05400179865624 -13.543512531624714 8.637924461080694 0.006351820538800013 0.032013587153435275 -21.061072322516196 21.061097611227304 0.4821452584768463 219.58472607850132 3.2964615443906023e-07
2240.0 -3110.2136091299753 -5375.341493558548 -1485.9472981926904 -120.0540017401399 -13.543512532115987 8.61687841433566 0.006333399994362665 0.03196780308046243 -21.03099569754978 21.03102094722809 0.48352229858589885 219.67591531410415 3.2870941899959723e-07
2241.0 -3110.203371164062 -5375.323812043827 -1485.942376632374 -120.0540016817928 -13.543512532608087 8.595862381770276 0.006315082827869745 0.031922209084462416 -21.00104392512058 21.001069135940387 0.4848995170442687 219.7675218915308 3.27777941279313e-07
2242.0 -3110.1931477669223 -5375.306155671612 -1485.9374620718188 -120.05400162361404 -13.543512533101042 8.57487623885274 0.00629686830809284 0.03187680418070293 -20.971216358793082 20.971241530927678 0.4862769038047128 219.859545807827 3.2685167788459345e-07
2243.0 -3110.182938878149 -5375.288524337709 -1485.9325544820126 -120.05400156560265 -13.543512533594837 8.553919861701084 0.0062787557090864254 0.03183158738828151 -20.94151235463063 20.941537488252294 0.48765444891799103 219.95198705818132 3.2593058574663896e-07
2244.0 -3110.17274443765 -5375.270917938464 -1485.927653834094 -120.05400150775773 -13.543512534089505 8.532993127073162 0.006260744310072397 0.03178655773015304 -20.9119312712286 20.911956366508615 0.4890321425322124 220.0448456359983 3.250146221182201e-07
2245.0 -3110.1625643856446 -5375.253336370758 -1485.9227600993513 -120.05400145007835 -13.543512534584972 8.512095912366872 0.006242833395504022 0.0317417142331875 -20.8824724697467 20.882497526855357 0.4904099748915228 220.13812153292687 3.2410374457091294e-07
2246.0 -3110.152398662663 -5375.235779532011 -1485.9178732492223 -120.05400139256353 -13.54351253508129 8.491228095619707 0.00622502225501087 0.031697055928206375 -20.853135313934228 20.853160333040826 0.4917879363348481 220.2318147388897 3.2319791099233057e-07
2247.0 -3110.142247209545 -5375.21824732018 -1485.9129932552933 -120.05400133521243 -13.543512535578428 8.470389555502218 0.006207310183354409 0.03165258185003683 -20.823919170158835 20.82394415143169 0.49316601729505205 220.32592524214004 3.2229707958311703e-07
2248.0 -3110.13210996744 -5375.200739633747 -1485.9081200892988 -120.05400127802407 -13.543512536076395 8.449580171317095 0.006189696480481288 0.03160829103753393 -20.794823407431892 20.794848351038343 0.4945442082977353 220.42045302929142 3.2140120885421366e-07
2249.0 -3110.1219868778026 -5375.183256371728 -1485.9032537231205 -120.05400122099759 -13.5435125365752 8.428799822999398 0.00617218045140433 0.03156418253362503 -20.765847397432943 20.76587230353936 0.495922499959971 220.51539808534253 3.2051025762419963e-07
2250.0 -3110.1118778823957 -5375.165797433666 -1485.8983941287875 -120.05400116413207 -13.543512537074806 8.408048391110263 0.006154761406280684 0.03152025538535064 -20.736990514533765 20.737015383305547 0.49730088298948283 220.61076039372963 3.1962418501637795e-07
2251.0 -3110.101782923285 -5375.148362719626 -1485.893541278474 -120.05400110742667 -13.543512537575248 8.387325756829698 0.006137438660303474 0.031476508643886625 -20.708252135819663 20.70827696742125 0.4986793481838997 220.70653993638405 3.187429504558537e-07
2252.0 -3110.0917019428402 -5375.130952130198 -1485.8886951445015 -120.05400105088046 -13.54351253807646 8.366631801967277 0.006120211533772846 0.03143294136457975 -20.679631641106184 20.679656435701055 0.50005788642883 220.8027366937054 3.178665136673985e-07
2253.0 -3110.0816348837325 -5375.113565566494 -1485.883855699335 -120.05400099449253 -13.543512538578522 8.34596640894725 0.006103079352001828 0.031389552606982285 -20.651128412965768 20.65115317071646 0.5014364886976495 220.89935064465251 3.169948346722509e-07
2254.0 -3110.0715816889347 -5375.096202930141 -1485.879022915584 -120.0540009382621 -13.543512539081357 8.325329460809007 0.006086041445291457 0.03134634143487247 -20.62274183674096 20.62276655780906 0.5028151460502807 220.9963817667629 3.16127873785598e-07
2255.0 -3110.0615423017157 -5375.078864123282 -1485.874196766002 -120.05400088218825 -13.54351253958502 8.304720841209171 0.006069097148980518 0.03130330691628025 -20.59447130056227 20.594495985108427 0.5041938496318731 221.09383003616347 3.1526559161414816e-07
2256.0 -3110.051516665647 -5375.061549048576 -1485.8693772234851 -120.0540008262701 -13.54351254008946 8.284140434409725 0.006052245803351397 0.03126044812351747 -20.566316195364244 20.566340843548172 0.5055725906724294 221.19169542764595 3.1440794905314215e-07
2257.0 -3110.0415047245915 -5375.04425760919 -1485.864564261072 -120.05400077050683 -13.543512540594712 8.263588125284528 0.006035486753622976 0.031217764133198322 -20.538275914902126 20.53830052688261 0.5069513604852119 221.28997791465582 3.1355490728416093e-07
2258.0 -3110.031506422711 -5375.026989708801 -1485.8597578519432 -120.0540007148976 -13.543512541100764 8.243063799309079 0.006018819349954185 0.031175254026252652 -20.510349855762087 20.510374431696995 0.5083301504662836 221.388677469359 3.1270642777225726e-07
2259.0 -3110.021521704459 -5375.009745251592 -1485.8549579694195 -120.05400065944153 -13.543512541607596 8.222567342564464 0.006002242947399594 0.031132916887956164 -20.482537417376804 20.48256195742308 0.5097089520931078 221.48779406264077 3.1186247226370233e-07
2260.0 -3110.011550514582 -5374.992524142252 -1485.8501645869624 -120.05400060413781 -13.543512542115174 8.202098641727819 0.00598575690586145 0.031090751807941075 -20.454838002037114 20.454862506350793 0.5110877569240659 221.58732766416864 3.1102300278319803e-07
2261.0 -3110.0015927981167 -5374.975326285966 -1485.8453776781735 -120.05400054898563 -13.54351254262357 8.18165758407372 0.005969360590102113 0.031048757880219213 -20.427251014903668 20.427275483639875 0.5124665565972512 221.68727824240224 3.101879816315653e-07
2262.0 -3109.9916485003896 -5374.958151588423 -1485.8405972167925 -120.05400049398412 -13.543512543132739 8.161244057468837 0.005953053369713857 0.031006934203189118 -20.399775864013503 20.399800297326465 0.5138453428297266 221.78764576463507 3.0935737138317886e-07
2263.0 -3109.981717567016 -5374.940999955808 -1485.8358231766979 -120.05400043913247 -13.543512543642676 8.140857950373553 0.005936834619070908 0.03096527987965203 -20.372411960291718 20.372436358334767 0.5152241074163245 221.8884301970015 3.085311348837095e-07
2264.0 -3109.971799943897 -5374.923871294797 -1485.8310555319058 -120.05400038442993 -13.54351254415339 8.120499151831726 0.005920703717288589 0.030923794016832318 -20.34515871756144 20.345183080487015 0.5166028422292571 221.9896315045416 3.077092352474076e-07
2265.0 -3109.9618955772194 -5374.906765512564 -1485.8262942565693 -120.05400032987563 -13.54351254466488 8.100167551476508 0.005904660048287269 0.03088247572637748 -20.318015552548154 20.31803988050781 0.5179815392166525 222.09124965118636 3.0689163585506204e-07
2266.0 -3109.952004413453 -5374.889682516763 -1485.8215393249777 -120.05400027546877 -13.543512545177135 8.079863039518473 0.005888703000650253 0.030841324124375902 -20.290981884888197 20.291006178032614 0.5193601904022982 222.1932845998298 3.0607830035126607e-07
2267.0 -3109.942126399351 -5374.872622215543 -1485.8167907115558 -120.0540002212086 -13.543512545690128 8.05958550675027 0.0058728319676326635 0.030800338331362198 -20.264057137133186 20.264081395612163 0.5207387878842772 222.2957363123187 3.052691926423717e-07
2268.0 -3109.9322614819466 -5374.855584517534 -1485.8120483908624 -120.05400016709429 -13.543512546203905 8.039334844539407 0.0058570463472129575 0.03075951747232608 -20.237240734756224 20.237264958718697 0.5221173238344162 222.3986047495003 3.0446427689399067e-07
2269.0 -3109.9224096085527 -5374.838569331848 -1485.8073123375923 -120.05400011312506 -13.543512546718441 8.019110944824991 0.005841345541949039 0.030718860676714144 -20.21053210615605 20.210556295750088 0.5234957904974802 222.50188987125117 3.0366351752867636e-07
2270.0 -3109.912570726762 -5374.821576568078 -1485.8025825265727 -120.05400005930012 -13.543512547233723 7.998913700120757 0.005825728959015564 0.030678367078442292 -20.18393068265849 20.183954838031305 0.524874180190273 222.60559163626948 3.028668792240161e-07
2271.0 -3109.9027447844433 -5374.804606136294 -1485.7978589327647 -120.05400000561875 -13.54351254774974 7.978743003502721 0.005810196006947876 0.030638035800031993 -20.157435888086216 20.157460009384156 0.5262524877629831 222.7097084866981 3.020743279562426e-07
2272.0 -3109.892931729761 -5374.787657947076 -1485.793141531271 -120.05399995208013 -13.543512548266527 7.958598748660879 0.005794746069991419 0.030597865843416727 -20.131047066914643 20.131071154283095 0.5276307164802769 222.81423372432621 3.0128583350177077e-07
2273.0 -3109.8831315112243 -5374.770731911598 -1485.7884302973591 -120.05399989868351 -13.543512548784037 7.938480829984648 0.005779378498079524 0.030557856084412194 -20.104763480633583 20.10478753421687 0.5290088713580344 222.91915960821228 3.0050136660913686e-07
2274.0 -3109.8733440777105 -5374.753827941669 -1485.7837252064744 -120.05399984542815 -13.543512549302294 7.918389142621774 0.005764092621566519 0.030518005353681765 -20.078584361019853 20.078608380961207 0.5303869573693284 223.02447845573883 2.9972089823872513e-07
2275.0 -3109.863569378474 -5374.73694594975 -1485.7790262342426 -120.05399979231329 -13.543512549821314 7.898323582496029 0.005748887761924948 0.03047831247257271 -20.052508933707877 20.05253292014941 0.5317649794431202 223.13018264190495 2.989443995616557e-07
2276.0 -3109.8538073631453 -5374.72008584895 -1485.7743333564704 -120.05399973933818 -13.54351255034105 7.878284046296729 0.0057337632383092085 0.030438776266856316 -20.026536427236312 20.026560380319044 0.5331429424648811 223.23626459877258 2.981718419575895e-07
2277.0 -3109.844057981731 -5374.703247553025 -1485.7696465491451 -120.0539996865021 -13.543512550861495 7.8582704314864245 0.005718718371571896 0.030399395571932608 -20.000666076469543 20.00068999633339 0.5345208512759665 223.34271681482363 2.974031970132538e-07
2278.0 -3109.834321184609 -5374.68643097637 -1485.764965788432 -120.05399963380432 -13.543512551382705 7.838282636290416 0.005703752486708069 0.03036016923473195 -19.974897123844197 19.97492101062799 0.535898710674234 223.44953183442087 2.9663843652028515e-07
2279.0 -3109.824596922524 -5374.669636034017 -1485.7602910506728 -120.0539995812441 -13.54351255190464 7.818320559684653 0.00568886491437226 0.030321096114330537 -19.94922881977665 19.949252673618147 0.5372765254147783 223.5567022572848 2.958775324730343e-07
2280.0 -3109.814885146584 -5374.652862641624 -1485.7556223123845 -120.05399952882073 -13.543512552427298 7.7983841013934 0.005674054991663624 0.030282175082066765 -19.923660422746757 19.923684243782652 0.538654300209993 223.6642207379263 2.9512045706676856e-07
2281.0 -3109.805185808258 -5374.636110715469 -1485.7509595502554 -120.05399947653348 -13.543512552950654 7.778473161876668 0.005659322062648187 0.03024340502150835 -19.898191199261998 19.898214987627938 0.5400320397303401 223.77207998514206 2.943671826955046e-07
2282.0 -3109.7954988593706 -5374.619380172441 -1485.7463027411459 -120.05399942438164 -13.543512553474748 7.758587642325321 0.005644665478625299 0.030204784828296916 -19.872820423769557 19.872844179600143 0.5414097486045899 223.8802727614752 2.936176819501562e-07
2283.0 -3109.785824252096 -5374.6026709300395 -1485.741651862085 -120.05399937236456 -13.543512553999562 7.738727444645949 0.005630084598189811 0.03016631341001208 -19.847547378557486 19.847571101986293 0.5427874314207741 223.98879188274 2.928719276163182e-07
2284.0 -3109.7761619389585 -5374.585982906363 -1485.737006890269 -120.0539993204815 -13.54351255452509 7.718892471469241 0.005615578787324438 0.030127989686000944 -19.82237135364637 19.822395044805962 0.5441650927255078 224.09763021742492 2.9212989267295517e-07
2285.0 -3109.7665118728273 -5374.569316020104 -1485.7323678030589 -120.05399926873176 -13.543512555051308 7.699082626124379 0.005601147419323382 0.030089812587225317 -19.797291646684485 19.79731530570641 0.5455427370256704 224.2067806862882 2.913915502898334e-07
2286.0 -3109.756874006911 -5374.552670190543 -1485.7277345779796 -120.05399921711471 -13.543512555578252 7.67929781264253 0.005586789874733711 0.03005178105608497 -19.77230756284262 19.772331189857436 0.5469203687880706 224.31623626180186 2.906568738260678e-07
2287.0 -3109.747248294755 -5374.53604533754 -1485.7231071927185 -120.05399916562965 -13.543512556105888 7.659537935741013 0.005572505541314499 0.03001389404626753 -19.747418414704786 19.74744200984207 0.5482979924404543 224.42598996770866 2.899258368279667e-07
2288.0 -3109.7376346902397 -5374.519441381532 -1485.7184856251226 -120.05399911427588 -13.543512556634223 7.639802900829818 0.0055582938139302485 0.029976150522595724 -19.722623522167932 19.722647085556293 0.5496756123709571 224.53603487846152 2.891984130277251e-07
2289.0 -3109.7280331475745 -5374.502858243523 -1485.7138698531976 -120.05399906305277 -13.543512557163275 7.620092613988323 0.005544154094424769 0.02993854946086305 -19.697922212343148 19.69794574411022 0.551053232929636 224.64636411883578 2.8847457634103565e-07
2290.0 -3109.718443621295 -5374.486295845083 -1485.7092598551055 -120.05399901195962 -13.543512557693022 7.600406981965062 0.005530085791587425 0.02990108984768547 -19.673313819449184 19.673337319721664 0.5524308584283961 224.7569708634197 2.8775430086557265e-07
2291.0 -3109.70886606626 -5374.469754108336 -1485.7046556091634 -120.05399896099584 -13.543512558223446 7.580745912176557 0.005516088320977275 0.02986377068035928 -19.648797684720698 19.648821153624333 0.5538084931409798 224.8678483361159 2.8703756087945625e-07
2292.0 -3109.6993004376473 -5374.45323295596 -1485.7000570938428 -120.0539989101607 -13.54351255875458 7.561109312690096 0.005502161104924852 0.029826590966699484 -19.624373156308273 19.624396593967884 0.5551861413040844 224.97898980973991 2.8632433083914953e-07
2293.0 -3109.689746690952 -5374.436732311175 -1485.6954642877656 -120.0539988594536 -13.543512559286372 7.541497092221864 0.0054883035723278795 0.029789549724912767 -19.6000395891866 19.600062995726084 0.5565638071174038 225.09038860553844 2.8561458537793645e-07
2294.0 -3109.6802047819815 -5374.420252097741 -1485.6908771697051 -120.05399880887393 -13.543512559818877 7.52190916012926 0.005474515158628179 0.029752645983442072 -19.575796345057057 19.5758197205994 0.5579414947440797 225.20203809274636 2.849082993042045e-07
2295.0 -3109.6706746668533 -5374.403792239956 -1485.6862957185829 -120.05399875842102 -13.543512560352067 7.502345426406712 0.0054607953056944325 0.02971587878083337 -19.551642792259315 19.55166613692661 0.5593192083109083 225.31393168813028 2.842054475998731e-07
2296.0 -3109.661156301989 -5374.387352662642 -1485.6817199134675 -120.05399870809421 -13.543512560885926 7.482805801675422 0.005447143461735138 0.02967924716559711 -19.527578305681097 19.527601619594538 0.5606969519089754 225.4260628555722 2.835060054186197e-07
2297.0 -3109.6516496441172 -5374.370933291147 -1485.677149733574 -120.05399865789292 -13.543512561420462 7.463290197180118 0.005433559081177819 0.02964275019607676 -19.503602266667468 19.50362554994737 0.5620747295937982 225.53842510561947 2.828099480843764e-07
2298.0 -3109.6421546502643 -5374.354534051334 -1485.67258515826 -120.05399860781651 -13.5435125619557 7.443798524776009 0.005420041624624616 0.02960638694031026 -19.479714062937347 19.479737315703154 0.5634525453861617 225.65101199509635 2.8211725108949366e-07
2299.0 -3109.632671277754 -5374.338154869582 -1485.6680261670272 -120.0539985578644 -13.543512562491566 7.424330696937395 0.005406590558710178 0.029570156475905662 -19.455913088493165 19.455936310863457 0.5648304032714249 225.76381712659725 2.8142789009369245e-07
2300.0 -3109.6231994842046 -5374.321795672773 -1485.663472739518 -120.05399850803595 -13.543512563028145 7.404886626731138 0.00539320535608212 0.029534057889904375 -19.432198743541313 19.432221935633816 0.5662083072013129 225.87683414818719 2.807418409217825e-07
2301.0 -3109.6137392275245 -5374.305456388294 -1485.6589248555144 -120.05399845833054 -13.543512563565374 7.385466227825265 0.005379885495250036 0.029498090278663014 -19.40857043440508 19.408593596336676 0.5675862610932255 225.99005675290604 2.8005907956264675e-07
2302.0 -3109.6042904659116 -5374.289136944026 -1485.6543824949372 -120.05399840874757 -13.543512564103262 7.366069414479193 0.005366630460546418 0.02946225274772818 -19.385027573446003 19.385050705332738 0.568964268830847 226.1034786783837 2.7937958216758846e-07
2303.0 -3109.594853157847 -5374.272837268343 -1485.6498456378433 -120.05399835928655 -13.543512564641823 7.346696101535344 0.0053534397419880975 0.029426544411712996 -19.361569578981815 19.36159268093891 0.5703423342646595 226.21709370645283 2.7870332504874454e-07
2304.0 -3109.585427262095 -5374.2565572901085 -1485.645314264426 -120.05399830994673 -13.543512565181052 7.32734620441706 0.005340312835299343 0.029390964394176322 -19.33819587520975 19.338218947351603 0.57172046121201 226.33089566273026 2.7803028467773624e-07
2305.0 -3109.5760127377002 -5374.240296938663 -1485.6407883550119 -120.05399826072762 -13.543512565720917 7.308019639117876 0.005327249241688037 0.029355511827502845 -19.31490589212642 19.314928934566623 0.5730986534577927 226.44487841625406 2.7736043768403314e-07
2306.0 -3109.566609543982 -5374.2240561438275 -1485.6362678900612 -120.05399821162864 -13.543512566261464 7.288716322199209 0.0053142484678954105 0.029320185852793834 -19.29169906545444 19.29172207830579 0.5744769147545346 226.55903587907648 2.7669376085362583e-07
2307.0 -3109.557217640535 -5374.207834835893 -1485.6317528501652 -120.05399816264918 -13.543512566802631 7.269436170783825 0.005301310026050388 0.029284985619745463 -19.268574836562856 19.26859781993734 0.5758552488227822 226.67336200588653 2.760302311275675e-07
2308.0 -3109.5478369872235 -5374.19163294562 -1485.6272432160454 -120.05399811378867 -13.54351256734449 7.25017910255515 0.005288433433626949 0.029249910286538672 -19.245532652396708 19.245555606405542 0.577233659351071 226.78785079360313 2.7536982560072954e-07
2309.0 -3109.5384675441824 -5374.175450404229 -1485.6227389685523 -120.05399806504656 -13.543512567886953 7.230945035737008 0.0052756182133162355 0.029214959019734366 -19.22257196540558 19.222594890159204 0.5786121499972974 226.90249628108919 2.7471252151990167e-07
2310.0 -3109.5291092718085 -5374.159287143401 -1485.618240088664 -120.0539980164223 -13.5435125684301 7.21173388910573 0.00526286389301589 0.029180130994149067 -19.199692233466838 19.19971512907491 0.5799907243877748 227.01729254867814 2.7405829628301713e-07
2311.0 -3109.519762130766 -5374.143143095272 -1485.613746557484 -120.05399796791527 -13.543512568973881 7.1925455819768835 0.005250170005734134 0.0291454253927661 -19.176892919819696 19.176915786391127 0.5813693861181067 227.13223371785625 2.734071274375198e-07
2312.0 -3109.510426081977 -5374.127018192423 -1485.609258356243 -120.05399791952499 -13.543512569518297 7.173380034194328 0.005237536089506278 0.02911084140661835 -19.15417349299585 19.15419633063879 0.5827481387538979 227.2473139509362 2.727589926788299e-07
2313.0 -3109.5011010866206 -5374.110912367884 -1485.6047754662932 -120.05399787125089 -13.54351257006335 7.154237166139297 0.005224961687332552 0.029076378234688782 -19.1315334267473 19.131556235569157 0.5841269858300245 227.3625274506146 2.7211386984950043e-07
2314.0 -3109.491787106135 -5374.094825555124 -1485.600297869111 -120.05399782309236 -13.543512570609058 7.135116898709908 0.005212446347137245 0.029042035083807427 -19.108972199984294 19.10899498009174 0.5855059308520342 227.47786845971223 2.714717369373869e-07
2315.0 -3109.4824841022073 -5374.078757688047 -1485.5958255462938 -120.05399777504893 -13.543512571155363 7.116019153325353 0.005199989621637258 0.029007811168553665 -19.086489296705274 19.086512048204245 0.5868849772957703 227.5933312607698 2.708325720746645e-07
2316.0 -3109.4731920367767 -5374.062708700988 -1485.5913584795592 -120.05399772712006 -13.54351257170232 7.096943851917051 0.005187591068331443 0.028973705711148767 -19.064084205934478 19.06410692893019 0.588264128607936 227.70891017572734 2.701963535364194e-07
2317.0 -3109.463910872031 -5374.0466785287135 -1485.5868966507435 -120.05399767930517 -13.543512572249913 7.077890916927718 0.005175250249436658 0.028939717941366183 -19.041756421655098 19.04177911625205 0.5896433882060876 227.82459956555937 2.6956305973951706e-07
2318.0 -3109.4546405704027 -5374.030667106409 -1485.5824400418014 -120.05399763160378 -13.543512572798141 7.058860271299723 0.005162966731774077 0.02890584709643651 -19.019505442750386 19.019528109052377 0.5910227594794053 227.94039382997954 2.689326692411273e-07
2319.0 -3109.445381094567 -5374.014674369682 -1485.5779886348046 -120.05399758401532 -13.543512573346991 7.0398518384757915 0.005150740086770966 0.028872092420946238 -18.997330772936337 18.997353411046447 0.5924022457885697 228.05628740707513 2.6830516073767344e-07
2320.0 -3109.436132407441 -5373.998700254559 -1485.5735424119396 -120.05399753653928 -13.54351257389643 7.02086554239667 0.0051385698903443355 0.028838453166752487 -18.975231920706403 18.97525453072703 0.5937818504658584 228.17227477296277 2.6768051306368966e-07
2321.0 -3109.4268944721803 -5373.98274469747 -1485.5691013555083 -120.05399748917517 -13.543512574446538 7.001901307485067 0.0051264557228556384 0.028804928592885304 -18.953208399267776 18.95323098130063 0.5951615768162419 228.28835044153334 2.6705870519024087e-07
2322.0 -3109.4176672521758 -5373.966807635257 -1485.5646654479258 -120.05399744192246 -13.543512574997228 6.9829590586517005 0.005114397169556639 0.028771517968075422 -18.93125972820268 18.93128228234879 0.5965414275995367 228.40450993312066 2.6643971670211834e-07
2323.0 -3109.4084507110474 -5373.950889005158 -1485.560234671717 -120.05399739478064 -13.543512575548544 6.9640387212790085 0.0051023938266370195 0.028738220599083597 -18.90938545211177 18.909407978471517 0.5979214027563919 228.52075403593372 2.6582352989856656e-07
2324.0 -3109.39924481263 -5373.934988744777 -1485.5558090095096 -120.05399734774919 -13.543512576100493 6.945140221183654 0.005090445305486746 0.028705035840113524 -18.887585146802344 18.887607645475498 0.5993015012860937 228.637085293531 2.652101280583785e-07
2325.0 -3109.3900495209614 -5373.919106792071 -1485.5513884440293 -120.05399730082762 -13.543512576653029 6.926263484602794 0.005078551228685946 0.02867196306809916 -18.865858403033826 18.865880874119576 0.6006817221933646 228.7535062328465 2.645994945644753e-07
2326.0 -3109.3808648002764 -5373.903243085336 -1485.5469729580957 -120.0539972540154 -13.543512577206196 6.9074084381763825 0.005066711226791476 0.028639001671142417 -18.84420481890811 18.84422726250506 0.6020620644900847 228.87001936308693 2.639916129019334e-07
2327.0 -3109.371690615004 -5373.887397563202 -1485.5425625346224 -120.05399720731205 -13.543512577759946 6.8885750089427455 0.005054924936351846 0.02860615104425701 -18.822623997066962 18.822646413273155 0.6034425271953312 228.98662717589082 2.6338646665711707e-07
2328.0 -3109.362526929767 -5373.871570164634 -1485.5381571566156 -120.0539971607171 -13.543512578314326 6.869763124335558 0.005043191998764129 0.028573410587783954 -18.801115543653452 18.80113793256636 0.6048231093353179 229.1033321454788 2.6278403951686497e-07
2329.0 -3109.3533737093785 -5373.855760828927 -1485.5337568071732 -120.05399711423007 -13.543512578869288 6.850972712184536 0.005031512059526122 0.02854077970679203 -18.779679067912397 18.779701429628933 0.6062038099430646 229.22013672877856 2.62184315267802e-07
2330.0 -3109.3442309188426 -5373.839969495701 -1485.5293614694847 -120.05399706785043 -13.543512579424863 6.832203700704034 0.005019884767797578 0.02850825781082822 -18.758314182035377 18.758336516651898 0.6075846280589589 229.33704336562434 2.615872777952715e-07
2331.0 -3109.3350985233506 -5373.824196104904 -1485.5249711268298 -120.05399702157771 -13.543512579981034 6.8134560184977015 0.0050083097761213224 0.028475844313810228 -18.737020501079186 18.737042808691502 0.608965562730139 229.45405447885454 2.609929110827884e-07
2332.0 -3109.3259764882823 -5373.808440596806 -1485.5205857625776 -120.05399697541142 -13.54351258053779 6.794729594551027 0.004996786740230519 0.028443538633955434 -18.7157976429246 18.715819923627972 0.6103466130107722 229.5711724744842 2.604011992111133e-07
2333.0 -3109.3168647792027 -5373.792702911996 -1485.5162053601873 -120.05399692935114 -13.54351258109515 6.7760243582325055 0.004985315318932315 0.02841134019372582 -18.694645228243317 18.694667482132466 0.6117277779616975 229.68839974182163 2.598121263576053e-07
2334.0 -3109.30776336186 -5373.776982991379 -1485.511829903206 -120.05399688339635 -13.543512581653111 6.757340239285725 0.004973895174047449 0.028379248419797776 -18.673562880471923 18.67358510764103 0.6131090566507448 229.80573865364107 2.592256767952972e-07
2335.0 -3109.298672202187 -5373.761280776182 -1485.5074593752688 -120.05399683754655 -13.543512582211664 6.7386771678314545 0.004962525970339193 0.028347262743014134 -18.65255022578221 18.65257242632493 0.6144904481523145 229.92319156629117 2.586418348922908e-07
2336.0 -3109.289591266297 -5373.745596207938 -1485.5030937600977 -120.05399679180131 -13.54351258277078 6.720035074362764 0.004951207375408551 0.028315382598346872 -18.631606893061907 18.63162906707135 0.6158719515474768 230.04076081984596 2.5806058511093996e-07
2337.0 -3109.280520520483 -5373.729929228495 -1485.4987330415017 -120.05399674616018 -13.543512583330504 6.701413889742456 0.004939939059740439 0.02828360742486158 -18.610732513883942 18.61075466145271 0.6172535659239013 230.15844873824022 2.574819120071132e-07
2338.0 -3109.271459931219 -5373.71427978001 -1485.4943772033755 -120.05399670062265 -13.543512583890799 6.68281354519981 0.004928720696623756 0.02825193666567838 -18.58992672248415 18.589948843704313 0.618635290375841 230.27625762940755 2.5690580022944127e-07
2339.0 -3109.2624094651555 -5373.698647804943 -1485.4900262296994 -120.0539966551883 -13.543512584451685 6.6642339723266195 0.00491755196210697 0.02822036976793907 -18.569189155739185 18.5692112507023 0.6200171240041714 230.39418978542255 2.563322345185493e-07
2340.0 -3109.2533690891196 -5373.683033246062 -1485.4856801045387 -120.0539966098567 -13.543512585013133 6.645675103079993 0.004906432534983907 0.028188906182762707 -18.54851945314016 18.548541521937267 0.6213990659159282 230.51224748259793 2.5576119970650475e-07
2341.0 -3109.244338770114 -5373.667436046435 -1485.4813388120417 -120.05399656462733 -13.54351258557519 6.627136869775131 0.004895362096781319 0.028157545365217196 -18.527917256769726 18.52793929949136 0.6227811152245932 230.63043298164453 2.5519268071596045e-07
2342.0 -3109.235318475314 -5373.651856149431 -1485.4770023364415 -120.05399651949978 -13.5435125861378 6.6086192050836985 0.00488434033168339 0.0281262867742873 -18.507382211280504 18.507404228016696 0.624163271049967 230.7487485277949 2.5462666255947793e-07
2343.0 -3109.226308172068 -5373.636293498718 -1485.4726706620531 -120.05399647447355 -13.543512586700981 6.590122042030562 0.004873366926568146 0.028095129872822255 -18.48691396386984 18.48693595471011 0.6255455325181652 230.86719635093542 2.540631303388067e-07
2344.0 -3109.217307827898 -5373.620748038256 -1485.468343773275 -120.05399642954829 -13.543512587264754 6.571645313993562 0.004862441570883114 0.028064074127520655 -18.466512164256944 18.466534129290324 0.6269278987613901 230.98577866571875 2.535020692442609e-07
2345.0 -3109.2083174104932 -5373.605219712303 -1485.464021654586 -120.05399638472349 -13.543512587829072 6.553188954699785 0.004851563956740357 0.028033119008889607 -18.446176464661804 18.446198403976826 0.6283103689179669 231.10449767169678 2.529434645539966e-07
2346.0 -3109.1993368877143 -5373.589708465403 -1485.4597042905475 -120.05399633999873 -13.543512588393986 6.5347528982197405 0.004840733778783246 0.028002263991202092 -18.42590651978358 18.42592843346829 0.6296929421325387 231.2233555534664 2.5238730163323114e-07
2347.0 -3109.1903662275877 -5373.574214242395 -1485.4553916658 -120.05399629537357 -13.543512588959468 6.516337078972487 0.004829950734231758 0.02797150855247832 -18.405701986774755 18.40572387491671 0.6310756175554436 231.34235448074375 2.518335659337992e-07
2348.0 -3109.181405398308 -5373.558736988402 -1485.4510837650655 -120.05399625084759 -13.543512589525474 6.497941431715386 0.0048192145228069805 0.027940852174435094 -18.38556252522316 18.385584387909436 0.6324583943432471 231.4614966085361 2.512822429932509e-07
2349.0 -3109.1724543682335 -5373.543276648833 -1485.4467805731447 -120.05399620642038 -13.543512590092067 6.479565891545266 0.004808524846730222 0.027910294342468944 -18.365487797128168 18.365509634445356 0.6338412716584194 231.5807840772394 2.507333184343001e-07
2350.0 -3109.1635131058883 -5373.527833169381 -1485.4424820749166 -120.05399616209144 -13.54351259065921 6.461210393899121 0.004797881410724791 0.027879834545615267 -18.345477466879306 18.345499278913525 0.6352242486690499 231.7002190127375 2.5018677796426183e-07
2351.0 -3109.1545815799595 -5373.512406496019 -1485.4381882553398 -120.05399611786041 -13.543512591226923 6.442874874544097 0.0047872839219111896 0.02784947227651635 -18.32553120123684 18.32555298807374 0.6366073245493707 231.81980352656979 2.496426073741775e-07
2352.0 -3109.145659759295 -5373.4969965750015 -1485.4338990994495 -120.05399607372682 -13.543512591795187 6.424559269583319 0.004776732089867508 0.027819207031393844 -18.305648669311044 18.305670431035804 0.6379904984790881 231.93953971599507 2.4910079253841585e-07
2353.0 -3109.136747612905 -5373.481603352857 -1485.4296145923588 -120.05399602969031 -13.543512592364008 6.406263515442843 0.004766225626535281 0.02778903831001056 -18.285829542536575 18.285851279233906 0.6393737696441408 232.0594296641774 2.4856131941372167e-07
2354.0 -3109.1278451099574 -5373.466226776391 -1485.4253347192575 -120.05399598575045 -13.543512592933372 6.387987548884703 0.00475576424626567 0.02775896561564206 -18.266073494657807 18.26609520641196 0.6407571372354895 232.17947544020024 2.48024174039039e-07
2355.0 -3109.11895221978 -5373.450866792683 -1485.4210594654107 -120.05399594190678 -13.543512593503308 6.369731306990143 0.004745347665741306 0.027728988455050008 -18.246380201705087 18.246401888599863 0.6421406004501607 232.29967909927478 2.4748934253446085e-07
2356.0 -3109.110068911858 -5373.435523349083 -1485.41678881616 -120.05399589815887 -13.543512594073784 6.3514947271663695 0.004734975603978064 0.027699106338445745 -18.22674934197696 18.22677100409569 0.6435241584905147 232.42004268279322 2.4695681110087734e-07
2357.0 -3109.101195155833 -5373.420196393214 -1485.4125227569223 -120.05399585450643 -13.543512594644804 6.333277747140499 0.004724647782256675 0.027669318779461882 -18.207180596017775 18.20720223344335 0.6449078105644848 232.54056821846515 2.4642656601925184e-07
2358.0 -3109.092330921501 -5373.40488587296 -1485.4082612731881 -120.05399581094893 -13.543512595216356 6.315080304956064 0.004714363924189335 0.027639625295125647 -18.18767364660239 18.187695259417254 0.6462915558856244 232.66125772043608 2.4589859364997876e-07
2359.0 -3109.0834761788133 -5373.389591736477 -1485.4040043505222 -120.05399576748607 -13.54351259578847 6.2969023389744105 0.00470412375559448 0.027610025405828686 -18.168228178710176 18.16824976699632 0.6476753936727859 232.78211318937284 2.4537288043238835e-07
2360.0 -3109.0746308978732 -5373.374313932182 -1485.399751974563 -120.05399572411736 -13.543512596361131 6.27874378787051 0.0046939270045767145 0.027580518635284434 -18.148843879509606 18.14886544334858 0.6490593231502249 232.90313661258486 2.4484941288409367e-07
2361.0 -3109.0657950489367 -5373.359052408758 -1485.3955041310226 -120.05399568084245 -13.543512596934313 6.260604590633186 0.0046837734014051335 0.02755110451051923 -18.129520438341327 18.12954197781425 0.6504433435473689 233.02432996411525 2.4432817760047015e-07
2362.0 -3109.0569686024105 -5373.34380711514 -1485.3912608056849 -120.05399563766092 -13.54351259750806 6.242484686555807 0.0046736626785506274 0.027521782561827024 -18.11025754669477 18.110279061882316 0.6518274540993182 233.14569520489437 2.438091612538669e-07
2363.0 -3109.048151528852 -5373.328578000532 -1485.3870219844052 -120.0539955945724 -13.5435125980823 6.224384015243035 0.004663594570661012 0.027492552322762265 -18.09105489819199 18.091076389174415 0.6532116540461221 233.26723428278606 2.4329235059328327e-07
2364.0 -3109.039343798966 -5373.313365014386 -1485.3827876531113 -120.05399555157648 -13.543512598657124 6.206302516605705 0.004653568814522835 0.0274634133300804 -18.071912188569495 18.071933655426612 0.6545959426329611 233.3889491327109 2.427777324437099e-07
2365.0 -3109.030545383606 -5373.298168106416 -1485.3785577978024 -120.05399550867276 -13.543512599232452 6.188240130854305 0.004643585149052498 0.027434365123741422 -18.052829115658447 18.052850558469654 0.6559803191104412 233.5108416767793 2.4226529370543433e-07
2366.0 -3109.021756253772 -5373.282987226584 -1485.374332404547 -120.0539954658609 -13.543512599808313 6.170196798502934 0.004633643315243852 0.027405407246859248 -18.03380537936632 18.033826798210587 0.6573647827340876 233.6329138243531 2.417550213536516e-07
2367.0 -3109.0129763806103 -5373.267822325106 -1485.3701114594837 -120.05399542314045 -13.54351260038472 6.152172460362781 0.004623743056216156 0.027376539245690168 -18.01484068166315 18.01486207661903 0.6587493327646419 233.75516747217605 2.4124690243778014e-07
2368.0 -3109.0042057354126 -5373.252673352447 -1485.3658949488215 -120.05399538051108 -13.543512600961632 6.134167057545623 0.0046138841171003975 0.02734776066959288 -17.99593472655599 17.99595609770162 0.6601339684675925 233.87760450443685 2.407409240810665e-07
2369.0 -3108.995444289613 -5373.2375402593225 -1485.3616828588383 -120.0539953379724 -13.543512601539081 6.116180531454505 0.004604066245121885 0.02731907107101339 -17.977087220080236 17.977108567493335 0.6615186891136929 234.00022679291746 2.402370734798323e-07
2370.0 -3108.986692014789 -5373.2224229966905 -1485.3574751758806 -120.05399529552402 -13.543512602117056 6.098212823788403 0.004594289189478573 0.027290470005449485 -17.958297870276652 17.958319194034534 0.6629034939784049 234.12303619704568 2.397353379031207e-07
2371.0 -3108.9779488826603 -5373.207321515757 -1485.3532718863623 -120.05399525316554 -13.54351260269555 6.080263876534067 0.004584552701413003 0.027261957031432082 -17.93956638717523 17.939587687354802 0.664288382342331 234.2460345640348 2.392357046919865e-07
2372.0 -3108.969214865088 -5373.192235767967 -1485.349072976766 -120.05399521089666 -13.54351260327455 6.062333631969988 0.004574856534102167 0.027233531710493253 -17.92089248277863 17.92091375945639 0.6656733534907161 234.36922372893883 2.3873816125912986e-07
2373.0 -3108.9604899340716 -5373.17716570501 -1485.3448784336404 -120.05399516871695 -13.543512603854085 6.0444220326580105 0.004565200442733897 0.027205193607139577 -17.902275871045294 17.90229712429734 0.6670584067139002 234.49260551479222 2.3824269508819127e-07
2374.0 -3108.9517740617507 -5373.162111278818 -1485.340688243602 -120.05399512662608 -13.54351260443415 6.026529021451482 0.004555584184404715 0.027176942288837047 -17.88371626787117 17.883737497773204 0.6684435413064993 234.6161817326348 2.3774929373350787e-07
2375.0 -3108.943067220403 -5373.147072441556 -1485.3365023933334 -120.05399508462362 -13.543512605014707 6.008654541480588 0.004546007518162476 0.027148777325975537 -17.865213391078452 17.865234597705776 0.6698287565683485 234.73995418169287 2.3725794481924362e-07
2376.0 -3108.934369382443 -5373.132049145627 -1485.3323208695822 -120.05399504270932 -13.543512605595785 5.990798536160728 0.004536470204838494 0.027120698291382972 -17.846766960086807 17.846788143514335 0.6712140519296648 234.8639244737857 2.3676863597835923e-07
2377.0 -3108.925680520423 -5373.117041343672 -1485.3281436591637 -120.05399500088268 -13.543512606177387 5.972960949186701 0.004526972003656482 0.027092704742059937 -17.828376683898835 17.82839784420107 0.6725994295184865 234.9880904553052 2.3628135361317137e-07
2378.0 -3108.9170006070462 -5373.102048988591 -1485.3239707489643 -120.05399495914347 -13.543512606759474 5.955141724562273 0.004517512664189205 0.02706479618798774 -17.810042240573434 17.81006337782444 0.6739848940311807 235.11244638411102 2.3579608295699276e-07
2379.0 -3108.9083296151757 -5373.0870720335615 -1485.319802125947 -120.05399491749122 -13.543512607342096 5.937340806624387 0.004508091928959956 0.0270369721161412 -17.79176329301989 17.791784407293274 0.675370450235181 235.23698640722273 2.3531280927840772e-07
2380.0 -3108.89966751784 -5373.072110432048 -1485.315637777156 -120.05399487592565 -13.543512607925209 5.919558140044334 0.004498709537378076 0.02700923200866079 -17.773539500969736 17.77356059233863 0.6767561028641089 235.36170470664837 2.3483151793130133e-07
2381.0 -3108.891014288235 -5373.0571641378 -1485.3114776897141 -120.05399483444639 -13.543512608508836 5.9017936698396225 0.004489365228184994 0.02698157534919865 -17.755370525144713 17.755391593681793 0.6781418566168945 235.48659549901572 2.3435219435459104e-07
2382.0 -3108.8823698997194 -5373.042233104851 -1485.3073218508239 -120.05399479305309 -13.54351260909298 5.8840473413604775 0.004480058740821136 0.026954001625077773 -17.737256028674917 17.737277074452397 0.6795277161588745 235.6116530353842 2.3387482407127548e-07
2383.0 -3108.873734325818 -5373.027317287518 -1485.3031702477656 -120.0539947517454 -13.54351260967759 5.86631910029566 0.004470789816243048 0.026926510327995423 -17.71919567756556 17.719216700655195 0.6809136861213799 235.73687160092354 2.333993926880114e-07
2384.0 -3108.8651075402145 -5373.012416640395 -1485.299022867898 -120.05399471052297 -13.54351261026273 5.848608892664314 0.00446155819731775 0.026899100954225652 -17.701189140832835 17.701210141305932 0.6822997711024175 235.8622455146946 2.329258858943205e-07
2385.0 -3108.856489516756 -5372.997531118356 -1485.2948796986573 -120.05399466938547 -13.543512610848353 5.830916664816905 0.004452363629105172 0.026871773004662813 -17.68323609052661 17.683257068454022 0.6836859756666369 235.98776912936796 2.3245428946204582e-07
2386.0 -3108.8478802294476 -5372.982660676548 -1485.2907407275554 -120.05399462833255 -13.543512611434505 5.81324236343056 0.004443205858966515 0.026844525984794032 -17.665336201716627 17.665357157168764 0.6850723043457377 236.11343683098556 2.319845892446644e-07
2387.0 -3108.839279652452 -5372.96780527039 -1485.2866059421808 -120.05399458736385 -13.543512612021125 5.79558593550371 0.004434084636641522 0.02681735940465302 -17.647489152459517 17.64751008550635 0.6864587616389306 236.23924303873008 2.3151677117658814e-07
2388.0 -3108.830687760089 -5372.952964855574 -1485.2824753301961 -120.05399454647909 -13.543512612608248 5.777947328357259 0.004424999714231603 0.026790272778776103 -17.629694623770696 17.629715534481758 0.6878453520128853 236.36518220465067 2.310508212726436e-07
2389.0 -3108.822104526832 -5372.938139388051 -1485.2783488793389 -120.05399450567789 -13.54351261319585 5.760326489626663 0.00441595084627 0.02676326562614495 -17.611952299586452 17.611973188030845 0.6892320799023945 236.4912488134563 2.3058672562731713e-07
2390.0 -3108.8135299273085 -5372.923328824045 -1485.2742265774202 -120.05399446495993 -13.543512613783978 5.742723367267754 0.0044069377896418516 0.02673633747013371 -17.59426186673081 17.59428273297721 0.6906189497099537 236.61743738221358 2.3012447041436782e-07
2391.0 -3108.804963936298 -5372.90853312004 -1485.2701084123246 -120.0539944243249 -13.543512614372572 5.725137909543468 0.004397960303585968 0.026709487838461943 -17.576623014884664 17.576643859001315 0.6920059658068456 236.74374246018388 2.296640418859435e-07
2392.0 -3108.796406528731 -5372.893752232775 -1485.2659943720075 -120.05399438377242 -13.543512614961646 5.7075700650247745 0.004389018149703716 0.026682716263139117 -17.55903543654732 17.559056258602055 0.6933931325331057 236.87015862856143 2.292054263720771e-07
2393.0 -3108.787857679686 -5372.878986119254 -1485.2618844444978 -120.05399434330226 -13.54351261555122 5.690019782593707 0.0043801110918630926 0.026656022280419744 -17.541498827005707 17.54151962706594 0.6947804541973217 236.99668050019898 2.287486102802414e-07
2394.0 -3108.7793173643904 -5372.8642347367295 -1485.2577786178947 -120.05399430291402 -13.543512616141287 5.672487011429621 0.004371238896244023 0.026629405430750985 -17.524012884303886 17.52403366243662 0.6961679350777557 237.1233027194568 2.2829358009447192e-07
2395.0 -3108.770785558218 -5372.84949804271 -1485.2536768803675 -120.05399426260739 -13.54351261673182 5.654971701018047 0.004362401331288623 0.026602865258718467 -17.50657730920782 17.50659806547964 0.6975555794216823 237.25001996189104 2.2784032237508436e-07
2396.0 -3108.762262236688 -5372.834775994956 -1485.249579220156 -120.05399422238207 -13.543512617322854 5.6374738011378795 0.004353598167630146 0.026576401313007647 -17.489191805173107 17.489212539650204 0.6989433914464388 237.37682693410122 2.273888237578334e-07
2397.0 -3108.753747375463 -5372.820068551473 -1485.2454856255679 -120.05399418223772 -13.543512617914354 5.619993261866737 0.004344829178140941 0.026550013146355855 -17.471856078319718 17.471876791067878 0.7003313753390373 237.50371837344903 2.2693907095354862e-07
2398.0 -3108.7452409503476 -5372.805375670516 -1485.2413960849808 -120.05399414217408 -13.543512618506334 5.602530033572111 0.0043360941378267626 0.02652370031549456 -17.454569837395 17.45459052847961 0.7017195352569021 237.6306890478821 2.264910507474078e-07
2399.0 -3108.73674293729 -5372.790697310579 -1485.2373105868392 -120.05399410219077 -13.543512619098786 5.585084066914394 0.00432739282388539 0.02649746238111339 -17.43733279374513 17.437353463231187 0.7031078753276652 237.7577337556744 2.2604474999852167e-07
2400.0 -3108.7282533123757 -5372.776033430403 -1485.2332291196553 -120.0539940622875 -13.543512619691725 5.567655312836869 0.004318725015599156 0.026471298907809082 -17.420144661285168 17.420165309237273 0.7044963996499977 237.88484732526356 2.2560015563918879e-07
2401.0 -3108.7197720518325 -5372.761383988965 -1485.2291516720084 -120.05399402246401 -13.543512620285147 5.55024372257106 0.004310090494342944 0.02644520946404816 -17.40300515647159 17.403025782953964 0.7058851122932182 238.01202461497888 2.2515725467454925e-07
2402.0 -3108.711299132023 -5372.74674894548 -1485.225078232543 -120.05399398271994 -13.543512620879033 5.532849247632548 0.004301489043593065 0.026419193622113646 -17.38591399827089 17.385934603347366 0.7072740172976596 238.1392605128409 2.2471603418199827e-07
2403.0 -3108.702834529447 -5372.732128259402 -1485.2210087899696 -120.05399394305502 -13.543512621473386 5.515471839811886 0.004292920448841997 0.02639325095806866 -17.36887090813206 17.36889149186609 0.7086631186754286 238.2665499363994 2.2427648131048124e-07
2404.0 -3108.6943782207395 -5372.717521890411 -1485.2169433330637 -120.05399390346892 -13.543512622068233 5.498111451178324 0.00428438449761348 0.026367381051710215 -17.351875609957872 17.351896172412538 0.7100524204101423 238.3938878324801 2.238385832801198e-07
2405.0 -3108.6859301826694 -5372.702929798425 -1485.2128818506658 -120.05399386396137 -13.5435126226635 5.480768034077948 0.004275880979420776 0.026341583486515496 -17.334927830074626 17.334948371312635 0.7114419264571095 238.52126917697382 2.2340232738169877e-07
2406.0 -3108.6774903921387 -5372.688351943589 -1485.2088243316784 -120.05399382453203 -13.543512623259266 5.463441541129257 0.004267409685754231 0.026315857849630753 -17.31802729721147 17.318047817295152 0.7128316407437159 238.64868897464743 2.2296770097609423e-07
2407.0 -3108.6690588261818 -5372.6737882862735 -1485.2047707650693 -120.05399378518064 -13.543512623855488 5.446131925218972 0.004258970410041307 0.026290203731798467 -17.301173742465636 17.301194241456965 0.7142215671697943 238.7761422589548 2.2253469149371226e-07
2408.0 -3108.6606354619626 -5372.659238787076 -1485.2007211398675 -120.0539937459069 -13.543512624452191 5.428839139502961 0.004250562947633263 0.026264620727330268 -17.284366899280577 17.284387377241156 0.7156117096075815 238.90362409181245 2.2210328643406097e-07
2409.0 -3108.652220276774 -5372.644703406815 -1485.1966754451655 -120.0539937067105 -13.543512625049337 5.411563137399732 0.004242187095790051 0.026239108434064295 -17.267606503416484 17.26762696040756 0.7170020719022727 239.0311295634323 2.2167347336514044e-07
2410.0 -3108.6438132480384 -5372.630182106536 -1485.1926336701154 -120.0539936675912 -13.543512625646944 5.394303872595774 0.0042338426536341345 0.02621366645333456 -17.250892292927126 17.25091272900959 0.7183926578716233 239.15865379206863 2.2124523992313292e-07
2411.0 -3108.6354143533044 -5372.615674847496 -1485.1885958039325 -120.05399362854865 -13.543512626245022 5.377061299035093 0.004225529422172691 0.026188294389911437 -17.234224008131665 17.23424442336605 0.7197834713068211 239.28619192388405 2.208185738117034e-07
2412.0 -3108.627023570248 -5372.601181591174 -1485.184561835892 -120.05399358958257 -13.543512626843569 5.3598353709192015 0.004217247204219454 0.02616299185198523 -17.217601391591508 17.217621786038002 0.7211745159725185 239.41373913274057 2.2039346280156585e-07
2413.0 -3108.618640876668 -5372.586702299265 -1485.1805317553283 -120.05399355069271 -13.543512627442556 5.34262604270922 0.004208995804405369 0.02613775845111288 -17.201024188083224 17.201044561801666 0.7225657956066937 239.5412906199765 2.1996989473010427e-07
2414.0 -3108.6102662504895 -5372.572236933676 -1485.176505551636 -120.05399351187877 -13.543512628042011 5.3254332691193556 0.004200775029158166 0.026112593802192663 -17.184492144575525 17.18451249762541 0.7239573139212052 239.66884161424977 2.1954785750078535e-07
2415.0 -3108.601899669758 -5372.557785456527 -1485.172483214269 -120.05399347314047 -13.543512628641928 5.308257005112479 0.004192584686667722 0.026087497523413994 -17.168005010204595 17.168025342645073 0.7253490746021816 239.79638737136725 2.1912733908262797e-07
2416.0 -3108.5935411126434 -5372.5433478301475 -1485.168464732739 -120.0539934344775 -13.543512629242256 5.291097205907106 0.004184424586873625 0.026062469236231234 -17.151562536248946 17.151582848138833 0.7267410813094828 239.9239231740316 2.187083275099561e-07
2417.0 -3108.5851905574336 -5372.528924017076 -1485.164450096616 -120.05399339588965 -13.543512629843075 5.273953826965066 0.004176294541442971 0.026037508565324607 -17.135164476108365 17.13518476750614 0.7281333376777299 240.0514443317332 2.1829081088168205e-07
2418.0 -3108.576847982539 -5372.514513980056 -1485.1604392955278 -120.05399335737658 -13.543512630444322 5.256826823996147 0.0041681943637525976 0.026012615138565565 -17.118810585277693 17.1188308562415 0.7295258473159563 240.17894618051852 2.178747773610103e-07
2419.0 -3108.568513366487 -5372.500117682036 -1485.1564323191585 -120.05399331893805 -13.54351263104603 5.239716152947862 0.0041601238688651065 0.02598778858697326 -17.102500621325163 17.102520871912827 0.730918613808467 240.30642408287008 2.1746021517478197e-07
2420.0 -3108.560186687923 -5372.48573508617 -1485.1524291572493 -120.05399328057378 -13.543512631648179 5.222621770017082 0.004152082873514651 0.025963028544693678 -17.08623434386858 17.086254574137584 0.7323116407139222 240.43387342742636 2.1704711261335427e-07
2421.0 -3108.5518679256083 -5372.471366155813 -1485.1484297995976 -120.05399324228351 -13.543512632250776 5.205543631638866 0.004144071196067856 0.02593833464895745 -17.07001151455561 17.070031724563126 0.7337049315662705 240.56128962887263 2.1663545802992996e-07
2422.0 -3108.5435570584214 -5372.457010854514 -1485.1444342360558 -120.05399320406693 -13.543512632853817 5.188481694480404 0.004136088656552239 0.02591370654004521 -17.053831897039796 17.053852086842667 0.735098489875272 240.68866812779598 2.1622523984001672e-07
2423.0 -3108.535254065355 -5372.442669146028 -1485.140442456532 -120.05399316592384 -13.543512633457297 5.17143591544521 0.004128135076564732 0.025889143861257846 -17.03769525695633 17.037715426611083 0.736492319126185 240.8160043904657 2.1581644652113713e-07
2424.0 -3108.526958925515 -5372.4283409943 -1485.1364544509881 -120.0539931278539 -13.54351263406122 5.154406251676846 0.004120210279342729 0.025864646258886292 -17.021601361905326 17.021621511468176 0.7378864227794844 240.94329390861876 2.1540906661252922e-07
2425.0 -3108.518671618121 -5372.4140263634745 -1485.1324702094416 -120.05399308985687 -13.543512634665586 5.137392660541925 0.004112314089644187 0.025840213382169797 -17.005549981427883 17.005570110954725 0.7392808042722809 241.07053219940155 2.1500308871435462e-07
2426.0 -3108.5103921225045 -5372.399725217885 -1485.1284897219625 -120.05399305193254 -13.543512635270387 5.120395099642919 0.00410444633382312 0.02581584488327593 -16.989540886984884 16.989560996531306 0.7406754670172975 241.19771480509107 2.1459850148762413e-07
2427.0 -3108.5021204181066 -5372.385437522058 -1485.1245129786741 -120.05399301408059 -13.543512635875643 5.103413526805351 0.0040966068397452204 0.025791540417257064 -16.97357385193676 16.973593941558043 0.7420704144039448 241.32483729300918 2.1419529365351506e-07
2428.0 -3108.49385648448 -5372.371163240713 -1485.1205399697537 -120.05399297630075 -13.543512636481312 5.08644790008408 0.004088795436831383 0.025767299642027286 -16.957648651522454 16.957668721273578 0.7434656497978315 241.45189525529563 2.137934539931465e-07
2429.0 -3108.4856003012865 -5372.356902338752 -1485.11657068543 -120.0539929385928 -13.543512637087412 5.069498177755624 0.00408101195595556 0.025743122218331305 -16.94176506284269 16.941785112778327 0.7448611765414188 241.57888430878714 2.1339297134702642e-07
2430.0 -3108.477351848294 -5372.342654781265 -1485.1126051159838 -120.05399290095652 -13.543512637693967 5.052564318316523 0.004073256229509603 0.02571900780970937 -16.9259228648342 16.92594289500872 0.746256997954183 241.70580009485334 2.1299383461464664e-07
2431.0 -3108.4691111053808 -5372.328420533532 -1485.108643251748 -120.05399286339154 -13.543512638300946 5.035646280488931 0.004065528091364179 0.02569495608247152 -16.910121838253854 16.910141848721338 0.747653117332176 241.83263827917963 2.1259603275425027e-07
2432.0 -3108.4608780525286 -5372.314199561011 -1485.1046850831058 -120.05399282589771 -13.543512638908368 5.018744023206876 0.004057827376802159 0.025670966705666487 -16.894361765658946 16.89438175647317 0.7490495379491853 241.95939455169676 2.1219955478214763e-07
2433.0 -3108.4526526698273 -5372.299991829346 -1485.100730600492 -120.05399278847472 -13.543512639516196 5.001857505627675 0.004050153922585231 0.025647039351055056 -16.878642431387405 16.878662402601858 0.7504462630558146 242.08606462632378 2.1180438977262755e-07
2434.0 -3108.4444349374708 -5372.285797304359 -1485.096779794391 -120.05399275112237 -13.543512640124463 4.984986687119119 0.0040425075665107 0.025623173690970003 -16.86296362015354 16.862983571821424 0.75184329641396 242.2126445991029 2.1141052752387716e-07
2435.0 -3108.436224835759 -5372.27161595206 -1485.0928326553394 -120.05399271384036 -13.543512640733137 4.968131527270423 0.004034888143026549 0.025599369375417513 -16.847325101974292 16.847345034148493 0.753240644730508 242.33913258293285 2.1101796160034943e-07
2436.0 -3108.428022345111 -5372.257447738659 -1485.0888891739298 -120.05399267662843 -13.543512641342264 4.95129198591155 0.004027295480119264 0.02557562602562813 -16.831726627925946 16.83174654065902 0.754638315696539 242.4655273915156 2.106266868844625e-07
2437.0 -3108.419827446069 -5372.24329263058 -1485.0849493408143 -120.05399263948642 -13.543512641951812 4.934468023125315 0.004019729402351402 0.025551943254229048 -16.816167943421647 16.81618783676581 0.7560363169535238 242.59182784550148 2.1023669828584426e-07
2438.0 -3108.4116401192978 -5372.229150594462 -1485.081013146704 -120.05399260241403 -13.54351264256178 4.917659599249019 0.004012189733215266 0.025528320673619653 -16.80064879372224 16.800668667729372 0.7574346560923427 242.7180327717447 2.098479907399591e-07
2439.0 -3108.4034603455884 -5372.215021597155 -1485.0770805823709 -120.053992565411 -13.543512643172175 4.900866674877704 0.004004676296364806 0.025504757898704877 -16.78516892573422 16.78518878045586 0.7588333406531773 242.8441410032253 2.094605592080358e-07
2440.0 -3108.395288105853 -5372.200905605725 -1485.073151638644 -120.05399252847712 -13.543512643782972 4.8840892108508855 0.003997188916327055 0.02548125454776784 -16.769728088581186 16.769747924068547 0.7602323781267737 242.97015137909574 2.0907439867661457e-07
2441.0 -3108.3871233811265 -5372.186802587444 -1485.069226306413 -120.05399249161215 -13.543512644394205 4.867327168264892 0.003989727418922229 0.025457810242702106 -16.754326033768077 16.75434585007203 0.7616317759535746 243.09606274453614 2.0868950415768688e-07
2442.0 -3108.3789661525625 -5372.172712509796 -1485.0653045766237 -120.05399245481583 -13.543512645005844 4.850580508459825 0.003982291631466239 0.025434424609091177 -16.7389625152182 16.7389823123893 0.7630315415249619 243.22187395079993 2.083058706882513e-07
2443.0 -3108.370816401436 -5372.158635340467 -1485.06138644028 -120.05399241808796 -13.543512645617891 4.833849193021655 0.00397488138285329 0.025411097276179184 -16.723637289265298 16.723657067353766 0.7644316821832378 243.34758385514723 2.0792349333022e-07
2444.0 -3108.3626741091393 -5372.14457104735 -1485.0574718884432 -120.05399238142827 -13.54351264623037 4.817133183778264 0.003967496503646473 0.025387827876843794 -16.70835011463062 16.708369873686355 0.7658322052221088 243.4731913208233 2.0754236717018732e-07
2445.0 -3108.354539257183 -5372.130519598538 -1485.0535609122296 -120.05399234483653 -13.54351264684326 4.800432442797813 0.003960136826082206 0.025364616047559796 -16.69310075239903 16.69312049247162 0.7672331178869745 243.5986952170207 2.071624873192534e-07
2446.0 -3108.346411827192 -5372.116480962326 -1485.049653502812 -120.05399230831253 -13.54351264745654 4.783746932386887 0.003952802184037374 0.02534146142835203 -16.677888965990817 16.67790868712953 0.7686344273752349 243.72409441884344 2.0678384891284387e-07
2447.0 -3108.3382918009056 -5372.102455107204 -1485.0457496514177 -120.05399227185603 -13.543512648070267 4.767076615086058 0.00394549241308173 0.025318363662759857 -16.66271452113451 16.662734223388302 0.7700361408368097 243.84938780729067 2.0640644711047272e-07
2448.0 -3108.330179160179 -5372.08844200186 -1485.0418493493291 -120.05399223546682 -13.543512648684374 4.750421453669435 0.003938207350409506 0.025295322397786535 -16.64757718583908 16.6475968692566 0.7714382653743271 243.97457426921162 2.0603027709559725e-07
2449.0 -3108.3220738869777 -5372.0744416151765 -1485.0379525878827 -120.05399219914463 -13.543512649298892 4.733781411145581 0.003930946834874938 0.025272337283871682 -16.632476730368957 16.632496394998547 0.7728408080431893 244.09965269725 2.0565533407550432e-07
2450.0 -3108.3139759633796 -5372.06045391623 -1485.0340593584688 -120.05399216288926 -13.543512649913852 4.71715645074728 0.003923710706924766 0.025249407974844207 -16.617412927217874 16.61743257310757 0.7742437758525824 244.22462198987324 2.0528161328094778e-07
2451.0 -3108.3058853715743 -5372.046478874281 -1485.0301696525298 -120.05399212670049 -13.543512650529191 4.700546535932459 0.003916498808589353 0.02522653412787834 -16.602385551081177 16.602405178278723 0.7756471757655408 244.34948105131787 2.0490910996603787e-07
2452.0 -3108.297802093858 -5372.032516458786 -1485.026283461561 -120.05399209057809 -13.543512651144937 4.683951630386524 0.0039093109835031115 0.025203715403466997 -16.58739437883038 16.58741398738321 0.777051014698894 244.47422879152512 2.045378194081647e-07
2453.0 -3108.289726112637 -5372.018566639384 -1485.02240077711 -120.05399205452186 -13.543512651761075 4.6673716980195605 0.003902147076839668 0.02518095146536581 -16.572439189488662 16.572458779443927 0.778455299523643 244.59886412611564 2.0416773690780597e-07
2454.0 -3108.2816574104236 -5372.0046293859 -1485.0185215907761 -120.05399201853153 -13.543512652377629 4.650806702955859 0.003895006935310974 0.02515824198057759 -16.557519764207225 16.557539335611782 0.7798600370659854 244.7233859764218 2.037988577881657e-07
2455.0 -3108.273595969838 -5371.990704668345 -1485.0146458942086 -120.05399198260692 -13.543512652994565 4.6342566095402 0.003887890407152206 0.02513558661930082 -16.542635886240404 16.54265543914082 0.7812652341069241 244.84779326939497 2.034311773951893e-07
2456.0 -3108.265541773604 -5371.976792456905 -1485.0107736791078 -120.05399194674781 -13.543512653611932 4.617721382333665 0.003880797342083575 0.025112985054883463 -16.527787340916756 16.527806875359314 0.7826708973827573 244.97208493759186 2.0306469109734499e-07
2457.0 -3108.2574948045503 -5371.962892721952 -1485.0069049372248 -120.05399191095401 -13.543512654229678 4.60120098610851 0.0038737275913200975 0.025090436963811857 -16.512973915621536 16.51299343165223 0.7840770335856525 245.09625991916832 2.0269939428538695e-07
2458.0 -3108.2494550456086 -5371.949005434032 -1485.0030396603593 -120.05399187522524 -13.543512654847833 4.5846953858500346 0.003866681007547612 0.0250679420256521 -16.498195399769912 16.498214897434465 0.7854836493636205 245.2203171578207 2.0233528237227446e-07
2459.0 -3108.2414224798117 -5371.935130563871 -1484.9991778403603 -120.05399183956135 -13.543512655466367 4.568204546754481 0.0038596574448668264 0.025045499923029624 -16.483451584783968 16.48347106412782 0.7868907513208284 245.344255602758 2.019723507930041e-07
2460.0 -3108.233397090296 -5371.921268082365 -1484.995319469126 -120.05399180396208 -13.543512656085294 4.551728434224613 0.0038526567588315075 0.025023110341583 -16.46874226407104 16.468761725139355 0.7882983460181088 245.46807420869152 2.0161059500439243e-07
2461.0 -3108.225378860296 -5371.907417960584 -1484.9914645386016 -120.05399176842725 -13.543512656704639 4.5352670138666875 0.0038456788064076264 0.025000772969938634 -16.454067232998533 16.454086675836205 0.78970643997335 245.59177193581453 2.012500104848911e-07
2462.0 -3108.217367773147 -5371.893580169774 -1484.987613040781 -120.05399173295663 -13.54351265732435 4.518820251496509 0.0038387234459325015 0.02497848749967302 -16.439426288874248 16.439445713525902 0.7911150396611073 245.71534774971389 2.0089059273460152e-07
2463.0 -3108.2093638122806 -5371.879754681347 -1484.9837649677052 -120.05399169755003 -13.543512657944456 4.502388113123132 0.0038317905371378913 0.024956253625278535 -16.424819230922875 16.42483863743287 0.7925241515141279 245.8388006214505 2.005323372748021e-07
2464.0 -3108.201366961228 -5371.865941466881 -1484.9799203114615 -120.05399166220725 -13.543512658564955 4.4859705649618995 0.003824879941102921 0.024934071044126593 -16.41024586026542 16.410265248677845 0.7939337819223615 245.96212952741928 2.001752396481179e-07
2465.0 -3108.1933772036155 -5371.852140498124 -1484.976079064184 -120.05399162692808 -13.54351265918584 4.4695675734251274 0.003817991520251418 0.024911939456447207 -16.395705979894483 16.39572535025317 0.7953439372338855 246.08533344937766 1.9981929541820297e-07
2466.0 -3108.1853945231655 -5371.838351746987 -1484.9722412180522 -120.05399159171229 -13.543512659807117 4.453179105118383 0.0038111251383465827 0.024889858565282363 -16.381199394658324 16.381218747006844 0.7967546237553506 246.20841137443256 1.994645001695464e-07
2467.0 -3108.177418903696 -5371.824575185547 -1484.9684067652922 -120.05399155655971 -13.543512660428782 4.436805126843741 0.003804280660443915 0.024867828076462928 -16.36672591123579 16.366745245617455 0.798165847751825 246.3313622949747 1.9911084950743147e-07
2468.0 -3108.1694503291164 -5371.81081078604 -1484.9645756981736 -120.05399152147012 -13.543512661050825 4.42044560559676 0.0037974579529054253 0.024845847698581114 -16.352285338117145 16.352304654575015 0.7995776154471783 246.45418520866164 1.9875833905775846e-07
2469.0 -3108.1614887834317 -5371.797058520862 -1484.960748009012 -120.05399148644334 -13.54351266167324 4.404100508560659 0.0037906568833641074 0.02482391714294252 -16.337877485584805 16.337896784161686 0.8009899330247063 246.57687911842098 1.9840696446680956e-07
2470.0 -3108.153534250737 -5371.783318362571 -1484.9569236901661 -120.05399145147916 -13.543512662296054 4.387769803109812 0.0037838773207203857 0.024802036123554583 -16.323502165690517 16.32352144642897 0.8024028066269501 246.69944303238452 1.9805672140121513e-07
2471.0 -3108.145586715219 -5371.769590283879 -1484.9531027340395 -120.05399141657739 -13.543512662919255 4.371453456801828 0.003777119135132345 0.024780204357088387 -16.309159192238 16.309178455180326 0.8038162423565022 246.82187596390887 1.9770760554767613e-07
2472.0 -3108.137646161156 -5371.755874257656 -1484.9492851330788 -120.0539913817378 -13.543512663542808 4.355151437386172 0.0037703821979864216 0.024758421562844468 -16.294848380761923 16.294867625950193 0.8052302462753785 246.94417693147102 1.9735961261304138e-07
2473.0 -3108.1297125729147 -5371.742170256927 -1484.945470879773 -120.05399134696025 -13.543512664166759 4.338863712793216 0.003763666381874309 0.024736687462733276 -16.280569548511213 16.280588775987248 0.8066448244060851 247.06634495871282 1.9701273832396765e-07
2474.0 -3108.12178593495 -5371.728478254868 -1484.9416599666545 -120.05399131224449 -13.543512664791082 4.3225902511302845 0.003756971560613387 0.024715001781234314 -16.266322514424854 16.26634172423023 0.8080599827320799 247.1883790744318 1.966669784267309e-07
2475.0 -3108.1138662318062 -5371.714798224807 -1484.9378523862974 -120.05399127759036 -13.543512665415776 4.306331020692596 0.003750297609196984 0.024693364245384597 -16.252107099119 16.25212629129506 0.8094757271969382 247.3102783124613 1.963223286873553e-07
2476.0 -3108.1059534481133 -5371.701130140223 -1484.9340481313181 -120.05399124299765 -13.543512666040865 4.290085989949526 0.0037436444038050354 0.0246717745847298 -16.237923124864558 16.23794229945241 0.8108920637056624 247.4320417117362 1.9597878489121815e-07
2477.0 -3108.0980475685874 -5371.687473974743 -1484.930247194374 -120.05399120846619 -13.543512666666306 4.273855127546005 0.0037370118217747716 0.024650232531309157 -16.223770415569124 16.223789572609636 0.8123089981246758 247.553668316245 1.9563634284297822e-07
2478.0 -3108.090148578031 -5371.673829702143 -1484.9264495681634 -120.05399117399577 -13.543512667292127 4.257638402305776 0.003730399741592727 0.02462873781962971 -16.2096487967608 16.209667936294615 0.8137265362816518 247.67515717496835 1.9529499836654344e-07
2479.0 -3108.082256461332 -5371.660197296342 -1484.9226552454259 -120.05399113958624 -13.54351266791832 4.241435783226974 0.003723808042873422 0.024607290186632547 -16.195558095569318 16.195577217636842 0.8151446839660118 247.79650734187618 1.9495474730487714e-07
2480.0 -3108.0743712034596 -5371.6465767314085 -1484.9188642189408 -120.05399110523737 -13.543512668544894 4.2252472394753715 0.0037172366063762396 0.02458588937166528 -16.18149814070757 16.18151724534899 0.8165634469296271 247.91771787594143 1.9461558551975715e-07
2481.0 -3108.066492789468 -5371.632967981549 -1484.9150764815276 -120.05399107094901 -13.5435126691718 4.209072740389267 0.0037106853139379226 0.024564535116462505 -16.167468762455872 16.16748784971114 0.8179828308865046 248.03878784106777 1.9427750889178056e-07
2482.0 -3108.058621204494 -5371.619371021116 -1484.9112920260454 -120.05399103672092 -13.543512669799115 4.19291225547879 0.0037041540485240887 0.024543227165112924 -16.153469792644007 16.15348886255286 0.8194028415129543 248.15971630605944 1.9394051332025126e-07
2483.0 -3108.0507564337554 -5371.605785824601 -1484.907510845393 -120.05399100255296 -13.54351267042676 4.176765754417051 0.003697642694161729 0.02452196526403716 -16.13950106463256 16.13952011723451 0.8208234844484765 248.28050234465155 1.936045947228987e-07
2484.0 -3108.04289846255 -5371.592212366636 -1484.903732932507 -120.05399096844495 -13.543512671054815 4.160633207042935 0.0036911511359480897 0.024500749161962876 -16.125562413299594 16.12558144863393 0.8222447652956265 248.4011450354549 1.932697490358413e-07
2485.0 -3108.0350472762566 -5371.57865062199 -1484.8999582803624 -120.05399093439668 -13.54351267168318 4.144514583367622 0.003684679260052448 0.024479578609898578 -16.111653675021145 16.11167269312695 0.8236666896195447 248.52164346187197 1.9293597221362632e-07
2486.0 -3108.0272028603335 -5371.565100565571 -1484.8961868819736 -120.05399090040797 -13.543512672311936 4.128409853552701 0.003678226953682362 0.024458453361103416 -16.09777468765597 16.097793688572096 0.8250892629499939 248.64199671222653 1.9260326022868228e-07
2487.0 -3108.0193652003186 -5371.55156217242 -1484.8924187303921 -120.05399086647869 -13.543512672941052 4.112318987929961 0.0036717941050712355 0.02443737317107475 -16.083925290531145 16.08394427429624 0.8265124907797193 248.76220387958125 1.9227160907163662e-07
2488.0 -3108.0115342818262 -5371.538035417715 -1484.8886538187073 -120.05399083260862 -13.543512673570536 4.096241956992308 0.0036653806034809833 0.024416337797509513 -16.070105324422023 16.070124291074524 0.8279363785653537 248.88226406177216 1.9194101475103424e-07
2489.0 -3108.003710090548 -5371.524520276767 -1484.8848921400445 -120.0539907987976 -13.543512674200352 4.080178731383989 0.003658986339194037 0.024395347000294443 -16.056314631541916 16.056333581120047 0.8293609317283875 249.00217636144788 1.9161147329304585e-07
2490.0 -3107.995892612253 -5371.511016725019 -1484.881133687567 -120.0539907650454 -13.543512674830566 4.064129281910602 0.0036526112034902525 0.024374400541472774 -16.04255305552124 16.042571988063017 0.8307861556543861 249.12193988596155 1.912829807415832e-07
2491.0 -3107.988081832785 -5371.497524738043 -1484.877378454474 -120.05399073135192 -13.543512675461098 4.048093579534209 0.003646255088611383 0.024353498185219813 -16.028820441394778 16.02883935693802 0.8322120556935255 249.24155374737472 1.9095553315810916e-07
2492.0 -3107.980277738065 -5371.484044291541 -1484.873626434001 -120.05399069771693 -13.543512676092007 4.032071595368208 0.003639917887809041 0.02433263969783317 -16.015116635587955 16.01513553417026 0.8336386371611492 249.36101706246254 1.906291266214435e-07
2493.0 -3107.972480314086 -5371.470575361348 -1484.869877619419 -120.05399066414029 -13.543512676723259 4.016063300680369 0.003633599495264761 0.02431182484769101 -16.00144148589821 16.001460367556987 0.8350659053375997 249.48032895265888 1.9030375722773735e-07
2494.0 -3107.9646895469177 -5371.457117923421 -1484.8661320040355 -120.05399063062183 -13.543512677354878 4.000068666891428 0.0036272998061388506 0.02429105340524318 -15.987794841484298 15.987813706256755 0.8364938654684433 249.59948854403467 1.8997942109035687e-07
2495.0 -3107.9569054226995 -5371.443671953848 -1484.8623895811916 -120.05399059716132 -13.543512677986824 3.9840876655715984 0.0036210187167631247 0.024270325144400307 -15.97417655377695 15.974195401700092 0.837922522393321 249.71849497536368 1.896561136704919e-07
2496.0 -3107.949127927645 -5371.430237428833 -1484.8586503442637 -120.05399056375865 -13.543512678619146 3.9681202684305608 0.0036147561266526296 0.024249639853328286 -15.960586483593397 15.960605314704049 0.8393518794168098 249.8373474227161 1.8933382774133017e-07
2497.0 -3107.9413570480306 -5371.416814324698 -1484.8549142866584 -120.05399053041364 -13.543512679251792 3.952166447321186 0.0036085119394035914 0.024228997334607705 -15.947024501233818 15.947043315568624 0.8407819394391547 249.95604507483066 1.890125554250795e-07
2498.0 -3107.9335927701954 -5371.403402617869 -1484.851181401813 -120.05399049712611 -13.54351267988479 3.9362261742176488 0.0036022860613007524 0.024208397396745518 -15.933490480896541 15.933509278491982 0.8422127053405047 250.07458712494386 1.886922888807923e-07
2499.0 -3107.92583508054 -5371.3900022848775 -1484.8474516831936 -120.0539904638959 -13.543512680518166 3.920299421218457 0.0035960784004158697 0.024187839851083304 -15.919984298646414 15.9200030795388 0.84364417998069 250.19297277073795 1.883730203042343e-07
2500.0 -3107.9180839655232 -5371.37661330236 -1484.8437251242956 -120.05399043072283 -13.543512681151867 3.904386160549475 0.0035898888661183292 0.024167324510830035 -15.90650583177352 15.906524595998999 0.8450763661989925 250.3112012142884 1.8805474192775258e-07
2501.0 -3107.9103394116664 -5371.363235647055 -1484.8400017186423 -120.05399039760675 -13.543512681785932 3.8884863645536827 0.003583717368789152 0.024146851190743668 -15.893054958588197 15.893073706182749 0.8465092668151144 250.42927166211098 1.8773744601988078e-07
2502.0 -3107.902601405547 -5371.349869295802 -1484.8362814597854 -120.05399036454746 -13.543512682420308 3.8726000056983905 0.003577563819672669 0.024126419707025004 -15.879631558346322 15.87965028934577 0.8479428846285721 250.54718332507863 1.8742112488529443e-07
2503.0 -3107.8948699338025 -5371.3365142255425 -1484.8325643413054 -120.05399033154485 -13.543512683055042 3.856727056571981 0.0035714281307681617 0.024106029877267066 -15.866235511221815 15.866254225661818 0.8493772224190352 250.66493541841712 1.8710577086455864e-07
2504.0 -3107.8871449831295 -5371.323170413318 -1484.8288503568108 -120.0539902985987 -13.543512683690098 3.8408674898792525 0.003565310214833417 0.024085681520439994 -15.852866698291754 15.852885396207812 0.8508122829467905 250.7825271617105 1.8679137633384952e-07
2505.0 -3107.8794265402803 -5371.309837836268 -1484.825139499937 -120.05399026570889 -13.54351268432552 3.825021278444445 0.0035592099852888026 0.024065374456872846 -15.839525001527354 15.83954368295481 0.8522480689525143 250.89995777885034 1.8647793370483023e-07
2506.0 -3107.8717145920664 -5371.296516471639 -1484.8214317643478 -120.05399023287524 -13.543512684961284 3.809188395213103 0.003553127356245689 0.02404510850823849 -15.82621030378245 15.826228968756485 0.8536845831571456 251.01722649799336 1.8616543542450405e-07
2507.0 -3107.8640091253546 -5371.283206296764 -1484.8177271437337 -120.05399020009756 -13.543512685597364 3.7933688132427634 0.0035470622424789156 0.02402488349754517 -15.81292248878693 15.812941137342573 0.8551218282627742 251.1343325516028 1.85853873974849e-07
2508.0 -3107.85631012707 -5371.26990728908 -1484.814025631813 -120.05399016737576 -13.54351268623381 3.7775625057071447 0.0035410145593868236 0.024004699249115635 -15.799661441135608 15.799680073307734 0.8565598069523049 251.25127517638893 1.8554324187272032e-07
2509.0 -3107.8486175841917 -5371.256619426121 -1484.8103272223298 -120.05399013470961 -13.543512686870551 3.7617694458977784 0.003534984223055204 0.02398455558857071 -15.786427046280414 15.78644566210374 0.8579985218893514 251.3680536132696 1.852335316697034e-07
2510.0 -3107.840931483756 -5371.243342685514 -1484.806631909056 -120.05399010209898 -13.543512687507668 3.745989607218653 0.003528971150161375 0.02396445234283684 -15.773219190524205 15.7732377900333 0.8594379757187665 251.48466710738242 1.849247359518308e-07
2511.0 -3107.833251812853 -5371.230077044986 -1484.80293968579 -120.05399006954373 -13.543512688145084 3.730222963187145 0.0035229752580310247 0.023944389340112338 -15.760037761011175 15.76005634424045 0.8608781710665981 251.60111490805025 1.846168473394241e-07
2512.0 -3107.82557855863 -5371.216822482353 -1484.7992505463562 -120.05399003704366 -13.543512688782856 3.7144694874321575 0.003516996464617783 0.02392436640986606 -15.746882645717294 15.746901212701017 0.8623191105403046 251.71739626876814 1.8430985848688275e-07
2513.0 -3107.817911708286 -5371.2035789755255 -1484.795564484605 -120.05399000459863 -13.543512689420954 3.6987291536952833 0.0035110346884668076 0.02390438338282186 -15.733753733445859 15.733772284218142 0.8637607967286879 251.8335104471679 1.840037620825329e-07
2514.0 -3107.810251249076 -5371.1903465025125 -1484.7918814944126 -120.05398997220848 -13.543512690059377 3.68300193583034 0.0035050898487538618 0.023884440090948367 -15.720650913814712 15.720669448409526 0.8652032322019778 251.94945670499447 1.8369855084844555e-07
2515.0 -3107.802597168307 -5371.177125041411 -1484.7882015696814 -120.05398993987308 -13.543512690698133 3.667287807798246 0.0034991618652373546 0.023864536367442568 -15.707574077253959 15.70759259570512 0.8666464195123434 252.0652343081178 1.8339421754016607e-07
2516.0 -3107.7949494533405 -5371.163914570411 -1484.7845247043392 -120.05398990759225 -13.543512691337204 3.651586743668886 0.003493250658282321 0.02384467204672358 -15.694523114992755 15.69454161733394 0.8680903611937629 252.18084252649194 1.830907549465803e-07
2517.0 -3107.7873080915906 -5371.150715067793 -1484.7808508923395 -120.05398987536586 -13.543512691976629 3.635898717624368 0.00348735614884621 0.023824846964417556 -15.681497919055529 15.681516405320266 0.8695350597617654 252.29628063410564 1.827881558898091e-07
2518.0 -3107.7796730705236 -5371.137526511929 -1484.7771801276604 -120.05398984319373 -13.54351269261636 3.6202237039504106 0.003481478258467341 0.023805060957351465 -15.668498382254088 15.668516852475763 0.8709805177142628 252.41154790901967 1.824864132248739e-07
2519.0 -3107.772044377657 -5371.12434888128 -1484.773512404305 -120.05398981107571 -13.543512693256421 3.6045616770426276 0.003475616909272894 0.02378531386353311 -15.655524398177423 15.65554285238928 0.8724267375310115 252.52664363329444 1.8218551983965213e-07
2520.0 -3107.764422000562 -5371.111182154397 -1484.7698477163024 -120.05398977901164 -13.54351269389681 3.588912611400709 0.003469772023943385 0.023765605522144018 -15.642575861187154 15.642594299422292 0.8738737216741901 252.6415670930077 1.8188546865459973e-07
2521.0 -3107.75680592686 -5371.09802630992 -1484.7661860577048 -120.0539897470014 -13.543512694537513 3.573276481629349 0.003463943525738422 0.023745935773531013 -15.629652666408283 15.629671088699661 0.8753214725883516 252.75631757822202 1.8158625262260544e-07
2522.0 -3107.749196144223 -5371.084881326575 -1484.7625274225898 -120.0539897150448 -13.543512695178524 3.5576532624408137 0.0034581313384780543 0.023726304459192438 -15.6167547097237 15.61677311610414 0.8767699927002274 252.87089438294083 1.8128786472887705e-07
2523.0 -3107.7415926403737 -5371.071747183176 -1484.7588718050588 -120.05398968314175 -13.543512695819887 3.5420429286449218 0.0034523353865303363 0.023706711421766613 -15.603881887765974 15.603900278268156 0.8782192844196932 252.985296805157 1.8099029799058833e-07
2524.0 -3107.733995403086 -5371.058623858624 -1484.755219199238 -120.05398965129204 -13.543512696461553 3.526445455161389 0.0034465555948424154 0.02368715650502118 -15.591034097909693 15.591052472566163 0.879669350138664 253.09952414673705 1.806935454569545e-07
2525.0 -3107.7264044201816 -5371.045511331905 -1484.7515695992768 -120.05398961949555 -13.54351269710353 3.5108608170058577 0.0034407918888641476 0.02366763955384421 -15.578211238264885 15.578229597108049 0.8811201922324303 253.21357571349947 1.8039760020880662e-07
2526.0 -3107.718819679534 -5371.032409582092 -1484.7479229993485 -120.05398958775214 -13.543512697745832 3.495288989302935 0.0034350441946155996 0.02364816041423179 -15.565413207670247 15.565431550732377 0.8825718130584835 253.32745081509424 1.801024553586812e-07
2527.0 -3107.711241169065 -5371.0193185883445 -1484.744279393651 -120.05398955606162 -13.543512698388463 3.4797299472696612 0.003429312438653298 0.023628718933281778 -15.55263990568875 15.552658233001985 0.8840242149580936 253.44114876509965 1.798081040503497e-07
2528.0 -3107.703668876744 -5371.006238329901 -1484.7406387764036 -120.05398952442388 -13.543512699031414 3.464183666230878 0.0034235965480471364 0.02360931495917873 -15.539891232596506 15.539909544192847 0.8854774002549145 253.55466888088569 1.795145394589538e-07
2529.0 -3107.696102790591 -5370.993168786085 -1484.7370011418511 -120.0539894928388 -13.543512699674638 3.4486501216050236 0.003417896450391922 0.023589948341179667 -15.527167089377539 15.527185385288856 0.886931371256348 253.66801048369396 1.7922175479058185e-07
2530.0 -3107.688542898672 -5370.9801099363085 -1484.73336648426 -120.05398946130616 -13.543512700318198 3.433129288912984 0.0034122120738215855 0.02357061892961987 -15.514467377718523 15.514485657976556 0.8883861302527547 253.7811728985492 1.7892974328228251e-07
2531.0 -3107.6809891891025 -5370.967061760058 -1484.7297347979202 -120.05398942982588 -13.543512700962076 3.417621143770404 0.00340654334696211 0.02355132657588266 -15.50179200000264 15.501810264638994 0.8898416795182096 253.89415545429137 1.78638498201767e-07
2532.0 -3107.6734416500444 -5370.954024236907 -1484.726106077144 -120.05398939839779 -13.543512701606257 3.4021256618916524 0.003400890198962614 0.02353207113240563 -15.489140859298706 15.489159108344861 0.8912980213101694 254.0069574835238 1.783480128473326e-07
2533.0 -3107.6659002697065 -5370.940997346507 -1484.7224803162674 -120.05398936702174 -13.543512702250743 3.3866428190893494 0.0033952525594731497 0.023512852452659327 -15.476513859360125 15.47653209284743 0.892755157869553 254.11957832259284 1.7805828054770297e-07
2534.0 -3107.658365036345 -5370.927981068596 -1484.7188575096475 -120.05398933569761 -13.543512702895558 3.371172591269715 0.003389630358644702 0.0234936703911508 -15.46391090461724 15.463929122576914 0.8942130914212139 254.2320173115989 1.7776929466179146e-07
2535.0 -3107.6508359382633 -5370.914975382985 -1484.715237651665 -120.05398930442523 -13.543512703540655 3.355714954437455 0.00338402352712297 0.023474524803399177 -15.45133190016738 15.451350102630517 0.8956718241735178 254.34427379433737 1.7748104857864417e-07
2536.0 -3107.643312963809 -5370.9019802695675 -1484.711620736721 -120.0539892732045 -13.54351270418607 3.340269884684589 0.003378431996034159 0.02345541554593833 -15.438776751773815 15.43879493877138 0.8971313583194337 254.4563471183575 1.771935357170843e-07
2537.0 -3107.635796101376 -5370.8889957083165 -1484.7080067592406 -120.05398924203521 -13.543512704831802 3.324837358204415 0.003372855697016064 0.023436342476297778 -15.426245365855195 15.426263537418032 0.8985916960352502 254.56823663483794 1.7690674952582617e-07
2538.0 -3107.6282853394055 -5370.876021679284 -1484.7043957136693 -120.05398921091732 -13.543512705477804 3.309417351283599 0.0033672945621470163 0.023417305453000026 -15.413737649482858 15.413755805641683 0.9000528394813581 254.67994169862186 1.7662068348318226e-07
2539.0 -3107.6207806663806 -5370.8630581625985 -1484.7007875944746 -120.0539891798506 -13.54351270612414 3.294009840294486 0.003361748524029373 0.023398304335550346 -15.401253510373182 15.401271651158588 0.901514790803014 254.7914616682498 1.763353310967761e-07
2540.0 -3107.6132820708326 -5370.850105138465 -1484.6971823961464 -120.05398914883496 -13.543512706770773 3.278614801708143 0.0033562175157024754 0.02337933898442479 -15.388792856881109 15.388810982323566 0.9029775521291418 254.90279590584348 1.7605068590364142e-07
2541.0 -3107.605789541335 -5370.837162587168 -1484.693580113195 -120.05398911787022 -13.54351270741769 3.2632322120834143 0.003350701470690609 0.023360409261067083 -15.376355597995978 15.376373708125834 0.9044411255734046 255.0139437771627 1.7576674146987665e-07
2542.0 -3107.5983030665066 -5370.824230489066 -1484.6899807401524 -120.05398908695629 -13.543512708064931 3.247862048070645 0.0033452003229612615 0.02334151502787174 -15.36394164333495 15.363959738182434 0.9059055132338856 255.1249046515563 1.7548349139057263e-07
2543.0 -3107.59082263501 -5370.811308824596 -1484.686384271571 -120.05398905609303 -13.543512708712445 3.2325042864135467 0.0033397140069633124 0.02332265614818496 -15.35155090313631 15.351568982731528 0.9073707171929457 255.23567790192698 1.7520092928970633e-07
2544.0 -3107.5833482355515 -5370.798397574266 -1484.682790702025 -120.05398902528027 -13.543512709360286 3.217158903939184 0.003334242457594172 0.023303832486285092 -15.3391832882548 15.339201352627738 0.908836739518212 255.3462629047822 1.7491904881981724e-07
2545.0 -3107.575879856879 -5370.785496718663 -1484.6792000261094 -120.05398899451791 -13.543512710008415 3.201825877567753 0.003328785610193563 0.02328504390737951 -15.326838710155807 15.326856759336335 0.91030358226168 255.4566590401417 1.7463784366204875e-07
2546.0 -3107.5684174877856 -5370.7726062384445 -1484.6756122384388 -120.05398896380578 -13.543512710656817 3.1865051843051333 0.0033233434005532914 0.023266290277602852 -15.314517080909217 15.314535114927088 0.9117712474604592 255.56686569156994 1.7435730752587371e-07
2547.0 -3107.5609611171076 -5370.759726114345 -1484.6720273336498 -120.05398893314376 -13.543512711305555 3.171196801247541 0.0033179157649083635 0.023247571463992145 -15.302218313184731 15.302236332069576 0.913239737136361 255.67688224612158 1.740774341490432e-07
2548.0 -3107.5535107337205 -5370.74685632717 -1484.6684453063986 -120.05398890253171 -13.543512711954552 3.155900705576874 0.0033125026399289936 0.02322888733449968 -15.289942320247473 15.28996032402881 0.9147090532963784 255.78670809435368 1.7379821729736547e-07
2549.0 -3107.5460663265453 -5370.733996857797 -1484.6648661513614 -120.05398887196951 -13.543512712603873 3.1406168745595497 0.0033071039627161625 0.02321023775796327 -15.277689015948338 15.277707004655571 0.9161791979328328 255.89634263031303 1.735196507645501e-07
2550.0 -3107.5386278845426 -5370.721147687178 -1484.6612898632347 -120.05398884145701 -13.54351271325346 3.125345285549993 0.0033017196708025054 0.023191622604112894 -15.265458314723476 15.265476288385893 0.9176501730230703 256.00578525149035 1.7324172837213784e-07
2551.0 -3107.5311953967166 -5370.708308796338 -1484.6577164367354 -120.05398881099413 -13.543512713903343 3.1100859159911054 0.003296349702144319 0.023173041743559164 -15.25325013158641 15.253268090233183 0.9191219805294497 256.1150353587966 1.7296444396937566e-07
2552.0 -3107.523768852111 -5370.69548016637 -1484.6541458665995 -120.05398878058064 -13.543512714553533 3.09483874340402 0.0032909939951322187 0.02315449504778444 -15.24106438212457 15.24108232578476 0.920594622400363 256.22409235661524 1.726877914328987e-07
2553.0 -3107.5163482398107 -5370.682661778437 -1484.6505781475835 -120.05398875021649 -13.543512715204 3.079603745397879 0.003285652488556501 0.023135982389132614 -15.228900982492226 15.228918911194782 0.9220681005693255 256.3329556527123 1.7241176466677657e-07
2554.0 -3107.5089335489424 -5370.6698536137765 -1484.6470132744632 -120.05398871990154 -13.543512715854751 3.064380899663782 0.0032803251216275697 0.023117503640801118 -15.216759849405069 15.216777763178827 0.9235424169555921 256.4416246582593 1.7213635760227335e-07
2555.0 -3107.5015247686724 -5370.657055653692 -1484.6434512420333 -120.05398868963563 -13.543512716505791 3.0491701839775778 0.0032750118339732737 0.023099058676840922 -15.20464090013762 15.204658799011309 0.9250175734639204 256.5500987877928 1.7186156419776847e-07
2556.0 -3107.494121888208 -5370.644267879558 -1484.6398920451084 -120.05398865941866 -13.543512717157139 3.033971576195676 0.0032697125656184767 0.02308064737214277 -15.19254405251626 15.192561936518493 0.9264935719850083 256.658377459225 1.7158737843855238e-07
2557.0 -3107.486724896796 -5370.631490272817 -1484.6363356785225 -120.05398862925048 -13.543512717808733 3.018785054257838 0.003264427256996605 0.023062269602426966 -15.180469224915614 15.1804870940749 0.9279704143952537 256.76646009380306 1.713137943367493e-07
2558.0 -3107.4793337837223 -5370.618722814984 -1484.6327821371278 -120.05398859913096 -13.543512718460619 3.0036105961846187 0.003259155848943429 0.023043925244243813 -15.168416336251669 15.168434190596404 0.9294481025570382 256.8743461161086 1.7104080593114394e-07
2559.0 -3107.471948538312 -5370.605965487636 -1484.629231415796 -120.05398856906 -13.543512719112815 2.9884481800782963 0.0032538982819527718 0.023025614169982944 -15.156385302702972 15.156403142261444 0.9309266400317 256.9820347785006 1.7076840758704228e-07
2560.0 -3107.4645691499427 -5370.593218272438 -1484.6256835094227 -120.05398853903743 -13.543512719765284 2.9732977841403336 0.0032486544825971464 0.02300733616847772 -15.144375985447066 15.144393810247385 0.9324060446698297 257.08952387070894 1.7049659620144046e-07
2561.0 -3107.4571956080786 -5370.5804811512135 -1484.6221384129467 -120.05398850906315 -13.543512720418018 2.9581593867614866 0.003243424349637536 0.0229890909021373 -15.132388162444078 15.132405972514077 0.9338863413442648 257.1968104629052 1.7022536993352654e-07
2562.0 -3107.449827902303 -5370.567754105983 -1484.6185961213635 -120.05398847913706 -13.543512721071064 2.9430329665695316 0.003238207764819201 0.022970877989342497 -15.120421582671101 15.120439378038297 0.935367554841096 257.3038916333054 1.69954726961366e-07
2563.0 -3107.4424660223235 -5370.555037118988 -1484.6150566297274 -120.05398844925901 -13.54351272172436 2.927918502449291 0.0032330046017898795 0.022952697038789882 -15.108475988728536 15.108493769420127 0.9368497098058591 257.41076447331943 1.6968466547305395e-07
2564.0 -3107.4351099579735 -5370.542330172684 -1484.6115199331543 -120.05398841942883 -13.543512722377946 2.9128159735456576 0.0032278147307760463 0.022934547659751114 -15.096551123595209 15.096568889638071 0.9383328307436793 257.5174260874635 1.6941518366672058e-07
2565.0 -3107.4277596992115 -5370.529633249742 -1484.6079860268203 -120.05398838964648 -13.543512723031794 2.897725359256379 0.003222638021042279 0.02291642946511452 -15.084646732630839 15.084664484051526 0.939816942020414 257.62387359334565 1.6914627975035407e-07
2566.0 -3107.4204152361185 -5370.516946333045 -1484.6044549059593 -120.05398835991178 -13.54351272368593 2.882646639232058 0.0032174743422199725 0.02289834207227015 -15.07276256414994 15.07278030097469 0.9413020678630788 257.7301041216016 1.688779519417534e-07
2567.0 -3107.4130765588975 -5370.504269405688 -1484.6009265658652 -120.05398833022463 -13.543512724340346 2.8675797933759166 0.0032123235649370585 0.022880285103310083 -15.060898369566814 15.060916091821554 0.9427882323602913 257.8361148158324 1.6861019846847677e-07
2568.0 -3107.4057436578732 -5370.491602450974 -1484.5974010018883 -120.05398830058496 -13.543512724995026 2.852524801836815 0.0032071855611768285 0.022862258185079032 -15.049053903417603 15.049071611127948 0.9442754594633713 257.9419028325916 1.683430175676711e-07
2569.0 -3107.3984165234865 -5370.47894545241 -1484.5938782094374 -120.05398827099255 -13.543512725649986 2.837481645009713 0.0032020602044928737 0.022844260949134387 -15.03722892334112 15.037246616532382 0.945763772986705 258.0474653413199 1.680764074860343e-07
2570.0 -3107.3910951462994 -5370.466298393705 -1484.5903581839773 -120.05398824144736 -13.543512726305211 2.8224503035263626 0.003196947369982439 0.02282629303170758 -15.025423190050372 15.025440868747564 0.9472531966090658 258.15279952435 1.6781036647960535e-07
2571.0 -3107.3837795169866 -5370.45366125877 -1484.5868409210284 -120.05398821194927 -13.543512726960723 2.8074307582587936 0.00319184693441521 0.022808354073650783 -15.013636467297713 15.013654131525549 0.9487437538736686 258.2579025768217 1.6754489281378133e-07
2572.0 -3107.376469626338 -5370.441034031714 -1484.5833264161656 -120.05398818249814 -13.543512727616504 2.7924229903134985 0.0031867587761986726 0.022790443720392073 -15.001868521844369 15.001886171627266 0.9502354681891352 258.3627717066639 1.6727998476317064e-07
2573.0 -3107.3691654652566 -5370.4284166968355 -1484.5798146650184 -120.0539881530939 -13.543512728272532 2.777426981028635 0.0031816827753710086 0.022772561621881238 -14.990119123427384 14.990136758789475 0.9517283628301599 258.46740413455575 1.6701564061150036e-07
2574.0 -3107.361867024758 -5370.4158092386315 -1484.5763056632702 -120.05398812373636 -13.543512728928832 2.762442711969372 0.0031766188136117535 0.02275470743254182 -14.97838804472562 14.978405665690751 0.9532224609383517 258.571797093901 1.6675185865149113e-07
2575.0 -3107.354574295967 -5370.4032116417875 -1484.5727994066572 -120.05398809442548 -13.543512729585425 2.747470164930215 0.0031715667741769593 0.02273688081122005 -14.966675061329232 14.966692667920965 0.9547177855223796 258.6759478307559 1.6648863718485645e-07
2576.0 -3107.347287270116 -5370.390623891177 -1484.5692958909676 -120.05398806516115 -13.54351273024225 2.7325093219280245 0.003166526541933834 0.022719081421146647 -14.954979951709358 14.954997543950979 0.9562143594590372 258.7798536038209 1.6622597452213743e-07
2577.0 -3107.340005938546 -5370.378045971855 -1484.5657951120409 -120.05398803594322 -13.543512730899371 2.7175601651966574 0.003161498003320773 0.022701308929876873 -14.943302497184682 14.943320075099198 0.9577122054941456 258.8835116844236 1.659638689825684e-07
2578.0 -3107.3327302927037 -5370.3654778690625 -1484.5622970657685 -120.05398800677163 -13.543512731556747 2.702622677189531 0.0031564810463153847 0.02268356300924701 -14.931642481890336 14.931660045500486 0.959211346242658 258.98691935644524 1.6570231889408097e-07
2579.0 -3107.32546032414 -5370.352919568222 -1484.5588017480904 -120.0539879776462 -13.543512732214376 2.687696840576129 0.0031514755604566957 0.022665843335340163 -14.919999692750261 14.920017242078515 0.9607118041893641 259.0900739162923 1.6544132259320312e-07
2580.0 -3107.3181960245092 -5370.340371054932 -1484.5553091549975 -120.05398794856693 -13.543512732872287 2.6727826382326896 0.0031464814367438976 0.02264814958842054 -14.908373919445433 14.908391454513998 0.9622136016901787 259.19297267290676 1.6518087842485665e-07
2581.0 -3107.3109373855673 -5370.327832314965 -1484.5518192825296 -120.0539879195336 -13.543512733530429 2.6578800532498863 0.0031414985677384877 0.02263048145290547 -14.896764954384754 14.896782475215574 0.9637167609717144 259.29561294766125 1.649209847424527e-07
2582.0 -3107.303684399171 -5370.315303334272 -1484.5483321267736 -120.05398789054621 -13.543512734188859 2.6429890689202584 0.0031365268474212726 0.022612838617313447 -14.885172592675847 14.88519009929061 0.9652213041328923 259.39799207439376 1.6466163990763414e-07
2583.0 -3107.2964370572754 -5370.302784098973 -1484.5448476838656 -120.05398786160458 -13.543512734847532 2.628109668744728 0.0031315661712696397 0.02259522077422549 -14.873596632097415 14.873614124517553 0.9667272531446199 259.5001073993118 1.6440284229035106e-07
2584.0 -3107.289195351935 -5370.290274595352 -1484.5413659499877 -120.05398783270869 -13.543512735506466 2.613241836419562 0.0031266164361767323 0.02257762762022919 -14.862036873068629 14.862054351315328 0.9682346298514453 259.60195628103145 1.641445902685967e-07
2585.0 -3107.2819592753003 -5370.277774809867 -1484.5378869213687 -120.05398780385835 -13.54351273616566 2.5983855558410287 0.003121677540487866 0.022560058855895182 -14.850493118623007 14.850510582717199 0.9697434559714149 259.70353609049545 1.6388688222845173e-07
2586.0 -3107.2747288196156 -5370.265284729139 -1484.5344105942831 -120.0539877750535 -13.543512736825097 2.583540811105864 0.0031167493839392435 0.02254251418571762 -14.838965174378563 14.838982624340941 0.971253753096352 259.8048442109212 1.636297165640559e-07
2587.0 -3107.2675039772216 -5370.252804339948 -1484.5309369650515 -120.05398774629406 -13.543512737484802 2.5687075864970685 0.0031118318676401913 0.022524993318086217 -14.827452848514824 14.827470284365837 0.9727655426936207 259.9058780378492 1.6337309167732595e-07
2588.0 -3107.260284740551 -5370.240333629237 -1484.5274660300379 -120.0539877175799 -13.543512738144749 2.5538858664918225 0.003106924894103358 0.022507495965235158 -14.815955951740452 14.815973373500313 0.9742788461056399 260.0066349790408 1.631170059780575e-07
2589.0 -3107.253071102128 -5370.22787258411 -1484.5239977856515 -120.05398768891096 -13.543512738804957 2.5390756357538047 0.003102028367171883 0.022490021843209806 -14.804474297271367 14.804491704960054 0.9757936845509803 260.1071124544833 1.6286145788375729e-07
2590.0 -3107.245863054566 -5370.215421191819 -1484.5205322283437 -120.05398766028709 -13.543512739465411 2.524276879135752 0.003097142192050484 0.022472570671821845 -14.793007700801631 14.79302509443889 0.9773100791244125 260.2073078963258 1.6260644581965302e-07
2591.0 -3107.238660590571 -5370.202979439779 -1484.5170693546095 -120.05398763170827 -13.543512740126117 2.5094895816692153 0.0030922662752379537 0.02245514217461375 -14.781555980477085 14.781573360082435 0.9788280507982627 260.3072187489025 1.6235196821848269e-07
2592.0 -3107.2314637029335 -5370.1905473155475 -1484.513609160986 -120.05398760317436 -13.543512740787067 2.4947137285659555 0.0030874005245600245 0.02243773607881261 -14.770118956872189 14.77013632246492 0.9803476204225747 260.4068424686774 1.6209802352048558e-07
2593.0 -3107.2242723845325 -5370.178124806841 -1484.5101516440525 -120.05398757468524 -13.543512741448264 2.4799493052202743 0.0030825448491453855 0.02242035211529947 -14.758696452961658 14.758713804560841 0.9818688087251691 260.50617652418316 1.618446101734089e-07
2594.0 -3107.2170866283323 -5370.16571190152 -1484.5066968004287 -120.05398754624088 -13.543512742109717 2.4651962972001638 0.0030776991593661762 0.022402990018570268 -14.747288294098189 14.747305631722675 0.98339163631285 260.605218396037 1.615917266323235e-07
2595.0 -3107.209906427382 -5370.15330858759 -1484.5032446267753 -120.05398751784115 -13.543512742771423 2.4504546902466102 0.0030728633668806182 0.02238564952669808 -14.735894307987286 14.73591163165571 0.9849161236717702 260.7039655769002 1.6133937135957955e-07
2596.0 -3107.2027317748143 -5370.140914853204 -1484.4997951197936 -120.05398748948596 -13.543512743433345 2.435724470271962 0.003068037384575284 0.022368330381285606 -14.724514324660126 14.72453163439091 0.9864422911678917 260.8024155714464 1.610875428247472e-07
2597.0 -3107.1955626638446 -5370.128530686651 -1484.4963482762232 -120.05398746117521 -13.543512744095539 2.4210056233573707 0.0030632211265890774 0.02235103232744473 -14.713148176454785 14.713165472266141 0.9879701590475359 260.900565896335 1.6083623950454141e-07
2598.0 -3107.1883990877673 -5370.116156076366 -1484.4929040928444 -120.05398743290887 -13.543512744757946 2.4062981357506943 0.00305841450824218 0.02233375511374902 -14.70179569798458 14.701812979894509 0.9894997474378859 260.9984140801827 1.6058545988275537e-07
2599.0 -3107.1812410399584 -5370.10379101092 -1484.489462566474 -120.05398740468678 -13.543512745420616 2.3916019938641693 0.003053617446085788 0.022316498492203518 -14.690456726121413 14.690473994147714 0.991031076347509 261.0959576635373 1.6033520245019026e-07
2600.0 -3107.174088513873 -5370.091435479018 -1484.486023693968 -120.0539873765089 -13.543512746083518 2.3769171842711514 0.0030488298578426054 0.02229926221820744 -14.679131099971068 14.679148354131339 0.9925641656669741 261.193194198857 1.600854657045698e-07
2601.0 -3107.166941503044 -5370.079089469503 -1484.4825874722205 -120.05398734837509 -13.543512746746654 2.362243693707278 0.003044051662422831 0.02228204605051598 -14.667818660846866 14.667835901158503 0.994099035169005 261.2901212504619 1.5983624815053046e-07
2602.0 -3107.1598000010817 -5370.066752971349 -1484.4791538981606 -120.05398732028534 -13.543512747410023 2.3475815090630205 0.003039282779857544 0.022264849751212346 -14.656519252249316 14.656536478729521 0.9956357045095328 261.3867363945427 1.5958754829946555e-07
2603.0 -3107.15266400167 -5370.05442597366 -1484.4757229687548 -120.0539872922395 -13.54351274807365 2.33293061738275 0.003034523131372424 0.022247673085665554 -14.645232719845108 14.645249932510886 0.9971741932280626 261.4830372191262 1.5933936466948083e-07
2604.0 -3107.1455334985685 -5370.04210846567 -1484.472294681006 -120.0539872642375 -13.543512748737495 2.318291005869862 0.0030297726392856106 0.022230515822504238 -14.633958911440903 14.63397611030907 0.9987145207474043 261.57902132400136 1.5909169578545282e-07
2605.0 -3107.1384084856118 -5370.0298004367405 -1484.4688690319513 -120.05398723627928 -13.543512749401584 2.3036626618762965 0.003025031227048558 0.022213377733582007 -14.622697676966741 14.622714862053925 1.000256706375036 261.67468632074963 1.5884454017882312e-07
2606.0 -3107.1312889567066 -5370.0175018763575 -1484.4654460186637 -120.05398720836476 -13.543512750065887 2.2890455728990493 0.0030202988192105096 0.02219625859393881 -14.61144886844909 14.611466039771734 1.0018007693037352 261.77002983272774 1.5859789638751212e-07
2607.0 -3107.124174905829 -5370.00521277413 -1484.4620256382502 -120.0539871804938 -13.543512750730436 2.2744397265866865 0.0030155753414193853 0.022179158181771186 -14.600212339991007 14.60022949756537 1.003346728611154 261.86504949498686 1.5835176295600164e-07
2608.0 -3107.117066327029 -5369.992933119792 -1484.4586078878517 -120.0539871526664 -13.54351275139522 2.2598451107325963 0.0030108607203862547 0.022162076278402054 -14.588987947752626 14.589005091594787 1.0048946032607857 261.95974295427834 1.5810613843519422e-07
2609.0 -3107.1099632144237 -5369.980662903193 -1484.4551927646428 -120.0539871248824 -13.543512752060227 2.2452617132693997 0.0030061548839075414 0.022145012668249198 -14.577775549929367 14.577792680055225 1.0064444121028147 262.054107869052 1.5786102138229245e-07
2610.0 -3107.1028655621994 -5369.968402114303 -1484.4517802658304 -120.05398709714177 -13.543512752725457 2.230689522274304 0.0030014577608037385 0.02212796713878662 -14.566575006728332 14.566592123153614 1.0079961738738004 262.1481419093838 1.5761641036086264e-07
2611.0 -3107.0957733646105 -5369.956150743211 -1484.4483703886553 -120.05398706944442 -13.543512753390923 2.2161285259607246 0.002996769280964706 0.022110939480521452 -14.5553861803525 14.555403283092755 1.00954990719782 262.2418427569933 1.5737230394066868e-07
2612.0 -3107.0886866159785 -5369.943908780117 -1484.4449631303887 -120.05398704179025 -13.543512754056593 2.2015787126815414 0.0029920893752848343 0.02209392948696376 -14.544208934976732 14.544226024047344 1.0111056305863684 262.3352081051849 1.5712870069770062e-07
2613.0 -3107.081605310689 -5369.9316762153385 -1484.4415584883343 -120.05398701417921 -13.543512754722517 2.1870400709202515 0.002987417975680806 0.022076936954582127 -14.533043136728839 14.53306021214502 1.012663362439552 262.4282356588693 1.5688559921400186e-07
2614.0 -3107.0745294431945 -5369.919453039302 -1484.4381564598268 -120.05398698661122 -13.54351275538864 2.172512589300517 0.00298275501508094 0.022059961682795226 -14.521888653670304 14.521905715447103 1.014223121045309 262.5209231344654 1.5664299807780366e-07
2615.0 -3107.0674590080102 -5369.907239242545 -1484.4347570422312 -120.05398695908619 -13.543512756055023 2.157996256565675 0.00297810042738611 0.022043003473920297 -14.510745355775827 14.510762403928128 1.0157849245818524 262.6132682599959 1.564008958831586e-07
2616.0 -3107.060393999713 -5369.895034815714 -1484.4313602329435 -120.053986931604 -13.543512756721595 2.1434910616013223 0.0029734541475008314 0.02202606213316116 -14.49961311491469 14.499630149457218 1.0173487911154833 262.70526877490744 1.5615929123029316e-07
2617.0 -3107.0533344129444 -5369.882839749561 -1484.427966029389 -120.05398690416467 -13.543512757388394 2.128996993407607 0.0029688161112648714 0.022009137468565143 -14.48849180482976 14.48850882577708 1.0189147386038118 262.79692243021196 1.5591818272512228e-07
2618.0 -3107.046280242405 -5369.870654034945 -1484.424574429022 -120.05398687676806 -13.543512758055403 2.1145140411215833 0.0029641862554985465 0.02199222929100264 -14.477381301120323 14.477398308486844 1.020482784893584 262.8882269883098 1.5567756897959773e-07
2619.0 -3107.039231482856 -5369.8584776628295 -1484.4211854293262 -120.0539868494141 -13.543512758722644 2.1000421939960217 0.0029595645179663066 0.02197533741413693 -14.466281481222627 14.466298475022604 1.0220529477232074 262.9791802230893 1.5543744861133266e-07
2620.0 -3107.0321881291184 -5369.846310624279 -1484.4177990278138 -120.05398682210274 -13.543512759390095 2.0855814414075575 0.0029549508373438726 0.021958461654392636 -14.455192224390325 14.455209204637862 1.023625244722103 263.06977991984104 1.5519782024371437e-07
2621.0 -3107.025150176071 -5369.834152910459 -1484.414415222025 -120.05398679483389 -13.54351276005777 2.0711317728532013 0.0029503451532555403 0.0219416018309313 -14.444113411678146 14.444130378387198 1.0251996934113166 263.1600238752457 1.5495868250582345e-07
2622.0 -3107.0181176186497 -5369.822004512634 -1484.4110340095272 -120.05398676760746 -13.543512760725635 2.056693177947309 0.0029457474062288824 0.021924757765621194 -14.433044925920559 14.433061879104933 1.0267763112040802 263.24990989735954 1.5472003403236186e-07
2623.0 -3107.0110904518497 -5369.809865422166 -1484.4076553879158 -120.05398674042341 -13.543512761393725 2.0422656464204194 0.0029411575376752097 0.021907929283012884 -14.421986651717118 14.422003591390478 1.0283551154061659 263.33943580558775 1.544818734636113e-07
2624.0 -3107.004068670718 -5369.797735630516 -1484.4042793548128 -120.05398671328162 -13.54351276206203 2.027849168120418 0.002936575489923321 0.021891116210305483 -14.410938475411248 14.410955401587113 1.0299361232159874 263.4285994306444 1.5424419944543077e-07
2625.0 -3106.9970522703593 -5369.785615129236 -1484.4009059078664 -120.05398668618207 -13.543512762730556 2.0134437330013606 0.0029320012061511136 0.02187431837732623 -14.399900285074224 14.399917197765975 1.0315193517260508 263.5173986145887 1.5400701062905126e-07
2626.0 -3106.990041245933 -5369.773503909974 -1484.3975350447504 -120.05398665912469 -13.54351276339929 1.9990493311353494 0.0029274346304255516 0.021857535616505164 -14.388871970489499 14.388888869710375 1.0331048179210605 263.60583121076496 1.5377030567121218e-07
2627.0 -3106.9830355926483 -5369.761401964469 -1484.3941667631645 -120.05398663210939 -13.543512764068234 1.9846659526990262 0.002922875709241879 0.021840767773787295 -14.377853430334975 14.37787031609809 1.0346925352483045 263.6938952764003 1.535340830749987e-07
2628.0 -3106.9760353057563 -5369.749309284528 -1484.3908010608277 -120.05398660513607 -13.54351276473737 1.9702935879523866 0.0029183244030299704 0.021824014773593525 -14.366844614953322 14.366861487271722 1.0362825058110245 263.7815895109128 1.5329834082779526e-07
2629.0 -3106.969040380518 -5369.737225861974 -1484.387437935463 -120.05398657820469 -13.543512765406701 1.955932227174053 0.002913780688820644 0.021807276606410575 -14.355845518175549 14.355862377062268 1.037874729380119 263.8689127509976 1.53063076817236e-07
2630.0 -3106.962050812194 -5369.725151688634 -1484.3840773847944 -120.0539865513152 -13.54351276607623 1.9415818606447428 0.002909244552729895 0.021790553282578617 -14.344856146897929 14.344872992366001 1.039469205711134 263.95586384079047 1.5282828893813315e-07
2631.0 -3106.9550665960396 -5369.713086756322 -1484.380719406543 -120.05398652446749 -13.54351276674599 1.9272424786339981 0.00290471598549491 0.0217738448180822 -14.333876511735854 14.333893343798325 1.041065934545829 264.04244163191964 1.5259397509223893e-07
2632.0 -3106.9480877273054 -5369.701031056843 -1484.3773639984277 -120.05398649766151 -13.543512767415944 1.9129140713973902 0.0029001949801559235 0.021757151230452187 -14.322906624322501 14.322923442992424 1.0426649156125847 264.12864498349296 1.523601331881799e-07
2633.0 -3106.9411142012355 -5369.688984581995 -1484.3740111581633 -120.0539864708972 -13.543512768086108 1.8985966291835066 0.00289568153094244 0.02174047253759115 -14.311946496532489 14.311963301822928 1.0442661486257256 264.21447276202707 1.5212676114155136e-07
2634.0 -3106.93414601307 -5369.676947323562 -1484.370660883463 -120.05398644417448 -13.543512768756466 1.8842901422264986 0.002891175632644405 0.021723808757423413 -14.300996140256974 14.301012932181004 1.0458696332864479 264.2999238414622 1.5189385687477516e-07
2635.0 -3106.92718315804 -5369.664919273323 -1484.3673131720373 -120.05398641749326 -13.54351276942701 1.8699946007470134 0.0028866772803457508 0.021707159907800033 -14.290055567337484 14.29007234590819 1.0474753692828185 264.38499710312794 1.5166141831709592e-07
2636.0 -3106.920225631374 -5369.652900423042 -1484.3639680215933 -120.05398639085352 -13.543512770097763 1.8557099949580151 0.002882186469214787 0.0216905260064717 -14.27912478954885 14.279141554779327 1.0490833562892177 264.46969143567856 1.5142944340465519e-07
2637.0 -3106.9132734282925 -5369.640890764479 -1484.3606254298359 -120.05398636425514 -13.543512770768691 1.841436315059429 0.0028777031945015352 0.021673907071069642 -14.268203818591523 14.268220570494876 1.0506935939670414 264.5540057350965 1.5119793008038492e-07
2638.0 -3106.906326544012 -5369.6288902893775 -1484.3572853944668 -120.05398633769806 -13.543512771439838 1.8271735512374434 0.002873227451428484 0.021657303119117177 -14.257292666089727 14.257309404679072 1.0523060819648762 264.6379389046669 1.5096687629397626e-07
2639.0 -3106.899384973742 -5369.616898989473 -1484.353947913185 -120.05398631118226 -13.543512772111171 1.8129216936647428 0.002868759235211016 0.02164071416801505 -14.246391343589048 14.246408068877509 1.0539208199185768 264.7214898549468 1.5073628000186386e-07
2640.0 -3106.8924487126874 -5369.604916856497 -1484.3506129836874 -120.0539862847076 -13.543512772782707 1.7986807325105183 0.002864298541049415 0.021624140235047218 -14.235499862558223 14.235516574558938 1.0555378074502262 264.8046575036781 1.5050613916736787e-07
2641.0 -3106.8855177560476 -5369.592943882163 -1484.3472806036677 -120.05398625827407 -13.543512773454417 1.7844506579230075 0.0028598453640924504 0.02160758133737728 -14.224618234386265 14.224634933112378 1.0571570441702152 264.8874407758603 1.502764517603921e-07
2642.0 -3106.878592099016 -5369.580980058182 -1484.343950770817 -120.05398623188154 -13.543512774126333 1.7702314600483515 0.0028553996994666875 0.02159103749204805 -14.213746470383452 14.213763155848119 1.0587785296751955 264.96983860361183 1.5004721575770878e-07
2643.0 -3106.8716717367797 -5369.5690253762505 -1484.3406234828237 -120.05398620553001 -13.543512774798419 1.75602312901197 0.002850961542248065 0.021574508715981988 -14.202884581780339 14.202901253996725 1.060402263550298 265.0518499262495 1.4981842914263825e-07
2644.0 -3106.8647566645222 -5369.557079828058 -1484.3372987373739 -120.05398617921936 -13.543512775470706 1.7418256549367215 0.0028465308874956463 0.021557995025978993 -14.192032579725625 14.192049238706904 1.0620282453671601 265.1334736901543 1.4959008990532256e-07
2645.0 -3106.85784687742 -5369.545143405285 -1484.333976532151 -120.05398615294956 -13.543512776143176 1.7276390279287006 0.0028421077302107633 0.021541496438712393 -14.181190475287048 14.181207121046404 1.063656474685641 265.21470884882507 1.493621960424765e-07
2646.0 -3106.850942370646 -5369.533216099601 -1484.3306568648354 -120.0539861267205 -13.543512776815826 1.7134632380860857 0.0028376920653681026 0.0215250129707365 -14.170358279451829 14.170374912002456 1.0652869510529077 265.29555436279867 1.4913474555751073e-07
2647.0 -3106.8440431393656 -5369.521297902668 -1484.3273397331059 -120.05398610053214 -13.543512777488683 1.6992982754933184 0.002833283887894389 0.021508544638475513 -14.159536003123403 14.159552622478506 1.0669196740041993 265.376009199655 1.4890773646041862e-07
2648.0 -3106.8371491787398 -5369.509388806138 -1484.3240251346376 -120.05398607438437 -13.543512778161693 1.6851441302248278 0.00282888319270036 0.02149209145823061 -14.14872365712179 14.14874026329458 1.0685546430624935 265.4560723339668 1.4868116676781652e-07
2649.0 -3106.8302604839255 -5369.497488801655 -1484.3207130671037 -120.05398604827721 -13.54351277883492 1.6710007923487573 0.002824489974615041 0.02147565344617508 -14.137921252185121 14.13793784518882 1.070191857738171 265.53574274725054 1.4845503450298384e-07
2650.0 -3106.8233770500724 -5369.48559788085 -1484.3174035281747 -120.0539860222105 -13.543512779508294 1.6568682519132272 0.0028201042284790034 0.021459230618357417 -14.127128798967604 14.12714537881544 1.0718313175306984 265.61501942801533 1.4822933769562356e-07
2651.0 -3106.816498872327 -5369.473716035352 -1484.3140965155187 -120.0539859961842 -13.543512780181869 1.6427464989656584 0.002815725949067094 0.021442822990693333 -14.11634630803644 14.116362874741656 1.073473021926488 265.6939013716258 1.4800407438215213e-07
2652.0 -3106.8096259458293 -5369.461843256774 -1484.3107920268014 -120.05398597019823 -13.543512780855627 1.6286355235376395 0.0028113551311186313 0.021426430578973754 -14.10557378987734 14.10559034345318 1.0751169704007435 265.7723875803593 1.477792426054379e-07
2653.0 -3106.8027582657146 -5369.449979536726 -1484.3074900596862 -120.05398594425256 -13.543512781529543 1.6145353156493512 0.0028069917693258617 0.021410053398858597 -14.09481125488988 14.094827795349604 1.0767631624170428 265.8504770633519 1.4755484041485241e-07
2654.0 -3106.7958958271133 -5369.438124866803 -1484.3041906118337 -120.0539859183471 -13.543512782203651 1.6004458653135225 0.0028026358583552735 0.02139369146587411 -14.084058713384358 14.084075240741232 1.0784115974269721 265.92816883654916 1.4733086586631435e-07
2655.0 -3106.789038625151 -5369.426279238599 -1484.3008936809022 -120.05398589248178 -13.54351278287792 1.5863671625307763 0.0027982873928342755 0.02137734479542086 -14.073316175588813 14.073332689856109 1.0800622748707598 266.00546192270326 1.4710731702219563e-07
2656.0 -3106.782186654948 -5369.4144426436915 -1484.2975992645477 -120.05398586665655 -13.543512783552375 1.5722991972921883 0.0027939463673458675 0.02136101340276353 -14.062583651642512 14.062600152833514 1.0817151941770735 266.0823553513311 1.468841919513431e-07
2657.0 -3106.7753399116186 -5369.402615073659 -1484.294307360424 -120.05398584087128 -13.543512784226996 1.5582419595813846 0.0027896127764437395 0.021344697303038007 -14.051861151597766 14.051877639725763 1.0833703547628621 266.15884815867486 1.4666148872909217e-07
2658.0 -3106.768498390276 -5369.390796520061 -1484.291017966182 -120.05398581512596 -13.543512784901793 1.5441954393670894 0.0027852866146274025 0.021328396511245185 -14.041148685420808 14.041165160499101 1.0850277560343282 266.2349393877149 1.4643920543712947e-07
2659.0 -3106.7616620860235 -5369.378986974458 -1484.287731079471 -120.05398578942051 -13.543512785576757 1.5301596266119741 0.0027809678763679457 0.021312111042251836 -14.030446262988152 14.030462725030048 1.0866873973859774 266.3106280880936 1.462173401636139e-07
2660.0 -3106.754830993963 -5369.367186428394 -1484.2844466979375 -120.05398576375487 -13.543512786251895 1.5161345112663693 0.002776656556093826 0.021295840910791508 -14.019753894088801 14.019770343107616 1.088349278201453 266.38591331612156 1.4599589100305772e-07
2661.0 -3106.748005109191 -5369.3553948734125 -1484.281164819226 -120.05398573812896 -13.543512786927197 1.5021200832722243 0.0027723526481953087 0.021279586131462747 -14.009071588422145 14.0090880244312 1.090013397853158 266.46079413472876 1.4577485605637007e-07
2662.0 -3106.741184426799 -5369.343612301042 -1484.2778854409785 -120.05398571254268 -13.543512787602674 1.4881163325626403 0.0027680561470333487 0.02126334671872776 -13.998399355599465 13.998415778612094 1.0916797557024036 266.5352696134396 1.4555423343083013e-07
2663.0 -3106.734368941874 -5369.3318387028075 -1484.274608560835 -120.05398568699601 -13.543512788278305 1.4741232490574476 0.002763767046917387 0.021247122686915976 -13.987737205142173 13.987753615171712 1.0933483511000235 266.6093388283681 1.4533402123999852e-07
2664.0 -3106.727558649497 -5369.320074070224 -1484.2713341764331 -120.05398566148888 -13.543512788954128 1.4601408226694912 0.0027594853421177845 0.021230914050216043 -13.977085146481254 13.977101543541053 1.0950191833857224 266.6830008621578 1.4511421760379712e-07
2665.0 -3106.7207535447474 -5369.3083183948 -1484.268062285408 -120.05398563602118 -13.543512789630093 1.4461690433060286 0.002755211026878257 0.021214720822685162 -13.966443188958632 13.966459573062041 1.0966922518879907 266.7562548039469 1.4489482064851168e-07
2666.0 -3106.7139536226973 -5369.2965716680355 -1484.2647928853935 -120.0539856105929 -13.543512790306222 1.43220790085895 0.0027509440953883413 0.021198543018239313 -13.955811341825433 13.955827712985815 1.098367555925369 266.82909974939196 1.4467582850661917e-07
2667.0 -3106.7071588784165 -5369.284833881421 -1484.2615259740198 -120.05398558520393 -13.543512790982524 1.4182573852119968 0.0027466845418153696 0.02118238065065814 -13.945189614242159 13.945205972472884 1.1000450948056744 266.90153480060275 1.4445723931688217e-07
2668.0 -3106.7003693069682 -5369.273105026442 -1484.2582615489173 -120.05398555985423 -13.543512791658989 1.4043174862423913 0.002742432360276048 0.02116623373358184 -13.934578015278216 13.934594360592657 1.1017248678258942 266.9735590661069 1.4423905122435534e-07
2669.0 -3106.6935849034126 -5369.261385094575 -1484.2549996077116 -120.05398553454368 -13.543512792335614 1.390388193818042 0.002738187544867543 0.021150102280513394 -13.923976553910212 13.923992886321754 1.103406874272607 267.0451716608367 1.4402126238032239e-07
2670.0 -3106.686805662806 -5369.249674077291 -1484.2517401480281 -120.05398550927227 -13.543512793012383 1.3764694977952168 0.0027339500896133018 0.02113398630481811 -13.913385239026248 13.91340155854828 1.105091113422357 267.1163717061144 1.43803870942241e-07
2671.0 -3106.680031580199 -5369.23797196605 -1484.248483167489 -120.05398548403988 -13.543512793689322 1.3625613880234304 0.0027297199885314427 0.02111788581971652 -13.902804079420282 13.902820386066201 1.1067775845411523 267.18715832960015 1.4358687507380015e-07
2672.0 -3106.6732626506378 -5369.226278752309 -1484.2452286637156 -120.05398545884651 -13.543512794366404 1.3486638543426526 0.0027254972355761353 0.02110180083829416 -13.892233083794599 13.892249377577809 1.1084662868848871 267.25753066527835 1.4337027294485742e-07
2673.0 -3106.666498869167 -5369.214594427512 -1484.241976634326 -120.05398543369203 -13.543512795043664 1.3347768865858671 0.0027212818246935555 0.02108573137349623 -13.881672260759002 13.881688541692911 1.110157219699125 267.3274878534189 1.4315406273146044e-07
2674.0 -3106.6597402308234 -5369.2029189831 -1484.2387270769373 -120.05398540857641 -13.543512795721051 1.3209004745760466 0.0027170737497677067 0.02106967743812449 -13.871121618831118 13.871137886929144 1.111850382219548 267.3970290405649 1.4293824261578018e-07
2675.0 -3106.652986730643 -5369.1912524105055 -1484.2354799891637 -120.05398538349958 -13.543512796398637 1.3070346081249882 0.002712873004647065 0.021053639044842143 -13.860581166436166 13.860597421711732 1.113545773672193 267.4661533795119 1.427228107860747e-07
2676.0 -3106.646238363656 -5369.179594701155 -1484.2322353686184 -120.05398535846143 -13.543512797076334 1.2931792770414614 0.0027086795831587906 0.02103761620616673 -13.85005091190403 13.850067154370565 1.1152433932725407 267.53486002924024 1.4250776543679677e-07
2677.0 -3106.639495124888 -5369.167945846468 -1484.2289932129115 -120.05398533346194 -13.543512797754202 1.2793344711237586 0.0027044934790696473 0.021021608934484348 -13.839530863474879 13.83954709314582 1.1169432402265118 267.6031481549257 1.4229310476845902e-07
2678.0 -3106.632757009362 -5369.156305837855 -1484.2257535196525 -120.05398530850105 -13.54351279843221 1.2655001801610926 0.002700314686117977 0.02100561724202965 -13.829021029293024 13.82903724618181 1.1186453137303851 267.6710169279062 1.4207882698763723e-07
2679.0 -3106.6260240120973 -5369.1446746667225 -1484.222516286448 -120.05398528357863 -13.543512799110392 1.2516763939349913 0.002696143198020806 0.020989641140897408 -13.81852141741012 13.8185376215302 1.1203496129707118 267.73846552564754 1.4186493030697317e-07
2680.0 -3106.6192961281067 -5369.13305232447 -1484.2192815109029 -120.05398525869468 -13.54351279978871 1.2378631022199988 0.0026919790084232176 0.02097368064304339 -13.808032035783219 13.80804822714805 1.122056137124315 267.80549313171457 1.416514129451666e-07
2681.0 -3106.6125733524027 -5369.121438802486 -1484.2160491906204 -120.0539852338491 -13.54351280046716 1.22406029478251 0.0026878221109623013 0.020957735760279927 -13.797552892277238 13.797569070900275 1.1237648853585176 267.87209893574965 1.4143827312693856e-07
2682.0 -3106.6058556799903 -5369.109834092158 -1484.2128193232027 -120.05398520904183 -13.543512801145763 1.2102679613763467 0.0026836724992289618 0.02094180650427102 -13.787083994661966 13.787100160556674 1.1254758568317789 267.9382821334682 1.4122550908294466e-07
2683.0 -3106.5991431058746 -5369.0982381848635 -1484.209591906248 -120.0539851842728 -13.54351280182451 1.1964860917567275 0.0026795301667634774 0.02092589288654567 -13.776625350611512 13.776641503791364 1.1271890506920457 268.0040419265644 1.4101311904997177e-07
2684.0 -3106.5924356250543 -5369.086651071977 -1484.2063669373554 -120.05398515954194 -13.543512802503432 1.1827146756635047 0.0026753951070963566 0.02090999491848189 -13.766176967707342 13.766193108185814 1.128904466078917 268.0693775227666 1.40801101270661e-07
2685.0 -3106.585733232526 -5369.075072744861 -1484.20314441412 -120.05398513484917 -13.543512803182471 1.1689537028335035 0.0026712673136977116 0.02089411261132179 -13.755738853436672 13.755754981227243 1.130622102122195 268.1342881357514 1.4058945399367928e-07
2686.0 -3106.5790359232797 -5369.063503194878 -1484.1999243341365 -120.05398511019449 -13.543512803861647 1.1552031629919075 0.0026671467800021276 0.02087824597615695 -13.745311015190781 13.74532713030694 1.1323419579430445 268.19877298515837 1.4037817547356811e-07
2687.0 -3106.5723436923063 -5369.05194241338 -1484.1967066949974 -120.05398508557775 -13.543512804540956 1.1414630458611064 0.0026630334994202087 0.020862395023939495 -13.73489346026672 13.734909562721958 1.1340640326529698 268.262831296523 1.4016726397086137e-07
2688.0 -3106.5656565345903 -5369.040390391714 -1484.1934914942935 -120.05398506099891 -13.543512805220463 1.1277333411534782 0.002658927465326144 0.020846559765479444 -13.724486195867856 13.724502285675669 1.1357883253548 268.326462301284 1.3995671775195556e-07
2689.0 -3106.5589744451136 -5369.028847121223 -1484.1902787296144 -120.05398503645793 -13.54351280590007 1.1140140385748818 0.0026548286710372793 0.020830740211434495 -13.714089229100972 13.714105306274861 1.137514835142337 268.3896652367415 1.3974653508914518e-07
2690.0 -3106.552297418854 -5369.0173125932415 -1484.1870683985464 -120.05398501195471 -13.543512806579809 1.1003051278248894 0.002650737109856749 0.020814936372329118 -13.703702566978956 13.70371863153243 1.1392435611004081 268.4524393460302 1.3953671426060804e-07
2691.0 -3106.5456254507862 -5369.005786799098 -1484.1838604986767 -120.05398498748919 -13.543512807259702 1.0866065985946916 0.0026466527750361735 0.020799148258533684 -13.6933262164191 13.693342268365669 1.1409745023052107 268.5147838781032 1.3932725355035424e-07
2692.0 -3106.5389585358816 -5368.994269730118 -1484.1806550275892 -120.05398496306131 -13.543512807939726 1.0729184405689594 0.002642575659805857 0.02078337588028134 -13.68296018424426 13.68297622359744 1.1427076578241633 268.5766980876974 1.3911815124823686e-07
2693.0 -3106.5322966691083 -5368.982761377618 -1484.1774519828664 -120.05398493867104 -13.543512808619885 1.0592406434249133 0.0026385057573374837 0.0207676192476538 -13.672604477180167 13.672620503953475 1.1444430267161023 268.6381812353129 1.3890940564991923e-07
2694.0 -3106.5256398454317 -5368.9712617329105 -1484.1742513620893 -120.05398491431825 -13.543512809300186 1.0455731968374458 0.0026344430607956326 0.020751878370594667 -13.662259101859522 13.662275116066485 1.1461806080307144 268.69923258716386 1.387010150569345e-07
2695.0 -3106.518988059814 -5368.9597707873045 -1484.1710531628382 -120.05398489000291 -13.543512809980603 1.0319160904686433 0.0026303875632844864 0.02073615325889877 -13.651924064818836 13.651940066472983 1.1479204008099484 268.7598514152003 1.3849297777650794e-07
2696.0 -3106.5123413072133 -5368.948288532099 -1484.1678573826907 -120.05398486572494 -13.543512810661175 1.0182693139794283 0.0026263392578860234 0.020720443922220166 -13.641599372499897 13.641615361614761 1.1496624040866155 268.8200369970306 1.3828529212171596e-07
2697.0 -3106.5056995825844 -5368.936814958592 -1484.1646640192234 -120.05398484148428 -13.543512811341872 1.0046328570195473 0.002622298137647583 0.020704750370065472 -13.63128503124793 13.631301007837047 1.1514066168857462 268.87978861594087 1.3807795641131536e-07
2698.0 -3106.49906288088 -5368.925350058073 -1484.1614730700112 -120.05398481728085 -13.543512812022687 0.9910067092354875 0.002618264195571207 0.020689072611796533 -13.620981047314475 13.620997011391385 1.1531530382236606 268.93910556083426 1.378709689698457e-07
2699.0 -3106.4924311970503 -5368.913893821827 -1484.1582845326284 -120.05398479311461 -13.543512812703652 0.9773908602662851 0.0026142374246251876 0.020673410656628644 -13.610687426852811 13.61070337843106 1.1549016671085837 268.99798712622464 1.3766432812754752e-07
2700.0 -3106.485804526041 -5368.902446241134 -1484.1550984046467 -120.05398476898547 -13.543512813384726 0.9637852997465525 0.002610217817754723 0.02065776451363499 -13.600404175923854 13.600420115016991 1.156652502540336 269.05643261219825 1.3745803222038995e-07
2701.0 -3106.4791828627967 -5368.891007307269 -1484.1519146836367 -120.05398474489338 -13.543512814065956 0.9501900173036848 0.0026062053678606034 0.020642134191744876 -13.59013130049157 13.590147227113146 1.158405543510773 269.1144413244008 1.3725207959001037e-07
2702.0 -3106.472566202257 -5368.8795770115075 -1484.1487333671687 -120.05398472083826 -13.543512814747299 0.9366050025580916 0.002602200067809868 0.02062651969973972 -13.579868806424802 13.579884720588371 1.1601607890038332 269.17201257401086 1.3704646858369961e-07
2703.0 -3106.4659545393597 -5368.868155345109 -1484.14555445281 -120.05398469682008 -13.543512815428759 0.9230302451276221 0.0025982019104304754 0.02061092104626061 -13.56961669949815 13.56963260121727 1.1619182379950477 269.2291456776973 1.3684119755445146e-07
2704.0 -3106.45934786904 -5368.856742299335 -1484.1423779381273 -120.05398467283875 -13.543512816110367 0.9094657346182503 0.002594210888527293 0.020595338239798977 -13.559374985388812 13.559390874677048 1.163677889452822 269.2858399576327 1.3663626486080317e-07
2705.0 -3106.4527461862303 -5368.845337865442 -1484.1392038206866 -120.05398464889416 -13.543512816792083 0.8959114606387448 0.002590226994875877 0.020579771288703697 -13.549143669679491 13.549159546550406 1.1654397423366145 269.3420947414075 1.3643166886703957e-07
2706.0 -3106.4461494858606 -5368.833942034682 -1484.1360320980516 -120.05398462498631 -13.543512817473921 0.8823674127857667 0.002586250222189612 0.020564220201178873 -13.538922757858346 13.538938622325508 1.167203795598946 269.3979093620677 1.3622740794294986e-07
2707.0 -3106.4395577628566 -5368.822554798303 -1484.1328627677854 -120.0539846011151 -13.543512818155879 0.8688335806545802 0.0025822805631738888 0.02054868498528517 -13.528712255317991 13.528728107394972 1.1689700481840861 269.45328315804556 1.3602348046397153e-07
2708.0 -3106.432971012144 -5368.811176147544 -1484.1296958274495 -120.05398457728049 -13.543512818837982 0.8553099538297393 0.002578318010487024 0.02053316564893848 -13.518512167355919 13.518528007056291 1.1707384990293446 269.50821547317327 1.3581988481103175e-07
2709.0 -3106.4263892286453 -5368.7998060736445 -1484.1265312746038 -120.05398455348241 -13.543512819520176 0.8417965218976606 0.002574362556761578 0.020517662199908582 -13.508322499173381 13.508338326510723 1.172509147063506 269.5627056566073 1.356166193707193e-07
2710.0 -3106.419812407278 -5368.788444567837 -1484.1233691068085 -120.05398452972076 -13.543512820202517 0.8282932744340505 0.002570414194600801 0.02050217464582138 -13.498143255877798 13.498159070865686 1.1742819912085503 269.61675306285497 1.3541368253507718e-07
2711.0 -3106.41324054296 -5368.77709162135 -1484.1202093216205 -120.0539845059955 -13.543512820884962 0.814800201012753 0.0025664729165617572 0.020486702994162886 -13.487974442481839 13.487990245133856 1.1760570303785693 269.6703570517145 1.3521107270171796e-07
2712.0 -3106.4066736306054 -5368.7657472254095 -1484.1170519165971 -120.05398448230657 -13.543512821567521 0.801317291198764 0.0025625387151775314 0.020471247252264124 -13.477816063901125 13.477831854230855 1.177834263480763 269.7235169882787 1.3500878827370137e-07
2713.0 -3106.4001116651266 -5368.754411371236 -1484.1138968892942 -120.05398445865389 -13.54351282225022 0.7878445345594082 0.0025586115829474565 0.02045580742732822 -13.467668124958642 13.467683902979672 1.1796136894140399 269.776232242866 1.3480682765968385e-07
2714.0 -3106.3935546414323 -5368.743084050046 -1484.110744237266 -120.05398443503744 -13.543512822933009 0.774381920645712 0.002554691512327345 0.020440383526399764 -13.457530630381836 13.457546396107753 1.1813953070715508 269.82850219107024 1.3460518927362182e-07
2715.0 -3106.387002554431 -5368.731765253052 -1484.1075939580658 -120.05398441145708 -13.543512823615941 0.7609294390175492 0.0025507784957623514 0.020424975556388336 -13.447403584803327 13.447419338247721 1.183179115337444 269.8803262136382 1.3440387153513093e-07
2716.0 -3106.380455399028 -5368.720454971463 -1484.1044460492462 -120.0539843879128 -13.543512824298958 0.7474870792198927 0.0025468725256461155 0.020409583524056085 -13.437286992762253 13.437302733938719 1.1849651130900771 269.9317036965376 1.3420287286911244e-07
2717.0 -3106.373913170127 -5368.709153196486 -1484.1013005083587 -120.05398436440451 -13.543512824982107 0.734054830799345 0.0025429735943527376 0.020394207436023937 -13.427180858701364 13.427196587623492 1.1867532991999037 269.98263403086946 1.340021917059832e-07
2718.0 -3106.367375862628 -5368.697859919321 -1484.0981573329534 -120.05398434093215 -13.543512825665367 0.7206326832964551 0.0025390816942207906 0.020378847298770264 -13.417085186971152 13.417100903652539 1.1885436725305651 270.0331166128742 1.338018264815432e-07
2719.0 -3106.360843471429 -5368.686575131166 -1484.0950165205795 -120.05398431749568 -13.54351282634873 0.7072206262417603 0.0025351968175453266 0.02036350311862556 -13.40699998182655 13.407015686280795 1.190336231939497 270.0831508439222 1.33601775636899e-07
2720.0 -3106.354315991429 -5368.675298823215 -1484.0918780687857 -120.05398429409499 -13.54351282703221 0.6938186491704547 0.0025313189566151806 0.02034817490178309 -13.396925247428133 13.396940939668832 1.1921309762760417 270.13273613043486 1.3340203761866508e-07
2721.0 -3106.3477934175207 -5368.664030986658 -1484.0887419751189 -120.05398427073006 -13.543512827715793 0.6804267416093499 0.0025274481036587915 0.020332862654292683 -13.386860987843733 13.386876667884488 1.1939279043832618 270.18187188391005 1.3320261087875176e-07
2722.0 -3106.3412757445985 -5368.652771612685 -1484.085608237126 -120.05398424740079 -13.543512828399505 0.6670448930822312 0.002523584250898381 0.02031756638205673 -13.376807207046843 13.376822874901256 1.1957270150972998 270.2305575208791 1.3300349387442782e-07
2723.0 -3106.3347629675527 -5368.641520692477 -1484.082476852352 -120.05398422410714 -13.543512829083308 0.6536730931056663 0.002519727390510873 0.020302286090841726 -13.366763908916024 13.366779564597698 1.1975283072480118 270.2787924628976 1.3280468506824073e-07
2724.0 -3106.328255081273 -5368.630278217218 -1484.0793478183416 -120.05398420084904 -13.543512829767243 0.6403113311978523 0.0025158775146438828 0.020287021786270287 -13.356731097238296 13.356746740760833 1.1993317796578493 270.32657613649064 1.326061829281305e-07
2725.0 -3106.321752080646 -5368.619044178085 -1484.0762211326385 -120.05398417762642 -13.543512830451254 0.6269595968711655 0.0025120346154299256 0.02027177347382203 -13.34670877570636 13.346724407083366 1.2011374311429328 270.3739079731561 1.3240798592730197e-07
2726.0 -3106.315253960557 -5368.60781856625 -1484.0730967927857 -120.05398415443922 -13.543512831135363 0.6136178796282038 0.00250819868494645 0.02025654115883535 -13.336696947919725 13.336712567164806 1.2029452605136641 270.4207874093557 1.3221009254414885e-07
2727.0 -3106.3087607158914 -5368.596601372888 -1484.0699747963251 -120.05398413128736 -13.543512831819607 0.6002861689790152 0.002504369715264687 0.020241324846503872 -13.326695617383375 13.326711224510136 1.2047552665724608 270.4672138864297 1.3201250126249156e-07
2728.0 -3106.3022723415293 -5368.585392589166 -1484.066855140798 -120.05398410817081 -13.543512832503948 0.5869644544227048 0.002500547698405242 0.0202261245418911 -13.316704787512169 13.316720382534218 1.206567448116322 270.51318685064035 1.318152105712879e-07
2729.0 -3106.295788832353 -5368.574192206252 -1484.063737823745 -120.05398408508944 -13.5435128331884 0.5736527254574466 0.002496732626382503 0.020210940249906884 -13.306724461625956 13.306740044556902 1.2083818039355374 270.55870575311224 1.3161821896476368e-07
2730.0 -3106.28931018324 -5368.563000215307 -1484.0606228427055 -120.05398406204327 -13.543512833872935 0.5603509715786203 0.002492924491149573 0.0201957719753314 -13.296754642953568 13.296770213807015 1.2101983328140142 270.6037700498166 1.314215249423682e-07
2731.0 -3106.282836389069 -5368.551816607492 -1484.0575101952184 -120.05398403903222 -13.543512834557577 0.5470591822741553 0.0024891232846577793 0.020180619722793836 -13.286795334629726 13.286810893419286 1.2120170335299802 270.64837920156396 1.3122512700868825e-07
2732.0 -3106.276367444715 -5368.540641373964 -1484.054399878822 -120.05398401605616 -13.543512835242348 0.5337773470347748 0.0024853289988238103 0.02016548349679148 -13.27684653969783 13.27686208643711 1.2138379048546557 270.69253267394646 1.3102902367358255e-07
2733.0 -3106.2699033450526 -5368.52947450588 -1484.0512918910538 -120.05398399311511 -13.543512835927189 0.5205054553439841 0.0024815416255279388 0.02015036330168085 -13.266908261109478 13.266923795812085 1.2156609455536909 270.73622993734915 1.3083321345201645e-07
2734.0 -3106.2634440849547 -5368.518315994394 -1484.048186229451 -120.05398397020893 -13.543512836612114 0.5072434966852889 0.0024777611566353386 0.020135259141675466 -13.256980501723499 13.256996024403042 1.217486154386245 270.779470466903 1.306376948641518e-07
2735.0 -3106.2569896592922 -5368.507165830652 -1484.0450828915489 -120.05398394733761 -13.543512837297184 0.49399146053707227 0.0024739875839649983 0.02012017102085384 -13.247063264309176 13.247078774979265 1.2193135301057607 270.822253742479 1.3044246643525412e-07
2736.0 -3106.250540062937 -5368.496024005807 -1484.0419818748835 -120.05398392450105 -13.543512837982316 0.48074933637701905 0.0024702208993252484 0.02010509894315371 -13.23715655154111 13.237172050215353 1.2211430714594207 270.8645792486517 1.3024752669574107e-07
2737.0 -3106.244095290757 -5368.484890511004 -1484.0388831769897 -120.05398390169923 -13.54351283866756 0.46751711367792453 0.0024664610944773457 0.020090042912372486 -13.22726036600518 13.227275852697185 1.2229747771887973 270.90644647468963 1.300528741811036e-07
2738.0 -3106.2376553376203 -5368.473765337384 -1484.035786795402 -120.05398387893204 -13.543512839352886 0.4542947819130495 0.002462708161174554 0.020075002932173458 -13.217374710195157 13.217390184918532 1.224808646029176 270.94785491451626 1.29858507431968e-07
2739.0 -3106.2312201983937 -5368.462648476093 -1484.0326927276537 -120.05398385619948 -13.543512840038327 0.4410823305519298 0.002458962091125727 0.020059979006079587 -13.207499586514434 13.207515049282785 1.226644676710205 270.98880406670054 1.2966442499401716e-07
2740.0 -3106.2247898679434 -5368.451539918268 -1484.0296009712783 -120.05398383350142 -13.543512840723851 0.4278797490578145 0.0024552228760335026 0.020044971137477496 -13.19763499727627 13.197650448103202 1.2284828679563191 271.0292934344429 1.2947062541793656e-07
2741.0 -3106.2183643411336 -5368.440439655048 -1484.0265115238085 -120.05398381083782 -13.543512841409454 0.41468702689767817 0.0024514905075498916 0.020029979329616143 -13.18778094470175 13.187796383600872 1.2303232184854158 271.0693225255219 1.292771072595442e-07
2742.0 -3106.211943612826 -5368.429347677568 -1484.0234243827763 -120.05398378820864 -13.54351284209518 0.40150415353197605 0.0024477649773206878 0.020015003585604596 -13.177937430923164 13.17795285790808 1.232165727010344 271.10889085230326 1.2908386907962345e-07
2743.0 -3106.2055276778847 -5368.418263976963 -1484.020339545713 -120.05398376561376 -13.543512842780963 0.3883311184239574 0.002444046276953493 0.020000043908422693 -13.168104457982373 13.168119873066686 1.2340103922376742 271.14799793169016 1.2889090944404307e-07
2744.0 -3106.1991165311715 -5368.407188544366 -1484.0172570101502 -120.05398374305321 -13.543512843466857 0.3751679110294208 0.002440334398020383 0.01998510030090772 -13.158282027832277 13.15829743102959 1.2358572128691925 271.18664328513154 1.2869822692359017e-07
2745.0 -3106.192710167545 -5368.396121370909 -1484.0141767736184 -120.05398372052684 -13.543512844152831 0.36201452080416496 0.0024366293320978727 0.019970172765764183 -13.148470142335453 13.148485533659368 1.2377061876009299 271.22482643857825 1.2850582009406304e-07
2746.0 -3106.1863085818654 -5368.385062447719 -1484.0110988336485 -120.05398369803459 -13.543512844838908 0.3488709372053854 0.0024329310707136287 0.01995526130555847 -13.138668803265018 13.138684182729136 1.2395573151230244 271.2625469224568 1.2831368753627463e-07
2747.0 -3106.1799117689925 -5368.374011765925 -1484.00802318777 -120.05398367557646 -13.543512845525077 0.335737149681896 0.0024292396053589016 0.019940365922723746 -13.128878012306302 13.128893379924222 1.241410594121165 271.29980427167663 1.281218278358931e-07
2748.0 -3106.1735197237826 -5368.362969316655 -1484.0049498335122 -120.05398365315236 -13.54351284621132 0.3226131476867013 0.0024255549275311594 0.01992548661956217 -13.119097771054948 13.119113126840269 1.2432660232748838 271.3365980255712 1.2793023958360898e-07
2749.0 -3106.1671324410945 -5368.351935091033 -1484.0018787684048 -120.05398363076222 -13.543512846897656 0.3094989206716418 0.0024218770286754676 0.019910623398235128 -13.109328081018173 13.10934342498449 1.2451236012583748 271.3729277278931 1.2773892137504052e-07
2750.0 -3106.160749915784 -5368.340909080183 -1483.998809989976 -120.05398360840597 -13.543512847584063 0.2963944580818061 0.002418205900229786 0.019895776260772102 -13.099568943614914 13.099584275775822 1.2469833267413486 271.40879292680665 1.275478718106354e-07
2751.0 -3106.1543721427065 -5368.329891275229 -1483.9957434957546 -120.05398358608355 -13.543512848270572 0.2832997493627481 0.002414541533600989 0.01988094520907202 -13.089820360177143 13.089835680546233 1.2488451983880788 271.4441931748475 1.273570894957601e-07
2752.0 -3106.1479991167184 -5368.318881667292 -1483.9926792832694 -120.0539835637949 -13.543512848957164 0.270214783964213 0.0024108839201657517 0.019866130244898805 -13.080082331947638 13.080097640538504 1.2507092148569285 271.4791280288902 1.2716657304073715e-07
2753.0 -3106.1416308326725 -5368.307880247493 -1483.9896173500472 -120.05398354153998 -13.543512849643848 0.25713955132639965 0.002407233051280322 0.01985133136988182 -13.070354860082125 13.070370156908355 1.2525753748023705 271.5135970501648 1.2697632106062912e-07
2754.0 -3106.135267285425 -5368.296887006952 -1483.9865576936165 -120.05398351931872 -13.5435128503306 0.2440740408950951 0.002403588918279631 0.01983654858552164 -13.060637945649695 13.060653230724878 1.2544436768728957 271.54759980419425 1.267863321754423e-07
2755.0 -3106.1289084698283 -5368.285901936788 -1483.9835003115045 -120.05398349713104 -13.543512851017441 0.23101824210910127 0.0023999515124746296 0.019821781893186063 -13.050931589632219 13.050946862969937 1.2563141197128689 271.58113586080754 1.2659660500992786e-07
2756.0 -3106.1225543807354 -5368.27492502812 -1483.980445201238 -120.05398347497687 -13.543512851704373 0.21797214441420512 0.0023963208251549517 0.019807031294108768 -13.041235792925134 13.041251054538971 1.2581867019605915 271.6142047940808 1.2640713819376826e-07
2757.0 -3106.116205013 -5368.263956272065 -1483.9773923603445 -120.05398345285619 -13.543512852391364 0.20493573724734598 0.002392696847571152 0.019792296789393315 -13.0315505563366 13.031565806240136 1.2600614222506321 271.64680618235826 1.262179303613312e-07
2758.0 -3106.109860361474 -5368.25299565974 -1483.9743417863506 -120.0539834307689 -13.543512853078452 0.19190901004872285 0.0023890795709791135 0.01977757838001759 -13.021875880589793 13.021891118796608 1.2619382792121534 271.6789396081996 1.2602898015182915e-07
2759.0 -3106.10352042101 -5368.24204318226 -1483.9712934767829 -120.05398340871493 -13.543512853765627 0.17889195225783625 0.002385468986588535 0.01976287606682048 -13.012211766320707 13.012226992844376 1.2638172714695393 271.71060465836916 1.258402862092459e-07
2760.0 -3106.097185186459 -5368.231098830744 -1483.9682474291678 -120.05398338669424 -13.543512854452842 0.16588455331255683 0.0023818650855913504 0.019748189850518738 -13.002558214081905 13.002573428936 1.2656983976425922 271.7418009238181 1.2565184718230692e-07
2761.0 -3106.090854652672 -5368.220162596304 -1483.9652036410323 -120.05398336470678 -13.54351285514017 0.15288680264982396 0.002378267859155514 0.019733519731695015 -12.992915224338427 12.99293042753652 1.2675816563464912 271.7725279996605 1.2546366172447306e-07
2762.0 -3106.0845288145015 -5368.209234470057 -1483.962162109902 -120.05398334275252 -13.543512855827556 0.13989868970680983 0.0023746772984294395 0.01971886571080539 -12.983282797471317 12.983297989026973 1.2694670461916868 271.8027854851514 1.2527572849394206e-07
2763.0 -3106.0782076667983 -5368.198314443115 -1483.9591228333036 -120.05398332083129 -13.54351285651502 0.12692020392161793 0.0023710933945553236 0.019704227788177153 -12.973660933776884 12.973676113703668 1.271354565783856 271.83257298366317 1.250880461536417e-07
2764.0 -3106.071891204414 -5368.1874025065945 -1483.9560858087634 -120.05398329894315 -13.543512857202591 0.11395133472979069 0.0023675161386194077 0.019689605964007928 -12.964049633466951 12.964064801778425 1.273244213724472 271.8618901026743 1.2490061337116416e-07
2765.0 -3106.0655794221993 -5368.17649865161 -1483.9530510338068 -120.05398327708795 -13.543512857890216 0.1009920715680346 0.0023639455217194794 0.019675000238371876 -12.954448896668907 12.954464053378631 1.2751359886103213 271.89073645373935 1.2471342881880362e-07
2766.0 -3106.0592723150044 -5368.165602869276 -1483.9500185059608 -120.05398325526563 -13.543512858577907 0.08804240387375467 0.0023603815349249047 0.01966041061121082 -12.944858723428036 12.944873868549562 1.277029889033629 271.9191116524703 1.2452649117353335e-07
2767.0 -3106.052969877682 -5368.154715150707 -1483.9469882227509 -120.05398323347623 -13.54351285926567 0.07510232108295896 0.002356824169248206 0.01964583708234402 -12.935279113704201 12.935294247251083 1.2789259135824245 271.9470153185207 1.2433979911696e-07
2768.0 -3106.0466721050807 -5368.143835487016 -1483.9439601817035 -120.05398321171957 -13.543512859953509 0.062171812631655485 0.002353273415743651 0.019631279651463274 -12.925710067375874 12.925725189361662 1.2808240608403976 271.97444707556184 1.2415335133532773e-07
2769.0 -3106.0403789920533 -5368.132963869319 -1483.9409343803443 -120.05398318999566 -13.543512860641425 0.04925086795957759 0.0023497292653864577 0.019616738318135152 -12.916151584236701 12.916166694674937 1.2827243293864075 272.00140655125557 1.239671465195561e-07
2770.0 -3106.034090533451 -5368.122100288729 -1483.9379108162002 -120.05398316830441 -13.543512861329404 0.03633947649900802 0.0023461917091696094 0.019602213081798325 -12.906603663998135 12.906618762902363 1.2846267177961832 272.0278933772566 1.2378118336506344e-07
2771.0 -3106.027806724125 -5368.111244736362 -1483.934889486797 -120.05398314664578 -13.543512862017451 0.023437627689912914 0.002342660738052338 0.01958770394177156 -12.89706630629059 12.897081393674346 1.286531224640159 272.0539071891617 1.235954605719689e-07
2772.0 -3106.0215275589267 -5368.100397203334 -1483.9318703896613 -120.05398312501966 -13.543512862705587 0.010545310970628633 0.0023391363429725587 0.019573210897241733 -12.88753951066179 12.887554586538611 1.288437848484897 272.0794476265085 1.2340997684494285e-07
2773.0 -3106.0152530327077 -5368.089557680759 -1483.9288535223197 -120.05398310342605 -13.543512863393781 -0.0023374842240009457 0.0023356980217510426 0.019559399747186124 -12.878461658055492 12.878476722951715 1.2899999999999998 272.1 1.232583349073788e-07
