# Tacode wind table
# Source: merged from wind_ncep_20240101_pacific.txt (below) and wind_hwm14_20240101_pacific.txt (above)
# Transition layer: 20 to 30 km, linear in the altitude
# Epoch (UTC): 2024-01-01T00:00:00.000Z
# Generated: 2026-09-10T04:30:58Z by generate_wind_table.py
#
# The wind is given in the local geocentric horizon [East, North, Up]
# Longitude[deg.] Latitude[deg.] Altitude[km] East[m/s] North[m/s] Up[m/s]
    -130.00000   -25.00000     0.13204     -4.40000      1.70000      0.00000
    -130.00000   -25.00000     0.80847     -3.32714      0.72468      0.00000
    -130.00000   -25.00000     1.52714     -1.33973      1.19007      0.00000
    -130.00000   -25.00000     3.14410      2.78607      2.39593      0.00000
    -130.00000   -25.00000     4.40866      9.21085      2.10127      0.00000
    -130.00000   -25.00000     5.86584     15.25981      2.81447      0.00000
    -130.00000   -25.00000     7.59040     21.54649      4.34115      0.00000
    -130.00000   -25.00000     9.71025     30.56971      6.84995      0.00000
    -130.00000   -25.00000    10.97997     35.99946      7.67701      0.00000
    -130.00000   -25.00000    12.46326     41.18137      5.44068      0.00000
    -130.00000   -25.00000    14.27759     38.46839      4.39549      0.00000
    -130.00000   -25.00000    16.66871     24.45729      4.34906      0.00000
    -130.00000   -25.00000    18.70741     11.82777      5.29282      0.00000
    -130.00000   -25.00000    20.00000      4.33005      4.98042      0.00000
    -130.00000   -25.00000    20.72160     -0.38368      4.33822      0.00000
    -130.00000   -25.00000    23.85301    -12.22677      1.11067      0.00000
    -130.00000   -25.00000    26.44489    -12.52565     -0.01187      0.00000
    -130.00000   -25.00000    30.99574    -24.74233      0.45203      0.00000
    -130.00000   -25.00000    40.00000    -40.13960      2.31769      0.00000
    -130.00000   -25.00000    60.00000    -42.70490     -4.80665      0.00000
    -130.00000   -25.00000    80.00000     -8.30274    -14.95128      0.00000
    -130.00000   -25.00000   100.00000     16.63169    -30.46980      0.00000
    -130.00000   -25.00000   120.00000    -25.11127    -23.22610      0.00000
    -130.00000   -25.00000   140.00000    -37.56036     22.92425      0.00000
    -130.00000   -25.00000   160.00000    -34.76898     56.19523      0.00000
    -130.00000   -25.00000   180.00000    -54.66237     60.97845      0.00000
    -130.00000   -25.00000   200.00000    -58.00956     39.94836      0.00000
    -130.00000   -25.00000   220.00000    -58.01439     20.31710      0.00000
    -130.00000   -25.00000   240.00000    -58.01786      6.25069      0.00000
    -130.00000   -25.00000   260.00000    -58.02034     -3.82833      0.00000
    -130.00000   -25.00000   280.00000    -58.02212    -11.05027      0.00000
    -130.00000   -25.00000   300.00000    -58.02339    -16.22501      0.00000
    -130.00000   -25.00000   320.00000    -58.02430    -19.93288      0.00000
    -130.00000   -25.00000   340.00000    -58.02496    -22.58968      0.00000
    -130.00000   -25.00000   360.00000    -58.02543    -24.49336      0.00000
    -130.00000   -25.00000   380.00000    -58.02576    -25.85741      0.00000
    -130.00000   -25.00000   400.00000    -58.02600    -26.83479      0.00000
    -130.00000   -25.00000   420.00000    -58.02618    -27.53511      0.00000
    -130.00000   -25.00000   440.00000    -58.02630    -28.03692      0.00000
    -130.00000   -25.00000   460.00000    -58.02639    -28.39648      0.00000
    -130.00000   -25.00000   480.00000    -58.02645    -28.65411      0.00000
    -130.00000   -25.00000   500.00000    -58.02650    -28.83872      0.00000
    -130.00000   -22.50000     0.13204     -3.60000     -0.60000      0.00000
    -130.00000   -22.50000     0.80847     -2.31467     -1.29210      0.00000
    -130.00000   -22.50000     1.52714     -0.71610      0.38290      0.00000
    -130.00000   -22.50000     3.14410      1.59507      4.19185      0.00000
    -130.00000   -22.50000     4.40866      7.18495      4.39946      0.00000
    -130.00000   -22.50000     5.86584     13.80086      3.00055      0.00000
    -130.00000   -22.50000     7.59040     17.21594      5.20021      0.00000
    -130.00000   -22.50000     9.71025     24.97727      5.28300      0.00000
    -130.00000   -22.50000    10.97997     30.00120      4.15952      0.00000
    -130.00000   -22.50000    12.46326     35.39800      2.02999      0.00000
    -130.00000   -22.50000    14.27759     35.10357      3.55115      0.00000
    -130.00000   -22.50000    16.66871     25.38195      5.95047      0.00000
    -130.00000   -22.50000    18.70741     13.45703      4.10032      0.00000
    -130.00000   -22.50000    20.00000      4.98572      4.16354      0.00000
    -130.00000   -22.50000    20.72160     -0.33173      3.78329      0.00000
    -130.00000   -22.50000    23.85301    -13.40817      0.64842      0.00000
    -130.00000   -22.50000    26.44489    -15.11215      1.18340      0.00000
    -130.00000   -22.50000    30.99574    -26.28292      0.45655      0.00000
    -130.00000   -22.50000    40.00000    -42.39752      2.22360      0.00000
    -130.00000   -22.50000    60.00000    -36.41124     -3.56746      0.00000
    -130.00000   -22.50000    80.00000     -4.19914    -17.33894      0.00000
    -130.00000   -22.50000   100.00000     10.65969    -30.53905      0.00000
    -130.00000   -22.50000   120.00000    -23.22165    -25.84188      0.00000
    -130.00000   -22.50000   140.00000    -37.36689     29.50739      0.00000
    -130.00000   -22.50000   160.00000    -38.03463     61.60313      0.00000
    -130.00000   -22.50000   180.00000    -59.72715     65.32809      0.00000
    -130.00000   -22.50000   200.00000    -62.13344     43.82760      0.00000
    -130.00000   -22.50000   220.00000    -61.03795     23.90410      0.00000
    -130.00000   -22.50000   240.00000    -60.25300      9.62830      0.00000
    -130.00000   -22.50000   260.00000    -59.69056     -0.60077      0.00000
    -130.00000   -22.50000   280.00000    -59.28756     -7.93021      0.00000
    -130.00000   -22.50000   300.00000    -58.99879    -13.18199      0.00000
    -130.00000   -22.50000   320.00000    -58.79188    -16.94505      0.00000
    -130.00000   -22.50000   340.00000    -58.64362    -19.64140      0.00000
    -130.00000   -22.50000   360.00000    -58.53739    -21.57342      0.00000
    -130.00000   -22.50000   380.00000    -58.46127    -22.95777      0.00000
    -130.00000   -22.50000   400.00000    -58.40673    -23.94971      0.00000
    -130.00000   -22.50000   420.00000    -58.36765    -24.66046      0.00000
    -130.00000   -22.50000   440.00000    -58.33965    -25.16973      0.00000
    -130.00000   -22.50000   460.00000    -58.31958    -25.53464      0.00000
    -130.00000   -22.50000   480.00000    -58.30521    -25.79611      0.00000
    -130.00000   -22.50000   500.00000    -58.29490    -25.98346      0.00000
    -130.00000   -20.00000     0.13204     -4.19996     -1.80003      0.00000
    -130.00000   -20.00000     0.80847     -3.50271     -2.39767      0.00000
    -130.00000   -20.00000     1.52714     -2.30538     -0.50851      0.00000
    -130.00000   -20.00000     3.14410     -1.90061      5.89026      0.00000
    -130.00000   -20.00000     4.40866      2.37829      6.59647      0.00000
    -130.00000   -20.00000     5.86584      7.45958      4.02061      0.00000
    -130.00000   -20.00000     7.59040     10.77574      5.19118      0.00000
    -130.00000   -20.00000     9.71025     17.28286      3.60422      0.00000
    -130.00000   -20.00000    10.97997     21.78234      0.61177      0.00000
    -130.00000   -20.00000    12.46326     27.08163     -0.29688      0.00000
    -130.00000   -20.00000    14.27759     31.47781      4.10971      0.00000
    -130.00000   -20.00000    16.66871     23.44568      7.57136      0.00000
    -130.00000   -20.00000    18.70741     12.55097      1.82687      0.00000
    -130.00000   -20.00000    20.00000      4.38454      2.95343      0.00000
    -130.00000   -20.00000    20.72160     -0.76531      3.22465      0.00000
    -130.00000   -20.00000    23.85301    -13.51691      0.74511      0.00000
    -130.00000   -20.00000    26.44489    -18.56714      2.65459      0.00000
    -130.00000   -20.00000    30.99574    -27.45393      0.42895      0.00000
    -130.00000   -20.00000    40.00000    -44.18548      2.00950      0.00000
    -130.00000   -20.00000    60.00000    -29.79957     -2.17402      0.00000
    -130.00000   -20.00000    80.00000     -0.68119    -19.20501      0.00000
    -130.00000   -20.00000   100.00000      4.69907    -29.48610      0.00000
    -130.00000   -20.00000   120.00000    -21.19145    -27.80087      0.00000
    -130.00000   -20.00000   140.00000    -36.45272     35.57699      0.00000
    -130.00000   -20.00000   160.00000    -40.50305     65.83496      0.00000
    -130.00000   -20.00000   180.00000    -63.27420     68.56626      0.00000
    -130.00000   -20.00000   200.00000    -64.73512     47.30494      0.00000
    -130.00000   -20.00000   220.00000    -62.64249     27.72250      0.00000
    -130.00000   -20.00000   240.00000    -61.14307     13.69107      0.00000
    -130.00000   -20.00000   260.00000    -60.06868      3.63711      0.00000
    -130.00000   -20.00000   280.00000    -59.29885     -3.56686      0.00000
    -130.00000   -20.00000   300.00000    -58.74724     -8.72874      0.00000
    -130.00000   -20.00000   320.00000    -58.35200    -12.42738      0.00000
    -130.00000   -20.00000   340.00000    -58.06879    -15.07758      0.00000
    -130.00000   -20.00000   360.00000    -57.86587    -16.97652      0.00000
    -130.00000   -20.00000   380.00000    -57.72047    -18.33718      0.00000
    -130.00000   -20.00000   400.00000    -57.61628    -19.31213      0.00000
    -130.00000   -20.00000   420.00000    -57.54163    -20.01071      0.00000
    -130.00000   -20.00000   440.00000    -57.48814    -20.51127      0.00000
    -130.00000   -20.00000   460.00000    -57.44981    -20.86994      0.00000
    -130.00000   -20.00000   480.00000    -57.42235    -21.12693      0.00000
    -130.00000   -20.00000   500.00000    -57.40267    -21.31108      0.00000
    -130.00000   -17.50000     0.13204     -5.20148     -1.70370      0.00000
    -130.00000   -17.50000     0.80847     -5.39753     -2.19753      0.00000
    -130.00000   -17.50000     1.52714     -4.10220     -0.90220      0.00000
    -130.00000   -17.50000     3.14410     -3.80008      5.99805      0.00000
    -130.00000   -17.50000     4.40866     -1.21310      6.69647      0.00000
    -130.00000   -17.50000     5.86584      0.48077      6.00792      0.00000
    -130.00000   -17.50000     7.59040      4.65211      3.72623      0.00000
    -130.00000   -17.50000     9.71025     11.44027      1.22196      0.00000
    -130.00000   -17.50000    10.97997     15.82043     -0.76383      0.00000
    -130.00000   -17.50000    12.46326     19.72345     -0.21178      0.00000
    -130.00000   -17.50000    14.27759     25.31800      4.92386      0.00000
    -130.00000   -17.50000    16.66871     18.75898      7.08152      0.00000
    -130.00000   -17.50000    18.70741     10.35195     -0.05548      0.00000
    -130.00000   -17.50000    20.00000      2.97451      1.44863      0.00000
    -130.00000   -17.50000    20.72160     -1.67981      2.04116      0.00000
    -130.00000   -17.50000    23.85301    -14.24474      1.03227      0.00000
    -130.00000   -17.50000    26.44489    -21.47869      3.56410      0.00000
    -130.00000   -17.50000    30.99574    -28.14573      0.37986      0.00000
    -130.00000   -17.50000    40.00000    -45.30275      1.70904      0.00000
    -130.00000   -17.50000    60.00000    -23.12354     -0.73948      0.00000
    -130.00000   -17.50000    80.00000      2.24857    -20.37674      0.00000
    -130.00000   -17.50000   100.00000     -0.97397    -27.15306      0.00000
    -130.00000   -17.50000   120.00000    -19.23052    -29.02400      0.00000
    -130.00000   -17.50000   140.00000    -34.95528     40.84144      0.00000
    -130.00000   -17.50000   160.00000    -42.24735     68.69766      0.00000
    -130.00000   -17.50000   180.00000    -65.53412     70.60944      0.00000
    -130.00000   -17.50000   200.00000    -66.11315     50.23231      0.00000
    -130.00000   -17.50000   220.00000    -63.16485     31.55063      0.00000
    -130.00000   -17.50000   240.00000    -61.05230     18.16462      0.00000
    -130.00000   -17.50000   260.00000    -59.53859      8.57313      0.00000
    -130.00000   -17.50000   280.00000    -58.45397      1.70052      0.00000
    -130.00000   -17.50000   300.00000    -57.67680     -3.22392      0.00000
    -130.00000   -17.50000   320.00000    -57.11994     -6.75243      0.00000
    -130.00000   -17.50000   340.00000    -56.72093     -9.28072      0.00000
    -130.00000   -17.50000   360.00000    -56.43503    -11.09232      0.00000
    -130.00000   -17.50000   380.00000    -56.23017    -12.39039      0.00000
    -130.00000   -17.50000   400.00000    -56.08339    -13.32049      0.00000
    -130.00000   -17.50000   420.00000    -55.97821    -13.98694      0.00000
    -130.00000   -17.50000   440.00000    -55.90284    -14.46448      0.00000
    -130.00000   -17.50000   460.00000    -55.84884    -14.80664      0.00000
    -130.00000   -17.50000   480.00000    -55.81015    -15.05182      0.00000
    -130.00000   -17.50000   500.00000    -55.78242    -15.22749      0.00000
    -130.00000   -15.00000     0.13204     -5.70706     -1.30882      0.00000
    -130.00000   -15.00000     0.80847     -6.08324     -1.79118      0.00000
    -130.00000   -15.00000     1.52714     -4.19725     -0.79175      0.00000
    -130.00000   -15.00000     3.14410     -2.60040      4.00120      0.00000
    -130.00000   -15.00000     4.40866     -2.79931      4.59792      0.00000
    -130.00000   -15.00000     5.86584     -3.59258      6.87868      0.00000
    -130.00000   -15.00000     7.59040     -0.63758      1.66640      0.00000
    -130.00000   -15.00000     9.71025      6.71068     -1.95655      0.00000
    -130.00000   -15.00000    10.97997     11.66668     -0.73466      0.00000
    -130.00000   -15.00000    12.46326     14.32628      1.82628      0.00000
    -130.00000   -15.00000    14.27759     16.44166      5.30277      0.00000
    -130.00000   -15.00000    16.66871     13.05459      4.51404      0.00000
    -130.00000   -15.00000    18.70741      7.91656     -0.78279      0.00000
    -130.00000   -15.00000    20.00000      1.14794     -0.34243      0.00000
    -130.00000   -15.00000    20.72160     -3.05601     -0.15221      0.00000
    -130.00000   -15.00000    23.85301    -16.58204      0.78598      0.00000
    -130.00000   -15.00000    26.44489    -23.08618      3.83211      0.00000
    -130.00000   -15.00000    30.99574    -28.27152      0.31974      0.00000
    -130.00000   -15.00000    40.00000    -45.57770      1.36017      0.00000
    -130.00000   -15.00000    60.00000    -16.61114      0.61926      0.00000
    -130.00000   -15.00000    80.00000      4.62428    -20.72297      0.00000
    -130.00000   -15.00000   100.00000     -6.06762    -23.50659      0.00000
    -130.00000   -15.00000   120.00000    -17.52190    -29.44613      0.00000
    -130.00000   -15.00000   140.00000    -33.06925     45.11442      0.00000
    -130.00000   -15.00000   160.00000    -43.41567     70.10482      0.00000
    -130.00000   -15.00000   180.00000    -66.84013     71.46971      0.00000
    -130.00000   -15.00000   200.00000    -66.66843     52.49546      0.00000
    -130.00000   -15.00000   220.00000    -63.03981     35.14573      0.00000
    -130.00000   -15.00000   240.00000    -60.43979     22.71412      0.00000
    -130.00000   -15.00000   260.00000    -58.57680     13.80647      0.00000
    -130.00000   -15.00000   280.00000    -57.24191      7.42386      0.00000
    -130.00000   -15.00000   300.00000    -56.28541      2.85053      0.00000
    -130.00000   -15.00000   320.00000    -55.60006     -0.42641      0.00000
    -130.00000   -15.00000   340.00000    -55.10897     -2.77444      0.00000
    -130.00000   -15.00000   360.00000    -54.75710     -4.45688      0.00000
    -130.00000   -15.00000   380.00000    -54.50497     -5.66240      0.00000
    -130.00000   -15.00000   400.00000    -54.32431     -6.52619      0.00000
    -130.00000   -15.00000   420.00000    -54.19487     -7.14512      0.00000
    -130.00000   -15.00000   440.00000    -54.10211     -7.58861      0.00000
    -130.00000   -15.00000   460.00000    -54.03565     -7.90638      0.00000
    -130.00000   -15.00000   480.00000    -53.98803     -8.13407      0.00000
    -130.00000   -15.00000   500.00000    -53.95391     -8.29722      0.00000
    -130.00000   -12.50000     0.13204     -6.09706     -1.22350      0.00000
    -130.00000   -12.50000     0.80847     -5.94840     -1.96824      0.00000
    -130.00000   -12.50000     1.52714     -3.38808     -0.39295      0.00000
    -130.00000   -12.50000     3.14410     -1.21309      0.90437      0.00000
    -130.00000   -12.50000     4.40866     -4.19670      1.89890      0.00000
    -130.00000   -12.50000     5.86584     -5.19482      4.88446      0.00000
    -130.00000   -12.50000     7.59040     -4.40908     -0.04328      0.00000
    -130.00000   -12.50000     9.71025      0.92734     -4.63811      0.00000
    -130.00000   -12.50000    10.97997      7.11238     -0.81912      0.00000
    -130.00000   -12.50000    12.46326     10.20101      3.84491      0.00000
    -130.00000   -12.50000    14.27759      8.36754      5.64259      0.00000
    -130.00000   -12.50000    16.66871      7.90694      1.76936      0.00000
    -130.00000   -12.50000    18.70741      5.29769     -1.20029      0.00000
    -130.00000   -12.50000    20.00000     -0.44816     -1.89404      0.00000
    -130.00000   -12.50000    20.72160     -3.98753     -2.15929      0.00000
    -130.00000   -12.50000    23.85301    -19.47897     -0.06819      0.00000
    -130.00000   -12.50000    26.44489    -23.80262      3.76935      0.00000
    -130.00000   -12.50000    30.99574    -27.77504      0.25827      0.00000
    -130.00000   -12.50000    40.00000    -44.88466      1.00182      0.00000
    -130.00000   -12.50000    60.00000    -10.44381      1.79459      0.00000
    -130.00000   -12.50000    80.00000      6.50854    -20.16241      0.00000
    -130.00000   -12.50000   100.00000    -10.30720    -18.65025      0.00000
    -130.00000   -12.50000   120.00000    -16.19723    -29.02240      0.00000
    -130.00000   -12.50000   140.00000    -31.01423     48.31751      0.00000
    -130.00000   -12.50000   160.00000    -44.20280     70.07365      0.00000
    -130.00000   -12.50000   180.00000    -67.56906     71.24236      0.00000
    -130.00000   -12.50000   200.00000    -66.83858     54.02077      0.00000
    -130.00000   -12.50000   220.00000    -62.73342     38.26949      0.00000
    -130.00000   -12.50000   240.00000    -59.79195     26.98321      0.00000
    -130.00000   -12.50000   260.00000    -57.68429     18.89624      0.00000
    -130.00000   -12.50000   280.00000    -56.17408     13.10167      0.00000
    -130.00000   -12.50000   300.00000    -55.09198      8.94968      0.00000
    -130.00000   -12.50000   320.00000    -54.31661      5.97465      0.00000
    -130.00000   -12.50000   340.00000    -53.76104      3.84295      0.00000
    -130.00000   -12.50000   360.00000    -53.36296      2.31551      0.00000
    -130.00000   -12.50000   380.00000    -53.07772      1.22106      0.00000
    -130.00000   -12.50000   400.00000    -52.87333      0.43685      0.00000
    -130.00000   -12.50000   420.00000    -52.72688     -0.12506      0.00000
    -130.00000   -12.50000   440.00000    -52.62195     -0.52769      0.00000
    -130.00000   -12.50000   460.00000    -52.54676     -0.81618      0.00000
    -130.00000   -12.50000   480.00000    -52.49289     -1.02290      0.00000
    -130.00000   -12.50000   500.00000    -52.45428     -1.17101      0.00000
    -130.00000   -10.00000     0.13204     -7.19148     -1.05534      0.00000
    -130.00000   -10.00000     0.80847     -6.90008     -2.23554      0.00000
    -130.00000   -10.00000     1.52714     -3.88450     -0.31447      0.00000
    -130.00000   -10.00000     3.14410     -2.42705     -1.68572      0.00000
    -130.00000   -10.00000     4.40866     -5.99822      0.20160      0.00000
    -130.00000   -10.00000     5.86584     -5.00381      1.09657      0.00000
    -130.00000   -10.00000     7.59040     -5.09904     -0.58365      0.00000
    -130.00000   -10.00000     9.71025     -4.40908     -4.74552      0.00000
    -130.00000   -10.00000    10.97997      2.38107     -1.02198      0.00000
    -130.00000   -10.00000    12.46326      7.52155      4.50406      0.00000
    -130.00000   -10.00000    14.27759      4.02651      6.34340      0.00000
    -130.00000   -10.00000    16.66871      3.90000      1.09359      0.00000
    -130.00000   -10.00000    18.70741      2.39231     -1.50205      0.00000
    -130.00000   -10.00000    20.00000     -1.62970     -2.51695      0.00000
    -130.00000   -10.00000    20.72160     -4.15717     -2.88474      0.00000
    -130.00000   -10.00000    23.85301    -20.89336     -1.01374      0.00000
    -130.00000   -10.00000    26.44489    -24.30055      3.73231      0.00000
    -130.00000   -10.00000    30.99574    -26.63579      0.20389      0.00000
    -130.00000   -10.00000    40.00000    -43.15672      0.67071      0.00000
    -130.00000   -10.00000    60.00000     -4.74114      2.70002      0.00000
    -130.00000   -10.00000    80.00000      7.98334    -18.66920      0.00000
    -130.00000   -10.00000   100.00000    -13.46923    -12.82206      0.00000
    -130.00000   -10.00000   120.00000    -15.31874    -27.73436      0.00000
    -130.00000   -10.00000   140.00000    -28.99986     50.47058      0.00000
    -130.00000   -10.00000   160.00000    -44.81642     68.71333      0.00000
    -130.00000   -10.00000   180.00000    -68.07982     70.08804      0.00000
    -130.00000   -10.00000   200.00000    -67.03010     54.78074      0.00000
    -130.00000   -10.00000   220.00000    -62.67319     40.71569      0.00000
    -130.00000   -10.00000   240.00000    -59.55133     30.63763      0.00000
    -130.00000   -10.00000   260.00000    -57.31442     23.41639      0.00000
    -130.00000   -10.00000   280.00000    -55.71161     18.24215      0.00000
    -130.00000   -10.00000   300.00000    -54.56314     14.53464      0.00000
    -130.00000   -10.00000   320.00000    -53.74022     11.87809      0.00000
    -130.00000   -10.00000   340.00000    -53.15058      9.97460      0.00000
    -130.00000   -10.00000   360.00000    -52.72808      8.61068      0.00000
    -130.00000   -10.00000   380.00000    -52.42535      7.63339      0.00000
    -130.00000   -10.00000   400.00000    -52.20843      6.93313      0.00000
    -130.00000   -10.00000   420.00000    -52.05301      6.43138      0.00000
    -130.00000   -10.00000   440.00000    -51.94164      6.07185      0.00000
    -130.00000   -10.00000   460.00000    -51.86184      5.81424      0.00000
    -130.00000   -10.00000   480.00000    -51.80466      5.62965      0.00000
    -130.00000   -10.00000   500.00000    -51.76369      5.49739      0.00000
    -130.00000    -7.50000     0.13204     -7.96277     -0.18560      0.00000
    -130.00000    -7.50000     0.80847     -8.87471     -1.55247      0.00000
    -130.00000    -7.50000     1.52714     -6.08392     -0.53216      0.00000
    -130.00000    -7.50000     3.14410     -5.01066     -2.67761      0.00000
    -130.00000    -7.50000     4.40866     -5.98469     -0.60585      0.00000
    -130.00000    -7.50000     5.86584     -2.61291     -1.89506      0.00000
    -130.00000    -7.50000     7.59040     -2.89763     -0.01501      0.00000
    -130.00000    -7.50000     9.71025     -5.17021     -2.76373      0.00000
    -130.00000    -7.50000    10.97997      0.12382     -0.38008      0.00000
    -130.00000    -7.50000    12.46326      6.46763      3.55477      0.00000
    -130.00000    -7.50000    14.27759      2.92373      6.02386      0.00000
    -130.00000    -7.50000    16.66871      1.32659      2.26913      0.00000
    -130.00000    -7.50000    18.70741      0.19354     -1.00162      0.00000
    -130.00000    -7.50000    20.00000     -2.32239     -1.59451      0.00000
    -130.00000    -7.50000    20.72160     -3.97465     -1.79409      0.00000
    -130.00000    -7.50000    23.85301    -20.55421     -1.97225      0.00000
    -130.00000    -7.50000    26.44489    -24.30407      3.72348      0.00000
    -130.00000    -7.50000    30.99574    -24.87097      0.16356      0.00000
    -130.00000    -7.50000    40.00000    -40.39302      0.39854      0.00000
    -130.00000    -7.50000    60.00000      0.44720      3.27916      0.00000
    -130.00000    -7.50000    80.00000      9.14130    -16.27532      0.00000
    -130.00000    -7.50000   100.00000    -15.41254     -6.37703      0.00000
    -130.00000    -7.50000   120.00000    -14.87000    -25.59501      0.00000
    -130.00000    -7.50000   140.00000    -27.19312     51.67199      0.00000
    -130.00000    -7.50000   160.00000    -45.44230     66.20675      0.00000
    -130.00000    -7.50000   180.00000    -68.65803     68.21180      0.00000
    -130.00000    -7.50000   200.00000    -67.55681     54.79764      0.00000
    -130.00000    -7.50000   220.00000    -63.18406     42.33668      0.00000
    -130.00000    -7.50000   240.00000    -60.05085     33.40801      0.00000
    -130.00000    -7.50000   260.00000    -57.80581     27.01034      0.00000
    -130.00000    -7.50000   280.00000    -56.19717     22.42620      0.00000
    -130.00000    -7.50000   300.00000    -55.04452     19.14153      0.00000
    -130.00000    -7.50000   320.00000    -54.21862     16.78796      0.00000
    -130.00000    -7.50000   340.00000    -53.62683     15.10155      0.00000
    -130.00000    -7.50000   360.00000    -53.20280     13.89318      0.00000
    -130.00000    -7.50000   380.00000    -52.89896     13.02735      0.00000
    -130.00000    -7.50000   400.00000    -52.68126     12.40696      0.00000
    -130.00000    -7.50000   420.00000    -52.52526     11.96243      0.00000
    -130.00000    -7.50000   440.00000    -52.41349     11.64391      0.00000
    -130.00000    -7.50000   460.00000    -52.33340     11.41568      0.00000
    -130.00000    -7.50000   480.00000    -52.27601     11.25214      0.00000
    -130.00000    -7.50000   500.00000    -52.23489     11.13496      0.00000
    -130.00000    -5.00000     0.13204     -7.15473      1.02909      0.00000
    -130.00000    -5.00000     0.80847     -9.31765     -0.04117      0.00000
    -130.00000    -5.00000     1.52714     -7.77072     -0.82744      0.00000
    -130.00000    -5.00000     3.14410     -6.15183     -2.28540      0.00000
    -130.00000    -5.00000     4.40866     -2.86285     -1.31344      0.00000
    -130.00000    -5.00000     5.86584      1.79498     -2.99818      0.00000
    -130.00000    -5.00000     7.59040      0.20894      0.57989      0.00000
    -130.00000    -5.00000     9.71025     -0.88578     -0.58449      0.00000
    -130.00000    -5.00000    10.97997      1.22953      1.43273      0.00000
    -130.00000    -5.00000    12.46326      6.51093      2.36849      0.00000
    -130.00000    -5.00000    14.27759      3.31652      3.85006      0.00000
    -130.00000    -5.00000    16.66871      0.84459      3.31115      0.00000
    -130.00000    -5.00000    18.70741     -0.11454     -0.09732      0.00000
    -130.00000    -5.00000    20.00000     -2.72692      0.29562      0.00000
    -130.00000    -5.00000    20.72160     -4.34629      0.48260      0.00000
    -130.00000    -5.00000    23.85301    -19.21638     -2.90431      0.00000
    -130.00000    -5.00000    26.44489    -23.01708      3.67667      0.00000
    -130.00000    -5.00000    30.99574    -22.53418      0.14265      0.00000
    -130.00000    -5.00000    40.00000    -36.65987      0.20974      0.00000
    -130.00000    -5.00000    60.00000      5.14150      3.51117      0.00000
    -130.00000    -5.00000    80.00000     10.07825    -13.07005      0.00000
    -130.00000    -5.00000   100.00000    -16.10232      0.24438      0.00000
    -130.00000    -5.00000   120.00000    -14.75669    -22.65186      0.00000
    -130.00000    -5.00000   140.00000    -25.69225     52.07215      0.00000
    -130.00000    -5.00000   160.00000    -46.21272     62.78854      0.00000
    -130.00000    -5.00000   180.00000    -69.47350     65.84176      0.00000
    -130.00000    -5.00000   200.00000    -68.59247     54.14476      0.00000
    -130.00000    -5.00000   220.00000    -64.43812     43.06535      0.00000
    -130.00000    -5.00000   240.00000    -61.46140     35.12660      0.00000
    -130.00000    -5.00000   260.00000    -59.32848     29.43825      0.00000
    -130.00000    -5.00000   280.00000    -57.80018     25.36236      0.00000
    -130.00000    -5.00000   300.00000    -56.70510     22.44186      0.00000
    -130.00000    -5.00000   320.00000    -55.92045     20.34923      0.00000
    -130.00000    -5.00000   340.00000    -55.35822     18.84979      0.00000
    -130.00000    -5.00000   360.00000    -54.95536     17.77540      0.00000
    -130.00000    -5.00000   380.00000    -54.66671     17.00557      0.00000
    -130.00000    -5.00000   400.00000    -54.45987     16.45395      0.00000
    -130.00000    -5.00000   420.00000    -54.31167     16.05871      0.00000
    -130.00000    -5.00000   440.00000    -54.20548     15.77550      0.00000
    -130.00000    -5.00000   460.00000    -54.12939     15.57257      0.00000
    -130.00000    -5.00000   480.00000    -54.07487     15.42717      0.00000
    -130.00000    -5.00000   500.00000    -54.03580     15.32298      0.00000
    -127.50000   -25.00000     0.13204     -2.80000      2.40000      0.00000
    -127.50000   -25.00000     0.80847     -1.82319      1.42319      0.00000
    -127.50000   -25.00000     1.52714     -0.22955      1.59631      0.00000
    -127.50000   -25.00000     3.14410      2.29306      1.10139      0.00000
    -127.50000   -25.00000     4.40866      7.51775      0.70050      0.00000
    -127.50000   -25.00000     5.86584     14.66949      0.92510      0.00000
    -127.50000   -25.00000     7.59040     21.95614      3.52546      0.00000
    -127.50000   -25.00000     9.71025     31.23755      5.07558      0.00000
    -127.50000   -25.00000    10.97997     35.67661      6.34814      0.00000
    -127.50000   -25.00000    12.46326     40.10170      5.44796      0.00000
    -127.50000   -25.00000    14.27759     37.82363      4.56642      0.00000
    -127.50000   -25.00000    16.66871     23.84862      3.93541      0.00000
    -127.50000   -25.00000    18.70741     13.27117      4.60532      0.00000
    -127.50000   -25.00000    20.00000      5.21893      4.79258      0.00000
    -127.50000   -25.00000    20.72160      0.15277      4.42160      0.00000
    -127.50000   -25.00000    23.85301    -11.99044      0.32885      0.00000
    -127.50000   -25.00000    26.44489    -12.44309      0.21752      0.00000
    -127.50000   -25.00000    30.99574    -24.81003      0.47999      0.00000
    -127.50000   -25.00000    40.00000    -40.25367      2.38409      0.00000
    -127.50000   -25.00000    60.00000    -41.75072     -4.46890      0.00000
    -127.50000   -25.00000    80.00000     -7.68103    -15.03488      0.00000
    -127.50000   -25.00000   100.00000     17.46839    -30.20226      0.00000
    -127.50000   -25.00000   120.00000    -25.09086    -23.74146      0.00000
    -127.50000   -25.00000   140.00000    -36.63878     25.85503      0.00000
    -127.50000   -25.00000   160.00000    -33.60645     58.71330      0.00000
    -127.50000   -25.00000   180.00000    -53.70348     60.85094      0.00000
    -127.50000   -25.00000   200.00000    -56.09681     39.33411      0.00000
    -127.50000   -25.00000   220.00000    -55.19833     19.65492      0.00000
    -127.50000   -25.00000   240.00000    -54.55454      5.55416      0.00000
    -127.50000   -25.00000   260.00000    -54.09324     -4.54947      0.00000
    -127.50000   -25.00000   280.00000    -53.76271    -11.78904      0.00000
    -127.50000   -25.00000   300.00000    -53.52588    -16.97642      0.00000
    -127.50000   -25.00000   320.00000    -53.35617    -20.69334      0.00000
    -127.50000   -25.00000   340.00000    -53.23458    -23.35662      0.00000
    -127.50000   -25.00000   360.00000    -53.14745    -25.26495      0.00000
    -127.50000   -25.00000   380.00000    -53.08502    -26.63233      0.00000
    -127.50000   -25.00000   400.00000    -53.04029    -27.61210      0.00000
    -127.50000   -25.00000   420.00000    -53.00823    -28.31414      0.00000
    -127.50000   -25.00000   440.00000    -52.98527    -28.81717      0.00000
    -127.50000   -25.00000   460.00000    -52.96881    -29.17760      0.00000
    -127.50000   -25.00000   480.00000    -52.95702    -29.43587      0.00000
    -127.50000   -25.00000   500.00000    -52.94857    -29.62092      0.00000
    -127.50000   -22.50000     0.13204     -2.80000     -0.60000      0.00000
    -127.50000   -22.50000     0.80847     -1.61532     -1.19234      0.00000
    -127.50000   -22.50000     1.52714     -0.70907      0.28489      0.00000
    -127.50000   -22.50000     3.14410      0.79771      2.79619      0.00000
    -127.50000   -22.50000     4.40866      5.69071      3.49867      0.00000
    -127.50000   -22.50000     5.86584     12.79722      3.20012      0.00000
    -127.50000   -22.50000     7.59040     17.31987      5.39847      0.00000
    -127.50000   -22.50000     9.71025     25.18358      4.79318      0.00000
    -127.50000   -22.50000    10.97997     30.11668      4.37748      0.00000
    -127.50000   -22.50000    12.46326     35.67950      3.33189      0.00000
    -127.50000   -22.50000    14.27759     34.57462      4.69324      0.00000
    -127.50000   -22.50000    16.66871     24.53998      4.38104      0.00000
    -127.50000   -22.50000    18.70741     15.10833      3.70677      0.00000
    -127.50000   -22.50000    20.00000      5.69798      4.40149      0.00000
    -127.50000   -22.50000    20.72160     -0.16122      4.33066      0.00000
    -127.50000   -22.50000    23.85301    -13.96698     -0.06456      0.00000
    -127.50000   -22.50000    26.44489    -15.23306      0.83844      0.00000
    -127.50000   -22.50000    30.99574    -26.35664      0.49782      0.00000
    -127.50000   -22.50000    40.00000    -42.48782      2.30738      0.00000
    -127.50000   -22.50000    60.00000    -35.44664     -3.26273      0.00000
    -127.50000   -22.50000    80.00000     -3.64135    -17.40943      0.00000
    -127.50000   -22.50000   100.00000     11.32871    -30.36942      0.00000
    -127.50000   -22.50000   120.00000    -23.03207    -26.35721      0.00000
    -127.50000   -22.50000   140.00000    -36.28965     32.62247      0.00000
    -127.50000   -22.50000   160.00000    -36.68249     63.88383      0.00000
    -127.50000   -22.50000   180.00000    -58.59256     64.95937      0.00000
    -127.50000   -22.50000   200.00000    -60.05451     42.88858      0.00000
    -127.50000   -22.50000   220.00000    -58.06195     22.83854      0.00000
    -127.50000   -22.50000   240.00000    -56.63421      8.47205      0.00000
    -127.50000   -22.50000   260.00000    -55.61119     -1.82199      0.00000
    -127.50000   -22.50000   280.00000    -54.87817     -9.19799      0.00000
    -127.50000   -22.50000   300.00000    -54.35294    -14.48313      0.00000
    -127.50000   -22.50000   320.00000    -53.97659    -18.27009      0.00000
    -127.50000   -22.50000   340.00000    -53.70692    -20.98357      0.00000
    -127.50000   -22.50000   360.00000    -53.51370    -22.92786      0.00000
    -127.50000   -22.50000   380.00000    -53.37525    -24.32101      0.00000
    -127.50000   -22.50000   400.00000    -53.27605    -25.31924      0.00000
    -127.50000   -22.50000   420.00000    -53.20497    -26.03451      0.00000
    -127.50000   -22.50000   440.00000    -53.15403    -26.54702      0.00000
    -127.50000   -22.50000   460.00000    -53.11754    -26.91425      0.00000
    -127.50000   -22.50000   480.00000    -53.09139    -27.17738      0.00000
    -127.50000   -22.50000   500.00000    -53.07265    -27.36592      0.00000
    -127.50000   -20.00000     0.13204     -4.30000     -1.70000      0.00000
    -127.50000   -20.00000     0.80847     -3.70410     -2.19658      0.00000
    -127.50000   -20.00000     1.52714     -3.00412     -0.41058      0.00000
    -127.50000   -20.00000     3.14410     -2.80018      5.09503      0.00000
    -127.50000   -20.00000     4.40866      1.98333      6.99340      0.00000
    -127.50000   -20.00000     5.86584      6.76527      6.00723      0.00000
    -127.50000   -20.00000     7.59040     10.67360      5.50338      0.00000
    -127.50000   -20.00000     9.71025     17.18286      3.60501      0.00000
    -127.50000   -20.00000    10.97997     22.88213      1.90533      0.00000
    -127.50000   -20.00000    12.46326     29.08689      1.80021      0.00000
    -127.50000   -20.00000    14.27759     31.26714      6.09747      0.00000
    -127.50000   -20.00000    16.66871     22.16030      5.38216      0.00000
    -127.50000   -20.00000    18.70741     13.32390      1.41074      0.00000
    -127.50000   -20.00000    20.00000      4.53050      3.37573      0.00000
    -127.50000   -20.00000    20.72160     -0.96100      4.05098      0.00000
    -127.50000   -20.00000    23.85301    -14.63453      0.15669      0.00000
    -127.50000   -20.00000    26.44489    -18.49338      1.65786      0.00000
    -127.50000   -20.00000    30.99574    -27.52353      0.48103      0.00000
    -127.50000   -20.00000    40.00000    -44.23880      2.10465      0.00000
    -127.50000   -20.00000    60.00000    -28.85552     -1.91081      0.00000
    -127.50000   -20.00000    80.00000     -0.17977    -19.29870      0.00000
    -127.50000   -20.00000   100.00000      5.20119    -29.39372      0.00000
    -127.50000   -20.00000   120.00000    -20.82907    -28.23467      0.00000
    -127.50000   -20.00000   140.00000    -35.25160     38.84661      0.00000
    -127.50000   -20.00000   160.00000    -38.98098     67.85188      0.00000
    -127.50000   -20.00000   180.00000    -62.01888     67.95299      0.00000
    -127.50000   -20.00000   200.00000    -62.55095     46.07363      0.00000
    -127.50000   -20.00000   220.00000    -59.56762     26.31497      0.00000
    -127.50000   -20.00000   240.00000    -57.42998     12.15728      0.00000
    -127.50000   -20.00000   260.00000    -55.89828      2.01285      0.00000
    -127.50000   -20.00000   280.00000    -54.80078     -5.25596      0.00000
    -127.50000   -20.00000   300.00000    -54.01438    -10.46428      0.00000
    -127.50000   -20.00000   320.00000    -53.45090    -14.19621      0.00000
    -127.50000   -20.00000   340.00000    -53.04715    -16.87025      0.00000
    -127.50000   -20.00000   360.00000    -52.75785    -18.78629      0.00000
    -127.50000   -20.00000   380.00000    -52.55056    -20.15919      0.00000
    -127.50000   -20.00000   400.00000    -52.40203    -21.14291      0.00000
    -127.50000   -20.00000   420.00000    -52.29560    -21.84778      0.00000
    -127.50000   -20.00000   440.00000    -52.21935    -22.35285      0.00000
    -127.50000   -20.00000   460.00000    -52.16470    -22.71474      0.00000
    -127.50000   -20.00000   480.00000    -52.12555    -22.97405      0.00000
    -127.50000   -20.00000   500.00000    -52.09750    -23.15985      0.00000
    -127.50000   -17.50000     0.13204     -5.30090     -1.00060      0.00000
    -127.50000   -17.50000     0.80847     -5.59972     -1.19981      0.00000
    -127.50000   -17.50000     1.52714     -4.70153      0.19762      0.00000
    -127.50000   -17.50000     3.14410     -3.89549      5.90268      0.00000
    -127.50000   -17.50000     4.40866     -0.20699      8.09584      0.00000
    -127.50000   -17.50000     5.86584      0.79142      8.59571      0.00000
    -127.50000   -17.50000     7.59040      5.15246      3.85186      0.00000
    -127.50000   -17.50000     9.71025     11.93711      1.52127      0.00000
    -127.50000   -17.50000    10.97997     17.69503      0.91086      0.00000
    -127.50000   -17.50000    12.46326     22.30971      2.17448      0.00000
    -127.50000   -17.50000    14.27759     25.75022      6.63411      0.00000
    -127.50000   -17.50000    16.66871     17.58690      5.80942      0.00000
    -127.50000   -17.50000    18.70741      9.94334     -0.36464      0.00000
    -127.50000   -17.50000    20.00000      2.63162      1.84895      0.00000
    -127.50000   -17.50000    20.72160     -1.97195      2.78100      0.00000
    -127.50000   -17.50000    23.85301    -15.19000      0.37958      0.00000
    -127.50000   -17.50000    26.44489    -21.11586      2.53008      0.00000
    -127.50000   -17.50000    30.99574    -28.20225      0.43872      0.00000
    -127.50000   -17.50000    40.00000    -45.31107      1.80842      0.00000
    -127.50000   -17.50000    60.00000    -22.23345     -0.52414      0.00000
    -127.50000   -17.50000    80.00000      2.69725    -20.53194      0.00000
    -127.50000   -17.50000   100.00000     -0.63067    -27.12353      0.00000
    -127.50000   -17.50000   120.00000    -18.69220    -29.28713      0.00000
    -127.50000   -17.50000   140.00000    -33.66692     44.23359      0.00000
    -127.50000   -17.50000   160.00000    -40.59697     70.44472      0.00000
    -127.50000   -17.50000   180.00000    -64.21815     69.75273      0.00000
    -127.50000   -17.50000   200.00000    -63.88549     48.74981      0.00000
    -127.50000   -17.50000   220.00000    -60.05169     29.87758      0.00000
    -127.50000   -17.50000   240.00000    -57.30465     16.35504      0.00000
    -127.50000   -17.50000   260.00000    -55.33631      6.66572      0.00000
    -127.50000   -17.50000   280.00000    -53.92593     -0.27699      0.00000
    -127.50000   -17.50000   300.00000    -52.91536     -5.25165      0.00000
    -127.50000   -17.50000   320.00000    -52.19125     -8.81616      0.00000
    -127.50000   -17.50000   340.00000    -51.67240    -11.37023      0.00000
    -127.50000   -17.50000   360.00000    -51.30062    -13.20031      0.00000
    -127.50000   -17.50000   380.00000    -51.03424    -14.51162      0.00000
    -127.50000   -17.50000   400.00000    -50.84336    -15.45121      0.00000
    -127.50000   -17.50000   420.00000    -50.70660    -16.12446      0.00000
    -127.50000   -17.50000   440.00000    -50.60860    -16.60686      0.00000
    -127.50000   -17.50000   460.00000    -50.53838    -16.95252      0.00000
    -127.50000   -17.50000   480.00000    -50.48807    -17.20019      0.00000
    -127.50000   -17.50000   500.00000    -50.45201    -17.37766      0.00000
    -127.50000   -15.00000     0.13204     -5.30473      0.10237      0.00000
    -127.50000   -15.00000     0.80847     -5.68968      0.30668      0.00000
    -127.50000   -15.00000     1.52714     -3.99553      1.40482      0.00000
    -127.50000   -15.00000     3.14410     -1.39713      4.20645      0.00000
    -127.50000   -15.00000     4.40866     -0.60025      5.99944      0.00000
    -127.50000   -15.00000     5.86584     -2.58964      8.68602      0.00000
    -127.50000   -15.00000     7.59040      0.56187      1.78340      0.00000
    -127.50000   -15.00000     9.71025      8.00253     -0.86621      0.00000
    -127.50000   -15.00000    10.97997     13.45312      1.53324      0.00000
    -127.50000   -15.00000    12.46326     15.73906      4.22521      0.00000
    -127.50000   -15.00000    14.27759     17.06391      5.85558      0.00000
    -127.50000   -15.00000    16.66871     12.77594      4.81898      0.00000
    -127.50000   -15.00000    18.70741      7.11822     -0.78178      0.00000
    -127.50000   -15.00000    20.00000      1.17060      0.55266      0.00000
    -127.50000   -15.00000    20.72160     -2.61856      1.14285      0.00000
    -127.50000   -15.00000    23.85301    -17.21506      0.12712      0.00000
    -127.50000   -15.00000    26.44489    -22.66983      3.10887      0.00000
    -127.50000   -15.00000    30.99574    -28.30866      0.38043      0.00000
    -127.50000   -15.00000    40.00000    -45.54009      1.45645      0.00000
    -127.50000   -15.00000    60.00000    -15.80932      0.78333      0.00000
    -127.50000   -15.00000    80.00000      5.01902    -20.97583      0.00000
    -127.50000   -15.00000   100.00000     -5.86942    -23.53244      0.00000
    -127.50000   -15.00000   120.00000    -16.80657    -29.44967      0.00000
    -127.50000   -15.00000   140.00000    -31.73263     48.59031      0.00000
    -127.50000   -15.00000   160.00000    -41.69663     71.59342      0.00000
    -127.50000   -15.00000   180.00000    -65.52093     70.37682      0.00000
    -127.50000   -15.00000   200.00000    -64.45179     50.81056      0.00000
    -127.50000   -15.00000   220.00000    -59.94096     33.29461      0.00000
    -127.50000   -15.00000   240.00000    -56.70881     20.74387      0.00000
    -127.50000   -15.00000   260.00000    -54.39288     11.75088      0.00000
    -127.50000   -15.00000   280.00000    -52.73344      5.30712      0.00000
    -127.50000   -15.00000   300.00000    -51.54440      0.68996      0.00000
    -127.50000   -15.00000   320.00000    -50.69241     -2.61837      0.00000
    -127.50000   -15.00000   340.00000    -50.08194     -4.98890      0.00000
    -127.50000   -15.00000   360.00000    -49.64451     -6.68746      0.00000
    -127.50000   -15.00000   380.00000    -49.33109     -7.90453      0.00000
    -127.50000   -15.00000   400.00000    -49.10651     -8.77659      0.00000
    -127.50000   -15.00000   420.00000    -48.94559     -9.40146      0.00000
    -127.50000   -15.00000   440.00000    -48.83028     -9.84919      0.00000
    -127.50000   -15.00000   460.00000    -48.74767    -10.17001      0.00000
    -127.50000   -15.00000   480.00000    -48.68847    -10.39988      0.00000
    -127.50000   -15.00000   500.00000    -48.64605    -10.56460      0.00000
    -127.50000   -12.50000     0.13204     -5.39558      0.30221      0.00000
    -127.50000   -12.50000     0.80847     -5.15748      0.42677      0.00000
    -127.50000   -12.50000     1.52714     -2.48556      2.09519      0.00000
    -127.50000   -12.50000     3.14410      0.48811      1.11010      0.00000
    -127.50000   -12.50000     4.40866     -1.50252      2.80275      0.00000
    -127.50000   -12.50000     5.86584     -3.79281      5.29218      0.00000
    -127.50000   -12.50000     7.59040     -3.80000      0.25776      0.00000
    -127.50000   -12.50000     9.71025      2.20943     -2.16437      0.00000
    -127.50000   -12.50000    10.97997      7.72857      2.06530      0.00000
    -127.50000   -12.50000    12.46326      9.73974      6.07312      0.00000
    -127.50000   -12.50000    14.27759      8.25227      5.42613      0.00000
    -127.50000   -12.50000    16.66871      8.20000      2.84721      0.00000
    -127.50000   -12.50000    18.70741      5.29808     -0.69979      0.00000
    -127.50000   -12.50000    20.00000      0.46896     -0.19050      0.00000
    -127.50000   -12.50000    20.72160     -2.67040      0.04617      0.00000
    -127.50000   -12.50000    23.85301    -20.28639     -0.38752      0.00000
    -127.50000   -12.50000    26.44489    -23.59687      3.20577      0.00000
    -127.50000   -12.50000    30.99574    -27.79044      0.31555      0.00000
    -127.50000   -12.50000    40.00000    -44.80838      1.08844      0.00000
    -127.50000   -12.50000    60.00000     -9.76384      1.90743      0.00000
    -127.50000   -12.50000    80.00000      6.84293    -20.54272      0.00000
    -127.50000   -12.50000   100.00000    -10.23706    -18.73044      0.00000
    -127.50000   -12.50000   120.00000    -15.30735    -28.68608      0.00000
    -127.50000   -12.50000   140.00000    -29.66860     51.82780      0.00000
    -127.50000   -12.50000   160.00000    -42.48723     71.32829      0.00000
    -127.50000   -12.50000   180.00000    -66.29422     69.92831      0.00000
    -127.50000   -12.50000   200.00000    -64.67364     52.18876      0.00000
    -127.50000   -12.50000   220.00000    -59.68744     36.33406      0.00000
    -127.50000   -12.50000   240.00000    -56.11466     24.97368      0.00000
    -127.50000   -12.50000   260.00000    -53.55466     16.83361      0.00000
    -127.50000   -12.50000   280.00000    -51.72034     11.00099      0.00000
    -127.50000   -12.50000   300.00000    -50.40599      6.82174      0.00000
    -127.50000   -12.50000   320.00000    -49.46421      3.82717      0.00000
    -127.50000   -12.50000   340.00000    -48.78941      1.68148      0.00000
    -127.50000   -12.50000   360.00000    -48.30589      0.14401      0.00000
    -127.50000   -12.50000   380.00000    -47.95943     -0.95762      0.00000
    -127.50000   -12.50000   400.00000    -47.71118     -1.74698      0.00000
    -127.50000   -12.50000   420.00000    -47.53330     -2.31258      0.00000
    -127.50000   -12.50000   440.00000    -47.40584     -2.71785      0.00000
    -127.50000   -12.50000   460.00000    -47.31452     -3.00824      0.00000
    -127.50000   -12.50000   480.00000    -47.24908     -3.21632      0.00000
    -127.50000   -12.50000   500.00000    -47.20219     -3.36541      0.00000
    -127.50000   -10.00000     0.13204     -6.48309      0.07971      0.00000
    -127.50000   -10.00000     0.80847     -5.91870     -0.43648      0.00000
    -127.50000   -10.00000     1.52714     -2.79065      1.97194      0.00000
    -127.50000   -10.00000     3.14410     -1.71653     -1.28723      0.00000
    -127.50000   -10.00000     4.40866     -3.89911      0.40053      0.00000
    -127.50000   -10.00000     5.86584     -3.40190      0.69886      0.00000
    -127.50000   -10.00000     7.59040     -6.07403     -0.19134      0.00000
    -127.50000   -10.00000     9.71025     -3.93160     -1.77702      0.00000
    -127.50000   -10.00000    10.97997      2.29450      1.68441      0.00000
    -127.50000   -10.00000    12.46326      6.07285      6.24192      0.00000
    -127.50000   -10.00000    14.27759      3.49018      6.01288      0.00000
    -127.50000   -10.00000    16.66871      3.69468      1.67803      0.00000
    -127.50000   -10.00000    18.70741      3.59064     -0.69856      0.00000
    -127.50000   -10.00000    20.00000     -0.01343     -0.19954      0.00000
    -127.50000   -10.00000    20.72160     -2.44859      0.05127      0.00000
    -127.50000   -10.00000    23.85301    -22.53295     -0.69724      0.00000
    -127.50000   -10.00000    26.44489    -24.46343      2.79142      0.00000
    -127.50000   -10.00000    30.99574    -26.63166      0.25292      0.00000
    -127.50000   -10.00000    40.00000    -43.05725      0.74268      0.00000
    -127.50000   -10.00000    60.00000     -4.21411      2.76511      0.00000
    -127.50000   -10.00000    80.00000      8.24599    -19.19662      0.00000
    -127.50000   -10.00000   100.00000    -13.50949    -12.96037      0.00000
    -127.50000   -10.00000   120.00000    -14.26145    -26.99480      0.00000
    -127.50000   -10.00000   140.00000    -27.68323     53.95274      0.00000
    -127.50000   -10.00000   160.00000    -43.18210     69.76614      0.00000
    -127.50000   -10.00000   180.00000    -66.88165     68.57682      0.00000
    -127.50000   -10.00000   200.00000    -64.93905     52.86179      0.00000
    -127.50000   -10.00000   220.00000    -59.70045     38.79099      0.00000
    -127.50000   -10.00000   240.00000    -55.94684     28.70881      0.00000
    -127.50000   -10.00000   260.00000    -53.25726     21.48461      0.00000
    -127.50000   -10.00000   280.00000    -51.33008     16.30825      0.00000
    -127.50000   -10.00000   300.00000    -49.94920     12.59922      0.00000
    -127.50000   -10.00000   320.00000    -48.95976      9.94159      0.00000
    -127.50000   -10.00000   340.00000    -48.25079      8.03731      0.00000
    -127.50000   -10.00000   360.00000    -47.74280      6.67284      0.00000
    -127.50000   -10.00000   380.00000    -47.37880      5.69515      0.00000
    -127.50000   -10.00000   400.00000    -47.11798      4.99461      0.00000
    -127.50000   -10.00000   420.00000    -46.93111      4.49264      0.00000
    -127.50000   -10.00000   440.00000    -46.79720      4.13297      0.00000
    -127.50000   -10.00000   460.00000    -46.70125      3.87526      0.00000
    -127.50000   -10.00000   480.00000    -46.63250      3.69060      0.00000
    -127.50000   -10.00000   500.00000    -46.58324      3.55828      0.00000
    -127.50000    -7.50000     0.13204     -7.32818     -0.06106      0.00000
    -127.50000    -7.50000     0.80847     -7.79089     -1.21271      0.00000
    -127.50000    -7.50000     1.52714     -4.91339      1.06469      0.00000
    -127.50000    -7.50000     3.14410     -5.99454     -1.78817      0.00000
    -127.50000    -7.50000     4.40866     -5.38019     -0.50720      0.00000
    -127.50000    -7.50000     5.86584     -1.01670     -2.09393      0.00000
    -127.50000    -7.50000     7.59040     -4.67290      0.38169      0.00000
    -127.50000    -7.50000     9.71025     -5.48927     -0.48793      0.00000
    -127.50000    -7.50000    10.97997      0.40444      1.53268      0.00000
    -127.50000    -7.50000    12.46326      5.90386      4.87875      0.00000
    -127.50000    -7.50000    14.27759      3.48706      6.16131      0.00000
    -127.50000    -7.50000    16.66871      0.15989      1.97804      0.00000
    -127.50000    -7.50000    18.70741      1.89072     -0.49722      0.00000
    -127.50000    -7.50000    20.00000     -0.99521      0.23619      0.00000
    -127.50000    -7.50000    20.72160     -2.94054      0.59271      0.00000
    -127.50000    -7.50000    23.85301    -22.91133     -1.21766      0.00000
    -127.50000    -7.50000    26.44489    -25.00669      2.36362      0.00000
    -127.50000    -7.50000    30.99574    -24.85427      0.20051      0.00000
    -127.50000    -7.50000    40.00000    -40.29303      0.45297      0.00000
    -127.50000    -7.50000    60.00000      0.79449      3.30314      0.00000
    -127.50000    -7.50000    80.00000      9.31662    -16.95651      0.00000
    -127.50000    -7.50000   100.00000    -15.54752     -6.57971      0.00000
    -127.50000    -7.50000   120.00000    -13.65778    -24.41278      0.00000
    -127.50000    -7.50000   140.00000    -25.94129     55.04965      0.00000
    -127.50000    -7.50000   160.00000    -43.96512     67.09180      0.00000
    -127.50000    -7.50000   180.00000    -67.55001     66.53689      0.00000
    -127.50000    -7.50000   200.00000    -65.54108     52.85487      0.00000
    -127.50000    -7.50000   220.00000    -60.28496     40.51374      0.00000
    -127.50000    -7.50000   240.00000    -56.51878     31.67094      0.00000
    -127.50000    -7.50000   260.00000    -53.82020     25.33480      0.00000
    -127.50000    -7.50000   280.00000    -51.88658     20.79475      0.00000
    -127.50000    -7.50000   300.00000    -50.50108     17.54167      0.00000
    -127.50000    -7.50000   320.00000    -49.50833     15.21073      0.00000
    -127.50000    -7.50000   340.00000    -48.79699     13.54054      0.00000
    -127.50000    -7.50000   360.00000    -48.28729     12.34380      0.00000
    -127.50000    -7.50000   380.00000    -47.92208     11.48629      0.00000
    -127.50000    -7.50000   400.00000    -47.66039     10.87186      0.00000
    -127.50000    -7.50000   420.00000    -47.47288     10.43161      0.00000
    -127.50000    -7.50000   440.00000    -47.33853     10.11615      0.00000
    -127.50000    -7.50000   460.00000    -47.24226      9.89011      0.00000
    -127.50000    -7.50000   480.00000    -47.17328      9.72815      0.00000
    -127.50000    -7.50000   500.00000    -47.12385      9.61210      0.00000
    -127.50000    -5.00000     0.13204     -7.01447      0.52560      0.00000
    -127.50000    -5.00000     0.80847     -8.81268     -0.65404      0.00000
    -127.50000    -5.00000     1.52714     -7.01745      0.28256      0.00000
    -127.50000    -5.00000     3.14410     -8.04517     -0.79739      0.00000
    -127.50000    -5.00000     4.40866     -3.84077     -0.61030      0.00000
    -127.50000    -5.00000     5.86584      2.99733     -1.79954      0.00000
    -127.50000    -5.00000     7.59040     -0.98458      1.18844      0.00000
    -127.50000    -5.00000     9.71025     -1.39484      0.50904      0.00000
    -127.50000    -5.00000    10.97997      1.79679      2.63119      0.00000
    -127.50000    -5.00000    12.46326      7.30406      3.37551      0.00000
    -127.50000    -5.00000    14.27759      5.28146      3.88229      0.00000
    -127.50000    -5.00000    16.66871     -0.58528      2.91944      0.00000
    -127.50000    -5.00000    18.70741      1.48115     -0.49269      0.00000
    -127.50000    -5.00000    20.00000     -1.93459      0.65999      0.00000
    -127.50000    -5.00000    20.72160     -4.03045      1.21469      0.00000
    -127.50000    -5.00000    23.85301    -21.88454     -2.22430      0.00000
    -127.50000    -5.00000    26.44489    -24.22476      2.40368      0.00000
    -127.50000    -5.00000    30.99574    -22.51594      0.16527      0.00000
    -127.50000    -5.00000    40.00000    -36.58696      0.24621      0.00000
    -127.50000    -5.00000    60.00000      5.28813      3.50318      0.00000
    -127.50000    -5.00000    80.00000     10.14765    -13.89690      0.00000
    -127.50000    -5.00000   100.00000    -16.32020     -0.02847      0.00000
    -127.50000    -5.00000   120.00000    -13.40752    -21.01654      0.00000
    -127.50000    -5.00000   140.00000    -24.53836     55.25663      0.00000
    -127.50000    -5.00000   160.00000    -44.95916     63.53614      0.00000
    -127.50000    -5.00000   180.00000    -68.44915     64.04577      0.00000
    -127.50000    -5.00000   200.00000    -66.63303     52.24177      0.00000
    -127.50000    -5.00000   220.00000    -61.59359     41.42608      0.00000
    -127.50000    -5.00000   240.00000    -57.98267     33.67630      0.00000
    -127.50000    -5.00000   260.00000    -55.39534     28.12333      0.00000
    -127.50000    -5.00000   280.00000    -53.54144     24.14446      0.00000
    -127.50000    -5.00000   300.00000    -52.21305     21.29348      0.00000
    -127.50000    -5.00000   320.00000    -51.26123     19.25066      0.00000
    -127.50000    -5.00000   340.00000    -50.57922     17.78691      0.00000
    -127.50000    -5.00000   360.00000    -50.09053     16.73810      0.00000
    -127.50000    -5.00000   380.00000    -49.74037     15.98658      0.00000
    -127.50000    -5.00000   400.00000    -49.48948     15.44810      0.00000
    -127.50000    -5.00000   420.00000    -49.30970     15.06226      0.00000
    -127.50000    -5.00000   440.00000    -49.18088     14.78580      0.00000
    -127.50000    -5.00000   460.00000    -49.08858     14.58770      0.00000
    -127.50000    -5.00000   480.00000    -49.02245     14.44576      0.00000
    -127.50000    -5.00000   500.00000    -48.97506     14.34405      0.00000
    -125.00000   -25.00000     0.13204     -0.50000      2.50000      0.00000
    -125.00000   -25.00000     0.80847      0.47684      1.71853      0.00000
    -125.00000   -25.00000     1.52714      1.48016      1.40595      0.00000
    -125.00000   -25.00000     3.14410      2.19762     -0.59321      0.00000
    -125.00000   -25.00000     4.40866      5.41300      0.30108      0.00000
    -125.00000   -25.00000     5.86584     12.66968      0.91954      0.00000
    -125.00000   -25.00000     7.59040     20.98325      3.21258      0.00000
    -125.00000   -25.00000     9.71025     31.21148      3.99399      0.00000
    -125.00000   -25.00000    10.97997     34.88735      5.52446      0.00000
    -125.00000   -25.00000    12.46326     39.23200      5.85672      0.00000
    -125.00000   -25.00000    14.27759     37.51241      5.04894      0.00000
    -125.00000   -25.00000    16.66871     24.44460      2.38628      0.00000
    -125.00000   -25.00000    18.70741     14.39756      3.92961      0.00000
    -125.00000   -25.00000    20.00000      5.46708      4.80393      0.00000
    -125.00000   -25.00000    20.72160     -0.07286      4.78722      0.00000
    -125.00000   -25.00000    23.85301    -10.97833     -0.38681      0.00000
    -125.00000   -25.00000    26.44489    -12.55335      0.72159      0.00000
    -125.00000   -25.00000    30.99574    -24.87933      0.49766      0.00000
    -125.00000   -25.00000    40.00000    -40.37209      2.42675      0.00000
    -125.00000   -25.00000    60.00000    -40.60415     -4.10934      0.00000
    -125.00000   -25.00000    80.00000     -7.04450    -15.04007      0.00000
    -125.00000   -25.00000   100.00000     18.33036    -29.89582      0.00000
    -125.00000   -25.00000   120.00000    -25.09634    -24.07866      0.00000
    -125.00000   -25.00000   140.00000    -35.72107     28.84816      0.00000
    -125.00000   -25.00000   160.00000    -32.44754     61.13282      0.00000
    -125.00000   -25.00000   180.00000    -52.69381     60.67353      0.00000
    -125.00000   -25.00000   200.00000    -53.96277     38.76591      0.00000
    -125.00000   -25.00000   220.00000    -52.01442     19.11740      0.00000
    -125.00000   -25.00000   240.00000    -50.61835      5.03863      0.00000
    -125.00000   -25.00000   260.00000    -49.61803     -5.04925      0.00000
    -125.00000   -25.00000   280.00000    -48.90127    -12.27753      0.00000
    -125.00000   -25.00000   300.00000    -48.38769    -17.45683      0.00000
    -125.00000   -25.00000   320.00000    -48.01969    -21.16795      0.00000
    -125.00000   -25.00000   340.00000    -47.75601    -23.82709      0.00000
    -125.00000   -25.00000   360.00000    -47.56707    -25.73244      0.00000
    -125.00000   -25.00000   380.00000    -47.43170    -27.09769      0.00000
    -125.00000   -25.00000   400.00000    -47.33469    -28.07593      0.00000
    -125.00000   -25.00000   420.00000    -47.26519    -28.77687      0.00000
    -125.00000   -25.00000   440.00000    -47.21539    -29.27911      0.00000
    -125.00000   -25.00000   460.00000    -47.17970    -29.63899      0.00000
    -125.00000   -25.00000   480.00000    -47.15413    -29.89685      0.00000
    -125.00000   -25.00000   500.00000    -47.13581    -30.08162      0.00000
    -125.00000   -22.50000     0.13204     -1.40000     -1.00000      0.00000
    -125.00000   -22.50000     0.80847     -0.41721     -1.29484      0.00000
    -125.00000   -22.50000     1.52714     -0.30156     -0.41407      0.00000
    -125.00000   -22.50000     3.14410     -0.00083      0.59723      0.00000
    -125.00000   -22.50000     4.40866      3.49335      2.69601      0.00000
    -125.00000   -22.50000     5.86584     10.10156      3.70040      0.00000
    -125.00000   -22.50000     7.59040     16.33969      5.29732      0.00000
    -125.00000   -22.50000     9.71025     25.29276      4.71131      0.00000
    -125.00000   -22.50000    10.97997     29.44892      5.19243      0.00000
    -125.00000   -22.50000    12.46326     35.17596      4.92404      0.00000
    -125.00000   -22.50000    14.27759     34.06612      5.68175      0.00000
    -125.00000   -22.50000    16.66871     25.12579      1.35012      0.00000
    -125.00000   -22.50000    18.70741     15.96666      3.01870      0.00000
    -125.00000   -22.50000    20.00000      5.59364      4.47345      0.00000
    -125.00000   -22.50000    20.72160     -0.76053      4.79096      0.00000
    -125.00000   -22.50000    23.85301    -13.75339     -0.17542      0.00000
    -125.00000   -22.50000    26.44489    -15.16844      0.88056      0.00000
    -125.00000   -22.50000    30.99574    -26.43070      0.52917      0.00000
    -125.00000   -22.50000    40.00000    -42.57990      2.36796      0.00000
    -125.00000   -22.50000    60.00000    -34.32013     -2.94566      0.00000
    -125.00000   -22.50000    80.00000     -3.07679    -17.39856      0.00000
    -125.00000   -22.50000   100.00000     12.04219    -30.16787      0.00000
    -125.00000   -22.50000   120.00000    -22.88489    -26.67993      0.00000
    -125.00000   -22.50000   140.00000    -35.21593     35.73343      0.00000
    -125.00000   -22.50000   160.00000    -35.31512     66.02338      0.00000
    -125.00000   -22.50000   180.00000    -57.37068     64.54193      0.00000
    -125.00000   -22.50000   200.00000    -57.72663     42.00922      0.00000
    -125.00000   -22.50000   220.00000    -54.70099     21.91624      0.00000
    -125.00000   -22.50000   240.00000    -52.53302      7.51900      0.00000
    -125.00000   -22.50000   260.00000    -50.97961     -2.79708      0.00000
    -125.00000   -22.50000   280.00000    -49.86654    -10.18887      0.00000
    -125.00000   -22.50000   300.00000    -49.06899    -15.48532      0.00000
    -125.00000   -22.50000   320.00000    -48.49752    -19.28040      0.00000
    -125.00000   -22.50000   340.00000    -48.08804    -21.99968      0.00000
    -125.00000   -22.50000   360.00000    -47.79464    -23.94814      0.00000
    -125.00000   -22.50000   380.00000    -47.58441    -25.34427      0.00000
    -125.00000   -22.50000   400.00000    -47.43377    -26.34464      0.00000
    -125.00000   -22.50000   420.00000    -47.32584    -27.06144      0.00000
    -125.00000   -22.50000   440.00000    -47.24850    -27.57504      0.00000
    -125.00000   -22.50000   460.00000    -47.19308    -27.94306      0.00000
    -125.00000   -22.50000   480.00000    -47.15337    -28.20675      0.00000
    -125.00000   -22.50000   500.00000    -47.12492    -28.39570      0.00000
    -125.00000   -20.00000     0.13204     -4.70000     -2.10000      0.00000
    -125.00000   -20.00000     0.80847     -4.30451     -2.49549      0.00000
    -125.00000   -20.00000     1.52714     -4.30000     -1.01509      0.00000
    -125.00000   -20.00000     3.14410     -3.80014      2.49901      0.00000
    -125.00000   -20.00000     4.40866      0.79129      5.49432      0.00000
    -125.00000   -20.00000     5.86584      5.37929      6.39595      0.00000
    -125.00000   -20.00000     7.59040     10.38066      5.30425      0.00000
    -125.00000   -20.00000     9.71025     17.69808      4.10032      0.00000
    -125.00000   -20.00000    10.97997     23.40910      3.70069      0.00000
    -125.00000   -20.00000    12.46326     30.00144      4.20577      0.00000
    -125.00000   -20.00000    14.27759     30.84792      7.76079      0.00000
    -125.00000   -20.00000    16.66871     22.34232      1.39680      0.00000
    -125.00000   -20.00000    18.70741     13.41973      0.90110      0.00000
    -125.00000   -20.00000    20.00000      3.90568      3.25980      0.00000
    -125.00000   -20.00000    20.72160     -1.92030      4.14792      0.00000
    -125.00000   -20.00000    23.85301    -15.58906      0.40542      0.00000
    -125.00000   -20.00000    26.44489    -18.00274      1.12331      0.00000
    -125.00000   -20.00000    30.99574    -27.59160      0.52406      0.00000
    -125.00000   -20.00000    40.00000    -44.29012      2.17836      0.00000
    -125.00000   -20.00000    60.00000    -27.78337     -1.64611      0.00000
    -125.00000   -20.00000    80.00000      0.32048    -19.30978      0.00000
    -125.00000   -20.00000   100.00000      5.76519    -29.27571      0.00000
    -125.00000   -20.00000   120.00000    -20.52089    -28.46592      0.00000
    -125.00000   -20.00000   140.00000    -34.05533     42.04705      0.00000
    -125.00000   -20.00000   160.00000    -37.42904     69.68573      0.00000
    -125.00000   -20.00000   180.00000    -60.64635     67.29208      0.00000
    -125.00000   -20.00000   200.00000    -60.09647     44.91356      0.00000
    -125.00000   -20.00000   220.00000    -56.09632     25.06571      0.00000
    -125.00000   -20.00000   240.00000    -53.23009     10.84411      0.00000
    -125.00000   -20.00000   260.00000    -51.17635      0.65388      0.00000
    -125.00000   -20.00000   280.00000    -49.70478     -6.64773      0.00000
    -125.00000   -20.00000   300.00000    -48.65036    -11.87957      0.00000
    -125.00000   -20.00000   320.00000    -47.89483    -15.62834      0.00000
    -125.00000   -20.00000   340.00000    -47.35347    -18.31446      0.00000
    -125.00000   -20.00000   360.00000    -46.96556    -20.23914      0.00000
    -125.00000   -20.00000   380.00000    -46.68762    -21.61824      0.00000
    -125.00000   -20.00000   400.00000    -46.48847    -22.60640      0.00000
    -125.00000   -20.00000   420.00000    -46.34576    -23.31446      0.00000
    -125.00000   -20.00000   440.00000    -46.24352    -23.82180      0.00000
    -125.00000   -20.00000   460.00000    -46.17025    -24.18532      0.00000
    -125.00000   -20.00000   480.00000    -46.11775    -24.44580      0.00000
    -125.00000   -20.00000   500.00000    -46.08014    -24.63244      0.00000
    -125.00000   -17.50000     0.13204     -6.80000     -0.80000      0.00000
    -125.00000   -17.50000     0.80847     -7.29806     -1.09883      0.00000
    -125.00000   -17.50000     1.52714     -6.50248      0.19598      0.00000
    -125.00000   -17.50000     3.14410     -4.18529      3.31041      0.00000
    -125.00000   -17.50000     4.40866     -0.09835      6.20197      0.00000
    -125.00000   -17.50000     5.86584      1.39326      7.99192      0.00000
    -125.00000   -17.50000     7.59040      6.05746      4.03620      0.00000
    -125.00000   -17.50000     9.71025     13.03862      2.41403      0.00000
    -125.00000   -17.50000    10.97997     19.19748      3.18677      0.00000
    -125.00000   -17.50000    12.46326     23.92031      4.87117      0.00000
    -125.00000   -17.50000    14.27759     25.97515      8.35651      0.00000
    -125.00000   -17.50000    16.66871     17.97118      2.75009      0.00000
    -125.00000   -17.50000    18.70741      8.74782     -0.78181      0.00000
    -125.00000   -17.50000    20.00000      1.36932      1.57060      0.00000
    -125.00000   -17.50000    20.72160     -3.18577      2.59588      0.00000
    -125.00000   -17.50000    23.85301    -16.58379      0.69166      0.00000
    -125.00000   -17.50000    26.44489    -20.37628      1.71716      0.00000
    -125.00000   -17.50000    30.99574    -28.25502      0.48981      0.00000
    -125.00000   -17.50000    40.00000    -45.31282      1.88909      0.00000
    -125.00000   -17.50000    60.00000    -21.25094     -0.31866      0.00000
    -125.00000   -17.50000    80.00000      3.13718    -20.60518      0.00000
    -125.00000   -17.50000   100.00000     -0.21196    -27.07443      0.00000
    -125.00000   -17.50000   120.00000    -18.21355    -29.34188      0.00000
    -125.00000   -17.50000   140.00000    -32.38578     47.49678      0.00000
    -125.00000   -17.50000   160.00000    -38.90611     71.96986      0.00000
    -125.00000   -17.50000   180.00000    -62.76100     68.84912      0.00000
    -125.00000   -17.50000   200.00000    -61.37105     47.34778      0.00000
    -125.00000   -17.50000   220.00000    -56.53440     28.37406      0.00000
    -125.00000   -17.50000   240.00000    -53.06879     14.77879      0.00000
    -125.00000   -17.50000   260.00000    -50.58557      5.03736      0.00000
    -125.00000   -17.50000   280.00000    -48.80627     -1.94268      0.00000
    -125.00000   -17.50000   300.00000    -47.53134     -6.94410      0.00000
    -125.00000   -17.50000   320.00000    -46.61782    -10.52778      0.00000
    -125.00000   -17.50000   340.00000    -45.96325    -13.09559      0.00000
    -125.00000   -17.50000   360.00000    -45.49423    -14.93551      0.00000
    -125.00000   -17.50000   380.00000    -45.15816    -16.25387      0.00000
    -125.00000   -17.50000   400.00000    -44.91736    -17.19851      0.00000
    -125.00000   -17.50000   420.00000    -44.74482    -17.87538      0.00000
    -125.00000   -17.50000   440.00000    -44.62119    -18.36038      0.00000
    -125.00000   -17.50000   460.00000    -44.53260    -18.70790      0.00000
    -125.00000   -17.50000   480.00000    -44.46912    -18.95690      0.00000
    -125.00000   -17.50000   500.00000    -44.42364    -19.13532      0.00000
    -125.00000   -15.00000     0.13204     -6.60297      0.90075      0.00000
    -125.00000   -15.00000     0.80847     -6.98967      1.00608      0.00000
    -125.00000   -15.00000     1.52714     -5.28875      2.00094      0.00000
    -125.00000   -15.00000     3.14410     -0.49286      2.41310      0.00000
    -125.00000   -15.00000     4.40866      0.69605      4.60666      0.00000
    -125.00000   -15.00000     5.86584     -0.89719      7.29525      0.00000
    -125.00000   -15.00000     7.59040      2.16317      2.85346      0.00000
    -125.00000   -15.00000     9.71025      9.59555      1.22228      0.00000
    -125.00000   -15.00000    10.97997     14.76091      4.21708      0.00000
    -125.00000   -15.00000    12.46326     16.55514      6.63667      0.00000
    -125.00000   -15.00000    14.27759     17.57441      6.79744      0.00000
    -125.00000   -15.00000    16.66871     13.75910      3.55001      0.00000
    -125.00000   -15.00000    18.70741      5.42279     -0.78819      0.00000
    -125.00000   -15.00000    20.00000     -0.39241      0.87157      0.00000
    -125.00000   -15.00000    20.72160     -4.00905      1.60899      0.00000
    -125.00000   -15.00000    23.85301    -18.11894      0.44703      0.00000
    -125.00000   -15.00000    26.44489    -21.97480      2.46231      0.00000
    -125.00000   -15.00000    30.99574    -28.33985      0.43486      0.00000
    -125.00000   -15.00000    40.00000    -45.49109      1.53740      0.00000
    -125.00000   -15.00000    60.00000    -14.95122      0.92665      0.00000
    -125.00000   -15.00000    80.00000      5.39803    -21.14941      0.00000
    -125.00000   -15.00000   100.00000     -5.58806    -23.54483      0.00000
    -125.00000   -15.00000   120.00000    -16.14924    -29.24273      0.00000
    -125.00000   -15.00000   140.00000    -30.40606     51.88605      0.00000
    -125.00000   -15.00000   160.00000    -39.93010     72.82670      0.00000
    -125.00000   -15.00000   180.00000    -64.04126     69.23740      0.00000
    -125.00000   -15.00000   200.00000    -61.93516     49.21297      0.00000
    -125.00000   -15.00000   220.00000    -56.43204     31.62086      0.00000
    -125.00000   -15.00000   240.00000    -52.48888     19.01556      0.00000
    -125.00000   -15.00000   260.00000    -49.66349      9.98346      0.00000
    -125.00000   -15.00000   280.00000    -47.63900      3.51168      0.00000
    -125.00000   -15.00000   300.00000    -46.18840     -1.12555      0.00000
    -125.00000   -15.00000   320.00000    -45.14899     -4.44827      0.00000
    -125.00000   -15.00000   340.00000    -44.40422     -6.82910      0.00000
    -125.00000   -15.00000   360.00000    -43.87057     -8.53504      0.00000
    -125.00000   -15.00000   380.00000    -43.48820     -9.75741      0.00000
    -125.00000   -15.00000   400.00000    -43.21421    -10.63327      0.00000
    -125.00000   -15.00000   420.00000    -43.01790    -11.26085      0.00000
    -125.00000   -15.00000   440.00000    -42.87723    -11.71053      0.00000
    -125.00000   -15.00000   460.00000    -42.77644    -12.03274      0.00000
    -125.00000   -15.00000   480.00000    -42.70421    -12.26361      0.00000
    -125.00000   -15.00000   500.00000    -42.65247    -12.42904      0.00000
    -125.00000   -12.50000     0.13204     -5.69645      1.60178      0.00000
    -125.00000   -12.50000     0.80847     -5.46250      1.72163      0.00000
    -125.00000   -12.50000     1.52714     -2.86977      3.18731      0.00000
    -125.00000   -12.50000     3.14410      2.08990      1.10943      0.00000
    -125.00000   -12.50000     4.40866      0.59284      2.50321      0.00000
    -125.00000   -12.50000     5.86584     -2.29688      3.79860      0.00000
    -125.00000   -12.50000     7.59040     -2.39881      2.02137      0.00000
    -125.00000   -12.50000     9.71025      4.09584      1.11420      0.00000
    -125.00000   -12.50000    10.97997      8.27122      4.97735      0.00000
    -125.00000   -12.50000    12.46326      8.88480      7.91180      0.00000
    -125.00000   -12.50000    14.27759      8.41525      5.47931      0.00000
    -125.00000   -12.50000    16.66871      9.28518      2.84280      0.00000
    -125.00000   -12.50000    18.70741      4.19454     -0.19800      0.00000
    -125.00000   -12.50000    20.00000     -0.48742      1.45904      0.00000
    -125.00000   -12.50000    20.72160     -3.49028      2.17315      0.00000
    -125.00000   -12.50000    23.85301    -20.55555      0.34893      0.00000
    -125.00000   -12.50000    26.44489    -23.21298      2.70690      0.00000
    -125.00000   -12.50000    30.99574    -27.79792      0.36818      0.00000
    -125.00000   -12.50000    40.00000    -44.71616      1.16341      0.00000
    -125.00000   -12.50000    60.00000     -9.06282      1.98995      0.00000
    -125.00000   -12.50000    80.00000      7.15545    -20.84861      0.00000
    -125.00000   -12.50000   100.00000    -10.08339    -18.80332      0.00000
    -125.00000   -12.50000   120.00000    -14.46670    -28.14056      0.00000
    -125.00000   -12.50000   140.00000    -28.33574     55.11749      0.00000
    -125.00000   -12.50000   160.00000    -40.71994     72.30183      0.00000
    -125.00000   -12.50000   180.00000    -64.84294     68.56784      0.00000
    -125.00000   -12.50000   200.00000    -62.19701     50.44873      0.00000
    -125.00000   -12.50000   220.00000    -56.22523     34.58114      0.00000
    -125.00000   -12.50000   240.00000    -51.94627     23.21152      0.00000
    -125.00000   -12.50000   260.00000    -48.88026     15.06483      0.00000
    -125.00000   -12.50000   280.00000    -46.68337      9.22747      0.00000
    -125.00000   -12.50000   300.00000    -45.10923      5.04482      0.00000
    -125.00000   -12.50000   320.00000    -43.98130      2.04781      0.00000
    -125.00000   -12.50000   340.00000    -43.17311     -0.09963      0.00000
    -125.00000   -12.50000   360.00000    -42.59402     -1.63834      0.00000
    -125.00000   -12.50000   380.00000    -42.17908     -2.74088      0.00000
    -125.00000   -12.50000   400.00000    -41.88176     -3.53088      0.00000
    -125.00000   -12.50000   420.00000    -41.66873     -4.09694      0.00000
    -125.00000   -12.50000   440.00000    -41.51608     -4.50254      0.00000
    -125.00000   -12.50000   460.00000    -41.40670     -4.79316      0.00000
    -125.00000   -12.50000   480.00000    -41.32833     -5.00140      0.00000
    -125.00000   -12.50000   500.00000    -41.27217     -5.15062      0.00000
    -125.00000   -10.00000     0.13204     -5.68598      1.18879      0.00000
    -125.00000   -10.00000     0.80847     -5.12972      0.84988      0.00000
    -125.00000   -10.00000     1.52714     -2.08897      2.98266      0.00000
    -125.00000   -10.00000     3.14410     -0.70595      0.80238      0.00000
    -125.00000   -10.00000     4.40866     -1.70295      1.19655      0.00000
    -125.00000   -10.00000     5.86584     -2.89625     -0.19563      0.00000
    -125.00000   -10.00000     7.59040     -5.67148      1.18574      0.00000
    -125.00000   -10.00000     9.71025     -1.66272      1.59388      0.00000
    -125.00000   -10.00000    10.97997      2.66185      3.92464      0.00000
    -125.00000   -10.00000    12.46326      4.63722      7.19096      0.00000
    -125.00000   -10.00000    14.27759      3.24585      5.65197      0.00000
    -125.00000   -10.00000    16.66871      3.98716      1.56579      0.00000
    -125.00000   -10.00000    18.70741      3.58534      0.41015      0.00000
    -125.00000   -10.00000    20.00000     -0.01997      2.68294      0.00000
    -125.00000   -10.00000    20.72160     -2.46304      3.64635      0.00000
    -125.00000   -10.00000    23.85301    -22.85075      0.61783      0.00000
    -125.00000   -10.00000    26.44489    -24.45062      2.12510      0.00000
    -125.00000   -10.00000    30.99574    -26.61823      0.29888      0.00000
    -125.00000   -10.00000    40.00000    -42.93813      0.80663      0.00000
    -125.00000   -10.00000    60.00000     -3.69917      2.79250      0.00000
    -125.00000   -10.00000    80.00000      8.48160    -19.65671      0.00000
    -125.00000   -10.00000   100.00000    -13.47421    -13.09738      0.00000
    -125.00000   -10.00000   120.00000    -13.23843    -26.05041      0.00000
    -125.00000   -10.00000   140.00000    -26.38160     57.18569      0.00000
    -125.00000   -10.00000   160.00000    -41.49364     70.52158      0.00000
    -125.00000   -10.00000   180.00000    -65.49284     67.01925      0.00000
    -125.00000   -10.00000   200.00000    -62.52448     51.03779      0.00000
    -125.00000   -10.00000   220.00000    -56.30351     37.05203      0.00000
    -125.00000   -10.00000   240.00000    -51.84599     27.03080      0.00000
    -125.00000   -10.00000   260.00000    -48.65204     19.85028      0.00000
    -125.00000   -10.00000   280.00000    -46.36348     14.70520      0.00000
    -125.00000   -10.00000   300.00000    -44.72365     11.01860      0.00000
    -125.00000   -10.00000   320.00000    -43.54866      8.37703      0.00000
    -125.00000   -10.00000   340.00000    -42.70675      6.48427      0.00000
    -125.00000   -10.00000   360.00000    -42.10349      5.12804      0.00000
    -125.00000   -10.00000   380.00000    -41.67123      4.15626      0.00000
    -125.00000   -10.00000   400.00000    -41.36151      3.45995      0.00000
    -125.00000   -10.00000   420.00000    -41.13958      2.96102      0.00000
    -125.00000   -10.00000   440.00000    -40.98056      2.60353      0.00000
    -125.00000   -10.00000   460.00000    -40.86662      2.34737      0.00000
    -125.00000   -10.00000   480.00000    -40.78498      2.16382      0.00000
    -125.00000   -10.00000   500.00000    -40.72648      2.03231      0.00000
    -125.00000    -7.50000     0.13204     -6.11911      0.55795      0.00000
    -125.00000    -7.50000     0.80847     -6.50851     -0.42326      0.00000
    -125.00000    -7.50000     1.52714     -3.52624      2.09417      0.00000
    -125.00000    -7.50000     3.14410     -6.18582      1.49392      0.00000
    -125.00000    -7.50000     4.40866     -4.08694      0.58874      0.00000
    -125.00000    -7.50000     5.86584     -1.20904     -1.89221      0.00000
    -125.00000    -7.50000     7.59040     -5.37167      0.88111      0.00000
    -125.00000    -7.50000     9.71025     -3.32912      1.68891      0.00000
    -125.00000    -7.50000    10.97997      1.44279      2.37754      0.00000
    -125.00000    -7.50000    12.46326      5.07395      4.90896      0.00000
    -125.00000    -7.50000    14.27759      3.74754      5.67782      0.00000
    -125.00000    -7.50000    16.66871     -0.52915      1.07744      0.00000
    -125.00000    -7.50000    18.70741      2.68695      0.81271      0.00000
    -125.00000    -7.50000    20.00000     -0.17371      3.19227      0.00000
    -125.00000    -7.50000    20.72160     -2.17117      4.18951      0.00000
    -125.00000    -7.50000    23.85301    -23.89251      0.36127      0.00000
    -125.00000    -7.50000    26.44489    -25.42381      1.34692      0.00000
    -125.00000    -7.50000    30.99574    -24.82765      0.23583      0.00000
    -125.00000    -7.50000    40.00000    -40.17092      0.50271      0.00000
    -125.00000    -7.50000    60.00000      1.09956      3.28483      0.00000
    -125.00000    -7.50000    80.00000      9.46081    -17.57965      0.00000
    -125.00000    -7.50000   100.00000    -15.62341     -6.78638      0.00000
    -125.00000    -7.50000   120.00000    -12.46047    -23.03295      0.00000
    -125.00000    -7.50000   140.00000    -24.70606     58.16127      0.00000
    -125.00000    -7.50000   160.00000    -42.43214     67.67384      0.00000
    -125.00000    -7.50000   180.00000    -66.23763     64.81596      0.00000
    -125.00000    -7.50000   200.00000    -63.18864     51.00875      0.00000
    -125.00000    -7.50000   220.00000    -56.95071     38.87873      0.00000
    -125.00000    -7.50000   240.00000    -52.48105     30.18720      0.00000
    -125.00000    -7.50000   260.00000    -49.27839     23.95945      0.00000
    -125.00000    -7.50000   280.00000    -46.98359     19.49706      0.00000
    -125.00000    -7.50000   300.00000    -45.33929     16.29963      0.00000
    -125.00000    -7.50000   320.00000    -44.16110     14.00856      0.00000
    -125.00000    -7.50000   340.00000    -43.31689     12.36694      0.00000
    -125.00000    -7.50000   360.00000    -42.71199     11.19067      0.00000
    -125.00000    -7.50000   380.00000    -42.27855     10.34784      0.00000
    -125.00000    -7.50000   400.00000    -41.96799      9.74392      0.00000
    -125.00000    -7.50000   420.00000    -41.74545      9.31119      0.00000
    -125.00000    -7.50000   440.00000    -41.58600      9.00113      0.00000
    -125.00000    -7.50000   460.00000    -41.47175      8.77896      0.00000
    -125.00000    -7.50000   480.00000    -41.38988      8.61977      0.00000
    -125.00000    -7.50000   500.00000    -41.33123      8.50571      0.00000
    -125.00000    -5.00000     0.13204     -6.29687      0.44188      0.00000
    -125.00000    -5.00000     0.80847     -8.11318     -0.62828      0.00000
    -125.00000    -5.00000     1.52714     -5.93837      1.21279      0.00000
    -125.00000    -5.00000     3.14410     -8.85436      2.18016      0.00000
    -125.00000    -5.00000     4.40866     -4.24935      0.19209      0.00000
    -125.00000    -5.00000     5.86584      2.09890     -0.79935      0.00000
    -125.00000    -5.00000     7.59040     -2.28813      1.79299      0.00000
    -125.00000    -5.00000     9.71025     -0.12736      1.50373      0.00000
    -125.00000    -5.00000    10.97997      3.48717      2.56646      0.00000
    -125.00000    -5.00000    12.46326      7.84900      2.98627      0.00000
    -125.00000    -5.00000    14.27759      6.84311      3.48204      0.00000
    -125.00000    -5.00000    16.66871     -1.83981      1.53641      0.00000
    -125.00000    -5.00000    18.70741      2.58189      0.51156      0.00000
    -125.00000    -5.00000    20.00000     -0.77004      2.36665      0.00000
    -125.00000    -5.00000    20.72160     -2.92047      3.16260      0.00000
    -125.00000    -5.00000    23.85301    -23.60522     -0.91582      0.00000
    -125.00000    -5.00000    26.44489    -25.28078      1.19036      0.00000
    -125.00000    -5.00000    30.99574    -22.48815      0.18745      0.00000
    -125.00000    -5.00000    40.00000    -36.49113      0.28078      0.00000
    -125.00000    -5.00000    60.00000      5.36610      3.45146      0.00000
    -125.00000    -5.00000    80.00000     10.18295    -14.67718      0.00000
    -125.00000    -5.00000   100.00000    -16.50321     -0.30916      0.00000
    -125.00000    -5.00000   120.00000    -12.05192    -19.19357      0.00000
    -125.00000    -5.00000   140.00000    -23.40215     58.16886      0.00000
    -125.00000    -5.00000   160.00000    -43.64794     63.98630      0.00000
    -125.00000    -5.00000   180.00000    -67.20608     62.20462      0.00000
    -125.00000    -5.00000   200.00000    -64.32160     50.43632      0.00000
    -125.00000    -5.00000   220.00000    -58.29966     39.97647      0.00000
    -125.00000    -5.00000   240.00000    -53.98476     32.48166      0.00000
    -125.00000    -5.00000   260.00000    -50.89299     27.11139      0.00000
    -125.00000    -5.00000   280.00000    -48.67764     23.26343      0.00000
    -125.00000    -5.00000   300.00000    -47.09028     20.50624      0.00000
    -125.00000    -5.00000   320.00000    -45.95288     18.53063      0.00000
    -125.00000    -5.00000   340.00000    -45.13790     17.11504      0.00000
    -125.00000    -5.00000   360.00000    -44.55394     16.10073      0.00000
    -125.00000    -5.00000   380.00000    -44.13552     15.37394      0.00000
    -125.00000    -5.00000   400.00000    -43.83570     14.85318      0.00000
    -125.00000    -5.00000   420.00000    -43.62088     14.48003      0.00000
    -125.00000    -5.00000   440.00000    -43.46695     14.21266      0.00000
    -125.00000    -5.00000   460.00000    -43.35665     14.02108      0.00000
    -125.00000    -5.00000   480.00000    -43.27762     13.88381      0.00000
    -125.00000    -5.00000   500.00000    -43.22099     13.78545      0.00000
    -122.50000   -25.00000     0.13204      2.50000      1.50000      0.00000
    -122.50000   -25.00000     0.80847      3.28029      1.50000      0.00000
    -122.50000   -25.00000     1.52714      3.59281      1.20719      0.00000
    -122.50000   -25.00000     3.14410      2.90368     -1.58526      0.00000
    -122.50000   -25.00000     4.40866      3.80668      0.60256      0.00000
    -122.50000   -25.00000     5.86584      9.88283      2.91001      0.00000
    -122.50000   -25.00000     7.59040     19.12730      4.01196      0.00000
    -122.50000   -25.00000     9.71025     30.53080      4.71870      0.00000
    -122.50000   -25.00000    10.97997     34.13636      6.48745      0.00000
    -122.50000   -25.00000    12.46326     38.75348      7.58036      0.00000
    -122.50000   -25.00000    14.27759     37.43437      5.56145      0.00000
    -122.50000   -25.00000    16.66871     25.82498      0.14301      0.00000
    -122.50000   -25.00000    18.70741     14.34613      2.56134      0.00000
    -122.50000   -25.00000    20.00000      4.97393      4.18585      0.00000
    -122.50000   -25.00000    20.72160     -0.76006      4.60193      0.00000
    -122.50000   -25.00000    23.85301     -9.67214     -0.56747      0.00000
    -122.50000   -25.00000    26.44489    -12.86581      0.51197      0.00000
    -122.50000   -25.00000    30.99574    -24.94983      0.50554      0.00000
    -122.50000   -25.00000    40.00000    -40.49422      2.44644      0.00000
    -122.50000   -25.00000    60.00000    -39.26413     -3.72846      0.00000
    -122.50000   -25.00000    80.00000     -6.39466    -14.96110      0.00000
    -122.50000   -25.00000   100.00000     19.21598    -29.54864      0.00000
    -122.50000   -25.00000   120.00000    -25.12133    -24.22776      0.00000
    -122.50000   -25.00000   140.00000    -34.81100     31.88877      0.00000
    -122.50000   -25.00000   160.00000    -31.29358     63.44714      0.00000
    -122.50000   -25.00000   180.00000    -51.63494     60.46834      0.00000
    -122.50000   -25.00000   200.00000    -51.62038     38.27040      0.00000
    -122.50000   -25.00000   220.00000    -48.48588     18.73102      0.00000
    -122.50000   -25.00000   240.00000    -46.23991      4.73044      0.00000
    -122.50000   -25.00000   260.00000    -44.63060     -5.30141      0.00000
    -122.50000   -25.00000   280.00000    -43.47749    -12.48955      0.00000
    -122.50000   -25.00000   300.00000    -42.65124    -17.64007      0.00000
    -122.50000   -25.00000   320.00000    -42.05921    -21.33059      0.00000
    -122.50000   -25.00000   340.00000    -41.63500    -23.97495      0.00000
    -122.50000   -25.00000   360.00000    -41.33104    -25.86973      0.00000
    -122.50000   -25.00000   380.00000    -41.11324    -27.22739      0.00000
    -122.50000   -25.00000   400.00000    -40.95718    -28.20020      0.00000
    -122.50000   -25.00000   420.00000    -40.84536    -28.89725      0.00000
    -122.50000   -25.00000   440.00000    -40.76524    -29.39670      0.00000
    -122.50000   -25.00000   460.00000    -40.70783    -29.75458      0.00000
    -122.50000   -25.00000   480.00000    -40.66669    -30.01101      0.00000
    -122.50000   -25.00000   500.00000    -40.63722    -30.19475      0.00000
    -122.50000   -22.50000     0.13204      0.80000     -1.30000      0.00000
    -122.50000   -22.50000     0.80847      1.38435     -1.10521      0.00000
    -122.50000   -22.50000     1.52714      0.71584     -0.51358      0.00000
    -122.50000   -22.50000     3.14410      0.20232     -0.89814      0.00000
    -122.50000   -22.50000     4.40866      2.29600      1.59524      0.00000
    -122.50000   -22.50000     5.86584      7.31586      4.00261      0.00000
    -122.50000   -22.50000     7.59040     15.27406      5.30293      0.00000
    -122.50000   -22.50000     9.71025     25.39538      5.72981      0.00000
    -122.50000   -22.50000    10.97997     28.68580      6.70641      0.00000
    -122.50000   -22.50000    12.46326     34.29365      6.88093      0.00000
    -122.50000   -22.50000    14.27759     33.87509      6.03448      0.00000
    -122.50000   -22.50000    16.66871     26.53517     -2.08054      0.00000
    -122.50000   -22.50000    18.70741     15.46558      1.52851      0.00000
    -122.50000   -22.50000    20.00000      5.00871      3.74663      0.00000
    -122.50000   -22.50000    20.72160     -1.35041      4.51223      0.00000
    -122.50000   -22.50000    23.85301    -13.24280      0.30604      0.00000
    -122.50000   -22.50000    26.44489    -15.06357      0.51902      0.00000
    -122.50000   -22.50000    30.99574    -26.50456      0.55088      0.00000
    -122.50000   -22.50000    40.00000    -42.67315      2.40587      0.00000
    -122.50000   -22.50000    60.00000    -33.03166     -2.61602      0.00000
    -122.50000   -22.50000    80.00000     -2.50645    -17.30023      0.00000
    -122.50000   -22.50000   100.00000     12.80059    -29.93122      0.00000
    -122.50000   -22.50000   120.00000    -22.77456    -26.80119      0.00000
    -122.50000   -22.50000   140.00000    -34.15054     38.82465      0.00000
    -122.50000   -22.50000   160.00000    -33.93585     68.01704      0.00000
    -122.50000   -22.50000   180.00000    -56.06140     64.10178      0.00000
    -122.50000   -22.50000   200.00000    -55.16056     41.22073      0.00000
    -122.50000   -22.50000   220.00000    -50.97626     21.16865      0.00000
    -122.50000   -22.50000   240.00000    -47.97808      6.80072      0.00000
    -122.50000   -22.50000   260.00000    -45.82979     -3.49436      0.00000
    -122.50000   -22.50000   280.00000    -44.29047    -10.87111      0.00000
    -122.50000   -22.50000   300.00000    -43.18750    -16.15678      0.00000
    -122.50000   -22.50000   320.00000    -42.39719    -19.94413      0.00000
    -122.50000   -22.50000   340.00000    -41.83091    -22.65788      0.00000
    -122.50000   -22.50000   360.00000    -41.42514    -24.60237      0.00000
    -122.50000   -22.50000   380.00000    -41.13441    -25.99566      0.00000
    -122.50000   -22.50000   400.00000    -40.92608    -26.99399      0.00000
    -122.50000   -22.50000   420.00000    -40.77681    -27.70933      0.00000
    -122.50000   -22.50000   440.00000    -40.66985    -28.22189      0.00000
    -122.50000   -22.50000   460.00000    -40.59322    -28.58916      0.00000
    -122.50000   -22.50000   480.00000    -40.53830    -28.85231      0.00000
    -122.50000   -22.50000   500.00000    -40.49895    -29.04087      0.00000
    -122.50000   -20.00000     0.13204     -4.60000     -1.90000      0.00000
    -122.50000   -20.00000     0.80847     -4.69784     -2.09567      0.00000
    -122.50000   -20.00000     1.52714     -5.09317     -1.21536      0.00000
    -122.50000   -20.00000     3.14410     -3.80118     -0.20091      0.00000
    -122.50000   -20.00000     4.40866      0.39869      2.09928      0.00000
    -122.50000   -20.00000     5.86584      4.39569      4.39752      0.00000
    -122.50000   -20.00000     7.59040     10.49768      4.59992      0.00000
    -122.50000   -20.00000     9.71025     18.72400      5.00153      0.00000
    -122.50000   -20.00000    10.97997     23.44212      5.30476      0.00000
    -122.50000   -20.00000    12.46326     29.60546      6.01274      0.00000
    -122.50000   -20.00000    14.27759     30.42491      7.98415      0.00000
    -122.50000   -20.00000    16.66871     23.39141     -2.67848      0.00000
    -122.50000   -20.00000    18.70741     12.44042     -0.50801      0.00000
    -122.50000   -20.00000    20.00000      3.16826      2.04781      0.00000
    -122.50000   -20.00000    20.72160     -2.48539      3.12643      0.00000
    -122.50000   -20.00000    23.85301    -16.43053      1.06685      0.00000
    -122.50000   -20.00000    26.44489    -17.33869      0.38970      0.00000
    -122.50000   -20.00000    30.99574    -27.65763      0.55816      0.00000
    -122.50000   -20.00000    40.00000    -44.33906      2.23096      0.00000
    -122.50000   -20.00000    60.00000    -26.58385     -1.37888      0.00000
    -122.50000   -20.00000    80.00000      0.81880    -19.23173      0.00000
    -122.50000   -20.00000   100.00000      6.39362    -29.12814      0.00000
    -122.50000   -20.00000   120.00000    -20.26262    -28.48731      0.00000
    -122.50000   -20.00000   140.00000    -32.87020     45.16236      0.00000
    -122.50000   -20.00000   160.00000    -35.85326     71.33389      0.00000
    -122.50000   -20.00000   180.00000    -59.15464     66.61336      0.00000
    -122.50000   -20.00000   200.00000    -57.37951     43.86000      0.00000
    -122.50000   -20.00000   220.00000    -52.24667     24.01013      0.00000
    -122.50000   -20.00000   240.00000    -48.56882      9.78708      0.00000
    -122.50000   -20.00000   260.00000    -45.93353     -0.40418      0.00000
    -122.50000   -20.00000   280.00000    -44.04526     -7.70654      0.00000
    -122.50000   -20.00000   300.00000    -42.69226    -12.93891      0.00000
    -122.50000   -20.00000   320.00000    -41.72279    -16.68807      0.00000
    -122.50000   -20.00000   340.00000    -41.02813    -19.37446      0.00000
    -122.50000   -20.00000   360.00000    -40.53039    -21.29934      0.00000
    -122.50000   -20.00000   380.00000    -40.17374    -22.67857      0.00000
    -122.50000   -20.00000   400.00000    -39.91819    -23.66684      0.00000
    -122.50000   -20.00000   420.00000    -39.73508    -24.37497      0.00000
    -122.50000   -20.00000   440.00000    -39.60388    -24.88236      0.00000
    -122.50000   -20.00000   460.00000    -39.50986    -25.24592      0.00000
    -122.50000   -20.00000   480.00000    -39.44250    -25.50643      0.00000
    -122.50000   -20.00000   500.00000    -39.39424    -25.69308      0.00000
    -122.50000   -17.50000     0.13204     -8.50000     -0.50000      0.00000
    -122.50000   -17.50000     0.80847     -9.19313     -1.09411      0.00000
    -122.50000   -17.50000     1.52714     -8.60437     -0.30583      0.00000
    -122.50000   -17.50000     3.14410     -4.08706     -0.49317      0.00000
    -122.50000   -17.50000     4.40866     -0.49235      1.40765      0.00000
    -122.50000   -17.50000     5.86584      2.59667      4.49667      0.00000
    -122.50000   -17.50000     7.59040      7.06711      3.90438      0.00000
    -122.50000   -17.50000     9.71025     14.15114      3.50275      0.00000
    -122.50000   -17.50000    10.97997     19.43321      4.68488      0.00000
    -122.50000   -17.50000    12.46326     24.13930      6.47675      0.00000
    -122.50000   -17.50000    14.27759     25.88734      8.88213      0.00000
    -122.50000   -17.50000    16.66871     18.73601     -0.65199      0.00000
    -122.50000   -17.50000    18.70741      7.27643     -1.79269      0.00000
    -122.50000   -17.50000    20.00000      0.02184     -0.01194      0.00000
    -122.50000   -17.50000    20.72160     -4.37975      0.83301      0.00000
    -122.50000   -17.50000    23.85301    -18.10946      1.24059      0.00000
    -122.50000   -17.50000    26.44489    -19.46686      0.73488      0.00000
    -122.50000   -17.50000    30.99574    -28.30373      0.53309      0.00000
    -122.50000   -17.50000    40.00000    -45.30802      1.95118      0.00000
    -122.50000   -17.50000    60.00000    -20.17727     -0.12119      0.00000
    -122.50000   -17.50000    80.00000      3.56763    -20.58945      0.00000
    -122.50000   -17.50000   100.00000      0.28683    -27.00151      0.00000
    -122.50000   -17.50000   120.00000    -17.79215    -29.18304      0.00000
    -122.50000   -17.50000   140.00000    -31.12010     50.61528      0.00000
    -122.50000   -17.50000   160.00000    -37.18398     73.27252      0.00000
    -122.50000   -17.50000   180.00000    -61.15865     67.93208      0.00000
    -122.50000   -17.50000   200.00000    -58.57429     46.06477      0.00000
    -122.50000   -17.50000   220.00000    -52.62719     27.07822      0.00000
    -122.50000   -17.50000   240.00000    -48.36591     13.47376      0.00000
    -122.50000   -17.50000   260.00000    -45.31258      3.72574      0.00000
    -122.50000   -17.50000   280.00000    -43.12476     -3.25903      0.00000
    -122.50000   -17.50000   300.00000    -41.55712     -8.26383      0.00000
    -122.50000   -17.50000   320.00000    -40.43386    -11.84993      0.00000
    -122.50000   -17.50000   340.00000    -39.62901    -14.41948      0.00000
    -122.50000   -17.50000   360.00000    -39.05231    -16.26064      0.00000
    -122.50000   -17.50000   380.00000    -38.63908    -17.57989      0.00000
    -122.50000   -17.50000   400.00000    -38.34299    -18.52518      0.00000
    -122.50000   -17.50000   420.00000    -38.13084    -19.20250      0.00000
    -122.50000   -17.50000   440.00000    -37.97882    -19.68783      0.00000
    -122.50000   -17.50000   460.00000    -37.86990    -20.03558      0.00000
    -122.50000   -17.50000   480.00000    -37.79185    -20.28475      0.00000
    -122.50000   -17.50000   500.00000    -37.73592    -20.46329      0.00000
    -122.50000   -15.00000     0.13204     -8.30211      1.19849      0.00000
    -122.50000   -15.00000     0.80847     -8.99538      0.70231      0.00000
    -122.50000   -15.00000     1.52714     -7.58690      1.39604      0.00000
    -122.50000   -15.00000     3.14410     -0.00060     -0.89165      0.00000
    -122.50000   -15.00000     4.40866     -0.09501      0.51305      0.00000
    -122.50000   -15.00000     5.86584      1.20062      3.90005      0.00000
    -122.50000   -15.00000     7.59040      3.67319      4.09786      0.00000
    -122.50000   -15.00000     9.71025     10.51041      2.91558      0.00000
    -122.50000   -15.00000    10.97997     14.40482      6.02191      0.00000
    -122.50000   -15.00000    12.46326     16.55161      8.15160      0.00000
    -122.50000   -15.00000    14.27759     18.06656      7.71115      0.00000
    -122.50000   -15.00000    16.66871     14.63979      1.66935      0.00000
    -122.50000   -15.00000    18.70741      3.43618     -1.78902      0.00000
    -122.50000   -15.00000    20.00000     -2.55007     -0.83429      0.00000
    -122.50000   -15.00000    20.72160     -6.10843     -0.33694      0.00000
    -122.50000   -15.00000    23.85301    -19.16162      1.07122      0.00000
    -122.50000   -15.00000    26.44489    -21.28288      1.53839      0.00000
    -122.50000   -15.00000    30.99574    -28.36497      0.48290      0.00000
    -122.50000   -15.00000    40.00000    -45.43117      1.60299      0.00000
    -122.50000   -15.00000    60.00000    -14.03831      1.05180      0.00000
    -122.50000   -15.00000    80.00000      5.76047    -21.23620      0.00000
    -122.50000   -15.00000   100.00000     -5.21691    -23.53946      0.00000
    -122.50000   -15.00000   120.00000    -15.54991    -28.82276      0.00000
    -122.50000   -15.00000   140.00000    -29.10000     54.98650      0.00000
    -122.50000   -15.00000   160.00000    -38.12841     73.80595      0.00000
    -122.50000   -15.00000   180.00000    -62.39512     68.08815      0.00000
    -122.50000   -15.00000   200.00000    -59.11943     47.74357      0.00000
    -122.50000   -15.00000   220.00000    -52.52302     30.16396      0.00000
    -122.50000   -15.00000   240.00000    -47.79649     17.56762      0.00000
    -122.50000   -15.00000   260.00000    -44.40977      8.54195      0.00000
    -122.50000   -15.00000   280.00000    -41.98309      2.07477      0.00000
    -122.50000   -15.00000   300.00000    -40.24430     -2.55917      0.00000
    -122.50000   -15.00000   320.00000    -38.99840     -5.87953      0.00000
    -122.50000   -15.00000   340.00000    -38.10567     -8.25867      0.00000
    -122.50000   -15.00000   360.00000    -37.46600     -9.96340      0.00000
    -122.50000   -15.00000   380.00000    -37.00766    -11.18489      0.00000
    -122.50000   -15.00000   400.00000    -36.67924    -12.06013      0.00000
    -122.50000   -15.00000   420.00000    -36.44393    -12.68726      0.00000
    -122.50000   -15.00000   440.00000    -36.27531    -13.13662      0.00000
    -122.50000   -15.00000   460.00000    -36.15450    -13.45860      0.00000
    -122.50000   -15.00000   480.00000    -36.06792    -13.68931      0.00000
    -122.50000   -15.00000   500.00000    -36.00589    -13.85463      0.00000
    -122.50000   -12.50000     0.13204     -6.40148      2.09406      0.00000
    -122.50000   -12.50000     0.80847     -6.47260      1.71010      0.00000
    -122.50000   -12.50000     1.52714     -4.55595      2.38733      0.00000
    -122.50000   -12.50000     3.14410      2.68772      0.30176      0.00000
    -122.50000   -12.50000     4.40866     -0.10221      0.70410      0.00000
    -122.50000   -12.50000     5.86584     -0.79973      1.99949      0.00000
    -122.50000   -12.50000     7.59040     -0.40452      3.87853      0.00000
    -122.50000   -12.50000     9.71025      5.60943      3.40742      0.00000
    -122.50000   -12.50000    10.97997      7.73892      7.18656      0.00000
    -122.50000   -12.50000    12.46326      8.38374      9.14851      0.00000
    -122.50000   -12.50000    14.27759      8.88613      6.38047      0.00000
    -122.50000   -12.50000    16.66871     10.47905      2.45106      0.00000
    -122.50000   -12.50000    18.70741      1.88653     -0.99575      0.00000
    -122.50000   -12.50000    20.00000     -3.06014      0.54462      0.00000
    -122.50000   -12.50000    20.72160     -6.02327      1.26647      0.00000
    -122.50000   -12.50000    23.85301    -20.58977      1.21776      0.00000
    -122.50000   -12.50000    26.44489    -22.85943      2.09670      0.00000
    -122.50000   -12.50000    30.99574    -27.79767      0.41596      0.00000
    -122.50000   -12.50000    40.00000    -44.60897      1.22657      0.00000
    -122.50000   -12.50000    60.00000     -8.34214      2.04541      0.00000
    -122.50000   -12.50000    80.00000      7.44501    -21.07202      0.00000
    -122.50000   -12.50000   100.00000     -9.83778    -18.86470      0.00000
    -122.50000   -12.50000   120.00000    -13.67822    -27.38657      0.00000
    -122.50000   -12.50000   140.00000    -27.02853     58.17244      0.00000
    -122.50000   -12.50000   160.00000    -38.91599     72.99708      0.00000
    -122.50000   -12.50000   180.00000    -63.20734     67.20029      0.00000
    -122.50000   -12.50000   200.00000    -59.40610     48.84278      0.00000
    -122.50000   -12.50000   220.00000    -52.35258     33.04993      0.00000
    -122.50000   -12.50000   240.00000    -47.29851     21.73386      0.00000
    -122.50000   -12.50000   260.00000    -43.67711     13.62554      0.00000
    -122.50000   -12.50000   280.00000    -41.08227      7.81568      0.00000
    -122.50000   -12.50000   300.00000    -39.22298      3.65273      0.00000
    -122.50000   -12.50000   320.00000    -37.89074      0.66984      0.00000
    -122.50000   -12.50000   340.00000    -36.93615     -1.46748      0.00000
    -122.50000   -12.50000   360.00000    -36.25216     -2.99895      0.00000
    -122.50000   -12.50000   380.00000    -35.76205     -4.09629      0.00000
    -122.50000   -12.50000   400.00000    -35.41088     -4.88257      0.00000
    -122.50000   -12.50000   420.00000    -35.15926     -5.44596      0.00000
    -122.50000   -12.50000   440.00000    -34.97895     -5.84965      0.00000
    -122.50000   -12.50000   460.00000    -34.84977     -6.13891      0.00000
    -122.50000   -12.50000   480.00000    -34.75720     -6.34617      0.00000
    -122.50000   -12.50000   500.00000    -34.69087     -6.49468      0.00000
    -122.50000   -10.00000     0.13204     -5.39763      2.18105      0.00000
    -122.50000   -10.00000     0.80847     -5.24664      1.42135      0.00000
    -122.50000   -10.00000     1.52714     -2.77542      2.40594      0.00000
    -122.50000   -10.00000     3.14410      0.09496      3.09533      0.00000
    -122.50000   -10.00000     4.40866     -1.30315      1.79371      0.00000
    -122.50000   -10.00000     5.86584     -2.29756     -0.19512      0.00000
    -122.50000   -10.00000     7.59040     -3.58825      2.57470      0.00000
    -122.50000   -10.00000     9.71025      1.13109      3.97990      0.00000
    -122.50000   -10.00000    10.97997      2.75350      5.74768      0.00000
    -122.50000   -10.00000    12.46326      3.86731      7.64353      0.00000
    -122.50000   -10.00000    14.27759      3.31669      6.04728      0.00000
    -122.50000   -10.00000    16.66871      5.37250      1.46023      0.00000
    -122.50000   -10.00000    18.70741      1.47538     -0.17683      0.00000
    -122.50000   -10.00000    20.00000     -1.98079      2.87124      0.00000
    -122.50000   -10.00000    20.72160     -4.21299      4.22465      0.00000
    -122.50000   -10.00000    23.85301    -22.32579      1.53157      0.00000
    -122.50000   -10.00000    26.44489    -24.22504      1.84122      0.00000
    -122.50000   -10.00000    30.99574    -26.59599      0.34151      0.00000
    -122.50000   -10.00000    40.00000    -42.80077      0.86231      0.00000
    -122.50000   -10.00000    60.00000     -3.19736      2.78592      0.00000
    -122.50000   -10.00000    80.00000      8.68885    -20.04092      0.00000
    -122.50000   -10.00000   100.00000    -13.35339    -13.22889      0.00000
    -122.50000   -10.00000   120.00000    -12.25601    -24.90577      0.00000
    -122.50000   -10.00000   140.00000    -25.11024     60.15668      0.00000
    -122.50000   -10.00000   160.00000    -39.76801     70.98338      0.00000
    -122.50000   -10.00000   180.00000    -63.90401     65.45652      0.00000
    -122.50000   -10.00000   200.00000    -59.78086     49.35075      0.00000
    -122.50000   -10.00000   220.00000    -52.48442     35.53613      0.00000
    -122.50000   -10.00000   240.00000    -47.25630     25.63752      0.00000
    -122.50000   -10.00000   260.00000    -43.51019     18.54485      0.00000
    -122.50000   -10.00000   280.00000    -40.82598     13.46274      0.00000
    -122.50000   -10.00000   300.00000    -38.90266      9.82124      0.00000
    -122.50000   -10.00000   320.00000    -37.52454      7.21200      0.00000
    -122.50000   -10.00000   340.00000    -36.53708      5.34239      0.00000
    -122.50000   -10.00000   360.00000    -35.82953      4.00276      0.00000
    -122.50000   -10.00000   380.00000    -35.32255      3.04287      0.00000
    -122.50000   -10.00000   400.00000    -34.95928      2.35508      0.00000
    -122.50000   -10.00000   420.00000    -34.69899      1.86226      0.00000
    -122.50000   -10.00000   440.00000    -34.51248      1.50914      0.00000
    -122.50000   -10.00000   460.00000    -34.37884      1.25611      0.00000
    -122.50000   -10.00000   480.00000    -34.28308      1.07481      0.00000
    -122.50000   -10.00000   500.00000    -34.21447      0.94491      0.00000
    -122.50000    -7.50000     0.13204     -5.51773      1.76750      0.00000
    -122.50000    -7.50000     0.80847     -6.02113      0.73307      0.00000
    -122.50000    -7.50000     1.52714     -3.01909      2.03182      0.00000
    -122.50000    -7.50000     3.14410     -5.09035      5.48464      0.00000
    -122.50000    -7.50000     4.40866     -2.89464      1.98699      0.00000
    -122.50000    -7.50000     5.86584     -1.50341     -1.39171      0.00000
    -122.50000    -7.50000     7.59040     -3.98458      1.38273      0.00000
    -122.50000    -7.50000     9.71025     -0.05544      3.66812      0.00000
    -122.50000    -7.50000    10.97997      2.23145      3.11788      0.00000
    -122.50000    -7.50000    12.46326      4.42883      4.45471      0.00000
    -122.50000    -7.50000    14.27759      3.53002      5.46998      0.00000
    -122.50000    -7.50000    16.66871      1.13349      0.37256      0.00000
    -122.50000    -7.50000    18.70741      1.28499      0.72787      0.00000
    -122.50000    -7.50000    20.00000     -0.80125      4.00448      0.00000
    -122.50000    -7.50000    20.72160     -2.35850      5.40924      0.00000
    -122.50000    -7.50000    23.85301    -23.65886      1.14342      0.00000
    -122.50000    -7.50000    26.44489    -25.25659      1.17902      0.00000
    -122.50000    -7.50000    30.99574    -24.79189      0.26924      0.00000
    -122.50000    -7.50000    40.00000    -40.02847      0.54742      0.00000
    -122.50000    -7.50000    60.00000      1.36194      3.22821      0.00000
    -122.50000    -7.50000    80.00000      9.57236    -18.13589      0.00000
    -122.50000    -7.50000   100.00000    -15.62893     -6.99269      0.00000
    -122.50000    -7.50000   120.00000    -11.28806    -21.46441      0.00000
    -122.50000    -7.50000   140.00000    -23.50485     60.99578      0.00000
    -122.50000    -7.50000   160.00000    -40.86118     67.95702      0.00000
    -122.50000    -7.50000   180.00000    -64.71040     63.09105      0.00000
    -122.50000    -7.50000   200.00000    -60.49187     49.29992      0.00000
    -122.50000    -7.50000   220.00000    -53.18064     37.46545      0.00000
    -122.50000    -7.50000   240.00000    -47.94193     28.98569      0.00000
    -122.50000    -7.50000   260.00000    -44.18822     22.90967      0.00000
    -122.50000    -7.50000   280.00000    -41.49857     18.55602      0.00000
    -122.50000    -7.50000   300.00000    -39.57135     15.43649      0.00000
    -122.50000    -7.50000   320.00000    -38.19044     13.20124      0.00000
    -122.50000    -7.50000   340.00000    -37.20097     11.59962      0.00000
    -122.50000    -7.50000   360.00000    -36.49199     10.45201      0.00000
    -122.50000    -7.50000   380.00000    -35.98398      9.62971      0.00000
    -122.50000    -7.50000   400.00000    -35.61998      9.04051      0.00000
    -122.50000    -7.50000   420.00000    -35.35915      8.61833      0.00000
    -122.50000    -7.50000   440.00000    -35.17227      8.31582      0.00000
    -122.50000    -7.50000   460.00000    -35.03836      8.09906      0.00000
    -122.50000    -7.50000   480.00000    -34.94241      7.94375      0.00000
    -122.50000    -7.50000   500.00000    -34.87366      7.83247      0.00000
    -122.50000    -5.00000     0.13204     -6.07274      1.46172      0.00000
    -122.50000    -5.00000     0.80847     -7.81040      0.53090      0.00000
    -122.50000    -5.00000     1.52714     -5.02272      1.53925      0.00000
    -122.50000    -5.00000     3.14410     -7.17631      5.27022      0.00000
    -122.50000    -5.00000     4.40866     -3.66917      0.88557      0.00000
    -122.50000    -5.00000     5.86584      0.99912     -1.29912      0.00000
    -122.50000    -5.00000     7.59040     -2.49056      2.19056      0.00000
    -122.50000    -5.00000     9.71025      2.04067      3.08839      0.00000
    -122.50000    -5.00000    10.97997      4.42494      2.51877      0.00000
    -122.50000    -5.00000    12.46326      7.39892      1.92022      0.00000
    -122.50000    -5.00000    14.27759      7.40348      3.25121      0.00000
    -122.50000    -5.00000    16.66871     -0.08081      0.34705      0.00000
    -122.50000    -5.00000    18.70741      2.18850      1.01188      0.00000
    -122.50000    -5.00000    20.00000     -0.03978      2.94759      0.00000
    -122.50000    -5.00000    20.72160     -1.66487      3.74405      0.00000
    -122.50000    -5.00000    23.85301    -24.15593     -0.21057      0.00000
    -122.50000    -5.00000    26.44489    -25.51887      0.90942      0.00000
    -122.50000    -5.00000    30.99574    -22.45172      0.20895      0.00000
    -122.50000    -5.00000    40.00000    -36.37427      0.31304      0.00000
    -122.50000    -5.00000    60.00000      5.37574      3.36002      0.00000
    -122.50000    -5.00000    80.00000     10.18261    -15.40187      0.00000
    -122.50000    -5.00000   100.00000    -16.63896     -0.59296      0.00000
    -122.50000    -5.00000   120.00000    -10.70357    -17.19639      0.00000
    -122.50000    -5.00000   140.00000    -22.30263     60.79980      0.00000
    -122.50000    -5.00000   160.00000    -42.29642     64.14297      0.00000
    -122.50000    -5.00000   180.00000    -65.73332     60.36006      0.00000
    -122.50000    -5.00000   200.00000    -61.64961     48.76635      0.00000
    -122.50000    -5.00000   220.00000    -54.55418     38.74541      0.00000
    -122.50000    -5.00000   240.00000    -49.47008     31.56510      0.00000
    -122.50000    -5.00000   260.00000    -45.82717     26.42018      0.00000
    -122.50000    -5.00000   280.00000    -43.21690     22.73368      0.00000
    -122.50000    -5.00000   300.00000    -41.34657     20.09220      0.00000
    -122.50000    -5.00000   320.00000    -40.00642     18.19948      0.00000
    -122.50000    -5.00000   340.00000    -39.04615     16.84330      0.00000
    -122.50000    -5.00000   360.00000    -38.35809     15.87155      0.00000
    -122.50000    -5.00000   380.00000    -37.86508     15.17526      0.00000
    -122.50000    -5.00000   400.00000    -37.51182     14.67635      0.00000
    -122.50000    -5.00000   420.00000    -37.25870     14.31886      0.00000
    -122.50000    -5.00000   440.00000    -37.07733     14.06271      0.00000
    -122.50000    -5.00000   460.00000    -36.94737     13.87917      0.00000
    -122.50000    -5.00000   480.00000    -36.85425     13.74766      0.00000
    -122.50000    -5.00000   500.00000    -36.78753     13.65342      0.00000
    -120.00000   -25.00000     0.13204      4.50000     -1.40000      0.00000
    -120.00000   -25.00000     0.80847      5.56801     -0.72036      0.00000
    -120.00000   -25.00000     1.52714      5.30844      0.07750      0.00000
    -120.00000   -25.00000     3.14410      3.91085     -1.38838      0.00000
    -120.00000   -25.00000     4.40866      3.90173      0.50168      0.00000
    -120.00000   -25.00000     5.86584      8.10237      4.50436      0.00000
    -120.00000   -25.00000     7.59040     17.67451      4.93660      0.00000
    -120.00000   -25.00000     9.71025     29.69601      6.65540      0.00000
    -120.00000   -25.00000    10.97997     33.79710      8.75734      0.00000
    -120.00000   -25.00000    12.46326     38.65576     10.41242      0.00000
    -120.00000   -25.00000    14.27759     37.48032      6.21161      0.00000
    -120.00000   -25.00000    16.66871     27.36103     -2.42150      0.00000
    -120.00000   -25.00000    18.70741     13.72999      0.48331      0.00000
    -120.00000   -25.00000    20.00000      4.31819      2.60253      0.00000
    -120.00000   -25.00000    20.72160     -1.38970      3.38909      0.00000
    -120.00000   -25.00000    23.85301     -9.14871      0.01674      0.00000
    -120.00000   -25.00000    26.44489    -13.15807     -0.57314      0.00000
    -120.00000   -25.00000    30.99574    -25.02109      0.50428      0.00000
    -120.00000   -25.00000    40.00000    -40.61935      2.44430      0.00000
    -120.00000   -25.00000    60.00000    -37.73280     -3.32704      0.00000
    -120.00000   -25.00000    80.00000     -5.73320    -14.79281      0.00000
    -120.00000   -25.00000   100.00000     20.12389    -29.15741      0.00000
    -120.00000   -25.00000   120.00000    -25.15865    -24.18158      0.00000
    -120.00000   -25.00000   140.00000    -33.91185     34.96095      0.00000
    -120.00000   -25.00000   160.00000    -30.14583     65.64888      0.00000
    -120.00000   -25.00000   180.00000    -50.52866     60.25626      0.00000
    -120.00000   -25.00000   200.00000    -49.08548     37.87239      0.00000
    -120.00000   -25.00000   220.00000    -44.64124     18.51998      0.00000
    -120.00000   -25.00000   240.00000    -41.45681      4.65337      0.00000
    -120.00000   -25.00000   260.00000    -39.17506     -5.28249      0.00000
    -120.00000   -25.00000   280.00000    -37.54012    -12.40184      0.00000
    -120.00000   -25.00000   300.00000    -36.36864    -17.50309      0.00000
    -120.00000   -25.00000   320.00000    -35.52923    -21.15828      0.00000
    -120.00000   -25.00000   340.00000    -34.92776    -23.77735      0.00000
    -120.00000   -25.00000   360.00000    -34.49680    -25.65399      0.00000
    -120.00000   -25.00000   380.00000    -34.18800    -26.99866      0.00000
    -120.00000   -25.00000   400.00000    -33.96673    -27.96216      0.00000
    -120.00000   -25.00000   420.00000    -33.80819    -28.65254      0.00000
    -120.00000   -25.00000   440.00000    -33.69459    -29.14722      0.00000
    -120.00000   -25.00000   460.00000    -33.61319    -29.50167      0.00000
    -120.00000   -25.00000   480.00000    -33.55487    -29.75564      0.00000
    -120.00000   -25.00000   500.00000    -33.51307    -29.93763      0.00000
    -120.00000   -22.50000     0.13204      2.30000     -2.10000      0.00000
    -120.00000   -22.50000     0.80847      2.87896     -1.52104      0.00000
    -120.00000   -22.50000     1.52714      1.83410     -0.72480      0.00000
    -120.00000   -22.50000     3.14410      1.20466     -0.99767      0.00000
    -120.00000   -22.50000     4.40866      3.19459     -0.00271      0.00000
    -120.00000   -22.50000     5.86584      6.33279      3.10603      0.00000
    -120.00000   -22.50000     7.59040     15.10833      4.72248      0.00000
    -120.00000   -22.50000     9.71025     25.70952      6.94154      0.00000
    -120.00000   -22.50000    10.97997     28.70213      8.03887      0.00000
    -120.00000   -22.50000    12.46326     33.71898      8.90892      0.00000
    -120.00000   -22.50000    14.27759     34.00483      6.17352      0.00000
    -120.00000   -22.50000    16.66871     28.31220     -5.05332      0.00000
    -120.00000   -22.50000    18.70741     14.38912     -0.86495      0.00000
    -120.00000   -22.50000    20.00000      4.57570      2.23736      0.00000
    -120.00000   -22.50000    20.72160     -1.42247      3.57045      0.00000
    -120.00000   -22.50000    23.85301    -13.38866      1.02176      0.00000
    -120.00000   -22.50000    26.44489    -14.93433     -0.62949      0.00000
    -120.00000   -22.50000    30.99574    -26.57771      0.56344      0.00000
    -120.00000   -22.50000    40.00000    -42.76694      2.42206      0.00000
    -120.00000   -22.50000    60.00000    -31.58400     -2.27378      0.00000
    -120.00000   -22.50000    80.00000     -1.93147    -17.10891      0.00000
    -120.00000   -22.50000   100.00000     13.60432    -29.65487      0.00000
    -120.00000   -22.50000   120.00000    -22.69446    -26.71489      0.00000
    -120.00000   -22.50000   140.00000    -33.09781     41.88015      0.00000
    -120.00000   -22.50000   160.00000    -32.54804     69.85981      0.00000
    -120.00000   -22.50000   180.00000    -54.66510     63.66349      0.00000
    -120.00000   -22.50000   200.00000    -52.37016     40.55210      0.00000
    -120.00000   -22.50000   220.00000    -46.91431     20.62440      0.00000
    -120.00000   -22.50000   240.00000    -43.00502      6.34557      0.00000
    -120.00000   -22.50000   260.00000    -40.20389     -3.88565      0.00000
    -120.00000   -22.50000   280.00000    -38.19680    -11.21664      0.00000
    -120.00000   -22.50000   300.00000    -36.75865    -16.46952      0.00000
    -120.00000   -22.50000   320.00000    -35.72817    -20.23338      0.00000
    -120.00000   -22.50000   340.00000    -34.98980    -22.93030      0.00000
    -120.00000   -22.50000   360.00000    -34.46074    -24.86273      0.00000
    -120.00000   -22.50000   380.00000    -34.08165    -26.24738      0.00000
    -120.00000   -22.50000   400.00000    -33.81002    -27.23952      0.00000
    -120.00000   -22.50000   420.00000    -33.61539    -27.95042      0.00000
    -120.00000   -22.50000   440.00000    -33.47593    -28.45980      0.00000
    -120.00000   -22.50000   460.00000    -33.37600    -28.82479      0.00000
    -120.00000   -22.50000   480.00000    -33.30440    -29.08632      0.00000
    -120.00000   -22.50000   500.00000    -33.25309    -29.27371      0.00000
    -120.00000   -20.00000     0.13204     -4.40000     -1.10000      0.00000
    -120.00000   -20.00000     0.80847     -4.69082     -1.29388      0.00000
    -120.00000   -20.00000     1.52714     -5.08982     -0.81272      0.00000
    -120.00000   -20.00000     3.14410     -2.80783     -1.49762      0.00000
    -120.00000   -20.00000     4.40866      1.39535     -1.50000      0.00000
    -120.00000   -20.00000     5.86584      4.80533      1.30183      0.00000
    -120.00000   -20.00000     7.59040     11.21351      3.50334      0.00000
    -120.00000   -20.00000     9.71025     19.73555      5.60099      0.00000
    -120.00000   -20.00000    10.97997     23.37208      5.71588      0.00000
    -120.00000   -20.00000    12.46326     29.21442      7.00665      0.00000
    -120.00000   -20.00000    14.27759     30.41605      7.41038      0.00000
    -120.00000   -20.00000    16.66871     24.53946     -5.46473      0.00000
    -120.00000   -20.00000    18.70741     11.57345     -2.61614      0.00000
    -120.00000   -20.00000    20.00000      3.32504      0.50943      0.00000
    -120.00000   -20.00000    20.72160     -1.81566      1.99547      0.00000
    -120.00000   -20.00000    23.85301    -17.44211      1.42904      0.00000
    -120.00000   -20.00000    26.44489    -16.74088     -0.87088      0.00000
    -120.00000   -20.00000    30.99574    -27.72120      0.58364      0.00000
    -120.00000   -20.00000    40.00000    -44.38529      2.26317      0.00000
    -120.00000   -20.00000    60.00000    -25.26008     -1.10821      0.00000
    -120.00000   -20.00000    80.00000      1.31438    -19.05857      0.00000
    -120.00000   -20.00000   100.00000      7.08873    -28.94575      0.00000
    -120.00000   -20.00000   120.00000    -20.04884    -28.29423      0.00000
    -120.00000   -20.00000   140.00000    -31.70203     48.17693      0.00000
    -120.00000   -20.00000   160.00000    -34.25985     72.79389      0.00000
    -120.00000   -20.00000   180.00000    -57.54248     65.94509      0.00000
    -120.00000   -20.00000   200.00000    -54.41121     42.94561      0.00000
    -120.00000   -20.00000   220.00000    -48.04218     23.18038      0.00000
    -120.00000   -20.00000   240.00000    -43.47857      9.01798      0.00000
    -120.00000   -20.00000   260.00000    -40.20860     -1.12983      0.00000
    -120.00000   -20.00000   280.00000    -37.86557     -8.40105      0.00000
    -120.00000   -20.00000   300.00000    -36.18671    -13.61111      0.00000
    -120.00000   -20.00000   320.00000    -34.98375    -17.34428      0.00000
    -120.00000   -20.00000   340.00000    -34.12180    -20.01921      0.00000
    -120.00000   -20.00000   360.00000    -33.50418    -21.93589      0.00000
    -120.00000   -20.00000   380.00000    -33.06164    -23.30924      0.00000
    -120.00000   -20.00000   400.00000    -32.74454    -24.29330      0.00000
    -120.00000   -20.00000   420.00000    -32.51734    -24.99840      0.00000
    -120.00000   -20.00000   440.00000    -32.35453    -25.50363      0.00000
    -120.00000   -20.00000   460.00000    -32.23788    -25.86564      0.00000
    -120.00000   -20.00000   480.00000    -32.15430    -26.12504      0.00000
    -120.00000   -20.00000   500.00000    -32.09440    -26.31090      0.00000
    -120.00000   -17.50000     0.13204     -9.20000      0.40000      0.00000
    -120.00000   -17.50000     0.80847    -10.18129     -0.38503      0.00000
    -120.00000   -17.50000     1.52714     -9.50903     -0.10387      0.00000
    -120.00000   -17.50000     3.14410     -3.69646     -2.90061      0.00000
    -120.00000   -17.50000     4.40866     -0.79482     -3.39559      0.00000
    -120.00000   -17.50000     5.86584      3.90314      0.60240      0.00000
    -120.00000   -17.50000     7.59040      7.67881      3.48383      0.00000
    -120.00000   -17.50000     9.71025     14.46285      3.79836      0.00000
    -120.00000   -17.50000    10.97997     18.56446      4.39480      0.00000
    -120.00000   -17.50000    12.46326     23.85655      6.87950      0.00000
    -120.00000   -17.50000    14.27759     26.19181      8.39466      0.00000
    -120.00000   -17.50000    16.66871     19.01481     -3.07635      0.00000
    -120.00000   -17.50000    18.70741      6.61323     -3.29819      0.00000
    -120.00000   -17.50000    20.00000      0.00228     -1.83934      0.00000
    -120.00000   -17.50000    20.72160     -4.07229     -1.02738      0.00000
    -120.00000   -17.50000    23.85301    -19.63171      1.18573      0.00000
    -120.00000   -17.50000    26.44489    -18.69135     -0.64099      0.00000
    -120.00000   -17.50000    30.99574    -28.34809      0.56873      0.00000
    -120.00000   -17.50000    40.00000    -45.29676      1.99521      0.00000
    -120.00000   -17.50000    60.00000    -19.01557      0.07011      0.00000
    -120.00000   -17.50000    80.00000      3.98790    -20.47822      0.00000
    -120.00000   -17.50000   100.00000      0.86975    -26.89938      0.00000
    -120.00000   -17.50000   120.00000    -17.42436    -28.80799      0.00000
    -120.00000   -17.50000   140.00000    -29.87758     53.57417      0.00000
    -120.00000   -17.50000   160.00000    -35.43996     74.35279      0.00000
    -120.00000   -17.50000   180.00000    -59.40800     67.03337      0.00000
    -120.00000   -17.50000   200.00000    -55.50308     44.93643      0.00000
    -120.00000   -17.50000   220.00000    -48.34982     26.02459      0.00000
    -120.00000   -17.50000   240.00000    -43.22428     12.47366      0.00000
    -120.00000   -17.50000   260.00000    -39.55168      2.76400      0.00000
    -120.00000   -17.50000   280.00000    -36.92014     -4.19328      0.00000
    -120.00000   -17.50000   300.00000    -35.03456     -9.17839      0.00000
    -120.00000   -17.50000   320.00000    -33.68348    -12.75037      0.00000
    -120.00000   -17.50000   340.00000    -32.71540    -15.30981      0.00000
    -120.00000   -17.50000   360.00000    -32.02173    -17.14373      0.00000
    -120.00000   -17.50000   380.00000    -31.52470    -18.45779      0.00000
    -120.00000   -17.50000   400.00000    -31.16856    -19.39935      0.00000
    -120.00000   -17.50000   420.00000    -30.91337    -20.07402      0.00000
    -120.00000   -17.50000   440.00000    -30.73052    -20.55743      0.00000
    -120.00000   -17.50000   460.00000    -30.59951    -20.90381      0.00000
    -120.00000   -17.50000   480.00000    -30.50563    -21.15201      0.00000
    -120.00000   -17.50000   500.00000    -30.43836    -21.32985      0.00000
    -120.00000   -15.00000     0.13204     -9.20000      1.50000      0.00000
    -120.00000   -15.00000     0.80847    -10.29734      0.60217      0.00000
    -120.00000   -15.00000     1.52714     -9.09595      0.69817      0.00000
    -120.00000   -15.00000     3.14410     -0.70477     -3.10168      0.00000
    -120.00000   -15.00000     4.40866     -2.38812     -3.68837      0.00000
    -120.00000   -15.00000     5.86584      2.40156      1.00288      0.00000
    -120.00000   -15.00000     7.59040      4.28180      4.46647      0.00000
    -120.00000   -15.00000     9.71025      9.83779      3.01666      0.00000
    -120.00000   -15.00000    10.97997     12.83625      5.93625      0.00000
    -120.00000   -15.00000    12.46326     16.33343      8.55055      0.00000
    -120.00000   -15.00000    14.27759     19.05021      8.10922      0.00000
    -120.00000   -15.00000    16.66871     14.34036      0.26643      0.00000
    -120.00000   -15.00000    18.70741      2.35643     -3.08448      0.00000
    -120.00000   -15.00000    20.00000     -3.61008     -3.09444      0.00000
    -120.00000   -15.00000    20.72160     -7.09044     -2.93141      0.00000
    -120.00000   -15.00000    23.85301    -20.37675      0.96303      0.00000
    -120.00000   -15.00000    26.44489    -20.76558      0.22202      0.00000
    -120.00000   -15.00000    30.99574    -28.38401      0.52457      0.00000
    -120.00000   -15.00000    40.00000    -45.36097      1.65353      0.00000
    -120.00000   -15.00000    60.00000    -13.07343      1.16151      0.00000
    -120.00000   -15.00000    80.00000      6.10556    -21.22907      0.00000
    -120.00000   -15.00000   100.00000     -4.75014    -23.51113      0.00000
    -120.00000   -15.00000   120.00000    -15.00742    -28.18972      0.00000
    -120.00000   -15.00000   140.00000    -27.82438     57.87779      0.00000
    -120.00000   -15.00000   160.00000    -36.30413     74.53357      0.00000
    -120.00000   -15.00000   180.00000    -60.57754     66.96400      0.00000
    -120.00000   -15.00000   200.00000    -56.00897     46.44009      0.00000
    -120.00000   -15.00000   220.00000    -48.22947     28.95945      0.00000
    -120.00000   -15.00000   240.00000    -42.65521     16.43403      0.00000
    -120.00000   -15.00000   260.00000    -38.66108      7.45917      0.00000
    -120.00000   -15.00000   280.00000    -35.79916      1.02840      0.00000
    -120.00000   -15.00000   300.00000    -33.74850     -3.57944      0.00000
    -120.00000   -15.00000   320.00000    -32.27914     -6.88111      0.00000
    -120.00000   -15.00000   340.00000    -31.22630     -9.24685      0.00000
    -120.00000   -15.00000   360.00000    -30.47191    -10.94199      0.00000
    -120.00000   -15.00000   380.00000    -29.93136    -12.15660      0.00000
    -120.00000   -15.00000   400.00000    -29.54404    -13.02691      0.00000
    -120.00000   -15.00000   420.00000    -29.26651    -13.65052      0.00000
    -120.00000   -15.00000   440.00000    -29.06766    -14.09735      0.00000
    -120.00000   -15.00000   460.00000    -28.92517    -14.41752      0.00000
    -120.00000   -15.00000   480.00000    -28.82308    -14.64693      0.00000
    -120.00000   -15.00000   500.00000    -28.74992    -14.81131      0.00000
    -120.00000   -12.50000     0.13204     -6.90937      2.29063      0.00000
    -120.00000   -12.50000     0.80847     -7.78664      1.39795      0.00000
    -120.00000   -12.50000     1.52714     -6.45672      1.19134      0.00000
    -120.00000   -12.50000     3.14410      1.49113     -0.40242      0.00000
    -120.00000   -12.50000     4.40866     -2.89053     -1.59116      0.00000
    -120.00000   -12.50000     5.86584      0.10020      1.20082      0.00000
    -120.00000   -12.50000     7.59040      0.89279      4.47025      0.00000
    -120.00000   -12.50000     9.71025      5.44250      3.61125      0.00000
    -120.00000   -12.50000    10.97997      6.37736      7.98681      0.00000
    -120.00000   -12.50000    12.46326      8.45157      9.85849      0.00000
    -120.00000   -12.50000    14.27759     10.15753      7.75496      0.00000
    -120.00000   -12.50000    16.66871     10.39772      1.86722      0.00000
    -120.00000   -12.50000    18.70741      0.08941     -2.59924      0.00000
    -120.00000   -12.50000    20.00000     -5.31974     -2.20850      0.00000
    -120.00000   -12.50000    20.72160     -8.36814     -1.88109      0.00000
    -120.00000   -12.50000    23.85301    -21.05209      1.22402      0.00000
    -120.00000   -12.50000    26.44489    -22.67407      1.23567      0.00000
    -120.00000   -12.50000    30.99574    -27.79002      0.45880      0.00000
    -120.00000   -12.50000    40.00000    -44.48804      1.27803      0.00000
    -120.00000   -12.50000    60.00000     -7.60404      2.07729      0.00000
    -120.00000   -12.50000    80.00000      7.71071    -21.20526      0.00000
    -120.00000   -12.50000   100.00000     -9.49273    -18.90970      0.00000
    -120.00000   -12.50000   120.00000    -12.94384    -26.42719      0.00000
    -120.00000   -12.50000   140.00000    -25.75927     60.98017      0.00000
    -120.00000   -12.50000   160.00000    -37.09065     73.41829      0.00000
    -120.00000   -12.50000   180.00000    -61.38075     65.86316      0.00000
    -120.00000   -12.50000   200.00000    -56.30200     47.40966      0.00000
    -120.00000   -12.50000   220.00000    -48.08096     31.77548      0.00000
    -120.00000   -12.50000   240.00000    -42.19032     20.57311      0.00000
    -120.00000   -12.50000   260.00000    -37.96950     12.54626      0.00000
    -120.00000   -12.50000   280.00000    -34.94515      6.79476      0.00000
    -120.00000   -12.50000   300.00000    -32.77811      2.67364      0.00000
    -120.00000   -12.50000   320.00000    -31.22535     -0.27927      0.00000
    -120.00000   -12.50000   340.00000    -30.11276     -2.39513      0.00000
    -120.00000   -12.50000   360.00000    -29.31555     -3.91121      0.00000
    -120.00000   -12.50000   380.00000    -28.74432     -4.99752      0.00000
    -120.00000   -12.50000   400.00000    -28.33502     -5.77590      0.00000
    -120.00000   -12.50000   420.00000    -28.04174     -6.33363      0.00000
    -120.00000   -12.50000   440.00000    -27.83160     -6.73327      0.00000
    -120.00000   -12.50000   460.00000    -27.68102     -7.01962      0.00000
    -120.00000   -12.50000   480.00000    -27.57313     -7.22480      0.00000
    -120.00000   -12.50000   500.00000    -27.49583     -7.37181      0.00000
    -120.00000   -10.00000     0.13204     -5.81661      2.97716      0.00000
    -120.00000   -10.00000     0.80847     -6.55803      1.89201      0.00000
    -120.00000   -10.00000     1.52714     -4.46360      1.52201      0.00000
    -120.00000   -10.00000     3.14410     -0.20484      4.09436      0.00000
    -120.00000   -10.00000     4.40866     -2.59653      1.29716      0.00000
    -120.00000   -10.00000     5.86584     -1.50043      0.40035      0.00000
    -120.00000   -10.00000     7.59040     -1.00337      2.68452      0.00000
    -120.00000   -10.00000     9.71025      2.55508      4.77380      0.00000
    -120.00000   -10.00000    10.97997      2.21006      7.43209      0.00000
    -120.00000   -10.00000    12.46326      3.95375      8.37687      0.00000
    -120.00000   -10.00000    14.27759      4.00000      7.32931      0.00000
    -120.00000   -10.00000    16.66871      6.56707      1.47472      0.00000
    -120.00000   -10.00000    18.70741     -0.72806     -1.98359      0.00000
    -120.00000   -10.00000    20.00000     -4.22780      0.00181      0.00000
    -120.00000   -10.00000    20.72160     -6.32839      1.01398      0.00000
    -120.00000   -10.00000    23.85301    -22.23489      1.42232      0.00000
    -120.00000   -10.00000    26.44489    -24.07171      1.73445      0.00000
    -120.00000   -10.00000    30.99574    -26.56557      0.38066      0.00000
    -120.00000   -10.00000    40.00000    -42.64689      0.90965      0.00000
    -120.00000   -10.00000    60.00000     -2.71008      2.74945      0.00000
    -120.00000   -10.00000    80.00000      8.86666    -20.34105      0.00000
    -120.00000   -10.00000   100.00000    -13.13798    -13.35038      0.00000
    -120.00000   -10.00000   120.00000    -11.31972    -23.56759      0.00000
    -120.00000   -10.00000   140.00000    -23.88382     62.85485      0.00000
    -120.00000   -10.00000   160.00000    -38.02238     71.15714      0.00000
    -120.00000   -10.00000   180.00000    -62.10702     63.92793      0.00000
    -120.00000   -10.00000   200.00000    -56.70647     47.83929      0.00000
    -120.00000   -10.00000   220.00000    -48.25112     34.27630      0.00000
    -120.00000   -10.00000   240.00000    -42.19260     24.55800      0.00000
    -120.00000   -10.00000   260.00000    -37.85148     17.59453      0.00000
    -120.00000   -10.00000   280.00000    -34.74093     12.60499      0.00000
    -120.00000   -10.00000   300.00000    -32.51213      9.02982      0.00000
    -120.00000   -10.00000   320.00000    -30.91512      6.46810      0.00000
    -120.00000   -10.00000   340.00000    -29.77081      4.63255      0.00000
    -120.00000   -10.00000   360.00000    -28.95088      3.31732      0.00000
    -120.00000   -10.00000   380.00000    -28.36337      2.37492      0.00000
    -120.00000   -10.00000   400.00000    -27.94241      1.69966      0.00000
    -120.00000   -10.00000   420.00000    -27.64077      1.21581      0.00000
    -120.00000   -10.00000   440.00000    -27.42464      0.86912      0.00000
    -120.00000   -10.00000   460.00000    -27.26977      0.62071      0.00000
    -120.00000   -10.00000   480.00000    -27.15881      0.44271      0.00000
    -120.00000   -10.00000   500.00000    -27.07930      0.31517      0.00000
    -120.00000    -7.50000     0.13204     -6.22527      3.56350      0.00000
    -120.00000    -7.50000     0.80847     -7.02051      2.28314      0.00000
    -120.00000    -7.50000     1.52714     -3.79818      1.65179      0.00000
    -120.00000    -7.50000     3.14410     -3.59460      7.28237      0.00000
    -120.00000    -7.50000     4.40866     -2.09425      2.38697      0.00000
    -120.00000    -7.50000     5.86584     -0.60161     -0.99635      0.00000
    -120.00000    -7.50000     7.59040     -1.29649      1.48748      0.00000
    -120.00000    -7.50000     9.71025      2.35047      5.44646      0.00000
    -120.00000    -7.50000    10.97997      2.01100      4.81924      0.00000
    -120.00000    -7.50000    12.46326      3.74658      4.89703      0.00000
    -120.00000    -7.50000    14.27759      3.50850      5.96882      0.00000
    -120.00000    -7.50000    16.66871      4.19083      0.47335      0.00000
    -120.00000    -7.50000    18.70741     -0.41201     -0.97409      0.00000
    -120.00000    -7.50000    20.00000     -1.81938      1.62761      0.00000
    -120.00000    -7.50000    20.72160     -2.95797      2.85589      0.00000
    -120.00000    -7.50000    23.85301    -23.36689      0.86917      0.00000
    -120.00000    -7.50000    26.44489    -24.89785      1.65701      0.00000
    -120.00000    -7.50000    30.99574    -24.74790      0.30055      0.00000
    -120.00000    -7.50000    40.00000    -39.86776      0.58689      0.00000
    -120.00000    -7.50000    60.00000      1.58132      3.13772      0.00000
    -120.00000    -7.50000    80.00000      9.65011    -18.61662      0.00000
    -120.00000    -7.50000   100.00000    -15.55355     -7.19431      0.00000
    -120.00000    -7.50000   120.00000    -10.14994    -19.71797      0.00000
    -120.00000    -7.50000   140.00000    -22.35439     63.54424      0.00000
    -120.00000    -7.50000   160.00000    -39.27016     67.94758      0.00000
    -120.00000    -7.50000   180.00000    -62.95924     61.40232      0.00000
    -120.00000    -7.50000   200.00000    -57.44710     47.76557      0.00000
    -120.00000    -7.50000   220.00000    -48.98006     36.30342      0.00000
    -120.00000    -7.50000   240.00000    -42.91317     28.09043      0.00000
    -120.00000    -7.50000   260.00000    -38.56606     22.20556      0.00000
    -120.00000    -7.50000   280.00000    -35.45121     17.98887      0.00000
    -120.00000    -7.50000   300.00000    -33.21932     14.96748      0.00000
    -120.00000    -7.50000   320.00000    -31.62011     12.80256      0.00000
    -120.00000    -7.50000   340.00000    -30.47422     11.25132      0.00000
    -120.00000    -7.50000   360.00000    -29.65315     10.13982      0.00000
    -120.00000    -7.50000   380.00000    -29.06483      9.34339      0.00000
    -120.00000    -7.50000   400.00000    -28.64329      8.77272      0.00000
    -120.00000    -7.50000   420.00000    -28.34123      8.36382      0.00000
    -120.00000    -7.50000   440.00000    -28.12480      8.07083      0.00000
    -120.00000    -7.50000   460.00000    -27.96972      7.86089      0.00000
    -120.00000    -7.50000   480.00000    -27.85860      7.71047      0.00000
    -120.00000    -7.50000   500.00000    -27.77898      7.60268      0.00000
    -120.00000    -5.00000     0.13204     -6.85428      3.46268      0.00000
    -120.00000    -5.00000     0.80847     -8.29295      2.37465      0.00000
    -120.00000    -5.00000     1.52714     -4.59709      1.54951      0.00000
    -120.00000    -5.00000     3.14410     -4.28860      6.57201      0.00000
    -120.00000    -5.00000     4.40866     -2.08129      1.17921      0.00000
    -120.00000    -5.00000     5.86584      1.49860     -2.79845      0.00000
    -120.00000    -5.00000     7.59040     -1.29082      2.68198      0.00000
    -120.00000    -5.00000     9.71025      3.43141      5.55856      0.00000
    -120.00000    -5.00000    10.97997      3.98395      3.76101      0.00000
    -120.00000    -5.00000    12.46326      5.83718      1.86282      0.00000
    -120.00000    -5.00000    14.27759      7.25421      3.15421      0.00000
    -120.00000    -5.00000    16.66871      4.44055      0.34055      0.00000
    -120.00000    -5.00000    18.70741      1.89086      0.11058      0.00000
    -120.00000    -5.00000    20.00000      0.45755      1.49620      0.00000
    -120.00000    -5.00000    20.72160     -0.79604      2.11321      0.00000
    -120.00000    -5.00000    23.85301    -24.08249     -0.18477      0.00000
    -120.00000    -5.00000    26.44489    -25.02896      1.44224      0.00000
    -120.00000    -5.00000    30.99574    -22.40775      0.22955      0.00000
    -120.00000    -5.00000    40.00000    -36.23862      0.34265      0.00000
    -120.00000    -5.00000    60.00000      5.31792      3.23338      0.00000
    -120.00000    -5.00000    80.00000     10.14547    -16.06218      0.00000
    -120.00000    -5.00000   100.00000    -16.71565     -0.87548      0.00000
    -120.00000    -5.00000   120.00000     -9.37579    -15.04023      0.00000
    -120.00000    -5.00000   140.00000    -21.25815     63.14260      0.00000
    -120.00000    -5.00000   160.00000    -40.92199     64.01233      0.00000
    -120.00000    -5.00000   180.00000    -64.02146     58.55201      0.00000
    -120.00000    -5.00000   200.00000    -58.61255     47.26638      0.00000
    -120.00000    -5.00000   220.00000    -50.36114     37.75756      0.00000
    -120.00000    -5.00000   240.00000    -44.44875     30.94419      0.00000
    -120.00000    -5.00000   260.00000    -40.21234     26.06220      0.00000
    -120.00000    -5.00000   280.00000    -37.17682     22.56410      0.00000
    -120.00000    -5.00000   300.00000    -35.00177     20.05760      0.00000
    -120.00000    -5.00000   320.00000    -33.44329     18.26162      0.00000
    -120.00000    -5.00000   340.00000    -32.32658     16.97474      0.00000
    -120.00000    -5.00000   360.00000    -31.52643     16.05265      0.00000
    -120.00000    -5.00000   380.00000    -30.95309     15.39194      0.00000
    -120.00000    -5.00000   400.00000    -30.54228     14.91853      0.00000
    -120.00000    -5.00000   420.00000    -30.24792     14.57931      0.00000
    -120.00000    -5.00000   440.00000    -30.03700     14.33625      0.00000
    -120.00000    -5.00000   460.00000    -29.88587     14.16209      0.00000
    -120.00000    -5.00000   480.00000    -29.77758     14.03730      0.00000
    -120.00000    -5.00000   500.00000    -29.69999     13.94788      0.00000
    -117.50000   -25.00000     0.13204      3.90000     -6.10000      0.00000
    -117.50000   -25.00000     0.80847      5.63412     -5.52196      0.00000
    -117.50000   -25.00000     1.52714      5.60324     -3.17774      0.00000
    -117.50000   -25.00000     3.14410      4.51058     -1.51538      0.00000
    -117.50000   -25.00000     4.40866      5.50135     -0.59827      0.00000
    -117.50000   -25.00000     5.86584      8.81552      3.51726      0.00000
    -117.50000   -25.00000     7.59040     17.69729      4.86314      0.00000
    -117.50000   -25.00000     9.71025     29.08982      7.42394      0.00000
    -117.50000   -25.00000    10.97997     33.81146     10.13512      0.00000
    -117.50000   -25.00000    12.46326     38.25901     12.25727      0.00000
    -117.50000   -25.00000    14.27759     37.26203      6.46614      0.00000
    -117.50000   -25.00000    16.66871     28.87310     -4.90987      0.00000
    -117.50000   -25.00000    18.70741     13.83919     -1.81267      0.00000
    -117.50000   -25.00000    20.00000      4.08183      0.54898      0.00000
    -117.50000   -25.00000    20.72160     -1.78856      1.60967      0.00000
    -117.50000   -25.00000    23.85301    -10.06373      1.06939      0.00000
    -117.50000   -25.00000    26.44489    -13.17091     -1.78561      0.00000
    -117.50000   -25.00000    30.99574    -25.09267      0.49472      0.00000
    -117.50000   -25.00000    40.00000    -40.74677      2.42187      0.00000
    -117.50000   -25.00000    60.00000    -36.01561     -2.90616      0.00000
    -117.50000   -25.00000    80.00000     -5.06195    -14.53072      0.00000
    -117.50000   -25.00000   100.00000     21.05288    -28.71747      0.00000
    -117.50000   -25.00000   120.00000    -25.20039    -23.93575      0.00000
    -117.50000   -25.00000   140.00000    -33.02651     38.04794      0.00000
    -117.50000   -25.00000   160.00000    -29.00545     67.73001      0.00000
    -117.50000   -25.00000   180.00000    -49.37693     60.05655      0.00000
    -117.50000   -25.00000   200.00000    -46.37649     37.59443      0.00000
    -117.50000   -25.00000   220.00000    -40.51382     18.50578      0.00000
    -117.50000   -25.00000   240.00000    -36.31303      4.82815      0.00000
    -117.50000   -25.00000   260.00000    -33.30304     -4.97229      0.00000
    -117.50000   -25.00000   280.00000    -31.14628    -11.99461      0.00000
    -117.50000   -25.00000   300.00000    -29.60090    -17.02633      0.00000
    -117.50000   -25.00000   320.00000    -28.49359    -20.63171      0.00000
    -117.50000   -25.00000   340.00000    -27.70016    -23.21508      0.00000
    -117.50000   -25.00000   360.00000    -27.13165    -25.06615      0.00000
    -117.50000   -25.00000   380.00000    -26.72429    -26.39249      0.00000
    -117.50000   -25.00000   400.00000    -26.43240    -27.34286      0.00000
    -117.50000   -25.00000   420.00000    -26.22326    -28.02383      0.00000
    -117.50000   -25.00000   440.00000    -26.07340    -28.51176      0.00000
    -117.50000   -25.00000   460.00000    -25.96602    -28.86139      0.00000
    -117.50000   -25.00000   480.00000    -25.88908    -29.11190      0.00000
    -117.50000   -25.00000   500.00000    -25.83395    -29.29140      0.00000
    -117.50000   -22.50000     0.13204      1.30000     -3.90000      0.00000
    -117.50000   -22.50000     0.80847      2.06596     -3.80425      0.00000
    -117.50000   -22.50000     1.52714      1.61764     -2.15997      0.00000
    -117.50000   -22.50000     3.14410      1.89711     -0.71348      0.00000
    -117.50000   -22.50000     4.40866      5.28806     -1.69649      0.00000
    -117.50000   -22.50000     5.86584      7.84535      0.81549      0.00000
    -117.50000   -22.50000     7.59040     16.12031      3.64010      0.00000
    -117.50000   -22.50000     9.71025     26.03902      6.96951      0.00000
    -117.50000   -22.50000    10.97997     29.31960      8.60065      0.00000
    -117.50000   -22.50000    12.46326     33.92231     10.52601      0.00000
    -117.50000   -22.50000    14.27759     34.24737      6.23367      0.00000
    -117.50000   -22.50000    16.66871     30.03697     -7.16529      0.00000
    -117.50000   -22.50000    18.70741     14.20723     -3.36130      0.00000
    -117.50000   -22.50000    20.00000      4.68462      0.61171      0.00000
    -117.50000   -22.50000    20.72160     -1.17417      2.51409      0.00000
    -117.50000   -22.50000    23.85301    -14.43541      1.73752      0.00000
    -117.50000   -22.50000    26.44489    -14.81380     -1.96060      0.00000
    -117.50000   -22.50000    30.99574    -26.64969      0.56753      0.00000
    -117.50000   -22.50000    40.00000    -42.86069      2.41785      0.00000
    -117.50000   -22.50000    60.00000    -29.98283     -1.91915      0.00000
    -117.50000   -22.50000    80.00000     -1.35312    -16.81977      0.00000
    -117.50000   -22.50000   100.00000     14.45365    -29.33287      0.00000
    -117.50000   -22.50000   120.00000    -22.63710    -26.41777      0.00000
    -117.50000   -22.50000   140.00000    -32.06162     44.88371      0.00000
    -117.50000   -22.50000   160.00000    -31.15510     71.54636      0.00000
    -117.50000   -22.50000   180.00000    -53.18268     63.24986      0.00000
    -117.50000   -22.50000   200.00000    -49.37212     40.02965      0.00000
    -117.50000   -22.50000   220.00000    -42.54662     20.30885      0.00000
    -117.50000   -22.50000   240.00000    -37.65594      6.17828      0.00000
    -117.50000   -22.50000   260.00000    -34.15161     -3.94672      0.00000
    -117.50000   -22.50000   280.00000    -31.64065    -11.20159      0.00000
    -117.50000   -22.50000   300.00000    -29.84146    -16.39994      0.00000
    -117.50000   -22.50000   320.00000    -28.55230    -20.12472      0.00000
    -117.50000   -22.50000   340.00000    -27.62856    -22.79364      0.00000
    -117.50000   -22.50000   360.00000    -26.96668    -24.70600      0.00000
    -117.50000   -22.50000   380.00000    -26.49242    -26.07627      0.00000
    -117.50000   -22.50000   400.00000    -26.15260    -27.05811      0.00000
    -117.50000   -22.50000   420.00000    -25.90911    -27.76163      0.00000
    -117.50000   -22.50000   440.00000    -25.73464    -28.26573      0.00000
    -117.50000   -22.50000   460.00000    -25.60962    -28.62692      0.00000
    -117.50000   -22.50000   480.00000    -25.52005    -28.88573      0.00000
    -117.50000   -22.50000   500.00000    -25.45586    -29.07118      0.00000
    -117.50000   -20.00000     0.13204     -5.00000     -0.70000      0.00000
    -117.50000   -20.00000     0.80847     -5.38479     -1.18098      0.00000
    -117.50000   -20.00000     1.52714     -5.10892     -0.61783      0.00000
    -117.50000   -20.00000     3.14410     -2.01828     -1.09705      0.00000
    -117.50000   -20.00000     4.40866      2.87900     -3.58928      0.00000
    -117.50000   -20.00000     5.86584      6.10849     -1.49420      0.00000
    -117.50000   -20.00000     7.59040     12.11653      2.60558      0.00000
    -117.50000   -20.00000     9.71025     20.14177      5.29877      0.00000
    -117.50000   -20.00000    10.97997     23.59619      5.24402      0.00000
    -117.50000   -20.00000    12.46326     29.42179      7.88600      0.00000
    -117.50000   -20.00000    14.27759     30.71081      6.74335      0.00000
    -117.50000   -20.00000    16.66871     25.69765     -7.06065      0.00000
    -117.50000   -20.00000    18.70741     11.60072     -4.31959      0.00000
    -117.50000   -20.00000    20.00000      4.07517     -0.26043      0.00000
    -117.50000   -20.00000    20.72160     -0.75104      1.76636      0.00000
    -117.50000   -20.00000    23.85301    -18.44219      1.43589      0.00000
    -117.50000   -20.00000    26.44489    -16.37036     -2.11635      0.00000
    -117.50000   -20.00000    30.99574    -27.78188      0.60100      0.00000
    -117.50000   -20.00000    40.00000    -44.42852      2.27607      0.00000
    -117.50000   -20.00000    60.00000    -23.81762     -0.83333      0.00000
    -117.50000   -20.00000    80.00000      1.80630    -18.78498      0.00000
    -117.50000   -20.00000   100.00000      7.85231    -28.72205      0.00000
    -117.50000   -20.00000   120.00000    -19.87306    -27.88486      0.00000
    -117.50000   -20.00000   140.00000    -30.55613     51.07549      0.00000
    -117.50000   -20.00000   160.00000    -32.65513     74.06339      0.00000
    -117.50000   -20.00000   180.00000    -55.80936     65.31356      0.00000
    -117.50000   -20.00000   200.00000    -51.20576     42.19999      0.00000
    -117.50000   -20.00000   220.00000    -43.51150     22.60487      0.00000
    -117.50000   -20.00000   240.00000    -37.99831      8.56435      0.00000
    -117.50000   -20.00000   260.00000    -34.04794     -1.49612      0.00000
    -117.50000   -20.00000   280.00000    -31.21737     -8.70477      0.00000
    -117.50000   -20.00000   300.00000    -29.18919    -13.86999      0.00000
    -117.50000   -20.00000   320.00000    -27.73593    -17.57103      0.00000
    -117.50000   -20.00000   340.00000    -26.69462    -20.22294      0.00000
    -117.50000   -20.00000   360.00000    -25.94849    -22.12312      0.00000
    -117.50000   -20.00000   380.00000    -25.41387    -23.48465      0.00000
    -117.50000   -20.00000   400.00000    -25.03079    -24.46024      0.00000
    -117.50000   -20.00000   420.00000    -24.75631    -25.15927      0.00000
    -117.50000   -20.00000   440.00000    -24.55963    -25.66015      0.00000
    -117.50000   -20.00000   460.00000    -24.41870    -26.01905      0.00000
    -117.50000   -20.00000   480.00000    -24.31773    -26.27621      0.00000
    -117.50000   -20.00000   500.00000    -24.24537    -26.46048      0.00000
    -117.50000   -17.50000     0.13204     -9.20000      1.30000      0.00000
    -117.50000   -17.50000     0.80847    -10.27449      0.51855      0.00000
    -117.50000   -17.50000     1.52714     -9.21881      0.50000      0.00000
    -117.50000   -17.50000     3.14410     -3.91140     -2.29397      0.00000
    -117.50000   -17.50000     4.40866     -0.90569     -5.19450      0.00000
    -117.50000   -17.50000     5.86584      4.00092     -1.39888      0.00000
    -117.50000   -17.50000     7.59040      7.68362      3.08007      0.00000
    -117.50000   -17.50000     9.71025     13.87491      3.29919      0.00000
    -117.50000   -17.50000    10.97997     17.67906      3.30000      0.00000
    -117.50000   -17.50000    12.46326     23.87429      7.08424      0.00000
    -117.50000   -17.50000    14.27759     26.69806      7.59696      0.00000
    -117.50000   -17.50000    16.66871     18.90291     -4.59544      0.00000
    -117.50000   -17.50000    18.70741      7.03171     -4.00659      0.00000
    -117.50000   -17.50000    20.00000      1.01592     -1.92011      0.00000
    -117.50000   -17.50000    20.72160     -2.83111     -0.77505      0.00000
    -117.50000   -17.50000    23.85301    -20.58110      0.58719      0.00000
    -117.50000   -17.50000    26.44489    -18.14130     -1.82267      0.00000
    -117.50000   -17.50000    30.99574    -28.38789      0.59705      0.00000
    -117.50000   -17.50000    40.00000    -45.27925      2.02202      0.00000
    -117.50000   -17.50000    60.00000    -17.77095      0.25703      0.00000
    -117.50000   -17.50000    80.00000      4.39723    -20.26563      0.00000
    -117.50000   -17.50000   100.00000      1.54013    -26.76156      0.00000
    -117.50000   -17.50000   120.00000    -17.10548    -28.21676      0.00000
    -117.50000   -17.50000   140.00000    -28.66533     56.35945      0.00000
    -117.50000   -17.50000   160.00000    -33.68359     75.21132      0.00000
    -117.50000   -17.50000   180.00000    -57.50699     66.18260      0.00000
    -117.50000   -17.50000   200.00000    -52.16858     43.99497      0.00000
    -117.50000   -17.50000   220.00000    -43.72727     25.24352      0.00000
    -117.50000   -17.50000   240.00000    -37.67881     11.80752      0.00000
    -117.50000   -17.50000   260.00000    -33.34489      2.18020      0.00000
    -117.50000   -17.50000   280.00000    -30.23951     -4.71807      0.00000
    -117.50000   -17.50000   300.00000    -28.01440     -9.66090      0.00000
    -117.50000   -17.50000   320.00000    -26.42004    -13.20259      0.00000
    -117.50000   -17.50000   340.00000    -25.27764    -15.74032      0.00000
    -117.50000   -17.50000   360.00000    -24.45907    -17.55869      0.00000
    -117.50000   -17.50000   380.00000    -23.87254    -18.86160      0.00000
    -117.50000   -17.50000   400.00000    -23.45227    -19.79519      0.00000
    -117.50000   -17.50000   420.00000    -23.15113    -20.46412      0.00000
    -117.50000   -17.50000   440.00000    -22.93536    -20.94344      0.00000
    -117.50000   -17.50000   460.00000    -22.78075    -21.28688      0.00000
    -117.50000   -17.50000   480.00000    -22.66997    -21.53297      0.00000
    -117.50000   -17.50000   500.00000    -22.59059    -21.70930      0.00000
    -117.50000   -15.00000     0.13204     -8.90000      2.00000      0.00000
    -117.50000   -15.00000     0.80847    -10.38749      1.20667      0.00000
    -117.50000   -15.00000     1.52714     -9.10223      0.80069      0.00000
    -117.50000   -15.00000     3.14410     -2.70181     -2.49906      0.00000
    -117.50000   -15.00000     4.40866     -4.09763     -5.09784      0.00000
    -117.50000   -15.00000     5.86584      1.60057      0.10100      0.00000
    -117.50000   -15.00000     7.59040      3.88321      4.07080      0.00000
    -117.50000   -15.00000     9.71025      8.05930      2.11938      0.00000
    -117.50000   -15.00000    10.97997     11.14145      4.65089      0.00000
    -117.50000   -15.00000    12.46326     16.22014      8.53893      0.00000
    -117.50000   -15.00000    14.27759     20.13672      8.10811      0.00000
    -117.50000   -15.00000    16.66871     13.15663     -1.42343      0.00000
    -117.50000   -15.00000    18.70741      2.77957     -2.98852      0.00000
    -117.50000   -15.00000    20.00000     -3.29006     -3.12259      0.00000
    -117.50000   -15.00000    20.72160     -6.85550     -3.01931      0.00000
    -117.50000   -15.00000    23.85301    -21.20606      0.23670      0.00000
    -117.50000   -15.00000    26.44489    -20.27474     -0.81964      0.00000
    -117.50000   -15.00000    30.99574    -28.39708      0.56002      0.00000
    -117.50000   -15.00000    40.00000    -45.28131      1.68961      0.00000
    -117.50000   -15.00000    60.00000    -12.06087      1.25857      0.00000
    -117.50000   -15.00000    80.00000      6.43260    -21.12154      0.00000
    -117.50000   -15.00000   100.00000     -4.18291    -23.45381      0.00000
    -117.50000   -15.00000   120.00000    -14.51957    -27.34601      0.00000
    -117.50000   -15.00000   140.00000    -26.58845     60.54742      0.00000
    -117.50000   -15.00000   160.00000    -34.46991     75.01296      0.00000
    -117.50000   -15.00000   180.00000    -58.58480     65.89753      0.00000
    -117.50000   -15.00000   200.00000    -52.61171     45.33656      0.00000
    -117.50000   -15.00000   220.00000    -43.57240     28.03839      0.00000
    -117.50000   -15.00000   240.00000    -37.09545     15.64371      0.00000
    -117.50000   -15.00000   260.00000    -32.45452      6.76253      0.00000
    -117.50000   -15.00000   280.00000    -29.12914      0.39889      0.00000
    -117.50000   -15.00000   300.00000    -26.74640     -4.16085      0.00000
    -117.50000   -15.00000   320.00000    -25.03910     -7.42806      0.00000
    -117.50000   -15.00000   340.00000    -23.81576     -9.76911      0.00000
    -117.50000   -15.00000   360.00000    -22.93920    -11.44655      0.00000
    -117.50000   -15.00000   380.00000    -22.31112    -12.64848      0.00000
    -117.50000   -15.00000   400.00000    -21.86108    -13.50971      0.00000
    -117.50000   -15.00000   420.00000    -21.53861    -14.12680      0.00000
    -117.50000   -15.00000   440.00000    -21.30755    -14.56897      0.00000
    -117.50000   -15.00000   460.00000    -21.14199    -14.88580      0.00000
    -117.50000   -15.00000   480.00000    -21.02336    -15.11281      0.00000
    -117.50000   -15.00000   500.00000    -20.93836    -15.27548      0.00000
    -117.50000   -12.50000     0.13204     -7.10896      2.49463      0.00000
    -117.50000   -12.50000     0.80847     -8.59329      1.59451      0.00000
    -117.50000   -12.50000     1.52714     -7.47452      0.69624      0.00000
    -117.50000   -12.50000     3.14410     -1.40155     -0.20112      0.00000
    -117.50000   -12.50000     4.40866     -4.98887     -2.79060      0.00000
    -117.50000   -12.50000     5.86584     -0.49860      1.00207      0.00000
    -117.50000   -12.50000     7.59040      1.18955      3.48463      0.00000
    -117.50000   -12.50000     9.71025      3.57453      2.60955      0.00000
    -117.50000   -12.50000    10.97997      4.87139      7.68557      0.00000
    -117.50000   -12.50000    12.46326      8.62264     10.24910      0.00000
    -117.50000   -12.50000    14.27759     11.62843      8.54294      0.00000
    -117.50000   -12.50000    16.66871      8.93538      0.69983      0.00000
    -117.50000   -12.50000    18.70741      0.11532     -2.39478      0.00000
    -117.50000   -12.50000    20.00000     -5.97666     -3.16640      0.00000
    -117.50000   -12.50000    20.72160     -9.34006     -3.36939      0.00000
    -117.50000   -12.50000    23.85301    -21.69045      0.55749      0.00000
    -117.50000   -12.50000    26.44489    -22.45316      0.55079      0.00000
    -117.50000   -12.50000    30.99574    -27.77538      0.49673      0.00000
    -117.50000   -12.50000    40.00000    -44.35478      1.31815      0.00000
    -117.50000   -12.50000    60.00000     -6.85172      2.08928      0.00000
    -117.50000   -12.50000    80.00000      7.95180    -21.24122      0.00000
    -117.50000   -12.50000   100.00000     -9.04185    -18.93294      0.00000
    -117.50000   -12.50000   120.00000    -12.26455    -25.26774      0.00000
    -117.50000   -12.50000   140.00000    -24.53950     63.52987      0.00000
    -117.50000   -12.50000   160.00000    -35.25921     73.57117      0.00000
    -117.50000   -12.50000   180.00000    -59.35788     64.59153      0.00000
    -117.50000   -12.50000   200.00000    -52.88950     46.18425      0.00000
    -117.50000   -12.50000   220.00000    -43.42748     30.78819      0.00000
    -117.50000   -12.50000   240.00000    -36.64765     19.75644      0.00000
    -117.50000   -12.50000   260.00000    -31.78969     11.85184      0.00000
    -117.50000   -12.50000   280.00000    -28.30881      6.18794      0.00000
    -117.50000   -12.50000   300.00000    -25.81465      2.12959      0.00000
    -117.50000   -12.50000   320.00000    -24.02750     -0.77835      0.00000
    -117.50000   -12.50000   340.00000    -22.74696     -2.86198      0.00000
    -117.50000   -12.50000   360.00000    -21.82941     -4.35497      0.00000
    -117.50000   -12.50000   380.00000    -21.17196     -5.42474      0.00000
    -117.50000   -12.50000   400.00000    -20.70087     -6.19126      0.00000
    -117.50000   -12.50000   420.00000    -20.36332     -6.74050      0.00000
    -117.50000   -12.50000   440.00000    -20.12146     -7.13405      0.00000
    -117.50000   -12.50000   460.00000    -19.94816     -7.41604      0.00000
    -117.50000   -12.50000   480.00000    -19.82398     -7.61809      0.00000
    -117.50000   -12.50000   500.00000    -19.73500     -7.76287      0.00000
    -117.50000   -10.00000     0.13204     -6.73110      3.77098      0.00000
    -117.50000   -10.00000     0.80847     -8.16281      2.37211      0.00000
    -117.50000   -10.00000     1.52714     -6.16855      0.91965      0.00000
    -117.50000   -10.00000     3.14410     -2.20365      3.39045      0.00000
    -117.50000   -10.00000     4.40866     -3.48962      0.00115      0.00000
    -117.50000   -10.00000     5.86584     -0.79845      0.30211      0.00000
    -117.50000   -10.00000     7.59040      0.29640      1.79509      0.00000
    -117.50000   -10.00000     9.71025      1.78342      4.76684      0.00000
    -117.50000   -10.00000    10.97997      1.50661      8.61411      0.00000
    -117.50000   -10.00000    12.46326      4.23376      9.57871      0.00000
    -117.50000   -10.00000    14.27759      5.17702      8.23575      0.00000
    -117.50000   -10.00000    16.66871      6.28379      1.00759      0.00000
    -117.50000   -10.00000    18.70741     -1.01855     -2.10055      0.00000
    -117.50000   -10.00000    20.00000     -5.36642     -2.21754      0.00000
    -117.50000   -10.00000    20.72160     -7.83217     -2.13193      0.00000
    -117.50000   -10.00000    23.85301    -22.56898      0.89300      0.00000
    -117.50000   -10.00000    26.44489    -23.99827      1.69590      0.00000
    -117.50000   -10.00000    30.99574    -26.52775      0.41627      0.00000
    -117.50000   -10.00000    40.00000    -42.47849      0.94880      0.00000
    -117.50000   -10.00000    60.00000     -2.23916      2.68746      0.00000
    -117.50000   -10.00000    80.00000      9.01423    -20.54942      0.00000
    -117.50000   -10.00000   100.00000    -12.82008    -13.45708      0.00000
    -117.50000   -10.00000   120.00000    -10.43424    -22.04468      0.00000
    -117.50000   -10.00000   140.00000    -22.71614     65.27127      0.00000
    -117.50000   -10.00000   160.00000    -36.27385     71.05017      0.00000
    -117.50000   -10.00000   180.00000    -60.09534     62.47033      0.00000
    -117.50000   -10.00000   200.00000    -53.30352     46.53802      0.00000
    -117.50000   -10.00000   220.00000    -43.61737     33.30084      0.00000
    -117.50000   -10.00000   240.00000    -36.67695     23.81599      0.00000
    -117.50000   -10.00000   260.00000    -31.70392     17.01980      0.00000
    -117.50000   -10.00000   280.00000    -28.14058     12.15012      0.00000
    -117.50000   -10.00000   300.00000    -25.58734      8.66084      0.00000
    -117.50000   -10.00000   320.00000    -23.75787      6.16066      0.00000
    -117.50000   -10.00000   340.00000    -22.44699      4.36920      0.00000
    -117.50000   -10.00000   360.00000    -21.50771      3.08556      0.00000
    -117.50000   -10.00000   380.00000    -20.83468      2.16580      0.00000
    -117.50000   -10.00000   400.00000    -20.35243      1.50676      0.00000
    -117.50000   -10.00000   420.00000    -20.00689      1.03454      0.00000
    -117.50000   -10.00000   440.00000    -19.75930      0.69617      0.00000
    -117.50000   -10.00000   460.00000    -19.58189      0.45373      0.00000
    -117.50000   -10.00000   480.00000    -19.45477      0.28001      0.00000
    -117.50000   -10.00000   500.00000    -19.36369      0.15553      0.00000
    -117.50000    -7.50000     0.13204     -7.43841      5.24681      0.00000
    -117.50000    -7.50000     0.80847     -8.61083      3.44395      0.00000
    -117.50000    -7.50000     1.52714     -5.18251      1.33985      0.00000
    -117.50000    -7.50000     3.14410     -3.38515      5.37097      0.00000
    -117.50000    -7.50000     4.40866     -1.18960      1.08688      0.00000
    -117.50000    -7.50000     5.86584      1.09959     -1.79718      0.00000
    -117.50000    -7.50000     7.59040      0.60135      1.59083      0.00000
    -117.50000    -7.50000     9.71025      2.27807      7.12777      0.00000
    -117.50000    -7.50000    10.97997      1.52075      7.20000      0.00000
    -117.50000    -7.50000    12.46326      3.34617      6.81133      0.00000
    -117.50000    -7.50000    14.27759      3.98301      6.11982      0.00000
    -117.50000    -7.50000    16.66871      5.87114      0.58505      0.00000
    -117.50000    -7.50000    18.70741     -0.01626     -1.39761      0.00000
    -117.50000    -7.50000    20.00000     -2.30419     -1.06983      0.00000
    -117.50000    -7.50000    20.72160     -3.87053     -0.82305      0.00000
    -117.50000    -7.50000    23.85301    -23.26549      0.72148      0.00000
    -117.50000    -7.50000    26.44489    -24.65592      2.16972      0.00000
    -117.50000    -7.50000    30.99574    -24.69672      0.32962      0.00000
    -117.50000    -7.50000    40.00000    -39.69117      0.62103      0.00000
    -117.50000    -7.50000    60.00000      1.75740      3.01816      0.00000
    -117.50000    -7.50000    80.00000      9.69325    -19.01369      0.00000
    -117.50000    -7.50000   100.00000    -15.38786     -7.38695      0.00000
    -117.50000    -7.50000   120.00000     -9.05483    -17.80629      0.00000
    -117.50000    -7.50000   140.00000    -21.27053     65.79974      0.00000
    -117.50000    -7.50000   160.00000    -37.67684     67.65372      0.00000
    -117.50000    -7.50000   180.00000    -60.97680     59.78746      0.00000
    -117.50000    -7.50000   200.00000    -54.05477     46.43890      0.00000
    -117.50000    -7.50000   220.00000    -44.36036     35.41741      0.00000
    -117.50000    -7.50000   240.00000    -37.41400     27.52018      0.00000
    -117.50000    -7.50000   260.00000    -32.43673     21.86156      0.00000
    -117.50000    -7.50000   280.00000    -28.87035     17.80698      0.00000
    -117.50000    -7.50000   300.00000    -26.31493     14.90175      0.00000
    -117.50000    -7.50000   320.00000    -24.48389     12.82006      0.00000
    -117.50000    -7.50000   340.00000    -23.17189     11.32847      0.00000
    -117.50000    -7.50000   360.00000    -22.23181     10.25969      0.00000
    -117.50000    -7.50000   380.00000    -21.55820      9.49388      0.00000
    -117.50000    -7.50000   400.00000    -21.07555      8.94516      0.00000
    -117.50000    -7.50000   420.00000    -20.72971      8.55198      0.00000
    -117.50000    -7.50000   440.00000    -20.48190      8.27025      0.00000
    -117.50000    -7.50000   460.00000    -20.30435      8.06838      0.00000
    -117.50000    -7.50000   480.00000    -20.17712      7.92374      0.00000
    -117.50000    -7.50000   500.00000    -20.08596      7.82010      0.00000
    -117.50000    -5.00000     0.13204     -7.35309      5.64337      0.00000
    -117.50000    -5.00000     0.80847     -8.67883      4.02020      0.00000
    -117.50000    -5.00000     1.52714     -4.68140      1.42791      0.00000
    -117.50000    -5.00000     3.14410     -2.87965      4.07136      0.00000
    -117.50000    -5.00000     4.40866     -0.18510      0.27924      0.00000
    -117.50000    -5.00000     5.86584      3.09646     -4.29507      0.00000
    -117.50000    -5.00000     7.59040      0.51003      3.66915      0.00000
    -117.50000    -5.00000     9.71025      3.25739      8.32848      0.00000
    -117.50000    -5.00000    10.97997      3.10628      6.17222      0.00000
    -117.50000    -5.00000    12.46326      4.64817      3.68098      0.00000
    -117.50000    -5.00000    14.27759      7.31318      2.82572      0.00000
    -117.50000    -5.00000    16.66871      7.59695      0.63351      0.00000
    -117.50000    -5.00000    18.70741      3.08458     -0.30000      0.00000
    -117.50000    -5.00000    20.00000      0.64336     -0.29627      0.00000
    -117.50000    -5.00000    20.72160     -1.15045     -0.26489      0.00000
    -117.50000    -5.00000    23.85301    -23.47398      0.44140      0.00000
    -117.50000    -5.00000    26.44489    -24.45265      1.94685      0.00000
    -117.50000    -5.00000    30.99574    -22.35748      0.24906      0.00000
    -117.50000    -5.00000    40.00000    -36.08673      0.36933      0.00000
    -117.50000    -5.00000    60.00000      5.19401      3.07645      0.00000
    -117.50000    -5.00000    80.00000     10.07084    -16.64968      0.00000
    -117.50000    -5.00000   100.00000    -16.72231     -1.15264      0.00000
    -117.50000    -5.00000   120.00000     -8.08133    -12.74193      0.00000
    -117.50000    -5.00000   140.00000    -20.28607     65.19257      0.00000
    -117.50000    -5.00000   160.00000    -39.54180     63.60273      0.00000
    -117.50000    -5.00000   180.00000    -62.06287     56.81797      0.00000
    -117.50000    -5.00000   200.00000    -55.21019     45.96699      0.00000
    -117.50000    -5.00000   220.00000    -45.73081     37.03292      0.00000
    -117.50000    -5.00000   240.00000    -38.93854     30.63138      0.00000
    -117.50000    -5.00000   260.00000    -34.07166     26.04448      0.00000
    -117.50000    -5.00000   280.00000    -30.58439     22.75782      0.00000
    -117.50000    -5.00000   300.00000    -28.08565     20.40283      0.00000
    -117.50000    -5.00000   320.00000    -26.29523     18.71540      0.00000
    -117.50000    -5.00000   340.00000    -25.01233     17.50631      0.00000
    -117.50000    -5.00000   360.00000    -24.09310     16.63995      0.00000
    -117.50000    -5.00000   380.00000    -23.43444     16.01918      0.00000
    -117.50000    -5.00000   400.00000    -22.96249     15.57438      0.00000
    -117.50000    -5.00000   420.00000    -22.62432     15.25567      0.00000
    -117.50000    -5.00000   440.00000    -22.38201     15.02730      0.00000
    -117.50000    -5.00000   460.00000    -22.20839     14.86367      0.00000
    -117.50000    -5.00000   480.00000    -22.08399     14.74642      0.00000
    -117.50000    -5.00000   500.00000    -21.99485     14.66241      0.00000
    -115.00000   -25.00000     0.13204      1.00000    -10.10000      0.00000
    -115.00000   -25.00000     0.80847      3.19500    -10.76804      0.00000
    -115.00000   -25.00000     1.52714      4.16573     -7.14469      0.00000
    -115.00000   -25.00000     3.14410      4.29904     -2.64241      0.00000
    -115.00000   -25.00000     4.40866      7.60165     -2.39886      0.00000
    -115.00000   -25.00000     5.86584     11.60387      0.33763      0.00000
    -115.00000   -25.00000     7.59040     18.67246      2.86394      0.00000
    -115.00000   -25.00000     9.71025     28.62256      5.39051      0.00000
    -115.00000   -25.00000    10.97997     33.36416      8.67312      0.00000
    -115.00000   -25.00000    12.46326     36.98218     10.90998      0.00000
    -115.00000   -25.00000    14.27759     36.36672      4.95530      0.00000
    -115.00000   -25.00000    16.66871     29.76586     -7.17814      0.00000
    -115.00000   -25.00000    18.70741     14.36546     -3.52406      0.00000
    -115.00000   -25.00000    20.00000      4.25480     -1.22901      0.00000
    -115.00000   -25.00000    20.72160     -1.81149     -0.07375      0.00000
    -115.00000   -25.00000    23.85301    -11.93199      1.82209      0.00000
    -115.00000   -25.00000    26.44489    -12.99308     -2.12175      0.00000
    -115.00000   -25.00000    30.99574    -25.16414      0.47788      0.00000
    -115.00000   -25.00000    40.00000    -40.87575      2.38102      0.00000
    -115.00000   -25.00000    60.00000    -34.12130     -2.46720      0.00000
    -115.00000   -25.00000    80.00000     -4.38291    -14.17117      0.00000
    -115.00000   -25.00000   100.00000     22.00188    -28.22292      0.00000
    -115.00000   -25.00000   120.00000    -25.23811    -23.48884      0.00000
    -115.00000   -25.00000   140.00000    -32.15742     41.13218      0.00000
    -115.00000   -25.00000   160.00000    -27.87360     69.68185      0.00000
    -115.00000   -25.00000   180.00000    -48.18176     59.88671      0.00000
    -115.00000   -25.00000   200.00000    -43.51412     37.45656      0.00000
    -115.00000   -25.00000   220.00000    -36.14117     18.70689      0.00000
    -115.00000   -25.00000   240.00000    -30.85823      5.27217      0.00000
    -115.00000   -25.00000   260.00000    -27.07283     -4.35423      0.00000
    -115.00000   -25.00000   280.00000    -24.36047    -11.25185      0.00000
    -115.00000   -25.00000   300.00000    -22.41698    -16.19421      0.00000
    -115.00000   -25.00000   320.00000    -21.02441    -19.73557      0.00000
    -115.00000   -25.00000   340.00000    -20.02659    -22.27306      0.00000
    -115.00000   -25.00000   360.00000    -19.31162    -24.09125      0.00000
    -115.00000   -25.00000   380.00000    -18.79933    -25.39404      0.00000
    -115.00000   -25.00000   400.00000    -18.43225    -26.32753      0.00000
    -115.00000   -25.00000   420.00000    -18.16923    -26.99641      0.00000
    -115.00000   -25.00000   440.00000    -17.98076    -27.47568      0.00000
    -115.00000   -25.00000   460.00000    -17.84572    -27.81909      0.00000
    -115.00000   -25.00000   480.00000    -17.74896    -28.06516      0.00000
    -115.00000   -25.00000   500.00000    -17.67963    -28.24147      0.00000
    -115.00000   -22.50000     0.13204     -2.40000     -5.50000      0.00000
    -115.00000   -22.50000     0.80847     -1.54370     -6.83201      0.00000
    -115.00000   -22.50000     1.52714     -0.53953     -4.40278      0.00000
    -115.00000   -22.50000     3.14410      1.47824     -1.13481      0.00000
    -115.00000   -22.50000     4.40866      6.76872     -3.08819      0.00000
    -115.00000   -22.50000     5.86584     10.53315     -1.87972      0.00000
    -115.00000   -22.50000     7.59040     17.30101      2.23651      0.00000
    -115.00000   -22.50000     9.71025     25.67446      5.30559      0.00000
    -115.00000   -22.50000    10.97997     29.51690      7.65282      0.00000
    -115.00000   -22.50000    12.46326     33.70992     10.37675      0.00000
    -115.00000   -22.50000    14.27759     33.79163      5.46279      0.00000
    -115.00000   -22.50000    16.66871     30.82343     -8.46535      0.00000
    -115.00000   -22.50000    18.70741     14.61324     -4.66282      0.00000
    -115.00000   -22.50000    20.00000      4.93471     -0.51488      0.00000
    -115.00000   -22.50000    20.72160     -1.02609      1.56075      0.00000
    -115.00000   -22.50000    23.85301    -15.78489      2.09336      0.00000
    -115.00000   -22.50000    26.44489    -14.65193     -2.51944      0.00000
    -115.00000   -22.50000    30.99574    -26.72002      0.56400      0.00000
    -115.00000   -22.50000    40.00000    -42.95382      2.39492      0.00000
    -115.00000   -22.50000    60.00000    -28.23676     -1.55260      0.00000
    -115.00000   -22.50000    80.00000     -0.77284    -16.42877      0.00000
    -115.00000   -22.50000   100.00000     15.34863    -28.95811      0.00000
    -115.00000   -22.50000   120.00000    -22.59424    -25.90946      0.00000
    -115.00000   -22.50000   140.00000    -31.04537     47.81906      0.00000
    -115.00000   -22.50000   160.00000    -29.76050     73.07111      0.00000
    -115.00000   -22.50000   180.00000    -51.61547     62.88162      0.00000
    -115.00000   -22.50000   200.00000    -46.18576     39.67665      0.00000
    -115.00000   -22.50000   220.00000    -37.90917     20.24373      0.00000
    -115.00000   -22.50000   240.00000    -31.97873      6.31943      0.00000
    -115.00000   -22.50000   260.00000    -27.72938     -3.65776      0.00000
    -115.00000   -22.50000   280.00000    -24.68459    -10.80674      0.00000
    -115.00000   -22.50000   300.00000    -22.50290    -15.92920      0.00000
    -115.00000   -22.50000   320.00000    -20.93966    -19.59961      0.00000
    -115.00000   -22.50000   340.00000    -19.81954    -22.22956      0.00000
    -115.00000   -22.50000   360.00000    -19.01694    -24.11401      0.00000
    -115.00000   -22.50000   380.00000    -18.44186    -25.46428      0.00000
    -115.00000   -22.50000   400.00000    -18.02979    -26.43179      0.00000
    -115.00000   -22.50000   420.00000    -17.73453    -27.12504      0.00000
    -115.00000   -22.50000   440.00000    -17.52297    -27.62177      0.00000
    -115.00000   -22.50000   460.00000    -17.37138    -27.97770      0.00000
    -115.00000   -22.50000   480.00000    -17.26276    -28.23273      0.00000
    -115.00000   -22.50000   500.00000    -17.18493    -28.41547      0.00000
    -115.00000   -20.00000     0.13204     -7.20000     -0.70000      0.00000
    -115.00000   -20.00000     0.80847     -7.48856     -2.14278      0.00000
    -115.00000   -20.00000     1.52714     -6.14162     -1.03567      0.00000
    -115.00000   -20.00000     3.14410     -2.33181     -0.10753      0.00000
    -115.00000   -20.00000     4.40866      3.15462     -3.47194      0.00000
    -115.00000   -20.00000     5.86584      6.99851     -2.60035      0.00000
    -115.00000   -20.00000     7.59040     12.51447      2.50414      0.00000
    -115.00000   -20.00000     9.71025     19.55550      4.50555      0.00000
    -115.00000   -20.00000    10.97997     23.60795      4.96548      0.00000
    -115.00000   -20.00000    12.46326     29.61101      8.55779      0.00000
    -115.00000   -20.00000    14.27759     30.12296      6.00807      0.00000
    -115.00000   -20.00000    16.66871     26.17856     -8.04735      0.00000
    -115.00000   -20.00000    18.70741     12.19303     -4.72212      0.00000
    -115.00000   -20.00000    20.00000      4.57588      0.01548      0.00000
    -115.00000   -20.00000    20.72160     -0.33950      2.37571      0.00000
    -115.00000   -20.00000    23.85301    -18.94838      1.26686      0.00000
    -115.00000   -20.00000    26.44489    -16.08726     -2.57455      0.00000
    -115.00000   -20.00000    30.99574    -27.83932      0.61093      0.00000
    -115.00000   -20.00000    40.00000    -44.46854      2.27112      0.00000
    -115.00000   -20.00000    60.00000    -22.26451     -0.55364      0.00000
    -115.00000   -20.00000    80.00000      2.29352    -18.40645      0.00000
    -115.00000   -20.00000   100.00000      8.68557    -28.44949      0.00000
    -115.00000   -20.00000   120.00000    -19.72797    -27.26017      0.00000
    -115.00000   -20.00000   140.00000    -29.43726     53.84329      0.00000
    -115.00000   -20.00000   160.00000    -31.04544     75.14021      0.00000
    -115.00000   -20.00000   180.00000    -53.95560     64.74271      0.00000
    -115.00000   -20.00000   200.00000    -47.78028     41.64923      0.00000
    -115.00000   -20.00000   220.00000    -38.68792     22.30779      0.00000
    -115.00000   -20.00000   240.00000    -32.17295      8.44903      0.00000
    -115.00000   -20.00000   260.00000    -27.50477     -1.48120      0.00000
    -115.00000   -20.00000   280.00000    -24.15988     -8.59652      0.00000
    -115.00000   -20.00000   300.00000    -21.76316    -13.69487      0.00000
    -115.00000   -20.00000   320.00000    -20.04583    -17.34800      0.00000
    -115.00000   -20.00000   340.00000    -18.81531    -19.96558      0.00000
    -115.00000   -20.00000   360.00000    -17.93361    -21.84116      0.00000
    -115.00000   -20.00000   380.00000    -17.30184    -23.18507      0.00000
    -115.00000   -20.00000   400.00000    -16.84916    -24.14802      0.00000
    -115.00000   -20.00000   420.00000    -16.52480    -24.83801      0.00000
    -115.00000   -20.00000   440.00000    -16.29238    -25.33241      0.00000
    -115.00000   -20.00000   460.00000    -16.12585    -25.68666      0.00000
    -115.00000   -20.00000   480.00000    -16.00652    -25.94049      0.00000
    -115.00000   -20.00000   500.00000    -15.92102    -26.12237      0.00000
    -115.00000   -17.50000     0.13204     -9.30000      1.80000      0.00000
    -115.00000   -17.50000     0.80847    -10.27826      0.91957      0.00000
    -115.00000   -17.50000     1.52714     -8.72291      0.90000      0.00000
    -115.00000   -17.50000     3.14410     -4.71850      0.10370      0.00000
    -115.00000   -17.50000     4.40866     -1.52126     -3.67476      0.00000
    -115.00000   -17.50000     5.86584      2.69256     -1.10461      0.00000
    -115.00000   -17.50000     7.59040      7.28491      3.58458      0.00000
    -115.00000   -17.50000     9.71025     12.78295      3.20124      0.00000
    -115.00000   -17.50000    10.97997     16.98682      3.20000      0.00000
    -115.00000   -17.50000    12.46326     23.59050      7.99309      0.00000
    -115.00000   -17.50000    14.27759     26.08632      6.87456      0.00000
    -115.00000   -17.50000    16.66871     18.98828     -6.29702      0.00000
    -115.00000   -17.50000    18.70741      7.73043     -3.43318      0.00000
    -115.00000   -17.50000    20.00000      1.61630     -0.08259      0.00000
    -115.00000   -17.50000    20.72160     -2.33235      1.58708      0.00000
    -115.00000   -17.50000    23.85301    -20.47533      0.05767      0.00000
    -115.00000   -17.50000    26.44489    -17.57515     -2.09697      0.00000
    -115.00000   -17.50000    30.99574    -28.42301      0.61853      0.00000
    -115.00000   -17.50000    40.00000    -45.25582      2.03277      0.00000
    -115.00000   -17.50000    60.00000    -16.45049      0.44130      0.00000
    -115.00000   -17.50000    80.00000      4.79482    -19.94658      0.00000
    -115.00000   -17.50000   100.00000      2.30039    -26.58073      0.00000
    -115.00000   -17.50000   120.00000    -16.82986    -27.41205      0.00000
    -115.00000   -17.50000   140.00000    -27.48985     58.95811      0.00000
    -115.00000   -17.50000   160.00000    -31.92436     75.84930      0.00000
    -115.00000   -17.50000   180.00000    -55.45464     65.40684      0.00000
    -115.00000   -17.50000   200.00000    -48.58516     43.26873      0.00000
    -115.00000   -17.50000   220.00000    -38.78947     24.76073      0.00000
    -115.00000   -17.50000   240.00000    -31.77055     11.49917      0.00000
    -115.00000   -17.50000   260.00000    -26.74128      1.99684      0.00000
    -115.00000   -17.50000   280.00000    -23.13765     -4.81187      0.00000
    -115.00000   -17.50000   300.00000    -20.55553     -9.69053      0.00000
    -115.00000   -17.50000   320.00000    -18.70536    -13.18624      0.00000
    -115.00000   -17.50000   340.00000    -17.37966    -15.69103      0.00000
    -115.00000   -17.50000   360.00000    -16.42975    -17.48578      0.00000
    -115.00000   -17.50000   380.00000    -15.74912    -18.77179      0.00000
    -115.00000   -17.50000   400.00000    -15.26142    -19.69324      0.00000
    -115.00000   -17.50000   420.00000    -14.91197    -20.35350      0.00000
    -115.00000   -17.50000   440.00000    -14.66157    -20.82659      0.00000
    -115.00000   -17.50000   460.00000    -14.48216    -21.16558      0.00000
    -115.00000   -17.50000   480.00000    -14.35360    -21.40847      0.00000
    -115.00000   -17.50000   500.00000    -14.26149    -21.58251      0.00000
    -115.00000   -15.00000     0.13204     -8.30000      2.50000      0.00000
    -115.00000   -15.00000     0.80847     -9.78970      1.70550      0.00000
    -115.00000   -15.00000     1.52714     -8.20050      1.00022      0.00000
    -115.00000   -15.00000     3.14410     -5.00683      0.10192      0.00000
    -115.00000   -15.00000     4.40866     -4.50134     -3.39059      0.00000
    -115.00000   -15.00000     5.86584     -0.40443      0.49579      0.00000
    -115.00000   -15.00000     7.59040      3.57996      4.08197      0.00000
    -115.00000   -15.00000     9.71025      6.67436      2.31489      0.00000
    -115.00000   -15.00000    10.97997     10.14217      4.66035      0.00000
    -115.00000   -15.00000    12.46326     15.52281      9.13567      0.00000
    -115.00000   -15.00000    14.27759     19.64246      7.62245      0.00000
    -115.00000   -15.00000    16.66871     12.35893     -3.90763      0.00000
    -115.00000   -15.00000    18.70741      3.29189     -1.32726      0.00000
    -115.00000   -15.00000    20.00000     -3.01085     -0.36374      0.00000
    -115.00000   -15.00000    20.72160     -6.72557      0.11170      0.00000
    -115.00000   -15.00000    23.85301    -20.99468     -0.42376      0.00000
    -115.00000   -15.00000    26.44489    -19.49368     -1.01346      0.00000
    -115.00000   -15.00000    30.99574    -28.40433      0.58958      0.00000
    -115.00000   -15.00000    40.00000    -45.19315      1.71211      0.00000
    -115.00000   -15.00000    60.00000    -11.00639      1.34581      0.00000
    -115.00000   -15.00000    80.00000      6.74091    -20.90787      0.00000
    -115.00000   -15.00000   100.00000     -3.51151    -23.36080      0.00000
    -115.00000   -15.00000   120.00000    -14.08321    -26.29653      0.00000
    -115.00000   -15.00000   140.00000    -25.40067     62.98430      0.00000
    -115.00000   -15.00000   160.00000    -32.63825     75.24848      0.00000
    -115.00000   -15.00000   180.00000    -56.41455     64.91862      0.00000
    -115.00000   -15.00000   200.00000    -48.93904     44.46282      0.00000
    -115.00000   -15.00000   220.00000    -38.57803     27.42688      0.00000
    -115.00000   -15.00000   240.00000    -31.15403     15.22009      0.00000
    -115.00000   -15.00000   260.00000    -25.83450      6.47354      0.00000
    -115.00000   -15.00000   280.00000    -22.02290      0.20637      0.00000
    -115.00000   -15.00000   300.00000    -19.29176     -4.28426      0.00000
    -115.00000   -15.00000   320.00000    -17.33482     -7.50193      0.00000
    -115.00000   -15.00000   340.00000    -15.93261     -9.80749      0.00000
    -115.00000   -15.00000   360.00000    -14.92788    -11.45950      0.00000
    -115.00000   -15.00000   380.00000    -14.20796    -12.64322      0.00000
    -115.00000   -15.00000   400.00000    -13.69211    -13.49139      0.00000
    -115.00000   -15.00000   420.00000    -13.32250    -14.09913      0.00000
    -115.00000   -15.00000   440.00000    -13.05765    -14.53459      0.00000
    -115.00000   -15.00000   460.00000    -12.86788    -14.84662      0.00000
    -115.00000   -15.00000   480.00000    -12.73191    -15.07019      0.00000
    -115.00000   -15.00000   500.00000    -12.63448    -15.23039      0.00000
    -115.00000   -12.50000     0.13204     -7.00765      2.99505      0.00000
    -115.00000   -12.50000     0.80847     -8.69023      1.89024      0.00000
    -115.00000   -12.50000     1.52714     -7.08956      0.30209      0.00000
    -115.00000   -12.50000     3.14410     -4.60004      0.79858      0.00000
    -115.00000   -12.50000     4.40866     -4.69625     -2.49713      0.00000
    -115.00000   -12.50000     5.86584     -1.29935      0.10063      0.00000
    -115.00000   -12.50000     7.59040      1.29149      2.59181      0.00000
    -115.00000   -12.50000     9.71025      1.89448      2.89724      0.00000
    -115.00000   -12.50000    10.97997      4.15305      7.89588      0.00000
    -115.00000   -12.50000    12.46326      7.92274     10.84104      0.00000
    -115.00000   -12.50000    14.27759     11.71547      8.16229      0.00000
    -115.00000   -12.50000    16.66871      7.56322     -1.85151      0.00000
    -115.00000   -12.50000    18.70741      0.45125      0.08484      0.00000
    -115.00000   -12.50000    20.00000     -6.20333     -0.86048      0.00000
    -115.00000   -12.50000    20.72160     -9.85038     -1.31713      0.00000
    -115.00000   -12.50000    23.85301    -21.64544     -0.03932      0.00000
    -115.00000   -12.50000    26.44489    -21.71293      0.43018      0.00000
    -115.00000   -12.50000    30.99574    -27.75429      0.52991      0.00000
    -115.00000   -12.50000    40.00000    -44.21083      1.34751      0.00000
    -115.00000   -12.50000    60.00000     -6.08930      2.08517      0.00000
    -115.00000   -12.50000    80.00000      8.16765    -21.17349      0.00000
    -115.00000   -12.50000   100.00000     -8.48009    -18.92858      0.00000
    -115.00000   -12.50000   120.00000    -11.64041    -23.91584      0.00000
    -115.00000   -12.50000   140.00000    -23.37986     65.81242      0.00000
    -115.00000   -12.50000   160.00000    -33.43670     73.46273      0.00000
    -115.00000   -12.50000   180.00000    -57.13507     63.41760      0.00000
    -115.00000   -12.50000   200.00000    -49.17718     45.19702      0.00000
    -115.00000   -12.50000   220.00000    -38.41475     30.11330      0.00000
    -115.00000   -12.50000   240.00000    -30.70313     19.30535      0.00000
    -115.00000   -12.50000   260.00000    -25.17751     11.56111      0.00000
    -115.00000   -12.50000   280.00000    -21.21823      6.01212      0.00000
    -115.00000   -12.50000   300.00000    -18.38129      2.03609      0.00000
    -115.00000   -12.50000   320.00000    -16.34853     -0.81285      0.00000
    -115.00000   -12.50000   340.00000    -14.89199     -2.85421      0.00000
    -115.00000   -12.50000   360.00000    -13.84833     -4.31691      0.00000
    -115.00000   -12.50000   380.00000    -13.10052     -5.36498      0.00000
    -115.00000   -12.50000   400.00000    -12.56469     -6.11595      0.00000
    -115.00000   -12.50000   420.00000    -12.18075     -6.65405      0.00000
    -115.00000   -12.50000   440.00000    -11.90565     -7.03961      0.00000
    -115.00000   -12.50000   460.00000    -11.70853     -7.31588      0.00000
    -115.00000   -12.50000   480.00000    -11.56729     -7.51383      0.00000
    -115.00000   -12.50000   500.00000    -11.46608     -7.65568      0.00000
    -115.00000   -10.00000     0.13204     -7.32667      4.36622      0.00000
    -115.00000   -10.00000     0.80847     -8.76358      2.46200      0.00000
    -115.00000   -10.00000     1.52714     -6.48620      0.10872      0.00000
    -115.00000   -10.00000     3.14410     -4.59017      1.28499      0.00000
    -115.00000   -10.00000     4.40866     -2.68923     -1.60115      0.00000
    -115.00000   -10.00000     5.86584      0.10060     -1.89424      0.00000
    -115.00000   -10.00000     7.59040      0.39971      0.99722      0.00000
    -115.00000   -10.00000     9.71025     -0.09518      5.35758      0.00000
    -115.00000   -10.00000    10.97997      0.87957      9.80806      0.00000
    -115.00000   -10.00000    12.46326      3.73149     11.07165      0.00000
    -115.00000   -10.00000    14.27759      5.84751      7.68749      0.00000
    -115.00000   -10.00000    16.66871      4.91805     -0.74658      0.00000
    -115.00000   -10.00000    18.70741     -0.18084      0.59436      0.00000
    -115.00000   -10.00000    20.00000     -5.78925     -1.32478      0.00000
    -115.00000   -10.00000    20.72160     -8.88545     -2.23467      0.00000
    -115.00000   -10.00000    23.85301    -22.52614      0.79006      0.00000
    -115.00000   -10.00000    26.44489    -23.62827      1.75287      0.00000
    -115.00000   -10.00000    30.99574    -26.48339      0.44834      0.00000
    -115.00000   -10.00000    40.00000    -42.29776      0.98005      0.00000
    -115.00000   -10.00000    60.00000     -1.78689      2.60453      0.00000
    -115.00000   -10.00000    80.00000      9.13101    -20.65899      0.00000
    -115.00000   -10.00000   100.00000    -12.39313    -13.54407      0.00000
    -115.00000   -10.00000   120.00000     -9.60341    -20.34779      0.00000
    -115.00000   -10.00000   140.00000    -21.61997     67.39893      0.00000
    -115.00000   -10.00000   160.00000    -34.53910     70.67149      0.00000
    -115.00000   -10.00000   180.00000    -57.86421     61.11755      0.00000
    -115.00000   -10.00000   200.00000    -49.57825     45.47705      0.00000
    -115.00000   -10.00000   220.00000    -38.60271     32.63285      0.00000
    -115.00000   -10.00000   240.00000    -30.73839     23.42958      0.00000
    -115.00000   -10.00000   260.00000    -25.10336     16.83515      0.00000
    -115.00000   -10.00000   280.00000    -21.06569     12.11003      0.00000
    -115.00000   -10.00000   300.00000    -18.17257      8.72434      0.00000
    -115.00000   -10.00000   320.00000    -16.09956      6.29838      0.00000
    -115.00000   -10.00000   340.00000    -14.61418      4.56011      0.00000
    -115.00000   -10.00000   360.00000    -13.54986      3.31458      0.00000
    -115.00000   -10.00000   380.00000    -12.78724      2.42212      0.00000
    -115.00000   -10.00000   400.00000    -12.24080      1.78264      0.00000
    -115.00000   -10.00000   420.00000    -11.84926      1.32444      0.00000
    -115.00000   -10.00000   440.00000    -11.56871      0.99612      0.00000
    -115.00000   -10.00000   460.00000    -11.36769      0.76087      0.00000
    -115.00000   -10.00000   480.00000    -11.22365      0.59231      0.00000
    -115.00000   -10.00000   500.00000    -11.12044      0.47153      0.00000
    -115.00000    -7.50000     0.13204     -7.74131      5.92919      0.00000
    -115.00000    -7.50000     0.80847     -9.01810      3.52532      0.00000
    -115.00000    -7.50000     1.52714     -5.68814      0.50000      0.00000
    -115.00000    -7.50000     3.14410     -4.36265      0.48361      0.00000
    -115.00000    -7.50000     4.40866     -0.28385     -1.31458      0.00000
    -115.00000    -7.50000     5.86584      2.79732     -4.09154      0.00000
    -115.00000    -7.50000     7.59040      0.90182      1.89424      0.00000
    -115.00000    -7.50000     9.71025      0.50460      8.32529      0.00000
    -115.00000    -7.50000    10.97997      0.98860      9.18175      0.00000
    -115.00000    -7.50000    12.46326      3.04340      9.20000      0.00000
    -115.00000    -7.50000    14.27759      5.04450      5.50545      0.00000
    -115.00000    -7.50000    16.66871      5.10000     -0.48651      0.00000
    -115.00000    -7.50000    18.70741      1.50269      0.69903      0.00000
    -115.00000    -7.50000    20.00000     -2.61385     -1.46700      0.00000
    -115.00000    -7.50000    20.72160     -5.11182     -2.48155      0.00000
    -115.00000    -7.50000    23.85301    -22.80495      1.58144      0.00000
    -115.00000    -7.50000    26.44489    -24.45992      2.34000      0.00000
    -115.00000    -7.50000    30.99574    -24.63951      0.35634      0.00000
    -115.00000    -7.50000    40.00000    -39.50133      0.64988      0.00000
    -115.00000    -7.50000    60.00000      1.88991      2.87462      0.00000
    -115.00000    -7.50000    80.00000      9.70134    -19.31957      0.00000
    -115.00000    -7.50000   100.00000    -15.12372     -7.56643      0.00000
    -115.00000    -7.50000   120.00000     -8.01066    -15.74377      0.00000
    -115.00000    -7.50000   140.00000    -20.26792     67.75742      0.00000
    -115.00000    -7.50000   160.00000    -36.09848     67.08560      0.00000
    -115.00000    -7.50000   180.00000    -58.75764     58.28112      0.00000
    -115.00000    -7.50000   200.00000    -50.31962     45.34857      0.00000
    -115.00000    -7.50000   220.00000    -39.33892     34.82712      0.00000
    -115.00000    -7.50000   240.00000    -31.47091     27.28817      0.00000
    -115.00000    -7.50000   260.00000    -25.83323     21.88628      0.00000
    -115.00000    -7.50000   280.00000    -21.79366     18.01566      0.00000
    -115.00000    -7.50000   300.00000    -18.89918     15.24223      0.00000
    -115.00000    -7.50000   320.00000    -16.82520     13.25499      0.00000
    -115.00000    -7.50000   340.00000    -15.33912     11.83107      0.00000
    -115.00000    -7.50000   360.00000    -14.27430     10.81078      0.00000
    -115.00000    -7.50000   380.00000    -13.51133     10.07971      0.00000
    -115.00000    -7.50000   400.00000    -12.96463      9.55588      0.00000
    -115.00000    -7.50000   420.00000    -12.57290      9.18054      0.00000
    -115.00000    -7.50000   440.00000    -12.29222      8.91160      0.00000
    -115.00000    -7.50000   460.00000    -12.09110      8.71889      0.00000
    -115.00000    -7.50000   480.00000    -11.94699      8.58081      0.00000
    -115.00000    -7.50000   500.00000    -11.84374      8.48187      0.00000
    -115.00000    -5.00000     0.13204     -6.55890      6.52269      0.00000
    -115.00000    -5.00000     0.80847     -7.99360      4.38769      0.00000
    -115.00000    -5.00000     1.52714     -4.49069      0.67724      0.00000
    -115.00000    -5.00000     3.14410     -3.56086     -1.50091      0.00000
    -115.00000    -5.00000     4.40866      0.71579     -1.61624      0.00000
    -115.00000    -5.00000     5.86584      4.19386     -5.19368      0.00000
    -115.00000    -5.00000     7.59040      1.40919      4.76719      0.00000
    -115.00000    -5.00000     9.71025      1.89309      9.82947      0.00000
    -115.00000    -5.00000    10.97997      2.77593      7.95350      0.00000
    -115.00000    -5.00000    12.46326      4.83772      6.44449      0.00000
    -115.00000    -5.00000    14.27759      8.58011      1.94514      0.00000
    -115.00000    -5.00000    16.66871      7.12969     -0.06474      0.00000
    -115.00000    -5.00000    18.70741      4.89820      0.79932      0.00000
    -115.00000    -5.00000    20.00000      0.35699     -0.84624      0.00000
    -115.00000    -5.00000    20.72160     -2.50897     -1.62859      0.00000
    -115.00000    -5.00000    23.85301    -22.39527      2.24000      0.00000
    -115.00000    -5.00000    26.44489    -24.06844      1.95469      0.00000
    -115.00000    -5.00000    30.99574    -22.30220      0.26731      0.00000
    -115.00000    -5.00000    40.00000    -35.92137      0.39288      0.00000
    -115.00000    -5.00000    60.00000      5.00580      2.89450      0.00000
    -115.00000    -5.00000    80.00000      9.95850    -17.15646      0.00000
    -115.00000    -5.00000   100.00000    -16.64910     -1.42076      0.00000
    -115.00000    -5.00000   120.00000     -6.83225    -10.31976      0.00000
    -115.00000    -5.00000   140.00000    -19.40246     66.94712      0.00000
    -115.00000    -5.00000   160.00000    -38.17239     62.92454      0.00000
    -115.00000    -5.00000   180.00000    -59.85204     55.19240      0.00000
    -115.00000    -5.00000   200.00000    -51.44683     44.89434      0.00000
    -115.00000    -5.00000   220.00000    -40.67972     36.58660      0.00000
    -115.00000    -5.00000   240.00000    -32.96474     30.63385      0.00000
    -115.00000    -5.00000   260.00000    -27.43672     26.36851      0.00000
    -115.00000    -5.00000   280.00000    -23.47572     23.31227      0.00000
    -115.00000    -5.00000   300.00000    -20.63754     21.12237      0.00000
    -115.00000    -5.00000   320.00000    -18.60389     19.55324      0.00000
    -115.00000    -5.00000   340.00000    -17.14672     18.42891      0.00000
    -115.00000    -5.00000   360.00000    -16.10261     17.62329      0.00000
    -115.00000    -5.00000   380.00000    -15.35447     17.04604      0.00000
    -115.00000    -5.00000   400.00000    -14.81841     16.63243      0.00000
    -115.00000    -5.00000   420.00000    -14.43430     16.33605      0.00000
    -115.00000    -5.00000   440.00000    -14.15908     16.12370      0.00000
    -115.00000    -5.00000   460.00000    -13.96187     15.97153      0.00000
    -115.00000    -5.00000   480.00000    -13.82057     15.86251      0.00000
    -115.00000    -5.00000   500.00000    -13.71932     15.78438      0.00000
    -112.50000   -25.00000     0.13204     -2.10000    -10.40000      0.00000
    -112.50000   -25.00000     0.80847     -0.30972    -12.19028      0.00000
    -112.50000   -25.00000     1.52714      1.42534     -8.76249      0.00000
    -112.50000   -25.00000     3.14410      3.28261     -3.94541      0.00000
    -112.50000   -25.00000     4.40866      9.29810     -3.80003      0.00000
    -112.50000   -25.00000     5.86584     14.36652     -2.86385      0.00000
    -112.50000   -25.00000     7.59040     19.12662     -0.36997      0.00000
    -112.50000   -25.00000     9.71025     27.55520      0.95990      0.00000
    -112.50000   -25.00000    10.97997     31.57576      3.92061      0.00000
    -112.50000   -25.00000    12.46326     34.31825      5.72599      0.00000
    -112.50000   -25.00000    14.27759     34.19946      1.20570      0.00000
    -112.50000   -25.00000    16.66871     29.42657     -8.85435      0.00000
    -112.50000   -25.00000    18.70741     14.03777     -4.54488      0.00000
    -112.50000   -25.00000    20.00000      4.27573     -2.49299      0.00000
    -112.50000   -25.00000    20.72160     -1.61177     -1.37133      0.00000
    -112.50000   -25.00000    23.85301    -13.43928      1.62335      0.00000
    -112.50000   -25.00000    26.44489    -12.79893     -1.34615      0.00000
    -112.50000   -25.00000    30.99574    -25.23512      0.45490      0.00000
    -112.50000   -25.00000    40.00000    -41.00560      2.32391      0.00000
    -112.50000   -25.00000    60.00000    -32.06195     -2.01180      0.00000
    -112.50000   -25.00000    80.00000     -3.69830    -13.71143      0.00000
    -112.50000   -25.00000   100.00000     22.96982    -27.66676      0.00000
    -112.50000   -25.00000   120.00000    -25.26295    -22.84242      0.00000
    -112.50000   -25.00000   140.00000    -31.30663     44.19554      0.00000
    -112.50000   -25.00000   160.00000    -26.75140     71.49516      0.00000
    -112.50000   -25.00000   180.00000    -46.94519     59.76222      0.00000
    -112.50000   -25.00000   200.00000    -40.52103     37.47598      0.00000
    -112.50000   -25.00000   220.00000    -31.56453     19.13848      0.00000
    -112.50000   -25.00000   240.00000    -25.14692      5.99909      0.00000
    -112.50000   -25.00000   260.00000    -20.54849     -3.41570      0.00000
    -112.50000   -25.00000   280.00000    -17.25358    -10.16169      0.00000
    -112.50000   -25.00000   300.00000    -14.89268    -14.99541      0.00000
    -112.50000   -25.00000   320.00000    -13.20101    -18.45891      0.00000
    -112.50000   -25.00000   340.00000    -11.98888    -20.94062      0.00000
    -112.50000   -25.00000   360.00000    -11.12035    -22.71885      0.00000
    -112.50000   -25.00000   380.00000    -10.49802    -23.99300      0.00000
    -112.50000   -25.00000   400.00000    -10.05210    -24.90597      0.00000
    -112.50000   -25.00000   420.00000     -9.73259    -25.56014      0.00000
    -112.50000   -25.00000   440.00000     -9.50365    -26.02888      0.00000
    -112.50000   -25.00000   460.00000     -9.33960    -26.36474      0.00000
    -112.50000   -25.00000   480.00000     -9.22206    -26.60540      0.00000
    -112.50000   -25.00000   500.00000     -9.13784    -26.77784      0.00000
    -112.50000   -22.50000     0.13204     -6.70000     -5.30000      0.00000
    -112.50000   -22.50000     0.80847     -6.22585     -7.76560      0.00000
    -112.50000   -22.50000     1.52714     -4.08721     -5.21100      0.00000
    -112.50000   -22.50000     3.14410      0.05287     -1.83793      0.00000
    -112.50000   -22.50000     4.40866      6.83830     -3.68276      0.00000
    -112.50000   -22.50000     5.86584     12.21197     -3.48881      0.00000
    -112.50000   -22.50000     7.59040     16.87618      0.81609      0.00000
    -112.50000   -22.50000     9.71025     24.07433      2.42203      0.00000
    -112.50000   -22.50000    10.97997     28.08985      5.23630      0.00000
    -112.50000   -22.50000    12.46326     31.78996      7.68415      0.00000
    -112.50000   -22.50000    14.27759     31.54269      3.04012      0.00000
    -112.50000   -22.50000    16.66871     29.77389     -8.96434      0.00000
    -112.50000   -22.50000    18.70741     14.33533     -4.97580      0.00000
    -112.50000   -22.50000    20.00000      4.57964     -1.32528      0.00000
    -112.50000   -22.50000    20.72160     -1.39848      0.55287      0.00000
    -112.50000   -22.50000    23.85301    -16.41205      1.60341      0.00000
    -112.50000   -22.50000    26.44489    -14.40407     -1.98014      0.00000
    -112.50000   -22.50000    30.99574    -26.78830      0.55386      0.00000
    -112.50000   -22.50000    40.00000    -43.04580      2.35527      0.00000
    -112.50000   -22.50000    60.00000    -26.35729     -1.17483      0.00000
    -112.50000   -22.50000    80.00000     -0.19226    -15.93284      0.00000
    -112.50000   -22.50000   100.00000     16.28897    -28.52247      0.00000
    -112.50000   -22.50000   120.00000    -22.55709    -25.19253      0.00000
    -112.50000   -22.50000   140.00000    -30.05202     50.66989      0.00000
    -112.50000   -22.50000   160.00000    -28.36772     74.42826      0.00000
    -112.50000   -22.50000   180.00000    -49.96529     62.57720      0.00000
    -112.50000   -22.50000   200.00000    -42.83267     39.51305      0.00000
    -112.50000   -22.50000   220.00000    -33.04179     20.44678      0.00000
    -112.50000   -22.50000   240.00000    -26.02632      6.78519      0.00000
    -112.50000   -22.50000   260.00000    -20.99951     -3.00376      0.00000
    -112.50000   -22.50000   280.00000    -17.39765    -10.01785      0.00000
    -112.50000   -22.50000   300.00000    -14.81680    -15.04366      0.00000
    -112.50000   -22.50000   320.00000    -12.96755    -18.64481      0.00000
    -112.50000   -22.50000   340.00000    -11.64249    -21.22515      0.00000
    -112.50000   -22.50000   360.00000    -10.69305    -23.07405      0.00000
    -112.50000   -22.50000   380.00000    -10.01275    -24.39884      0.00000
    -112.50000   -22.50000   400.00000     -9.52529    -25.34809      0.00000
    -112.50000   -22.50000   420.00000     -9.17601    -26.02826      0.00000
    -112.50000   -22.50000   440.00000     -8.92574    -26.51562      0.00000
    -112.50000   -22.50000   460.00000     -8.74641    -26.86484      0.00000
    -112.50000   -22.50000   480.00000     -8.61792    -27.11506      0.00000
    -112.50000   -22.50000   500.00000     -8.52585    -27.29435      0.00000
    -112.50000   -20.00000     0.13204     -9.80000     -0.50000      0.00000
    -112.50000   -20.00000     0.80847    -10.18591     -2.52604      0.00000
    -112.50000   -20.00000     1.52714     -7.96193     -1.14039      0.00000
    -112.50000   -20.00000     3.14410     -3.24796      0.38469      0.00000
    -112.50000   -20.00000     4.40866      1.73508     -2.46235      0.00000
    -112.50000   -20.00000     5.86584      6.58480     -2.10127      0.00000
    -112.50000   -20.00000     7.59040     11.51323      2.70124      0.00000
    -112.50000   -20.00000     9.71025     17.95624      3.32224      0.00000
    -112.50000   -20.00000    10.97997     22.29536      5.06130      0.00000
    -112.50000   -20.00000    12.46326     27.80000      8.52843      0.00000
    -112.50000   -20.00000    14.27759     27.75134      4.42834      0.00000
    -112.50000   -20.00000    16.66871     25.18930     -8.63803      0.00000
    -112.50000   -20.00000    18.70741     11.88195     -4.72410      0.00000
    -112.50000   -20.00000    20.00000      3.95306      0.08016      0.00000
    -112.50000   -20.00000    20.72160     -1.08416      2.47250      0.00000
    -112.50000   -20.00000    23.85301    -18.60762      0.85144      0.00000
    -112.50000   -20.00000    26.44489    -15.83119     -2.01823      0.00000
    -112.50000   -20.00000    30.99574    -27.89323      0.61423      0.00000
    -112.50000   -20.00000    40.00000    -44.50523      2.25005      0.00000
    -112.50000   -20.00000    60.00000    -20.61127     -0.26874      0.00000
    -112.50000   -20.00000    80.00000      2.77483    -17.91943      0.00000
    -112.50000   -20.00000   100.00000      9.58905    -28.11963      0.00000
    -112.50000   -20.00000   120.00000    -19.60554    -26.42396      0.00000
    -112.50000   -20.00000   140.00000    -28.34962     56.46615      0.00000
    -112.50000   -20.00000   160.00000    -29.43714     76.02227      0.00000
    -112.50000   -20.00000   180.00000    -51.98236     64.25393      0.00000
    -112.50000   -20.00000   200.00000    -44.15452     41.31560      0.00000
    -112.50000   -20.00000   220.00000    -33.60892     22.30877      0.00000
    -112.50000   -20.00000   240.00000    -26.05267      8.68979      0.00000
    -112.50000   -20.00000   260.00000    -20.63838     -1.06864      0.00000
    -112.50000   -20.00000   280.00000    -16.75888     -8.06086      0.00000
    -112.50000   -20.00000   300.00000    -13.97909    -13.07101      0.00000
    -112.50000   -20.00000   320.00000    -11.98728    -16.66093      0.00000
    -112.50000   -20.00000   340.00000    -10.56009    -19.23323      0.00000
    -112.50000   -20.00000   360.00000     -9.53746    -21.07636      0.00000
    -112.50000   -20.00000   380.00000     -8.80472    -22.39702      0.00000
    -112.50000   -20.00000   400.00000     -8.27969    -23.34331      0.00000
    -112.50000   -20.00000   420.00000     -7.90348    -24.02136      0.00000
    -112.50000   -20.00000   440.00000     -7.63392    -24.50721      0.00000
    -112.50000   -20.00000   460.00000     -7.44077    -24.85533      0.00000
    -112.50000   -20.00000   480.00000     -7.30237    -25.10477      0.00000
    -112.50000   -20.00000   500.00000     -7.20321    -25.28350      0.00000
    -112.50000   -17.50000     0.13204     -9.60000      1.90000      0.00000
    -112.50000   -17.50000     0.80847    -10.58418      0.62057      0.00000
    -112.50000   -17.50000     1.52714     -8.41917      0.89739      0.00000
    -112.50000   -17.50000     3.14410     -5.22066      1.69484      0.00000
    -112.50000   -17.50000     4.40866     -2.92434     -1.36719      0.00000
    -112.50000   -17.50000     5.86584      1.08185      0.29229      0.00000
    -112.50000   -17.50000     7.59040      6.79119      4.39366      0.00000
    -112.50000   -17.50000     9.71025     11.88902      3.80129      0.00000
    -112.50000   -17.50000    10.97997     15.98715      5.09593      0.00000
    -112.50000   -17.50000    12.46326     21.58816      9.19133      0.00000
    -112.50000   -17.50000    14.27759     23.09132      5.57339      0.00000
    -112.50000   -17.50000    16.66871     18.58258     -8.19227      0.00000
    -112.50000   -17.50000    18.70741      7.22597     -3.15587      0.00000
    -112.50000   -17.50000    20.00000      0.86336      1.27722      0.00000
    -112.50000   -17.50000    20.72160     -3.16673      3.41215      0.00000
    -112.50000   -17.50000    23.85301    -19.58063     -0.10397      0.00000
    -112.50000   -17.50000    26.44489    -17.03828     -1.41772      0.00000
    -112.50000   -17.50000    30.99574    -28.45338      0.63381      0.00000
    -112.50000   -17.50000    40.00000    -45.22690      2.02893      0.00000
    -112.50000   -17.50000    60.00000    -15.06323      0.62450      0.00000
    -112.50000   -17.50000    80.00000      5.17977    -19.51692      0.00000
    -112.50000   -17.50000   100.00000      3.15195    -26.34879      0.00000
    -112.50000   -17.50000   120.00000    -16.59110    -26.39923      0.00000
    -112.50000   -17.50000   140.00000    -26.35689     61.35822      0.00000
    -112.50000   -17.50000   160.00000    -30.17164     76.26849      0.00000
    -112.50000   -17.50000   180.00000    -53.25117     64.73025      0.00000
    -112.50000   -17.50000   200.00000    -44.77020     42.78180      0.00000
    -112.50000   -17.50000   220.00000    -33.57084     24.59692      0.00000
    -112.50000   -17.50000   240.00000    -25.54615     11.56688      0.00000
    -112.50000   -17.50000   260.00000    -19.79621      2.23045      0.00000
    -112.50000   -17.50000   280.00000    -15.67619     -4.45939      0.00000
    -112.50000   -17.50000   300.00000    -12.72407     -9.25287      0.00000
    -112.50000   -17.50000   320.00000    -10.60879    -12.68755      0.00000
    -112.50000   -17.50000   340.00000     -9.09312    -15.14861      0.00000
    -112.50000   -17.50000   360.00000     -8.00709    -16.91203      0.00000
    -112.50000   -17.50000   380.00000     -7.22892    -18.17558      0.00000
    -112.50000   -17.50000   400.00000     -6.67134    -19.08095      0.00000
    -112.50000   -17.50000   420.00000     -6.27181    -19.72968      0.00000
    -112.50000   -17.50000   440.00000     -5.98554    -20.19451      0.00000
    -112.50000   -17.50000   460.00000     -5.78042    -20.52758      0.00000
    -112.50000   -17.50000   480.00000     -5.63344    -20.76623      0.00000
    -112.50000   -17.50000   500.00000     -5.52813    -20.93723      0.00000
    -112.50000   -15.00000     0.13204     -7.90000      2.90000      0.00000
    -112.50000   -15.00000     0.80847     -9.19578      1.69770      0.00000
    -112.50000   -15.00000     1.52714     -6.99706      0.50441      0.00000
    -112.50000   -15.00000     3.14410     -6.00213      1.99681      0.00000
    -112.50000   -15.00000     4.40866     -4.30859     -1.28333      0.00000
    -112.50000   -15.00000     5.86584     -1.20975      0.89308      0.00000
    -112.50000   -15.00000     7.59040      4.28194      4.38850      0.00000
    -112.50000   -15.00000     9.71025      6.68242      4.20147      0.00000
    -112.50000   -15.00000    10.97997      9.55666      6.85965      0.00000
    -112.50000   -15.00000    12.46326     13.34322     10.34770      0.00000
    -112.50000   -15.00000    14.27759     16.65546      6.45398      0.00000
    -112.50000   -15.00000    16.66871     12.43782     -6.88215      0.00000
    -112.50000   -15.00000    18.70741      2.32795     -0.77903      0.00000
    -112.50000   -15.00000    20.00000     -3.73349      2.04107      0.00000
    -112.50000   -15.00000    20.72160     -7.27921      3.30753      0.00000
    -112.50000   -15.00000    23.85301    -20.03908     -0.65452      0.00000
    -112.50000   -15.00000    26.44489    -18.53165     -0.39183      0.00000
    -112.50000   -15.00000    30.99574    -28.40605      0.61367      0.00000
    -112.50000   -15.00000    40.00000    -45.09759      1.72217      0.00000
    -112.50000   -15.00000    60.00000     -9.91725      1.42599      0.00000
    -112.50000   -15.00000    80.00000      7.02981    -20.58324      0.00000
    -112.50000   -15.00000   100.00000     -2.73351    -23.22486      0.00000
    -112.50000   -15.00000   120.00000    -13.69438    -25.04861      0.00000
    -112.50000   -15.00000   140.00000    -24.26865     65.17876      0.00000
    -112.50000   -15.00000   160.00000    -30.82139     75.24540      0.00000
    -112.50000   -15.00000   180.00000    -54.06594     64.05402      0.00000
    -112.50000   -15.00000   200.00000    -45.00577     43.84412      0.00000
    -112.50000   -15.00000   220.00000    -33.27739     27.14568      0.00000
    -112.50000   -15.00000   240.00000    -24.87364     15.18073      0.00000
    -112.50000   -15.00000   260.00000    -18.85209      6.60746      0.00000
    -112.50000   -15.00000   280.00000    -14.53746      0.46445      0.00000
    -112.50000   -15.00000   300.00000    -11.44589     -3.93722      0.00000
    -112.50000   -15.00000   320.00000     -9.23069     -7.09114      0.00000
    -112.50000   -15.00000   340.00000     -7.64342     -9.35103      0.00000
    -112.50000   -15.00000   360.00000     -6.50610    -10.97031      0.00000
    -112.50000   -15.00000   380.00000     -5.69117    -12.13058      0.00000
    -112.50000   -15.00000   400.00000     -5.10725    -12.96194      0.00000
    -112.50000   -15.00000   420.00000     -4.68885    -13.55764      0.00000
    -112.50000   -15.00000   440.00000     -4.38906    -13.98448      0.00000
    -112.50000   -15.00000   460.00000     -4.17424    -14.29033      0.00000
    -112.50000   -15.00000   480.00000     -4.02032    -14.50947      0.00000
    -112.50000   -15.00000   500.00000     -3.91004    -14.66650      0.00000
    -112.50000   -12.50000     0.13204     -6.90971      3.58730      0.00000
    -112.50000   -12.50000     0.80847     -8.17427      1.87530      0.00000
    -112.50000   -12.50000     1.52714     -5.70181     -0.48916      0.00000
    -112.50000   -12.50000     3.14410     -5.99622      1.29598      0.00000
    -112.50000   -12.50000     4.40866     -2.90097     -1.99897      0.00000
    -112.50000   -12.50000     5.86584     -0.30280     -1.50054      0.00000
    -112.50000   -12.50000     7.59040      2.59217      2.19001      0.00000
    -112.50000   -12.50000     9.71025      1.90611      5.07470      0.00000
    -112.50000   -12.50000    10.97997      3.66467      9.70774      0.00000
    -112.50000   -12.50000    12.46326      5.95327     11.56343      0.00000
    -112.50000   -12.50000    14.27759      9.42780      6.60520      0.00000
    -112.50000   -12.50000    16.66871      7.43518     -4.80735      0.00000
    -112.50000   -12.50000    18.70741     -0.79898      1.22332      0.00000
    -112.50000   -12.50000    20.00000     -7.01794      1.71664      0.00000
    -112.50000   -12.50000    20.72160    -10.38899      1.82205      0.00000
    -112.50000   -12.50000    23.85301    -20.80253     -0.32255      0.00000
    -112.50000   -12.50000    26.44489    -20.65468      0.87410      0.00000
    -112.50000   -12.50000    30.99574    -27.72738      0.55859      0.00000
    -112.50000   -12.50000    40.00000    -44.05797      1.36693      0.00000
    -112.50000   -12.50000    60.00000     -5.32193      2.06881      0.00000
    -112.50000   -12.50000    80.00000      8.35778    -20.99656      0.00000
    -112.50000   -12.50000   100.00000     -7.80383    -18.89047      0.00000
    -112.50000   -12.50000   120.00000    -11.07068    -22.38124      0.00000
    -112.50000   -12.50000   140.00000    -22.28988     67.82050      0.00000
    -112.50000   -12.50000   160.00000    -31.63767     73.10126      0.00000
    -112.50000   -12.50000   180.00000    -54.71041     62.37023      0.00000
    -112.50000   -12.50000   200.00000    -45.17737     44.47363      0.00000
    -112.50000   -12.50000   220.00000    -33.07056     29.77057      0.00000
    -112.50000   -12.50000   240.00000    -24.39566     19.23536      0.00000
    -112.50000   -12.50000   260.00000    -18.17982     11.68656      0.00000
    -112.50000   -12.50000   280.00000    -13.72597      6.27760      0.00000
    -112.50000   -12.50000   300.00000    -10.53465      2.40192      0.00000
    -112.50000   -12.50000   320.00000     -8.24797     -0.37513      0.00000
    -112.50000   -12.50000   340.00000     -6.60949     -2.36497      0.00000
    -112.50000   -12.50000   360.00000     -5.43547     -3.79076      0.00000
    -112.50000   -12.50000   380.00000     -4.59425     -4.81238      0.00000
    -112.50000   -12.50000   400.00000     -3.99148     -5.54440      0.00000
    -112.50000   -12.50000   420.00000     -3.55959     -6.06892      0.00000
    -112.50000   -12.50000   440.00000     -3.25012     -6.44475      0.00000
    -112.50000   -12.50000   460.00000     -3.02837     -6.71405      0.00000
    -112.50000   -12.50000   480.00000     -2.86949     -6.90700      0.00000
    -112.50000   -12.50000   500.00000     -2.75564     -7.04527      0.00000
    -112.50000   -10.00000     0.13204     -7.11778      4.55911      0.00000
    -112.50000   -10.00000     0.80847     -8.05256      2.24782      0.00000
    -112.50000   -10.00000     1.52714     -5.10333     -0.99867      0.00000
    -112.50000   -10.00000     3.14410     -5.57321     -0.81190      0.00000
    -112.50000   -10.00000     4.40866     -1.09209     -2.80544      0.00000
    -112.50000   -10.00000     5.86584      2.09970     -4.99862      0.00000
    -112.50000   -10.00000     7.59040      0.90115      0.49472      0.00000
    -112.50000   -10.00000     9.71025     -0.88516      6.64888      0.00000
    -112.50000   -10.00000    10.97997      0.37550     11.01709      0.00000
    -112.50000   -10.00000    12.46326      2.15871     11.68624      0.00000
    -112.50000   -10.00000    14.27759      5.12989      5.74257      0.00000
    -112.50000   -10.00000    16.66871      4.22091     -2.82019      0.00000
    -112.50000   -10.00000    18.70741     -1.14195      2.24303      0.00000
    -112.50000   -10.00000    20.00000     -6.81876      0.42110      0.00000
    -112.50000   -10.00000    20.72160     -9.88409     -0.56196      0.00000
    -112.50000   -10.00000    23.85301    -21.85989      0.93140      0.00000
    -112.50000   -10.00000    26.44489    -22.87672      1.97212      0.00000
    -112.50000   -10.00000    30.99574    -26.43348      0.47699      0.00000
    -112.50000   -10.00000    40.00000    -42.10711      1.00388      0.00000
    -112.50000   -10.00000    60.00000     -1.35603      2.50536      0.00000
    -112.50000   -10.00000    80.00000      9.21667    -20.66355      0.00000
    -112.50000   -10.00000   100.00000    -11.85214    -13.60631      0.00000
    -112.50000   -10.00000   120.00000     -8.83029    -18.48960      0.00000
    -112.50000   -10.00000   140.00000    -20.60679     69.23272      0.00000
    -112.50000   -10.00000   160.00000    -32.83419     70.03164      0.00000
    -112.50000   -10.00000   180.00000    -55.41088     59.89999      0.00000
    -112.50000   -10.00000   200.00000    -45.54097     44.68156      0.00000
    -112.50000   -10.00000   220.00000    -33.23223     32.28991      0.00000
    -112.50000   -10.00000   240.00000    -24.41263     23.41089      0.00000
    -112.50000   -10.00000   260.00000    -18.09311     17.04880      0.00000
    -112.50000   -10.00000   280.00000    -13.56498     12.49017      0.00000
    -112.50000   -10.00000   300.00000    -10.32043      9.22376      0.00000
    -112.50000   -10.00000   320.00000     -7.99560      6.88328      0.00000
    -112.50000   -10.00000   340.00000     -6.32980      5.20625      0.00000
    -112.50000   -10.00000   360.00000     -5.13619      4.00461      0.00000
    -112.50000   -10.00000   380.00000     -4.28094      3.14359      0.00000
    -112.50000   -10.00000   400.00000     -3.66812      2.52665      0.00000
    -112.50000   -10.00000   420.00000     -3.22902      2.08459      0.00000
    -112.50000   -10.00000   440.00000     -2.91439      1.76784      0.00000
    -112.50000   -10.00000   460.00000     -2.68895      1.54088      0.00000
    -112.50000   -10.00000   480.00000     -2.52741      1.37825      0.00000
    -112.50000   -10.00000   500.00000     -2.41167      1.26173      0.00000
    -112.50000    -7.50000     0.13204     -6.82656      5.53094      0.00000
    -112.50000    -7.50000     0.80847     -7.73179      2.91687      0.00000
    -112.50000    -7.50000     1.52714     -4.60316     -0.92449      0.00000
    -112.50000    -7.50000     3.14410     -4.95635     -3.99272      0.00000
    -112.50000    -7.50000     4.40866     -0.18312     -3.21304      0.00000
    -112.50000    -7.50000     5.86584      4.19829     -6.59868      0.00000
    -112.50000    -7.50000     7.59040      0.40145      1.49692      0.00000
    -112.50000    -7.50000     9.71025     -0.59129      8.04254      0.00000
    -112.50000    -7.50000    10.97997      0.67649      9.57287      0.00000
    -112.50000    -7.50000    12.46326      2.35880     10.08788      0.00000
    -112.50000    -7.50000    14.27759      5.70949      3.77303      0.00000
    -112.50000    -7.50000    16.66871      3.74661     -1.87572      0.00000
    -112.50000    -7.50000    18.70741      1.12023      2.16732      0.00000
    -112.50000    -7.50000    20.00000     -3.76046     -0.87454      0.00000
    -112.50000    -7.50000    20.72160     -6.57841     -2.38369      0.00000
    -112.50000    -7.50000    23.85301    -22.09039      2.66665      0.00000
    -112.50000    -7.50000    26.44489    -24.08772      2.26096      0.00000
    -112.50000    -7.50000    30.99574    -24.57753      0.38071      0.00000
    -112.50000    -7.50000    40.00000    -39.30106      0.67363      0.00000
    -112.50000    -7.50000    60.00000      1.97853      2.71238      0.00000
    -112.50000    -7.50000    80.00000      9.67430    -19.52743      0.00000
    -112.50000    -7.50000   100.00000    -14.75450     -7.72871      0.00000
    -112.50000    -7.50000   120.00000     -7.02458    -13.54634      0.00000
    -112.50000    -7.50000   140.00000    -19.35977     69.41447      0.00000
    -112.50000    -7.50000   160.00000    -34.55154     66.25510      0.00000
    -112.50000    -7.50000   180.00000    -56.29853     56.91442      0.00000
    -112.50000    -7.50000   200.00000    -46.25072     44.51836      0.00000
    -112.50000    -7.50000   220.00000    -33.93908     34.54683      0.00000
    -112.50000    -7.50000   240.00000    -25.11739     27.40192      0.00000
    -112.50000    -7.50000   260.00000    -18.79638     22.28237      0.00000
    -112.50000    -7.50000   280.00000    -14.26718     18.61405      0.00000
    -112.50000    -7.50000   300.00000    -11.02186     15.98559      0.00000
    -112.50000    -7.50000   320.00000     -8.69649     14.10221      0.00000
    -112.50000    -7.50000   340.00000     -7.03029     12.75271      0.00000
    -112.50000    -7.50000   360.00000     -5.83641     11.78575      0.00000
    -112.50000    -7.50000   380.00000     -4.98095     11.09289      0.00000
    -112.50000    -7.50000   400.00000     -4.36799     10.59644      0.00000
    -112.50000    -7.50000   420.00000     -3.92878     10.24072      0.00000
    -112.50000    -7.50000   440.00000     -3.61408      9.98583      0.00000
    -112.50000    -7.50000   460.00000     -3.38858      9.80319      0.00000
    -112.50000    -7.50000   480.00000     -3.22701      9.67233      0.00000
    -112.50000    -7.50000   500.00000     -3.11123      9.57856      0.00000
    -112.50000    -5.00000     0.13204     -4.86617      6.01177      0.00000
    -112.50000    -5.00000     0.80847     -6.52123      3.58184      0.00000
    -112.50000    -5.00000     1.52714     -3.80821     -0.55384      0.00000
    -112.50000    -5.00000     3.14410     -4.66002     -6.37001      0.00000
    -112.50000    -5.00000     4.40866     -0.28586     -3.10754      0.00000
    -112.50000    -5.00000     5.86584      4.18289     -5.49088      0.00000
    -112.50000    -5.00000     7.59040      1.40595      4.27916      0.00000
    -112.50000    -5.00000     9.71025      1.49894      8.35663      0.00000
    -112.50000    -5.00000    10.97997      3.26178      7.32336      0.00000
    -112.50000    -5.00000    12.46326      5.34760      7.30000      0.00000
    -112.50000    -5.00000    14.27759     10.05423      0.70651      0.00000
    -112.50000    -5.00000    16.66871      5.11788     -1.35693      0.00000
    -112.50000    -5.00000    18.70741      4.30405      1.58264      0.00000
    -112.50000    -5.00000    20.00000     -0.94223     -0.80327      0.00000
    -112.50000    -5.00000    20.72160     -4.08503     -1.97127      0.00000
    -112.50000    -5.00000    23.85301    -21.38516      4.13925      0.00000
    -112.50000    -5.00000    26.44489    -23.79991      1.58597      0.00000
    -112.50000    -5.00000    30.99574    -22.24333      0.28420      0.00000
    -112.50000    -5.00000    40.00000    -35.74555      0.41321      0.00000
    -112.50000    -5.00000    60.00000      4.75546      2.69304      0.00000
    -112.50000    -5.00000    80.00000      9.80868    -17.57525      0.00000
    -112.50000    -5.00000   100.00000    -16.48750     -1.67653      0.00000
    -112.50000    -5.00000   120.00000     -5.63983     -7.79323      0.00000
    -112.50000    -5.00000   140.00000    -18.62184     68.40574      0.00000
    -112.50000    -5.00000   160.00000    -36.82945     61.99004      0.00000
    -112.50000    -5.00000   180.00000    -57.38578     53.70626      0.00000
    -112.50000    -5.00000   200.00000    -47.33135     44.06983      0.00000
    -112.50000    -5.00000   220.00000    -35.23056     36.42857      0.00000
    -112.50000    -5.00000   240.00000    -26.55997     30.95338      0.00000
    -112.50000    -5.00000   260.00000    -20.34722     27.03023      0.00000
    -112.50000    -5.00000   280.00000    -15.89559     24.21917      0.00000
    -112.50000    -5.00000   300.00000    -12.70586     22.20495      0.00000
    -112.50000    -5.00000   320.00000    -10.42031     20.76171      0.00000
    -112.50000    -5.00000   340.00000     -8.78265     19.72758      0.00000
    -112.50000    -5.00000   360.00000     -7.60921     18.98659      0.00000
    -112.50000    -5.00000   380.00000     -6.76841     18.45565      0.00000
    -112.50000    -5.00000   400.00000     -6.16595     18.07521      0.00000
    -112.50000    -5.00000   420.00000     -5.73426     17.80262      0.00000
    -112.50000    -5.00000   440.00000     -5.42495     17.60730      0.00000
    -112.50000    -5.00000   460.00000     -5.20332     17.46734      0.00000
    -112.50000    -5.00000   480.00000     -5.04451     17.36706      0.00000
    -112.50000    -5.00000   500.00000     -4.93072     17.29521      0.00000
    -110.00000   -25.00000     0.13204     -3.70000     -6.40000      0.00000
    -110.00000   -25.00000     0.80847     -2.95361     -8.35926      0.00000
    -110.00000   -25.00000     1.52714     -1.56768     -6.21602      0.00000
    -110.00000   -25.00000     3.14410      1.96178     -3.52839      0.00000
    -110.00000   -25.00000     4.40866     10.37046     -3.50000      0.00000
    -110.00000   -25.00000     5.86584     15.02780     -4.29396      0.00000
    -110.00000   -25.00000     7.59040     17.49618     -3.79503      0.00000
    -110.00000   -25.00000     9.71025     25.45421     -3.47290      0.00000
    -110.00000   -25.00000    10.97997     28.59007     -1.89633      0.00000
    -110.00000   -25.00000    12.46326     30.64336     -1.02547      0.00000
    -110.00000   -25.00000    14.27759     30.92404     -3.83989      0.00000
    -110.00000   -25.00000    16.66871     27.73241     -9.69751      0.00000
    -110.00000   -25.00000    18.70741     12.05307     -5.56491      0.00000
    -110.00000   -25.00000    20.00000      3.66839     -3.56260      0.00000
    -110.00000   -25.00000    20.72160     -1.46197     -2.38790      0.00000
    -110.00000   -25.00000    23.85301    -13.44998      0.47140      0.00000
    -110.00000   -25.00000    26.44489    -12.92150     -0.02788      0.00000
    -110.00000   -25.00000    30.99574    -25.30523      0.42705      0.00000
    -110.00000   -25.00000    40.00000    -41.13564      2.25296      0.00000
    -110.00000   -25.00000    60.00000    -29.85287     -1.54191      0.00000
    -110.00000   -25.00000    80.00000     -3.01053    -13.14978      0.00000
    -110.00000   -25.00000   100.00000     23.95554    -27.04113      0.00000
    -110.00000   -25.00000   120.00000    -25.26585    -22.00102      0.00000
    -110.00000   -25.00000   140.00000    -30.47585     47.21944      0.00000
    -110.00000   -25.00000   160.00000    -25.64003     73.16031      0.00000
    -110.00000   -25.00000   180.00000    -45.66928     59.69638      0.00000
    -110.00000   -25.00000   200.00000    -37.42138     37.66689      0.00000
    -110.00000   -25.00000   220.00000    -26.82806     19.81214      0.00000
    -110.00000   -25.00000   240.00000    -19.23762      7.01865      0.00000
    -110.00000   -25.00000   260.00000    -13.79883     -2.14828      0.00000
    -110.00000   -25.00000   280.00000     -9.90176     -8.71668      0.00000
    -110.00000   -25.00000   300.00000     -7.10939    -13.42314      0.00000
    -110.00000   -25.00000   320.00000     -5.10857    -16.79546      0.00000
    -110.00000   -25.00000   340.00000     -3.67492    -19.21184      0.00000
    -110.00000   -25.00000   360.00000     -2.64767    -20.94325      0.00000
    -110.00000   -25.00000   380.00000     -1.91161    -22.18386      0.00000
    -110.00000   -25.00000   400.00000     -1.38420    -23.07280      0.00000
    -110.00000   -25.00000   420.00000     -1.00629    -23.70975      0.00000
    -110.00000   -25.00000   440.00000     -0.73551    -24.16614      0.00000
    -110.00000   -25.00000   460.00000     -0.54149    -24.49316      0.00000
    -110.00000   -25.00000   480.00000     -0.40246    -24.72748      0.00000
    -110.00000   -25.00000   500.00000     -0.30285    -24.89538      0.00000
    -110.00000   -22.50000     0.13204     -9.30000     -2.20000      0.00000
    -110.00000   -22.50000     0.80847     -9.48902     -4.65720      0.00000
    -110.00000   -22.50000     1.52714     -7.19541     -2.97553      0.00000
    -110.00000   -22.50000     3.14410     -1.57126     -1.51781      0.00000
    -110.00000   -22.50000     4.40866      6.19230     -2.88067      0.00000
    -110.00000   -22.50000     5.86584     11.60071     -3.19934      0.00000
    -110.00000   -22.50000     7.59040     14.46493     -0.60000      0.00000
    -110.00000   -22.50000     9.71025     21.53174     -0.51088      0.00000
    -110.00000   -22.50000    10.97997     24.94052      1.78343      0.00000
    -110.00000   -22.50000    12.46326     27.99065      3.40358      0.00000
    -110.00000   -22.50000    14.27759     27.77179     -0.93446      0.00000
    -110.00000   -22.50000    16.66871     26.70433     -8.80849      0.00000
    -110.00000   -22.50000    18.70741     12.40340     -5.50079      0.00000
    -110.00000   -22.50000    20.00000      3.52653     -2.26736      0.00000
    -110.00000   -22.50000    20.72160     -1.92314     -0.53523      0.00000
    -110.00000   -22.50000    23.85301    -15.77472      0.20774      0.00000
    -110.00000   -22.50000    26.44489    -14.25319     -0.63865      0.00000
    -110.00000   -22.50000    30.99574    -26.85415      0.53824      0.00000
    -110.00000   -22.50000    40.00000    -43.13615      2.30115      0.00000
    -110.00000   -22.50000    60.00000    -24.35879     -0.78682      0.00000
    -110.00000   -22.50000    80.00000      0.38678    -15.32993      0.00000
    -110.00000   -22.50000   100.00000     17.27396    -28.01702      0.00000
    -110.00000   -22.50000   120.00000    -22.51644    -24.27247      0.00000
    -110.00000   -22.50000   140.00000    -29.08414     53.42009      0.00000
    -110.00000   -22.50000   160.00000    -26.98030     75.61189      0.00000
    -110.00000   -22.50000   180.00000    -48.23436     62.35254      0.00000
    -110.00000   -22.50000   200.00000    -39.33640     39.55516      0.00000
    -110.00000   -22.50000   220.00000    -27.98762     20.93147      0.00000
    -110.00000   -22.50000   240.00000    -19.85586      7.58700      0.00000
    -110.00000   -22.50000   260.00000    -14.02920     -1.97472      0.00000
    -110.00000   -22.50000   280.00000     -9.85422     -8.82600      0.00000
    -110.00000   -22.50000   300.00000     -6.86272    -13.73515      0.00000
    -110.00000   -22.50000   320.00000     -4.71921    -17.25271      0.00000
    -110.00000   -22.50000   340.00000     -3.18332    -19.77316      0.00000
    -110.00000   -22.50000   360.00000     -2.08280    -21.57913      0.00000
    -110.00000   -22.50000   380.00000     -1.29425    -22.87317      0.00000
    -110.00000   -22.50000   400.00000     -0.72923    -23.80039      0.00000
    -110.00000   -22.50000   420.00000     -0.32437    -24.46477      0.00000
    -110.00000   -22.50000   440.00000     -0.03428    -24.94082      0.00000
    -110.00000   -22.50000   460.00000      0.17358    -25.28193      0.00000
    -110.00000   -22.50000   480.00000      0.32252    -25.52634      0.00000
    -110.00000   -22.50000   500.00000      0.42924    -25.70147      0.00000
    -110.00000   -20.00000     0.13204    -10.90000      0.80000      0.00000
    -110.00000   -20.00000     0.80847    -11.47973     -1.13244      0.00000
    -110.00000   -20.00000     1.52714     -9.05697     -0.12506      0.00000
    -110.00000   -20.00000     3.14410     -3.85933      0.39430      0.00000
    -110.00000   -20.00000     4.40866     -0.26085     -1.17296      0.00000
    -110.00000   -20.00000     5.86584      5.06850     -0.70297      0.00000
    -110.00000   -20.00000     7.59040      9.41280      2.09917      0.00000
    -110.00000   -20.00000     9.71025     15.64241      1.73095      0.00000
    -110.00000   -20.00000    10.97997     19.36269      4.43679      0.00000
    -110.00000   -20.00000    12.46326     23.89690      7.01306      0.00000
    -110.00000   -20.00000    14.27759     23.67688      1.32993      0.00000
    -110.00000   -20.00000    16.66871     22.17161     -8.76362      0.00000
    -110.00000   -20.00000    18.70741     10.39576     -5.42713      0.00000
    -110.00000   -20.00000    20.00000      2.67623     -0.78956      0.00000
    -110.00000   -20.00000    20.72160     -2.16542      1.58173      0.00000
    -110.00000   -20.00000    23.85301    -17.55134      0.00267      0.00000
    -110.00000   -20.00000    26.44489    -15.67977     -0.75687      0.00000
    -110.00000   -20.00000    30.99574    -27.94337      0.61188      0.00000
    -110.00000   -20.00000    40.00000    -44.53851      2.21489      0.00000
    -110.00000   -20.00000    60.00000    -18.87076      0.02154      0.00000
    -110.00000   -20.00000    80.00000      3.24885    -17.32141      0.00000
    -110.00000   -20.00000   100.00000     10.56248    -27.72336      0.00000
    -110.00000   -20.00000   120.00000    -19.49723    -25.38279      0.00000
    -110.00000   -20.00000   140.00000    -27.29687     58.93059      0.00000
    -110.00000   -20.00000   160.00000    -27.83649     76.70771      0.00000
    -110.00000   -20.00000   180.00000    -49.89167     63.86573      0.00000
    -110.00000   -20.00000   200.00000    -40.35062     41.21722      0.00000
    -110.00000   -20.00000   220.00000    -28.31563     22.62261      0.00000
    -110.00000   -20.00000   240.00000    -19.69217      9.29900      0.00000
    -110.00000   -20.00000   260.00000    -13.51320     -0.24779      0.00000
    -110.00000   -20.00000   280.00000     -9.08577     -7.08837      0.00000
    -110.00000   -20.00000   300.00000     -5.91338    -11.98985      0.00000
    -110.00000   -20.00000   320.00000     -3.64026    -15.50192      0.00000
    -110.00000   -20.00000   340.00000     -2.01150    -18.01842      0.00000
    -110.00000   -20.00000   360.00000     -0.84445    -19.82158      0.00000
    -110.00000   -20.00000   380.00000     -0.00821    -21.11360      0.00000
    -110.00000   -20.00000   400.00000      0.59097    -22.03937      0.00000
    -110.00000   -20.00000   420.00000      1.02031    -22.70271      0.00000
    -110.00000   -20.00000   440.00000      1.32794    -23.17802      0.00000
    -110.00000   -20.00000   460.00000      1.54837    -23.51859      0.00000
    -110.00000   -20.00000   480.00000      1.70632    -23.76262      0.00000
    -110.00000   -20.00000   500.00000      1.81949    -23.93748      0.00000
    -110.00000   -17.50000     0.13204     -9.30000      2.10000      0.00000
    -110.00000   -17.50000     0.80847    -10.29012      0.51581      0.00000
    -110.00000   -17.50000     1.52714     -7.70809      0.69938      0.00000
    -110.00000   -17.50000     3.14410     -4.82045      1.39507      0.00000
    -110.00000   -17.50000     4.40866     -4.60274     -0.17806      0.00000
    -110.00000   -17.50000     5.86584      0.46977      1.48992      0.00000
    -110.00000   -17.50000     7.59040      6.20075      3.70000      0.00000
    -110.00000   -17.50000     9.71025     10.79011      3.70000      0.00000
    -110.00000   -17.50000    10.97997     13.78588      6.68588      0.00000
    -110.00000   -17.50000    12.46326     17.88301      9.38881      0.00000
    -110.00000   -17.50000    14.27759     18.59907      3.10841      0.00000
    -110.00000   -17.50000    16.66871     16.70390     -9.37434      0.00000
    -110.00000   -17.50000    18.70741      5.83160     -4.95384      0.00000
    -110.00000   -17.50000    20.00000     -0.24414      0.50440      0.00000
    -110.00000   -17.50000    20.72160     -4.05247      3.22899      0.00000
    -110.00000   -17.50000    23.85301    -18.45663     -0.27684      0.00000
    -110.00000   -17.50000    26.44489    -16.81426     -0.34883      0.00000
    -110.00000   -17.50000    30.99574    -28.47901      0.64364      0.00000
    -110.00000   -17.50000    40.00000    -45.19302      2.01220      0.00000
    -110.00000   -17.50000    60.00000    -13.62018      0.80806      0.00000
    -110.00000   -17.50000    80.00000      5.55109    -18.97358      0.00000
    -110.00000   -17.50000   100.00000      4.09511    -26.05715      0.00000
    -110.00000   -17.50000   120.00000    -16.38219    -25.18622      0.00000
    -110.00000   -17.50000   140.00000    -25.27150     63.54899      0.00000
    -110.00000   -17.50000   160.00000    -28.43454     76.47109      0.00000
    -110.00000   -17.50000   180.00000    -50.89809     64.17385      0.00000
    -110.00000   -17.50000   200.00000    -40.74394     42.55365      0.00000
    -110.00000   -17.50000   220.00000    -28.10983     24.76745      0.00000
    -110.00000   -17.50000   240.00000    -19.05710     12.02309      0.00000
    -110.00000   -17.50000   260.00000    -12.57053      2.89135      0.00000
    -110.00000   -17.50000   280.00000     -7.92270     -3.65183      0.00000
    -110.00000   -17.50000   300.00000     -4.59239     -8.34022      0.00000
    -110.00000   -17.50000   320.00000     -2.20612    -11.69960      0.00000
    -110.00000   -17.50000   340.00000     -0.49628    -14.10670      0.00000
    -110.00000   -17.50000   360.00000      0.72888    -15.83146      0.00000
    -110.00000   -17.50000   380.00000      1.60674    -17.06730      0.00000
    -110.00000   -17.50000   400.00000      2.23575    -17.95283      0.00000
    -110.00000   -17.50000   420.00000      2.68646    -18.58733      0.00000
    -110.00000   -17.50000   440.00000      3.00941    -19.04197      0.00000
    -110.00000   -17.50000   460.00000      3.24081    -19.36774      0.00000
    -110.00000   -17.50000   480.00000      3.40662    -19.60116      0.00000
    -110.00000   -17.50000   500.00000      3.52542    -19.76841      0.00000
    -110.00000   -15.00000     0.13204     -7.60394      3.09393      0.00000
    -110.00000   -15.00000     0.80847     -8.86706      1.08662      0.00000
    -110.00000   -15.00000     1.52714     -5.69640     -0.19040      0.00000
    -110.00000   -15.00000     3.14410     -5.10127      1.39661      0.00000
    -110.00000   -15.00000     4.40866     -4.10662     -0.78543      0.00000
    -110.00000   -15.00000     5.86584      0.38274      0.79386      0.00000
    -110.00000   -15.00000     7.59040      5.58894      3.49426      0.00000
    -110.00000   -15.00000     9.71025      6.89109      5.68493      0.00000
    -110.00000   -15.00000    10.97997      8.27909      9.34474      0.00000
    -110.00000   -15.00000    12.46326     10.27012     10.87759      0.00000
    -110.00000   -15.00000    14.27759     12.07375      3.90356      0.00000
    -110.00000   -15.00000    16.66871     11.80339     -8.95420      0.00000
    -110.00000   -15.00000    18.70741      0.46148     -3.67723      0.00000
    -110.00000   -15.00000    20.00000     -4.62420      1.29132      0.00000
    -110.00000   -15.00000    20.72160     -7.60807      3.72779      0.00000
    -110.00000   -15.00000    23.85301    -18.90035     -0.76373      0.00000
    -110.00000   -15.00000    26.44489    -18.02204      0.37261      0.00000
    -110.00000   -15.00000    30.99574    -28.40257      0.63286      0.00000
    -110.00000   -15.00000    40.00000    -44.99587      1.72115      0.00000
    -110.00000   -15.00000    60.00000     -8.80212      1.50179      0.00000
    -110.00000   -15.00000    80.00000      7.29861    -20.14389      0.00000
    -110.00000   -15.00000   100.00000     -1.84789    -23.03836      0.00000
    -110.00000   -15.00000   120.00000    -13.34846    -23.61193      0.00000
    -110.00000   -15.00000   140.00000    -23.19901     67.12267      0.00000
    -110.00000   -15.00000   160.00000    -29.03106     75.00981      0.00000
    -110.00000   -15.00000   180.00000    -51.53972     63.32699      0.00000
    -110.00000   -15.00000   200.00000    -40.82995     43.50078      0.00000
    -110.00000   -15.00000   220.00000    -27.70601     27.20994      0.00000
    -110.00000   -15.00000   240.00000    -18.30229     15.53704      0.00000
    -110.00000   -15.00000   260.00000    -11.56423      7.17304      0.00000
    -110.00000   -15.00000   280.00000     -6.73620      1.17997      0.00000
    -110.00000   -15.00000   300.00000     -3.27676     -3.11425      0.00000
    -110.00000   -15.00000   320.00000     -0.79797     -6.19119      0.00000
    -110.00000   -15.00000   340.00000      0.97816     -8.39592      0.00000
    -110.00000   -15.00000   360.00000      2.25082     -9.97568      0.00000
    -110.00000   -15.00000   380.00000      3.16271    -11.10762      0.00000
    -110.00000   -15.00000   400.00000      3.81612    -11.91869      0.00000
    -110.00000   -15.00000   420.00000      4.28430    -12.49985      0.00000
    -110.00000   -15.00000   440.00000      4.61977    -12.91627      0.00000
    -110.00000   -15.00000   460.00000      4.86014    -13.21465      0.00000
    -110.00000   -15.00000   480.00000      5.03238    -13.42845      0.00000
    -110.00000   -15.00000   500.00000      5.15579    -13.58164      0.00000
    -110.00000   -12.50000     0.13204     -6.91637      4.16070      0.00000
    -110.00000   -12.50000     0.80847     -7.82925      1.74787      0.00000
    -110.00000   -12.50000     1.52714     -4.10847     -0.98730      0.00000
    -110.00000   -12.50000     3.14410     -5.09219      0.49439      0.00000
    -110.00000   -12.50000     4.40866     -1.21043     -2.29251      0.00000
    -110.00000   -12.50000     5.86584      3.08356     -2.69847      0.00000
    -110.00000   -12.50000     7.59040      4.79441      1.38653      0.00000
    -110.00000   -12.50000     9.71025      3.01571      7.05026      0.00000
    -110.00000   -12.50000    10.97997      3.09811     11.41703      0.00000
    -110.00000   -12.50000    12.46326      3.88429     11.59804      0.00000
    -110.00000   -12.50000    14.27759      5.95671      3.56905      0.00000
    -110.00000   -12.50000    16.66871      7.37366     -6.60811      0.00000
    -110.00000   -12.50000    18.70741     -3.32424     -1.97901      0.00000
    -110.00000   -12.50000    20.00000     -8.00943      0.92944      0.00000
    -110.00000   -12.50000    20.72160    -10.52269      2.34556      0.00000
    -110.00000   -12.50000    23.85301    -19.84202     -0.66646      0.00000
    -110.00000   -12.50000    26.44489    -19.90854      1.31697      0.00000
    -110.00000   -12.50000    30.99574    -27.69537      0.58313      0.00000
    -110.00000   -12.50000    40.00000    -43.89815      1.37740      0.00000
    -110.00000   -12.50000    60.00000     -4.55567      2.04402      0.00000
    -110.00000   -12.50000    80.00000      8.52177    -20.70592      0.00000
    -110.00000   -12.50000   100.00000     -7.01108    -18.81224      0.00000
    -110.00000   -12.50000   120.00000    -10.55388    -20.67578      0.00000
    -110.00000   -12.50000   140.00000    -21.27794     69.54845      0.00000
    -110.00000   -12.50000   160.00000    -29.87596     72.49618      0.00000
    -110.00000   -12.50000   180.00000    -52.08390     61.47458      0.00000
    -110.00000   -12.50000   200.00000    -40.90607     44.03454      0.00000
    -110.00000   -12.50000   220.00000    -27.42762     29.77394      0.00000
    -110.00000   -12.50000   240.00000    -17.76988     19.55577      0.00000
    -110.00000   -12.50000   260.00000    -10.84982     12.23413      0.00000
    -110.00000   -12.50000   280.00000     -5.89137      6.98795      0.00000
    -110.00000   -12.50000   300.00000     -2.33849      3.22889      0.00000
    -110.00000   -12.50000   320.00000      0.20726      0.53541      0.00000
    -110.00000   -12.50000   340.00000      2.03137     -1.39455      0.00000
    -110.00000   -12.50000   360.00000      3.33841     -2.77743      0.00000
    -110.00000   -12.50000   380.00000      4.27494     -3.76831      0.00000
    -110.00000   -12.50000   400.00000      4.94599     -4.47830      0.00000
    -110.00000   -12.50000   420.00000      5.42682     -4.98703      0.00000
    -110.00000   -12.50000   440.00000      5.77135     -5.35156      0.00000
    -110.00000   -12.50000   460.00000      6.01821     -5.61275      0.00000
    -110.00000   -12.50000   480.00000      6.19510     -5.79990      0.00000
    -110.00000   -12.50000   500.00000      6.32185     -5.93400      0.00000
    -110.00000   -10.00000     0.13204     -6.51110      4.94892      0.00000
    -110.00000   -10.00000     0.80847     -6.92017      2.62017      0.00000
    -110.00000   -10.00000     1.52714     -3.01259     -1.30393      0.00000
    -110.00000   -10.00000     3.14410     -4.57947     -1.80655      0.00000
    -110.00000   -10.00000     4.40866      0.09854     -3.29953      0.00000
    -110.00000   -10.00000     5.86584      5.08434     -6.29061      0.00000
    -110.00000   -10.00000     7.59040      2.40730     -0.51569      0.00000
    -110.00000   -10.00000     9.71025      0.11792      6.84236      0.00000
    -110.00000   -10.00000    10.97997      0.29654     10.92914      0.00000
    -110.00000   -10.00000    12.46326      1.08325     10.70628      0.00000
    -110.00000   -10.00000    14.27759      3.44529      2.58920      0.00000
    -110.00000   -10.00000    16.66871      4.18394     -3.75544      0.00000
    -110.00000   -10.00000    18.70741     -3.96550     -0.94862      0.00000
    -110.00000   -10.00000    20.00000     -8.28814     -0.72481      0.00000
    -110.00000   -10.00000    20.72160    -10.55392     -0.56302      0.00000
    -110.00000   -10.00000    23.85301    -21.07035      0.64300      0.00000
    -110.00000   -10.00000    26.44489    -22.10908      2.01268      0.00000
    -110.00000   -10.00000    30.99574    -26.37908      0.50240      0.00000
    -110.00000   -10.00000    40.00000    -41.90910      1.02093      0.00000
    -110.00000   -10.00000    60.00000     -0.94991      2.39472      0.00000
    -110.00000   -10.00000    80.00000      9.27112    -20.55788      0.00000
    -110.00000   -10.00000   100.00000    -11.19383    -13.63877      0.00000
    -110.00000   -10.00000   120.00000     -8.11710    -16.48451      0.00000
    -110.00000   -10.00000   140.00000    -19.68666     70.76944      0.00000
    -110.00000   -10.00000   160.00000    -31.17422     69.14256      0.00000
    -110.00000   -10.00000   180.00000    -52.73478     58.84414      0.00000
    -110.00000   -10.00000   200.00000    -41.20609     44.17146      0.00000
    -110.00000   -10.00000   220.00000    -27.53635     32.28382      0.00000
    -110.00000   -10.00000   240.00000    -17.74155     23.76596      0.00000
    -110.00000   -10.00000   260.00000    -10.72327     17.66265      0.00000
    -110.00000   -10.00000   280.00000     -5.69446     13.28943      0.00000
    -110.00000   -10.00000   300.00000     -2.09115     10.15589      0.00000
    -110.00000   -10.00000   320.00000      0.49073      7.91060      0.00000
    -110.00000   -10.00000   340.00000      2.34073      6.30179      0.00000
    -110.00000   -10.00000   360.00000      3.66631      5.14902      0.00000
    -110.00000   -10.00000   380.00000      4.61613      4.32303      0.00000
    -110.00000   -10.00000   400.00000      5.29671      3.73118      0.00000
    -110.00000   -10.00000   420.00000      5.78436      3.30710      0.00000
    -110.00000   -10.00000   440.00000      6.13378      3.00323      0.00000
    -110.00000   -10.00000   460.00000      6.38415      2.78550      0.00000
    -110.00000   -10.00000   480.00000      6.56355      2.62949      0.00000
    -110.00000   -10.00000   500.00000      6.69209      2.51771      0.00000
    -110.00000    -7.50000     0.13204     -5.41400      5.14122      0.00000
    -110.00000    -7.50000     0.80847     -5.82763      3.00634      0.00000
    -110.00000    -7.50000     1.52714     -2.51163     -1.32616      0.00000
    -110.00000    -7.50000     3.14410     -4.07981     -4.89050      0.00000
    -110.00000    -7.50000     4.40866     -0.69756     -3.30153      0.00000
    -110.00000    -7.50000     5.86584      5.17751     -6.98590      0.00000
    -110.00000    -7.50000     7.59040      0.70695     -0.31035      0.00000
    -110.00000    -7.50000     9.71025      0.40205      5.06302      0.00000
    -110.00000    -7.50000    10.97997      1.08900      7.36387      0.00000
    -110.00000    -7.50000    12.46326      2.07909      8.08537      0.00000
    -110.00000    -7.50000    14.27759      5.70178      1.18848      0.00000
    -110.00000    -7.50000    16.66871      3.55669     -2.51126      0.00000
    -110.00000    -7.50000    18.70741     -1.72439     -0.62853      0.00000
    -110.00000    -7.50000    20.00000     -5.81617     -2.25248      0.00000
    -110.00000    -7.50000    20.72160     -8.08414     -2.92591      0.00000
    -110.00000    -7.50000    23.85301    -21.65345      2.84387      0.00000
    -110.00000    -7.50000    26.44489    -23.42192      1.99010      0.00000
    -110.00000    -7.50000    30.99574    -24.51210      0.40276      0.00000
    -110.00000    -7.50000    40.00000    -39.09336      0.69255      0.00000
    -110.00000    -7.50000    60.00000      2.02284      2.53683      0.00000
    -110.00000    -7.50000    80.00000      9.61237    -19.63136      0.00000
    -110.00000    -7.50000   100.00000    -14.27524     -7.86996      0.00000
    -110.00000    -7.50000   120.00000     -6.10287    -11.23134      0.00000
    -110.00000    -7.50000   140.00000    -18.55767     70.77000      0.00000
    -110.00000    -7.50000   160.00000    -33.05143     65.17576      0.00000
    -110.00000    -7.50000   180.00000    -53.59866     55.71451      0.00000
    -110.00000    -7.50000   200.00000    -41.86159     43.96678      0.00000
    -110.00000    -7.50000   220.00000    -28.18981     34.58526      0.00000
    -110.00000    -7.50000   240.00000    -18.39355     27.86311      0.00000
    -110.00000    -7.50000   260.00000    -11.37423     23.04648      0.00000
    -110.00000    -7.50000   280.00000     -6.34466     19.59521      0.00000
    -110.00000    -7.50000   300.00000     -2.74082     17.12227      0.00000
    -110.00000    -7.50000   320.00000     -0.15855     15.35033      0.00000
    -110.00000    -7.50000   340.00000      1.69172     14.08068      0.00000
    -110.00000    -7.50000   360.00000      3.01750     13.17094      0.00000
    -110.00000    -7.50000   380.00000      3.96746     12.51908      0.00000
    -110.00000    -7.50000   400.00000      4.64814     12.05200      0.00000
    -110.00000    -7.50000   420.00000      5.13587     11.71732      0.00000
    -110.00000    -7.50000   440.00000      5.48534     11.47752      0.00000
    -110.00000    -7.50000   460.00000      5.73574     11.30569      0.00000
    -110.00000    -7.50000   480.00000      5.91517     11.18257      0.00000
    -110.00000    -7.50000   500.00000      6.04373     11.09435      0.00000
    -110.00000    -5.00000     0.13204     -3.86000      5.22942      0.00000
    -110.00000    -5.00000     0.80847     -5.44115      3.18497      0.00000
    -110.00000    -5.00000     1.52714     -3.31019     -1.05010      0.00000
    -110.00000    -5.00000     3.14410     -4.48517     -6.87389      0.00000
    -110.00000    -5.00000     4.40866     -2.00078     -2.50137      0.00000
    -110.00000    -5.00000     5.86584      3.16954     -4.58770      0.00000
    -110.00000    -5.00000     7.59040      1.20426      1.38722      0.00000
    -110.00000    -5.00000     9.71025      2.88597      3.28432      0.00000
    -110.00000    -5.00000    10.97997      4.37405      3.59481      0.00000
    -110.00000    -5.00000    12.46326      5.76977      4.38273      0.00000
    -110.00000    -5.00000    14.27759     10.74284     -0.83360      0.00000
    -110.00000    -5.00000    16.66871      4.95835     -2.36366      0.00000
    -110.00000    -5.00000    18.70741      1.14369     -0.72008      0.00000
    -110.00000    -5.00000    20.00000     -3.10577     -2.25547      0.00000
    -110.00000    -5.00000    20.72160     -5.58178     -2.87714      0.00000
    -110.00000    -5.00000    23.85301    -21.18691      4.55382      0.00000
    -110.00000    -5.00000    26.44489    -23.25060      1.32117      0.00000
    -110.00000    -5.00000    30.99574    -22.18234      0.29961      0.00000
    -110.00000    -5.00000    40.00000    -35.56244      0.43027      0.00000
    -110.00000    -5.00000    60.00000      4.44544      2.47775      0.00000
    -110.00000    -5.00000    80.00000      9.62207    -17.89956      0.00000
    -110.00000    -5.00000   100.00000    -16.23053     -1.91707      0.00000
    -110.00000    -5.00000   120.00000     -4.51437     -5.18286      0.00000
    -110.00000    -5.00000   140.00000    -17.95691     69.56985      0.00000
    -110.00000    -5.00000   160.00000    -35.52753     60.81328      0.00000
    -110.00000    -5.00000   180.00000    -54.66349     52.38654      0.00000
    -110.00000    -5.00000   200.00000    -42.87725     43.50976      0.00000
    -110.00000    -5.00000   220.00000    -29.41202     36.56356      0.00000
    -110.00000    -5.00000   240.00000    -19.76376     31.58640      0.00000
    -110.00000    -5.00000   260.00000    -12.85049     28.02011      0.00000
    -110.00000    -5.00000   280.00000     -7.89690     25.46475      0.00000
    -110.00000    -5.00000   300.00000     -4.34751     23.63375      0.00000
    -110.00000    -5.00000   320.00000     -1.80426     22.32178      0.00000
    -110.00000    -5.00000   340.00000      0.01806     21.38172      0.00000
    -110.00000    -5.00000   360.00000      1.32381     20.70813      0.00000
    -110.00000    -5.00000   380.00000      2.25942     20.22549      0.00000
    -110.00000    -5.00000   400.00000      2.92982     19.87966      0.00000
    -110.00000    -5.00000   420.00000      3.41018     19.63186      0.00000
    -110.00000    -5.00000   440.00000      3.75437     19.45430      0.00000
    -110.00000    -5.00000   460.00000      4.00099     19.32708      0.00000
    -110.00000    -5.00000   480.00000      4.17771     19.23592      0.00000
    -110.00000    -5.00000   500.00000      4.30433     19.17060      0.00000
