# Tecplot data: Tacode
Variables = Time[s],X[km],Y[km],Z[km],Long[deg.],Lati[deg.],Alti[km],Upl[m/s],Vpl[m/s],Wpl[m/s],VelplAbs[m/s],Dens[kg/m3],Temp[K],Kn,q0,q1,q2,q3,Yaw[deg.],Pitch[deg.],Roll[deg.],P[deg/s],Q[deg/s],R[deg/s],AoA[deg.],Sideslip[deg.],AoAtotal[deg.]
zone t=time i= 1001 f=point
0.0 -3772.3654475379267 3000.674967768374 4388.053261258401 141.5 42.5 150.0 7450 0 0 7450.0 1.7500000000001226e-09 661.4999999999927 82.68936707019084 0.02989696013621541 -0.3281041830194497 0.8418061336639883 -0.4275701698966388 90.0 19.999999999999993 -3.863546769917498e-15 0.0 0.0 0.0 19.999999999999996 5.105414548323354e-15 19.999999999999993
1.0 -3777.0009043524547 2994.842732246464 4388.050100087783 141.58855419310075 42.49996255845328 149.99996673127754 7449.988060529169 -8.514446732465627 -0.03871811316392648 7449.992926126133 1.7500029299040603e-09 661.4998226555822 82.68923086493223 0.03195858688171774 -0.3291501126938736 0.8417304574315848 -0.42676537941842124 90.05964204047174 19.784847332276744 1.1162467997703619e-05 1.2958381169921137e-05 -0.5603347631076525 8.627421538235634e-05 19.785145101218244 0.005843943604586682 19.785145929701187
2.0 -3781.6318026381045 2989.0068923457534 4388.040616583519 141.6771080821236 42.499850234135295 149.99986691260176 7449.966462982045 -17.02882757617178 -0.0774558649820527 7449.985925256855 1.750011720743247e-09 661.4992905558694 82.68882219905441 0.03809716987050721 -0.332252206696631 0.8414754688071671 -0.4243537583064813 90.11946268621347 19.014626927584917 0.00010103179156552304 5.168677222840867e-05 -1.1076990264948388 0.0003426845096963298 19.015222600012212 0.011534345068256074 19.015225968900854
3.0 -3786.2581362831265 2983.167455768725 4388.02481076248 141.76566144741443 42.49966302780463 149.99970052349988 7449.935192782207 -25.543100155924805 -0.11621534095644037 7449.978982529175 1.7500263743968518e-09 661.4984035923844 82.68814099212359 0.04816091955936658 -0.3372998248408841 0.8409608932571359 -0.420350008923118 90.17963175685506 17.709536589693002 0.00034238718876935576 0.000115628890222834 -1.6277297869742902 0.0007620243985778033 17.710430274572328 0.016917880209943403 17.710438095964662
4.0 -3790.879899170142 2977.3244302342637 4388.0026826496805 141.85421406913517 42.49940094058787 149.99946754234588 7449.894232370158 -34.05722200041381 -0.15499694105563933 7449.972079940741 1.7500468928967025e-09 661.4971616509365 82.68718716123273 0.061890558841121004 -0.3441109602199054 0.8400648417006559 -0.41478701464886814 90.24029870977775 15.90380596630392 0.0007835897271454859 0.00020371822756964943 -2.106784697841516 0.001332922241659093 15.90499772130361 0.021842093705268437 15.905012331777382
5.0 -3795.497085175223 2971.4778234815276 4387.974232279812 141.94276572722507 42.499063973980384 149.9991679485233 7449.84356029869 -42.57115051305651 -0.19379834194210943 7449.965195444718 1.7500732782368112e-09 661.4955646231456 82.68596062986315 0.07892421852406709 -0.35244112076508294 0.8386407548781659 -0.40772283279404115 90.30158856046465 13.644798698039251 0.0014417025077761206 0.0003142821807747984 -2.532295646662355 0.0020409545468623425 13.646288516299277 0.026157203836781752 13.64631310951261
6.0 -3800.109688167278 2965.6276432747754 4387.939459699579 142.03131620135528 42.49865212984766 149.99880172572773 7449.783151124484 -51.08484293708541 -0.23261341169421712 7449.958302840704 1.7501055320826603e-09 661.4936124240389 82.68446134140481 0.09880549103255244 -0.361995486304683 0.8365387744975418 -0.3992488216626357 90.36360374460175 10.991770696696458 0.0023005741006365313 0.000444952109211794 -2.8930982939690053 0.0028707466687118164 10.993558506176678 0.02971889370777827 10.993598181488327
7.0 -3804.717702011488 2959.7738974028016 4387.89836496985 142.11986527096317 42.49816541042615 149.9983688650243 7449.713005273833 -59.598256575282306 -0.271437064294215 7449.951401640884 1.7501436555020504e-09 661.4913050083389 82.68268927167196 0.12099159420424381 -0.3724420596130385 0.833629671697778 -0.3894990588283473 90.42643058299055 8.014820685784143 0.003312672444513122 0.0005925885220388399 -3.17740660395061 0.0038021604162599737 8.01690640181861 0.03239212714617384 8.016971413761055
8.0 -3809.321120605374 2953.9165936191152 4387.85094815735 142.20841271608066 42.4976038183189 149.99786935309507 7449.633194560116 -68.11134948730667 -0.31028064516549847 7449.944562592062 1.7501876500003524e-09 661.4886423078032 82.68064438078669 0.1448276049186299 -0.3834097368635417 0.8298352844161916 -0.37867577063982 90.49012943585001 4.79881945397692 0.00440091304793703 0.0007530159386438221 -3.369529332752588 0.0047894865476800766 4.801203156183909 0.03407465665099948 4.801323787273054
9.0 -3813.9199378643043 2948.055739659002 4387.797209333998 142.296958317073 42.49696735649505 149.997303171308 7449.543702732414 -76.62407916459888 -0.34914255964018537 7449.937768218505 1.7502375176027467e-09 661.485624226245 82.67832660936787 0.16958005227476994 -0.39451458833245595 0.8251519912495593 -0.36704909317453205 90.55473758111563 1.4396087519275313 0.005466982047654188 0.0009212086311092779 -3.4631102727104155 0.005799688739390105 1.4422906243612537 0.03470880598860866 1.4427081104172301
10.0 -3818.5141476988947 2942.1913432799474 4387.737148583767 142.38550185409886 42.496256028292976 149.9966703054856 7449.444530262095 -85.13640317481618 -0.3880171923989053 7449.931017610481 1.7502932599941084e-09 661.4822506915921 82.6757359185199 0.1944925791681223 -0.405392859932038 0.8196617251864672 -0.354942138987468 90.62028297762058 -1.962621755430555 0.006402028548960674 0.0010917076325735482 -3.455353005707822 0.006801908501969495 -1.9596414401277658 0.03427769088265246 1.959941089872426
11.0 -3823.103744061303 2936.3234122014596 4387.6707660015545 142.47404310801647 42.49546983741333 149.99597074506596 7449.335768498851 -93.64828023229768 -0.42690531425844824 7449.924400587901 1.7503548785931148e-09 661.4785216513925 82.67287228639393 0.21881567512165012 -0.4157177905711969 0.8135355879776006 -0.34272184934374805 90.68678561447253 -5.306393629357938 0.00709566608166335 0.0012589279869893689 -3.3464829231574247 0.00776674564994808 -5.303114476972869 0.032806489381208025 5.3032156609454315
12.0 -3827.6887209314195 2930.4519541131945 4387.5980616878805 142.56258186021137 42.49460878791798 149.99520447539655 7449.2174063375805 -102.1596681709879 -0.46581230820977737 7449.917904357383 1.7504223752313061e-09 661.4744370317162 82.66973567663842 0.24183460826830797 -0.4252115592533505 0.807026904051583 -0.3307850181884991 90.7542546150959 -8.491965815352001 0.007445552307410427 0.001417482999993871 -3.139740860819688 0.00866710374958797 -8.488387321239244 0.030359884926050334 8.488441216420105
13.0 -3832.2690722791203 2924.5769767240777 4387.519035749926 142.65111789186435 42.49367288423586 149.99437147851754 7449.089437034931 -110.67052483389095 -0.5047379246238819 7449.911520331819 1.7504957520844567e-09 661.4699967413067 82.66632604160476 0.262895266152304 -0.43365224013376924 0.8004537713757481 -0.3195396275143578 90.82268080479284 -11.424523434142381 0.007368051708825656 0.0015624873255889286 -2.8425719318942253 0.00947554301536304 -11.42064509513611 0.027036425797282538 11.420676672193748
14.0 -3836.844792107439 2918.6984877200102 4387.43368830814 142.7396509846668 42.492662131154894 149.99347174394921 7448.951935840083 -119.18080939531752 -0.5436713776783648 7449.905321771708 1.750575010722689e-09 661.4652007290571 82.66264336649819 0.2814548881798321 -0.4408867211655322 0.7941625019570975 -0.309367040107423 90.89201641990849 -14.021601723481567 0.006811808684633869 0.0016899910030919302 -2.471158432330469 0.01015859726061207 -14.017423196406765 0.022969279581761717 14.017441638426584
15.0 -3841.415874447621 2912.8164947635178 4387.342019492577 142.8281809207921 42.491576533820826 149.9925052633849 7448.804892834117 -127.69047990272793 -0.5826193979606558 7449.899296608823 1.750660152578259e-09 661.4600489556924 82.65868764764677 0.2970876504517767 -0.44682188941351886 0.7884963949894849 -0.3006036629493434 90.96217420423899 -16.21480912067019 0.00576694581479935 0.0017970428426686204 -2.0366002313361875 0.010709039004293456 -16.210330151010314 0.018307517611533874 16.21034021169859
16.0 -3845.9823133167138 2906.931005537192 4387.244029437418 142.91670748218388 42.490416097745516 149.99147202155203 7448.64828472281 -136.19949410418 -0.6215873957399651 7449.893419242263 1.7507511797510545e-09 661.4545413450231 82.6544588550913 0.30945314307931704 -0.45140144254384856 0.78377790542575 -0.29354332708152037 91.0330317263455 -17.946573580987522 0.004268974516940744 0.0018814433685248888 -1.5502955288924718 0.011121528922945293 -17.94179404695376 0.013197190718563432 17.94179874089418
17.0 -3850.5441027204415 2901.042027744527 4387.139718283491 143.00523045057335 42.48918082880742 149.99037199984073 7448.482092560749 -144.70780971160372 -0.6605771341099427 7449.8876682639875 1.7508480946894556e-09 661.4486778032559 82.64995694743595 0.3182952899510259 -0.45459591635198227 0.7802832637287677 -0.28842449545050136 91.10442495984756 -19.1714273832753 0.0024008872110692176 0.0019416680914950604 -1.0250017560363618 0.01139126461880099 -19.16634732382868 0.007779186396234343 19.16634884319651
18.0 -3855.101236657651 2895.1495691080877 4387.02908618039 143.09374960753286 42.487870733251974 149.9892051794166 7448.306301506104 -153.21538441807672 -0.6995878175009977 7449.882026213639 1.7509508999166216e-09 661.4424582355501 82.64518188458317 0.3234405214158448 -0.45639352669649247 0.7782203529817117 -0.2854194459051534 91.1761502077229 -19.857201836417264 0.00028863516560441953 0.001976768254185529 -0.47450124451397785 0.011515063625756768 -19.851821435719415 0.0021884067794174238 19.851821551475318
19.0 -3859.6537091237005 2889.253637367679 4386.912133287846 143.18226473452185 42.486485817691396 149.9879715432208 7448.120899784591 -161.72217589951956 -0.7386171233164589 7449.87647854251 1.7510595978547458e-09 661.4358825566421 82.64013363591314 0.32479516102431955 -0.4567926724591741 0.7777121729813674 -0.2846266567969205 91.24797484214659 -19.985873546522257 -0.0019110958464477017 0.0019862722865559633 0.08675958179891421 0.011491760089230384 -19.980193081445396 -0.0034453561969933935 19.98019336636156
20.0 -3864.2015141124657 2883.354240279138 4386.788859776511 143.27077561291674 42.48502608910524 149.98667107706402 7447.925877090031 -170.22814179680057 -0.7776621320736012 7449.871012013918 1.7511741907291532e-09 661.4289506966352 82.63481218475098 0.32234337597539947 -0.45579728687115567 0.7787871958859014 -0.2860665740170468 91.31965499702213 -19.554039692856442 -0.0040294886889558346 0.001970117732374499 0.6440507990672848 0.011322330871695978 -19.548059457121674 -0.00899507007262623 19.548061445739076
21.0 -3868.7446456167418 2877.451385614108 4386.659265828085 143.35928202401996 42.48349155484052 149.9853037697745 7447.721222772826 -178.73323968106507 -0.8167201855881814 7449.865612891249 1.751294680555719e-09 661.4216626017462 82.62921752896217 0.31614654997187663 -0.45341574955695846 0.7813773362452822 -0.2896808164114575 91.39095629583205 -18.573009326069457 -0.00590700996718847 0.001928632623120522 1.1827425409054468 0.011009886947122509 -18.566729548228675 -0.014333469886363187 18.566734885899614
22.0 -3873.2830976270325 2871.5450811608252 4386.523351634924 143.44778374904786 42.48188222261251 149.98386961248426 7447.506924090452 -187.23742700728576 -0.8557897864619406 7449.860265187777 1.7514210692042677e-09 661.4140182304558 82.62334967802043 0.30634428801619307 -0.4496635119414228 0.7853236627482191 -0.29533480654348776 91.46167264504624 -17.068510279983506 -0.0074129711461500105 0.0018625708154914743 1.688690620915989 0.010559549019574326 -17.061931051561995 -0.019330475410324576 17.061941676270248
23.0 -3877.8168641288285 2865.6353347257595 4386.3811173990725 143.53628056910003 42.480198100506456 149.98236859699477 7447.282964887554 -195.74066106690307 -0.8948715961973477 7449.854949345957 1.7515533585431307e-09 661.406017544749 82.61720864630986 0.29315652560359745 -0.4445689938242306 0.7903894066900728 -0.30282378872580895 91.53163876306607 -15.080016535513362 -0.00845921797103309 0.0017731902220085912 2.148607277030174 0.009978133887083632 -15.073137761230113 -0.02385194672968899 15.07315619565967
24.0 -3882.345939098668 2859.7221541356107 4386.232563330579 143.6247722651166 42.478439196978776 149.98080071307604 7447.049324967594 -204.24289895204356 -0.9339695334313092 7449.849641608327 1.751691550677815e-09 661.3976604956704 82.61079444206493 0.27688564665476934 -0.43818179624517395 0.7962792281574169 -0.3118820977884934 91.60073408007591 -12.65971508225583 -0.009005989217810305 0.0016623499755425272 2.5504100582041 0.009273400745243535 -12.652536457500371 -0.027760238336736173 12.65256641443313
25.0 -3886.87031649942 2853.805547238972 4386.07768964511 143.7132586178335 42.47660552085932 149.97916594464868 7446.805980499419 -212.7440975511666 -0.973091827333306 7449.844314423791 1.7518356482882402e-09 661.388947002922 82.604107051746 0.2579171370636244 -0.4305818800934353 0.8026631444145248 -0.3221953934225221 91.66887768837773 -9.871139085234823 -0.009060414823961464 0.0015325944585218934 2.8835276042199727 0.008452104585833625 -9.863660099395258 -0.030916056496270217 9.863708070393244
26.0 -3891.389990294335 2847.885521888765 4385.916496563923 143.80173940805432 42.474697081346314 149.9774642703361 7446.552979212767 -221.24421574836313 -1.0122358628516395 7449.839011673077 1.7519856545809396e-09 661.3798769577537 82.59714644229504 0.23673188361763164 -0.42189413047216445 0.8091987782493324 -0.3334077012184512 91.73602259468827 -6.789572753497682 -0.00867105550759861 0.0013872920437557733 3.133258557866331 0.007538484199037465 -6.7817928369862805 -0.0331868343075254 6.781873657147577
27.0 -3895.904954495148 2841.9620858965204 4385.748984322033 143.89021441743034 42.4727138879886 149.9756956777475 7446.29036096084 -229.74321243809402 -1.051394291465229 7449.833769207851 1.7521415720307279e-09 661.3704502990363 82.5899126195513 0.21393860565044978 -0.4123118997903837 0.8155500900406464 -0.3451191402085368 91.80216625310557 -3.505519034346374 -0.007921331449473294 0.0012308693097381183 3.287489576471403 0.006568330457660022 -3.497437675994544 -0.03447527931611796 3.4976073773038463
28.0 -3900.4152031155672 2836.035247082627 4385.575153163794 143.9786834276562 42.47065595070173 149.97386015489909 7446.018103559592 -238.2410447304731 -1.0905713787627747 7449.828560663486 1.752303403137527e-09 661.3606669674764 82.58240559314217 0.19022450886063613 -0.4020866239293428 0.8214286625694427 -0.356925672087635 91.86733039851296 -0.11703335943733899 -0.006914955685934958 0.0010684249908841914 3.341598782672582 0.005568486706809281 -0.10865008922735818 -0.03472018441472435 0.11406284079497674
29.0 -3904.9207301697584 2830.1050132715955 4385.395003339087 144.06714622050907 42.46852327976709 149.97195768464636 7445.736257922867 -246.73767210279306 -1.1297719834258544 7449.823432657089 1.7524711509180598e-09 661.3505268758792 82.57462535370226 0.16632338700095387 -0.39152028402932526 0.8266182147170692 -0.36844365271787866 91.93154871903091 3.2746930559963308 -0.005763805149413951 0.0009054128515314962 3.293952254537516 0.004567803915886209 3.2833786226332315 -0.03389918981697513 3.2835534221992737
30.0 -3909.421529724122 2824.171392229996 4385.208535104631 144.15560257881103 42.46631588580701 149.96998824970612 7445.444884861145 -255.2330546914796 -1.1689915854772153 7449.818441563087 1.752644818463971e-09 661.3400299358527 82.56657189340487 0.1429895984487304 -0.3809562097842423 0.8309864229899316 -0.3793255933478438 91.99486268805315 6.568353624820372 -0.004577962862999949 0.0007473412406075637 3.145953891209601 0.0035963775102569513 6.577341697317678 -0.03203192590861067 6.577419352333672
31.0 -3913.917595854777 2818.234391729059 4385.015748729505 144.2440522855342 42.464033779804346 149.9679518383625 7445.143962626058 -263.7271499388164 -1.2082256186665177 7449.813560999445 1.7528244084394342e-09 661.329176088155 82.55824522928015 0.12096956290645494 -0.3707647929625324 0.8344864083181655 -0.38927145731728113 92.05732152210695 9.665551354343098 -0.0034568098261280413 0.0005994652436656792 2.9020046320553767 0.0026845918166649475 9.674841981172161 -0.02917911815654965 9.674885563870122
32.0 -3918.4089226376154 2812.2940195518054 4384.816644492237 144.33249512366697 42.461676973106485 149.9658484396101 7444.83352405821 -272.2199171611262 -1.2474802250500545 7449.808819053487 1.7530099235101566e-09 661.3179652767371 82.54964538333611 0.10096426219923584 -0.36132113802362026 0.8371490868176255 -0.3980385149910694 92.11898869875381 12.474952503847623 -0.002480164806379678 0.00046646131665888465 2.5734279229436936 0.0018713624911480325 12.484545694085751 -0.02544083813483221 12.484571204011965
33.0 -3922.895504185256 2806.3502834324145 4384.611222672393 144.4209308770591 42.4592454774022 149.96367803357379 7444.513625357895 -280.7113167954833 -1.2867595208019225 7449.804267043965 1.7532013671893063e-09 661.3063973976127 82.540772343379 0.08356478293325507 -0.35296609413895524 0.839068570272559 -0.40545751666774155 92.17995638608464 14.92021793462715 -0.0016983182235596943 0.00035199391988019945 2.1753899755963926 0.0011879141730862023 14.930113693950407 -0.020957029388126294 14.930128067947829
34.0 -3927.3773346193316 2800.4031911096013 4384.399483561312 144.5093593297191 42.45673930473796 149.96144060532004 7444.1842445092825 -289.201306523895 -1.326055006629133 7449.799877870361 1.7533987426203652e-09 661.294472372398 82.53162611947178 0.06926935800702909 -0.3460040469238657 0.8403715563368372 -0.4114105040632816 92.24033340370644 16.937030508286607 -0.0011296555160902595 0.00025889365917109065 1.7184017248342673 0.000646809838455667 16.947228788984596 -0.015880885559296582 16.947236011529895
35.0 -3931.8544080548977 2794.4527503492645 4384.181427463981 144.59778026549128 42.45415846752744 149.95913614642853 7443.845362715167 -297.68984401729415 -1.365362439007356 7449.795627496215 1.753602052439201e-09 661.2821901566102 82.52220675033344 0.05848717604217611 -0.34069540778978974 0.84119142225265 -0.4158159213860435 92.30024706034149 18.472322312035207 -0.0007598287781403544 0.0001892872537601758 1.214461561107725 0.0002607679162924731 18.48282307615015 -0.010369497506141672 18.482825883365695
36.0 -3936.32671860067 2788.4989689395843 4383.95705469641 144.68619346810868 42.4515029785511 149.95676465112996 7443.4969655330115 -306.1768870159688 -1.4046809070648862 7449.791496087014 1.7538112991155119e-09 661.269550719006 82.51251428752724 0.05152816622259995 -0.3372432087946644 0.8416462345178267 -0.4186209289196825 92.35984651202571 19.485670440947118 -0.0005432641370712061 0.0001446577831632532 0.6768057201947574 3.996682858000068e-05 19.496473694874553 -0.0045812270391323495 19.496474212180225
37.0 -3940.7942603598003 2782.5418546866777 4383.726365583714 144.7745987212448 42.44877285095549 149.95432611350552 7443.139042297185 -314.66239333884835 -1.444011730412484 7449.787467432898 1.7540264852008098e-09 661.2565540265742 82.50254878399485 0.048596152604808235 -0.33578272093703 0.8418201551569371 -0.4197942408414928 92.41929995705004 19.950363612904194 -0.0004093154864791146 0.00012592452348968018 0.11956110653575522 -9.3593874972221e-06 19.96146941269639 0.0013263352668762126 19.96146945496302
38.0 -3945.2570274307245 2776.581415411481 4383.489360458979 144.8629958085535 42.44596809825305 149.951820525798 7442.771584829044 -323.14632085414587 -1.4833574505837248 7449.783527658339 1.754247613478484e-09 661.2432000354521 82.49231028713865 0.049784781239595316 -0.33637456001230415 0.8417503712702362 -0.4193208120280628 92.47878652301792 19.854109032098304 -0.0002729962103873303 0.00013351137248801532 -0.4426254577730801 0.00011436345127852689 19.8655174662063 0.007197201423401476 19.865518717298773
39.0 -3949.715013907652 2770.617658948261 4383.246039662712 144.95138451369172 42.443088734321485 149.94924787763622 7442.394585710777 -331.62862741885266 -1.5227209274086988 7449.779663494742 1.7544746870333894e-09 661.2294886867073 82.48179883563894 0.05507567166278052 -0.33900153419955886 0.8414210231841696 -0.4171993431741525 92.53848479063177 19.199360738810356 -4.871578944132353e-05 0.00016737972847488165 -0.9949718489594233 0.0004077908562352101 19.21107189891772 0.012876933043298885 19.211076051586822
40.0 -3954.1682138804726 2764.650593144944 4382.996403543012 145.03976462031932 42.44013477340457 149.94660815613926 7442.0080364463265 -340.109270798538 -1.562104470192537 7449.775860439373 1.7547077092438332e-09 661.2154199068071 82.47101445986814 0.06433851695241287 -0.343569343058971 0.8407648255771257 -0.4134430672035229 92.59856092589479 18.003260598902436 0.0003356931097276189 0.00022701411918118702 -1.5229490449116212 0.0008627918051287278 18.015274550234004 0.01821246714058412 18.01528345074587
41.0 -3958.616621434186 2758.68022586524 4382.7404524563535 145.12813591207944 42.43710623011318 149.94390134692915 7441.611925844276 -348.5882085822076 -1.601508910694207 7449.772101135785 1.754946683693407e-09 661.2009936129248 82.45995718601435 0.07733323265946622 -0.3499111240890695 0.8396722372208818 -0.4080837051459421 92.65915954331952 16.297193240740636 0.0009275478249503681 0.0003113639333596064 -2.0126631311213194 0.0014669824235506153 16.309510000891365 0.023052648402152154 16.30952585031714
42.0 -3963.0602306481046 2752.7065649922915 4382.4781867691345 145.2164981725614 42.43400311942705 149.94112743613707 7441.2062389350285 -357.0653981085763 -1.640932567945299 7449.768364288363 1.7551916139950486e-09 661.1862097235405 82.44862704426028 0.09371460507659266 -0.3577957177999634 0.8380072044964285 -0.40117791854914975 92.72039954965332 14.125966376175807 0.001742477031346791 0.0004187590928176117 -2.4512208817379797 0.0022047639108671246 14.138585907016246 0.027250014277158674 14.13861163196495
43.0 -3967.4990355953028 2746.7296184333204 4382.209606859953 145.30485118525604 42.43082545669732 149.93828641344257 7440.790956674449 -365.54079641917735 -1.6803701500754187 7449.764624363569 1.755442503523759e-09 661.1710681745453 82.43702408117531 0.11304009006541857 -0.3669393458526614 0.8356277501109477 -0.3928151190416921 92.78237587053076 11.546637782550853 0.0027626467118926023 0.000546828265748933 -2.827069305389613 0.0030592133984397745 11.559559994562859 0.03066372148019831 11.559600111571879
44.0 -3971.9330303438464 2740.749394122767 4381.934713122299 145.39319473353717 42.42757325764797 149.9353782758231 7440.366070423636 -374.0143609540198 -1.719814422564923 7449.760866086424 1.7556993550863984e-09 661.1555689391256 82.42514837499814 0.13478016828977196 -0.3770195971959461 0.8324092713690123 -0.3831257424200275 92.84516664189012 8.627185947761788 0.00393903411572427 0.0006924444714986251 -3.129194524904797 0.004012078813931272 8.640410732330086 0.03316279102504791 8.640473890042703
45.0 -3976.3622089856053 2734.765899973315 4381.653505956976 145.48152860133825 42.42424653835142 149.93240301933164 7439.931659765993 -382.4860537360429 -1.7592757134757449 7449.7571623739495 1.7559621716487945e-09 661.1397119838442 82.41300000202833 0.15829950156899336 -0.38767670577858954 0.8282741524729008 -0.372303596470632 92.90882782622387 5.449498322594383 0.0051938933459599376 0.0008515088097776692 -3.341256565153306 0.0050177658993517185 5.4630257390799795 0.0346453432948541 5.46313526155699
46.0 -3980.7865656386684 2728.779143864065 4381.365985766996 145.56985257328841 42.420845315221236 149.92936063237326 7439.487726519583 -390.9558331059851 -1.7987548587307174 7449.753508136638 1.7562309569310542e-09 661.1234972327037 82.40057900915882 0.1828704648186328 -0.3985305918213714 0.8232185206728423 -0.3606147912950075 92.97338907801642 2.1083341911990097 0.006427776709109096 0.0010190025679386338 -3.4553245009414115 0.006039753066450038 2.122164434225213 0.03505779799771305 2.122453856508519
47.0 -3985.2060944162386 2722.789133696248 4381.072152967391 145.6581664339623 42.417369605039625 149.92625110679214 7439.034261914225 -399.4236568109593 -1.8382464664483393 7449.749887526696 1.7565057144295932e-09 661.1069246261334 82.38788545912996 0.20773661662629353 -0.4092178593262299 0.8173233988563877 -0.34838011338616987 93.03887051729106 -1.2963407201710417 0.007531105167798934 0.0011894538372840657 -3.4679547225402896 0.00704651924004587 -1.2822073549015178 0.034388864643767815 1.2826683505690026
48.0 -3989.620789461134 2716.7958773479822 4380.7720079838455 145.74646996855833 42.4138194249309 149.92307443910465 7438.571361697579 -407.88948826570646 -1.877749221075959 7449.746389216694 1.7567864473092158e-09 661.089994127454 82.37491943553137 0.23214430612825546 -0.4194100151963143 0.8107596170585557 -0.33596592629658506 93.10528518408502 -4.662629160564881 0.008393245139794973 0.001357254662923473 -3.378737803584175 0.008008202811349494 -4.648192263923291 0.03267025845739041 4.648306823520578
49.0 -3994.0306449552563 2710.7993826516217 4380.465551246455 145.83476296318804 42.41019479234795 149.9198306228628 7438.099036735203 -416.3532866910774 -1.917268696248243 7449.743016744865 1.7570731590791344e-09 661.0727056820701 82.3616810116036 0.2553711853160765 -0.4288262462346316 0.8037823472460194 -0.3237708240503719 93.17263659230193 -7.889751215646764 0.008911832461743086 0.0015169880285086648 -3.1903126317125463 0.008897488829083044 -7.87501026198498 0.02997410401675457 7.875066946292905
50.0 -3998.4356550716716 2704.799657457084 4380.152783191915 145.92304520393836 42.40649572510832 149.91651964738057 7437.617274901682 -424.8150100509451 -1.9568068733494215 7449.7397504727405 1.7573658537071049e-09 661.0550592105692 82.34817024502566 0.27675165558389214 -0.43724076229092834 0.7967152498254946 -0.31220801978540286 93.24091217251356 -10.881108948379989 0.009002942734657259 0.0016637284113872315 -2.9087616816839743 0.00968906046212253 -10.866063394962262 0.026406678247807416 10.866095096026699
51.0 -4002.8358140046475 2698.796709602718 4379.833704268096 146.01131647736207 42.40272224137331 149.9131415070619 7437.126152812905 -433.27462146875075 -1.9963523389562852 7449.736659499129 1.7576645347962927e-09 661.0370546583248 82.33438721595913 0.29572084836779267 -0.4444933648811342 0.7899170508190211 -0.30167181048725794 93.31006559207377 -13.550688518094619 0.008613684941968208 0.0017934294564940266 -2.5495970349016726 0.010349190451390702 -13.535337988085246 0.02210669244222767 13.53535570394777
52.0 -4007.2311159872766 2692.7905468915396 4379.508314932955 146.0995765708322 42.39887435963124 149.90969620180874 7436.625681779121 -441.73208054570813 -2.0359094731059884 7449.733747376976 1.7579692055502182e-09 661.0186919975556 82.32033202867471 0.31183913428130244 -0.45048834986222025 0.7837442116706002 -0.29250916505629565 93.38000887510555 -15.827484591724774 0.007732625069447241 0.0019031149585221714 -2.1249202805929834 0.010868723614358491 -15.811828818899718 0.017232376660066617 15.811837969568385
53.0 -4011.621555241543 2686.7811771436404 4379.17661564916 146.1878252716985 42.39495209873307 149.9061837245836 7436.115843233816 -450.1873451174449 -2.0754845453214728 7449.730987581563 1.7582798698738768e-09 660.9999711609191 82.3060047607839 0.32475474139526955 -0.4551689171104296 0.7785347383108664 -0.28502504465580075 93.45062041859329 -17.651436740175 0.006393257817108863 0.001990588466422298 -1.6459003434679333 0.01124392278288415 -17.635475588642898 0.011938336474045014 17.635479501049932
54.0 -4016.007125977801 2680.7686082006257 4378.838606886282 146.27606236724512 42.39095547789504 149.9026040642683 7435.5966229111145 -458.6403731903649 -2.115079947158904 7449.728357741009 1.7585965321228074e-09 660.9808920566268 82.29140547489114 0.3342000381991167 -0.4585059421581178 0.7745829644874057 -0.2794706900540879 93.52173863147658 -18.974398431665467 0.00467618565682365 0.0020543323205751154 -1.125143820244007 0.011471379844857861 -18.958131925007855 0.0063725051820567695 18.958132956647002
55.0 -4020.387822399379 2674.752847923657 4378.494289122928 146.36428764474437 42.38688451669677 149.8989572089941 7435.0680107707985 -467.09112295782336 -2.1546952843556255 7449.725839562487 1.758919196810236e-09 660.9614545860682 82.27653423215848 0.339989561614804 -0.4604884069122458 0.7721163645839269 -0.2760323253426959 93.59316281108153 -19.76141199422549 0.0027051841135412457 0.0020933984358246158 -0.5763638700963455 0.011549318313936251 -19.744840300779643 0.0006752827398908227 19.744840311866355
56.0 -4024.7636387061953 2668.733904191441 4378.143662848158 146.4525008915046 42.38273923507984 149.89524314838718 7434.53000008483 -475.53955276627994 -2.1943284370940717 7449.7234179185325 1.7592478684099218e-09 660.9416586556551 82.26139110143725 0.3420170751209549 -0.46111529655509215 0.7712777198514644 -0.27482300207468585 93.66466295909756 -19.9916369984564 0.0006356485723315729 0.002107296725812567 -0.014019688226605353 0.011478042450933585 -19.97476037968881 -0.0050196722356877 19.97476098465039
57.0 -4029.134569097038 2662.711784898779 4377.786728562282 146.54070189490344 42.37851965334669 149.89146187482356 7433.98258591653 -483.98562103647225 -2.2339765148526567 7449.721079324471 1.7595825512465149e-09 660.9215041833822 82.24597616435216 0.3402531193498108 -0.46039024141790286 0.7721140419183963 -0.2758777748430015 93.73599685715006 -19.65890731322858 -0.0013635346383297422 0.0020959132799585555 0.5470639804811208 0.011260058455226424 -19.641726049205968 -0.010583123959818032 19.64172878776893
58.0 -4033.5006077702515 2656.686497956109 4377.423486777079 146.62889044240052 42.37422579216025 149.8876133837339 7433.425763295003 -492.4292861533635 -2.2736367368268304 7449.718810109776 1.7599232494699e-09 660.9009911003211 82.23028951650885 0.3347440548660701 -0.45831972548525646 0.7745730809181248 -0.2791522689858432 93.80693066529852 -18.77190183193602 -0.0031313411962049158 0.0020594801953637823 1.0920872995191984 0.010900038797982757 -18.75441614138118 -0.015887234550788387 18.75442262851249
59.0 -4037.8617489228054 2650.6580512901837 4377.053938015579 146.71706632152882 42.36985767254525 149.8836976730784 7432.859525419912 -500.8705063446877 -2.313307327036682 7449.716594619038 1.760269967103029e-09 660.8801193476925 82.21433126531676 0.32561293040753 -0.45491512081138147 0.778507662163511 -0.28452464280144873 93.8772580890342 -17.35392401626535 -0.004534547864433939 0.0019986044549922884 1.6066655094815168 0.010404667833496478 -17.3361339877939 -0.020802902145526558 17.336146086017074
60.0 -4042.2179867478253 2644.6264528457023 4376.678082811208 146.80522931986602 42.36541531588967 149.8797147418263 7432.28386222934 -509.30923957166897 -2.3529885064716893 7449.7144137760515 1.7606227081779692e-09 660.8588888686265 82.19810152375777 0.3130617771744712 -0.4501982131346521 0.7836875136967955 -0.2918009140466546 93.94681361197134 -15.442295693700887 -0.005482066179230699 0.0019143473791958863 2.077208540407081 0.009782313836136702 -15.4242012400319 -0.02519842828324613 15.42422132363792
61.0 -4046.5693154308406 2638.5917105874437 4376.295921706389 146.89337922499308 42.360898743947665 149.87566458744766 7431.698759625491 -517.745443457101 -2.392683594473567 7449.712244306786 1.7609814769596584e-09 660.8372995946567 82.18160040013527 0.2973742794403874 -0.44420933521113803 0.7898176662084224 -0.30072355841149223 94.01547718113791 -13.087380705216155 -0.005931438910952243 0.0018083320213709013 2.491280062001382 0.00904231819198801 -13.068981545098854 -0.02894003255028532 13.06901302991257
62.0 -4050.9157291450956 2632.5538325022594 4375.907455250367 146.98151582444837 42.356307978842985 149.87154720222438 7431.104199574194 -526.1790752751469 -2.43240012040269 7449.710058838329 1.7613462782745748e-09 660.815351425915 82.16482798302317 0.27891733703722543 -0.4370167949230471 0.7965619365965595 -0.3109831526317609 94.08316989528886 -10.3512637660361 -0.005887741319968869 0.0016828462896555077 2.837926486730601 0.008193246976498779 -10.332559431529827 -0.03189384220114015 10.332608120515436
63.0 -4055.257222057791 2626.512826588667 4375.512683997644 147.06963890587588 42.35164304306155 149.86736257174798 7430.50021482077 -534.6100958578063 -2.4721394778985655 7449.7078807506405 1.7617171176460654e-09 660.7930442229782 82.14778433513489 0.25814877361248373 -0.4287295576613991 0.8035666564475566 -0.32222787855107543 94.14984593099605 -7.307381385728111 -0.0053977625475351435 0.0015409677290682512 3.1036684785891695 0.007255310156832758 -7.288371334745248 -0.03393189558562571 7.2884498948466625
64.0 -4059.593788381889 2620.468700802967 4375.111608513785 147.15774825789953 42.34690395940492 149.86311068931803 7429.886870077198 -543.0384685424686 -2.5118916931760964 7449.705765334787 1.7620940000203467e-09 660.7703778834766 82.13046955194434 0.23565546978880042 -0.4195226917371726 0.8104767581099276 -0.33405783217855994 94.21550353242414 -4.044692758502673 -0.004543854606363843 0.0013868578702924714 3.2743707523603303 0.0062689003876712735 -4.025376542663453 -0.03496117561258059 4.025528112227401
65.0 -4063.9254223407156 2614.4214631015557 4374.7042293746035 147.24584366947718 42.34209075102218 149.8587915506633 7429.2641497208115 -551.4641510372035 -2.551660365225416 7449.7036872064045 1.762476930235592e-09 660.7473523138092 82.11288374013844 0.21211362579521106 -0.4096318548553645 0.8169769450231694 -0.34606101274251067 94.28016851367215 -0.6611327279823896 -0.0034297328436002825 0.0012254662803330779 3.3447977519966092 0.005261528837558355 -0.6415099587370146 -0.03492794137853187 0.6424600666725263
66.0 -4068.252118152707 2608.371121452767 4374.2905471621725 147.33392492968835 42.33720344142167 149.85440514650824 7428.6320884145825 -559.8871047961869 -2.591451052683169 7449.701671258952 1.7628659136827509e-09 660.7239673893664 82.09502698731875 0.1882520282822829 -0.3993449181859459 0.8228207445030989 -0.3578419100413377 94.34387892732907 2.741689274607684 -0.002167509887979066 0.00106219548534977 3.312790862919417 0.004262219942947229 2.7616188957450705 -0.03381797620281789 2.7618257901387184
67.0 -4072.5738700835277 2602.3176837683877 4373.87056246225 147.42199182875524 42.33224205441247 149.8499514659827 7427.990771940318 -568.3072954538541 -2.6312604822359162 7449.699793523785 1.7632609560054e-09 660.7002229725531 82.07689937586397 0.16482657421992253 -0.38899390781171445 0.82784464318548 -0.3690381916081331 94.40668042196228 6.061541091394945 -0.0008675434659615515 0.0009026086164957239 3.1792667815039968 0.003300987160633534 6.081777692157106 -0.03165954922244872 6.08185978600091
68.0 -4076.890672417238 2596.261157952527 4373.444275872025 147.51004415737395 42.32720661413949 149.8454305036741 7427.340186340594 -576.7246812506787 -2.671083523829566 7449.698029872138 1.7636620624760348e-09 660.6761189502322 82.05850101159962 0.14259169595441654 -0.37894156751582325 0.8319719019026346 -0.3793331663564459 94.46862580073069 9.19863842271036 0.0003705191644595373 0.0007521143158243428 2.9481926728747485 0.002407905306258156 9.219181965829671 -0.028522287428555247 9.219225705394441
69.0 -4081.202519435069 2590.2015519271663 4373.011687999769 147.59808170632715 42.32209714510505 149.8408422563616 7426.680353407166 -585.1392231563968 -2.710923762279606 7449.6963918852225 1.7640692382872045e-09 660.6516552161607 82.03983201045993 0.12226593460621522 -0.36956132107508566 0.8352066505394161 -0.3884653422054996 94.52977997583969 12.059344627496387 0.0014662670118669508 0.0006156448513942913 2.629294847512733 0.0016184287286509249 12.080195021739225 -0.024513869155424157 12.080219524583304
70.0 -4085.5094054503816 2584.1388735689775 4372.572799453301 147.6861042673422 42.316913672119 149.83618671202706 7426.01134840096 -593.5508865879987 -2.750788528429439 7449.694944652886 1.76448248952876e-09 660.6268316122377 82.0208924537443 0.10446506465774857 -0.36119827913990965 0.837622358029436 -0.3962469416180112 94.59023544013448 14.56435550407063 0.002368452727058344 0.0004971797683937802 2.2386743393191706 0.0009664982246415434 14.585512688614436 -0.019781168306971464 14.585525811406159
71.0 -4089.811324791988 2578.0731307473293 4372.127610849952 147.77411163260854 42.311656220324046 149.8314638614345 7425.333157878251 -601.959630168869 -2.7906692255119765 7449.69366414982 1.7649018221625078e-09 660.6016479900786 82.00168243521024 0.08970663969626633 -0.35416096587922824 0.8393322938913452 -0.4025469282866147 94.65010282141311 16.64728915201781 0.003058165565857613 0.00039981986482661954 1.7870009892192746 0.0004637801954210012 16.6687530229329 -0.014485927029966214 16.668759138814035
72.0 -4094.108271783319 2572.004331359226 4371.676122821915 147.8621035942992 42.3063248152238 149.8266737025073 7424.645767679736 -610.3654123653763 -2.8305609863271 7449.692525481309 1.765327241635092e-09 660.5761042341978 81.98220207882817 0.0784199894323582 -0.34871641564316647 0.8404617394117785 -0.40727291992389925 94.70950979935127 18.25293057188305 0.0035491710448787668 0.0003259429671553758 1.286195851886896 0.00012168643773475067 18.274701041001137 -0.008792282662158216 18.274703083848614
73.0 -4098.400240742142 2565.932483324752 4371.218336013443 147.95007994461855 42.300919482680875 149.82181623633184 7423.949168030822 -618.7681919225663 -2.870462477966271 7449.691508001892 1.7657587532342075e-09 660.5502002405374 81.96245152247255 0.07093499702497122 -0.34507617029050436 0.8411256232031225 -0.4103636788092546 94.76860501422195 19.338667674973152 0.0038865006928404553 0.0002772455826326869 0.7494882452977454 -5.080142849701022e-05 19.360744704908193 -0.0028642876118406585 19.3607449086577
74.0 -4102.687225981134 2559.857594582595 4370.754251078717 148.03804047585413 42.29544024891456 149.8168914641966 7423.243353073986 -627.1679278591755 -2.9103747780766867 7449.690594848463 1.766196362353354e-09 660.5239359005149 81.94243090583886 0.06747422734157914 -0.3433851574068006 0.8414092201401042 -0.41178196485589974 94.82755572317552 19.8756277496596 0.00414049264327824 0.00025481020459530306 0.1910670643828531 -4.8662385410348454e-05 19.898011359145805 0.003136053249924553 19.898011596260705
75.0 -4106.9692218086275 2553.7796730866926 4370.283868680441 148.12598498041936 42.28988714049883 149.81189938569932 7422.528319644813 -635.5645793907104 -2.950300333680161 7449.689771713813 1.7666400746620887e-09 660.4973110907563 81.92214036271339 0.06814808060923974 -0.34371408596961045 0.8413541402397658 -0.41150902410124157 94.88654002119743 19.84945155469318 0.004396234183239086 0.0002591687673107438 -0.3742936847999859 0.00012840320437749938 19.87214180158871 0.009049554124830635 19.872143778828583
76.0 -4111.246222529081 2547.698726804531 4369.807189489202 148.2139132508775 42.284260184361116 149.80683999786362 7421.804065563179 -643.958105798994 -2.990242029205149 7449.689025132644 1.7670898961868288e-09 660.4703256682103 81.90158001735276 0.07295242936210951 -0.3460556675397052 0.8409512297493857 -0.40954175269050586 94.94573552295466 19.260684139951472 0.004739881855784175 0.00029033694037586933 -0.9316252739366163 0.0004757016774857264 19.283681093138735 0.01471974013898637 19.28368649737476
77.0 -4115.518222443082 2541.614763717233 4369.324214183529 148.3018250799448 42.278559407782446 149.80171329513215 7421.070587765291 -652.3484662734161 -3.0302023002710143 7449.688340606627 1.7675458333138735e-09 660.4429794699329 81.88074998442842 0.08176843472005972 -0.35032480658184656 0.8401412151856958 -0.4058930789298153 95.00530745723937 18.124771590971847 0.005244533904451121 0.0003478057414695952 -1.4661602743492324 0.0009836809767221908 18.148075302889968 0.019992643797009896 18.148085944469965
78.0 -4119.785215846867 2535.5277918215156 4368.834943450682 148.38972026047153 42.27278483839891 149.79651927027828 7420.327880619201 -660.7356197528832 -3.070182198265911 7449.687700912274 1.7680078927107373e-09 660.415272317767 81.85965037270185 0.0943645969892823 -0.3563627734147606 0.8388230569843376 -0.40059552622394756 95.06539934755446 16.47166329017911 0.005958588338694295 0.00043049191118614294 -1.9637237563189065 0.0016384735276603118 16.495273779025485 0.024717362354450826 16.495291783403054
79.0 -4124.047197031666 2529.4378191331944 4368.339377988223 148.47759858540704 42.2669365042045 149.79125791631336 7419.575934748056 -669.1195247990374 -3.1101803463228066 7449.687084917162 1.7684760811587932e-09 660.3872040283352 81.83828129273839 0.11040144532282027 -0.3639452367018751 0.8368691140484696 -0.39370734245677735 95.12612862518172 14.34502971306311 0.006898672079763921 0.0005366632995369729 -2.4111093179451757 0.00242293619095006 14.368946958791 0.0287479466829585 14.368975111327694
80.0 -4128.304160283259 2523.3448536918095 4367.83751850636 148.56545984775346 42.26101443355448 149.78592922945973 7418.814736628819 -677.5001395278562 -3.1501918203592254 7449.686467173616 1.7689504052907521e-09 660.3587744287196 81.81664286893944 0.12943948331483693 -0.37279384904603413 0.8341454270005442 -0.385320091465149 95.18758815000052 11.801115958721946 0.008047712102344343 0.0006638668160309317 -2.796429973813402 0.003318499275209208 11.825339911402864 0.03194653457261752 11.825382449148844
81.0 -4132.556099882765 2517.2489035646713 4367.3293657309005 148.65330384053385 42.25501865516874 149.78053321306407 7418.044277761673 -685.8774224213046 -3.1902087475504572 7449.685827123976 1.7694308712439406e-09 660.3299833771628 81.79473525537702 0.15095039288277104 -0.38259056042465645 0.830534893478732 -0.3755665489320847 95.24985346623279 8.907342941973917 0.009357222832859814 0.0008088874263288188 -3.1087435472110516 0.004306407765479108 8.931873549191351 0.03418669265476057 8.931938442795037
82.0 -4136.803010130815 2511.1499768041126 4366.814920395661 148.74113035737662 42.24894919809182 149.7750698712133 7417.264640472711 -694.251340501497 -3.2302403906997483 7449.685235300071 1.7699174852302425e-09 660.3008307288293 81.77255860981403 0.17430278601745083 -0.39298117148903516 0.8259667733374357 -0.3646412305050071 95.31297985945355 5.7447173653990005 0.010750078404661252 0.000967569175865385 -3.3315389460871825 0.005340490839874169 5.769554756097855 0.03537080007354548 5.769662810384899
83.0 -4141.044885356974 2505.0480814217594 4366.294183234262 148.82893919283714 42.24280609166904 149.76953919946124 7416.475839614962 -702.6218548324982 -3.270288978636131 7449.684694352555 1.7704102543645837e-09 660.2713162861303 81.75011305602972 0.19876681735430296 -0.4035884262684286 0.82044541723083 -0.35281362196766725 95.37699504637655 2.4080792154789297 0.012126810171159609 0.0011348146266324938 -3.4558817530698183 0.0063811653413934945 2.433223682724004 0.035452913418418545 2.4334817943701745
84.0 -4145.281719887201 2498.943225449821 4365.767154992453 148.91673014158118 42.23658936560132 149.76394119619417 7415.677866883464 -710.9889242971572 -3.3103492766313707 7449.684183525557 1.7709091856552904e-09 660.2414398591725 81.72739872992457 0.22358091610008365 -0.41405043771342726 0.8140610121414867 -0.3404092793922414 95.44191693107447 -1.0019625360194513 0.013377523552230096 0.0013050800533535732 -3.477965807517346 0.007396010025263601 -0.9765105839910044 0.03443162115664448 0.9771173636721204
85.0 -4149.513508071557 2492.8354169040654 4365.233836426391 149.0045029989332 42.23029904990663 149.7582758648279 7414.870819007521 -719.3525178994603 -3.350419049075697 7449.683787442616 1.7714142858100784e-09 660.2112012772983 81.70441578837956 0.2479853365669024 -0.4240399318839675 0.8069946985981626 -0.3278001913515322 95.5077568945037 -4.382527888087521 0.014391094560049722 0.0014727092792736348 -3.39706728437404 0.008354582380190467 -4.3567679311188225 0.03234988159673542 4.35688780010209
86.0 -4153.740244302697 2486.724663747254 4364.694228294649 149.09225756136263 42.22393517488338 149.75254320642654 7414.0547216529 -727.7125982318123 -3.3905038674080856 7449.683519237944 1.7719255618960408e-09 660.1806003494991 81.68116437925852 0.27125129184585 -0.4332774257344888 0.7995133885491883 -0.31539142434671064 95.57451760025906 -7.631568606365763 0.015064430556209927 0.001632266370038256 -3.2155699979879286 0.009229338728201393 -7.605500009980868 0.029291932596001897 7.605556085766001
87.0 -4157.961922966267 2480.6109739576477 4364.148331362582 149.17999362549025 42.21749777117936 149.74674321747105 7413.2295645958275 -736.0691244576367 -3.4306064939863745 7449.683355850662 1.7724430215414628e-09 660.1496368522988 81.6576446323275 0.2927067342208624 -0.44153878500732213 0.7919540202089581 -0.3036035226259477 95.6421866924436 -10.65096708920817 0.015312522537163606 0.0017788372996942745 -2.939143081253825 0.009995699124462666 -10.624589205033836 0.025376342639886706 10.624619161951207
88.0 -4162.178538464068 2474.494355506717 4363.596146405819 149.26771098845867 42.21098686976427 149.74087589841756 7412.395424867022 -744.4220644995567 -3.4707157768271486 7449.683361765877 1.772966672174977e-09 660.1183105752357 81.63385669392463 0.3117771527381904 -0.448664392176221 0.7846907941937276 -0.29284061830836644 95.71072023755526 -13.352510339616895 0.01508072948598643 0.001908390681217917 -2.5828910094762016 0.010621272100962443 -13.325822698131692 0.02075238521956568 13.32583856461191
89.0 -4166.390085239832 2468.374816325299 4363.0376742089165 149.35540944843552 42.20440250189055 149.73494125651825 7411.552327400898 -752.7713813565763 -3.5108347041884826 7449.6835490074 1.7734965207754524e-09 660.0866213357342 81.6098007383336 0.32801731506815335 -0.45456063889752507 0.7780944571982749 -0.28345772569798805 95.78003179195015 -15.663430988172799 0.014355838978646854 0.0020180085247308954 -2.1596259080054248 0.011096483247591129 -15.636433259950493 0.015588859394792503 15.636440836782354
90.0 -4170.596557728371 2462.2523643593872 4362.472915561681 149.44308880374155 42.197744699157326 149.72893929224486 7410.700258249393 -761.1170341410951 -3.5509699666278607 7449.68389038522 1.7740325750861063e-09 660.0545689064137 81.58547691269575 0.34107233709395635 -0.459173762138109 0.7725165392526047 -0.27576677394925725 95.8500016443872 -17.52218500468026 0.01316956142045115 0.002105576150362956 -1.6805609882114527 0.011419095225702797 -17.494877005596308 0.010049717491235097 17.494879801795854
91.0 -4174.797950353032 2456.1270075770503 4361.901871261382 149.53074885276894 42.19101349351721 149.72287000165508 7409.839207762008 -769.4589823423764 -3.5911242356068556 7449.684362881943 1.7745748434065844e-09 660.0221530275004 81.56088534658109 0.35067188670394434 -0.46247760474870453 0.7682641612364617 -0.2700256868170752 95.92047059545521 -18.879214804107345 0.011600815359078344 0.00216965657378294 -1.1584030063155741 0.011587211302950968 -18.85159652357043 0.004290471565348912 18.85159699406213
92.0 -4178.994257530384 2449.99875396631 4361.324542114822 149.61838939403512 42.18420891727259 149.71673337982688 7408.96917057393 -777.7971858454017 -3.6312972727830584 7449.684947643346 1.7751233342891922e-09 659.9893734249476 81.53602616587246 0.3566278495130086 -0.464463653673109 0.765576132021459 -0.2664268707308158 95.99124025317128 -19.698277792139386 0.009772117257016003 0.002209368013063303 -0.6070162503338077 0.01160068602967282 -19.67034937698093 -0.0015425449887548413 19.670349435068857
93.0 -4183.185473673952 2443.867611532954 4360.740928939717 149.7060102262311 42.17733100307231 149.71052942325153 7408.0901447248325 -786.1316048620366 -3.6714870183139396 7449.685629095303 1.775678056327594e-09 659.9562298230045 81.51089950241541 0.35883101057326056 -0.4651325355278399 0.7646044269451503 -0.26508885404764554 96.06208241312024 -19.957422489480685 0.007838317341154219 0.0022242599778534177 -0.041055269016046246 0.011461584431343222 -19.9291841911854 -0.00731124781264954 19.929185477766328
94.0 -4187.371593196572 2437.733588298918 4360.15103256543 149.79361114825556 42.170379783909446 149.70425813112269 7407.202130139336 -794.4621997887258 -3.7116905747178066 7449.686393418235 1.7762390180438198e-09 659.9227219508928 81.4855054991853 0.35724830307878946 -0.46448830742627 0.7654025003019626 -0.2660512633743894 96.1327559025613 -19.64958576304456 0.005968607354807973 0.0022142218623321776 0.5244239568999448 0.011174277599613081 -19.62103786301259 -0.012883346559414309 19.62104192602251
95.0 -4191.552610511149 2431.5966923017677 4359.55485383323 149.88119195922815 42.163355293120375 149.6979195057263 7406.30512677679 -802.7889310173296 -3.751905112567613 7449.687226687848 1.7768062278554806e-09 659.8888495446826 81.45984431180756 0.3519217025454228 -0.46253641787373584 0.767921301555212 -0.2692731921967225 96.2030271887396 -18.782794709101932 0.004325091709610765 0.0021794475066979793 1.0743641136915096 0.010745364726066511 -18.753937439881295 -0.0181292363381223 18.753945887357734
96.0 -4195.728520029826 2425.456931595358 4358.952393596094 149.9687524584811 42.15625756438595 149.6915135519388 7405.399132794066 -811.1117587338833 -3.792128787289812 7449.688113027566 1.7773796941227525e-09 659.8546123444027 81.4339161064661 0.3429691532346148 -0.45928563740812345 0.7720132767251101 -0.27463496456260555 96.27268975333907 -17.379967206040053 0.0030425899387535337 0.0021204642214366766 1.594107317319826 0.010183467268040085 -17.35080068523202 -0.022919349917233538 17.350815357173925
97.0 -4199.899316161528 2419.3143142515573 4358.343652717971 150.05629244553052 42.14908663173386 149.68504027571063 7404.484143065007 -819.4306427438123 -3.8323617531282252 7449.689033118448 1.7779594252863564e-09 659.8200100857235 81.40772105370827 0.3305871443709473 -0.4547536463698232 0.7774440503073904 -0.2819432739606535 96.34157761699727 -15.478315807714042 0.0022139643085355757 0.002038218260128854 2.0697858921890377 0.009498844419252913 -15.448839996031701 -0.027122953284476316 15.448863225581164
98.0 -4204.064993308239 2413.168848362554 4357.728632072503 150.1438117200343 42.141842529542835 149.67849968155986 7403.560148362506 -827.7455423624299 -3.872607290260987 7449.689963374956 1.7785454300945903e-09 659.7850424863376 81.38125931825272 0.3150538618528981 -0.44897539649746626 0.7839108950722025 -0.2909396261402293 96.40957027376432 -13.12837020144623 0.0018833209711748386 0.001934193775689165 2.4886927573506035 0.008702622965751083 -13.098584888946995 -0.03060888053469822 13.09862002720978
99.0 -4208.225545860225 2407.020542043092 4357.1073325409425 150.23131008174494 42.13452529254705 149.67189176881104 7402.627135429924 -836.0564164054925 -3.9128729469687755 7449.6908760156575 1.7791377179434568e-09 659.7497092256154 81.35453104373478 0.29673136729853655 -0.4420129104977116 0.7910665138883306 -0.30131188695278327 96.47658850066503 -10.392643629670252 0.002046916425637051 0.0018105318338634223 2.839621523307474 0.00780498648822853 -10.362548446831344 -0.03324777492221715 10.36260120086606
100.0 -4212.380968201616 2400.869403420266 4356.479755010211 150.31878733065113 42.127134955825085 149.66521652998682 7401.685140884854 -844.3632293079854 -3.953160379727535 7449.691793307965 1.7797362990246244e-09 659.7140099357521 81.32753634617657 0.2760737060057636 -0.4339682502084004 0.7985431607270804 -0.3127038329143197 96.5425861200898 -7.345211339853715 0.0026589196921052894 0.0016701713587608444 3.108917067299018 0.006827852081832612 -7.314805870843866 -0.03491832693979342 7.314888761019441
101.0 -4216.53125476138 2394.7154405771703 4355.845900376254 150.4062432678578 42.11967155472432 149.65847396521573 7400.7342358618625 -852.6659496693504 -3.993459396741514 7449.6927721417715 1.7803411830367003e-09 659.6779442785756 81.30027537221346 0.25366607722609513 -0.42500923129550067 0.8059682429780778 -0.3247088940715402 96.60756101253754 -4.075942365374742 0.003637504738395752 0.0015171643554906045 3.282084359947983 0.005814184128929364 -4.045226316324905 -0.03553739675586442 4.045382152250576
102.0 -4220.6763999795785 2388.558661595882 4355.205769545127 150.49367769495012 42.112135124912925 149.65166407722492 7399.774409615817 -860.9645369286666 -4.033773598279254 7449.693786887038 1.7809523796360314e-09 659.6415119185591 81.2727482787721 0.2301861816696029 -0.4153649717874616 0.8130069830406509 -0.33690637795611544 96.67153874732317 -0.6839537444087421 0.004879060798164819 0.0013564032586265338 3.3537224500004723 0.004792623216353156 -0.6529269010669962 -0.035063979513669255 0.6538676988304315
103.0 -4224.816398291608 2382.3990745707 4354.559363429519 150.58109041376866 42.10452570239872 149.64478686368676 7398.805701581349 -869.2589564023328 -4.074108638925111 7449.694862301379 1.7815698991263414e-09 659.60471248164 81.24495520208137 0.20636712619126835 -0.4053179209243822 0.8193931347267298 -0.3488909327681026 96.73455685524195 2.727842678650213 0.006271270564104871 0.0011932928657084453 3.321587516124564 0.0037928975405225316 2.759180430435042 -0.033498416087025425 2.7593836130550145
104.0 -4228.951244178828 2376.2366875373878 4353.906682943402 150.6684812274348 42.09684332343824 149.63784232058237 7397.828203410312 -877.5491798955932 -4.114461241516722 7449.696075619447 1.7821937521603732e-09 659.5675455729587 81.21689627123241 0.18297170507739655 -0.39519603110590656 0.824944088146255 -0.36028974946805425 96.79666006730761 6.055863097922313 0.007703307244156481 0.0010334588718546578 3.186583558856438 0.0028453276498407814 6.08751170158173 -0.0308845978140629 6.087589751566571
105.0 -4233.080932141288 2370.071508522898 4353.247729011581 150.75584993968312 42.08908802459195 149.63083044939745 7396.841905899939 -885.8351675136932 -4.154826195616522 7449.697402409186 1.7828239490962385e-09 659.5300108151333 81.1885716371993 0.16076324619079815 -0.3853593327291234 0.8295654545890417 -0.3707755654101792 96.85789982901393 9.198995983381598 0.009074827475665305 0.000882425365592267 2.9527393037780287 0.001979886292705504 9.230955227744218 -0.027307939446503327 9.230995270112038
106.0 -4237.205456676877 2363.9035455719654 4352.582502570476 150.84319635447008 42.081259842758904 149.62375125383866 7395.846836237452 -894.1168836983048 -4.195207196083004 7449.698854756568 1.7834605002944766e-09 659.4921078304609 81.15998145950182 0.14047018912723452 -0.3761796767899541 0.8332458030622335 -0.3800768454088441 96.91833935911004 12.062396985640536 0.010304563412518947 0.0007452775733150331 2.629983870848758 0.0012312750223998227 12.094666626377071 -0.02289113177312403 12.094687966241056
107.0 -4241.324812314632 2357.732806682435 4351.911004554154 150.9305202768355 42.07335881509898 149.61660472866964 7394.8430747344 -902.3942995754956 -4.235611588230313 7449.700498158244 1.7841034171250482e-09 659.4538361808932 81.13112586107096 0.12271775092489053 -0.3680015194534704 0.8360462611968584 -0.38799727373607656 96.978069459086 14.565811712135224 0.011340397768886294 0.0006261616815414229 2.234666816106395 0.0006315957199321871 14.598391562273584 -0.017793919011282574 14.598402171048061
108.0 -4245.438993598912 2351.5592998444786 4351.2332359057755 151.01782151241022 42.06538497907411 149.6093908715185 7393.830612392625 -910.6673756938654 -4.276030665246822 7449.702308035248 1.7847527109092365e-09 659.4151954309918 81.10200497589541 0.10803206379549862 -0.36113321434278517 0.8380701882597993 -0.3943985728178005 97.03719888992664 16.642120334113958 0.01216259436037356 0.000528343750483508 1.777672580842466 0.0001911976364106841 16.675010190730017 -0.012188551469736004 16.675014518838026
109.0 -4249.547995069557 2345.3830330760725 4350.549197584222 151.10509986693887 42.0573383724912 149.60210968723965 7392.809439662661 -918.9360724582075 -4.31645954720517 7449.704259113464 1.78540839252912e-09 659.3761851710622 81.07261896655638 0.09684932758402218 -0.3558414453379342 0.8394346272667239 -0.39918238948118584 97.09585343783424 18.235611289442584 0.012784221838600361 0.000454350166781325 1.27118357146872 -8.000287394159762e-05 18.26881099082735 -0.006247708880623025 18.2688120226955
110.0 -4253.651811261457 2339.204014418413 4349.858890561133 151.19235514632805 42.0492190334987 149.59476118384862 7391.779551416893 -927.2003507652089 -4.356896939619219 7449.706330437126 1.7860704727952704e-09 659.3368049951617 81.04296800773977 0.08950382834333424 -0.35233682315940534 0.8402477321958328 -0.402282955514629 97.1541800072984 19.30345284011356 0.013249825498092269 0.0004059952212664441 0.7287198397943772 -0.0001747776407279074 19.33696229772619 -0.0001421670466297442 19.3369622982288
111.0 -4257.750436704953 2333.0222519314184 4349.162315818577 151.27958715669817 42.04102700058214 149.58734536948683 7390.740946446494 -935.4601719745219 -4.397343981468055 7449.70850486551 1.786738962722688e-09 659.2970544845948 81.01305227392318 0.08621947415707998 -0.35076246423670354 0.840589332360495 -0.4036600925040882 97.2123443893633 19.816853464810624 0.013629501325802118 0.0003844369539215572 0.16477928007889453 -9.009472085864332e-05 19.85067266553072 0.005960918111640125 19.850673524426746
112.0 -4261.843865926451 2326.837753690402 4348.459474347594 151.366795704425 42.03276231256084 149.57986225055788 7389.693626188264 -943.7154977739458 -4.437803177800163 7449.71076779248 1.7874138737018959e-09 659.2569331976654 80.98287193180464 0.08710454959431152 -0.3511862244891764 0.8404969344123 -0.4032938586347873 97.27052352986058 19.761848215314522 0.014008313721459024 0.00039023192499734944 -0.40554898045672877 0.0001721624741997696 19.795977202520927 0.011898532428943003 19.795980634942232
113.0 -4265.932093448813 2320.6505277843944 4347.750367147505 151.45398059616255 42.02442500858607 149.57231183082982 7388.637592964286 -951.9662899701117 -4.478277440985835 7449.71310537348 1.7880952175834134e-09 659.2164406645941 80.95242713663485 0.09214917671689618 -0.3535969254434191 0.8399588304656564 -0.40118188726577153 97.32889422209732 19.13968931669214 0.01447255157090895 0.00042336383133594773 -0.9669877214939422 0.0006049819096318588 19.17412816218026 0.017511550378685983 19.17413585797634
114.0 -4270.015113791348 2314.4605823163656 4347.034995226021 151.54114163884427 42.01601512814076 149.56469411150132 7387.572848073222 -960.2125102450699 -4.518769173291332 7449.715502601068 1.7887830066754874e-09 659.1755763875952 80.92171803244028 0.101225205804612 -0.3579047304819622 0.8389151477790973 -0.3973399507162896 97.38762122059126 17.966829823618475 0.015095533358781818 0.000483232940405754 -1.5044805589736179 0.001196433685378921 18.001578602273586 0.022644567935334054 18.001592373053317
115.0 -4274.092921469381 2308.267925405302 4346.313359600155 151.62827863966243 42.00753271104188 149.55700909218308 7386.499390088154 -968.4541199241493 -4.55927929338452 7449.717941586674 1.7894772536591617e-09 659.134339845861 80.89074475593262 0.11408861348028111 -0.3639456812975228 0.8372667653668481 -0.391805682642767 97.44684798872001 16.274500002077893 0.015925922197996174 0.0005686086076193719 -2.003595741070692 0.0019303088312988964 16.309558777862527 0.027146697875555514 16.309580756686206
116.0 -4278.165510993696 2302.072565189873 4345.585461297988 151.7153914060304 41.99897779744433 149.54925677291817 7385.417213695455 -976.6910798005036 -4.599806150469647 7449.72040038602 1.7901779714091636e-09 659.0927305061294 80.85950744459915 0.13038482421293562 -0.3714902476702237 0.8348911140964747 -0.3846447986176661 97.50669244729946 14.107887000066892 0.016980636848053714 0.000677562096622424 -2.4509139947187193 0.002787286577845976 14.14325582640415 0.030873844219543804 14.14328883696766
117.0 -4282.2328768703455 2295.8745098331583 4344.8513013612455 151.8024797455357 41.99035042784581 149.54143715731496 7384.326309347699 -984.9233500557124 -4.64034436894741 7449.722852643945 1.790885172713574e-09 659.0507478392418 80.82800624926232 0.1496575610202479 -0.38025553789613165 0.8316630499938072 -0.37595865677464113 97.56724872123071 11.524939014098235 0.018242904730042517 0.0008074079732319492 -2.834389999622757 0.0037469853306867015 11.56061794587612 0.033692224852437995 11.560666373950719
118.0 -4286.295013602171 2289.6737675257073 4344.110880848223 151.8895434659198 41.981650643089644 149.53355025644973 7383.226678045938 -993.1508922149234 -4.680886547094929 7449.725282506423 1.7915988699228505e-09 659.0083913408615 80.79624134972097 0.17136053506710436 -0.38991999829864044 0.8274785880927398 -0.3658922630998777 97.62859451027005 8.594997264554344 0.01966444896147312 0.0009546780723476003 -3.1425384426757805 0.004787762543506222 8.630986395718754 0.035482170741695115 8.631058776886215
119.0 -4290.351915715068 2283.470346434194 4343.364200822435 151.97658237576076 41.97287848429657 149.52559608041403 7382.1184103589385 -1001.3736800524341 -4.721443277276137 7449.72776440111 1.7923190757166213e-09 658.9656604858496 80.76421292062497 0.1948395454769685 -0.4001258350943335 0.8222865416984866 -0.3546571738311994 97.69078564226443 5.401846213889305 0.021167869571534704 0.0011149320763491942 -3.358444295291262 0.005858468154991273 5.438145864400905 0.0361593221074619 5.4382657171644615
120.0 -4294.403577759481 2277.264254689615 4342.611262346752 152.06359628460712 41.96403399284865 149.51757463145907 7381.001517714693 -1009.5916769756384 -4.762015371592838 7449.730292803592 1.7930458037284277e-09 658.9225546911377 80.73192110382521 0.2193479505789619 -0.4104970847254319 0.8161157862549646 -0.3425399880804751 97.75385196056504 2.0426080779540325 0.02265367541929919 0.0012828507178893715 -3.4738502408024408 0.006919478564045902 2.0792187447551136 0.035694392474623936 2.079524974329524
121.0 -4298.449994282491 2271.055500445273 4341.852066497431 152.15058500222244 41.95511721046426 149.50948591540848 7379.876001821624 -1017.804845074947 -4.80259725304569 7449.7328522478665 1.7937790675161811e-09 658.8790733767469 80.69936605427861 0.24411269157352472 -0.4206768926062592 0.8090841840537831 -0.3298829018817057 97.81781449772953 -1.3801518446933791 0.02401194045347233 0.0014527474660694097 -3.4851483432343837 0.007937477120642513 -1.3432295414730149 0.034104809179484594 1.3436623556520477
122.0 -4302.491159861165 2264.8440918272277 4341.086614358866 152.23754833928828 41.94612817912594 149.5013299428001 7378.741970389874 -1026.0131611706292 -4.843187773624209 7449.735534162015 1.7945188804608762e-09 658.8352159716806 80.6665479445649 0.26836750314505886 -0.43034600158688563 0.8014022613162924 -0.31707352101839104 97.8826880024918 -4.76184350706686 0.025131425369769193 0.0016189128010041334 -3.3919083030223196 0.008881676621440116 -4.724608831671009 0.031453867548230534 4.724713294441197
123.0 -4306.527069108897 2258.630036913398 4340.314907015943 152.32448610765883 41.93706694105186 149.49310672096092 7377.599442518981 -1034.2165902783158 -4.883792673981247 7449.738340458285 1.7952652564881014e-09 658.7909818710508 80.63346693292563 0.29138247300767595 -0.4392354098793012 0.7933660783267761 -0.3045304170234643 97.94847841607452 -7.9990470664366695 0.025908982601686014 0.0017759534505146465 -3.1968958005106116 0.009724738176751766 -7.961499186436766 0.027846249823881026 7.96154757017643
124.0 -4310.5577166310195 2252.413343800171 4339.536945561349 152.41139811942534 41.92793353879003 149.48481625291402 7376.448416775966 -1042.4150946112054 -4.924413711257898 7449.741252196638 1.7960182101715552e-09 658.746370429886 80.60012315882297 0.3124899868137058 -0.4471332032246351 0.7853392590631162 -0.29268439468041807 98.01517603786677 -10.992741852059801 0.02625989416737555 0.0019190885581923701 -2.906579101423327 0.010442097794670478 -10.954879959030945 0.023419811313570002 10.95490468713974
125.0 -4314.5830970558 2246.19402056824 4338.752731097564 152.49828418744522 41.91872801516244 149.47645854729973 7375.288981966119 -1050.6086492842953 -4.965039201463014 7449.744341457368 1.7967777558357302e-09 658.7013810162191 80.56651678278577 0.33112989926170733 -0.4538942716800819 0.7777154410231663 -0.2819426763458875 98.08273676460132 -13.65512596532011 0.02613087622061679 0.002044522082464384 -2.537144029535006 0.011003498170928291 -13.616949471984986 0.01834164461255289 13.616961591363246
126.0 -4318.6032050477215 2239.9720752611097 4337.962264733681 152.58514412564062 41.909450413231255 149.46803361781127 7374.121156165149 -1058.7972196684314 -5.005674107560594 7449.747608808858 1.7975439076089995e-09 658.6560130078171 80.53264798405293 0.3468703030991251 -0.4594367420424759 0.7708792178277153 -0.2726611531015126 98.15107489795827 -15.913804641747785 0.02551059078933063 0.002149574627294223 -2.1009754929777116 0.011403360016922284 -15.875313123917755 0.01279252027160866 15.87531814552316
127.0 -4322.6180352603305 2233.7475159410174 4337.165547584802 152.67197774816032 41.90010077638693 149.45954147100238 7372.944930011223 -1066.9807672436466 -5.046324665717066 7449.751026983296 1.7983166805353306e-09 658.6102657262526 80.49851691148986 0.3593690335536784 -0.4637161996855761 0.7651905137684895 -0.26515026213559983 98.22007084864991 -17.707754285342713 0.02443323256918138 0.0022323568776886965 -1.6097706692460447 0.011640800071560573 -17.668947499925746 0.0069451689551597385 17.668948821355386
128.0 -4326.627582336809 2227.520350692577 4336.362580774521 152.7587848693483 41.89067914835183 149.4509821094335 7371.760298544564 -1075.1592540857 -5.086993137197737 7449.754573027432 1.799096090293253e-09 658.5641384534997 80.46412369619932 0.3683692007066557 -0.46671379861681617 0.7609582629772579 -0.2596630203899586 98.28956445236008 -18.98842547520941 0.022980752543930845 0.0022916351342965793 -1.0767250218020041 0.01171576170803451 -18.949303381035207 0.0009617704381691812 18.949303404546058
129.0 -4330.631840914611 2221.290587620391 4335.55336543684 152.84556530379686 41.881185573174946 149.4423555350753 7370.567261058892 -1083.3326428654877 -5.1276789586086124 7449.758228156307 1.799882152890325e-09 658.5176304499505 80.42946846514754 0.3736961080737111 -0.4684259830929528 0.7584165416586173 -0.2563838265424417 98.35935599585508 -19.721067762576887 0.02127868814150652 0.002326690775814435 -0.5161792017266034 0.01163024352993626 -19.681630496998242 -0.005006368190495758 19.681631108483394
130.0 -4334.630805629073 2215.058234846712 4334.737902717324 152.93231886639398 41.87162009522709 149.4336617515588 7369.365820081709 -1091.5008967225597 -5.168379853251622 7449.761976726842 1.800674884461592e-09 658.4707409662508 80.3945513501392 0.3752535274957437 -0.46885599904371017 0.7577065400856223 -0.2554205187023955 98.42921641823459 -19.885684738823247 0.019484145755213508 0.0023371873145392316 0.05676565872794035 0.011388662051256137 -19.845932559657385 -0.010817364542109536 19.845935388896788
131.0 -4338.624471115535 2208.8233005099114 4333.916193773721 153.0190453723534 41.861982759197446 149.42490076538107 7368.155979738446 -1099.6639790404238 -5.209092835013735 7449.765804587591 1.801474301162549e-09 658.4234692495244 80.35937249258588 0.37302091677847077 -0.4680085253144731 0.7588657726947178 -0.2567998343285492 98.4989048415227 -19.47759284137065 0.017767129536311592 0.002323079503881806 0.6266539787088443 0.010997871711027476 -19.437526050172615 -0.016335925329594235 19.43753264939922
132.0 -4342.612832009863 2202.585792764119 4333.08823977612 153.10574463722392 41.852273610092865 149.41607258615224 7366.937743829626 -1107.8218531669324 -5.249815145458456 7449.769697136605 1.8022804191492283e-09 658.37581454444 80.32393204441863 0.3670526157643127 -0.4658882467826169 0.7618253224927927 -0.26046630641821594 98.56818945139302 -18.507567971134833 0.016288791899891717 0.0022845868405207766 1.1780922054372007 0.010467010683221676 -18.467186836161513 -0.02143015043626398 18.467198836817946
133.0 -4346.595882947275 2196.3457197801536 4332.254041906705 153.19241647687628 41.842492693239386 149.40717722588522 7365.711113982332 -1115.9744821319134 -5.2905452208909765 7449.7736374524275 1.80309325464565e-09 658.3277760891099 80.28823016515804 0.3574792954699077 -0.4625025780128332 0.7664153138229767 -0.26628459470921356 98.63686657541332 -17.001575060858084 0.0151814176364464 0.002222237510030304 1.6961645403069987 0.009807204405839886 -16.960879755870266 -0.025969151170916405 16.960899052667607
134.0 -4350.5736185596015 2190.1030897475603 4331.413601359007 153.2790607074699 41.83264005428631 149.39821469726135 7364.476088230809 -1124.1218284175663 -5.331283769892821 7449.7776048574 1.8039128241052392e-09 658.2793531054447 80.25226701487837 0.3445111180943731 -0.4578681067510943 0.7723782068896193 -0.2740452368706847 98.70477340024033 -15.000086963657267 0.014534352400304117 0.002136971464994192 2.1668367047685853 0.009031053577303777 -14.95907753264918 -0.029822411702801616 14.959106581055163
135.0 -4354.546033471255 2183.85791087716 4330.566919336558 153.36567714540794 41.82271573921151 149.38918501079945 7363.232660334778 -1132.2638538345661 -5.372034957791584 7449.781574226232 1.8047391444733191e-09 658.2305447835525 80.21604274278255 0.3284413571474951 -0.4520197436266076 0.7793889014432756 -0.28347374939117664 98.77179178723497 -12.557010125120906 0.014387961779132161 0.002030276078915844 2.5773368203592524 0.008151637039876015 -12.515686475129355 -0.032861200494262575 12.515728926907782
136.0 -4358.513122294275 2177.6101914034116 4329.713997050804 153.45226560728935 41.81271979432766 149.38008817080805 7361.980820767842 -1140.4005196588628 -5.412807439870903 7449.785516984775 1.8055722335622788e-09 658.1813502595128 80.17955747091247 0.30964878463567874 -0.4450211225599215 0.7870800291281299 -0.2942428561525614 98.83784276824197 -9.73824714271252 0.014735151866455031 0.0019043177667430384 2.9164452866279618 0.0071803539291521 -9.696609060625418 -0.03496121417793722 9.69667148404118
137.0 -4362.474879644075 2171.359939561677 4328.854835718893 153.5388259102344 41.802652266244635 149.3709241767272 7360.720639546378 -1148.5317995202172 -5.453597169256568 7449.789484923402 1.8064121099343515e-09 658.1317686222449 80.14281129948996 0.28861438039071363 -0.4369811538424538 0.795064009556708 -0.3059778281604944 98.90288158803891 -6.622433491689933 0.015526711602883875 0.0017621485481605576 3.168200457574724 0.006150784477771692 -6.580480812618545 -0.036013845741980285 6.5805789270025254
138.0 -4366.431300182258 2165.1071635404232 4327.989436565981 153.6253578726145 41.79251320178328 149.3616930374189 7359.45216496544 -1156.6576640006706 -5.494397630326716 7449.793507776662 1.8072587915958308e-09 658.0817989905069 80.1058043641541 0.26595326252089774 -0.428077268096123 0.8029524036533855 -0.31825485410453874 98.96690781168451 -3.304064187765523 0.016678206147516243 0.001607975781078605 3.3204982855291663 0.005103933583441928 -3.2617968813940723 -0.035957403280624765 3.261994854878484
139.0 -4370.382378571105 2158.8518715391824 4327.117800827014 153.71186131320522 41.782302648071976 149.35239476143545 7358.175388757264 -1164.7780749700057 -5.535213516624253 7449.79755793623 1.8081122968911126e-09 658.0314404599852 80.06853679684899 0.2423641218826087 -0.418546469366787 0.8104030895800253 -0.33064379293103124 99.0299434346697 0.11474920431688763 0.0180849411611363 0.0014468082270350665 3.3685546512843456 0.00406984852867795 0.1573310712487675 -0.03477370583086677 0.16112812776961755
140.0 -4374.3281094770455 2152.5940717560757 4326.239929741809 153.79833605133874 41.77202065252809 149.34302935190243 7356.890389697879 -1172.893008209464 -5.576049439403391 7449.801695821373 1.808972644976788e-09 657.9806920752399 80.03100870525452 0.21859857361155213 -0.40867932666888057 0.8171473349011434 -0.342733284978894 99.09202094639811 3.5287047621897623 0.019634031144434155 0.0012841674385074588 3.3107903529290277 0.003079369151364477 3.571601007607388 -0.032488853640038784 3.5717485795631547
141.0 -4378.268487615619 2146.333772324794 4325.35582454985 153.884781907804 41.7616672627485 149.3335968124869 7355.597232460045 -1181.0024376747317 -5.616900219557806 7449.805967509195 1.8098398552784866e-09 657.9295528616738 79.99322019664874 0.1954338554597208 -0.3988108519241792 0.8230035691884336 -0.3541477624251754 99.15317921375447 6.83255080410543 0.02121437126749237 0.0011257812944742947 3.148885830516845 0.002163290440910122 6.87576107402853 -0.02917360979831339 6.875822667660295
142.0 -4382.203507709878 2140.070981387339 4324.465486503535 153.97119870386538 41.75124252662409 149.32409715260263 7354.295909080746 -1189.1063258297077 -5.657761387824735 7449.810345419133 1.8107139470153583e-09 657.8780218534603 79.95517139868161 0.17364224541824852 -0.3893057023066497 0.8278801173754319 -0.36455994296147815 99.21346369972082 9.924331070405461 0.02272559816129188 0.0009772499915352121 2.8877355428588123 0.0013513590007501828 9.967854893236195 -0.024939394844667707 9.967885776753379
143.0 -4386.133164486416 2133.8057070917266 4323.568916864076 154.0575862612685 41.74074649233891 149.31453038124369 7352.98648010426 -1197.20464624478 -5.698641193557819 7449.814871263418 1.8115949397698449e-09 657.8260980598262 79.91686243458835 0.15394727640555814 -0.3805334187956177 0.8317692901954168 -0.37370362743067187 99.2729347118174 12.710259518196931 0.024087372056517693 0.0008436535640629113 2.5404784675634264 0.0006807275900340129 12.75409646880628 -0.019934087912381895 12.754111788687707
144.0 -4390.0574527058425 2127.537957531641 4322.6661168876735 154.143944403037 41.73017920827213 149.30489649858185 7351.66900496201 -1205.2973726937018 -5.739541341220729 7449.819585565563 1.812482854266405e-09 657.7737804190779 79.87829338948546 0.13695831640472816 -0.37282992228129525 0.834734356039938 -0.38139064417719515 99.3316811807496 15.112584374687097 0.025249478905613233 0.0007290746436578833 2.1222578721496017 0.000174255001679303 15.156734093577565 -0.014336795868185035 15.156740715274251
145.0 -4393.97636713555 2121.2677408106774 4321.757087843825 154.2302729526557 41.719540723094354 149.29519551105705 7350.343474633843 -1213.3844679393746 -5.780453391636911 7449.824459393003 1.8133777109862556e-09 657.7210678801548 79.83946437073233 0.12319121268320113 -0.366495868303713 0.8368749370865121 -0.38748553948553544 99.38980744581417 17.06584062852139 0.02619383971471271 0.0006367711366342966 1.6443696602713367 -0.0001594146690747848 17.110302789064377 -0.008331325308169157 17.110304756745375
146.0 -4397.889902538895 2114.995065059669 4320.841831017856 154.31657173383425 41.708831085796845 149.28542743135895 7349.009884336281 -1221.4658953781122 -5.821373440709749 7449.829467983342 1.8142795301705382e-09 657.6679594022976 79.80037550775825 0.11306596226403999 -0.36178580830710827 0.8383002522152702 -0.39189259270965254 99.44743703538335 18.51670457586564 0.026935660169229356 0.0005692388951016534 1.1197470290058686 -0.0003124229369918335 18.561478939342678 -0.0020993156521912325 18.56147905387724
147.0 -4401.7980536749255 2108.7199384317432 4319.920347707857 154.40284057056084 41.698050345685466 149.27559227444792 7347.668233717096 -1229.5416191116474 -5.862300953324848 7449.834590947336 1.8151883321895754e-09 657.6144539331634 79.76102693604444 0.10689463127322853 -0.3588938788564861 0.8391067352588831 -0.3945486134400741 99.50471600309552 19.425461350396798 0.027521804454777195 0.0005282342438304539 0.562613139491092 -0.0002803833738610584 19.470547788347094 0.004181870463127162 19.47054822001497
148.0 -4405.700815298723 2102.442369098028 4318.992639222441 154.4890792871518 41.68719855237486 149.26569005479246 7346.318526086541 -1237.6116038512982 -5.903237581937219 7449.839811494181 1.8161041378014226e-09 657.5605503934931 79.72141878599335 0.1048731196391978 -0.35794289569638854 0.8393595310208164 -0.39541635004402903 99.56180992135094 19.767105348385208 0.028024294215729564 0.0005148214258158451 -0.01190312100875982 -6.362399628627743e-05 19.812503836965238 0.010340312552159196 19.812506426895997
149.0 -4409.598182161876 2096.1623652446983 4318.058706879359 154.57528770828813 41.6762757557844 149.25572078471004 7344.960766923584 -1245.675814690131 -5.944186088948186 7449.845114920099 1.8170269683096248e-09 657.5062476677297 79.68155117622321 0.10707625664722607 -0.3589774081938543 0.8390801634643272 -0.39447987901731857 99.6188954763207 19.532042733414666 0.028529108725167843 0.000529414763581743 -0.5881769503317221 0.0003322824258885288 19.577753330290147 0.016209565292323123 19.57775977749482
150.0 -4413.4901490127495 2089.8799350718637 4317.118552005039 154.6614656590314 41.66528200613574 149.24568447380094 7343.594961975634 -1253.7342167925092 -5.985149365946313 7449.850486682479 1.817956845620515e-09 657.451544600561 79.64142421124117 0.11345578409920735 -0.36196103179542805 0.8382418982691646 -0.3917429214448306 99.67614881665618 18.726375927544794 0.02912205666976778 0.0005717931484249925 -1.1505119558649615 0.0008964861419573606 18.772398744088846 0.021628251466703018 18.77241075431786
151.0 -4417.376710596289 2083.5950867943916 4316.172175934935 154.74761296481677 41.65421735395399 149.23558112922683 7342.221115316912 -1261.7867750607668 -6.026129463176744 7449.8559104294145 1.8188937922224943e-09 657.3964399980531 79.60103798249455 0.12384106138536848 -0.36677818763370007 0.8367734014461593 -0.3872304575098765 99.7337338310265 17.371761296980726 0.029874612776156988 0.0006410781599814524 -1.683567501866821 0.0016132709277353234 17.418096477092064 0.026440191647079028 17.41811592277431
152.0 -4421.257861653654 2077.3078286446316 4315.219580014879 154.83372945142506 41.643081850071226 149.2254107571398 7340.839227736447 -1269.8334538427623 -6.067126533994156 7449.86136636091 1.819837831058411e-09 657.3409326350659 79.56039257401733 0.13794268807044988 -0.37324020970677707 0.8345703149160915 -0.3809933728121732 99.79179356396419 15.504842819026813 0.030832655883899347 0.000735683174013797 -2.172777466668073 0.0024629368539964376 15.551490531341726 0.0304958933531899 15.551519694063586
153.0 -4425.133596921882 2071.0181688765965 4314.260765603264 154.9198149449392 41.63187554563207 149.21517336512426 7339.449295792 -1277.8742167407265 -6.108137664801802 7449.866830263353 1.8207889853030906e-09 657.2850212682301 79.51948807211551 0.15535953838500627 -0.3810955876675902 0.8315134168779484 -0.37311526964873876 99.85044698252626 13.176276061984812 0.03200997705982376 0.0008532552780473085 -2.6047489863901996 0.003423319698432758 13.223236506089465 0.03365567392341602 13.223278572954673
154.0 -4429.003911134084 2064.726115770956 4313.295734074176 155.00586927169482 41.62059849210086 149.20486896586885 7338.051311785828 -1285.9090265691798 -6.149155679487194 7449.872273477538 1.8217472780251744e-09 657.2287046557022 79.47832457995231 0.17558980769883356 -0.39004386202788677 0.8274912017523441 -0.36372010688044015 99.90979200175519 10.449368009653517 0.03338682071985841 0.0009906409523712223 -2.9676302585410816 0.004472528133392328 10.496641431171264 0.03579369796360422 10.496701775218863
155.0 -4432.868799025961 2058.431677627673 4312.324486817648 155.09189225839313 41.609250741246996 149.19449757927146 7336.645313152241 -1293.9378540640391 -6.190178312390003 7449.877713055842 1.822712731992887e-09 657.1719815684314 79.43690222585701 0.19803874064363183 -0.39974907407205457 0.8224259513593889 -0.35298284591949136 99.96991157722177 7.399448843259449 0.03491178101557788 0.0011438543405843592 -3.247511998274552 0.005577776646477 7.447035625713915 0.03680476247401014 7.447126060745115
156.0 -4436.728255365964 2052.1348626962354 4311.347025219965 155.17788373299356 41.597832345026376 149.18405921785046 7335.231382202375 -1301.9606782203155 -6.23121671173169 7449.883211577225 1.823685371034851e-09 657.1148507100825 79.3952211049715 0.22199330586934538 -0.4098400269364921 0.8163098764706702 -0.34115730982397846 100.03086066751816 4.118240371319089 0.03650370591147118 0.0013078669234069657 -3.428848686144842 0.006683029629862523 4.16614117210494 0.036635832687597125 4.166301967436098
157.0 -4440.582274932098 2045.8356792192606 4310.363350672867 155.26384352413726 41.58634335565471 149.17355389107323 7333.809514549291 -1309.9774629179253 -6.272267506902608 7449.888743490487 1.824665219643619e-09 657.0573107402569 79.35328129648305 0.24667672485273404 -0.41994481130195516 0.8092228384856678 -0.32856558941814484 100.09267568944648 0.7075713793153747 0.03806152575283748 0.0014770088843731805 -3.50574043955029 0.007751776914915701 0.7557870227466134 0.035288867824220166 0.7566103724609177
158.0 -4444.430852504456 2039.5341354565069 4309.373464582411 155.3497714608572 41.574783825645504 149.1629816137124 7332.379752258534 -1317.9881803314279 -6.313324971969678 7449.894330317476 1.8256523022006614e-09 656.9993603199003 79.31108289691015 0.2713010053821638 -0.42972019620683616 0.8013389177625359 -0.3155824081436627 100.15538595645711 -2.7265865950414545 0.03947452594669667 0.0016454261724802618 -3.4756838985495135 0.008750357407498861 -2.678055166661104 0.03281474688366723 2.6782560555346016
159.0 -4448.273982909377 2033.230239608089 4308.377368355029 155.4356673736132 41.56315380766972 149.15234240268194 7330.94219720157 -1325.9928136917636 -6.354392139933225 7449.900054294168 1.8266466432738843e-09 656.9409980936958 79.2686260073787 0.29509900390535515 -0.43886781975201716 0.7929255281951492 -0.302623068216258 100.21901420551004 -6.077417371427752 0.040631490591201316 0.0018074359078066435 -3.3394987999612136 0.009648529339099524 -6.0285690983470195 0.029310662024678743 6.0286400884210005
160.0 -4452.1116609862775 2026.9239998579826 4307.375063399697 155.52153109366785 41.55145335463692 149.14163626978757 7329.496846323566 -1333.9913276938023 -6.395474161828588 7449.905890997492 1.8276482682993515e-09 656.8822226499419 79.22591070461422 0.31735352521088933 -0.447144643395339 0.784330942583859 -0.2901264903875408 100.28357272740166 -9.240582687779021 0.04143065514744733 0.0019578605822264173 -3.101309647560884 0.010420316948802424 -9.191416469664258 0.024912901437581014 9.191449942104171
161.0 -4455.943881570185 2020.6154244072939 4306.366551135091 155.60736245264903 41.53968251975304 149.13086322497273 7328.043731517119 -1341.9836934307773 -6.436567286425202 7449.911851415417 1.8286572032837783e-09 656.8230325379272 79.18293705383135 0.3374258712510505 -0.45436860691819214 0.775959320590139 -0.2785320147612857 100.34905338548744 -12.11818147451845 0.04179122811325484 0.0020923182174800337 -2.771306938900193 0.011039160027567742 -12.068696342962069 0.019787601927261683 12.068712324013207
162.0 -4459.77063953828 2014.3045214142196 4305.351832987035 155.69316128341745 41.52784135639993 149.12002328777385 7326.582940820315 -1349.9698925461603 -6.477663381718685 7449.918003550323 1.8296734737351737e-09 656.7634263305441 79.13970515434397 0.35480968313456007 -0.46042888211560434 0.7682221956343073 -0.2682349555940315 100.415404835987 -14.627385777848552 0.04166806022144965 0.0022076080517828677 -2.3665293263096734 0.011483966343813398 -14.577581029756686 0.014125855361113706 14.577587725498788
163.0 -4463.591929780306 2007.991299025787 4304.330910386404 155.77892741958604 41.515929918199696 149.10911647579866 7325.114470665093 -1357.949890086139 -6.518770791395468 7449.924322213262 1.8306971057442185e-09 656.7034025607111 79.09621509351112 0.36911146231179226 -0.4652663792891076 0.7615129232892075 -0.25958041597312415 100.48253903927969 -16.69914360168381 0.041059218862325275 0.0023015274427057504 -1.8984067532795927 0.0117551964835888 -16.64901872821754 0.00811828363920394 16.649020651484623
164.0 -4467.407747173171 2001.6757654129983 4303.303784771869 155.86466069502447 41.50394825908225 149.09814280003752 7323.638316536826 -1365.9236509083032 -6.559894061586419 7449.93078113932 1.831728126430198e-09 656.6429596951352 79.05246692797542 0.3800259055966113 -0.46885354904959264 0.7561862510623553 -0.2528616505588331 100.55033026403616 -18.27636605625138 0.04001030927567161 0.0023726062952020305 -1.3797169924704549 0.01185366625119296 -18.225920784478998 0.0019435222376279365 18.22592088458379
165.0 -4471.218086585871 1995.357928768855 4302.270457592253 155.95036094390713 41.49189643327954 149.08710226902738 7322.154478451955 -1373.8911406965287 -6.601034129252753 7449.9373585587955 1.8327665635567948e-09 656.5820961567554 79.00846070020393 0.387333195291128 -0.47118314637988756 0.752531100943722 -0.24830702870749372 100.61860950128087 -19.31547760813531 0.03861557038790878 0.002419959804054807 -0.8246475729863939 0.011781956170830905 -19.264711903740853 -0.004232668521480604 19.26471235106678
166.0 -4475.022942883827 1989.0377973056707 4301.23093030794 156.03602800076484 41.47977449531783 149.0759948918044 7320.662960381467 -1381.852325875977 -6.642189522350236 7449.94403661609 1.8338124452595496e-09 656.5208103406142 78.96419645018281 0.3908949084672552 -0.4722580673608554 0.750748305190904 -0.246070052220808 100.6871684236304 -19.787635533718035 0.03701139930554234 0.002443130850955426 -0.24840936989731022 0.011545160229916931 -19.736549562097096 -0.010256715008011901 19.736552120952517
167.0 -4478.822310931903 1982.715379252884 4300.185204391753 156.121661700525 41.46758250001262 149.06482067977103 7319.1637688685505 -1389.807173373637 -6.683357475250091 7449.950799968147 1.8348657998739042e-09 656.4591006238106 78.91967422277236 0.3906501805938314 -0.47208379142803786 0.750935187519999 -0.24622281457500983 100.75577241996093 -19.679547459348456 0.03536179489955774 0.002441961358169216 0.33317898227219656 0.011151029504638633 -19.62814151802844 -0.015984794006145178 19.62814777025002
168.0 -4482.616185595835 1976.3906828559464 4299.133281329301 156.20726187853228 41.45532050246533 149.05357964747913 7317.656911151009 -1397.7556502749196 -6.724534942759533 7449.957633876973 1.8359266558643981e-09 656.3969653695175 78.87489407073654 0.38661359195305894 -0.4706646080955946 0.753078159969369 -0.2487529742144278 100.82418005999853 -18.993863403899763 0.033837845606425755 0.002416524110991932 0.9041245452209429 0.010609849131705283 -18.942137843986327 -0.021279506343495905 18.942149357956485
169.0 -4486.404561741927 1970.0637163766235 4298.075162618954 156.29282837054595 41.44298855806376 149.042271812408 7316.142393157493 -1405.697723442419 -6.765719590527624 7449.964522171164 1.836995041848359e-09 656.334402925458 78.82985605376544 0.3788755260508062 -0.4680042059392087 0.7570538758294797 -0.25356424841546227 100.89216428069899 -17.749130340018365 0.032595589636559175 0.00236713108065585 1.4486995633736839 0.009934150634326167 -17.697085494714734 -0.0260069049514967 17.697103992449893
170.0 -4490.187434235058 1963.7344880946246 4297.010849771428 156.3783610127151 41.43058672248579 149.0308971937271 7314.620217762123 -1413.6333591703974 -6.806910864330007 7449.971445468049 1.8380709867157845e-09 656.2714116167555 78.78456023345652 0.36760487692037697 -0.46411052611892 0.7626388538544823 -0.2604804265227921 100.95952996893743 -15.979309264869217 0.03175721215153654 0.0022944159076150857 1.951874930676628 0.009138244315706588 -15.926945398972213 -0.030035031187086923 15.926972985747051
171.0 -4493.9647979352 1957.4030063101786 4295.940344308827 156.46385964153697 41.41811505170519 149.01945580993407 7313.090383655608 -1421.5625229480474 -6.848111186546589 7449.978380021876 1.8391545198565943e-09 656.2079897325049 78.73900666382302 0.35305313279921635 -0.45900411994557516 0.7695268597128248 -0.2692528838734427 101.02612384708024 -13.7328667943002 0.03139925405204089 0.002199470270798356 2.3997357018962 0.00823741467194635 -13.680184081213996 -0.033234615959488574 13.680223681141197
172.0 -4497.736647692673 1951.0692793468668 4294.8636477630425 156.5493240938068 41.40557360199995 149.00794767525514 7311.552885117925 -1429.485179395561 -6.889327212410649 7449.985297490006 1.8402456715068853e-09 656.1441355054001 78.6931953768865 0.33555820893897104 -0.45272868744656347 0.7773526922217919 -0.2795714861571432 101.09183482445904 -11.071465038279396 0.03154900279986804 0.0020839996623913397 2.7798671517574123 0.007246260238873012 -11.0184635629669 -0.03548167068375735 11.01851998588154
173.0 -4501.50297834696 1944.7333155486936 4293.780761673162 156.63475420664645 41.39296242994777 148.99637279609755 7310.007742561639 -1437.4012982473191 -6.930564894609233 7449.9921960525535 1.8413444730001589e-09 656.0798471002104 78.64712637042092 0.31554965329067197 -0.44536340230085025 0.7857189715619878 -0.29107654307195596 101.15658632135337 -8.068805307098495 0.03218747860242887 0.0019504806495957909 3.0792833661775787 0.006184510363830875 -8.015485133412362 -0.036662033785643595 8.0155684295435
174.0 -4505.263784772223 1938.395123221442 4292.69168758294 156.72014981834656 41.38028159230128 148.98473118322133 7308.455051574048 -1445.3108642031536 -6.971812539136977 7449.999150418204 1.842450949173686e-09 656.015123285363 78.60079979070959 0.2935887312708283 -0.43704877619542204 0.7942112587111674 -0.3033521066900515 101.22034370644407 -4.814726132118378 0.03325369096789431 0.0018025208333807422 3.2808441934502484 0.005102260288658076 -4.761087501178951 -0.036700062341287254 4.7612286215749
175.0 -4509.019061866747 1932.0547106521997 4291.596427044895 156.80551076810895 41.36753114602341 148.97302285321408 7306.894816014103 -1453.213844209634 -7.013071916669787 7450.006141774248 1.8435651137440283e-09 655.9499638616346 78.55421603184953 0.27035063109351054 -0.42799188343362626 0.8024382379009074 -0.3159530951530061 101.28310710332538 -1.4111752665465485 0.0346559005061528 0.0016447777693423737 3.3774199041415263 0.004033084543049126 -1.3572185386203304 -0.035571562753636904 1.3576845218882811
176.0 -4512.768804521329 1925.7120861472781 4290.494981620411 156.890836895495 41.35471114836832 148.96124781806722 7305.327059800249 -1461.1102092599788 -7.054349238384702 7450.013171672696 1.8446869797139315e-09 655.8843687210926 78.50737549794304 0.24657834089486927 -0.41845741991228086 0.8100726365498974 -0.3284430438218909 101.3448912713324 2.035001464957379 0.03628540718892137 0.0014826067766738442 3.3658489620944687 0.0030089668748643004 2.0892758240953673 -0.033298111604660126 2.089541036186884
177.0 -4516.513007661852 1919.3672579619838 4289.387352868202 156.97612804137736 41.34182165673704 148.94940608621948 7303.751898058645 -1468.9999489342404 -7.095643316552469 7450.020334637895 1.8458165602453092e-09 655.8183377618615 78.46027858705119 0.22305633561759855 -0.4087613093253016 0.8168711471633942 -0.3404138541121307 101.40571866406093 5.415489097972441 0.038027237896932145 0.0013217787821455402 3.246363700417923 0.0020617828521626172 5.470080475837217 -0.029948353895542592 5.470162208689733
178.0 -4520.251666243936 1913.020234321775 4288.273542352999 157.06138404768856 41.32886272871164 148.93749767114642 7302.169337522013 -1476.8830313901371 -7.136948121192745 7450.027614598705 1.8469538678361114e-09 655.7518709364421 78.41292572546138 0.2005800141728761 -0.39925808661328466 0.822683105291515 -0.3515012751843409 101.46561715700638 8.623906798205192 0.03976974741918489 0.0011681408879395617 3.0225912775787567 0.0012223245043630668 8.67881444883498 -0.02563484131575517 8.678852017909467
179.0 -4523.984775220942 1906.6710234744442 4287.153551653869 157.14660475671525 41.31583442216123 148.92552259014153 7300.579396358458 -1484.7594271158196 -7.178264584534759 7450.0350070603945 1.8480989144297052e-09 655.6849682454822 78.36531736292379 0.1799205482036947 -0.3903219006527643 0.8274479740701524 -0.36139626507767886 101.52462311674535 11.559489119001132 0.04141387669023403 0.0010272558411760584 2.703197674938879 0.0005226130110701502 11.614712287753814 -0.020507390163346854 11.614730143393828
180.0 -4527.712329569945 1900.3196336285089 4286.0273823462 157.23179001188032 41.302736795121795 148.91348085239764 7298.982172200738 -1492.6291229861163 -7.219603138947946 7450.04258857357 1.8492517125500088e-09 655.6176296716478 78.31745392536831 0.16175511225473047 -0.38230811239297635 0.8311885980390186 -0.3698666048022042 101.58279911021872 14.135454843959867 0.04288488032017458 0.0009038521218631103 2.3057800814575624 -4.175948151307341e-06 14.190992923152562 -0.014750581801346602 14.191000431864328
181.0 -4531.434324289685 1893.9660729680231 4284.895036008892 157.3169396575753 41.28956990581883 148.90137246686524 7297.377670369442 -1500.492087429632 -7.260955500256273 7450.050341435302 1.8504122745480822e-09 655.5498552238697 78.2693358462658 0.14665109103566057 -0.3755351821133455 0.8339830119254591 -0.3767480860109131 101.64022932234218 16.280005685190492 0.04413902502181093 0.0008017095406979677 1.8423515625442934 -0.00034897696797395243 16.33585813225332 -0.008561809453507185 16.335860314795866
182.0 -4535.150754376851 1887.6103497050467 4283.756514238618 157.40205353848987 41.27633381276892 148.8891974505498 7295.7658867527225 -1508.3482869188642 -7.302315890285058 7450.058238213523 1.851580611801139e-09 655.4816449843022 78.22096359969541 0.1350820181963917 -0.37028099856352514 0.8359310550823738 -0.38192159092103933 101.69701479580934 17.933377442743943 0.04516564848742363 0.000723818443511626 1.3256866134039662 -0.0005046749173008405 17.989543829113313 -0.002135285822858459 17.989543951646322
183.0 -4538.861614824438 1881.2524720764188 4282.611818646801 157.48713149964107 41.263028574776015 148.87695582428063 7294.146821808354 -1516.197688838707 -7.343682527970486 7450.066256041607 1.852756735110276e-09 655.4129990852505 78.17233768360724 0.12741380425597562 -0.3667671509782239 0.8371303060322445 -0.3853056321554324 101.7532806363203 19.04936225970062 0.04598868760371557 0.0006723743352510522 0.7700613044006033 -0.0004671122503932599 19.105842306833058 0.004340273710870651 19.105842781413333
184.0 -4542.566900621735 1874.8924483390151 4281.460950856815 157.57217338642613 41.24965425092341 148.86464760936332 7292.5204801213295 -1524.0402614310633 -7.3850563730671865 7450.074376173001 1.853940655016038e-09 655.3439176909283 78.12345860661509 0.12389411237892117 -0.3651459809521202 0.837655184605125 -0.38684939345500713 101.80917705610166 19.59661707340205 0.046663700716449784 0.0006488061226864502 0.19086075934118868 -0.00023679407245546236 19.653410657810227 0.010683079370753022 19.653413446551173
185.0 -4546.266606754645 1868.530286766158 4280.303912502129 157.6571790446647 41.23621090056743 148.85227282543062 7290.886869094502 -1531.8759735494118 -7.426439943982018 7450.082582648519 1.8551323820007793e-09 655.2744009858482 78.07432687956498 0.12464558628680973 -0.3654916398940887 0.8375416479378642 -0.3865272654758963 101.8648741298121 19.55956259981649 0.047269517277290625 0.0006538143074660079 -0.39584538538369657 0.00018036444470861013 19.61666973615739 0.016718461561005957 19.616676579807283
186.0 -4549.9607282059615 1862.165995645753 4279.140705225403 157.74214832062208 41.22269858333364 148.83983148939978 7289.245997080296 -1539.704794283034 -7.467836249130869 7450.090860390062 1.8563319265857188e-09 655.204449169376 78.02494301150796 0.12966245433123477 -0.3677956066855241 0.836779441903198 -0.3843360576992487 101.9205516006509 18.938846595332464 0.04789536399918771 0.000687392461746375 -0.9737478805566461 0.0007728821289014081 18.996267410139644 0.022278387682786338 18.996279991708747
187.0 -4553.649259955378 1855.7995832804572 4277.971330678594 157.8270810610094 41.209117359116554 148.82732361552561 7287.5978713299955 -1547.5266925269048 -7.509247763929238 7450.099193104661 1.8575392993228482e-09 655.1340624564256 77.97530751002802 0.1388102406553265 -0.3719668885140628 0.8353129227603551 -0.3802955061632076 101.97638649846544 17.75135713445207 0.04862591313645382 0.0007488175803483625 -1.526750849911192 0.0015240420147101003 17.80909184280991 0.027201329512487583 17.809111942893992
188.0 -4557.332196979195 1849.4310579898927 4276.795790524066 157.91197711296064 41.195467288083336 148.81474921645457 7285.942496159121 -1555.3416365807716 -7.550675347962169 7450.1075614059 1.8587545106899702e-09 655.0632410838019 77.92542088554212 0.15182866166428877 -0.3778369286723453 0.833050412485346 -0.3744520304213545 102.0325420591833 16.029784083418622 0.049527450870977714 0.000836611221706338 -2.039420310478019 0.0024127075314476208 16.08783297711096 0.03133345487589531 16.087862684230675
189.0 -4561.009534250076 1843.060428114517 4275.614086436687 157.99683632399146 41.181748430680095 148.80210830542654 7284.2798717055775 -1563.1495938596026 -7.592117041447523 7450.115941538067 1.859977570873899e-09 654.9919853230485 77.87528366014641 0.16833812075085486 -0.3851690362907578 0.8298809953184344 -0.366885028577352 102.08916099033026 13.821739498361463 0.05063786443865279 0.0009484894362897559 -2.4974157415522935 0.003414739309059041 13.880102947977333 0.03453162202262864 13.880145059073302
190.0 -4564.681266737267 1836.6877020205918 4274.42622010696 158.08165854194863 41.167960847640494 148.7894008997651 7282.609993587578 -1570.9505307843997 -7.633566793378918 7450.124305017698 1.8612084894272596e-09 654.9202955006344 77.82489638155747 0.18785038522938907 -0.3936718931995125 0.8256967058333501 -0.3577144437254892 102.14636490101135 11.188459986790983 0.05196169445581128 0.0010813310332126915 -2.8878926251351467 0.00450543777540949 11.247138453983544 0.03666772074503349 11.24719745583615
191.0 -4568.347389409353 1830.3128881012556 4273.232193243605 158.16644361501193 41.1541045999858 148.77662702465267 7280.932876641186 -1578.7444178994842 -7.675017970319232 7450.132642920133 1.8624472748952945e-09 654.8481720198448 77.77425963815985 0.20978138592817708 -0.4030152988584362 0.8204179543878554 -0.34710923226290824 102.20425979691403 8.203480661461686 0.05346968240437107 0.0012311798558528183 -3.197985683178417 0.005656628336558446 8.2624747484345 0.03763367182315853 8.262559859419964
192.0 -4572.007897260882 1823.9359947139649 4272.032007555261 158.25119139248687 41.140179748894525 148.76378670210786 7279.248620349282 -1586.5312443750076 -7.716482541327878 7450.1410329159435 1.863693935877678e-09 654.7756152991216 77.72337401539153 0.23343003597816067 -0.41283251197584175 0.8140297741563287 -0.3353136772425895 102.26292791015092 4.9564296213580565 0.0550990427644547 0.0013930595658767323 -3.4098819690758777 0.006808215452442364 5.015740246248611 0.03736873989879237 5.015879092601179
193.0 -4575.662785305291 1817.5570301868981 4270.825664749267 158.33590172470548 41.12618635571593 148.7508799472633 7277.557234170928 -1594.3109801427754 -7.75795971098205 7450.149460512607 1.8649484813876833e-09 654.7026257514069 77.6722400811232 0.2580089444549709 -0.4227452753972527 0.8066071952046664 -0.3226494217484262 102.32242711136077 1.5500960310569618 0.05675988726462963 0.001561208169634577 -3.515679339418982 0.007918156388794343 1.6097243276190707 0.03587490911913924 1.610123933550186
194.0 -4579.312048554638 1811.176002871202 4269.613166548323 158.4205744623754 41.11212448207549 148.73790677978843 7275.8587364602035 -1602.0835971080617 -7.799443388716554 7450.15792022989 1.866210919739152e-09 654.629203849141 77.62085843104046 0.2827109931696127 -0.4324002545849781 0.7983216662805123 -0.3094948001550329 102.38280623991999 -1.9073817598254408 0.05834574571806676 0.0017296290820014617 -3.511871908829145 0.008950424881426144 -1.847434517069368 0.03320663345062627 1.8477328251667038
195.0 -4582.955682057566 1804.7929210740608 4268.394514677611 158.50520945746746 41.097994189727004 148.72486722344323 7274.153246216296 -1609.8490895347056 -7.840934039748845 7450.16650959973 1.867481258582843e-09 654.555350122311 77.56922968695713 0.3067443185176893 -0.441487447663045 0.7894422895415488 -0.2962728946368297 102.44410768670802 -5.306093359703416 0.05974266605799541 0.001892469456848627 -3.3984325461290377 0.009872716246529805 -5.245825779506476 0.029468123450851504 5.245908315197351
196.0 -4586.59368088964 1798.4077930624603 4267.169710860242 158.58980656313364 41.083795540562996 148.71176129763876 7272.440776248139 -1617.607428730004 -7.882437596051432 7450.1752174255325 1.868759505723072e-09 654.4810651111651 77.51735446349865 0.32936363621244247 -0.4497523768562978 0.7803250310071126 -0.2834347202386774 102.50636521916816 -8.537849499547868 0.060839228155386386 0.0020443765235799325 -3.1788231629385773 0.010657414581800797 -8.477260134389802 0.024806013070088413 8.477296162557217
197.0 -4590.226040118982 1792.020627124132 4265.938756829102 158.67436563290212 41.06952859674711 148.6985890180841 7270.721340921716 -1625.358586420532 -7.923953851324086 7450.184034024264 1.8700456690522265e-09 654.4063493702728 77.46523337079621 0.3498978355948207 -0.4570020151691618 0.7713898638675177 -0.27143754474987 102.56959644913697 -11.49986357167147 0.06153816068526159 0.0021807897105708966 -2.861290901652113 0.01127962686425271 -11.438951080679141 0.01939854570943372 11.438967309888865
198.0 -4593.852754845767 1785.6314315159216 4264.7016543239615 158.75888652140495 41.05519342058991 148.68535040840345 7268.99504062188 -1633.102553791392 -7.965471348595088 7450.193037802394 1.871339755411857e-09 654.3312035348996 77.41286706056454 0.3678016722114844 -0.46311445100379256 0.763073622423166 -0.2607020942606311 102.63377935192827 -14.102994202868187 0.06177205199828523 0.002298316498129048 -2.463690783681401 0.011714543980735775 -14.041757556151705 0.013449345870668438 14.041763867643029
199.0 -4597.473820196298 1779.2402144650996 4263.458405088133 158.84336908433863 41.04079007455327 148.67204549436505 7267.2618856392155 -1640.839302127757 -8.006997359522074 7450.202214831371 1.872641771148698e-09 654.2556282888613 77.36025620334267 0.38265830660903716 -0.4680270286504871 0.7557938122598715 -0.25159299311664135 102.69885045050835 -16.273737124402235 0.0615148587276174 0.0023946930721871398 -1.9985259932723582 0.011962166903790023 -16.21217553467076 0.0071654438109034595 16.212177075671683
200.0 -4601.089231284622 1772.8469842222946 4262.209010872907 158.9278131777301 41.02631862137398 148.65867429434206 7265.521872420744 -1648.5687996244744 -8.04853751047051 7450.2115369079 1.873951723043826e-09 654.1796243108083 77.3074014508869 0.394143350936809 -0.471711463076084 0.7499312345044798 -0.24442270358849763 102.76470924653779 -17.950865233232733 0.060787670881800454 0.002468435740306569 -1.478763741723139 0.012024815343001717 -17.88897819163785 0.0007401636341436977 17.888978206449316
201.0 -4604.698983216138 1766.4517490614717 4260.95347344007 159.01221865795404 41.011779124061 148.6452368233488 7263.775002048419 -1656.2910155174877 -8.090093411314683 7450.220980486341 1.8752696179158347e-09 654.1031922975376 77.25430345227738 0.40202072077832707 -0.4741614045298257 0.745801319744649 -0.2394382884718256 102.83120942032654 -19.086930957836547 0.05966291199628773 0.0025186709846006486 -0.9189320212927562 0.011906562577375332 -19.024718250518895 -0.005648188730270759 19.024719057913053
202.0 -4608.303071092303 1760.0545172769964 4259.691794563438 159.0965853817865 40.997171645886155 148.63173309642613 7262.021279818047 -1664.0059200099254 -8.131663925438943 7450.230526253293 1.8765954622852675e-09 654.0263329836982 77.20096286742316 0.4061381202335082 -0.47538134689882894 0.7436297373486659 -0.23681050661784822 102.89815903878672 -19.6496284320785 0.058261293444891754 0.002544958567356719 -0.3347157318267562 0.01161421075881704 -19.587090112931342 -0.011835727135091876 19.58709354846749
203.0 -4611.901490013972 1753.655297181119 4258.423976029739 159.1809132064474 40.98249625037693 148.61816313077392 7260.260713916639 -1671.7134839912424 -8.17324637280592 7450.240157777182 1.877929262160075e-09 653.9490471544382 77.14738037559285 0.40642260194965296 -0.47537807946161437 0.7435349777442953 -0.23662647160166048 102.96533067954198 -19.622733860481702 0.05673997921925825 0.0025471420004447255 0.2574811106719093 0.011157478945207217 -19.559870191265855 -0.017670515865522166 19.559877860582677
204.0 -4615.494235083106 1747.2540971025737 4257.1500196389725 159.26520198962425 40.96775300131205 148.60452694672904 7258.493313515257 -1679.4136786126264 -8.214837624511688 7450.249859555993 1.8792710229333345e-09 653.871335651518 77.09355667937082 0.402877896067869 -0.4741560356370314 0.7455192516000747 -0.23888595652019057 103.03247960449373 -19.006596160664223 0.05527323278881911 0.0025252624855575273 0.8409949255171596 0.010548856160839521 -18.9434075352131 -0.02300908548311262 18.943420995965937
205.0 -4619.081301402733 1740.8509253866887 4255.869927204459 159.34945158947207 40.95294196272133 148.59082456769212 7256.719086667013 -1687.1064748035676 -8.256435158812565 7450.259614861953 1.880620749383959e-09 653.7931993734471 77.03949250445676 0.3955844548119742 -0.47171726425055577 0.7494683808698756 -0.24350135070543605 103.0993656366077 -17.818162490145905 0.054029482697602146 0.0024795563633637175 1.3993710539781987 0.009803258913433659 -17.75464936082709 -0.027713276703530684 17.754670292908354
206.0 -4622.662684075108 1734.4457903969908 4254.583700552527 159.4336618645897 40.93806319888984 148.57705601897277 7254.938038423952 -1694.7918428246448 -8.29803818799462 7450.269403807724 1.881978445784169e-09 653.7146392694412 76.98518859519989 0.3847022161852196 -0.4680660256540679 0.7551606941399541 -0.2503012715042585 103.16577311211388 -16.090536279416405 0.053150044719027165 0.0024105364286944576 1.9168280423284512 0.008937494316154083 -16.02669910090072 -0.03164867976553398 16.026729530657985
207.0 -4626.238378198273 1728.0387005179246 4253.291341521727 159.51783267397752 40.92311677436533 148.56322132544383 7253.150169564463 -1702.469751951638 -8.339648917595582 7450.279202037152 1.8833441161253123e-09 653.6356563265581 76.93064570544917 0.3704751429243051 -0.46321729095806574 0.7622842721576119 -0.25903783170383904 103.23152398546966 -13.872078540236641 0.05273396651844037 0.002319137721081672 2.3787046331676094 0.007969383417246751 -13.80791773880371 -0.034685405818850726 13.807960456834987
208.0 -4629.808378861275 1721.6296641579945 4251.992851961338 159.60196387698576 40.90810275396754 148.54932050788264 7251.355476250023 -1710.140170374294 -8.38127388009957 7450.28898036988 1.88471776447497e-09 653.5562515492807 76.87586458425218 0.35323583435256095 -0.45720779360093877 0.77046120810346 -0.26939748626809484 103.29648129264415 -11.225076130635742 0.05283108167113197 0.002206892133106716 2.771876791882676 0.006916043693005721 -11.160592099056814 -0.0367009370104635 11.160651678162354
209.0 -4633.372681141851 1715.218689748089 4250.6882337287625 159.68605533332519 40.89302120278669 148.53535357902922 7249.553976713541 -1717.8030714989222 -8.42291987021406 7450.298732219627 1.8860993953643328e-09 653.4764259374224 76.82084596047697 0.33341098222040516 -0.4501088673851536 0.7792756434103296 -0.28101351573099814 103.3605433324328 -8.22443659906503 0.05344241866825405 0.00207610592050847 3.0830072578910213 0.0057986328726316785 -8.15962975057866 -0.037584740513889804 8.159715725222283
210.0 -4636.93128014946 1708.8057856821288 4249.3774886844985 159.7701069038874 40.87787218603544 148.52132055516006 7247.745771634702 -1725.45844844959 -8.46457503416957 7450.308535665169 1.8874890126407265e-09 653.396180552713 76.76559058855585 0.3115617520560394 -0.4420525839959144 0.7882894556731813 -0.29345957423942715 103.42364998892394 -4.961670643977689 0.054522846219465855 0.0019302401477673287 3.294029217421249 0.004670958701502569 -4.89654160683502 -0.03726726597343811 4.896683078754305
211.0 -4640.484171020358 1702.3909603302493 4248.060618696493 159.85411845058144 40.86265576907524 148.50722145913753 7245.930869356 -1733.1062727750318 -8.506240650549898 7450.318373891707 1.888886619158383e-09 653.3155165368156 76.71009926057052 0.28837141123433807 -0.43323978497603083 0.797082736596615 -0.30627492374709686 103.48577802202158 -1.5414218116073077 0.055990562680765514 0.0017738891823588152 3.3970975075159138 0.003569618694818147 -1.4759713572158408 -0.035735464617538626 1.4764038025756119
212.0 -4644.031348883479 1695.9742220828969 4246.737625642405 159.9380898357175 40.84737201752647 148.49305630927464 7244.109292834456 -1740.746519589698 -8.547923129525088 7450.32824504961 1.8902922178756112e-09 653.2344350481783 76.65437276251329 0.26459672212511764 -0.4239313878057248 0.8052989987643636 -0.31900513422650256 103.54692051177621 1.9263218738275538 0.0577404948905298 0.0016124299693963035 3.388733693397357 0.002528371968413298 1.9920928629827588 -0.0330253813657341 1.9923664851219236
213.0 -4647.572808900408 1689.5555792797768 4245.408511395357 160.0220209229409 40.832020997096805 148.4788251199415 7242.281162388868 -1748.3791877555168 -8.589621650576305 7450.338247413294 1.8917058117918676e-09 653.1529372659562 76.5984118768261 0.24104067486066372 -0.41444229010359257 0.8126673077907098 -0.3312232299893911 103.60707869544476 5.3298796045100865 0.05965512405791552 0.0014517393681715608 3.269041527890038 0.0015803940963734946 5.3959701084783775 -0.029222669377276304 5.396049003649687
214.0 -4651.108546263948 1683.1350402258033 4244.0732778323845 160.1059115770521 40.81660277361014 148.46452791052474 7240.446488678288 -1756.0042500635602 -8.631329919526934 7450.348366453157 1.8931274030534227e-09 653.0710244418215 76.54221741775935 0.21852058847233044 -0.40512865163087813 0.8190125199973214 -0.34254637661065757 103.6662586182203 8.55947330241489 0.06161449371472846 0.0012978423791854348 3.041714282374562 0.0007572474607834893 8.625882185720258 -0.024458425859336712 8.625916598837671
215.0 -4654.638556165363 1676.7126132487153 4242.7319268457195 160.18976166324967 40.801117413143984 148.45016470449767 7238.605290611043 -1763.6216813346164 -8.673048630702056 7450.358596061552 1.8945569930384132e-09 652.9886978952135 76.48579022779045 0.19783125307960597 -0.3963683998731757 0.8242536639658491 -0.35264824446720894 103.72447360437201 11.511085945530096 0.063506201385901 0.0011565296227865527 2.7156318745967085 9.082558470718378e-05 11.577812094120917 -0.01890127371953686 11.577827312109637
216.0 -4658.16283381833 1670.2883066365655 4241.3844603225 160.27357104790656 40.785564981885706 148.4357355171328 7236.757669663057 -1771.2314767339446 -8.714788685465123 7450.3690150986495 1.895994583574586e-09 652.9059589434343 76.42913112946412 0.17967259453248885 -0.3885220232246763 0.8283982953875616 -0.3612819680559081 103.78176367515559 14.095096696017114 0.06523870821052581 0.0010327746912523151 2.3090752729825734 -0.0003868178371336205 14.162139191737996 -0.012753135345812149 14.162144816474193
217.0 -4661.681374458321 1663.8621286504256 4240.03088015184 160.35733959842912 40.76994554615519 148.42124036317946 7234.903633635176 -1778.8336089539744 -8.756541678394797 7450.379605990145 1.897440176172251e-09 652.822808946124 76.37224095571314 0.1646305701753981 -0.38191263479279924 0.8315137282261826 -0.36827222882093524 103.83819192355467 16.237594659177997 0.06675009381503218 0.0009305814388222302 1.834684649029519 -0.0006678583334114096 16.304952700234416 -0.006226669730271459 16.304953856910927
218.0 -4665.194173319635 1657.4340875798491 4238.671188241591 160.4410671825633 40.75425917253187 148.40667926565138 7233.043179767525 -1786.428048083847 -8.798301665485155 7450.39034020865 1.898893771141762e-09 652.7392493562186 76.31512058444542 0.1531930971926646 -0.37682159501966594 0.8336915391752091 -0.37349133591962286 103.89383949374867 17.87729453722206 0.06801191612281243 0.0008531318611618839 1.3058539832431717 -0.000746826371879745 17.944967487069544 0.00047094230227311807 17.944967493045763
219.0 -4668.701225633446 1651.0041917397994 4237.305386515229 160.52475366842162 40.738505927850326 148.39205225147958 7231.176309992059 -1794.0147653450167 -8.840066868558893 7450.4011939793245 1.900355368018978e-09 652.6552816956025 76.2577709215407 0.1457351132846365 -0.3734719388968937 0.8350226119823994 -0.3768517282574149 103.94881501525472 18.96712855990452 0.06903305048101781 0.0008027641852990095 0.7375576730816311 -0.0006216223098264919 19.03511598556733 0.007140238841923808 19.035117275113752
220.0 -4672.202526627566 1644.572449465811 4235.933476908828 160.6083989245361 40.72268587919071 148.37735934799142 7229.303030428389 -1801.5937330038826 -8.881838342276524 7450.412147768222 1.901824965910649e-09 652.570907535445 76.20019288713263 0.14250697186375844 -0.37201476290312213 0.8355756148706905 -0.37829904967607736 104.0032578926093 19.475619495238647 0.06985892051631787 0.0007809876454749577 0.1459289204082859 -0.00029524070308470217 19.543921175041913 0.013590664402056297 19.543925715743622
221.0 -4675.6980715266545 1638.138869110373 4234.55546136906 160.69200281989993 40.70679909387077 148.36260058072466 7227.423349968443 -1809.1649240477755 -8.92361871854257 7450.423184829497 1.903302563708099e-09 652.4861284841635 76.14238740716144 0.14362706583411466 -0.3725199348422163 0.8353814666661638 -0.37780678826051156 104.05733468866752 19.3878137111878 0.07056469088780438 0.0007885107642802921 -0.45219649915206533 0.00022352432525302691 19.456429621029983 0.01964049949061535 19.45643915018022
222.0 -4679.187855552401 1631.7034590411404 4233.171341852289 160.77556522398896 40.69084563944167 148.34777597242524 7225.5372782877 -1816.7283117036122 -8.965411065091303 7450.434289158335 1.9047881601834824e-09 652.4009461821697 76.0843554095866 0.1490782317772509 -0.37497163389510335 0.8344258709540705 -0.375373707745689 104.11122950787343 18.70574601256527 0.07124283807380077 0.0008252561918736665 -1.039758250288949 0.0009200089978842127 18.77467630312883 0.02511625067543518 18.77469249739904
223.0 -4682.671873923508 1625.2662276413125 4231.7811203247675 160.85908600675862 40.674825583688204 148.33288554316178 7223.644823693303 -1824.283868898824 -9.007217781939062 7450.445443271677 1.9062817539744873e-09 652.3153623030307 76.0260978249823 0.1587076992897455 -0.3792689647474954 0.8326509484244284 -0.3710246846955313 104.1651310264898 17.44842118564401 0.07198741937484787 0.0008903483089618221 -1.599957715194354 0.001774137254569096 17.51766616234708 0.029852658593077498 17.517690801403816
224.0 -4686.1501218554895 1618.8271833121178 4230.384798763994 160.9425650386175 40.65873899463385 148.3179293115791 7221.745991240577 -1831.8315677727385 -9.04903942498595 7450.456626261412 1.9077833434545227e-09 652.2293785611868 75.9676155915856 0.1722307040079945 -0.38523165566124773 0.829965835136954 -0.36481484150021 104.21921992781972 15.65131089040888 0.07287847437327474 0.0009820771444972423 -2.1167387052142588 0.002761412933084395 15.720871003913789 0.03369433283048851 15.720906201463448
225.0 -4689.622594560605 1612.386334477014 4228.982379161152 161.0260021903823 40.642585940548805 148.3029072973805 7219.840781521352 -1839.371379342635 -9.090873403027558 7450.467812536533 1.909292926478624e-09 652.1429967267516 75.90890966513065 0.18923820839106614 -0.3926106013093857 0.8262649552294166 -0.35683615285471354 104.27366033208982 13.365378362397262 0.0739697334641868 0.0010978588364795238 -2.5752488590316425 0.003854594013386844 13.435254211336785 0.03649938796519013 13.435302877916657
226.0 -4693.089287248422 1605.9436895868716 4227.573863524615 161.10939733322442 40.62636648996094 148.2878195251429 7217.9291904451 -1846.9032734093848 -9.132712623893326 7450.478971586299 1.910810499993847e-09 652.0562186480009 75.84998103385368 0.20920930852027608 -0.40110270563346845 0.8214516414572326 -0.3472251222322445 104.32859769511582 10.65565693212574 0.07528138097987506 0.0012342240789292322 -2.962268448263152 0.005026602199385897 10.725849273660714 0.038144328472085674 10.725916305605125
227.0 -4696.550195130981 1599.4992571154098 4226.159253880861 161.19275033874024 40.61008071164204 148.27266602735105 7216.011251522896 -1854.4272294074224 -9.17455306809893 7450.490111643442 1.9123360597262403e-09 651.9690462693908 75.79083073039754 0.23152267197548726 -0.41036663183588057 0.8154656993509111 -0.33617283206579196 104.38416241634368 7.60027247536422 0.07679744196228795 0.001386826489402772 -3.2631838738755876 0.006241245972805229 7.6707822999153645 0.0385310596888462 7.670878493002688
228.0 -4700.005313449905 1593.0530454859527 4224.738552249832 161.276061079853 40.593728674430615 148.25744682988315 7214.087060005654 -1861.9432429782867 -9.216407079239389 7450.501304715876 1.9138696016352736e-09 651.8814815486112 75.73145977523328 0.2554320240142777 -0.4200248656185535 0.8083236492603005 -0.3239544279935005 104.44045840798421 4.294950622941667 0.0784644162780492 0.001550257256289316 -3.4604546159733665 0.007433595320308017 4.365779291658513 0.03762077984985903 4.365941067669157
229.0 -4703.454637458711 1586.6050631074334 4223.311760653951 161.3593294303531 40.577310447318766 148.2421619542169 7212.156617282362 -1869.4512858745206 -9.25827166772035 7450.512525864375 1.915411121689047e-09 651.7935264697801 75.671869185454 0.2801185674328924 -0.42969774006449185 0.8001386284500768 -0.3109205937612412 104.49756799902333 0.8472548921898498 0.08019780320306275 0.0017184579906112127 -3.5471228442999627 0.008561709793594576 0.9184039953594714 0.035439845603824266 0.9190874679691922
230.0 -4706.898162413188 1580.1553184079664 4221.878881131372 161.44255526449606 40.56082609952963 148.22681142733222 7210.219965014467 -1876.9513403057745 -9.30014061908912 7450.523791679642 1.9169606148609777e-09 651.7051831009592 75.61206001351987 0.30475223780427085 -0.4390365976218839 0.7911255398313498 -0.29747826765739477 104.5555644227561 -2.6304022749756166 0.0818915631575181 0.0018852602659701007 -3.5201805523779712 0.009588243371584445 -2.55893100077225 0.032070294702194704 2.5591318228221405
231.0 -4710.33588361282 1573.703819752745 4220.439915716146 161.5257384580525 40.54427570030862 148.21139527880425 7208.277216874185 -1884.443407529573 -9.342016759978378 7450.535193176813 1.918518075415961e-09 651.6164535779767 75.55203333599543 0.328527511165857 -0.44774150849173894 0.7815993218791191 -0.28407695439583114 104.6145142221597 -6.024448584263032 0.0834273873107066 0.002044782509782769 -3.3803244742006053 0.010480444765654264 -5.95265328480449 0.0276454465941906 5.952717249124595
232.0 -4713.767796371917 1567.2505754848778 4218.994866442309 161.60887888775488 40.52765931902948 148.19591353285128 7206.328374721832 -1891.9274600678573 -9.38390571314335 7450.546705857648 1.920083497708424e-09 651.5273400591954 75.49179022270343 0.3506953719868243 -0.45557237698626446 0.7719602806893744 -0.2711897683027331 104.67447495390115 -9.223861357546452 0.08468549743571668 0.0021917880028223128 -3.131945306674625 0.011211122374682561 -9.151740161811382 0.02234024018786983 9.151767196777055
233.0 -4717.193896000704 1560.7955939657988 4217.543735354631 161.69197643078644 40.51097702529404 148.1803662114772 7204.373473890662 -1899.4034792968198 -9.425803763402428 7450.558339764938 1.92165687586123e-09 651.4378447441292 75.43133174912883 0.37059363370232823 -0.4623542349023676 0.7626655143765033 -0.2592879351377043 104.73548540487161 -12.12452129818329 0.08555795088675756 0.0023219749457971802 -2.785958174297819 0.011754544558409666 -12.052072522057816 0.01635908993104875 12.052083460464363
234.0 -4720.614177850651 1554.338883509686 4216.086524501231 161.77503096566377 40.49422888875346 148.1647533466972 7202.41260984498 -1906.871462736623 -9.467702192646016 7450.570167123996 1.92323820252254e-09 651.3479699443643 75.37065904406329 0.38770260810193125 -0.4679860793128805 0.7541736912658468 -0.24879260568346073 104.79753817353404 -14.638511804919737 0.0859671066744003 0.002432338954222011 -2.36082587512124 0.012092727093976591 -14.565734121632282 0.0099273542544148 14.565737431457663
235.0 -4724.028637285964 1547.880452417517 4214.623235933954 161.8580423717599 40.477414979201576 148.14907496858993 7200.445782228712 -1914.3313828354885 -9.509609766801987 7450.582161066476 1.9248274700679537e-09 651.257718015326 75.30977324321228 0.40162439406797823 -0.4724199470227771 0.746916819365815 -0.24006770855944026 104.86058602171661 -16.693000184103436 0.08587710965232881 0.002520944290414862 -1.8691484224515706 0.01222916737598484 -16.61989255963243 0.00326476600891772 16.619892871248744
236.0 -4727.437269658474 1541.4203090163344 4213.153871714277 161.9410105287842 40.460535366679316 148.13333110031067 7198.472989372009 -1921.7832116985994 -9.551531171709826 7450.594293291823 1.926424671102161e-09 651.1670913281113 75.24867546999465 0.4120552192946588 -0.47563887872765387 0.7412785422301357 -0.233418671326644 104.92453983305965 -18.2283353349462 0.08530206769676203 0.00258660236053778 -1.325007864949882 0.012168344653081468 -18.15489707854711 -0.0034259301790247423 18.154897390901844
237.0 -4730.840070312923 1534.958461656707 4211.678433915443 162.0239353168309 40.44359012146487 148.1175217625415 7196.4942343668645 -1929.2269227011327 -9.59346721127929 7450.606540353848 1.9280297980044706e-09 651.0760922956547 75.18736685300944 0.4187812381530815 -0.47764415038223246 0.7375644312525418 -0.22907869810988982 104.98925875919717 -19.199758753212514 0.08431156783114255 0.0026286784786247017 -0.744036456570817 0.011917219837057994 -19.125989530741276 -0.009959442145141531 19.12599202678335
238.0 -4734.237034591462 1528.4949187095526 4210.196924623732 162.10681661643076 40.426579314063005 148.10164697668048 7194.509524328437 -1936.6624903130567 -9.635416157966915 7450.618882903802 1.9296428426002367e-09 650.9847233916413 75.12584853854884 0.42167321890912635 -0.47844403267638386 0.735978166123328 -0.22719846619402684 105.05455055406809 -19.578734830156854 0.08302787142331157 0.002646898945971428 -0.14297008015001014 0.011485931937147252 -19.504634635415368 -0.0161664863110699 19.504641074412618
239.0 -4737.628157836657 1522.029688563707 4208.709345939117 162.1896543085895 40.409503015197075 148.0857067667546 7192.518868776799 -1944.0898896839321 -9.677375009938828 7450.631304021737 1.9312637959605944e-09 650.8929871620674 75.06412169811759 0.4206820454484684 -0.4780458123940837 0.7366056780994583 -0.22783962096485869 105.12018259780147 -19.353816596083664 0.08161331646974004 0.002641204019350106 0.46083207995662506 0.010887821137066543 -19.279385691976152 -0.02189058793839046 19.279397647077435
240.0 -4741.013435392657 1515.5627796249064 4207.215699975472 162.2724482748034 40.392361295805436 148.06970116007213 7190.522277513441 -1951.5090960797975 -9.719340649874539 7450.64378702149 1.9328926483296026e-09 650.8008862295418 75.00218753104367 0.415836678821314 -0.4764523537474483 0.7394084774398816 -0.23097210793819262 105.18590146940248 -18.531019937580176 0.08024953759911636 0.0026116813666721183 1.0498879014274194 0.01013913999234715 -18.456258783588225 -0.02698435293353086 18.45627782303232
241.0 -4744.392862604554 1509.0942003164714 4205.71598886055 162.3551983970503 40.37515422704326 148.0536301867976 7188.519758430649 -1958.9200842868302 -9.761311002064986 7450.656313182258 1.9345293891608955e-09 650.7084232913788 74.94004726291183 0.40724530351039895 -0.4736637464388419 0.7442266671807723 -0.23647533895787903 105.25145615576493 -17.133693394729487 0.07911299756238854 0.0025585952488549877 1.607098352815682 0.00925855295665946 -17.05860257791606 -0.03130672246143821 17.058630451761296
242.0 -4747.766434815865 1502.6239590815492 4204.210214735571 162.43790455775672 40.357881880288765 148.03749387827423 7186.51131570297 -1966.3228281045608 -9.803286296947817 7450.668859872526 1.9361740072822818e-09 650.6156011104847 74.87770213916474 0.3950993088484963 -0.46968378242940817 0.750791432491393 -0.2441432070891321 105.3166187470253 -15.20188517733358 0.07835253048305499 0.00248250459010267 2.1162445682133226 0.008266380978326719 -15.126465360418944 -0.034722416686833193 15.126504282357132
243.0 -4751.134147364385 1496.1520643863607 4202.698379754308 162.52056663974878 40.34054432715419 148.02129226404568 7184.496948767199 -1973.7173000454313 -9.84527046936853 7450.681399489205 1.9378264911938305e-09 650.5224224987712 74.81515341371377 0.3796787483126331 -0.46453023140257277 0.7587460694337171 -0.25369295282232307 105.38119741987416 -12.791223612195184 0.0780735008584751 0.0023844421882168805 2.562461517536425 0.007183335240698206 -12.71547550519896 -0.0371039734877641 12.715528748423477
244.0 -4754.495995576814 1489.6785247236046 4201.180486081325 162.6031845261972 40.32314163949678 148.00502536743204 7182.47665248492 -1981.1034713609347 -9.887272550061425 7450.693899623566 1.939486829514876e-09 650.4288902922817 74.75240233202959 0.36135718826876484 -0.4582472522320764 0.7676738717844074 -0.26477776509326023 105.44503873859439 -9.971341527038366 0.07833048184049436 0.0022661114132200926 2.9326669481212666 0.006027882198221203 -9.895265881589477 -0.038335419238694504 9.895339399499145
245.0 -4757.851974779731 1483.2033485916813 4199.656535887264 162.68575810088464 40.30567388936281 147.98869320559385 7180.4504976568805 -1988.48133430793 -9.929290127474246 7450.70640657612 1.9411550132711757e-09 650.33500707023 74.68945007938562 0.3406189248377496 -0.4509232833632988 0.7771237816292348 -0.2769938060490073 105.50802473023047 -6.826150758946032 0.07912642376266874 0.00213015121515596 3.2093778580509094 0.004841095202977591 -6.749748506691343 -0.038324222800063625 6.749856802101308
246.0 -4761.202080344952 1476.7265444332606 4198.126531343855 162.7682872490349 40.2881411488101 147.97229580542609 7178.418549910673 -1995.8508800673435 -9.971314865225622 7450.718961300808 1.9428310565693004e-09 650.2407725093456 74.62629733517169 0.3180992196831891 -0.44271811298276054 0.7866293524040164 -0.28987552640809083 105.57008281679848 -3.4576913859675007 0.08041478662476416 0.0019805170553344187 3.3779351282704244 0.003676061154610376 -3.3809637023181867 -0.037038482416110644 3.3811663391376188
247.0 -4764.546307648298 1470.2481206989753 4196.590474633158 162.85077185647182 40.270543490083455 147.95583319419484 7176.380805677477 -2003.2120808204772 -10.013351794016103 7450.7315329473095 1.9445149884783802e-09 650.1461844435585 74.5629444430142 0.2945346978488616 -0.4338577248652859 0.7957654505491222 -0.30294245996583313 105.63116814916809 0.02269137801668013 0.08211097990885424 0.0018221979019214193 3.4325691375389753 0.002568949685442812 0.09974317331215513 -0.03450222126393673 0.10554194754674961
248.0 -4767.884652068608 1463.7680858390167 4195.04836794178 162.9332118097083 40.25288098559449 147.9393053931566 7174.337351510201 -2010.5649340682098 -10.055406203544521 7450.744184212274 1.9462068393571124e-09 650.0512405857361 74.49939171198193 0.27072854218111 -0.42462902222625915 0.8041834461271463 -0.3157296864514474 105.69124914243561 3.4997513255615087 0.08410400638820005 0.0016609310413215831 3.3712712986787334 0.001555312543539888 3.5771257959783944 -0.0307927419200737 3.5772581568741777
249.0 -4771.217109031185 1457.286448229237 4193.500213447014 163.0156069969043 40.23515370771363 147.92271242384984 7172.288264445701 -2017.909435117179 -10.09747251176043 7450.756967959134 1.9479066400134968e-09 649.9559385880152 74.43563944534098 0.2475198098896366 -0.41537070424568234 0.8116297563367368 -0.32780826773498767 105.75030020221838 6.858152651241916 0.08626711298426641 0.001502875065050998 3.1958737497149903 0.0006690561892790449 6.935848222790907 -0.02603814825099728 6.935896859080476
250.0 -4774.5436739708575 1450.803216251995 4191.946013339376 163.09795730685298 40.217361728984116 147.9060543141109 7170.233541086312 -2025.2455568530527 -10.139545779588502 7450.7698534890205 1.949614421091675e-09 649.8602760757551 74.37168796354923 0.22574786497994243 -0.40645705934374077 0.817951456237808 -0.33880079044341965 105.80829952626792 9.986297561224715 0.088468353339257 0.001354221944565005 2.912004057870118 -5.872355413056052e-05 10.064312616643713 -0.020409612818957097 10.064333097864765
251.0 -4777.8643423273525 1444.3183982934004 4190.385769817779 163.18026262899528 40.19950512211853 147.8893310909362 7168.173255291222 -2032.5732940338398 -10.181635627068545 7450.782890354273 1.9513302138059213e-09 649.7642506059447 74.30753757670446 0.206200301490176 -0.39826996151351024 0.8230925380263583 -0.34839797253531124 105.86523905723256 12.782107031047776 0.09058319772313349 0.0012207129265500766 2.5348913474119494 -0.0005926862393880104 12.860440125381091 -0.014113034486376144 12.860447738708196
252.0 -4781.179109571096 1437.8320026789345 4188.819485069054 163.26252285421307 40.18158395982485 147.87254277196945 7166.1074700218605 -2039.8926387732963 -10.223742892339601 7450.796116828276 1.9530540508193034e-09 649.6678596177442 74.24318855185352 0.18954022556904598 -0.3911574403707015 0.8270820733801085 -0.3563784556158481 105.92114392387569 15.161576446207006 0.09251051691598876 0.0011070672701524254 2.081334541783918 -0.0009157278153843759 15.240226344723808 -0.0073779481655649164 15.240228088275648
253.0 -4784.48797117975 1431.344037746019 4187.247161294868 163.34473787395274 40.16359831499304 147.8556893819745 7164.036180430507 -2047.2035641123082 -10.26585868350628 7450.809500670781 1.9547859645579486e-09 649.5711005264831 74.17864117611236 0.17632636534326862 -0.3854295556356271 0.8299930061786193 -0.3625805844525239 105.97605700630626 17.054662073865064 0.09417967618613345 0.001017114489252154 1.5644830709234028 -0.00102360499182321 17.133627726536236 -0.0004306344607675672 17.133627731785715
254.0 -4787.7909226289685 1424.8545118610034 4185.668800715451 163.42690758000822 40.14554826074224 147.8387709521011 7161.959386362214 -2054.5060443850366 -10.307979181937867 7450.823014456275 1.9565259872875894e-09 649.4739707188389 74.11389575366162 0.16700627739590548 -0.38134426076844485 0.8319120391377083 -0.36688938009578637 106.03004774234279 18.405448580249978 0.09555806974728473 0.0009537999275189508 0.9993763962802407 -0.0009142493934298632 18.484729181275867 0.006511899361025042 18.484730288224995
255.0 -4791.087959391498 1418.3634334139188 4184.084405565865 163.5090318645762 40.12743387040913 147.8217875155299 7159.877092363498 -2061.8000552651865 -10.350104237048527 7450.836635593404 1.9582741515631776e-09 649.3764675272446 74.0489525889173 0.16190108983141815 -0.37909093838609326 0.8329151992256018 -0.3692294252140888 106.08322213827213 19.17382614097113 0.09665627904104068 0.000919163491302147 0.4025096446048418 -0.0005905019369351396 19.253421157306544 0.013243455518896307 19.253425539312587
256.0 -4794.3790769370335 1411.8708108140518 4182.493978093284 163.59111062030493 40.10925521753727 147.80473910449376 7157.789306585076 -2069.0855734847914 -10.392235962366385 7450.850345191135 1.9600304905388414e-09 649.2785882122041 73.9838119750359 0.1611951478994801 -0.3787782385555804 0.8330483993370436 -0.3695585672831655 106.13572538463174 19.336709778487826 0.09752708844200397 0.0009143525857756954 -0.208645387237803 -6.123608189988772e-05 19.416618952936922 0.019568893221733778 19.4166284336997
257.0 -4797.66427073233 1405.376652487197 4180.897520555427 163.67314374032523 40.09101237586997 147.7876257486602 7155.696038890829 -2076.3625763108607 -10.43437744850462 7450.86412609537 1.9617950381389733e-09 649.1803299524234 73.91847418766893 0.16493013436008036 -0.3804269612215123 0.8323157240114145 -0.36786398779859775 106.18773651670718 18.888763106859564 0.0982570605933189 0.0009396378591652533 -0.8161500350245289 0.0006583538140171212 18.96898644621736 0.025303449888563097 18.969002701667463
258.0 -4800.943536241268 1398.8809668751057 4179.295035220286 163.75513111825768 40.072705419348466 147.77044747477166 7153.5972985948665 -2083.631040897549 -10.476531558031297 7450.87796053385 1.9635678291003742e-09 649.0816898421511 73.8529394835419 0.17300332716771874 -0.3839683954486803 0.8306770992417245 -0.3641616081917743 106.23945648350514 17.84260301023428 0.09895165505679825 0.0009944106430390654 -1.402124572885734 0.0015470797086531063 17.923140769858403 0.030272335510510593 17.92316549557343
259.0 -4804.216868924755 1392.3837624372304 4177.686524367095 163.83707264819353 40.054334422115595 147.75320430747558 7151.493092296981 -2090.890943648669 -10.518699688187326 7450.891827858366 1.965348898891722e-09 648.9826648953446 73.78720810357245 0.1851699699556642 -0.3892482418216795 0.8280557478310783 -0.35849904734777693 106.29109312319544 16.228476902747502 0.09971704602933167 0.0010771580737575334 -1.9492746568011738 0.0025786611376839275 16.309329576447674 0.034311843756175166 16.30936468919474
260.0 -4807.484264240727 1385.8850476544958 4176.071990288599 163.9189682246538 40.035899458524945 147.73589627147584 7149.383422278655 -2098.1422597265982 -10.560880409568881 7450.905702865828 1.967138283495961e-09 648.8832520574216 73.72128028100498 0.20105009252283113 -0.39603596152597403 0.8243545185444057 -0.3509615438052716 106.34284756029784 14.093419679401794 0.10064273007606353 0.001185430572742745 -2.4414029240502098 0.0037232884698177207 14.17458799842576 0.037272677173999305 14.174635999521405
261.0 -4810.745717644665 1379.384831034419 4174.451435294497 164.00081774253522 40.017400603152716 147.71852339507475 7147.268285854682 -2105.38496282653 -10.603068005548494 7450.91955511072 1.968936019047561e-09 648.7834482250096 73.65515625479755 0.22014033764161384 -0.40403906810810714 0.8194789501595887 -0.3416795478671603 106.39490604988966 11.49991282110272 0.10178827920645893 0.001315830998043823 -2.8638906003196967 0.004950231813791064 11.581397760050823 0.03902511078087313 11.581462612183001
262.0 -4814.0012245919115 1372.8831211143695 4172.82486171503 164.082621097082 39.99883793080438 147.7010857147102 7145.147691270453 -2112.6190298365304 -10.645254210425719 7450.933365473894 1.9707421413646054e-09 648.6832502714398 73.58883628672969 0.24182990774932436 -0.41292092736349206 0.8133643406366107 -0.3308368976459525 106.44743976614528 8.524275507769676 0.10317564240535143 0.0014640511711763076 -3.2028589190849925 0.006227416677751841 8.606078314622847 0.03946461238131726 8.606168118426629
263.0 -4817.250780559352 1366.3799264031015 4171.1922718810665 164.1643781845974 39.98021151635266 147.68358326575043 7143.021743683899 -2119.844466530945 -10.687450797777274 7450.947215933515 1.9725566869035027e-09 648.5826549932992 73.52232062622707 0.26538480940894 -0.42230686084913943 0.8060150717456185 -0.3186965991874275 106.50059862020721 5.25994168417472 0.10478444683321038 0.0016247403280404316 -3.4385029855811844 0.007486784727651008 5.342064050841788 0.03853893534121126 5.342202660564948
264.0 -4820.494381045238 1359.8752553678771 4169.553668116206 164.24608890258386 39.96152143470253 147.66601607480015 7140.890462717371 -2127.0612537331335 -10.72965853404662 7450.961099296716 1.974379693562161e-09 648.481659065596 73.45560948108252 0.2899696793647529 -0.43180662516827234 0.7975359891504017 -0.30560917774140844 106.55450548647583 1.816046031267414 0.1065531122573631 0.001791702784799423 -3.560934815832951 0.008677545654091233 1.8984899714081782 0.036270948137072115 1.8988362940792698
265.0 -4823.732021547431 1353.3691164995355 4167.909052760608 164.32775314895815 39.942767760967946 147.64838417268916 7138.753862284865 -2134.269370625029 -10.771870945229466 7450.975002365724 1.9762111993384442e-09 648.3802591157995 73.3887030667618 0.3147255074886668 -0.44105586461153773 0.7881375495747548 -0.2919876404543024 106.60927039887595 -1.6917098041678866 0.1083871061592186 0.001958549509610958 -3.5658240052096892 0.00975870730419128 -1.6089420752510155 0.03274485931067201 1.609275161515594
266.0 -4826.963697596384 1346.8615182475944 4166.258428155128 164.40937082286774 39.92395057028359 147.63068759513808 7136.612068771198 -2141.46883018242 -10.814087627453773 7450.989029334615 1.978051242262722e-09 648.2784517271111 73.32160160877805 0.33881049496103394 -0.44973726769705596 0.7781366445295334 -0.27829337216140165 106.66499576737829 -5.1452596697716855 0.11016780328053866 0.0021191365616371693 -3.452787808790501 0.010694272410716398 -5.062165796125351 0.02810141521579805 5.0622435916460695
267.0 -4830.1894047522765 1340.3524690099541 4164.601796633159 164.4909418247934 39.905069937777974 147.61292637357604 7134.465103323368 -2148.659614380563 -10.85631509697373 7451.003174646111 1.979899861355427e-09 648.1762333850656 73.25430530775517 0.36143538082919263 -0.45759411592652766 0.7679440144455119 -0.2650171338453191 106.72177667816719 -8.428145509617515 0.11176330784799733 0.00226795868803225 -3.225418711903776 0.011454389923857453 -8.344723076732862 0.022528099007702217 8.34475327071282
268.0 -4833.409138568395 1333.8419772060763 4162.939160538907 164.57246605563 39.88612593878262 147.5951005350626 7132.312979281637 -2155.8417029527154 -10.898553765097404 7451.0174245597855 1.981757096641343e-09 648.0736004764397 73.18681433910444 0.38189364246491864 -0.4644363483184322 0.7580380120812059 -0.2526548959460122 106.77969473441304 -11.429649156475522 0.11304204071449432 0.002400453140292287 -2.892460334777502 0.01201406396821185 -11.345895885119962 0.016245155171667962 11.345907362678211
269.0 -4836.622894628041 1327.3300512236608 4161.270522221063 164.65394341738627 39.867118648668004 147.57721011456383 7130.155802806751 -2163.0151039287316 -10.940791195130487 7451.031862301663 1.9836229878749193e-09 647.9705493593221 73.11912889942394 0.39961483066674985 -0.47014882688602594 0.7489110608982216 -0.24166152062994792 106.83879026346489 -14.053626861998211 0.11389282688447902 0.0025133556169347968 -2.4733703896760915 0.012350905997394185 -13.969540864154169 0.009495228384708586 13.9695440269535
270.0 -4839.830668542017 1320.8166994147575 4159.595884028754 164.7353738132181 39.84804814283285 147.55925514995306 7127.993588101511 -2170.179797786807 -10.983034774057387 7451.046475079262 1.9854975750621335e-09 647.8670763338037 73.05124918740604 0.414170010544809 -0.4746787914629757 0.7410269651983695 -0.23242694368221628 106.89905645774515 -16.221381434979286 0.11424253579192863 0.0026046375029095286 -1.9822567744509962 0.012467876666970242 -16.136961165620065 0.0025195517432365345 16.136961357087188
271.0 -4843.032455909308 1314.3019301566558 4157.915248320719 164.81675714663817 39.82891449688755 147.5412356712292 7125.826332051731 -2177.3357597832437 -11.025290516280393 7451.061231960429 1.9873808995902438e-09 647.7631775792427 72.98317536299233 0.4252309296200762 -0.4780083449318081 0.7348027021850645 -0.22528130755019793 106.96044468096459 -17.86796800547942 0.11406708208800644 0.0026730867736938333 -1.4336075749339627 0.01237117404738924 -17.783212309016633 -0.004459827452236069 17.783212850179567
272.0 -4846.228252320783 1307.7857518520814 4156.228617468004 164.8980933215259 39.80971778665179 147.5231517048599 7123.654036497214 -2184.4829666844626 -11.06756001112285 7451.076107135278 1.9892730037814332e-09 647.6588491786124 72.9149075637828 0.4325638238621513 -0.4801400035573013 0.7305766726159231 -0.22048093046609465 107.0228498261512 -18.943845339518365 0.11340204271883829 0.0027180832384727702 -0.8436665679368964 0.012069556084889431 -18.858753486515663 -0.011241100822600351 18.85875671487735
273.0 -4849.418053364184 1301.2681729256465 4154.535993855301 164.9793822421821 39.79045808814153 147.5050032774778 7121.476707660878 -2191.6213966134287 -11.10984188406087 7451.091079327705 1.991173930511474e-09 647.5540871391742 72.84644591893228 0.43602347170321354 -0.481084163807336 0.7285819980767582 -0.218196772515434 107.08610482510171 -19.416396661149697 0.11234541589857767 0.002739379015838701 -0.22995550221807676 0.011575314000120959 -19.330968342511937 -0.017641359671886805 19.330976084445368
274.0 -4852.6018546275245 1294.7492018210105 4152.837379881618 165.0606238133706 39.77113547755891 147.48679041813105 7119.294354564128 -2198.7510285831345 -11.152133183614069 7451.106130145954 1.9930837229775718e-09 647.4488874048709 72.77779055753817 0.43554787490351343 -0.48084983751957 0.7289281196005012 -0.21850693096584836 107.14998716463874 -19.270951347606985 0.1110493661863263 0.002736924237071416 0.3892440070629461 0.010904339751333782 -19.185186634401475 -0.02349329050053147 19.185200477134632
275.0 -4855.77965170063 1288.228846999512 4151.132777960534 165.1418179403378 39.75175003128729 147.46851315920802 7117.1069868219065 -2205.871841827904 -11.19443065909445 7451.121241780743 1.9950024246038593e-09 647.3432458611056 72.70894161199922 0.43115552926246137 -0.47944017432430275 0.7315921505384586 -0.22139321150568822 107.21423657377487 -18.511274628943227 0.109701186962255 0.0027107789333920464 0.9954337410862166 0.010075792931179856 -18.425173911449132 -0.028641186434583184 18.42519539951927
276.0 -4858.951440174711 1281.7071169406706 4149.422190520221 165.22296452880587 39.73230182589234 147.4501715361357 7114.914612293928 -2212.983815074737 -11.236732020685167 7451.1363945483445 1.996930079075142e-09 647.2371583324534 72.63989921674559 0.42294625941340314 -0.47685350104343344 0.7364206480805887 -0.2267417678139521 107.27857952781473 -17.159508114741648 0.10849738406383068 0.0026611313104451524 1.5704512201254754 0.009111513123411224 -17.07307203654709 -0.03293795974742833 17.073102863038176
277.0 -4862.117215639938 1275.1840201444693 4147.705620003138 165.30406348494066 39.71279093812986 147.43176558571238 7112.717235089793 -2220.0869259091482 -11.27903730273988 7451.151564799807 1.9988667305145575e-09 647.1306205724678 72.57066350183871 0.4111053923369347 -0.4730897182823369 0.7431416890704243 -0.23434782869186288 107.34275386138651 -15.255560279131366 0.1076170918626092 0.00258841823694049 2.097014670617891 0.00803515176681646 -15.168789680393866 -0.03624452918987548 15.168831965510423
278.0 -4865.276973681306 1268.659565134849 4145.983068865264 165.38511471530126 39.69321744495752 147.41329534309918 7110.51485438574 -2227.1811503838176 -11.321350370921891 7451.166723677539 2.000812423803749e-09 647.0236282456787 72.50123458155942 0.39590988469308025 -0.468161024170705 0.7513863439964196 -0.24392453895711882 107.40652688676994 -12.855962482186332 0.1072007544929597 0.0024935200635540396 2.559244267220761 0.006870772035938494 -12.768858360718294 -0.03843207152289101 12.7689152368652
279.0 -4868.430709872985 1262.1337604635191 4144.25453957448 165.46611812678236 39.67358142354923 147.39476083715866 7108.307464425412 -2234.2664629989786 -11.363680447548631 7451.181837112909 2.0027672050797435e-09 646.91617689992 72.4316125368356 0.37773414386745396 -0.4621052053243097 0.7607178235236668 -0.25511583397020765 107.46970246209052 -10.032222202688384 0.10733745178566041 0.002377983128815875 2.9431419935690366 0.005640022928942475 -9.944785694902041 -0.039386126896870134 9.94486290378964
280.0 -4871.578419788151 1255.6066146894952 4142.520034605079 165.54707362686875 39.653882951233065 147.3761620901753 7106.095134995985 -2241.3428620597524 -11.406025578444087 7451.196950177824 2.004731121772453e-09 646.8082619639467 72.36179741418486 0.3570679602792465 -0.4550044176517431 0.7706588221344669 -0.26750407758711464 107.53212028230732 -6.870958999528775 0.10805997693697396 0.0022443122958887836 3.2303849390221573 0.004387570882646555 -6.783191504228687 -0.03901909547410183 6.783303203686498
281.0 -4874.720099044838 1249.0781363129197 4140.779556429931 165.62798112449497 39.63412210528002 147.35749913435848 7103.877935457787 -2248.410346091595 -11.448376803098427 7451.2121075451305 2.0067042208672107e-09 646.6998788425286 72.29178928759177 0.33455968134496056 -0.44701380415495134 0.7807109161041162 -0.2806046043619901 107.59366552539815 -3.4779651387442643 0.10934396140804126 0.0020963936562093132 3.405238487231135 0.0031717347974110012 -3.389868364001239 -0.0373098958625753 3.390073440056671
282.0 -4877.855743265901 1242.548333841054 4139.033107532296 165.70884052920158 39.61429896310683 147.33877200244717 7101.655861693196 -2255.468890609203 -11.490739365499621 7451.227276866436 2.0086865498975696e-09 646.5910228614509 72.22158822308182 0.3109665040908487 -0.4383577272900194 0.7904154537657652 -0.2939145227900535 107.65425366588545 0.03093875411570924 0.11111690145918993 0.001939237608378092 3.4614989850650644 0.002031623862968358 0.1193629202825508 -0.03429882942546212 0.1241930543007821
283.0 -4880.985348077217 1236.0172157802645 4137.280690399701 165.78965175121832 39.594413602254264 147.31998072090886 7099.429003249723 -2262.5185010429127 -11.533118775925686 7451.242524074326 2.0106781576702686e-09 646.4816892273244 72.15119425315405 0.28711782336445146 -0.42932478754741077 0.7993922842123369 -0.3069455297697176 107.71381516674288 3.5357363320094177 0.11326922979106896 0.0017786944421172104 3.3970053313804027 0.0010051131348816362 3.6244858695773234 -0.03008361413358137 3.6246105494332936
284.0 -4884.108909150331 1229.4847905587342 4135.5223075070235 165.87041470243472 39.574466100145045 147.30112531649695 7097.197438056897 -2269.5591796048034 -11.575509169444103 7451.257902992108 2.0126790935771674e-09 646.371873065002 72.08060740130895 0.26388273449556643 -0.42025850444862806 0.8073603388966132 -0.3192459475866385 107.77228648449383 6.916314797827864 0.11566526861317575 0.0016211157120030084 3.213729050472252 0.00012771098680138107 7.005387549042788 -0.024815652012546728 7.005431282736479
285.0 -4887.226422166563 1222.9510666114347 4133.757961342707 165.9511292953605 39.55445653433674 147.28220582252996 7094.961162260159 -2276.5909025598826 -11.617905466448747 7451.273381599005 2.0146894069315676e-09 646.2615694535856 72.0098277054356 0.2421319484788524 -0.41154024260673266 0.8141443007674211 -0.3304176232723566 107.82960654626258 10.056583961039047 0.11815476311067667 0.0014729408775904084 2.9177379837382884 -0.0005686760040704395 10.14597774142314 -0.018690618916661524 10.14599477673605
286.0 -4890.337882812927 1216.4160523750459 4131.987654402879 166.03179544316924 39.534384982510055 147.2632222711062 7092.720254898179 -2283.6136728197034 -11.66031816516329 7451.289014925652 2.016709147796654e-09 646.1507733805466 71.93885518854138 0.22268107525215408 -0.4035592066646077 0.8196716629547526 -0.3401344886802389 107.88572812313446 12.850788753381499 0.12058766771222623 0.0013401680808453765 2.5254730579078877 -0.0010492236754847657 12.940501590880618 -0.011938369612231181 12.94050700384523
287.0 -4893.443286805909 1209.879756223505 4130.211389169116 166.11241306047424 39.514251522274115 147.24417468483676 7090.474775968882 -2290.6274876322286 -11.702747302949547 7451.304838083175 2.018738367871694e-09 646.0394796927401 71.86768982779861 0.20621546224260862 -0.39666976420850186 0.8239604873500789 -0.34816288800022804 107.94064005884763 15.212260206341083 0.12283372359770028 0.0012277506392099036 2.0544283260904117 -0.001299437555277762 15.302290382922394 -0.004809082379359965 15.302291120549128
288.0 -4896.542629869076 1203.3421865446883 4128.4291681389395 166.1929820624192 39.49405623138887 147.22506309398054 7088.224719914953 -2297.6323232827767 -11.745183871985546 7451.320817301549 2.02077711867375e-09 645.9276831957554 71.79633161852459 0.19331055966170113 -0.3911864092644615 0.8270750934453618 -0.3543317803025906 107.99435100445594 17.069084828680307 0.12479281376777637 0.0011397175333841844 1.5187075140854498 -0.0013169144943680838 17.159430862312053 0.002453697219102589 17.159431032467516
289.0 -4899.635907724558 1196.8033517562274 4126.640993829428 166.27350236448007 39.47379918781454 147.20588753517578 7085.970086105461 -2304.6281576005326 -11.787624172181495 7451.336923939911 2.0228254516719834e-09 645.8153786461138 71.72478056926484 0.18442269464473282 -0.3873679678342749 0.8290945726000882 -0.3585198974687413 108.04690177258075 18.364491651996374 0.12640662685711831 0.0010791534969866719 0.9344168328428754 -0.0011021409483569365 18.455152362414413 0.009618596515132093 18.455154781670192
290.0 -4902.723116091928 1190.2632603001084 4124.846868773219 166.35397388252164 39.453480469697716 147.18664804690354 7083.710878730137 -2311.6149699699445 -11.830068283481296 7451.3531343873665 2.024883418772676e-09 645.7025607242598 71.65303668471363 0.179872549882077 -0.3854002305194303 0.8300874146660516 -0.3606485992313296 108.0983793333763 19.05861922210942 0.12766795296674213 0.0010481618427650241 0.31918465823760656 -0.000661206658144211 19.14959376950375 0.016467693724348 19.149600584564347
291.0 -4905.8042506878655 1183.7219206382279 4123.046795515625 166.43439653284577 39.433100155359426 147.1673446664356 7081.447105517472 -2318.5927409480732 -11.872518549793767 7451.369428723528 2.0269510726489983e-09 645.589224016091 71.58109995423115 0.17983407500512988 -0.38538337790065624 0.8300917990175095 -0.3606757029643166 108.14892251240572 19.12977672466019 0.12862276897272024 0.0010478650615402747 -0.30836739398096247 -6.846208883849329e-06 19.22106462614903 0.022796395351167613 19.2210776335642
292.0 -4908.879307226187 1177.1793412498055 4121.240776613097 166.51477023221997 39.412658323287424 147.14797742830845 7079.1787756384265 -2325.561451601187 -11.91497818465973 7451.385788518008 2.0290284669096888e-09 645.4753630033276 71.50897034608484 0.18432843566298202 -0.3873250152505087 0.8291044572175376 -0.3585919120521873 108.19871786561846 18.575158405566466 0.1293628887246366 0.0010784112931366487 -0.9291862378695336 0.0008414107781343156 18.666759538108344 0.028412555696802826 18.666780390856992
293.0 -4911.9482814178555 1170.6355306311732 4119.4288146331155 166.59509489788005 39.392155052135266 147.1285463641016 7076.905897273995 -2332.521082712893 -11.957449946993393 7451.402194270607 2.0311156561289515e-09 645.3609720614868 71.43664780656512 0.19322271346072412 -0.3911392564907395 0.8270797797826432 -0.3544207992054658 108.24798673427625 17.410986796667196 0.13000980294698752 0.0011389666418851524 -1.5243650694697402 0.0018577640588943508 17.502901395178814 0.033136260467154614 17.50293177988239
294.0 -4915.0111689709665 1164.0904972980175 4117.610912155527 166.67537044750517 39.37159042072816 147.1090515035747 7074.628475371527 -2339.471614035005 -11.999934761428904 7451.418623044036 2.033212695730399e-09 645.2460454658516 71.36413226415524 0.20623340237529986 -0.39665195858297075 0.8239393996107344 -0.3482224479640904 108.2969674236466 15.672077462947048 0.13069326449775495 0.0012276922100626887 -2.0757196352848535 0.003011313217001281 15.764306119871188 0.03680158936971922 15.76434798679102
295.0 -4918.0679655909935 1157.5442497896524 4115.787071775322 166.75559679917154 39.35096450807472 147.08949287724425 7072.34651009568 -2346.4130237499176 -12.042430201109482 7451.435046822252 2.0353196417148186e-09 645.1305774059902 71.2914236390349 0.2229351012995933 -0.4036118629644575 0.8195910035373019 -0.3400999729544515 108.3458980805605 13.410835539609964 0.13152965725297683 0.0013417244708673324 -2.5663454687528704 0.004268010787708882 13.503379207753017 0.03926090187963669 13.503435222251348
296.0 -4921.1186669818435 1150.996796674533 4113.957296106667 166.83577387129426 39.33027739338147 147.06987052056567 7070.059996391214 -2353.3452882858674 -12.084928897014834 7451.451432034907 2.0374365502122166e-09 645.0145620099049 71.21852185851137 0.24277496470950924 -0.41170700083498374 0.8139537714251661 -0.33020738931239557 108.39500557411361 10.695711697669553 0.13260453476198494 0.0014771917102168338 -2.9811389921911187 0.005593971730895004 10.7885716936541 0.040390813262406546 10.788646406306658
297.0 -4924.163268850882 1144.4481465460753 4112.12158778394 166.9159015826862 39.30952915603805 147.0501844774636 7067.768966392483 -2360.2683964522334 -12.12742609771658 7451.467784272815 2.0395634771002982e-09 644.8979933645471 71.14542686997636 0.265087293334473 -0.42058290495157347 0.8069887473803382 -0.3187599544745409 108.4445028420618 7.61001187838071 0.1339612190359772 0.0016292616671408134 -3.303771327581391 0.006945804073121732 7.703189946228251 0.040100483222451 7.7032936913922425
298.0 -4927.201766932896 1137.898307944143 4110.279949430975 166.99597985348547 39.28871987537585 147.03043478511321 7065.473521063738 -2367.18236037299 -12.16993515400145 7451.484181787915 2.0417004796495825e-09 644.7808654252682 71.07213858426418 0.2890701359026811 -0.4298472222027761 0.7987448919031882 -0.3060660382210467 108.4945780773112 4.2566117395601335 0.13559305790177617 0.0017919908272407837 -3.5145755456732104 0.008247483033065581 4.350110168337741 0.038369788974879186 4.350279058569055
299.0 -4930.234156974511 1131.3472893911162 4108.432383671954 167.07600860471535 39.26784963077854 147.01062147566233 7063.173661706603 -2374.0871591453406 -12.212452897469575 7451.50059777562 2.0438476163460966e-09 644.6631720251373 70.99865688201885 0.31384243244270155 -0.439106491379229 0.7893805763280828 -0.292517901235147 108.54539527074894 0.7518662446977579 0.1374442428001523 0.0019588042206907744 -3.6055347367961263 0.009450121188072315 0.8456876734038 0.03525611026010167 0.8464222019718483
300.0 -4933.260434726417 1124.7950994284013 4106.5788931480465 167.1559877578606 39.24691850179067 146.99074458729638 7060.869434913636 -2380.9827871104676 -12.25497260038128 7451.51705317564 2.0460049453685534e-09 644.5449070970692 70.92498166700847 0.3385137643805133 -0.4480028408579157 0.779167068235886 -0.2785687808869934 108.5971057983182 -2.7823148092653858 0.1394168910623237 0.0021231242097786 -3.573227016848005 0.010511253575201884 -2.688167518577659 0.030881661161735303 2.688344766779693
301.0 -4936.2805959824345 1118.2417465257229 4104.719480489869 167.23591723596599 39.2259265678288 146.97080416069227 7058.560958148125 -2387.8692628197896 -12.297497692263278 7451.53364379857 2.0481725162860898e-09 644.4260687980599 70.85111317877839 0.36222544777909244 -0.456233582844328 0.768484773378803 -0.2647164444291163 108.64985357330198 -6.222738819549325 0.14138037803762726 0.002278824630660183 -3.418519292449901 0.011394687648827312 -6.128262643779037 0.02542643360013191 6.128315189954553
302.0 -4939.294636548926 1111.6872391311892 4102.854148326421 167.3157969630039 39.204873908343274 146.95080023055198 7056.248231244322 -2394.746565531505 -12.340034182824411 7451.550341405954 2.050350369907257e-09 644.3066599713217 70.77705200154547 0.38418643578754746 -0.46356283763184997 0.757804478138733 -0.2514809158493948 108.70377511998893 -9.449225608175066 0.14318378195836395 0.002420618316074949 -3.146555125349903 0.01207163365786197 -9.354417503359533 0.01911492395003306 9.354436859331408
303.0 -4942.302552230295 1105.1315857102466 4100.982899298429 167.39562686340713 39.18376060293884 146.9307328297759 7053.931298355641 -2401.6146896290384 -12.382576814125969 7451.567164534709 2.0525385470485046e-09 644.186683772777 70.70279873386315 0.4037076608363564 -0.46982643804453966 0.7476518147941605 -0.23937419771440735 108.75898864452539 -12.349827767218493 0.1446729654840791 0.0025443515142264277 -2.7704108682596895 0.012516636011256143 -12.254684923943692 0.012200294753616817 12.25469090412401
304.0 -4945.304338873598 1098.5747946719316 4099.105736044786 167.47540686299263 39.162586731128116 146.91060200216808 7051.610253314559 -2408.473646719886 -12.425117799753252 7451.584184262266 2.054737087646038e-09 644.0661435103248 70.62835401695119 0.42026007660705955 -0.47493845515479033 0.7385419608435618 -0.22884646359241917 108.81555875164139 -14.831119158914678 0.1457163180641491 0.0026473266402387958 -2.3103045434537615 0.012717546643147835 -14.735639200969468 0.004950585175834474 14.73564001415217
305.0 -4948.299992334143 1092.016874417068 4097.222661207801 167.5551368883415 39.14135237249323 146.8904077881328 7049.2850920325445 -2415.32341523032 -12.467666600946359 7451.601368271294 2.0569460323136497e-09 643.9450425591376 70.55371848173681 0.4334445464012843 -0.4788655087840161 0.7309510756389275 -0.22028203447922198 108.87350517553472 -16.816204407393123 0.14622280327419185 0.00272795990917911 -1.7805257045303284 0.012682037411123736 -16.720385348079507 -0.0023800704833922023 16.72038551263934
306.0 -4951.289508455407 1085.4578333754991 4095.333677441783 167.6348168663386 39.12005760680765 146.8701502211136 7046.955811871673 -2422.1639740821483 -12.51022766978599 7451.618685735987 2.059165422737464e-09 643.8233843407437 70.47889273574823 0.44296427378721104 -0.4816035340647911 0.7252905728559524 -0.21399596503382173 108.93279512295959 -18.2433448510847 0.14615794837123103 0.0027854110184770482 -1.1972696986881937 0.01241948563743288 -18.14718516876083 -0.009560814852511819 18.14718760252431
307.0 -4954.272883074912 1078.897680002473 4093.438787414915 167.71444672422703 39.09870251402131 146.84982933243876 7044.622415271096 -2428.995303940054 -12.55280132250391 7451.636111158666 2.061395301151273e-09 643.701172352533 70.40387738107937 0.4486187381290285 -0.483163078635275 0.7218742663118742 -0.21021943506701382 108.99332608228399 -19.06789238553691 0.1455572518670575 0.002819332419233604 -0.5784355820668916 0.011942866841101718 -18.971391065638098 -0.01638376730777129 18.971397879728432
308.0 -4957.250112028861 1072.3364227749264 4091.5379938102174 167.79402638966036 39.077287174246266 146.82944515468438 7042.284908652115 -2435.8173868561507 -12.595385317675664 7451.653623221583 2.0636357099699277e-09 643.5784101885914 70.32867302682406 0.45029696793483265 -0.4835569634749161 0.7208931777141423 -0.20908928731243306 109.0549205981744 -19.263724244475295 0.14452919275188278 0.0028296387108148447 0.056919669070495546 0.011269271649997128 -19.166880783006338 -0.022661439244332667 19.166893676077603
309.0 -4960.221191154846 1065.7740701889998 4089.631299325975 167.87355579073628 39.0558116677478 146.80899772345415 7039.943300378027 -2442.6302055820397 -12.63797632509636 7451.671202636682 2.0658866915936186e-09 643.4551015511491 70.25328029563028 0.44797266022733345 -0.4827923567057475 0.722400173944532 -0.21064193476197057 109.11733524301171 -18.824111188806878 0.14324466443079759 0.0028163505992634913 0.6891656972923463 0.010419701168933941 -18.72692556403686 -0.028222592864441395 18.72694606784873
310.0 -4963.186116292576 1059.210630759458 4087.7187066758597 167.9530348560042 39.03427607494162 146.7884870778008 7037.597598255958 -2449.4337427081327 -12.680571313379914 7451.688829505968 2.0681482883601403e-09 643.3312502539021 70.17769982522637 0.4417029111580493 -0.4808685877635504 0.7263056525065229 -0.21481163542477663 109.1802822602522 -17.76198916988374 0.14191383873161748 0.002779549635769636 1.2987042263156763 0.009418495619393657 -17.664461793331593 -0.03290832676555096 17.664491469460405
311.0 -4966.144883282402 1052.6461130211949 4085.8002185888577 168.0324635144447 39.0126804763992 146.76791325919004 7035.247807131857 -2456.2279798185473 -12.723168983311098 7451.70648077513 2.0704205426577238e-09 643.2068602165236 70.10193226457551 0.43163105688726294 -0.477781075597882 0.7323846264544848 -0.2214331354247606 109.24345804607881 -16.109622795566743 0.1407557909974075 0.0027194541845514133 1.8665768397861242 0.008292470088072195 -16.011754455480563 -0.03657018843266948 16.011795124960734
312.0 -4969.097487961863 1046.0805255325167 4083.8758378088605 168.1118416954247 38.99102495285983 146.7472763090306 7032.893927123058 -2463.01289685405 -12.765771349127817 7451.724128357941 2.0727034971977255e-09 643.0819354504364 70.02597826476745 0.417992741477187 -0.4735307360521393 0.740294693831827 -0.2302487271859416 109.30657029457127 -13.917667692575375 0.13996840465996288 0.002636599386112255 2.375056254292121 0.007069628848243961 -13.819459501817866 -0.039071388377649445 13.819513659224405
313.0 -4972.043926160441 1039.5138768793252 4081.945567093581 168.19116932863915 38.96930958524678 146.7265762645006 7030.5359529510215 -2469.7884718545283 -12.808385428125803 7451.74173842463 2.0749971954788846e-09 642.9564800341383 69.9498384636786 0.4011231256368399 -0.46813731002858255 0.7496034797932813 -0.24091973792186197 109.36935630036477 -11.253657552654767 0.13970503788504926 0.0025320791247225877 2.808202625078036 0.005776907602850195 -11.15511090857195 -0.040290821145108416 11.155182749263814
314.0 -4974.984193696427 1032.9461756738237 4080.009409211576 168.27044634411826 38.947534454665075 146.70581315392792 7028.17390355285 -2476.5546913748367 -12.851018736759443 7451.75930278445 2.0773016823057266e-09 642.8304980856509 69.87351346905001 0.3814656628741897 -0.4616554283170261 0.7598215808722182 -0.25304027109181954 109.43158817940915 -8.200452783918813 0.1400608652250084 0.002407811965370453 3.1499234481813105 0.004446139314223675 -8.101569388053944 -0.040129444929957736 8.101668110644844
315.0 -4977.918286419071 1026.377430484627 4078.0673669292128 168.34967267309563 38.92569964216214 146.68498700955067 7025.8078866397545 -2483.3115734586954 -12.89365817917701 7451.77690737347 2.0796170023783632e-09 642.7039938404297 69.79700390545857 0.3596192497833242 -0.45420458420681403 0.7704201919586129 -0.2661295148856065 109.4930797963742 -4.860572414623778 0.14106565968890833 0.0022670297312449863 3.3790884872847013 0.003147312281637479 -4.761354420975339 -0.03854593911194979 4.761510085023991
316.0 -4980.84620020391 1019.807649852493 4076.1194430169576 168.42884824782118 38.90380522877562 146.66409787065933 7023.437909498994 -2490.059101057417 -12.936305479513749 7451.794531745083 2.081943199940183e-09 642.5769716712755 69.72031042581301 0.3363262675803665 -0.4459805631783033 0.7808811880147013 -0.2796614903903858 109.55368577008178 -1.3519572976908114 0.14268506966786587 0.0021143343295132134 3.48634200337942 0.0019271594596241247 -1.2524071483322938 -0.0355734048984081 1.2529121799938239
317.0 -4983.767930920295 1013.2368423393543 4074.165640256519 168.5079730009441 38.881851295702205 146.6431457711023 7021.064004070129 -2496.7972659413263 -12.978967974581337 7451.812181615357 2.0842803201676082e-09 642.4494360131204 69.64343366545062 0.3124197705023706 -0.4372487541295471 0.790754240204766 -0.2931128547327599 109.61328338846185 2.201073475494354 0.1448300546096122 0.001955373326400028 3.46760367657287 0.0008272385223286792 2.300953151887655 -0.031307783014904694 2.301166021275104
318.0 -4986.683474471476 1006.6650164414596 4072.2059614159407 168.58704686656142 38.859837924004424 146.6221307407378 7018.686297609227 -2503.526094182721 -13.021643783556328 7451.829963955709 2.0866284090142617e-09 642.3213913723637 69.566374247529 0.2887913509204213 -0.42833789537786526 0.7996855642301 -0.305988890940187 109.67175980954029 5.672345003193769 0.14736769248786666 0.0017965363942212165 3.323256616829345 -0.0001136005828657526 5.7725514109396965 -0.02590491934150613 5.772609339344426
319.0 -4989.592826788145 1000.092180621962 4070.2404092648662 168.6660697798405 38.83776519471103 146.60105281549065 7016.304795141119 -2510.245568647882 -13.064325952958143 7451.847856058872 2.0889875120896763e-09 642.1928423887824 69.48913281992164 0.2663521184764892 -0.4196251290953687 0.8074318857487637 -0.317844379989606 109.72900424695804 8.938306513571646 0.1501332941496769 0.0016445386209796204 3.0581538129786354 -0.0008605528258570569 9.03883676836313 -0.019571427360409434 9.038857780879464
320.0 -4992.49598380172 993.5183433659561 4068.268986589404 168.74504167635013 38.81563318900209 146.5799120348459 7013.9195291624255 -2516.955682041705 -13.10701765331396 7451.8658643885865 2.0913576749362705e-09 642.0637938210574 69.41171004597898 0.24598468100293822 -0.41151152737134933 0.8138603167965192 -0.32830044821207793 109.78491041999042 11.88312600503706 0.15294524352144168 0.001505927228132516 2.6844449243827695 -0.0013804973088614228 11.983977338965078 -0.012551548490747877 11.983983815831216
321.0 -4995.392941467073 986.9435131029406 4066.2916961609417 168.82396249296536 38.79344198795466 146.55870842784782 7011.53060214293 -2523.6564524657906 -13.149728758065748 7451.884069832637 2.0937389446010926e-09 641.9342504619443 69.334106553268 0.22845436760861418 -0.40437554400144354 0.8189445832517881 -0.33707386563873515 109.8394077597489 14.409225549443498 0.15562856895067426 0.0013863447932073764 2.223381207412126 -0.0016495738943289118 14.51039551616549 -0.0051155939370640755 14.510396398547147
322.0 -4998.283695755914 980.3676982453892 4064.3085407548233 168.9028321674251 38.771191672662276 146.53744202587242 7009.138012731291 -2530.3478610986667 -13.192449085065391 7451.902443027164 2.096131368209206e-09 641.8042172167966 69.25632298040287 0.21439955125998816 -0.3985545946317068 0.822726046785125 -0.3439606364960853 109.8924536702601 16.436755435282603 0.15803325011291433 0.001290399198896691 1.6898898685668393 -0.0016663333365693458 16.538241842123828 0.002468355325003937 16.538242021182153
323.0 -5001.168242640148 973.7909072379722 4062.3195231686477 168.98165063775087 38.74888232439736 146.51611286879563 7006.741756871773 -2537.0298880914647 -13.235173096087692 7451.92095169875 2.0985349922672573e-09 641.6736991420512 69.17835999956415 0.20433812484648947 -0.39433422854305605 0.8252732122952576 -0.34881309035275604 109.94403673406329 17.901418636246596 0.16004979065658811 0.0012217186509481052 1.1005797619741282 -0.0014323376628921337 18.003219617540452 0.009946897531379001 18.00322227436919
324.0 -5004.046578089777 967.2131485526725 4060.324646217911 169.0604178422959 38.72651402459775 146.4947209997403 7004.3418357227965 -2543.70251544731 -13.277899819272307 7451.939569090263 2.1009498632501585e-09 641.542701413903 69.10021829722375 0.19864760131795117 -0.39192816649835327 0.826653676592059 -0.3515325614686285 109.9941983851272 18.75647922310328 0.16162588368203523 0.0011828744096869564 0.4738735639667119 -0.000954811774336167 18.858593305345156 0.01708281544412497 18.85860076102617
325.0 -5006.918698072171 960.6344306837582 4058.323912732435 169.13913371979856 38.70408685485169 146.47326646138308 7001.938254598456 -2550.365726678373 -13.320631162884183 7451.958272846109 2.103376028017293e-09 641.4112293063808 69.02189856063544 0.1975509255979789 -0.3914630757449708 0.8269112167981817 -0.35206268143190017 110.04304654841191 18.974294495216835 0.16277619400606919 0.0011753562029571704 -0.1705642044395035 -0.00024810449806419695 19.07672064363471 0.02365511030844825 19.07673476378802
326.0 -5009.784598551827 954.0547621445154 4056.3173255542697 169.2177982094177 38.68160089688763 146.45174929382816 6999.531020892684 -2557.019506078327 -13.36337033914765 7451.97704281024 2.105813534055381e-09 641.2792881789347 68.94340147009267 0.20110816322704905 -0.39296935448256587 0.8260514328529488 -0.3503849645783738 110.09075753943455 18.547252400243583 0.16358080730750943 0.001199568952296791 -0.8124415803927122 0.0006660062786161627 18.649990051408356 0.02945799423166098 18.65001248859437
327.0 -5012.644275490391 947.4741514664324 4054.304887537186 169.29641125074127 38.65905623257138 146.43016953408485 6997.120141496784 -2563.663837791185 -13.406120384034466 7451.995858278637 2.108262429541774e-09 641.1468834738262 68.86472769706155 0.2092137523664358 -0.39637855423827556 0.8240382027370305 -0.3465179475736498 110.13756534376412 17.488081252989648 0.1641710434901303 0.0012548257238636402 -1.4314769078507363 0.0017588080423384283 17.591130337990418 0.034300378411161514 17.591162721159698
328.0 -5015.497724846707 940.8926072010472 4052.2866015478526 169.37497278376583 38.63645294391155 146.40852721697698 6994.705620294677 -2570.298704887943 -13.4488826460763 7452.014695327366 2.1107227632454855e-09 641.0140207223069 68.78587790753714 0.22159929676723616 -0.40152765354467523 0.8208016032490625 -0.34052022438460594 110.1837415536408 15.829518335060257 0.16470550129282108 0.001339330866103891 -2.0080399649795617 0.002995873000589014 15.932879296148387 0.038007429198425494 15.932923454321456
329.0 -5018.3449425771905 934.3101379241049 4050.262470468624 169.453482748851 38.6137911130723 146.38682237764658 6992.287456315963 -2576.924088664976 -13.49165513690923 7452.033524834259 2.1131945842454635e-09 640.8807055606258 68.70685277118972 0.23784224873366694 -0.40816998521444936 0.8162562464452631 -0.3324967188205604 110.22957250882524 13.623344110476987 0.16534228975023382 0.0014501690645617898 -2.5237762330510227 0.004339110994924733 13.727017911625115 0.04042497446988522 13.727076292400769
330.0 -5021.185924637011 927.7267522411887 4048.2324972018005 169.5319410866594 38.59107082239058 146.36505505575963 6989.865643041932 -2583.53996834947 -13.534430782758136 7452.052311722845 2.115677941451495e-09 640.7469437565442 68.6276529766654 0.25738103415226776 -0.4159921579604319 0.8103273883390205 -0.32260665132912947 110.27534101917875 10.938808902831095 0.16621382473601812 0.001583332841856738 -2.962194430600468 0.005750182251786495 11.042797032377782 0.04142605419809418 11.042873770646581
331.0 -5024.020666984412 921.1424587865885 4046.196684671949 169.61034773817747 38.56829215437007 146.3432252999428 6987.440202558979 -2590.146333720923 -13.57720302728967 7452.071051383465 2.1181728830934987e-09 640.6127412373369 68.54827924766512 0.27953272163816045 -0.42463413233258224 0.802982374832727 -0.31107333042180196 110.32131809337045 7.861109336657411 0.167408254346927 0.0017337972469611948 -3.306355027527336 0.007183874493283254 7.965413851895064 0.04091919306130704 7.965518276377782
332.0 -5026.849165602649 914.5572661452534 4044.1550357936817 169.68870264561974 38.54545519141776 146.32133315347693 6985.011242000656 -2596.743206369243 -13.619985932459485 7452.08983002199 2.1206794583532143e-09 640.4781040025384 68.46873229087493 0.3034717489234753 -0.4336957997681179 0.794279386414067 -0.298216544119392 110.36775276330572 4.495968382904829 0.16895636846355983 0.00189539343083723 -3.5346735444464366 0.008557131483359643 4.600592035149785 0.03888694763538029 4.600756026708215
333.0 -5029.671416488925 907.9711828753744 4042.107553477665 169.76700575215497 38.5225600159198 146.2993786529871 6982.578765341837 -2603.330569935842 -13.662777182030595 7452.108623875899 2.1231977175214497e-09 640.343038116458 68.38901279128265 0.3282811884877438 -0.442772368475387 0.7843936945678749 -0.2844479265558642 110.41486771531899 0.9645693361310771 0.17082712087218777 0.002061262307258596 -3.637810910062714 0.009815106176531372 1.0695153487537052 0.03539853805036471 1.0701009261624794
334.0 -5032.4874156439255 901.3842175569465 4040.054240652869 169.84525700134785 38.49960671040243 146.2773618410963 6980.142810822682 -2609.90842086006 -13.705569563008112 7452.127445729365 2.1257277105509964e-09 640.2075497866437 68.30912145816733 0.35303187171884115 -0.45149540247713865 0.7736202876286905 -0.27024442577415053 110.46286991182369 -2.6055064835241306 0.17293233678302958 0.0022245622529367608 -3.611735634938375 0.01091154996062781 -2.5002345760707723 0.030594227816179567 2.5004216340370378
335.0 -5035.297159109426 894.7963786988527 4037.995100236243 169.92345633825673 38.47659535720887 146.25528276368905 6977.703503664382 -2616.476788373203 -13.74836596729051 7452.146401320408 2.1282694873671066e-09 640.0716453477357 68.22905901511186 0.3768275255817496 -0.45955437049953046 0.7623699821033413 -0.25613044900297866 110.5119578953802 -6.084973581878592 0.1751356685848754 0.0023789640213079744 -3.4570850531297372 0.011807443370042007 -5.979372020251748 0.024677022967358447 5.979422756397435
336.0 -5038.100642942371 888.2076747803077 4035.9301351398844 170.00160370892198 38.45352603864531 146.23314146048784 6975.260844821615 -2623.03565564018 -13.791172936650128 7452.1654638442 2.130823098953234e-09 639.9353312041072 68.14882616583324 0.3988438017191565 -0.4667093282254696 0.7511492119739535 -0.24265384012714464 110.5623240094766 -9.34752486258832 0.1772658909861278 0.002519065459007001 -3.1791644873434084 0.01247227932820743 -9.241589815765654 0.017897569556390647 9.241606995709104
337.0 -5040.897863196944 881.6181142999711 4033.859348288425 170.07969905978763 38.43039883714908 146.21093796882778 6972.814873861617 -2629.5850204336916 -13.833985756714128 7452.184647739009 2.133388596922397e-09 639.7986138537144 68.06842360792962 0.4183641792972492 -0.472795721676094 0.7405219253170644 -0.23035385208506676 110.61414431624056 -12.275352366040467 0.17913619379380535 0.0026406903263675274 -2.7914245907079054 0.012880798752493204 -12.169080207451396 0.0105358298351166 12.169084699554812
338.0 -5043.688815968917 875.0277056986102 4031.782742602644 170.15774233863868 38.40721383500832 146.1886723372496 6970.365688964669 -2636.124902933332 -13.876795537019007 7452.2040301655425 2.135966031946176e-09 639.6614999724527 67.98785208208854 0.43484038332594604 -0.4777302504197364 0.7310388687221919 -0.21970394006530258 110.66753772060419 -14.77007476595871 0.18057494571186872 0.0027412020200922003 -2.3155721543579535 0.013022035133054775 -14.663462319019297 0.0028846452838821148 14.663462596535842
339.0 -5046.473497363897 868.4364574053328 4029.700321005666 170.23573349402682 38.38397111453013 146.16634461134348 6967.913285011153 -2642.655284510286 -13.919612095772663 7452.223577952151 2.138555455387363e-09 639.5239963276439 67.90711232077926 0.4478635822875629 -0.4814845200675106 0.7232049932759034 -0.21110520196506535 110.72257280464964 -16.751253355058648 0.18144966509717575 0.002819142226281801 -1.767052526312436 0.012905868522397059 -16.644297860836733 -0.0047801089504205885 16.644298527823384
340.0 -5049.251903475606 861.8443778800641 4027.6120864337768 170.31367247475958 38.36067075819144 146.14395482935313 6965.4576572060005 -2649.1761466545354 -13.962440101538732 7452.2432582455785 2.1411569198156723e-09 639.386109751592 67.82620503241735 0.45713298479751624 -0.48405958008690536 0.7174527140116492 -0.20488377264566718 110.779258624471 -18.154753881846393 0.18168875000623988 0.0028738086119010813 -1.1632866923606002 0.01254453325630801 -18.04745309525453 -0.012209494159844004 18.047457087747357
341.0 -5052.02403039199 855.251475609616 4025.5180418382583 170.39155922995536 38.3373128486227 146.12150302732877 6962.998806059026 -2655.6874728643197 -14.005279814275127 7452.263043839138 2.14377047841671e-09 639.2478471739622 67.74513092006497 0.4624486677628074 -0.4854699033695551 0.7141067134195299 -0.2012754442447384 110.83752137544188 -18.934830344592502 0.18130133123832415 0.0029049701940512124 -0.5235333293539122 0.011954489857982769 -18.82718260768593 -0.019180900330623415 18.827192024094543
342.0 -5054.789874200046 848.6577591036611 4023.4181901862503 170.4693937090965 38.313897468591335 146.0989892426948 6960.536736136066 -2662.189248191064 -14.04812882137685 7452.282911847027 2.1463961845793297e-09 639.109215644413 67.66389069433596 0.46370404504926654 -0.48573018898885034 0.7133573151418363 -0.20041477750763403 110.8971942605534 -19.06566208415193 0.1803852844088902 0.002912613036837778 0.13172129464403498 0.011156899255219576 -18.95766636513252 -0.025494949676431147 18.9576828781727
343.0 -5057.549430988498 842.0632368921486 4021.3125344610967 170.54717586206212 38.29042470099211 146.07641351606372 6958.071453796933 -2668.6814583905957 -14.090983661146538 7452.302841291547 2.149034091683437e-09 638.9702223444175 67.58248507992332 0.46088070541418746 -0.48484721799366576 0.7152448123316693 -0.2023289623691056 110.95802444841408 -18.5422575222663 0.17911861474792798 0.0028967759155246677 0.7814166252208562 0.010177293723506023 -18.433913420913708 -0.03097093458808945 18.43393853417492
344.0 -5060.302696848328 835.4679175249157 4019.2010776624375 170.62490563913258 38.26689462884493 146.05377589153218 6955.602964479131 -2675.1640888851625 -14.133841373170299 7452.322810198416 2.1516842530631866e-09 638.8308745897239 67.50091481663183 0.4540475112347861 -0.4828181684186609 0.719656025730404 -0.2069364115284373 111.01969627769948 -17.38069158038601 0.17773452606626078 0.0028575142947630874 1.4045936245747241 0.00904482674693814 -17.271999304824345 -0.03544287854092916 17.272034561655435
345.0 -5063.049667870946 828.8718095736355 4017.0838228061775 170.70258299096366 38.243307335302774 146.03107641536346 6953.1312701539055 -2681.637123773912 -14.176701116326285 7452.34279287051 2.154346722159183e-09 638.6911798228679 67.41918065459674 0.44336436260845313 -0.47963569599110906 0.7263333928276887 -0.214050095919958 111.08186419053399 -15.617665023388371 0.1764861160611776 0.002795001170670089 1.9810714662972002 0.00779116706975886 -15.508625347143512 -0.03875818050536235 15.508672589477758
346.0 -5065.790340144243 822.2749216356513 4014.9607729240806 170.78020786853682 38.219662903666496 146.00831513302728 6950.656367564353 -2688.1005451305605 -14.219565949882508 7452.362757994937 2.1570215528655924e-09 638.551145595582 67.33728334361501 0.42908944283942074 -0.4752989390173833 0.734895911985085 -0.22338569148518794 111.14418547267711 -13.309395746913589 0.17560979724012904 0.002709741887870871 2.492103298527967 0.006448847201352995 -13.200009957121472 -0.04077981423640432 13.200071830664314
347.0 -5068.5247097467 815.6772623387019 4012.8319310626 170.85778022309594 38.19596141740433 145.98549208433343 6948.178247747944 -2694.554332794512 -14.262444695975773 7452.38266812622 2.1597087972717352e-09 638.4107789362546 67.25522362375347 0.411587419950078 -0.4698285739929016 0.7448702452470429 -0.23457456073548277 111.206343230218 -10.529873674137196 0.17529564586790697 0.0026028525110986384 2.920989729696422 0.00504827285120896 -10.42014352104814 -0.04139130174798178 10.420224820451427
348.0 -5071.252772749969 809.0788403293027 4010.6973002775735 170.9353000062803 38.17220296011153 145.96260730051645 6945.696957454875 -2700.998488241432 -14.30534010977999 7452.402545557779 2.162408471659338e-09 638.2700790202531 67.17300231293426 0.39134501305024855 -0.46328642629905115 0.7557242273442158 -0.24717536319937483 111.26805485422526 -7.3700044830061575 0.17566844746326515 0.0024763949573709094 3.2484606951189923 0.0036361219809242793 -7.2599322337388745 -0.04050756211589952 7.260044635545449
349.0 -5073.974525267027 802.4796641916073 4008.5568836181083 171.01276717110176 38.14838761520833 145.9396608215964 6943.212588649583 -2707.4330308271315 -14.34823958082552 7452.422461158177 2.1651205648501455e-09 638.1290394889618 67.09062033972901 0.369024305978559 -0.45580874834145707 0.7668854814180367 -0.2606647366305298 111.32908123889824 -3.942595144017969 0.1767763480607708 0.002333924286305253 3.4542444034964874 0.0022876694715863945 -3.8321836391859967 -0.038119963365280424 3.8323729474758195
350.0 -5076.689963423449 795.8797425044786 4006.4106841415064 171.0901816712625 38.124515466146555 145.91665269063438 6940.7251351967525 -2713.857941960047 -14.3911480136735 7452.442380631516 2.1678450640592156e-09 637.9876537748414 67.00807865083678 0.34542303937158764 -0.4476096106583028 0.777808648406277 -0.2744854582341625 111.38922204146965 -0.37379636486705237 0.17859052963059463 0.002180376578145514 3.5303057471442623 0.0010504502049537396 -0.2630487977657462 -0.03429726758264276 0.265275261389617
351.0 -5079.399083343539 789.2790838552029 4004.2587049119825 171.16754346097812 38.1005865964624 145.89358294385463 6938.234670044094 -2720.2732340926973 -14.434072356475554 7452.4623546293615 2.1705819565934546e-09 637.8459151536606 66.92537817414811 0.3214289278412151 -0.4389761576140918 0.7880279044150348 -0.2880892210001335 111.44829869158245 3.2046947088994138 0.18101349906418532 0.002021776607079062 3.473506272798533 -3.1174180598345784e-05 3.3157749046926965 -0.029176418444599905 3.315903124558483
352.0 -5082.101881194304 782.6776967444641 4002.100948973029 171.24485249609805 38.07660108942686 145.87045161636476 6935.741292596649 -2726.6789305370985 -14.477007086653884 7452.482462361072 2.1733312291739202e-09 637.7038167790149 66.84251983934494 0.2979834286508208 -0.43025989194113706 0.7971846253373036 -0.3009634110022764 111.5061402036707 6.660491018949304 0.18389040633394013 0.001864887066356478 3.2856130871805886 -0.0009169016936420379 6.771900198127474 -0.022956579812377607 6.771938927788643
353.0 -5084.7983531576065 776.0755896698106 3999.9374193791045 171.32210873313488 38.05255902834198 145.84725875049924 6933.244995168256 -2733.0750127591505 -14.519946085807078 7452.5026680457095 2.1760928669379046e-09 637.5613517329185 66.75950460779332 0.2760376651587899 -0.4218582792389352 0.8050387110832752 -0.31265232017150846 111.56257507937052 9.865415992433153 0.18702312332916537 0.0017167385168361114 2.973258207418253 -0.0015720047755013028 9.977150432831559 -0.015886171108520017 9.977162952150337
354.0 -5087.488495419909 769.4727711353779 3997.7681191945176 171.39931212913842 38.02846049657945 145.82400438831002 6930.7458500955745 -2739.4614937729084 -14.5628994913925 7452.523021938485 2.1788668543229606e-09 637.4185129790105 66.67633344562142 0.2564895546386491 -0.41418253000561517 0.8114677074759773 -0.3227787166513571 111.61744258228342 12.70241934680147 0.19019045062481343 0.0015840232372359771 2.554123594103932 -0.0019629111279974563 12.814475526819106 -0.008247793217539377 12.814478136681304
355.0 -5090.172304194467 762.8692495761275 3995.5930514625566 171.47646264256485 38.00430557730739 145.80068856096898 6928.2439263621545 -2745.83838571932 -14.605869148854254 7452.543570827168 2.181653176330123e-09 637.2752932968152 66.59300728588836 0.24009448970734762 -0.40760888609643503 0.8164570873113125 -0.33107016864483524 111.67062737202225 15.075951855634486 0.19317884721385714 0.0014723518363231056 2.0488056218887816 -0.0020774442007731797 15.188326564947523 -0.00034003314283555485 15.188326568664252
356.0 -5092.849775703729 756.2650334380223 3993.412219242131 171.55356023236195 37.98009435377165 145.77731130731502 6925.739213801684 -2752.2056696285454 -14.648845013663731 7452.564276420976 2.1844518163084274e-09 637.1316853950063 66.50952709496653 0.22748099977083075 -0.4024690351877997 0.8200494115056781 -0.3373277829462851 111.72204228151419 16.907771114506495 0.19580376063828192 0.0013862999504344606 1.4736239396416195 -0.0019177290517275582 17.020461433084282 0.007551313847867826 17.02046305862911
357.0 -5095.520906169995 749.6601311997127 3991.225625614582 171.630604857714 37.95582690937556 145.7538726731844 6923.231707704177 -2758.563328614977 -14.69182313062879 7452.585106270625 2.1872627560223805e-09 636.9876819066507 66.42589387007084 0.21914007610741887 -0.39903186299742666 0.8223074813726831 -0.34141119699704087 111.77164830687812 18.137176341832465 0.19793357490671876 0.001329352009682831 0.8472493158492006 -0.0014901187170984602 18.250179738311925 0.015159368553399976 18.25018581993385
358.0 -5098.185691813616 743.0545513667245 3989.0332736789414 171.70759647810192 37.93150332766155 145.73037270622655 6920.721408567348 -2764.911347830734 -14.734803790832075 7452.60603351662 2.190085976263289e-09 636.8432753567387 66.34210862070734 0.21540484699115373 -0.39748330881133054 0.823286116901022 -0.34323132261952866 111.8194812262093 18.723066111666842 0.19951180759139073 0.0013038199672268575 0.19010415609709422 -0.0008081571266601758 18.836380533708738 0.022236960139997666 18.836393183108342
359.0 -5100.8441288522745 736.4483024668189 3986.83516654858 171.78453505335264 37.90712369229557 145.70681145258993 6918.208320443659 -2771.2497138451063 -14.777789696995114 7452.627035120622 2.1929214572419753e-09 636.6984581411955 66.25817235686833 0.21643719014319235 -0.39791224284315524 0.8230110296192223 -0.3427442703292898 111.86566683395294 18.645363399122566 0.20056864146383827 0.001310813688473829 -0.47629920138492227 0.00010648003742443761 18.758987354747322 0.0285558493628943 18.759008307074595
360.0 -5103.496213500736 729.8413930476135 3984.631307349629 171.86142054366425 37.88268808705899 145.68318895535103 6915.692448378238 -2777.578413642324 -14.820784255396802 7452.648089111248 2.1957691787752915e-09 636.5532225165816 66.17408608348715 0.22222098391642064 -0.40030342390790313 0.8214682801493353 -0.33994833110830375 111.91042011264112 17.90575704786472 0.2012164399743118 0.0013502292654586601 -1.1300602918087028 0.0012241417772097692 18.019689676012806 0.03390559030880577 18.01972051541845
361.0 -5106.14194197091 723.2338316770266 3982.42169922127 171.93825290960072 37.8581965958498 145.6595052546619 6913.173795565543 -2783.8974334849645 -14.86378991375068 7452.669171518944 2.198629120266828e-09 636.4075606003363 66.08985080103041 0.23256181481565566 -0.4045380706581846 0.8186061262103334 -0.33488499788541437 111.95402825357391 16.527730840273644 0.2016287569371574 0.0014207366631278605 -1.74960966159062 0.0025082124736030818 16.641971966898925 0.03809395162262128 16.64201433288335
362.0 -5108.7813104721445 716.6256269464965 3980.206345317941 172.01503211205616 37.83364930269387 145.63576038955665 6910.652360899166 -2790.206757913401 -14.906806399160587 7452.690253726089 2.2015012604865287e-09 636.2614643812171 66.00546751198176 0.2470933156740798 -0.41040208208970197 0.8143491268847673 -0.3276438980168017 111.99682319099492 14.555874566586304 0.2020079508800344 0.0015197711632976083 -2.3144217911103797 0.003916979930371046 14.670424742089713 0.04095033541166811 14.670480640916347
363.0 -5111.41431521229 710.0167874762936 3977.9852488133065 172.09175811219765 37.80904629176268 145.61195440164465 6908.128137541753 -2796.5063691365576 -14.949828805928291 7452.711300909136 2.2043855771192912e-09 636.1149257413742 65.92093723399103 0.26529062577328477 -0.4176014198260295 0.808622422645859 -0.31837040633583596 112.03915298824248 12.054495106157011 0.20254982349468778 0.0016435551900047195 -2.8056982409336224 0.00540666191878176 12.169355620935974 0.04233226404531918 12.169428138615118
364.0 -5114.0409524000925 703.4073219213068 3975.758412905478 172.16843087140447 37.784387647392975 145.5880873406264 6905.60111815378 -2802.7962491048725 -14.992846748299826 7452.732277661441 2.2072820460877518e-09 635.9679364897192 65.83626101942144 0.28649120843624837 -0.42578346745645507 0.8013825099121977 -0.30727398057161015 112.08136168049707 9.105605981291857 0.2034131404121912 0.0017871877521869457 -3.206554077742055 0.006934894102521029 9.220778867665397 0.042132911698722984 9.220874294594395
365.0 -5116.6612182595445 696.7972389252838 3973.525840798989 172.24505035179183 37.75967345391832 145.5641592594022 6903.071402149663 -2809.076423209085 -15.03586977291684 7452.753263860645 2.210190642134724e-09 635.8204883312792 65.75143993792054 0.3098923791232998 -0.434551406298204 0.7926614998138184 -0.29465154905152374 112.12377902127061 5.810787347737945 0.20469724176518378 0.0019446313750644372 -3.4934554476323294 0.008419904072225303 5.926275528214801 0.04030639345320877 5.926412105480049
366.0 -5119.275109037991 690.1865470692911 3971.287535678772 172.32161651678743 37.73490379548027 145.5401701991225 6900.539027536306 -2815.346892311938 -15.078902649765496 7452.774273242637 2.2131113406371675e-09 635.6725727744353 65.66647502346744 0.3345564385649675 -0.4434834067996207 0.7826137649314565 -0.28090950900234485 112.16670801514135 2.2927470557478418 0.20642712246238573 0.0021088401746266762 -3.6515273598826936 0.009789088894328266 2.4085541895205234 0.036906890661766535 2.408836773215478
367.0 -5121.882620984725 683.5752549557595 3969.043500746782 172.39812933017285 37.7100787563347 145.5161202040089 6898.003994875117 -2821.60764211953 -15.121938218440846 7452.795279114803 2.2160441158042826e-09 635.5241812215436 65.58136732699906 0.3595086869068587 -0.45218384054451055 0.7715206398958068 -0.2665317628420444 112.21042891351055 -1.316117060622104 0.20855111318307246 0.002272597685400013 -3.6744630232933284 0.010989447817115066 -1.19998681124474 0.03207079928505511 1.2004152335496194
368.0 -5124.483750375624 676.9633711534117 3966.7937392053923 172.47458875672353 37.68519842064308 145.49200932468312 6895.46643448881 -2827.8587115035643 -15.164974235166028 7452.816395016851 2.2189889402630027e-09 635.3753049889274 65.49611792815246 0.38379381246392863 -0.46031175869218005 0.7597902394572107 -0.252059886435088 112.25520936308503 -4.87962703641131 0.21094715409047363 0.0024291053929408907 -3.5610375163580072 0.011975769114244222 -4.763169151047741 0.026006955911683127 4.763239986017606
369.0 -5127.078493519959 670.3509041576411 3964.538254237869 172.55099476265076 37.6602628723258 145.46783760774323 6892.926379346406 -2834.1000999914095 -15.20801837369686 7452.8376294995005 2.221945786323437e-09 635.2259352419626 65.4107278983815 0.40652106909100827 -0.467598016851865 0.747941084597777 -0.23806900048516974 112.3013112842897 -8.262959490794692 0.21343512203530723 0.0025724680999800287 -3.315181148429813 0.012712286556103394 -8.146169218163685 0.018981656793842835 8.146191183810895
370.0 -5129.6668467211575 663.7378624858508 3962.277049039501 172.62734731449407 37.63527219541896 145.44360509411456 6890.383834937907 -2840.331795969879 -15.251072144625823 7452.858961443766 2.224914626180337e-09 635.0760629841558 65.32519829522363 0.4269013938016699 -0.47385211084243267 0.7365680501722284 -0.22513747907854906 112.34898862755023 -11.337916841697622 0.21579587878167522 0.002698034609068181 -2.9470213507916436 0.013172400940503688 -11.220789454492502 0.011297810755030026 11.220795069271281
371.0 -5132.24880630987 657.1242546224845 3960.010126806733 172.7036463797714 37.61022647385957 145.41931183272763 6887.838912100911 -2846.553831493217 -15.294121231318286 7452.880483731402 2.227895430234232e-09 634.925679141068 65.23953021062425 0.4443057155679634 -0.47896806207197634 0.7262746835006678 -0.2137922139243156 112.39844884578281 -13.99324042922429 0.21780383831214215 0.002802722882919373 -2.4797124004343973 0.013338095856797978 -13.875771593131809 0.0032759408329419825 13.875771972251469
372.0 -5134.824368645787 650.5100890058826 3957.737490730415 172.77989192712238 37.58512579143578 145.3949578767412 6885.291624947923 -2852.7661989456446 -15.337173390526232 7452.90218474068 2.230888167543919e-09 634.7747745365002 65.15372475753291 0.4582748711535319 -0.4829091968304669 0.7176158008540422 -0.20447594589676943 112.44983483103317 -16.139195551435968 0.21926286092281028 0.002884894097255686 -1.9310863200491626 0.013218667200658363 -16.021381343772962 -0.004774846647110728 16.021382036653684
373.0 -5137.393530076998 643.8953741039064 3955.4591440140703 172.8560839254182 37.55997023207774 145.37054327046172 6882.741964029183 -2858.9688809898935 -15.380235356579988 7452.924027354399 2.2338928074290804e-09 634.6233398108398 65.0677830238346 0.4684690884916757 -0.4856748333853274 0.7110760194427586 -0.19755395191530517 112.50322972263743 -17.703328506435938 0.2200339805757755 0.002943789718667631 -1.3192881106400776 0.012828540405849444 -17.585165511795054 -0.01257579949573473 17.585169866412883
374.0 -5139.956286944121 637.2801184145502 3953.1750898771147 172.93222234376097 37.53475987985797 145.3460680544267 6880.189925610411 -2865.1618626404834 -15.423308549198964 7452.945980620487 2.2369093188468545e-09 634.471365451738 64.98170609038173 0.47465757105931405 -0.48728144445237004 0.70703101493718 -0.19329802907785998 112.558624976227 -18.63247857683497 0.2200654514054138 0.00297919412891407 -0.6646531319105042 0.012186653313758197 -18.513964012096395 -0.01987891584707726 18.513974310292063
375.0 -5142.51263558586 630.664330461268 3950.885331555834 173.00830715154194 37.509494818971746 145.32153226972838 6877.635510669373 -2871.345130864886 -15.466391015081626 7452.968018676377 2.2399376698565352e-09 634.3188418202387 64.89549504626412 0.47670977957186045 -0.48774718879266515 0.7057159575376871 -0.19187353429294576 112.61589886028621 -18.894638747784565 0.21941204084721294 0.0029911337295401427 0.010963362014541423 0.01131734355459753 -18.775770563384384 -0.02646404556421578 18.775788541203024
376.0 -5145.062572342426 624.0480187896931 3948.589872303748 173.08433831848143 37.48417513372367 145.29693596044882 6875.0787226343555 -2877.51867365675 -15.50947928004075 7452.990118308925 2.2429778273132414e-09 634.1657591653175 64.8091509973676 0.47458882752654075 -0.4870816049619836 0.7072056523080349 -0.19333163279248533 112.67481463838463 -18.4801162835817 0.21823509246831657 0.0029796665685213543 0.6849122629616691 0.010250063046088201 -18.360893231838222 -0.03213406363189054 18.36092038209512
377.0 -5147.606093556544 617.4311919667049 3946.288715391738 173.1603158146394 37.45880090852372 145.2722791743104 6872.519564472398 -2883.6824788227677 -15.552570105392533 7453.0122558038365 2.2460297567800983e-09 634.0121076274152 64.72267506862971 0.46834947165315494 -0.4852823090947522 0.7114080609816348 -0.19760673989575053 112.73504053685782 -17.401949411814837 0.21678066138033197 0.002944812364695962 1.3345082731040279 0.009018528378135255 -17.28237107585686 -0.036710406684624594 17.282408875390907
378.0 -5150.143195571939 610.8138585821592 3943.9818641080988 173.23623961039343 37.433372227894694 145.2475619615384 6869.958035837245 -2889.836532775841 -15.595662290633982 7453.034403852764 2.2490934226616183e-09 633.8578772308591 64.63606840001944 0.4581415172931564 -0.48233930338689596 0.7180717671990627 -0.2045191523847673 112.79618603624299 -15.695561019539207 0.21534057312730379 0.002886639609636079 1.937793953608879 0.007659444228968227 -15.57562780274509 -0.040031308228361366 15.57567797189702
379.0 -5152.673874729446 604.1960272528813 3941.6693217582865 173.31210967638896 37.40788917648854 145.22278437186847 6867.394130986402 -2895.980819635357 -15.63875864417355 7453.056529288791 2.2521687885687537e-09 633.7030578646434 64.54933213604731 0.4442175953846148 -0.47824617142670856 0.7268068358342601 -0.213782952666945 112.85784302706764 -13.417655803419038 0.21420694289243175 0.0028054900693137022 2.4742844597661873 0.006210637801427356 -13.297368886866463 -0.04195400834314455 13.297433877871176
380.0 -5155.198127360943 597.5777066278893 3939.3510916639752 173.38792598347368 37.38235183910901 145.19794644948328 6864.827838068312 -2902.1153209002614 -15.681868058935152 7453.078592307175 2.25525581794459e-09 633.5476392500931 64.46246740809588 0.4269426230215099 -0.47301620612865325 0.7371173578102133 -0.22501925740269102 112.91961899550917 -10.644392891253222 0.21363144329688974 0.0027022879321413427 2.9256676607156145 0.004707816618865851 -10.523754172474561 -0.042360247526440305 10.523838465554164
381.0 -5157.715949790389 590.9589053783734 3937.027177157594 173.46368850280854 37.35676030067413 145.17304822940704 6862.259198002375 -2908.2400403945758 -15.724994375473443 7453.100610388306 2.2583544745134742e-09 633.3916109173825 64.37547532194417 0.4068101919189355 -0.46670338771689357 0.7484379108821638 -0.23776902489347929 112.98115316342172 -7.470263530535065 0.2137962997283002 0.0025789135641924653 3.2714177892570446 0.0032021420979213952 -7.349275651219293 -0.04116756632256928 7.349390319017145
382.0 -5160.227338381608 584.3396321112416 3934.6975815623123 173.53939720687464 37.33111464587414 145.14808975523852 6859.688307337134 -2914.3550058058763 -15.768123996100258 7453.12266150356 2.261464720072626e-09 633.2349623158384 64.28835701981332 0.3844996779098149 -0.4594378730703993 0.7601533441904124 -0.25148306462250886 113.04212626080503 -4.0132789298176235 0.2147954362669629 0.002438808624389347 3.4893036470755434 0.0017774997046910504 -3.8919453139916436 -0.03837734212690383 3.892134232209843
383.0 -5162.732289512815 577.7198954245188 3932.3623082084528 173.61505206883 37.30541495938573 145.1230710742825 6857.115157939546 -2920.46020065066 -15.811261879890708 7453.1447100422665 2.2645865150883675e-09 633.0776827830878 64.20111366327696 0.36083911312339007 -0.45143227762408494 0.7716707733525763 -0.2655715547887113 113.10226115328722 -0.40630524009222674 0.2166276473989749 0.002286923546269663 3.5703576007689586 0.0004868195447806642 -0.2846298205399868 -0.034077507172122636 0.2866625222858535
384.0 -5165.230799560576 571.0997039257317 3930.0213604336486 173.69065306228634 37.27966132594639 145.09799222662858 6854.539822257562 -2926.5556428790833 -15.854415454376294 7453.166808026743 2.2677198200539517e-09 632.9197614757951 64.11374639519282 0.33675575219173365 -0.4429774291252365 0.7824790218863535 -0.27945150019126985 113.16130631336814 3.2116242599434877 0.21920231399364096 0.002129428358197 3.5110711922005153 -0.0006214544932762185 3.3336371941348526 -0.02843094557457825 3.3337582918468924
385.0 -5167.722864943102 564.4790661308339 3927.6747415505647 173.7662001624674 37.25385382995635 145.07285325106304 6851.962402164007 -2932.64136349943 -15.897578923759283 7453.189039638843 2.2708645947506853e-09 632.7611874059729 64.02625636041523 0.3132369673097408 -0.4344335128383561 0.7921800435684937 -0.2925763213340098 113.21901857956081 6.700669333162662 0.2223507920626637 0.0019733481338420626 3.3133492867812717 -0.001504124894335559 6.823015188332649 -0.021667748457974152 6.823049430434455
386.0 -5170.20848209408 557.8579905516426 3925.3224548825774 173.84169334521505 37.2279925558134 145.04765419400297 6849.382887072345 -2938.717345637204 -15.940745819937092 7453.211366830124 2.2740207971246013e-09 632.6019494967697 63.93864473688777 0.29128203047872514 -0.4262103470178463 0.8005023109263053 -0.3044594702366194 113.27515247995677 9.925591737211839 0.22584236149604972 0.001826054698673605 2.984468217764923 -0.0021249328885988143 10.048265769509158 -0.014069673320197996 10.048275518552826
387.0 -5172.687647452311 551.2364857050866 3922.9645037623513 173.91713258687344 37.2020775879517 145.02239510123363 6846.801353209647 -2944.783609647314 -15.983927346829205 7453.2338460492665 2.2771883843127773e-09 632.442036529918 63.85091270684993 0.27183253739435426 -0.4187322639047183 0.8073010733482715 -0.3146988079890122 113.32947368794098 12.763431603183012 0.22940894530213013 0.0016945957142213053 2.5438525156695793 -0.002450957999473615 12.886429228420686 -0.005952150055376047 12.88643057979155
388.0 -5175.160357482077 544.6145600358711 3920.6008914983713 173.99251786515788 37.176109010541424 144.99707600735175 6844.217865406667 -2950.8401714543397 -16.027124575127345 7453.256521504049 2.2803673140187162e-09 632.2814370828517 63.76306142006181 0.2556777521911072 -0.41238665080146786 0.8125480451627588 -0.32300435225772167 113.38180018831854 15.114397634012603 0.23278375596193993 0.0015848930229692955 2.0134500560830584 -0.0024733735976246304 15.237714557462212 0.0023576777944280063 15.237714735539141
389.0 -5177.6266086568085 537.9922220021809 3918.23162141623 174.06784915819426 37.15008690781454 144.9716969552585 6841.632410334582 -2956.887013523278 -16.07032722274448 7453.27935235895 2.2835575900396597e-09 632.120143982089 63.67509188244654 0.24347005451823842 -0.4075126901329603 0.8162758556896154 -0.3291648027229981 113.43198493223895 16.897413922598286 0.23573035887236873 0.001501767047056683 1.4111588549189789 -0.002197299892970599 17.021046135515377 0.010550151396140834 17.02104930840848
390.0 -5180.086397450278 531.3694800964364 3915.856696865373 174.14312644427991 37.12401136414704 144.94625799485993 6839.0449805049 -2962.924120739904 -16.113531486798593 7453.3023041151755 2.286759352008737e-09 631.9581623819953 63.58700461699654 0.23571101907612677 -0.4043807383587618 0.8185388695394527 -0.3330325104003984 113.47994344374756 18.050625258448036 0.23807576652666954 0.0014488459373959335 0.7574150552342432 -0.0016332364841938139 18.17456916758232 0.018338719862387966 18.174578107337872
391.0 -5182.539720334546 524.7463428392755 3913.4761212139574 174.21834970194672 37.09788246403777 144.92075917763822 6836.455573805647 -2968.951480266338 -16.156737979141326 7453.32534812322 2.2899727653155457e-09 631.7954997322352 63.49880005839195 0.23272919869895092 -0.4031708080292908 0.8193835262686271 -0.3345161528320314 113.52568863179147 18.53359847218454 0.2397411373074443 0.0014284621600624571 0.074506044305512 -0.0007999858934291507 18.657851039446463 0.02546035230025105 18.65786779251278
392.0 -5184.986573778968 518.1228187749238 3911.089897845389 174.29351891000974 37.07170029209165 144.8952005532207 6833.864191528934 -2974.9690807261795 -16.19994968448509 7453.3484594447855 2.293197997648028e-09 631.6321635991769 63.41047863031914 0.23466586067016434 -0.40395799536797655 0.8188270145249054 -0.3335748673063475 113.56935112326006 18.328800727267225 0.24075836206498805 0.0014416079484094086 -0.6141847977163337 0.00027457915393600224 18.453359612101337 0.031674357017809185 18.453385849390443
393.0 -5187.426954249954 511.4989164691521 3908.6980301568756 174.36863404758856 37.045464933012276 144.869582168011 6831.270835474936 -2980.976910967691 -16.243170044538147 7453.371613699803 2.296435219176024e-09 631.4681616576181 63.3220407407521 0.24146843897757916 -0.4067060280688999 0.8168480326112609 -0.3302158253767719 113.61117842092082 17.442298900629275 0.24126523369076852 0.0014879155592760933 -1.2849763376214383 0.0015539583346939091 17.567162592181603 0.03676127535969921 17.567199842808975
394.0 -5189.860858211056 504.8746445103395 3906.3005215601656 174.44369509409512 37.019176471605704 144.84390406564367 6828.675504870513 -2986.974958722413 -16.286401060981007 7453.394783701775 2.2996846025055622e-09 631.3035016941333 63.233486783547775 0.2528916045946644 -0.4112694763665148 0.8133913565284985 -0.32449615600108084 113.65151278327389 15.903650503299893 0.2414786590400081 0.0015656463605002646 -1.914703805920392 0.00299444004178994 16.028818426436512 0.04052405355801681 16.02886830940093
395.0 -5192.288282123661 498.2500115134517 3903.8973754844765 174.5187020291902 36.9928349927955 144.81816628945455 6826.078193877316 -2992.9632094977055 -16.329641266637964 7453.417936726621 2.3029463223772707e-09 631.1381916234249 63.14481714697263 0.2685062222861965 -0.4174045559066002 0.8083856403318532 -0.3165288325054599 113.69075562047894 13.764984179923546 0.24165298057964787 0.0016716985542251806 -2.48152086465541 0.004547543618374924 13.890456762002975 0.042792853844833945 13.890521382137992
396.0 -5194.709222448667 491.6250261260233 3901.4885953813464 174.59365483271884 36.96644058164525 144.79236888701095 6823.478890385302 -2998.941646010566 -16.372883560801483 7453.44103317565 2.306220555100517e-09 630.9722395180943 63.056032229262705 0.2877167188240653 -0.4247877941067867 0.8017716276130553 -0.30649090825294617 113.72933099299836 11.099295761542765 0.24203469650566006 0.0018016659684279238 -2.965661833901091 0.006163996523347365 11.225074454461218 0.04343299369650203 11.225157403614537
397.0 -5197.123675650876 484.9996970288644 3899.0741847281447 174.66855348470665 36.939993323360056 144.76651191556408 6820.877606398599 -3004.9102615219717 -16.416119717927586 7453.464059768217 2.309507477864755e-09 630.8056536446181 62.96713245725821 0.309783700110187 -0.43303979625974975 0.7935374505041795 -0.294633515827177 113.76766082796348 7.998522145896568 0.24282370385328178 0.001949966081499732 -3.3475352200912694 0.007788757940726598 8.124609455961059 0.04235482227037439 8.124719115319877
398.0 -5199.531638217371 478.3740328544171 3896.654146990438 174.743397966269 36.913493302965 144.74059542788635 6818.274453897277 -3010.86909355668 -16.45936499652612 7453.487112613741 2.3128072705431996e-09 630.638442372957 62.87811823758749 0.33380625110788886 -0.4417362188285361 0.7837750913048743 -0.281316735987038 113.80615185851926 4.578113371504648 0.2441443898876259 0.0021097715992069283 -3.6018827845382657 0.009322114865841724 4.704512971482546 0.039556625616949885 4.704678895256517
399.0 -5201.933106649357 471.7480421997562 3894.228485624326 174.81818825945766 36.88694060535556 144.7146194684217 6815.669435666363 -3016.818131854356 -16.50261755302995 7453.510168594925 2.316120116197381e-09 630.4706141520405 62.788989943515276 0.3587748909127502 -0.4504461010300407 0.7727132088247063 -0.26700783626179303 113.84518286306722 0.9722753200521264 0.24602709676308823 0.002273520558409794 -3.717096175197787 0.01069637966863187 1.0989917478404811 0.03514324945325586 1.0995534358717625
400.0 -5204.3280774529085 465.12173368524657 3891.7972041061867 174.89292434660845 36.86033531552636 144.68858408815973 6813.062587598698 -3022.7573808258157 -16.545869271116544 7453.5332407968735 2.319446199193114e-09 630.3021776062923 62.69974796601769 0.3836666648815288 -0.45878002636255505 0.7607177612149653 -0.2522484200972312 113.88510993968771 -2.6769161802730856 0.2484052942064439 0.0024337751970343823 -3.6882253029644945 0.011856378050629179 -2.549877765245096 0.029305510890614422 2.550046051270693
401.0 -5206.71654717406 458.4951158513967 3889.360305893421 174.96760621149986 36.83367751815754 144.66248934168766 6810.454040618188 -3028.6868872821206 -16.58912344722671 7453.556446394165 2.322785705579862e-09 630.1331415174005 62.61039270355099 0.40749983916855814 -0.46641551780681656 0.7482856435418965 -0.2376321558537233 113.92627851997348 -6.225264681016116 0.25112340719891096 0.0025838135562389632 -3.5159986981157245 0.012756876164980486 -6.097898639195808 0.022307957763709776 6.097939289507742
402.0 -5209.098512372698 451.8681972057041 3886.917794435269 175.0422338388118 36.806967297803645 144.63633527660255 6807.843790405995 -3034.606638425473 -16.63238739108192 7453.579754779293 2.3261388244539223e-09 629.963514756339 62.52092452576161 0.4293800208239167 -0.47311115950166727 0.7360184693499189 -0.22377542592528654 113.96903028720405 -9.532152455781112 0.253953034173811 0.002718097026752306 -3.2068272972600607 0.013364213967286386 -9.404452869720028 0.014468259140953803 9.40446389891683
403.0 -5211.473969607579 445.240986274851 3884.469673194546 175.1168072135395 36.78020473910006 144.61012193833594 6805.231881542219 -3040.5166433550244 -16.67565475993615 7453.603188897248 2.32950574735503e-09 629.7933063150308 62.43134379005795 0.44854223225392986 -0.4787108668050811 0.7245739206774582 -0.21127802858197572 114.0136911638847 -12.467389614433511 0.2566201385795281 0.0028325757661790993 -2.7772063533455196 0.013653781065178398 -12.33935063612568 0.006132773711697243 12.339352136513726
404.0 -5213.8429154798405 438.6134915175184 3882.015945623844 175.19132632198347 36.75338992640501 144.5838493846741 6802.618408553197 -3046.4169337840194 -16.718917343676367 7453.626826520764 2.332886666407596e-09 629.6225254013121 62.34165089116613 0.4644151177498302 -0.4831464973281021 0.7145800502322199 -0.2006574502357578 114.06051492453649 -14.923677594290886 0.258851410104551 0.002924943946495795 -2.251909330078849 0.013621908761532528 -14.795293762774627 -0.0023475696218263516 14.795293944860905
405.0 -5216.2053465966055 431.9857213861087 3879.5566151785656 175.26579115103854 36.726522944052874 144.55751766900391 6800.00335822549 -3052.307493376409 -16.762185837694688 7453.6506275028605 2.3362817764764747e-09 629.4511813308715 62.251846203778946 0.4765816818882827 -0.4864053858558812 0.70659982401616 -0.1923444561178173 114.10969037403686 -16.814392080583435 0.2604138730883442 0.002994135521661244 -1.6493215159633852 0.013284843274296522 -16.685658340473314 -0.010649656755209836 16.685661642431644
406.0 -5218.561259553503 425.35768436824065 3877.0916853304952 175.34020168772358 36.69960387652293 144.53112683719746 6797.38672014064 -3058.188307023788 -16.805464641481876 7453.674554741652 2.3396912755838007e-09 629.2792835073728 62.16193007199479 0.4847459363227326 -0.48850191319025277 0.7010981361504824 -0.18667796204796033 114.16131953159737 -18.07248785879317 0.26115432132391514 0.0030398167266108282 -0.9903429559620772 0.01266278182475461 -17.943399735767745 -0.018486321455837167 17.943408945224363
407.0 -5220.910650941568 418.7293889815293 3874.6211595692826 175.41455791924457 36.67263280841643 144.50467693344504 6794.768489626677 -3064.059362173941 -16.848753357724945 7453.698577420412 2.3431153641716e-09 629.1068414608587 62.071902829262044 0.4887230875419861 -0.4894586258893315 0.6984018326712474 -0.18388821976243744 114.21537839574465 -18.6529184286115 0.2610360861240855 0.0030620231387688992 -0.29794465048264773 0.011781937747122162 -18.52347221261634 -0.02560453768008911 18.52348928799103
408.0 -5223.253517352068 412.10084376902455 3872.1450414029914 175.48885983304805 36.64560982443709 144.47816800397007 6792.1486658938775 -3069.920648008447 -16.89204894259524 7453.722668974884 2.34655424463066e-09 628.9338648725602 61.98176481100533 0.4884304607224165 -0.48929177816575287 0.6986713916364047 -0.1840856522565876 114.27169675030945 -18.534314739810803 0.2601574508683901 0.0030608647170540727 0.4036267267550232 0.010674676544264164 -18.404507650896672 -0.031780834445769374 18.404534140080973
409.0 -5225.589855378783 405.4720572968922 3869.6633343582475 175.56310741684726 36.61853500938152 144.4516000986211 6789.52724908731 -3075.772154121063 -16.935347736617587 7453.7468038677425 2.3500081210995804e-09 628.760363585958 61.89151635996804 0.48388261965111945 -0.4880039497941761 0.7018868508944758 -0.18725545099219246 114.32996491138128 -17.719840970127894 0.2587429912469605 0.0030363699621298516 1.0896948039146992 0.009378725684990352 -17.589671283821037 -0.03681596848456982 17.589708594428135
410.0 -5227.9196616175805 398.843038155051 3867.176041980363 175.6373006586137 36.591408448142104 144.4249732705152 6786.9042370361785 -3081.6138690401776 -16.978647471496515 7453.770954022559 2.3534771995150463e-09 628.5863476051388 61.801157824913865 0.47519257204721477 -0.4855851158236802 0.7078492073802939 -0.19325789601655444 114.38976676654461 -16.23719117660393 0.257107899065741 0.002988506607102113 1.73602083441314 0.007935830398360311 -16.106658290192843 -0.04053171067807353 16.10670793775605
411.0 -5230.242932663306 392.2137949606708 3864.683167833347 175.71143954653536 36.56423022572228 144.39828757359112 6784.279622535248 -3087.445778973416 -17.02194941829248 7453.7950858344475 2.3569616879355797e-09 628.4118270794451 61.71068955225303 0.46257880296066906 -0.4820220147168727 0.7161972351174273 -0.2018344588763626 114.45062851324013 -14.137720597889802 0.25560498525697456 0.002917374724049831 2.319661971736629 0.006389829330508471 -14.006825032093028 -0.0427718141109326 14.006889030671019
412.0 -5232.559665104097 385.58433636363554 3862.1847154993957 175.7855240689519 36.53700042726071 144.37154305791157 6781.653391921164 -3093.267867130394 -17.06526070176642 7453.819158599172 2.360461797164252e-09 628.236812273314 61.62011187009951 0.44637576969399295 -0.4773141464721827 0.7264383593722272 -0.21261981996091953 114.51206684742999 -11.494735869486634 0.25456909179662535 0.0028235270461244334 2.8197900994387046 0.004783610293693736 -11.363479215751456 -0.04340728448205316 11.363561031179067
413.0 -5234.869855516125 378.9546710479381 3859.680688576135 175.85955421433496 36.509719138038996 144.34473976367573 6779.025551316036 -3099.080125705741 -17.108590970692603 7453.843153355523 2.363977741549365e-09 628.0613135275635 61.52942506806044 0.4270465494925545 -0.47149426026134067 0.7379893217620989 -0.225158095728827 114.57362101239134 -8.401406640353484 0.2542716339321233 0.0027083543358255163 3.216176526590413 0.003163620844908127 -8.269791518962084 -0.04234475767468287 8.26989917573154
414.0 -5237.173500501606 372.3248076533682 3857.171090654421 175.93352997217 36.48238644315539 144.3178777338029 6776.396214207865 -3104.8825961765124 -17.15192573740751 7453.867169230143 2.367509737352009e-09 627.8853413422769 61.43862943988633 0.4052374862580459 -0.4646637392164753 0.7501993839562683 -0.2388955284224865 114.63486558327172 -4.975111257119143 0.2548891313191484 0.0025747209693680515 3.482338952469188 0.0016236314340815517 -4.843141404996138 -0.03956872790478679 4.843302656477534
415.0 -5239.470596692228 365.6947547795985 3854.655925323286 176.00745133291068 36.45500242753796 144.29095702015005 6773.765385517669 -3110.6752706491716 -17.195266199109255 7453.891186128577 2.371058001930496e-09 627.7089064182184 61.347725304382315 0.38177668759337796 -0.4570125942527879 0.7624106417678739 -0.2532114982058747 114.69542060868154 -1.3534027103102906 0.2564837139324863 0.002427209405101594 3.605602518516003 0.00022866387180454152 -1.2210826742483154 -0.03516627578446701 1.221588873993852
416.0 -5241.761140714126 359.06452105017036 3852.1351961852743 176.08131828725283 36.42756717621153 144.26397766827 6771.133095908326 -3116.4581531095755 -17.238621110039958 7453.915212332777 2.3746227557511923e-09 627.5320195575987 61.2567129538402 0.35761170504952305 -0.4488154378247567 0.7740367958134574 -0.2674801112392864 114.754941347982 2.3176222402469877 0.259001465646882 0.002271832254407937 3.580553674880841 -0.0009667214909628947 2.450287338598458 -0.02930890760224888 2.450462513489183
417.0 -5244.045129225299 352.4341150090506 3849.608906818204 176.15513082728614 36.400080773867494 144.23693971903646 6768.499480195508 -3122.2312959170486 -17.281987964217024 7453.9393709446485 2.3782042221920316e-09 627.3546916752468 61.165592659589414 0.33376909088844137 -0.4404252917701758 0.7846041840199078 -0.28110501730690185 114.81309728189291 5.889433156958273 0.26228188235233063 0.002115701391501469 3.4077612257731373 -0.0019141608760765367 6.02243772016386 -0.022244403729941718 6.0224786494522204
418.0 -5246.322558910403 345.803545162934 3847.07706079771 176.2288889460259 36.37254330503282 144.20984322057384 6765.864534437122 -3127.9946878028686 -17.32535862205532 7453.963632412517 2.3818026259730955e-09 627.1769338774455 61.07436471219245 0.31130357441041956 -0.4322552346920384 0.7937727935024428 -0.29354769448243917 114.86955586343609 9.217075084662632 0.26607431371054857 0.001966510004876373 3.093789273330425 -0.0025733943446857163 9.350413181384393 -0.014280154644132924 9.350423988881868
419.0 -5248.593426457094 339.17282003929654 3844.5396617169054 176.30259263676143 36.34495485431149 144.18268822414777 6763.228300333699 -3133.748338550442 -17.368739040662604 7453.988017490917 2.3854181937010503e-09 626.9987574356186 60.983029407481645 0.29123203061482683 -0.42474613076411233 0.8013392338566786 -0.3043518704178957 114.92398635230802 12.166285268890029 0.2700641053648955 0.0018318639837743833 2.655527395171709 -0.002910898218802349 12.29995092524132 -0.005761514799115046 12.299952253845962
420.0 -5250.857728574507 332.5419480951557 3841.996713142727 176.37624189405918 36.31731550600856 144.15547476839927 6760.590874575743 -3139.4922837456797 -17.41213785510172 7454.012607692595 2.3890511559797628e-09 626.820173683464 60.891586993530275 0.27442281494329634 -0.4183098727280494 0.8072341095078083 -0.31318055728920385 114.97611358980878 14.626449415269388 0.273918987817178 0.0017183337156227553 2.118846946646024 -0.002913282248155396 14.760436894287198 0.002951158325339607 14.760437182754487
421.0 -5253.115461985841 325.91093778014675 3839.448218649722 176.4498367130687 36.28962534438494 144.1282028969601 6757.952242475717 -3145.2265076701688 -17.455543281234668 7454.037361868056 2.392701745080555e-09 626.6411941331163 60.80003772993643 0.2615900255649182 -0.4133081351999524 0.8114682935719689 -0.3197909511382088 115.02570889503775 16.508654647347434 0.2773305865744472 0.0016312866529324605 1.503020939395335 -0.0025881297922764885 16.642958425693887 0.011515462531335598 16.642962296855252
422.0 -5255.366623416081 319.27979758131124 3836.89418183931 176.52337708902525 36.26188445384314 144.10087266221177 6755.312391694908 -3150.9509955733074 -17.498950206767176 7454.062241432489 2.396370194437015e-09 626.4618305004377 60.70838190031388 0.2532887555850079 -0.41003337124282424 0.814084682482424 -0.3240116826735314 115.07261313713147 17.74447633915079 0.28005704814712357 0.001574824857735529 0.8299189860973539 -0.0019488471652735824 17.87909126943281 0.019616565426658433 17.879101679286904
423.0 -5257.611209589092 312.64853601697223 3834.33460633402 176.59686301731392 36.23409291890423 144.07348411899758 6752.671315779222 -3156.6657353661167 -17.542358684130704 7454.087214282524 2.4000567394850015e-09 626.2820946643303 60.61661979106492 0.24988869341315653 -0.4086841690096489 0.8151253746095687 -0.3257353443714216 115.11678412149159 18.28850705363803 0.28196659622472703 0.0015516352318752048 0.12357049446004297 -0.0010180010914079933 18.423428571913263 0.026967667275654986 18.423447624165217
424.0 -5259.849217226203 306.0171616316215 3831.769495773392 176.67029449352316 36.206250824187926 144.046037320629 6750.029012152851 -3162.370716731757 -17.585771611135897 7454.1122525966075 2.4037616182060555e-09 626.1019986410873 60.524751677953276 0.25155676789065706 -0.4093481774286444 0.8146074519348879 -0.3249122364830271 115.15832803944159 18.120096183483906 0.28306523578514325 0.0015629164463485154 -0.590687127659238 0.00017171758329007623 18.255320540439133 0.033308671621107955 18.2553498926312
425.0 -5262.080643045731 299.3856829935028 3829.1988538121495 176.74367151347005 36.17835825440301 144.01853231713338 6747.385478993384 -3168.065929690541 -17.629192537714516 7454.137329391396 2.407485071376109e-09 625.921554573462 60.43277782024561 0.2582488707426188 -0.41199415391978855 0.8125118404328742 -0.32154758131956684 115.19750442118917 17.244208409281754 0.28349743784759596 0.0016083467827738476 -1.2871139443206774 0.0015780108566368102 17.37973289690469 0.03840488165670848 17.37977401998873
426.0 -5264.305483763129 292.7541086955793 3826.6226841209123 176.81699407318922 36.15041529435148 143.99096915568737 6744.7407118349465 -3173.7513630116546 -17.672623500035343 7454.162414766899 2.411227340619033e-09 625.7407746083566 60.34069846509465 0.26971058670050085 -0.4164738519217811 0.808787444694912 -0.3157033407979403 115.23470234548594 15.69136322812797 0.283517104038934 0.0016860740718214941 -1.940494479160001 0.003150636426059472 15.82718636749518 0.042048296474080274 15.827240794550166
427.0 -5266.523736091897 286.12244735969904 3824.0409903894115 176.89026216888735 36.122422028945614 143.96334788326732 6742.094700801086 -3179.427002894915 -17.716062717164277 7454.187472836032 2.4149885503979927e-09 625.5596631373967 60.248514036334996 0.28548720876676076 -0.42253370443759963 0.8033700498153298 -0.3075042850181407 115.27039664554242 13.516650611176072 0.28343670118214576 0.0017927369505226698 -2.5270529250330602 0.004834260774592661 13.652772273628656 0.04406309529933901 13.65284202738731
428.0 -5268.735396745751 279.490707642934 3821.453776331937 176.96347579687492 36.09437854323413 143.93566855168947 6739.447429281247 -3185.0928323084036 -17.759502149261607 7454.212460239148 2.418768636526405e-09 625.3782121501031 60.156225259542 0.3049435561478288 -0.42983545233309267 0.7962128191816036 -0.2971465262331106 115.30510029143964 10.797851213814637 0.2835691423094161 0.0019235516875977204 -3.0253233364940866 0.0065731089197664785 10.934272664895715 0.04431464101843262 10.934361371361684
429.0 -5270.940462444163 272.85889823457853 3818.8610456893102 177.0366349536011 36.06628492238893 143.90793122289796 6736.798917544729 -3190.7488515876003 -17.8029349753931 7454.237374395396 2.4225675152445287e-09 625.1964124930374 60.06383291985803 0.327287900519015 -0.43798183516430084 0.7873254687764931 -0.2849090178563006 115.3393303831029 7.633591225835408 0.28417640487611223 0.002072468846823831 -3.413148442085817 0.008300879341880773 7.770315171889726 0.0427218419302528 7.770431894240727
430.0 -5273.138929929204 266.22702776359665 3816.2628021831024 177.10973963666478 36.03814125131653 143.88013595164313 6734.149274887131 -3196.395103471722 -17.846377443617712 7454.262311399347 2.4263851020145744e-09 625.01425484244 59.97133777907142 0.35155277782326605 -0.44652923877662504 0.7768377876538156 -0.27119243167064666 115.37359255640499 4.148569264941823 0.28543043599646567 0.0022321298292575227 -3.6639748528561733 0.009907395110038228 4.28559992174201 0.03930778072569261 4.2857798483260545
431.0 -5275.3307959539225 259.59510483375004 3813.659049529336 177.18278984442412 36.0099476148041 143.8522827859337 6731.498494103512 -3202.0315758151673 -17.8898257980602 7454.287238529402 2.4302213114652853e-09 624.8317297067733 59.87874057723227 0.37666784874433057 -0.4550344629082204 0.7650283565481703 -0.25650844618716073 115.40836325879697 0.48633352806970354 0.2873865829459994 0.002394550540532057 -3.766261669496427 0.011320797045538868 0.6236762474690819 0.034210839086398534 0.6246137982323658
432.0 -5277.51605727966 252.96313806675624 3811.0497914634284 177.25578557552484 35.98170409769886 143.82437178135663 6728.846631173232 -3207.6582865197315 -17.93327181315908 7454.312193030822 2.4340760554171875e-09 624.6488275201093 59.78604208029548 0.401557190840613 -0.46310338686682895 0.7523237997896607 -0.24144559599776147 115.44409379218716 -3.2016997005692565 0.2899773725138481 0.0025520251306034893 -3.7152990585897547 0.012481692415551365 -3.0640387136365406 0.02766293172048287 3.0641634660747705
433.0 -5279.694710709219 246.3311359886771 3808.43503169265 177.32872683014583 35.953410784425 143.79640299556823 6726.193805126596 -3213.275283842735 -17.976720941190933 7454.337282171622 2.4379492436250477e-09 624.4655386055687 59.693243061725354 0.4251983104277474 -0.4704169934435754 0.7392881681928111 -0.22664345006863548 115.481225161735 -6.762565459571527 0.2930207517543022 0.0026977596258830378 -3.5127172287591826 0.013342672208949226 -6.624579313081637 0.019973795023103428 6.624609290249308
434.0 -5281.866753052146 239.69910710886612 3805.814773921112 177.40161360912163 35.92506775931915 143.76837647839542 6723.540001963825 -3218.882552960523 -18.020180246920518 7454.362466009919 2.441840785143365e-09 624.2818531100039 59.60034426966355 0.4466711357604314 -0.476744592965512 0.7265900484123691 -0.21275899770572756 115.52019649121978 -10.048098464490886 0.29623983739466936 0.002826343623634115 -3.1664589898225217 0.013870074018026111 -9.909779828613143 0.011505854196745687 9.909786441369537
435.0 -5284.03218112254 233.06705994653348 3803.189021864659 177.47444591365192 35.896675106740446 143.74029227983883 6720.885290382717 -3224.480118772517 -18.06363889119166 7454.387796317817 2.445750587218078e-09 624.0977610559798 59.50734645354273 0.46520687755501006 -0.48194729822233334 0.7149416801442579 -0.20041895320607014 115.56142382054345 -12.923409649863615 0.29929881415705384 0.0029340486361618882 -2.6974634159640414 0.014041486658802838 -12.784751181171776 0.00264608784734517 12.78475145044521
436.0 -5286.190991777707 226.43500294420159 3800.557779223722 177.54722374625396 35.86823291069629 143.71215046239132 6718.229742197687 -3230.0680079617123 -18.107093645942086 7454.413328481836 2.4496785535574318e-09 623.9132524220857 59.414250404811966 0.48024726377124777 -0.4859754272238847 0.7050054387028662 -0.19015199492556337 115.60523563034123 -15.279485816254516 0.301861997742767 0.00301897486387501 -2.131114950211726 0.013862321063122875 -15.140480458505717 -0.0062240754491902795 15.140481707910816
437.0 -5288.343181872778 219.80294455488286 3797.9210497062804 177.61994710979405 35.83974125521857 143.68395108116442 6715.573337905828 -3235.646203434868 -18.150554984242035 7454.439016669218 2.4536245870871923e-09 623.7283170122403 59.32105689108219 0.49138848017674036 -0.4888294717447757 0.6973635957454241 -0.18239277516483393 115.65188465757396 -17.028957343869024 0.303643158501727 0.003080390360970386 -1.4879279004693107 0.013353486064934752 -16.88959841097238 -0.014759994422194741 16.88960467252788
438.0 -5290.488748252716 213.17089326872193 3795.27883703889 177.6926160071947 35.811200224477915 143.6556941846509 6712.916064401553 -3241.214691136791 -18.19402629761862 7454.464822127362 2.4575885898497994e-09 623.542944460193 59.22776665876131 0.49835391242239796 -0.4905322728719082 0.6924778324152708 -0.17747089580507838 115.70150811564638 -18.10649290984201 0.3044585254554985 0.0031182133100332732 -0.7913387373143738 0.012541287585071646 -17.966774339588774 -0.022658241648775026 17.966788155552738
439.0 -5292.627687759324 206.53885760702207 3792.6311449677887 177.76523044150207 35.782609902757066 143.627379820626 6710.257914328427 -3246.7734597479925 -18.237506312040296 7454.490712474442 2.4615704621779246e-09 623.3571242677309 59.13438045261434 0.5009828070252604 -0.4911090530419073 0.690648131818774 -0.17559408617777908 115.75408012894208 -18.47131319756868 0.30427258710402305 0.0031326122837979785 -0.06686685166327953 0.011459248759034917 -18.33122983290235 -0.029653580083151533 18.331252993489095
440.0 -5294.7599972356975 199.9068461177763 3789.9779772591933 177.83779041593567 35.75397037443156 143.59900803958928 6707.598883609991 -3252.3224995051182 -18.280991496409342 7454.516658968797 2.4655701022026676e-09 623.1708458268058 59.04089902710778 0.49922106265972194 -0.4905734304671091 0.6919858578678496 -0.17683781390733913 115.80939022334245 -18.10881500840702 0.3032179203520383 0.003123712885143453 0.65881436890379 0.010147812890617933 -17.96836286824605 -0.035513369453803165 17.968396805075432
441.0 -5296.885673527755 193.27486737409868 3787.319337699404 177.91029593390468 35.72528172396302 143.57057889585082 6704.93896799868 -3257.86180053175 -18.324478362707623 7454.542632680991 2.4695874056880925e-09 622.9840984262487 58.947323149935016 0.4931178192870898 -0.4889221171240903 0.6964034806248115 -0.1811413035784221 115.86705706841246 -17.03123849905479 0.3015791151393362 0.003091483169145058 1.3588566871447674 0.008653116980577814 -16.890414993047127 -0.040032309495496056 16.890461051395746
442.0 -5299.004713482787 186.64292997609226 3784.65523009498 177.98274699898627 35.69654403590806 143.54209244634188 6702.278159589571 -3263.391351131116 -18.36796580688042 7454.568600617787 2.473622266186495e-09 622.7968712435691 58.85365359804145 0.4828292851186085 -0.4861393499397986 0.7036219006450638 -0.18830994345650348 115.9265741987777 -15.277345035720664 0.2997433394274844 0.0030358262892167254 2.0072306361125056 0.007025116319740128 -15.136149086386933 -0.04303068923956245 15.136208822860311
443.0 -5301.117113945044 180.01104255572372 3781.9856582727425 178.05514361487013 35.66775739494035 143.51354874699842 6699.616444264017 -3268.91113651282 -18.411457639681203 7454.594522872641 2.4776745755412656e-09 622.6091533207767 58.75989114570389 0.4686286349700349 -0.4822102760193078 0.7131948299705121 -0.19802420733545936 115.98737182303198 -12.911109474658037 0.29813212865908334 0.002956859235617636 2.5796969133072087 0.005314864970366247 -12.769541535137193 -0.04435779177368937 12.769617298295532
444.0 -5303.222871748664 173.37921378337884 3779.3106260790064 178.12748578528485 35.63892188588078 143.4849478465242 6696.953801027193 -3274.421138440064 -18.45496518366508 7454.620351882155 2.481744224770166e-09 622.4209335228704 58.66603654408818 0.4509184607107781 -0.47714079573946744 0.7245481204866956 -0.2098552451823097 116.04887317473212 -10.019467484105943 0.29713357948111935 0.0028553104132164678 3.0547064248676516 0.0035698575548519782 -9.877529470156874 -0.04389922282996775 9.877626053155769
445.0 -5305.3219837260085 166.74745234012556 3776.6301373680612 178.19977351429984 35.61003759357722 143.45628978551179 6694.290303183664 -3279.921384831087 -18.49848552586741 7454.646145051947 2.4858311041954235e-09 622.232200531436 58.57209051848765 0.43026049484498446 -0.4709859324941512 0.7370188147178404 -0.2232743261556823 116.11052562486766 -6.7122619443951566 0.2970493048448158 0.0027330548559917206 3.4053466155929883 0.0018713244570849128 -6.569957281348155 -0.041597758893414355 6.570088390701161
446.0 -5307.414446752695 160.11576682932994 3773.944195978223 178.27200680729229 35.581104602515175 143.42757461686364 6691.626017494207 -3285.4119007529825 -18.542008151526716 7454.671952653651 2.489935100527431e-09 622.0429429786161 58.478053835297615 0.40743418471956705 -0.46388931051311416 0.7498851329275762 -0.23764759651164316 116.17181424838414 -3.1267005066292772 0.2980565902733175 0.0025938050336485976 3.6093533741849653 0.0003137255288124672 -2.9840339759745924 -0.03750997101861091 2.984269507823872
447.0 -5309.500257708498 153.48416586572097 3771.252805760332 178.3441856699689 35.55212299720642 143.39880239316565 6688.960929060971 -3290.8926713316596 -18.585540767574003 7454.697734117343 2.4940560986488335e-09 621.8531493636502 58.383927260520636 0.3833776428599636 -0.45608660074849333 0.7624623285872902 -0.2523049604309627 116.23227176475586 0.5854746014711459 0.30018841334013696 0.002442988594268873 3.6575769930270448 -0.0010394464795349559 0.7284972442299649 -0.03179420916905654 0.7291906829584102
448.0 -5311.579413480892 146.8526580436037 3768.5559705603255 178.4163101087084 35.52309286205017 143.36997315864383 6686.295161979567 -3296.363750302664 -18.62908888154584 7454.7236038885685 2.4981939827637866e-09 621.6628079992929 58.28971153349647 0.35913914459463503 -0.44790289579472176 0.7741657046032112 -0.26658869551192554 116.29145921695903 4.266638036332484 0.3033352839192043 0.002287474505483617 3.547450277372945 -0.0021315115755282396 4.410010278099744 -0.02469832188388654 4.4100793025703995
449.0 -5313.651910998083 140.22125186046273 3765.8536941943466 178.4883801313915 35.49401428099442 143.3410869600887 6683.62876720241 -3301.825155874832 -18.672643534151803 7454.749595080979 2.502348634830549e-09 621.4719070833321 58.195407402687096 0.33582688583621706 -0.4397395191644521 0.7845456508148844 -0.27988851320126473 116.34894212965641 7.759964106410042 0.30725901586408694 0.002135109519776787 3.283141671109608 -0.0029148045765851295 7.90367878926853 -0.016544300133592933 7.903695994877129
450.0 -5315.7177471963105 133.58995583348087 3763.1459804988144 178.56039574613132 35.464887338043766 143.31214385228068 6680.961738223909 -3307.2768779344915 -18.71620123119874 7454.775676780656 2.5065199337677668e-09 621.2804347341155 58.101015643315534 0.3145469427371307 -0.43204704930109183 0.7932998560663965 -0.29166917281395843 116.40427845524329 10.916233701667677 0.311617277582384 0.0019940724139648953 2.876391872496901 -0.003352039176556334 11.06028326234931 -0.007704189843287087 11.060285912165586
451.0 -5317.776919023028 126.95877844858079 3760.4328333009594 178.63235696182142 35.4357121170381 143.28314388238732 6678.294187848881 -3312.7189654615754 -18.75977846845285 7454.801951284363 2.5107077576913396e-09 621.0883788869925 58.00653700642173 0.29629813807175265 -0.42527351965303084 0.8002765345721248 -0.30150839966801357 116.45706134525754 13.6059168126454 0.316009845287992 0.0018719194801977898 2.354804124210725 -0.003418988943901819 13.750293706363848 0.0014253492511007465 13.750293778815625
452.0 -5319.829423446781 120.32772813300345 3757.71425640849 178.70426378843055 35.40648870152957 143.2540870917011 6675.626129610301 -3318.1514187950543 -18.803366670449805 7454.828410297958 2.5149119836666213e-09 620.8957273051199 57.911972224642504 0.28189962061594376 -0.41981746529779596 0.8054434697711239 -0.30910631946075356 116.5069537830024 15.726207111203474 0.320039209800209 0.001774896812655569 1.7411260452352844 -0.003121910957857902 15.870903877613395 0.010457671106185812 15.870907234428165
453.0 -5321.875257441807 113.69681334857525 3754.9902536569907 178.7761162359916 35.37721717518876 143.22497353253956 6672.9575442007545 -3323.5742219354474 -18.84695745817544 7454.855008866705 2.5191324852571216e-09 620.7024676910162 57.81732206722373 0.27200610077014437 -0.4160133034759931 0.8088227413358403 -0.31424733184673154 116.55368534810147 17.19617720737509 0.3233628941070814 0.001707944615640532 1.0582133120091282 -0.002475853753184753 17.34118661033678 0.019037735761180813 17.34119673941037
454.0 -5323.914417982692 107.06604259337806 3752.260828907347 178.8479143145815 35.34789762181423 143.19580326219136 6670.288418943198 -3328.9873620537205 -18.890549091389857 7454.881709420084 2.523369133382332e-09 620.5085876462907 57.72258732017919 0.267078864791497 -0.4141032140174831 0.8104513346986425 -0.3167902179791303 116.59711169804145 17.95919649935364 0.32575343204758717 0.0016744943320284812 0.3316542598256784 -0.001505387256963913 18.104511805394754 0.026843913541636833 18.10453103958955
455.0 -5325.946902042033 100.43542439570464 3749.525986040404 178.9196580343847 35.31853012530741 143.16657633759453 6667.618746161963 -3334.3908287391682 -18.934143811251033 7454.908479971579 2.5276217970794045e-09 620.3140746359876 57.6277687689465 0.2673622983693521 -0.41421506532104974 0.8103511751160005 -0.31666110285264454 116.63726521436796 17.985196296615072 0.32714554363940385 0.001676340859106933 -0.4111806881740363 -0.0002464029346257973 18.130811618198535 0.03358687824572758 18.13084168221489
456.0 -5327.97270658948 93.80496731052419 3746.785728954116 178.9913474057306 35.28911476965755 143.1372928126622 6664.948520009648 -3339.784612452896 -18.977745281511034 7454.935290582468 2.531890343887241e-09 620.1189159703204 57.532867189727966 0.27287115984074195 -0.41635032988603005 0.8085123969275799 -0.3138493857655001 116.67437568697387 17.27194358069119 0.3276525191992722 0.0017135831000081806 -1.1421651947593545 0.001254160558129945 17.41785423971112 0.039007846471264165 17.417896565404327
457.0 -5329.991828591686 87.17467991953006 3744.040061563552 179.0629824390921 35.259651638942465 143.1079527380634 6662.27773269071 -3345.16870265172 -19.021356100038247 7454.962109138782 2.5361746398758116e-09 619.9230988026447 57.437883348830404 0.283388557893709 -0.42038314257547404 0.8048932874299121 -0.30840838922370695 116.7088528844945 15.845266684136293 0.3275432224481887 0.0017846056802060493 -1.8334805847992057 0.00294000889757975 15.991469534714245 0.04287917481769593 15.991525521702524
458.0 -5332.004265013277 80.54457083484317 3741.2889878038827 179.13456314504538 35.230140817344875 143.0785561636174 6659.606371140409 -3350.5430861116583 -19.064975198308957 7454.988897624454 2.540474549292996e-09 619.7266101448835 57.34281801045692 0.29847485616467284 -0.42607070388704593 0.7994371932665938 -0.30046079536056963 116.74123753958278 13.758215398235388 0.3271853983522975 0.0018861036232232298 -2.4586767498140025 0.0047485382244783466 13.904709054081067 0.04500957973702509 13.90478046618541
459.0 -5334.01001281922 73.91464870540071 3738.5325116360013 179.20608953420094 35.20058238918108 143.0491031433295 6656.934415157313 -3355.9077459545288 -19.10859507418195 7455.015610008416 2.5447899338203413e-09 619.5294369007825 57.24767195297831 0.3174879980562192 -0.4330742429157329 0.7921034330232652 -0.29020720633019553 116.77213979658092 11.089178392430952 0.32697259907757353 0.002013181488797374 -2.993689923555608 0.006615753014817268 11.235963331714641 0.04525380567207162 11.236053291921243
460.0 -5336.009068980001 67.28492221774923 3735.770637050618 179.27756161719512 35.17097643890466 143.01959374176292 6654.261870543647 -3361.2626783231867 -19.15220656162728 7455.042229355618 2.5491206516253526e-09 619.3315659084628 57.152445989408776 0.33961161576556276 -0.4409872973821876 0.7829081443798234 -0.2779370278469564 116.8021889003725 7.939596004681867 0.3272545331630462 0.002159547231314262 -3.4148429377680083 0.008470756728342289 8.086674617582684 0.04352529871165429 8.086790972087313
461.0 -5338.001430486497 60.65540000553102 3733.0033680220117 179.3489794056622 35.14132305070396 142.9900280184797 6651.588852607337 -3366.6079348353824 -19.19582662985522 7455.068861572424 2.553466561816691e-09 619.132983926081 57.05714091594961 0.3638402053105345 -0.44935186768040825 0.771991850691374 -0.2640677687220165 116.83201181681295 4.438845769477646 0.3282823102107433 0.0023175145924716075 -3.692406644667048 0.01019146702003661 4.586222451011661 0.03984729239655153 4.586395184054657
462.0 -5339.987094341873 54.026090664167725 3730.2307085115303 179.42034291207233 35.11162230856523 142.96040602389047 6648.91535738541 -3371.943507197331 -19.239452911058834 7455.095479063572 2.5578276509102797e-09 618.9336827908658 56.96175743294697 0.3890443408323172 -0.4577044718502579 0.759657486574234 -0.2491417676872784 116.86220810819462 0.7385124005860897 0.330167657875038 0.002478661378760647 -3.8124546620670925 0.011694668022520215 0.8861931333660062 0.03437412130812645 0.8868594903459551
463.0 -5341.966057556865 47.3970028115931 3727.452662502293 179.49165214907688 35.08187429654217 142.9307278160241 6646.24142821696 -3377.2694111028536 -19.28307629423989 7455.122107272946 2.5622041008177336e-09 618.7336624355696 56.86629616213874 0.4140832875494566 -0.46563195247841627 0.7463684635240762 -0.23378629656179997 116.89334655172266 -3.0004167537614466 0.3328678407153004 0.0026348644663345727 -3.769210545891978 0.012913707792524366 -2.852424756095623 0.027365182713178195 2.8525559106949254
464.0 -5343.938317181992 40.76814496919021 3724.669233947083 179.56290713078596 35.0520790982219 142.90099345606683 6643.567196160021 -3382.5857070535153 -19.326701655711304 7455.148870200591 2.566596111489349e-09 618.532923521279 56.77075772521323 0.43787196157146824 -0.47280120782101737 0.7327374222050321 -0.21868478056981094 116.92598317090385 -6.614719775962837 0.33619166161807273 0.002779011421705131 -3.564006361363857 0.013795912713814706 -6.466408280765607 0.019166741700367602 6.466436565563815
465.0 -5345.90387027684 34.13952563130465 3721.8804267905734 179.6341078720157 35.022236797035085 142.8712029969569 6640.892646017536 -3387.8923815944963 -19.370336914425025 7455.175727985759 2.5710038860281716e-09 618.33146667722 56.67514271582087 0.45943590316107424 -0.4789742507777419 0.7194900183528331 -0.2045395596678279 116.96067366010696 -9.946069932679928 0.33982110730501347 0.002905520331583935 -3.2052730498017614 0.01430468841973468 -9.797429961038391 0.010183089601800204 9.79743520132196
466.0 -5347.86271390411 27.511153305874362 3719.0862449905007 179.70525438784998 34.992347476436265 142.84135649097573 6638.217840149694 -3393.189460971627 -19.413971676460733 7455.202727869098 2.5754276295798754e-09 618.1292925518414 56.57945172403327 0.47796315191453925 -0.484011259671677 0.7073983839731766 -0.1920204475442496 116.99795229338952 -12.850169418805597 0.3433535925019539 0.003010640162960425 -2.7150847246414775 0.014418277322895964 -12.701191708523108 0.0008435934919682894 12.701191736077787
467.0 -5349.814845169399 20.883036419962266 3716.2866924859673 179.77634669465246 34.96241121947562 142.81145400380785 6635.5428562100005 -3398.476979522571 -19.457601251255028 7455.229934427971 2.5798675472499063e-09 617.9264019083437 56.483685381349524 0.4928683726973547 -0.4878667697324221 0.6971768129188891 -0.1816900484720442 117.03825339614616 -15.210702174997278 0.3463747427116058 0.0030925768900130733 -2.121609002845397 0.0141451706625946 -15.061377579520098 -0.008432108076474255 15.06137988525684
468.0 -5351.760261177171 14.255183409180557 3713.4817732231213 179.8473848091024 34.93242810920318 142.78149559384912 6632.867670178265 -3403.754919623061 -19.50123683014658 7455.2572981213825 2.5843238471717173e-09 617.7227954847755 56.387844294293764 0.5037348566268635 -0.4905479167066209 0.6894461301371783 -0.1740056587378023 117.08191917538744 -16.935419551839797 0.3485229269250596 0.003150769690642818 -1.4475065340880588 0.013511025533484463 -16.785739174217692 -0.017267271841595964 16.785747799966458
469.0 -5353.698959021625 7.627602749472968 3710.671491168741 179.91836874785298 34.902398228812196 142.75148131246632 6630.192264591205 -3409.023266959648 -19.544881921216074 7455.284776755788 2.5887967404831363e-09 617.5184739954784 56.291929045362025 0.5102824106226954 -0.49208321708400266 0.684690176057864 -0.16930839224090577 117.12915045954755 -17.956398064371367 0.34955789355535305 0.0031852939620680876 -0.7186475807490047 0.01254815929452741 -17.806353610105976 -0.025332621859476705 17.80637104620023
470.0 -5355.630935794113 1.0003029504882537 3707.8558503111803 179.98929852760244 34.87232166160939 142.72141121036793 6627.51662800597 -3414.2820102600936 -19.588535038091322 7455.3123348915615 2.593286440389658e-09 617.3134381742577 56.19594021346075 0.512354388630291 -0.4925006433442346 0.6832111809378733 -0.16780518167885272 117.1799456499897 -18.232801474375222 0.34942069172844165 0.0031964122497330273 0.036835695157054114 0.011297366934096387 -18.08238567214407 -0.03234263104081531 18.082413629818888
471.0 -5357.556188587695 -5.626707449133174 3705.034854660561 -179.93982583485615 34.84219849099396 142.69128534123047 6624.840752121504 -3419.5311398220356 -19.632192451138962 7455.339940617251 2.597793161628164e-09 617.1076887992222 56.099878385466404 0.5099077590703454 -0.4918129001305033 0.6851016129208528 -0.16955803867209737 117.23407258385028 -17.752609482128516 0.3482601993725265 0.0031842599907065884 0.7896284645638911 0.009807362372937268 -17.60181650890344 -0.03804926045566697 17.601856331794732
472.0 -5359.474714498384 -12.25341988302106 3702.20850824886 -179.86900432262235 34.812028800452424 142.66110376257262 6622.164627885966 -3424.770645502993 -19.675850842262662 7455.367561175601 2.6023171203371648e-09 616.9012266990196 56.003744158947065 0.5030102788993296 -0.4900128694671251 0.6902351740335629 -0.17448051927097794 117.2910855975446 -16.53323599770929 0.346413245586027 0.0031487454417611954 1.5103679244139967 0.0081331384761587 -16.38206182954027 -0.04223672950111 16.382114785592105
473.0 -5361.386510623064 -18.879825754403164 3699.37681513018 -179.79823691871783 34.78181267357157 142.63086653402354 6619.488241720594 -3430.0005147478696 -19.719510037628424 7455.395158710501 2.606858534316916e-09 616.6940527412613 55.90753813657963 0.4918460846842485 -0.4870801854234443 0.698277838049582 -0.18234139090574106 117.3503831242206 -14.621003196085002 0.34434209787039266 0.0030896896565234897 2.1707897403357905 0.006333520958447308 -14.469445820149591 -0.04472085018268072 14.469513454097955
474.0 -5363.291574054154 -25.505916430161545 3696.5397793807947 -179.7275236061505 34.75155019406622 142.60057371273055 6616.811572986051 -3435.220731242168 -19.763175948303342 7455.422687405569 2.611417623723331e-09 616.4861678011816 55.811260911516655 0.4767278770487056 -0.48299771595187047 0.7087180494740324 -0.19277568306099582 117.4112845712598 -12.089481883774937 0.3425487956858048 0.003007173480969775 2.7448415336466643 0.004467558958378525 -11.937541349091447 -0.04535427995638602 11.937626255705059
475.0 -5365.189901871977 -32.131683234663264 3693.697405097801 -179.65686436798026 34.72124144580874 142.57022534605466 6614.134605177324 -3440.4312807123442 -19.806861073113396 7455.45010609378 2.615994612179905e-09 616.2775727113401 55.714913044243296 0.458111920350737 -0.47777494715729285 0.7209128455903672 -0.20530279434095744 117.4730982009903 -9.036873524922052 0.3414911027581414 0.0029020096824870483 3.2086793406009924 0.0025928278748243916 -8.88455187983766 -0.04403571865259558 8.884660133217983
476.0 -5367.081491170481 -38.757117516385726 3690.849696375076 -179.5862591866093 34.69088651252379 142.539821479148 6611.4574495117595 -3445.6322154720574 -19.85055263734739 7455.477517600293 2.6205897256524444e-09 616.068268313388 55.618495086755956 0.4366504924937223 -0.4714856190173393 0.7341213122890358 -0.21932523180849528 117.53515245559892 -5.588869026890696 0.341517325887232 0.002776462762086864 3.530640307971093 0.0008203941963751881 -5.4361703851418035 -0.0407493249950632 5.436322652136899
477.0 -5368.966339081205 -45.382210689592455 3687.996657293724 -179.5157080433426 34.660485477595955 142.5093621696746 6608.780125400925 -3450.823540354635 -19.8942478653164 7455.504921442818 2.6252031902265717e-09 615.8582555596133 55.52200762919754 0.41322186370236225 -0.4643017733224458 0.7475606963774674 -0.2341464496412761 117.59681671975613 -1.8980633022523632 0.34281806357133615 0.0026348099427482207 3.6923600845743945 -0.0007602225894768366 -1.744993462905458 -0.035610101865424716 1.745356660639605
478.0 -5370.844442731504 -52.00695414135545 3685.1382919515218 -179.4452109193802 34.63003842449482 142.47884746984997 6606.10264174683 -3456.005254743036 -19.93795664668164 7455.532305356954 2.6298352348220847e-09 615.6475353895779 55.42545124283025 0.388858289160761 -0.4564938004395866 0.7605113104405697 -0.249048565149764 117.65750986761392 1.8707868205972153 0.3454042850536537 0.0024831307159553285 3.6860315060452487 -0.002080381994200482 2.0242207810687813 -0.02884044061768245 2.024426139782634
479.0 -5372.715799272034 -58.63133933139021 3682.2746044191967 -179.3747677947566 34.59954543631502 142.44827742494573 6603.425147180598 -3461.1774315250877 -19.98167866163999 7455.559814956745 2.634486091435318e-09 615.4361087195615 55.328826475397776 0.3646976030679647 -0.4484261239872668 0.7723746540181285 -0.2633383061246765 117.71667380155195 5.548846818850939 0.34911129676626135 0.002328988258328485 3.511346014296417 -0.0030809802604895437 5.702636755609368 -0.020757077551318972 5.702674407595254
480.0 -5374.580405885084 -65.25535778166756 3679.405598752606 -179.30437864845683 34.56900659582073 142.41765208742908 6600.747642163401 -3466.340066367309 -20.025404112181377 7455.587428770376 2.639155992998362e-09 615.2239765402982 55.23213389585495 0.3419225226694283 -0.44053768628007894 0.7827052196588065 -0.2763839260471358 117.77374750160577 8.970764856923488 0.35361802330262665 0.0021808471096469027 3.175560514125723 -0.0037149991022843746 9.124901734355747 -0.011748317922952807 9.124909233286878
481.0 -5376.438259757412 -71.87900098869834 3676.531279029113 -179.2340434593519 34.53842198584936 142.3869715146341 6598.0701557878165 -3471.4931698829896 -20.069137693214543 7455.615157686846 2.643845173728564e-09 615.0111399012757 55.135374086893194 0.32168221853752127 -0.4333053664766214 0.7912184694592063 -0.28764621194441364 117.82816662646525 11.983178551834595 0.35848389025539246 0.0020472762306358782 2.6975262385418937 -0.003948125844655741 12.13765278086989 -0.002243954105362146 12.137652985183703
482.0 -5378.289358092785 -78.5022605217989 3673.6516492946675 -179.16376220515525 34.507791688857615 142.3562357501283 6595.392793783295 -3476.6367932581425 -20.112891003005416 7455.643099351616 2.648553871983239e-09 614.7975997815198 55.03854758617815 0.3049611334251069 -0.4271785462720041 0.7977919442697202 -0.2967241317509431 117.87943964905064 14.459974470470774 0.3632193018076999 0.0019357975835859963 2.108324753745997 -0.0037719809757864467 14.614776340056508 0.007317242854562242 14.61477813193326
483.0 -5380.133698110144 -85.12512796578903 3670.7667135983324 -179.09353486303644 34.47711578718335 142.3254448414615 6592.715535059965 -3481.770921321923 -20.156651036276344 7455.671208239062 2.6532823275614298e-09 614.5833572125539 54.94165494240258 0.29255687088187904 -0.42254756986725606 0.8024049031810874 -0.3033321609226916 117.92715178829603 16.301751085476276 0.3673578680522487 0.0018525323086633122 1.4316361609849002 -0.0032024234469585893 16.456870817374156 0.01652518509561163 16.456878884836794
484.0 -5381.971277032044 -91.74759486283989 3667.876476020784 -179.02336141024065 34.446394363314404 142.29459884603042 6590.03835843261 -3486.8955386788775 -20.200412179684236 7455.699438679382 2.6580307807985824e-09 614.3684133195901 54.84469673363173 0.2850739853785384 -0.419720235897186 0.8050785367364455 -0.3072723484550982 117.97100188967066 17.43408062782512 0.37052979312720136 0.0018020755811296847 0.694098608090844 -0.0022641068475953807 17.589508682581084 0.025009185447238104 17.589525899818863
485.0 -5383.802092080564 -98.36965271881999 3664.980940667585 -178.95324182402118 34.4156274998607 142.2636978237203 6587.361249259456 -3492.0106332612504 -20.244174801941426 7455.727752383945 2.6627994736904244e-09 614.1527692707324 54.747673544031166 0.2828909054604434 -0.41889225981180783 0.8058380988904182 -0.3084266017291698 118.01087889162439 17.810549939313436 0.37253596866067834 0.0017872703985700306 -0.07507924148531037 -0.0009939601714071572 17.96627746850489 0.03243775663962563 17.96630578523271
486.0 -5385.626140475298 -104.99129300857078 3662.0801116645034 -178.8831760815834 34.38481527953049 142.23274183244584 6584.684196660187 -3497.116194912629 -20.28794224018293 7455.756115315665 2.6675886505839323e-09 613.9364262460002 54.65058594983774 0.2861390592596156 -0.4201279455801465 0.8046868571894892 -0.30675072937994885 118.04691155563498 17.414764055363328 0.37339393986864644 0.0018090885800314382 -0.8452670158142882 0.0005582391399967157 17.570783436709906 0.03851656669481835 17.570824320596074
487.0 -5387.443419432755 -111.61250717770027 3659.173993155989 -178.81316416006615 34.353957785122375 142.20173092662498 6582.007189487848 -3502.21221328181 -20.331717899862042 7455.784493135699 2.6723985584232397e-09 613.7193854266184 54.55343451460595 0.2946947348927566 -0.42335318848544595 0.8015973096415175 -0.3022727976533381 118.07947253408351 16.261163602985267 0.3733365602314397 0.0018665836213815562 -1.585628647541592 0.0023312416720774956 16.417468967602733 0.04298759735457662 16.41752369823596
488.0 -5389.2539261670045 -118.23328664024905 3656.2625893071163 -178.74320603656733 34.32305509953707 142.1706651585675 6579.330212268538 -3507.298675667682 -20.37550231920227 7455.812846598593 2.677229446545525e-09 613.501648004663 54.456219793603445 0.3081838215686532 -0.42836159686816555 0.7965217795836338 -0.29509681309837493 118.1091347069829 14.394612600102395 0.37276061562878593 0.0019569021356010668 -2.2663575839036416 0.004255288460175116 14.551200252695102 0.04563283081732866 14.551270260211016
489.0 -5391.0576578918835 -124.85362277283703 3653.345904308762 -178.67330168820698 34.29210730580531 142.139544582895 6576.6532423491435 -3512.3755654762635 -20.41929004826443 7455.841128300835 2.6820815660005764e-09 613.2832152140852 54.358942347647556 0.32599985970448525 -0.43483330982301605 0.7894205689671902 -0.28541066804262005 118.13659759485597 11.888762058507163 0.37214161892640085 0.002075375149300006 -2.8598818075841397 0.006256921921962687 12.045630723285818 0.046283583687017626 12.045718328011901
490.0 -5392.85461182546 -131.47350690805382 3650.423942384849 -178.60345109219935 34.26111448711999 142.10836926393003 6573.9762587646055 -3517.4428669090203 -20.46306857266859 7455.869292707943 2.6869551683946804e-09 613.0640883828816 54.261602766113974 0.34733518264866314 -0.4423645839988093 0.7803024417073958 -0.2734957864089619 118.16261341028387 8.843332820815078 0.3719409020637407 0.0022157309654958044 -3.3411326795774148 0.008263223797047916 9.000483721562176 0.04483291285725766 9.0005944610139
491.0 -5394.644785201744 -138.09293039812914 3647.4967077604365 -178.53365422518095 34.230076726538684 142.07713926847396 6571.2993707465575 -3522.500633834657 -20.506851236130387 7455.897442044605 2.691850507008766e-09 612.8442688827865 54.16420164424721 0.37118312733060843 -0.4504913160173739 0.7692892511085225 -0.25975894268897154 118.18794790139901 5.3866127233201 0.3725272373356811 0.0023702060712703678 -3.677076792965623 0.010146489909446098 5.5440497355756175 0.04127600249013827 5.5442029055939415
492.0 -5396.428175270817 -144.7118846657211 3644.564204629866 -178.46391106267438 34.19899410674292 142.04585464926345 6568.622601254155 -3527.548874355316 -20.55064201688174 7455.925580875903 2.6967678394014884e-09 612.6237580127786 54.066739531598145 0.3963654481809554 -0.4587244412598605 0.7566780609259052 -0.24475422487170945 118.21335222294248 1.6755396650633143 0.37411487717685665 0.002529961016099688 -3.847772877262447 0.01180078773683123 1.8332689531419504 0.03575932776857345 1.8336175576349392
493.0 -5398.204779288011 -151.33036110639253 3641.6264372105215 -178.39422158012337 34.1678667104946 142.01451546439807 6565.945955203512 -3532.5875869741326 -20.594431004493117 7455.95369331687 2.701707424378063e-09 612.402557135692 53.96921699268323 0.42166723398819417 -0.4666173935991158 0.7429410430748608 -0.2291365494336321 118.23953919658587 -2.119761149794434 0.3767292369607852 0.0026862920282505697 -3.8447637505449057 0.013148348354867202 -1.9617316069602673 0.028552019310516572 1.9619392949254888
494.0 -5399.9745945419245 -157.94835118790377 3638.6834096998223 -178.3245857518499 34.13669462016998 141.9831217785997 6563.269583978814 -3537.6168490682885 -20.638218918566054 7455.981929891824 2.706669515862187e-09 612.1806677230345 53.87163461987085 0.4459186000942334 -0.4738041458380272 0.7287171688312629 -0.21362940183234472 118.26720147909013 -5.824665080527374 0.38020494571426894 0.0028314821796299656 -3.6675524979724603 0.014127155785133627 -5.666325790230198 0.020025321661086486 5.666361060356223
495.0 -5401.7376183410415 -164.5658464450642 3635.735126269248 -178.25500355110935 34.105477917780334 141.95167364912922 6560.5934885501265 -3542.6366575210036 -20.682015479965912 7456.01027057918 2.7116542557226567e-09 611.958091912722 53.77399315722793 0.46805945333371857 -0.4800195858966504 0.7147772513712655 -0.1989849899431801 118.29703087401738 -9.268079889050055 0.3842055814522655 0.002959427456850541 -3.3236838135762334 0.014693674651542508 -9.109420119850489 0.010621431747191592 9.10942625979157
496.0 -5403.493847990799 -171.18283838632794 3632.7815911071557 -178.18547495107646 34.07421668540994 141.92017112875124 6557.917696452631 -3547.6470236979058 -20.725815827398947 7456.0387255996 2.7166616825757913e-09 611.7348324742475 53.67629349564942 0.487192806868257 -0.48510380550663545 0.7019589089127547 -0.18593320579397515 118.32970993477842 -12.291439723853124 0.38826744336181296 0.003065975603523348 -2.8328446618610372 0.0148231042311663 -12.132447957119641 0.0008151881014979011 12.13244798409562
497.0 -5405.243280836075 -177.79931859503714 3629.822808384246 -178.1159999237884 34.042911004738315 141.8886142841829 6555.242314460183 -3552.648002111945 -20.769607864973523 7456.0673954042395 2.7216918287668793e-09 611.51089233946 53.57853657691589 0.5026606258503404 -0.4890004377688874 0.6910511609285971 -0.17509757297238257 118.36581950183407 -14.764632723689974 0.39188363910840174 0.0031491108705690193 -2.22757064824878 0.014521041222482324 -14.605297244279534 -0.008925260348698467 14.605299912055415
498.0 -5406.985914230801 -184.41527867042257 3626.858782269875 -178.0465784407639 34.01156095731659 141.85700317884238 6552.567319206148 -3557.639576868429 -20.813403960390588 7456.096232574619 2.726744726866145e-09 611.2862744580391 53.48072333432409 0.5140041433976213 -0.4917171521351108 0.6827382379593949 -0.16698048177650776 118.40582596459721 -16.58564407388848 0.39459058648170064 0.0032082865806201976 -1.5328585037115232 0.013817332753253 -16.425953164905962 -0.01817784199855914 16.425962946107788
499.0 -5408.721745517159 -191.03071016703882 3623.8895169558728 -177.9772104736386 33.98016662485391 141.82533786724952 6549.892687133603 -3562.621731918396 -20.857209029758906 7456.125189458127 2.7318204105736727e-09 611.0609817575846 53.38285467544901 0.5209144710839516 -0.49328665607530836 0.6775585041815823 -0.16195944604926354 118.45003728871653 -17.67881531736015 0.39605414213927087 0.0032436705238822637 -0.776811976866639 0.012749710692193593 -17.51875771110336 -0.02657544847127236 17.518777236078662
500.0 -5410.450772033687 -197.6456046015876 3620.9150166577847 -177.90789599409536 33.948728089186275 141.79361840235092 6547.218401378237 -3567.594454784107 -20.90102207350901 7456.154225998535 2.7369189135589744e-09 610.8350171955415 53.28493150490337 0.523217363083434 -0.4937414478669243 0.6758532314041861 -0.16026660047187374 118.49852161542279 -17.998026406923014 0.3961511147432465 0.003255622205193116 0.009793331450707045 0.011365811584741224 -17.837591881286137 -0.03380218734911843 17.8376228673013
501.0 -5412.1729911204875 -204.2599534584279 3617.935285615012 -177.83863497380858 33.917245432251406 141.7618448398374 6544.544448715165 -3572.557734903266 -20.944839358865465 7456.183306271474 2.742040268766403e-09 610.6083837900599 53.18695473767231 0.5208614686154639 -0.49309656765492516 0.6777335963602991 -0.16197616442924428 118.55106315303472 -17.528753471706345 0.39501208164064955 0.003244320877349604 0.7947541420951917 0.009722592483146943 -17.367933489687513 -0.03958662082790657 17.367977214049592
502.0 -5413.888400120798 -210.87374819119273 3614.9503280908802 -177.76942738442858 33.88571873608218 141.73001723932336 6541.870815251546 -3577.5115612738327 -20.988657508720053 7456.212393583748 2.747184508216949e-09 610.3810846286615 53.08892530269554 0.5139146876118224 -0.49134387755887227 0.683069442919562 -0.167000071831764 118.60717464252545 -16.288843039261533 0.3930058044889973 0.003209638942353877 1.5457540459361883 0.007884341247660607 -16.12763130703259 -0.04369610720155269 16.127688930231866
503.0 -5415.596996378814 -217.48698021988093 3611.9601483729916 -177.700273197612 33.854148082820934 141.69813566243695 6539.197482201813 -3582.4559201199672 -21.032476672841767 7456.241445655587 2.7523516633082343e-09 610.1531228548606 52.990844136926114 0.5025703587971112 -0.48845912934506935 0.6915009696829879 -0.17509175407621894 118.66616356677217 -14.327958770777549 0.3906670759963685 0.003151294377896911 2.231695060065935 0.005919676786362242 -14.166351604271142 -0.04593641431715298 14.166424557883138
504.0 -5417.298777233812 -224.09964092416342 3608.964750773441 -177.6311723850908 33.822533554752006 141.66620016759774 6536.524423087237 -3587.3907933193022 -21.07630391784255 7456.27041141849 2.7575417656587326e-09 609.9245016309497 52.892712169256114 0.4871612207695776 -0.48442045799447797 0.7024723886593317 -0.18585830093371697 118.72722637871762 -11.72571097456784 0.388591548128966 0.003069245512386404 2.823991416397997 0.0038971066147084786 -11.56370742704662 -0.046158095161181266 11.56379829558108
505.0 -5418.993740012745 -230.71172163872987 3605.9641396266584 -177.56212491871793 33.79087523432391 141.63421080224984 6533.851626946945 -3592.3161711506664 -21.120151404741137 7456.299257491157 2.762754848381134e-09 609.6952240822733 52.79453029675134 0.46817792980522643 -0.47923511999270973 0.715282963826132 -0.198779796430548 118.7895337361074 -8.588876199833782 0.3873296928922131 0.0029642396003139206 3.2956316539159802 0.0018873623580324666 -8.426478025136609 -0.044267918477680086 8.426593464001124
506.0 -5420.681882063298 -237.3232137410856 3602.958319256842 -177.4931307695562 33.7591732037307 141.60216761510867 6531.179212797931 -3597.232115563873 -21.164002974027426 7456.328098866748 2.767990944101609e-09 609.4652933848105 52.69629942237198 0.44633495911583293 -0.47298353340589383 0.729120059038412 -0.21320323849736877 118.85226717420775 -5.055639364388616 0.3873029527297965 0.0028386693623699564 3.6120341737834174 2.0257784109395678e-05 -4.89285105465553 -0.040280460649167384 4.893016453329159
507.0 -5422.363200765107 -243.93410866360205 3599.947293978048 -177.42418990775974 33.727427544853334 141.57007066625428 6528.507181362808 -3602.1386236744856 -21.20785914853809 7456.356915717148 2.77325008329971e-09 609.2347128379012 52.598020485838155 0.42258346221328374 -0.4658515097223018 0.7431351674975345 -0.22837624916286212 118.91465074539589 -1.2915821385546291 0.38873975668022104 0.002697091650821067 3.755325483115614 -0.0016098322582044392 -1.1284104092206502 -0.03435511041142783 1.1289332011442512
508.0 -5424.037693492826 -250.54439781180093 3596.931068120331 -177.35530230342232 33.69563833964909 141.53792000814155 6525.835563841262 -3607.0357094365518 -21.25173072680991 7456.385723090291 2.7785322974060925e-09 609.0034857281723 52.499694405382215 0.39803647948883886 -0.4581311910689418 0.7565556337638943 -0.24352894239904224 118.97596155177149 2.5257686438175533 0.3916470879376431 0.0025460235624589806 3.718068061531688 -0.0029276147041156354 2.689315326771013 -0.026769092283116275 2.689448453640562
509.0 -5425.705357650472 -257.1540726907233 3593.9096459735492 -177.28646792526297 33.66380566954207 141.5057156878102 6523.1645039413825 -3611.9234494853144 -21.29561392557298 7456.414664810104 2.7838376184536834e-09 608.7716153452645 52.40132208463547 0.3739150308185586 -0.4502149258421352 0.7687455896085006 -0.2579230287011918 119.03549767641697 6.21568886297286 0.39581470600591845 0.002393575639938805 3.5013413409415146 -0.0038702203667723796 6.3796005162611715 -0.01790045672617347 6.379625525698979
510.0 -5427.366190667508 -263.7631248444573 3590.8830318227747 -177.21768674126645 33.63192961571348 141.47345776142367 6520.493983568471 -3616.801831216231 -21.339499041465388 7456.443699932364 2.7891660766836875e-09 608.5391050865852 52.30290445705976 0.3514777182441219 -0.4425710198853893 0.7792379670277851 -0.27089203878651796 119.09254947466847 9.602814896473557 0.4008403074322286 0.002248772641436617 3.1147554530193404 -0.004390152009561429 9.767080250544788 -0.008198684452315634 9.767083658218478
511.0 -5429.02018997853 -270.3715458011255 3587.8512299691033 -177.14895871925555 33.600010259365654 141.44114628685452 6517.824062936172 -3621.670885308538 -21.383397054995385 7456.472877074719 2.7945177017538583e-09 608.3059584042522 52.20444246320035 0.33192354142261987 -0.4356979238872872 0.7877426427220472 -0.28187871612993265 119.14641410118048 12.527819135608716 0.4061815037844537 0.0021205938357075063 2.583426280709695 -0.004457013965294232 12.69242607203558 0.0018513663949972993 12.692426204843354
512.0 -5430.667353035681 -276.9793271756313 3584.814244673448 -177.08028382581767 33.56804768122318 141.40878130718716 6515.154821380272 -3626.5306534877873 -21.42731301599747 7456.502266946899 2.7998925254768695e-09 608.0721786860432 52.10593700047466 0.3162521917273967 -0.43005264002748 0.7941413426029135 -0.2904803022613662 119.19649012647771 14.863347601542912 0.4112502725602884 0.002016733288353511 1.9398869492943622 -0.004074850077010678 15.028283589331412 0.011769984359247516 15.028288092205615
513.0 -5432.307677303449 -283.58646057332436 3581.7720802135505 -177.01166202731972 33.53604196199852 141.3763628742504 6512.48622720253 -3631.381116008256 -21.47123389507192 7456.531813322396 2.805290577928221e-09 607.8377694251974 52.00738899493964 0.3052620361300472 -0.42602370603900797 0.7984106628570058 -0.29641070261845004 119.24227390339871 16.51018511911278 0.41550329646404677 0.0019433609527779792 1.2108035817412486 -0.003267281825800189 16.67543737117621 0.02111836237140617 16.675450363968107
514.0 -5433.941160249606 -290.19293755455845 3578.724740900137 -176.94309329027746 33.50399318256458 141.34389104834477 6509.81825596641 -3636.222256950625 -21.515155632529513 7456.56146823578 2.8107118874712605e-09 607.6027342188859 51.90879940030376 0.2995276082163849 -0.42390040233194937 0.800564656412849 -0.2994793677727403 119.28343086428687 17.397711556637447 0.41853968907323846 0.001904883511313683 0.4265507453139141 -0.0020694573207183874 17.563267524124857 0.029504584805455984 17.563291525396075
515.0 -5435.567799341062 -296.7987496417637 3575.6722310696878 -176.87457758127925 33.47190142392061 141.31136589082564 6507.15088954312 -3641.054063771164 -21.559079788422423 7456.591190920127 2.816156481980496e-09 607.3670767148667 51.81016917529252 0.2993654037102651 -0.4238427025666924 0.8006167762442169 -0.29958387162641087 119.31988582720356 17.487042603752393 0.4201890932374117 0.0019037030747906534 -0.3799932028654701 -0.0005310910006125013 17.652890668138745 0.0365823912533041 17.652927366204192
516.0 -5437.1875920420125 -303.40388832393677 3572.6145550803312 -176.80611486693843 33.439766767170866 141.27878746024777 6504.484112392162 -3645.8765252790754 -21.60301009512841 7456.6209435633955 2.821624389486034e-09 607.13080058365 51.71149927195947 0.30481468843442433 -0.42586407484491823 0.7985573538750594 -0.296705153381551 119.35187037700418 16.77285585982253 0.4205546790807288 0.0019400975994512907 -1.1748165022620236 0.0012839073068111329 16.938986118501166 0.04204893420182231 16.939036779574757
517.0 -5438.800535813756 -310.00834505689437 3569.551717311584 -176.73770511389057 33.40758929352407 141.24615581186606 6501.8179068798445 -3650.689629041332 -21.646949084516564 7456.650685945937 2.8271156382627467e-09 606.8939095148753 51.6127906342293 0.31563357493826155 -0.42982905875027694 0.7943519151459401 -0.2909079949563454 119.3799079419521 15.283811159185358 0.41999121086368935 0.002012190099054033 -1.924205678264012 0.003299903101242726 15.450216152318346 0.04564563505083079 15.45028193690018
518.0 -5440.406628116272 -316.6121112590745 3566.4837221680837 -176.6693482888391 33.37536908431482 141.21347100056872 6499.152249128114 -3655.4933590494575 -21.690894589771005 7456.680370668291 2.8326302563408626e-09 606.6564072386283 51.514044206816614 0.331310698001489 -0.435466037627526 0.7879611131741251 -0.28234701271333096 119.40474264930293 13.08153360796155 0.4190231332323187 0.002116006771949337 -2.5961785304277734 0.005433939906523803 13.248208844849138 0.0471652897538087 13.248291300158693
519.0 -5442.005866411992 -323.2151783041828 3563.4105740868563 -176.60104435863502 33.3431062210421 141.1807330874165 6496.487106810827 -3660.2876944452596 -21.734836086666974 7456.709940594875 2.8381682703979834e-09 606.4182975731188 51.41526095495273 0.35109295400994334 -0.44239406312634916 0.7793783141459127 -0.27127601072377694 119.42724230275124 10.258188408700534 0.418230277560661 0.002245660153830279 -3.1618575302813974 0.007602904752205192 10.42513262345236 0.046464831009505596 10.425235024624348
520.0 -5443.598248173581 -329.8175375357735 3560.3322775334605 -176.53279329012943 33.310800785299854 141.1479421444421 6493.822518361589 -3665.07265412169 -21.778770567469792 7456.7394198012635 2.8437297049292925e-09 606.1795844599459 51.316441878723495 0.3740154539549751 -0.4501563626593079 0.7686834634659363 -0.2580647638756758 119.44831984441666 6.934791720310379 0.4181358312374797 0.0023936196393101964 -3.589528584941266 0.009698169094084098 7.102007019509818 0.043487512760136515 7.1021394785961975
521.0 -5445.183770892205 -336.41918038065637 3557.248836936004 -176.4645950489914 33.27845285821761 141.11509823099314 6491.158580851104 -3669.8482903120457 -21.82271549472989 7456.7688999039465 2.8493145862501826e-09 605.9402717921026 51.21758794170278 0.39888889555141965 -0.4582438735588078 0.756129120361194 -0.24324669513355246 119.46890315251667 3.267176262266775 0.41911550087977534 0.0025508422635974345 -3.847224766535486 0.011572838478318782 3.4346680688161233 0.03833410583411307 3.434881728087082
522.0 -5446.762432065777 -343.02009827055383 3554.1602567265018 -176.3964496005252 33.24606252084319 141.0822014029962 6488.495267160348 -3674.6145854211118 -21.866662938565014 7456.798330000609 2.8549229409416663e-09 605.7003634812506 51.11870009902315 0.42442373495503205 -0.4661647247288248 0.742162053275282 -0.22748720690082147 119.48988462852738 -0.5672103277384629 0.4213291945989183 0.0027079334848987033 -3.921579493373225 0.01313240100727943 -0.39943389358663794 0.031258090644410715 0.4006550732827543
523.0 -5448.33422921085 -349.6202826463905 3551.0665413463935 -176.3283569096351 33.21362985412406 141.04925172618056 6485.832694406837 -3679.371603474261 -21.910605634762987 7456.827824948668 2.8605547935936217e-09 605.4598635542742 51.01977933711617 0.44934653758786774 -0.4735002194815649 0.7274171665714256 -0.21154076932332402 119.51212210029321 -4.38210105976895 0.42469812141896124 0.002856281063003608 -3.8082498719116264 0.014300075268180407 -4.214029639908941 0.022636900386427256 4.214090330187084
524.0 -5449.899159879061 -356.21972506852967 3547.967695188202 -176.26031693968557 33.18115493836266 141.0162492639285 6483.170931693516 -3684.1193817003696 -21.95455368255716 7456.857444701722 2.8662101688668046e-09 605.2187760648908 50.92082663711901 0.4724788549262572 -0.47993494441158907 0.7126904519801484 -0.1962103474247717 119.53646556318398 -7.991448377004448 0.4289153354709445 0.0029888528760988863 -3.512028344740646 0.01501981652428556 -7.8230696637059385 0.012941374123117575 7.823080301282174
525.0 -5451.457221618452 -362.81841708119384 3544.863722654602 -176.19232965389887 33.148637853878334 140.9831940705059 6480.509961620961 -3688.857908469784 -21.998511344814005 7456.887149880301 2.871889096093264e-09 604.9771049472222 50.82184293998761 0.49279873670317564 -0.48526718566998867 0.698879880196542 -0.18229667213679482 119.56376840120787 -11.218638771239787 0.43348492436437686 0.0031006711966862425 -3.0477546406798415 0.015258302241449412 -11.049938915783903 0.0026929617841396176 11.049939239853945
526.0 -5453.008412000114 -369.41635026251635 3541.7546281449395 -176.12439501485125 33.11607868076336 140.95008620867134 6477.849901931334 -3693.5872493498355 -22.042459791310193 7456.917056702799 2.8775916790089043e-09 604.7348520895539 50.72282888824116 0.5095161100921365 -0.4894086084700257 0.6868744855146227 -0.1705168280875331 119.5948122900234 -13.911674879209103 0.4378058322657228 0.0031890515313449425 -2.449817519645407 0.01501097677689621 -13.742639217542346 -0.007581529499387627 13.74264126856999
527.0 -5454.552728624782 -376.01351625784525 3538.6404160387196 -176.0565129841328 33.083477498717194 140.91692574830563 6475.190758812747 -3698.307406443995 -22.08640790329082 7456.94715315769 2.883318095259783e-09 604.4920173447242 50.62378482474742 0.5220900474800061 -0.49235757217924 0.6774517920347705 -0.1614468113930018 119.63023243552153 -15.952380458624884 0.4412875799285554 0.0032532272994279434 -1.7477079085523037 0.014308980150484756 -15.782993909431529 -0.017397671567999984 15.783003254426843
528.0 -5456.090169081387 -382.60990667003705 3535.521090736638 -175.98868352346852 33.050834387583755 140.8837127481338 6472.532500626613 -3703.0183602356847 -22.13036387773741 7456.977383693458 2.889068528687361e-09 604.2486003981579 50.524711041101256 0.530152396433394 -0.49414852600560294 0.6712422701141553 -0.15552969367427838 119.67050091309494 -17.25123332498081 0.44345623927458466 0.0032933756758259307 -0.9714039101990336 0.013194520056833187 -17.08148088047565 -0.026334202987008126 17.081500574938776
529.0 -5457.6207309529 -389.205513057848 3532.396656665575 -175.92090659473848 33.01814942736146 140.85044726294396 6469.875103466507 -3707.7200955520757 -22.174328268259615 7457.007701635462 2.8948431649986912e-09 604.0046009081392 50.425607812581006 0.5334854441726328 -0.49482070206357925 0.668670541197623 -0.15305378466314842 119.71582360689831 -17.750499935973558 0.4440651278124471 0.0033099700694952552 -0.1542808458794786 0.011721186465329103 -17.580367446771415 -0.03403076036192619 17.58039934364334
530.0 -5459.144411822968 -395.8003269429218 3529.2671182787476 -175.85318215991018 32.9854226981712 140.81712934936652 6467.218548321377 -3712.4125999403104 -22.218297688284565 7457.03806592804 2.900642190770311e-09 603.7600185481444 50.32647541539442 0.5320070028385114 -0.49439604527963954 0.6699127400674902 -0.15413636831683797 119.76606645032675 -17.42693185243616 0.44316822516672755 0.003303302185573525 0.6683119654022379 0.009953848368331016 -17.256406942472395 -0.04018093609645163 17.256452299261277
531.0 -5460.661209278534 -402.3943398126601 3526.1324800556968 -175.78551018101086 32.95265428024325 140.78375906797825 6464.562816442587 -3717.095861002531 -22.262268435196347 7457.068435800367 2.90646579307849e-09 603.5148530223717 50.22731413287826 0.5257639533440155 -0.49286971107643396 0.6748782803878155 -0.15871679157634688 119.82074881439468 -16.29298384200523 0.44112386624386124 0.003273271153331946 1.4605746070571768 0.007966472281916898 -16.122056773183818 -0.04452557783676921 16.122116626654673
532.0 -5462.171120908235 -408.987543117894 3522.992746502687 -175.71789062015125 32.91984425392998 140.7503364818038 6461.907884473954 -3721.769863570057 -22.306240163735083 7457.098765146884 2.9123141597545993e-09 603.269104054844 50.128124250966046 0.5149372481035356 -0.4902152817144973 0.6832179449192715 -0.16655884194308393 119.87910944148256 -14.396485707456106 0.4385223613025324 0.0032194968764509497 2.187814913880608 0.005838644134286072 -14.225150011180018 -0.046851516171016384 14.225225573495836
533.0 -5463.674144296632 -415.5799282659121 3519.847922153192 -175.650323439594 32.88699269973992 140.71686165105902 6459.25372097662 -3726.4345876588422 -22.35021978689815 7457.1289985070625 2.918187480304791e-09 603.0227713507942 50.02890604255803 0.4998567864961527 -0.48640369444818987 0.6943576843974263 -0.17726264451128992 119.94021823677629 -11.818766531082572 0.4360618693224082 0.003141730523322938 2.8179740936998305 0.003650471530407733 -11.647019303191325 -0.046998098007803274 11.647112816551067
534.0 -5465.170277016018 -422.1714866144483 3516.6980115660976 -175.58280860180986 32.854099698366994 140.68333462463528 6456.600307918109 -3731.090020871532 -22.394220449469003 7457.159095873233 2.924085947418732e-09 602.7758545338495 49.929659742369616 0.4810222758790232 -0.4814323782035242 0.7075535403277251 -0.1902851094940595 120.00308734430979 -8.671607749888814 0.43441350969417625 0.0030404657538518173 3.3210068252214757 0.0014836639431116982 -8.499449668740208 -0.04486980734317286 8.499567234941168
535.0 -5466.6595166572215 -428.76220956196295 3513.5430192896347 -175.51534606856168 32.821165330243275 140.64975545195793 6453.947766249908 -3735.736231342461 -22.43822550305549 7457.189177807592 2.930009754904039e-09 602.5283532331433 49.83038558216788 0.45917350584771527 -0.47537293607697034 0.7219293685581071 -0.20493474567864697 120.06672333716715 -5.101338250358486 0.43410993544764936 0.0029178877930614256 3.6587992594083216 -0.0005164216289119612 -4.928773619547503 -0.04049131293404967 4.928939530259207
536.0 -5468.141860843863 -435.3520885681141 3510.3829498582195 -175.44793580070638 32.788189675438474 140.61612419485 6451.29609609779 -3740.3732175682535 -22.482235023734347 7457.21922549687 2.9359590955857994e-09 602.280267170888 49.731083825754794 0.4353104047653389 -0.468408913127507 0.7365590134936584 -0.22040590111653846 120.13017009722331 -1.2849490519026432 0.43545760352560386 0.002778518155903639 3.811046852134982 -0.002241862372155053 -1.111985208478884 -0.034050511774283365 1.1125063575781666
537.0 -5469.617307194799 -441.9411150644806 3507.2178078232428 -175.380577759097 32.75517281409985 140.58244090704156 6448.645328598453 -3745.000996032764 -22.526260663863923 7457.249256043446 2.9419341649182765e-09 602.0315960114218 49.63175470833494 0.41061332526803823 -0.4608392531761995 0.7505927498296725 -0.23586946336365303 120.19253158779595 2.587033827664806 0.43849310259737423 0.00262905811497026 3.7693697690805843 -0.0036080279023363265 2.7603870995081823 -0.025867983915785542 2.7605082093554234
538.0 -5471.085853356856 -448.5292805895285 3504.047597689828 -175.31327190320718 32.722114825775066 140.548705636516 6445.995611825389 -3749.619651651031 -22.570298171465765 7457.279422019757 2.947935160588891e-09 601.7823393783153 49.53239844355943 0.3863831473176235 -0.4530723610109009 0.7633275494215558 -0.25052854418412646 120.25293585226449 6.320524838921602 0.4429838129661965 0.002478011245676984 3.535072207594993 -0.004545729476626459 6.494255605811559 -0.01637583168826222 6.4942761638290865
539.0 -5472.547497002129 -455.11657672183907 3500.8723239572932 -175.24601819182823 32.68901578974835 140.51491844112707 6443.346922569335 -3754.2291700481783 -22.614337193285337 7457.309678032088 2.953962279745013e-09 601.5324969697389 49.43301526952777 0.3639620199495895 -0.4455992471324758 0.7742442489502868 -0.2636641840610737 120.31050125942413 9.72761050919158 0.44845751198064765 0.002334933906756449 3.1191557229566382 -0.0050046749343448105 9.901704957157305 -0.006082375394024721 9.901706806649578
540.0 -5474.002235808366 -461.70299502645054 3497.6919911398327 -175.1788165836135 32.655875785307614 140.48107937975274 6440.699329179365 -3758.8295899979644 -22.65839080959222 7457.340084655511 2.9600157205561014e-09 601.2820684932725 49.33360542261931 0.3446219813930338 -0.43894162130382247 0.783018226210503 -0.27467872223757844 120.36435842494025 12.638857681881525 0.45426844052482146 0.0022093445918026948 2.5503984736127325 -0.004957064239701067 12.81330062785243 0.004470679651202064 12.813301394737637
541.0 -5475.450067468946 -468.28852715984357 3494.5066037067977 -175.11166703599773 32.62269489121117 140.44718849590748 6438.052902887571 -3763.420952428511 -22.702462408641622 7457.370706043546 2.966095685157137e-09 601.0310535445216 49.23416908941017 0.3294138593755088 -0.4335741349506547 0.7895122439301623 -0.28314377167348037 120.4137640668342 14.920338893389472 0.4597167266269269 0.002109364034219752 1.8641999165112366 -0.0044147175420811355 15.095114318432909 0.014756156432151753 15.095121363185708
542.0 -5476.890989689576 -474.87316476250777 3491.3161661484105 -175.04456950631402 32.589473186232595 140.41324584313762 6435.407606203024 -3768.0032350062784 -22.74653872773615 7457.40148054385 2.972202375114654e-09 600.7794517949844 49.13470648131411 0.3191647778158007 -0.42989402910771 0.7936900124406989 -0.28875791329626477 120.45810408860392 16.4692620389021 0.46416443746570635 0.0020414296707622066 1.0906444757807001 -0.0034091733104668607 16.644353375927615 0.024297463485520296 16.644370608958823
543.0 -5478.325000179718 -481.4568994266337 3488.1206829904327 -174.97752395212294 32.55621074932454 140.37925148321432 6432.7634099324205 -3772.5764199989762 -22.790616178525397 7457.432356051476 2.978335991729712e-09 600.5272629789513 49.03521782909834 0.31444865959350926 -0.42818574246350477 0.7955551870412838 -0.29132619999329 120.49698946185151 17.215068942649214 0.4671604236967966 0.0020099850107402643 0.26389136610067015 -0.001986209924154557 17.390459798095698 0.032673366289724906 17.390489543205074
544.0 -5479.752096648098 -488.039722703337 3484.920158786535 -174.91053033113346 32.52290765958139 140.3452054784717 6430.12029115788 -3777.1404931831744 -22.83469684605916 7457.463287699404 2.984496737406854e-09 600.2744868368515 48.935703360338245 0.3155492845675316 -0.4285890936906005 0.7951118036443849 -0.2907529148327872 120.53036411863602 17.12278557717754 0.4685465335535237 0.002017203850296008 -0.5793101934876631 -0.00020845300298336414 17.298460731606777 0.039516114174100135 17.29850448650611
545.0 -5481.172276800698 -494.62162610665644 3481.7145981144427 -174.8435886011601 32.48956399621922 140.31110788807786 6427.478228735849 -3781.695441263404 -22.87878448615129 7457.494232657864 2.9906848163320527e-09 600.0211230875581 48.83616328851563 0.3224413287452115 -0.4310829165881711 0.7923436586991748 -0.2870376892710503 120.55855297796698 16.19480756264116 0.46850057640363274 0.002062860719149244 -1.401246036132332 0.0018457750446543824 16.370754078849828 0.044509362626932766 16.370812929946318
546.0 -5482.585538341072 -501.2026011126881 3478.5040055766817 -174.776698720132 32.45617983858102 140.27695876839059 6424.837198024074 -3786.2412487987776 -22.922880552174774 7457.525144018756 2.9969004344179786e-09 599.7671714309513 48.73659781410155 0.33478981874784575 -0.43548615960843956 0.7872179541239968 -0.2802774959876486 120.58222921826983 14.47102463047723 0.467494650053122 0.002144318858599199 -2.1649222558348487 0.004086038816454791 14.647232837150211 0.04739084806024174 14.647307825616261
547.0 -5483.991878972926 -507.78263915400805 3475.288385805925 -174.70986064615354 32.42275526616771 140.24275817729114 6422.197166642962 -3790.7778956987404 -22.966980045822538 7457.555965859558 3.0031437985210983e-09 599.5126315801069 48.63700713720663 0.3519684550641431 -0.4414765432365013 0.7797128647084223 -0.27067418979262814 120.60231535183205 12.027261157789285 0.4661816200773801 0.0022566458878644766 -2.8357355371362534 0.006415814905947067 12.203725314545494 0.047962662225328856 12.203818135179672
548.0 -5485.391296405711 -514.3617316119911 3472.067743473694 -174.64307433758938 32.3892903586808 140.20850618266198 6419.558100318021 -3795.3053606267795 -23.011068942277006 7457.586639996545 3.0094151148849036e-09 599.2575033245258 48.53739148218168 0.3730967371658886 -0.448624724701689 0.7698631864653538 -0.25854468710053496 120.6198622471755 8.972145173503954 0.46524949651448316 0.0023929002147345226 -3.382365678603088 0.008739302007830374 9.148863761453239 0.04610681031212476 9.148978952063814
549.0 -5486.783788363871 -520.9398698807128 3468.842083256173 -174.57633975241237 32.35578519569733 140.1742028566159 6416.920107132218 -3799.8237063083143 -23.055160668041253 7457.6172736856 3.015714590175634e-09 599.0017864874056 48.4377510806719 0.39705214212495354 -0.45642637115168966 0.7578359477745495 -0.24435474297000298 120.63597415471071 5.449034007868049 0.4652875293033658 0.0025443682201497864 -3.764985009560262 0.010898971993770847 5.626009963285598 0.04183130750686982 5.6261649760526256
550.0 -5488.169352584603 -527.5170454358164 3465.611409788824 -174.50965684749139 32.32223985631034 140.13984825498332 6414.2832129674825 -3804.332947274306 -23.09926102833765 7457.647878904803 3.0220424352558526e-09 598.745480772679 48.33808611205765 0.4225016623473647 -0.4643452416256601 0.7440095409503805 -0.22874799423847422 120.65176234580771 1.6367668365135415 0.4666754677715282 0.00270110271631291 -3.9580426625801977 0.012758304865633006 1.8140071246254617 0.035333409463553435 1.8143510908441767
551.0 -5489.547986812221 -534.0932497247699 3462.3757277322243 -174.44302557972424 32.28865441969375 140.10544243928487 6411.647418748439 -3808.8330833804175 -23.14335847721418 7457.678438658931 3.02839886116553e-09 598.4885859286584 48.238396767362055 0.44806542879176453 -0.47189431154678607 0.728972765681715 -0.21248961655993606 120.66829063760761 -2.268884617409546 0.4695133374345438 0.0028534154810439427 -3.950788737819232 0.01421930416952006 -2.0913696860110247 0.02696551503633653 2.091543444350261
552.0 -5490.919688823789 -540.6684742802775 3459.135041717687 -174.37644590489253 32.25502896452473 140.070985478482 6409.012887434705 -3813.3242107583937 -23.187454342607225 7457.709124503258 3.034784078782984e-09 598.2311017613047 48.138683254199506 0.47242152392303915 -0.4786832586333363 0.7135110264935386 -0.19642366637078346 120.6865963459098 -6.066508729226098 0.47360793456924 0.002992949722593682 -3.7427570574112745 0.015206266652476062 -5.8887059426489206 0.0172056059292453 5.888730989676847
553.0 -5492.284456412312 -547.242710707031 3455.8893563441184 -174.30991777778655 32.22136356904314 140.03647743257858 6406.379610694203 -3817.8063241999594 -23.23155980585034 7457.739909033475 3.041198301858053e-09 597.973028011772 48.038945749264336 0.49438688223627675 -0.48444229242083897 0.6985581980532319 -0.18142138771202768 120.70771877324712 -9.559437906630349 0.4784983411727737 0.0031134167261472672 -3.343875932682821 0.015669549583677014 -9.381331521860348 0.006613740430877804 9.38133383229811
554.0 -5493.642287369842 -553.8159505836059 3452.6386762286847 -174.24344115320426 32.18765831155244 140.00191835752224 6403.74762635617 -3822.2794461902 -23.275666877853382 7457.770818649428 3.0476417461237805e-09 597.714364392846 47.939184412619596 0.5129831778069509 -0.4890247571579687 0.685108225180484 -0.16831448530568968 120.73268183973525 -12.567672312507199 0.48352423684623064 0.0032109265217140923 -2.7802579123931346 0.015588180548703529 -12.389244658140152 -0.004220367534902469 12.389245365730906
555.0 -5494.993179528752 -560.3881855792473 3449.383005960738 -174.17701598479005 32.15391326982775 139.96730832529371 6401.117034052941 -3826.7436363637103 -23.31976502859652 7457.801951884608 3.054114602473229e-09 597.4551098412092 47.839399609865275 0.5275183742354406 -0.4923980220105514 0.674069346820887 -0.1577943865939372 120.76235807432471 -14.946900076289525 0.4879588508951718 0.0032840200729384126 -2.0908749677339573 0.014983933723902403 -14.768132398968824 -0.014732220442724661 14.768139583710486
556.0 -5496.33713072458 -566.9594073655876 3446.1223501326267 -174.11064222591156 32.120128521559685 139.93264740188724 6398.487795817074 -3831.1988721215175 -23.363867859472293 7457.833247082331 3.060616954645351e-09 597.1952589893106 47.73959246346182 0.5375258220502708 -0.49459146752766525 0.6662016518299552 -0.15040156241558938 120.7974441349843 -16.58680476865926 0.491147112652028 0.003332710838848763 -1.3071775098948386 0.013902470223968667 -16.407677709023528 -0.02442483859453071 16.407695389006648
557.0 -5497.674138782279 -573.5296075613189 3442.8567133655056 -174.04431983021684 32.086304144638085 139.89793564458122 6395.859878445311 -3835.6451336430036 -23.407979403083573 7457.864648104406 3.067148855751931e-09 596.9348051028614 47.63976430410415 0.5427113744480448 -0.4956514534436157 0.662062672130678 -0.1465162752568177 120.83837138654427 -17.410563389030187 0.4926462290203927 0.003357567680072755 -0.464777211875474 0.012401657611362412 -17.231057899982996 -0.032873841064251015 17.231088307570662
558.0 -5499.004201525193 -580.0987777409592 3439.5861003098407 -173.9780487515527 32.0524402171106 139.86317311019263 6393.233255610507 -3840.0824051331974 -23.45209752748883 7457.896106794202 3.0737103587716257e-09 596.6737413892988 47.539916466608155 0.5429342337750349 -0.4956119654052163 0.6619493538549763 -0.1463360873922556 120.88518730629642 -17.378569787437776 0.49234621800686323 0.003359081073552491 0.397783195023544 0.010553110708641816 -17.198668349945905 -0.03972125355480008 17.19871283306462
559.0 -5500.3273167796515 -586.6669094400794 3436.3105156452934 -173.91182894391616 32.01853681715886 139.82835985907795 6390.607903249556 -3844.5106720447984 -23.496218219953107 7457.927577605771 3.080301515796452e-09 596.4120610279479 47.44005030136261 0.5381952399180703 -0.49447797585485664 0.6658664837728326 -0.14986407478785124 120.93750710177032 -16.490498503107833 0.49051657897804324 0.003337293572458763 1.240783371995352 0.008440237763118686 -16.310186405757012 -0.044667487321976396 16.31024590827182
560.0 -5501.64348237488 -593.2339941547681 3433.029964080994 -173.84566036146003 31.98459402310224 139.7934959548698 6387.983793965078 -3848.9299176849745 -23.54033985767842 7457.95901107076 3.086922378070803e-09 596.1497571680719 47.34016717351639 0.5286379280629466 -0.4922253821520488 0.6735251183114467 -0.1569077091227078 120.99455942920933 -14.785571978755778 0.48775455223436787 0.0032917966708746506 2.025152080831389 0.006154459978427323 -14.604838377618131 -0.047467776059932035 14.60491383791252
561.0 -5502.952696138105 -599.8000233352662 3429.744450356292 -173.77954295855326 31.950611913430414 139.75858145990037 6385.360892425717 -3853.340120397448 -23.58446768797012 7457.990348418299 3.0935729968542138e-09 595.8868228944241 47.24026844983724 0.5145624364195467 -0.48881768077258203 0.6843713808789971 -0.1670885604219185 121.05530784650564 -12.340999387229662 0.48485117929501736 0.003222098009913799 2.7142834763290433 0.0037896830595862225 -12.159837933540826 -0.04793732297652019 12.159931001098407
562.0 -5504.254955885457 -606.3649883765714 3426.4539792405126 -173.71347668986712 31.916590566849518 139.72361642621527 6382.739162239277 -3857.7412576804063 -23.62861653806749 7458.021529595638 3.1002534251437472e-09 595.6232511593485 47.14035547307983 0.4964472940067723 -0.4842358421903638 0.6976424966385455 -0.179862948645572 121.1185949089333 -9.26871433548992 0.4826231075745914 0.0031282641525349694 3.2749504546928496 0.0014370587932797405 -9.08712334416768 -0.045963828494936236 9.087238612570092
563.0 -5505.550259440808 -612.9288806878578 3423.1585555016395 -173.64746150968233 31.8825300619255 139.6886009010859 6380.118714603897 -3862.133396397493 -23.672773428397022 7458.052667031087 3.106963716644868e-09 595.359034823924 47.04042957790518 0.47501294900449065 -0.47852622620557317 0.7124152990407252 -0.1945245249428052 121.18322905154314 -5.717490925736379 0.4817617197821419 0.003011902799722206 3.66516565161642 -0.0007480373990096508 -5.535473477441806 -0.041555258471890184 5.535628969041584
564.0 -5506.838604666571 -619.4916917632114 3419.8581838823825 -173.5814973711997 31.848430476724637 139.65353494717763 6377.499571543969 -3866.5165497530606 -23.716933351320904 7458.083769138385 3.11370392190192e-09 595.0941668100966 46.940492148419516 0.45127534462411467 -0.47185100234898186 0.7276772379535515 -0.21022138873325497 121.24803490966978 -1.873162996479236 0.48271113104480595 0.0028771032380253024 3.8584014450215536 -0.0026324273636306383 -1.690726380864212 -0.034905282866556975 1.6910865501387773
565.0 -5508.11998942236 -626.05341306648 3416.552869145226 -173.51558422767982 31.81429188940114 139.61841862087698 6374.881737593264 -3870.8907203262015 -23.76110877199585 7458.114823955025 3.120474092437485e-09 594.8286399372254 46.84054455624584 0.4264625440094792 -0.4644973037693228 0.7424751222488526 -0.22605894406004798 121.31190589541762 2.060835439839434 0.4855939597246398 0.0027304063435907976 3.8435373118314886 -0.004118098029741749 2.243680484454997 -0.02636156682240236 2.243835264290407
566.0 -5509.394411587702 -632.6140361538646 3413.242616009708 -173.4497220312119 31.780114377557183 139.5832519701214 6372.265378141561 -3875.2560088458567 -23.805298550113093 7458.146007943033 3.127274281189921e-09 594.5624469053113 46.740588154485096 0.40194883960773464 -0.4568745051913388 0.7560036297678677 -0.2411665993083903 121.37377022758265 5.875420914385665 0.49020003430946507 0.002580479090604714 3.6204616865589285 -0.005125483887425515 6.058660627138774 -0.016400474104582223 6.05868274190927
567.0 -5510.661869071834 -639.1735526509832 3409.9274291736824 -173.3839107329651 31.745898018366756 139.54803505220823 6369.650478728588 -3879.6124071109152 -23.849490644983916 7458.177287298841 3.134104539077806e-09 594.2955804295813 46.64062432840204 0.37916851104834537 -0.4494880131103982 0.7676544417679759 -0.2547516915220477 121.43254875104058 9.36696989120876 0.49601573208653005 0.002437343694219414 3.2001738153651877 -0.005597621626855326 9.550587787634262 -0.005587023936599002 9.550589406654648
568.0 -5511.922359790575 -645.7319541602063 3406.6073133567015 -173.31815028411563 31.711642889056275 139.5127679283221 6367.037086297252 -3883.9599440983047 -23.8936950001314 7458.208700103898 3.1409649160381877e-09 594.0280331992449 46.54065447974981 0.359497963326925 -0.4428860067631722 0.777031999151356 -0.2661474622685917 121.48716769656768 12.350346050039072 0.5022986261581361 0.0023112149422351257 2.611546394524384 -0.005504982785910683 12.534323450025035 0.005475355752458552 12.534324626783025
569.0 -5513.175881671797 -652.2892323768614 3403.28227322968 -173.2524406346632 31.677349066288457 139.47745064267423 6364.425293002145 -3888.2986767197754 -23.93792018157751 7458.240337613746 3.1478554650905567e-09 593.7597977190511 46.44067996768938 0.34408248028657057 -0.43757315692792254 0.7839531190316079 -0.27487176329442636 121.53669809978453 14.678607204711072 0.5082215249671211 0.002210937770876542 1.8951611724365212 -0.00486248174468183 14.862923980703405 0.016200388161615516 14.862932610867231
570.0 -5514.422432657134 -658.8453789918162 3399.9523134780457 -173.18678173443536 31.64301662667952 139.4420832478425 6361.8150562848405 -3892.628580020306 -23.98215134753559 7458.272133406413 3.1547762374191675e-09 593.4908665012442 46.340702180710245 0.33381561961359785 -0.4339701749835923 0.7883569655375888 -0.2805892268335779 121.58037694369966 16.24038164696561 0.513022464299594 0.0021435077041931836 1.0845210616081793 -0.0037093192664247668 16.42501664610728 0.02606084759319748 16.425036751412936
571.0 -5515.662010693573 -665.4003856426683 3396.617438827137 -173.12117353357831 31.60864564705586 139.40666580595192 6359.206340538837 -3896.949632999914 -24.026384191100078 7458.3040291224925 3.1617272821159994e-09 593.2212320748304 46.24072253980434 0.3293111510923464 -0.4323755915563431 0.7902331654135696 -0.28308489516925167 121.61771544035969 16.960086763497316 0.5161609565942716 0.0021137187146849775 0.21761082986609387 -0.002101321808861389 17.145018778814908 0.034594786485212456 17.14505263300485
572.0 -5516.894613727946 -671.9542439212668 3393.2776540337077 -173.05561598247348 31.574236204412763 139.3711983799734 6356.599116883514 -3901.261818572331 -24.07062074090345 7458.335974236976 3.1687086478675796e-09 592.95088691957 46.14074247377244 0.3308603482964329 -0.43292988614052463 0.7895784374174244 -0.2822570367182615 121.64863336108 16.80173911224206 0.5174518234173033 0.0021238220977727543 -0.6646625605866133 -0.00011373194829777704 16.986948259171083 0.04140338631990545 16.986997229542695
573.0 -5518.120239704669 -678.5069453777483 3389.9329638818103 -172.99010903169312 31.53978837589274 139.33568102977216 6353.993358016503 -3905.565120479955 -24.114864662106584 7458.367920042904 3.1757203837329845e-09 592.6798234357653 46.04076340809605 0.33841076219130317 -0.43559772822011816 0.786374993416814 -0.27811354683164724 121.6735172173354 15.770925937197587 0.5171179307566149 0.002173369391415816 -1.5203903427854806 0.002160498105289629 15.956395180097132 0.04614896807446096 15.956460181539036
574.0 -5519.338886566257 -685.0584815191604 3386.583373184064 -172.92465263201476 31.505302238794314 139.30011381278095 6351.389032281956 -3909.859519683302 -24.159116557745165 7458.399812691897 3.1827625390184903e-09 592.4080339491863 45.94078676689564 0.3515672360188318 -0.44017073355285447 0.780596741898643 -0.270774685705375 121.6931758235042 13.914814409059394 0.5157348630925533 0.002259212230025539 -2.3086513617402034 0.004615360740119594 14.100530900436619 0.04855901597823604 14.100612818413026
575.0 -5520.550552256968 -691.6088438030106 3383.2288867882407 -172.85924673449196 31.47077787060952 139.2644967895383 6348.786099143781 -3914.144991569216 -24.2033690756748 7458.431587859628 3.1898351621824476e-09 592.1355107532746 45.84081398851883 0.3696156978254002 -0.4462906655907599 0.7722423609001385 -0.26048150367920436 121.70871417063543 11.320176298052994 0.5140860667168415 0.002375674279163408 -2.991476393189363 0.007139516543557961 11.506132259254802 0.04843904548995501 11.506232844936164
576.0 -5521.755234729959 -698.1580236333907 3379.869509584724 -172.79389129050284 31.43621534905103 139.2288300328974 6346.18453811458 -3918.4215237319286 -24.24760914702938 7458.463204709102 3.196938298988845e-09 591.8622461798228 45.740846551274814 0.39156667545420437 -0.4534894230121882 0.7613890088723785 -0.24760787357867217 121.7213861031348 8.109977641650637 0.5129814478858268 0.0025149259448591327 -3.532866441894249 0.009615084790439416 8.296170761798917 0.04569226551244875 8.29629570838593
577.0 -5522.952931953841 -704.7060124646821 3376.505246444729 -172.7285862507001 31.401614751498034 139.1931136122083 6343.584475847275 -3922.6891945570724 -24.291857385192543 7458.494795442347 3.204071995634756e-09 591.5882324781069 45.640885928949245 0.41615553583461 -0.46122212672556484 0.7482883547560961 -0.23270852573416898 121.73251854826798 4.448157457419792 0.5130937073485288 0.0026672335334531547 -3.888790790660551 0.01185290139583146 4.634591129187803 0.0403888946675703 4.634766729644126
578.0 -5524.143641905319 -711.2528018073522 3373.1361022114907 -172.66333156494562 31.366976154958422 139.15734758345573 6340.98590044244 -3926.9479973058824 -24.336112026421915 7458.526329611169 3.211236300737993e-09 591.3134617388333 45.54093356333786 0.44192943991026695 -0.468932169275572 0.7334299678785293 -0.21652129912967857 121.74343544865106 0.5332866329323703 0.5148211918294452 0.0028219599216336155 -4.036481633527919 0.013716020662290754 0.7199692791858624 0.03280720024061992 0.7207163233257359
579.0 -5525.327362573586 -717.7983831484198 3369.7620817540774 -172.5981271831302 31.33229963649976 139.1215320125674 6338.388863778857 -3931.1979647351254 -24.380360990414147 7458.557851784449 3.2184312606858802e-09 591.0379260728012 45.44099092951882 0.4674200808931158 -0.47613404532950415 0.7175327151118029 -0.19990408099966123 121.75540879536352 -3.420920024289129 0.5182134375827164 0.0029691749365309294 -3.9669163861208623 0.015100479101658784 -3.2339757091723564 0.02339083882524259 3.2340602093505253
580.0 -5526.5040919829835 -724.3427481054778 3366.383189884612 -172.53297305363506 31.297585272430887 139.08566696854936 6335.793507444196 -3935.4391853941165 -24.42461222407769 7458.58951227307 3.2256569209906445e-09 590.7616175584461 45.34105951653846 0.4912520975565457 -0.48245832978014935 0.7015186627298952 -0.1837849354917384 121.76969105108307 -7.1976376966653435 0.5229641902408022 0.0031007498489469716 -3.6829445790709188 0.015930345474248677 -7.010415205470501 0.012711141613614602 7.010426671688392
581.0 -5527.673828160429 -730.8858883178224 3362.999431405451 -172.46786912440353 31.262833138867887 139.0497525089986 6333.199796283864 -3939.671638556164 -24.468875275047594 7458.621253633342 3.2329133292110388e-09 590.4845281300976 45.24114078707431 0.512226816647586 -0.48767010407066175 0.6864450875029671 -0.16909967399682996 121.78754196185564 -10.588840269138332 0.5284545397395882 0.003211024139631344 -3.199406114846757 0.016161582300930455 -10.40131974819063 0.0014114484598759468 10.401319842902357
582.0 -5528.836569144334 -737.4277954284812 3359.610811126671 -172.4028153431379 31.228043311835393 139.01378869482969 6330.607830473771 -3943.895387958367 -24.513131072523947 7458.653177887419 3.240200531996322e-09 590.2066496911431 45.14123621855667 0.5294021417255009 -0.49166654305876983 0.6733807099559523 -0.15670291073336476 121.8101610983165 -13.411611226614996 0.5338606775946046 0.0032970330151097715 -2.5541573394879404 0.01578939607230418 -13.223770360974926 -0.009855253028435181 13.223773967937063
583.0 -5529.992313010078 -743.9684611767193 3356.217333824284 -172.33781165639454 31.193215866779433 138.97777560080263 6328.017646211618 -3948.1104575910113 -24.557382851539614 7458.685311846696 3.247518583016675e-09 589.927974450885 45.04134727000994 0.5421456742080164 -0.4944516413001424 0.6632540518487028 -0.14727425117585552 121.83853614036212 -15.525063325921026 0.5383328388447407 0.0033581725141029004 -1.7864028598241106 0.014856196002857942 -15.336878230152855 -0.020489553647356044 15.336891588359318
584.0 -5531.141057824053 -750.5078772635911 3352.8190042949273 -172.27285801089383 31.158350879268717 138.94171328997658 6325.429198043337 -3952.3168204708877 -24.60164168678216 7458.717586127656 3.254867679612993e-09 589.6484980549149 44.94147449908501 0.5500414011218336 -0.4960730550178033 0.6568051711562944 -0.14132568159957465 121.87341528035289 -16.824687444621517 0.5411663507511757 0.003394955059498666 -0.9330278956240663 0.013421876614877069 -16.636133506793122 -0.029975811234139102 16.636159749501715
585.0 -5532.282801645947 -757.0460353352796 3349.415827368057 -172.20795435369203 31.1234484250875 138.90560181976505 6322.842449622757 -3956.5144552105257 -24.645908858715984 7458.7499420388685 3.262248125634894e-09 589.3682187213444 44.841617801099446 0.5528526258426932 -0.49657999543446574 0.6545161318293593 -0.1391794360107765 121.91515888077535 -17.245232321421238 0.5419766240287989 0.003408116531620486 -0.03535240788558774 0.01156228065956984 -17.05628563854678 -0.037880146739577764 17.05632645238557
586.0 -5533.417542536652 -763.5829269917355 3346.0078079058276 -172.14310063210397 31.088508580194567 138.8694412492297 6320.257370024184 -3960.7033436931742 -24.690180890647525 7458.782327238121 3.2696602288793982e-09 589.0871347387593 44.741777053537085 0.5505028905485528 -0.495995716966895 0.6565580426756797 -0.14094805016765646 121.96362194599654 -16.764163103846684 0.5408180511088712 0.0033980075364322044 0.862852771130413 0.009368721707721203 -16.574802227941397 -0.04384205249862884 16.574858584652517
587.0 -5534.545278560884 -770.1185437895608 3342.5949508030462 -172.07829679367725 31.053531420710524 138.8332316412998 6317.673927727716 -3964.8834672793478 -24.73445457332923 7458.814688637779 3.277104298223119e-09 588.8052444226607 44.64195213698587 0.5430692445363616 -0.494307421787779 0.6627713456278721 -0.14652682968946068 122.0181438489186 -15.403056756528947 0.5381901961186556 0.0033643653781529545 1.717492636220822 0.006944324555456413 -15.213264370666932 -0.047567468874159156 15.213336979453215
588.0 -5535.666007784344 -776.6528772378745 3339.177260987943 -172.01354278623026 31.01851702294012 138.79697305997158 6315.092084598547 -3969.0548029813945 -24.778732111959243 7458.846965288534 3.2845806441908243e-09 588.5225460938449 44.54214292734079 0.5307914459307195 -0.49147615716317894 0.6726817050347894 -0.15559868758565834 122.07765312227609 -13.226842272912375 0.534921997241309 0.0033065342748290205 2.486314863344396 0.004398293561593987 -13.036606412671086 -0.0488302374933986 13.036696278623399
589.0 -5536.7797282655165 -783.1859187883133 3335.7547434229505 -171.94883855794177 30.983465463422586 138.7606655622234 6312.511792224359 -3973.217321101802 -24.823026495927934 7458.879084039329 3.2920895806285805e-09 588.239038015293 44.44234927356359 0.5140937056105999 -0.487464530115069 0.685550052445426 -0.16765177995873037 122.1408394620508 -10.340898364591437 0.5319775471580794 0.0032240759781508653 3.1310105152065133 0.0018371531500351195 -10.1502129835902 -0.04748354742966016 10.150322884675251
590.0 -5537.886438056033 -789.7176598596682 3332.3274030892194 -171.88418405710058 30.948376818798064 138.72430919295735 6309.933103092979 -3977.37105544117 -24.867338551812054 7458.911090949968 3.299631425778538e-09 587.9547183521738 44.34257098394254 0.4936296200426152 -0.48228081837913905 0.7004372049834636 -0.18199651731581143 122.20630248083974 -6.8894116146558675 0.5302531242620195 0.0031177059822397697 3.60869834816899 -0.0005933022833874653 -6.698276779175196 -0.043490673467674726 6.6984173223484245
591.0 -5538.986135246537 -796.2480919721315 3328.895244931989 -171.81957923081163 30.91325116510201 138.6879040120598 6307.356103019349 -3981.51606117073 -24.911651384694096 7458.943071644308 3.307206496680374e-09 587.6695853832352 44.24280790042576 0.47037868152351126 -0.47604317497720766 0.7162533350196861 -0.19775730479302173 122.27261220869815 -3.0612641285070614 0.5304080372335152 0.0029905768968106765 3.8805880185465083 -0.0027155954914479356 -2.869685758765258 -0.03701478734411076 2.869924267763692
592.0 -5540.07881793545 -802.7772066377785 3325.458273909418 -171.75502402606534 30.87808857834398 138.65145008007553 6304.780758610443 -3985.6523182260835 -24.955976480543995 7458.974970911722 3.31481511212075e-09 587.383637389237 44.14305985912997 0.44558448721277105 -0.4690034750034545 0.7319189737951608 -0.21397387922046596 122.33840380029457 0.9285775174597707 0.5327376236062842 0.0028485889212588925 3.9303673728626563 -0.004412617496520229 1.1205886176008653 -0.028405969991429986 1.1209485474997598
593.0 -5541.164484226844 -809.3049954095354 3322.0164949596474 -171.69051838923988 30.84288913423575 138.61494744553696 6302.207230030249 -3989.779929196531 -25.000320243418173 7459.006962704707 3.3224575952901595e-09 587.0968725533777 44.04332665572014 0.42067760174278024 -0.46155070391112485 0.7464879926133308 -0.22968887651605574 122.40236804293636 4.855027000198351 0.5371316096312216 0.002700187639764938 3.7542010631353375 -0.0055885299673555065 5.047455802712101 -0.018168192983277518 5.047488415958591
594.0 -5542.243132258813 -815.8314499641602 3318.569912966877 -171.62606226530613 30.807652907751173 138.57839616233016 6299.635547107472 -3993.898914781438 -25.044669162603896 7459.039067019684 3.330134270171437e-09 586.80928909732 43.943608092981734 0.39718660500585984 -0.4541905245623469 0.7592176544294541 -0.2440129533535818 122.46319916670724 8.495556972206147 0.5430930235215662 0.00255566801804389 3.3610382773633667 -0.006173822173800485 8.688384575204594 -0.006917221238417646 8.688387307624179
595.0 -5543.314760180489 -822.3565619499531 3315.1185328433785 -171.56165559933942 30.772379973948837 138.54179629372294 6297.065711377683 -3998.009277603045 -25.089024597409207 7459.07127036361 3.3378454606746775e-09 586.520885313279 43.84390399166308 0.3766189165318295 -0.4474955122450773 0.7695961898303404 -0.256178966407333 122.51958134381277 11.64364510004555 0.5498118862958816 0.002426004278657532 2.7761266867293024 -0.006130425650184418 11.836849215801575 0.004676920463564702 11.8368501265805
596.0 -5544.379366148235 -828.8803230891675 3311.662359461327 -171.4972983354796 30.737070407404488 138.50514788708185 6294.497848007393 -4002.1110988220767 -25.133405022471607 7459.103705803572 3.3455914959602822e-09 586.2316593649049 43.744214121550975 0.3602695867901034 -0.4420141144587974 0.7773541065202915 -0.2656123877557911 122.57033540916183 14.130702142195426 0.5563241066658946 0.002321110159495934 2.045659921713722 -0.005469453841409419 14.324258077711756 0.01595404037560462 14.324266776456497
597.0 -5545.436948332799 -835.4027251379007 3308.2013976832613 -171.4329904173503 30.701724282434963 138.4684509908627 6291.93192166485 -4006.2043582587885 -25.177794788623487 7459.136316514618 3.3533727068864374e-09 585.9416094207263 43.64453824788973 0.3491471748811272 -0.4382082640617664 0.7823874940759359 -0.27191832724933823 122.61449309427992 15.830168730652225 0.5617060625312404 0.0022489039025964017 1.2074286325499077 -0.004236452331358142 16.024050017139764 0.026318578428746173 16.024071064030714
598.0 -5546.487504913502 -841.9237597942678 3304.7356524169713 -171.36873178898003 30.666341673601906 138.4317056660119 6289.367888315036 -4010.2890299031615 -25.222187212242716 7459.169035265104 3.361189423578849e-09 585.650733744539 43.54487616224538 0.3439582364656405 -0.43641424058665307 0.7846644005766801 -0.2748401729155708 122.65139260097071 16.654742510481245 0.5652672550558583 0.0022149452933856546 0.3031394854471345 -0.002495866562434471 16.848922082577978 0.03525187290649814 16.848957890912214
599.0 -5547.531034071063 -848.4434187042257 3301.265128606935 -171.3045223947321 30.630922655676613 138.394911975862 6286.805711790366 -4014.3650924982344 -25.26658351820356 7459.201804074683 3.3690419775499244e-09 585.3590306159924 43.4452276548993 0.3450556006571102 -0.436799849046497 0.7841738077311826 -0.2742516428328125 122.68085114372373 16.560819813127022 0.5667266805928294 0.002221988439756325 -0.6218756217210586 -0.00033456023477229657 16.755271807718227 0.042310233790540865 16.755323696750036
600.0 -5548.567533984402 -854.9616934663994 3297.789831229055 -171.24036217925064 30.595467303612086 138.35806998099642 6284.245358213405 -4018.432526073231 -25.31098728993652 7459.234567628746 3.3769307027934564e-09 585.0664982899345 43.345592500912275 0.3524108005794943 -0.4393418048701133 0.7808987861191563 -0.2701527197087222 122.70325164845455 15.551003810289462 0.5662946383903978 0.0022697630033140033 -1.520918915937729 0.0021400023680419973 15.745705630544322 0.047122643307486854 15.745774358954257
601.0 -5549.5970028310485 -861.4785756310118 3294.309765291664 -171.1762510874717 30.559975692550836 138.3211797396594 6281.686789261761 -4022.4913076873754 -25.355398909767473 7459.267265292221 3.3848559357078114e-09 584.7731349995125 43.24597046127196 0.3656133225868814 -0.443827082974556 0.774821102476188 -0.2626721871893985 122.71950089229252 13.67429628649338 0.564618647600926 0.0023549631612908325 -2.348281784474245 0.004805289209093752 13.869230455828122 0.049395084196212836 13.869316690786153
602.0 -5550.619438791408 -867.9940566931298 3290.8249358427724 -171.11218906469762 30.524447897866693 138.2842413138284 6279.129956944543 -4026.5414080888695 -25.399809804202732 7459.299824889114 3.3928180137949813e-09 584.4789390044357 43.14636129928954 0.383897324051064 -0.44987836968400324 0.7659568073319052 -0.25207631062598934 122.7308798895417 11.023936050930272 0.5626115101820223 0.002471457911729206 -3.0615771709201427 0.007532965431058775 11.219091458274987 0.048925115339989285 11.219196769164549
603.0 -5551.6348400570705 -874.5081280924311 3287.3353479759508 -171.04817605661194 30.488883995174458 138.24725477886713 6276.574848124878 -4030.582820199591 -25.444207945596418 7459.332215575326 3.4008172735576247e-09 584.1839086682683 43.04676480649071 0.40618998242516446 -0.4569986798866349 0.7544168257962434 -0.23878265790219796 122.7388638029975 7.733842831979598 0.5612279579981048 0.0026107390997933853 -3.619578431815482 0.010181889313693227 7.929215330046908 0.04562584036786238 7.9293457586894025
604.0 -5552.643204833275 -881.020781335291 3283.841006753589 -170.98421200805484 30.453284059651097 138.21022020283644 6274.02159187715 -4034.615628202614 -25.488616425121563 7459.364575635429 3.4088540549487047e-09 583.8880422938412 42.947180746755784 0.4311116865395891 -0.46460934907091767 0.7405176720744645 -0.22341540643005187 122.74503147070921 3.984423679719052 0.5612596475290986 0.0027622505924537032 -3.9743495430864013 0.012537616272048017 4.180016361717225 0.0396095820599472 4.180203693450222
605.0 -5553.644531331288 -887.5320079709489 3280.3419172169465 -170.9202968632539 30.417648166160912 138.1731376422604 6271.470160709388 -4038.639816180934 -25.53303019225814 7459.396857463814 3.4169287023226836e-09 583.5913380889137 42.84760884508926 0.4570969659529135 -0.4721298831549745 0.7248394450972333 -0.20679341377289107 122.75095880171757 -0.007783611186602735 0.5631620220420352 0.0029146970270716535 -4.102594356879137 0.014451576210709713 0.18803876480648973 0.031218582035680578 0.19061262664137033
606.0 -5554.638817779056 -894.0417995368598 3276.838084428515 -170.85643056639336 30.381976389568518 138.13600716543152 6268.920643060871 -4042.6554428186646 -25.57743745581024 7459.429151326052 3.4250415593790867e-09 583.293794352369 42.74804885027309 0.4825797437739759 -0.47906541456703433 0.7082131594570166 -0.18986110775161336 122.75816606480355 -4.010858278946085 0.5669652674003467 0.0030577950120381 -3.9957647555624813 0.015810249047272747 -3.8147911518876905 0.020976913353067114 3.8148487405146154
607.0 -5555.626062436492 -900.5501477184267 3273.3295133800007 -170.79261306003517 30.34626880385709 138.09882884087833 6266.373155062765 -4046.6625848890803 -25.62184940490056 7459.461580677213 3.4331929716526246e-09 582.9954093823169 42.64850050377596 0.5061127074996726 -0.485053228924599 0.6916835151915567 -0.17362951140121002 122.7681572055302 -7.791151348787309 0.5722691798219802 0.0031834449656362542 -3.658991739973097 0.016534330156806127 -7.5948193865409035 0.009543111248864805 7.594825346980009
608.0 -5556.6062635612425 -907.0570441993991 3269.8162090649103 -170.72884428657227 30.31052548293595 138.06160272498778 6263.827661064672 -4050.6612216006492 -25.666273232933463 7459.494088561224 3.4413832892412904e-09 582.6961813765461 42.548963506666375 0.5264575135478923 -0.4898782776261348 0.676422975313998 -0.15910285354568898 122.78244401918148 -11.127044835739598 0.5783041284297171 0.0032863648391972034 -3.111904735481668 0.016583117314891115 -10.93042349556311 -0.0023572387181437153 10.930423746651368
609.0 -5557.579419431001 -913.5624806943885 3266.298176472771 -170.6651241879395 30.27474650047473 138.02432888264954 6261.284285383587 -4054.6514359541343 -25.710686398877897 7459.526808643527 3.4496128622883848e-09 582.3961085981053 42.449437574912814 0.5426778349691499 -0.49346642866097185 0.6635757913018268 -0.14716935963690464 122.80242953982003 -13.829324247289223 0.58408177349082 0.0033642258379085565 -2.4002205307778137 0.015967611902977196 -13.632385686914395 -0.014005494701803714 13.632392745045022
610.0 -5558.545528352525 -920.0664490014465 3262.775420561505 -170.60145270510407 30.238931929614402 137.9870073886197 6258.743029368504 -4058.6332313170724 -25.75509839734582 7459.559728235545 3.4578820384247644e-09 582.09518945858 42.34992245226754 0.5541625497418537 -0.4958443497825892 0.654106329480709 -0.13851772083586628 122.82925009702303 -15.755330826853324 0.5886208962523268 0.003416980430259854 -1.5659307532135702 0.014745676234676888 -15.558044992120113 -0.024758937490208174 15.558064206092736
611.0 -5559.504588621095 -926.5689408634894 3259.247946318924 -170.53782977939204 30.203081843713576 137.94963830473833 6256.20384253866 -4062.606577390212 -25.799518485446242 7459.592772880017 3.466191049422361e-09 581.7934261539759 42.25041835090448 0.5605244235515189 -0.4970710602724205 0.6487463063741392 -0.13364490864900358 122.86371293502305 -16.80335863118431 0.5911633675255932 0.003445467633039356 -0.6517670856148733 0.01299330211944749 -16.60569458710844 -0.03407271870619211 16.605728559179916
612.0 -5560.456598527895 -933.0699479650228 3255.7157587698607 -170.47425535253223 30.16719631637405 137.9122216889679 6253.666683567013 -4066.5714497075915 -25.843946397771106 7459.625878976663 3.47453994879473e-09 581.4908266867523 42.150926231639005 0.5615661084507746 -0.4971948758502221 0.6479175578360639 -0.13282921183040194 122.90610780816071 -16.916856233829265 0.591382368356319 0.003450476350894197 0.2950739848040388 0.010805797913463729 -16.71878423485748 -0.04149461862647428 16.718834258022273
613.0 -5561.401556366997 -939.5694619401701 3252.178862975785 -170.41072936658696 30.13127542140265 137.87475760192424 6251.13151505835 -4070.52782621035 -25.88837829509589 7459.658987556952 3.4829287743621673e-09 581.1873996269964 42.0514471265866 0.5572618479833124 -0.4962277045325229 0.6516830590815992 -0.13611204407640004 122.95609401546771 -16.08769833639413 0.5894959285857605 0.0034321680346120413 1.225350432608887 0.008295597052069033 -15.889192208102774 -0.046655634615936914 15.88925894070067
614.0 -5562.339460436233 -946.0674743732092 3248.637264035082 -170.34725176394758 30.09531923281045 137.83724610748516 6248.598296420123 -4074.475682560323 -25.932812742958276 7459.6920357731005 3.4913575627028554e-09 580.8831536465856 41.951982078884704 0.5477560243907207 -0.4941413051797085 0.6597382089000605 -0.143294117033139 123.0127325910636 -14.356959885732339 0.5862273899834928 0.003389990358017777 2.0903301559944287 0.005586773691946945 -14.157999151870204 -0.049265446241086065 14.158083114137861
615.0 -5563.270309031779 -952.5639767910786 3245.0909670842075 -170.28382248740013 30.059327824852115 137.79968726731417 6246.066977758947 -4078.4149880930527 -25.977256913712154 7459.724949596306 3.4998263503759407e-09 580.5780974749482 41.85253212814172 0.533380024814419 -0.49088667529897284 0.6714436773646811 -0.15394612456922974 123.07465052575937 -11.813121842994033 0.582623153485611 0.0033231119888804317 2.844350663533526 0.0028068038825408495 -11.61369311307021 -0.049119303729902426 11.613795559453271
616.0 -5564.194100438305 -959.0589606551911 3241.539977296251 -170.2204414801893 30.023301272065158 137.76208113013487 6243.537526280377 -4082.3457230640115 -26.021726200676085 7459.757675348764 3.50833517636013e-09 580.2722398117265 41.75309828213849 0.5146829384197288 -0.48643251803206694 0.6858944141116589 -0.16743276558380307 123.14025515753174 -8.588203161993325 0.5798002819803032 0.0032312684494924487 3.4445076629438023 8.701624274474284e-05 -8.388300678737462 -0.04611611565329428 8.388426536410543
617.0 -5565.110832957595 -965.5524174743966 3237.984299827752 -170.15710868493753 29.98723964865493 137.72442774587194 6241.010073759416 -4086.2679756370962 -26.066200248173573 7459.790356054195 3.5168840788869887e-09 579.9655894414054 41.653681554382466 0.49252624888757873 -0.4808297278950725 0.7019727118250552 -0.18290702223277058 123.20785694102577 -4.862322245951034 0.5787105644803763 0.0031161160645937634 3.8390601380950575 -0.002361256152863449 -4.66194809660429 -0.040334211130607873 4.662122189760842
618.0 -5566.020504922224 -972.0443388261797 3234.4239398144537 -170.09382404346036 29.951143028385296 137.6867271786551 6238.484606110981 -4090.1817386652274 -26.110680518893332 7459.822960609142 3.5254730924674592e-09 579.6581553395988 41.55428299834714 0.468112818787515 -0.47426613979521903 0.7184688528756917 -0.1993602893708687 123.27577581461543 -0.8570829022416867 0.5799419944291816 0.002982265545418882 4.000209058164295 -0.004381070948525465 -0.6562461337103944 -0.0320854616193966 0.6570299991926198
619.0 -5566.923114660293 -978.5347162611275 3230.858902408691 -170.03058749766237 29.91501148508963 137.64897948144818 6235.961180769737 -4094.087051876744 -26.15518147122907 7459.8555435028165 3.53410225364514e-09 579.349946466603 41.454903640456145 0.44289049754510934 -0.46707956711080784 0.7342608384680838 -0.21574453936072766 123.34241223031782 3.1875001303157684 0.5836082156166331 0.002837308407888922 3.9171226703166275 -0.00585218701094564 3.388784534314998 -0.021870714683419425 3.388855026448187
620.0 -5567.818660525433 -985.0235414747032 3227.2891926890297 -169.96739898787638 29.878845091717565 137.61118470241735 6233.439944908264 -4097.984014597674 -26.199694466738492 7459.8882669022705 3.5427715995754676e-09 579.0409718190062 41.35554449702546 0.4184660053877065 -0.45975028893527065 0.7484185057926303 -0.23105327166244136 123.40619654317656 7.0278755700232765 0.5893360190679654 0.0026913566804931885 3.593619999190138 -0.0066839820774103175 7.229587226187138 -0.010339237837769804 7.229594580123568
621.0 -5568.70714089372 -991.5108061848233 3223.7148157370857 -169.90425845408467 29.842643921027495 137.57334290285036 6230.920857023856 -4101.8726023412855 -26.244208882019393 7459.921067332604 3.5514811639120825e-09 578.7312405763096 41.25620662136118 0.3964855708008712 -0.45286012718005414 0.76025725844851 -0.24438862153039792 123.46554339479992 10.431668183617473 0.5963235041280912 0.002555955966770253 3.0485502943082037 -0.006821116373689736 10.633781754346082 0.0017737685538675618 10.633781900580379
622.0 -5569.5885541466305 -997.9965021222908 3220.13577663216 -169.84116583598683 29.806408045626487 137.535454138587 6228.404032663253 -4105.752893661287 -26.28874753395644 7459.954069305709 3.5602309810502886e-09 578.4207619494036 41.156891054868815 0.3784542002215515 -0.44700998044074475 0.7693587098621668 -0.25503268668986934 123.51894219685927 13.1980765031496 0.603489282827592 0.0024423767603290168 2.328101692896077 -0.0062585319382570965 13.400562680467683 0.013720066522111763 13.400569575522981
623.0 -5570.462898675409 -1004.480621111095 3216.552080402435 -169.77812107220905 29.770137537514294 137.49751845196565 6225.889489342415 -4109.624903273908 -26.333302968428825 7459.9872802812915 3.5690210880163823e-09 578.1095451142907 41.0575988060948 0.36556149435781676 -0.442722960416843 0.7755384937160154 -0.26249041682949165 123.56513970017527 15.175718084866995 0.6097148114529273 0.0023599149245655685 1.477902180707868 -0.005043895173980471 15.378544655862035 0.024811826460003624 15.378564188634124
624.0 -5571.330172884692 -1010.9631549275929 3212.9637321180703 -169.71512410171655 29.73383246888927 137.45953589986777 6223.37717191975 -4113.488597924217 -26.377863345977403 7460.020620675195 3.5778515179880827e-09 577.7975994420217 40.95833092422873 0.35867429953927027 -0.4404005298901807 0.7787258342748455 -0.2664323463009091 123.60320048559686 16.256795446754243 0.6140821678051794 0.00231542278339479 0.5428768457525552 -0.0032477291765464302 16.459928549111368 0.034450648366448 16.45996360439129
625.0 -5572.19037518379 -1017.4440952873404 3209.370736893833 -169.65217486392913 29.697492912217843 137.42150654517906 6220.8670349847325 -4117.343950437829 -26.42242767911671 7460.054022448577 3.5867223022321726e-09 577.4849344292123 40.85908847655593 0.3582797678737576 -0.4402715365045069 0.7788956021261352 -0.26668000124653635 123.63271519994073 16.381088481819543 0.6161089754605494 0.0023127398328647315 -0.4271588070506596 -0.0009661780388572474 16.58449479554474 0.04212746470252992 16.58454679825165
626.0 -5573.043503981538 -1023.9234338515436 3205.77309988146 -169.58927329864693 29.661118940194704 137.38343044919148 6218.359037382049 -4121.190936224216 -26.46699928060457 7460.0874225881935 3.595633471861335e-09 577.1715596358172 40.75987252855694 0.36444485414069244 -0.4423595684542134 0.7760304958465065 -0.2632007408872488 123.65394498041165 15.539545976867382 0.6158905377676885 0.0023523482521265494 -1.3801335061084934 0.0016798885747496021 15.74319543684415 0.04741962862803373 15.743265045964703
627.0 -5573.88955768578 -1030.4011622274222 3202.1708262691036 -169.52641934604517 29.624710625741756 137.34530767058558 6215.853134600543 -4125.029528310382 -26.511579173846258 7460.1207539949555 3.604585058078702e-09 576.8574846767456 40.660684141292016 0.37680800138629994 -0.44647792361175764 0.7701177885297379 -0.2561089330903189 123.66781126981006 13.775153814813038 0.6140776621208002 0.0024313021993366325 -2.264509406982121 0.0045508074914009785 13.979022207429841 0.049993976212367376 13.97910982438829
628.0 -5574.728534707632 -1036.877271961995 3198.563921288245 -169.4636129467431 29.588268042048917 137.3071382711211 6213.349272271728 -4128.859693051144 -26.556159321778296 7460.15393767045 3.613577090844139e-09 576.542719268783 40.561524386224264 0.3946039711801201 -0.45225328799712516 0.7611825708909544 -0.24567409956384395 123.67573662754039 11.180998956018088 0.6116932501263551 0.0025434349063043673 -3.032077171561651 0.007498473781458471 11.385069790951752 0.049621596977571264 11.385176500807445
629.0 -5575.560433470416 -1043.3517545396078 3194.9523902214632 -169.40085404184444 29.551791262599263 137.26892232630075 6210.847424303089 -4132.681415406181 -26.600725776406534 7460.186928477582 3.6226095963367968e-09 576.2272733188495 40.462394372799004 0.41671711454275173 -0.4591736258888559 0.7493511385303561 -0.23233445486733875 123.67942300218616 7.896312050180466 0.6098628140734514 0.0026798644371654762 -3.6367243290592377 0.010363450399193357 8.100577521891225 0.04620363856860137 8.100708408622364
630.0 -5576.385252409935 -1049.8246015050852 3191.336238323107 -169.33814257171557 29.515280360460864 137.23065990590794 6208.3477252759185 -4136.494787087492 -26.645302666347334 7460.219874353225 3.631682601523692e-09 575.9111567637109 40.363295197801776 0.44168911183792925 -0.4666328802515864 0.7349708462670677 -0.2167540972839965 123.680725956739 4.111927449833702 0.609553499675216 0.00282942646741724 -4.024474281115902 0.01290432913650711 4.316388916683443 0.03985998375999731 4.316572609317832
631.0 -5577.2029899664085 -1056.2958044561751 3187.7154708186044 -169.27547847604833 29.47873540832068 137.19235106592743 6205.850148514357 -4140.299792993726 -26.68988588768184 7460.252729746376 3.6407961361059983e-09 575.5943795029724 40.26422792459254 0.46784356789589165 -0.4740170962499236 0.718681750941444 -0.19981673930122362 123.68152101416723 0.06047472599241946 0.6113485042529851 0.002980088258520664 -4.167867168708523 0.014948693439412263 0.26514185626935655 0.030972080321485445 0.26694468876055794
632.0 -5578.013644597432 -1062.7653549759575 3184.090092956947 -169.2128616945572 29.442156478886012 137.15399587476557 6203.354779872445 -4144.096493062296 -26.734462343632003 7460.285584362996 3.6499502263032668e-09 575.2769516157407 40.1651936510281 0.49349778334046684 -0.48080398422250525 0.7014015788272308 -0.18254668392627277 123.6836223914737 -4.007333905046193 0.6153229234284052 0.003120946742190569 -4.056771699929953 0.01636718286540214 -3.802444178599686 0.02012821967733094 3.8024973743082002
633.0 -5578.817214790339 -1069.2332448051282 3180.460109908012 -169.1502921652971 29.405543643902266 137.11559440153627 6200.861745756832 -4147.884974495747 -26.779043953520613 7460.318576899589 3.6591448976139526e-09 574.9588832640524 40.0661934790376 0.5171002773897272 -0.48661624867801695 0.6842823731248846 -0.1660408488191319 123.6888249253336 -7.838517296416466 0.621029758456919 0.003243560504357262 -3.696832323660537 0.017071207734555293 -7.633381407303401 0.00806772291226467 7.633385645437166
634.0 -5579.613699029679 -1075.6994656848906 3176.8255268417 -169.0877698261635 29.36889697502548 137.077146702145 6198.371006513209 -4151.665213904091 -26.823638357044956 7460.351646557928 3.6683801781597983e-09 574.6401845775487 39.96722847881446 0.5373332458888713 -0.4912384913486778 0.6686108234848597 -0.15138459036144553 123.69893082842808 -11.193711691542013 0.627572891585221 0.0033426348107643334 -3.110463478618717 0.01701845503488451 -10.988300095638737 -0.0043981777685043605 10.988300965028163
635.0 -5580.403095820666 -1082.1640093913811 3173.186348921546 -169.02529461459775 29.332216543644883 137.03865284194168 6195.882691996515 -4155.437301823362 -26.868221484825654 7460.384936696816 3.677656093268241e-09 574.3208658411046 39.86829974725302 0.5532142745764285 -0.494607007955835 0.6556292451988671 -0.13952837319275407 123.71560547817349 -13.870259987811961 0.6337947942527601 0.00341609253901826 -2.3488882096916575 0.016229542443789022 -13.664538565853844 -0.016473510599997437 13.664548306823761
636.0 -5581.185403695596 -1088.6268677854662 3169.542581276969 -168.96286646710934 29.295502420600243 137.00011289615813 6193.396796130644 -4159.201237552437 -26.912803967597483 7460.418427125684 3.686972665329329e-09 574.0009374988114 39.769408408878604 0.5641146410763141 -0.4967615351935559 0.6463666685866819 -0.1311974794561138 123.74018428922652 -15.717498154301325 0.6385575979332384 0.0034642180524224833 -1.4593279082871398 0.014775956060512217 -15.511429676925914 -0.027455018961206692 15.511453377884784
637.0 -5581.960621175415 -1095.0880326656777 3165.89422907215 -168.90048532065993 29.258754676996073 136.9615269265026 6190.913261343159 -4162.956985736441 -26.957395001875057 7460.452035614981 3.6963299841815884e-09 573.6804068796691 39.67055536449628 0.5696486360752103 -0.497769647202767 0.6415781058382239 -0.12689895133657372 123.77358011852036 -16.63123074642915 0.6410134656151761 0.0034880882819080927 -0.49038570345135307 0.01275048741715285 -16.42477674105696 -0.036752754893399735 16.424816728151114
638.0 -5582.728746778241 -1101.547495766289 3162.241297513099 -168.83815111269703 29.221973384222633 136.9228949911627 6188.43203948926 -4166.704517237364 -27.001993837526243 7460.485691227794 3.7057284021593584e-09 573.3592688870638 39.571740733830424 0.5696361053159542 -0.49767973355372175 0.6416602871839848 -0.12689234090887494 123.81605717002624 -16.558483817370558 0.640853803582018 0.0034885351171148353 0.5045594400946646 0.010268812769808998 -16.35160738809624 -0.04388329979328034 16.351664666028697
639.0 -5583.489779026093 -1108.0052487651776 3158.5837918471575 -168.7758637810888 29.18515861391852 136.8842171512316 6185.953085378982 -4170.443804726976 -27.046596834407865 7460.519326514454 3.7151683388161604e-09 573.0375152688157 39.47296444421758 0.5640841437447802 -0.4964954364526739 0.646602932042705 -0.131171676177305 123.86711407128287 -15.500837993702646 0.6384262739908912 0.00346556575461777 1.4702749151105359 0.007465886155471105 -15.293506981291275 -0.04845997432900467 15.293581925679877
640.0 -5584.24371644449 -1114.4612832825528 3154.9217173635825 -168.7136232641348 29.148310437979404 136.84549347003573 6183.476348635254 -4174.17481713212 -27.091204618545817 7460.552867682074 3.7246502154279466e-09 572.7151377351522 39.37422642275589 0.5531897789410168 -0.49417663674454426 0.6559879998194794 -0.13946420423850162 123.92555257844938 -13.514756069407836 0.634655072328753 0.003418383453334083 2.3527372544616543 0.00448845457806844 -13.3069457575449 -0.0501907483632091 13.307038703185059
641.0 -5584.9905575548455 -1120.9155908706473 3151.25507939508 -168.6514295006523 29.11142892861198 136.80672400519344 6181.001767510781 -4177.897515375558 -27.135829490937795 7460.586227113445 3.734174456939361e-09 572.3921278925532 39.27552657605194 0.5373633658256199 -0.4906670158745552 0.6690374160294532 -0.15124625137157127 123.98969860101049 -10.70884832155937 0.6307933964872441 0.003346008728304586 3.1021663520015967 0.0014837253930988158 -10.500543078531619 -0.04888982905474616 10.500655614716656
642.0 -5585.73030086918 -1127.3681630277324 3147.583883305105 -168.58928242982603 29.074514158247744 136.76790879987297 6178.52936578578 -4181.611918088545 -27.180477800384324 7460.619420379976 3.743741494146308e-09 572.0684771706004 39.17686476812396 0.5172777719516064 -0.4859448116381494 0.6846919255409937 -0.1657658402256384 124.05764806854778 -7.240819885543082 0.628111249837006 0.0032483939824209246 3.666415549194449 -0.001367811979400123 -7.032013846241646 -0.044510000938880905 7.032154002618757
643.0 -5586.4629449332615 -1133.818991356838 3143.908134414657 -168.5271819897298 29.037566198661963 136.7290479114731 6176.059254536206 -4185.318103398734 -27.22512732432415 7460.652568625436 3.753351756652574e-09 571.7441770608739 39.078240893411355 0.49398904846097036 -0.4801019319563059 0.7016705456794458 -0.18203131669676137 124.12738427012891 -3.3242500049106667 0.627613457557736 0.0031280747616599263 3.9939668665225527 -0.0038297111022988608 -3.1149470592987365 -0.03725050964385242 3.1151695644598103
644.0 -5587.188488305725 -1140.2680674668384 3140.2278380520393 -168.4651281182637 29.000585121528577 136.69014140120427 6173.591389012607 -4189.016043783142 -27.26979036468174 7460.6856048911295 3.763005675402689e-09 571.4192190303311 38.979654850104495 0.468890198957143 -0.47338598175678204 0.7186636205915667 -0.19892283437634625 124.19694173423214 0.7914664042996474 0.6298124792149913 0.002990892447385914 4.062325608207902 -0.005745739860644507 1.0012538904523118 -0.02755673155623775 1.0016329913194115
645.0 -5587.906929546265 -1146.715383002583 3136.542999525209 -168.4031207528354 28.963570998229883 136.65118931590905 6171.1259399607425 -4192.7058582257105 -27.314475670846832 7460.7187228200555 3.772703687201158e-09 571.0935943693646 38.88110649410392 0.4436147172527657 -0.4662101738578326 0.7345037327123756 -0.21530983038353205 124.26442901167731 4.842873402413248 0.6346352662206396 0.0028459131534531736 3.8657736833155463 -0.006992647081122237 5.053125605574992 -0.016071866403892424 5.053151098131728
646.0 -5588.618267244898 -1153.1609297559219 3132.8536240696844 -168.3411598293296 28.92652389923485 136.61219170780527 6168.662944280248 -4196.387575494653 -27.359167428319324 7460.751954591743 3.782446229834174e-09 570.7672943564876 38.78259568912872 0.41992433961640285 -0.45913095275368754 0.7482639700514955 -0.23013767258750514 124.32796317056031 8.569302743618765 0.6414390953443555 0.002704643211363784 3.41560454470245 -0.007486359830238918 8.779992912241552 -0.0035774213956122486 8.779993635340713
647.0 -5589.3225000057 -1159.6046994897326 3129.1597169515358 -168.27924528381044 28.889443895112482 136.57314863996814 6166.202402094799 -4200.06119912645 -27.403867960918205 7460.7852878893655 3.792233740672085e-09 570.4403103044143 38.684122320419 0.3995534239628452 -0.4527852386562886 0.7592996350433103 -0.24250083149884338 124.38565951887428 11.730769777755846 0.6491235400077918 0.00257954371284507 2.7445339639671893 -0.007190739533503289 11.941864909689794 0.009087499593888932 11.941868317170023
648.0 -5590.019626434918 -1166.046684051587 3125.461283385742 -168.21737705138167 28.852331055852353 136.53406015684223 6163.744443619633 -4203.726821282024 -27.44859724255639 7460.818867906414 3.8020666640545195e-09 570.1126333131308 38.585686220315154 0.3839689993689585 -0.44777738340681555 0.7672642399997348 -0.2517316198862905 124.43585158942686 14.13528028893302 0.656378739090125 0.00248182678368243 1.9099898823207386 -0.006139782207752773 14.34674266470859 0.021115872176343514 14.346757877983471
649.0 -5590.709645152015 -1172.4868753169446 3121.7583285803603 -168.15555506676992 28.815185451207533 136.494926305349 6161.289016905045 -4207.38441066992 -27.493337527047515 7460.852619680367 3.811945446035943e-09 569.7842544462968 38.48728722164368 0.3742771111167254 -0.4446002745028723 0.7720111317725706 -0.257383084963491 124.4772196604971 15.643575506558518 0.6619913040572653 0.0024202214943303997 0.9604870633931863 -0.004406981469225769 15.855364058889371 0.03179725192596841 15.85539512480798
650.0 -5591.392554787676 -1178.925265091093 3118.050857798692 -168.09377926528506 28.778007151269737 136.45574714553868 6158.8360640741075 -4211.033931556121 -27.538082610626134 7460.886460927462 3.8218705316739595e-09 569.4551648207995 38.388925184382344 0.37119137910001004 -0.4435826829526418 0.77348224749275 -0.25918444451767 124.50896099169186 16.167115664990778 0.6651426789640906 0.0024003898890577412 -0.05022079143439391 -0.002093392273459452 16.379188332992964 0.0405273898939573 16.379237098512796
651.0 -5592.06835397516 -1185.361845115539 3114.338876349318 -168.03204958273878 28.74079622642442 136.4165227390516 6156.385534919661 -4214.675353122503 -27.58283442300649 7460.920318535854 3.831842367910865e-09 569.1253555101953 38.290599966497716 0.37497105188549706 -0.44484009383482204 0.7716523808968055 -0.25703424717574525 124.53102458333909 15.673342034596415 0.6656501221376043 0.0024243549499715334 -1.0644482446941397 0.0006699135019298793 15.885659120419042 0.04680533021195027 15.885726297660238
652.0 -5592.737041347487 -1191.7966070712519 3110.622389582101 -167.9703659554058 28.703552747330356 136.37725314492687 6153.937378803295 -4218.308644043117 -27.627595200938458 7460.95411878788 3.8418614046386455e-09 568.7948175094513 38.192311413426005 0.38539582478430895 -0.4482557569849197 0.766509213725262 -0.250998923987693 124.54418313862394 14.187983990523653 0.6640300286643163 0.0024902813802677275 -2.0238565476083514 0.003727105353433976 14.40051174219939 0.050233569843002514 14.400597504584201
653.0 -5593.398615540388 -1198.229542574389 3106.901402893002 -167.9087283200712 28.66627678494969 136.33793842324988 6151.491536352212 -4221.93376685531 -27.672359517334144 7460.987777299144 3.8519280937761365e-09 568.4635417655477 38.0940593672247 0.40178054952718645 -0.45349575653596513 0.7580759217460257 -0.24131905373264284 124.54990263217108 11.79403235223599 0.6613444523240366 0.002592604551844341 -2.872812581517397 0.006908269617637866 12.006745863483212 0.05053032539610331 12.006850630309415
654.0 -5594.053075201355 -1204.6606431683342 3103.1759217354597 -167.84713661412619 28.628968410607627 136.29857864644285 6149.047951096185 -4225.550685924465 -27.717110052790076 7461.0212131039125 3.862042886358418e-09 568.1315192727888 37.995843694698635 0.42302904002127656 -0.4600558569297997 0.7464709760655699 -0.2284209309476268 124.55008261048977 8.627572135090235 0.6588958427046494 0.0027225386438783977 -3.560069627255256 0.010039224631494122 8.840457018278661 0.04755446419964414 8.840583902924035
655.0 -5594.7004189918125 -1211.0899004194239 3099.4459515597814 -167.7855907746356 28.591627695429498 136.25917388939416 6146.606751937891 -4229.159492675442 -27.761867230580947 7461.05457014807 3.8722062350300156e-09 567.7987409899617 37.897664262587035 0.4476615066562936 -0.4673149268714908 0.7320256208690662 -0.21296578357231152 124.5468597467988 4.880589177336084 0.6578943777698179 0.0028686466440919424 -4.02425300027175 0.012856267973040016 5.093642484430591 0.04138414014812433 5.093810154686305
656.0 -5595.340645574922 -1217.51730598147 3095.7114977628976 -167.72409073768304 28.55425470994332 136.21972420714587 6144.1679404545275 -4232.760191524298 -27.8066344421552 7461.087838136007 3.882418599819487e-09 567.4651976516946 37.799520882045485 0.4739032840082467 -0.47461618427429964 0.7153937729914739 -0.19587471658212227 124.54245858015479 0.7976045338460389 0.6591588441299856 0.003018092553977517 -4.228111191982795 0.015144179343575778 1.0108341695120744 0.03239935372207299 1.0113532159749654
657.0 -5595.973753628662 -1223.9428514783522 3091.9725657734434 -167.66263643954935 28.51684952478934 136.1802296652999 6141.731552867444 -4236.352810875271 -27.851395724233953 7461.12104887343 3.892680440319338e-09 567.1308800249974 37.7014133844869 0.49993424942815035 -0.481386496339666 0.6975410714147816 -0.17823928040712878 124.53904078878082 -3.35214678955462 0.6629212595447446 0.003158981738387722 -4.156771089822902 0.016748205670242818 -3.1387233518500035 0.021225050592106477 3.138795044516986
658.0 -5596.599741860212 -1230.366528685789 3088.2291609437566 -167.60122781496895 28.479412209659184 136.14069033492194 6139.297764935478 -4239.937475354661 -27.896159875114336 7461.154403789965 3.902992216967437e-09 566.7957788665511 37.60334160874811 0.5240564069464716 -0.4872049853949003 0.679703192864936 -0.16124439262783902 124.53873598710301 -7.293589096718194 0.6687808734623916 0.0032819930299196986 -3.8135224853603367 0.017560837029144977 -7.079945647588832 0.008668978615899 7.079950927874752
659.0 -5597.218608976731 -1236.7883294168173 3084.481288604173 -167.53986479819096 28.441942833938384 136.10110627258453 6136.866529665945 -4243.514156328231 -27.9409391289862 7461.187833982713 3.913354396254499e-09 566.4598847535284 37.50530535159402 0.544817527041467 -0.4918284266364097 0.6632804334202511 -0.14607439071451953 124.5436811162815 -10.764078664897273 0.6757730172486485 0.0033812601157220262 -3.220172815892672 0.017528839512538016 -10.550180975348125 -0.004368113451615177 10.550181869374471
660.0 -5597.830353698734 -1243.2082454934655 3080.728954090375 -167.47854732328616 28.404441466888848 136.06147753969998 6134.437963636891 -4247.082938707978 -27.985709406389105 7461.221469565483 3.9237674457060595e-09 566.123188247172 37.40730441575448 0.5611184888554831 -0.49518067373619673 0.6496492484702951 -0.1337833912886278 124.55588997419478 -13.537518012202186 0.6825753196011247 0.003454459866229206 -2.4303733841731936 0.01667112723294891 -13.323325352000587 -0.01699407534109136 13.32333599402187
661.0 -5598.434974778687 -1249.6262688453344 3076.972162692035 -167.41727532322807 28.366908177083133 136.02180421302631 6132.012085522928 -4250.643839555134 -28.030476797513302 7461.255321685269 3.934231831082916e-09 565.7856799824609 37.30933863575251 0.5722616504956428 -0.4973048544774263 0.6399500375485915 -0.12517361753478656 124.57698269538183 -15.44630414284809 0.6878508300292634 0.003501974281589433 -1.4991815458082214 0.015070566268764199 -15.231771301302233 -0.028419270285943852 15.231797185929532
662.0 -5599.032470959289 -1256.042391342972 3073.210919732726 -167.3560487314304 28.329343033347918 135.98208635532623 6129.588827977255 -4254.196816199996 -28.075252786472674 7461.289296820542 3.944748021020595e-09 565.447350324816 37.211407831552734 0.5778263215718897 -0.4982771254126693 0.6350147559114014 -0.12080110994510583 124.60807627838287 -16.375572168411715 0.6905851923571877 0.0035250906772730656 -0.4808556578899254 0.012835848613376975 -16.160651828155096 -0.03798531512662033 16.160695279820242
663.0 -5599.6228409801915 -1262.4566047839069 3069.44523058353 -167.29486748189635 28.29174610485605 135.94232402450055 6127.168134064046 -4257.741833075916 -28.120037277040183 7461.323314044969 3.9553163976413206e-09 565.108186778992 37.113512575442186 0.5776195345761319 -0.49815107049540613 0.635274109259183 -0.1209462291486828 124.64951702775548 -16.267788177958046 0.690395907976921 0.0035247683894394652 0.5647504088098741 0.01010281709993573 -16.052434562330568 -0.045158277288817064 16.05249641052016
664.0 -5600.206083585518 -1268.868900901518 3065.675100662431 -167.23373150914728 28.254117461084565 135.90251728097698 6124.749949920007 -4261.278856547317 -28.164826976166296 7461.357296080983 3.965937241506153e-09 564.7681736503351 37.015654322265455 0.5716551086496042 -0.4969285469741779 0.6407018323939458 -0.1255930647925334 124.70073352525299 -15.126619919652205 0.6876804774884016 0.00350097387802109 1.5756823755817597 0.007029962167914993 -14.910792929776095 -0.049518412216752905 14.910873289642565
665.0 -5600.782197523152 -1275.279271363192 3061.900535435061 -167.17264074823808 28.21645717182666 135.86266618664865 6122.334215489928 -4264.807848375924 -28.209623949104298 7461.391157995331 3.9766108281988284e-09 564.4272949887751 36.9178345832143 0.5601576704641348 -0.49456186295642196 0.650815577264999 -0.13442853982132444 124.76032105317117 -13.017209845306038 0.6835180930168249 0.0034527289220305612 2.491552653092112 0.00378893274280882 -12.800878602674878 -0.05075926644485741 12.800977559982499
666.0 -5601.351181535709 -1281.6877077580205 3058.1215404165855 -167.1115951348557 28.178765307256036 135.82277079513017 6119.920858123757 -4268.328761157412 -28.25444435080408 7461.42479936958 3.987337436473504e-09 564.0855346749141 36.820054854645775 0.5435908567227555 -0.4909870372049174 0.6647348043683426 -0.14686166840104609 124.82631357451459 -10.062786080623999 0.6793630065099857 0.003378864563763334 3.257133134560881 0.000550065288475405 -9.845931052663719 -0.048702498674175275 9.846050316400815
667.0 -5601.913034361306 -1288.0942016400247 3054.3381211441106 -167.05059460489892 28.141041937670156 135.78283114740788 6117.509952744603 -4271.841650477619 -28.29928367984394 7461.458299698619 3.9981173494738005e-09 563.7428763820968 36.722316607602004 0.5227283754970634 -0.48618654600987354 0.6812638641543275 -0.1620408446247559 124.89646328337338 -6.44319459984015 0.6766640018145508 0.0032794037382170307 3.810087161344923 -0.002451808517139372 -6.225808579874847 -0.043348031946838124 6.225958891918033
668.0 -5602.467754775138 -1294.4987446834916 3050.550283104076 -166.98963909306318 28.103287132610575 135.7428473039833 6115.101566311532 -4275.346566731154 -28.34412584479628 7461.491728966503 4.008950846072973e-09 563.3993038519063 36.624621366529084 0.49877558672932554 -0.4802769882443439 0.6989763818642518 -0.17885453933775156 124.96838983726909 -2.399570830946227 0.6765171688956444 0.003157393620736702 4.100102960293273 -0.004967794613019933 -2.181658697812245 -0.03499157210988618 2.181939158651631
669.0 -5603.015341556396 -1300.9013285384522 3046.758031803718 -166.92872853417407 28.06550096168821 135.702819321977 6112.695673562936 -4278.843495671943 -28.388987458236443 7461.525044698171 4.0198382070119425e-09 563.0548006981934 36.52697065309704 0.47328715616346523 -0.47354831645923073 0.7164531298087004 -0.19607695575116785 125.03978508426243 1.7929678807090546 0.679402550252995 0.0030195465592013125 4.105922872026959 -0.00682792674799225 2.0113906821620517 -0.024194499280479655 2.0115361318141893
670.0 -5603.555793490673 -1307.3019449514309 3042.961372693943 -166.86786286202192 28.02768349385869 135.66274724498646 6110.292478972474 -4282.332584408341 -28.43387025007769 7461.558485132338 4.0307797176915254e-09 562.7093503192893 36.4293659615812 0.4480636414060434 -0.4664712807664508 0.7324560747275547 -0.21248909634323884 125.10840816254084 5.847622026483861 0.6850946338520214 0.002876077535439185 3.825610691429648 -0.00790315004920825 6.066530549819003 -0.011728820143126957 6.0665418454547355
671.0 -5604.089109391896 -1313.7005857805245 3039.1603111744284 -166.80704200926928 27.989834797356774 135.62263112802805 6107.8919647079265 -4285.813824847261 -28.47875708267452 7461.592017351293 4.0417756613941924e-09 562.3629361125232 36.33180881973221 0.4250118204268131 -0.4596621001694699 0.7460281383291608 -0.22697515940385443 125.1720161769217 9.485515471482737 0.6927052278995355 0.0027396385438717497 3.2768947523896026 -0.008114119407935683 9.704875881620886 0.0015019643837128336 9.704875996732165
672.0 -5604.615288084308 -1320.0972428580203 3035.3548526708555 -166.74626590874547 27.951954940500737 135.58247103112353 6105.494187638981 -4289.287260859164 -28.523662784137514 7461.625699591257 4.052826320992073e-09 562.0155414194559 36.23430077299893 0.4059456507244358 -0.45379769395639974 0.7565325864625616 -0.2386089420747577 125.22841285947015 12.458243000858342 0.700860393156282 0.002623421457184727 2.5067280619629515 -0.0074469531721823275 12.678013632409119 0.014561734938212537 12.678021858146526
673.0 -5605.134328391804 -1326.491908129188 3031.5450025373566 -166.68553449207926 27.914043990841904 135.54226699251285 6103.09923451299 -4292.752957754035 -28.568595426070488 7461.65962687013 4.063931986334093e-09 561.667149293877 36.13684331955002 0.3923214916936097 -0.4494852053346708 0.7636524361023458 -0.2467424855502242 125.27575254806122 14.577141187089856 0.7080479855615408 0.002538683768541044 1.5778007577387716 -0.005966908481145434 14.797274592854555 0.026585846165743873 14.797297942490347
674.0 -5605.646229154425 -1332.8845735159098 3027.730766156331 -166.6248476910597 27.876102016005436 135.502019062391 6100.707031230949 -4296.2108681688505 -28.613537515140933 7461.693697761388 4.075092944989279e-09 561.3177427931822 36.03943799228556 0.38518677407044644 -0.4471904061953436 0.767250803738066 -0.2509543660734723 125.3126623986197 15.710759950569544 0.7129932010787873 0.0024937302897165632 0.5460413188555319 -0.003773581441430303 15.931205026886513 0.03683156718234652 15.931246499616078
675.0 -5606.1509892221075 -1339.2752308630245 3023.9121489692097 -166.56420543814124 27.83812908400821 135.46172730068164 6098.31751445425 -4299.660951823904 -28.658486059446204 7461.727823806087 4.086309482804103e-09 560.9673049598465 35.94208635323005 0.38511970776813254 -0.4471749725365766 0.7672717251385174 -0.25102082469082865 125.33851382973602 15.787140384418679 0.7150159403931731 0.0024931516689230275 -0.5259808387997846 -0.0010012680706520953 16.007846028388233 0.04467999420957093 16.00790675120638
676.0 -5606.6486074471195 -1345.6638719455323 3020.089156466636 -166.5036076663554 27.800125263207608 135.42139176688576 6095.930625785785 -4303.103171603637 -28.703443626513035 7461.761922464048 4.097581886692368e-09 560.615818733621 35.844789968874025 0.392172866258922 -0.4494531128223651 0.7636930795455934 -0.24691136587592727 125.35364364978822 14.798708656582946 0.7142525875070067 0.002537300457317874 -1.5727102214313013 0.0021826924217064328 15.019628389590322 0.04963336253992051 15.019708510595299
677.0 -5607.139082683686 -1352.050488468462 3016.261794188337 -166.44305430930999 27.762090622303553 135.38101251919707 6093.546301849043 -4306.537486677135 -28.748408933876135 7461.795905005027 4.108910444885979e-09 560.2632669437328 35.74755040805382 0.4058641426636805 -0.45378691246578967 0.7565252956667874 -0.23879114889568526 125.35933438858562 12.803271744435998 0.7116193292650613 0.0026222120460491945 -2.529606114090751 0.005587563353700406 13.02436811065069 0.0513211812943015 13.024467475536973
678.0 -5607.622413795112 -1358.4350720589343 3012.430067733185 -166.38254530128077 27.72402523039819 135.3405896231644 6091.164466357009 -4309.963846942566 -28.79336725200119 7461.829666788162 4.120295444497359e-09 559.9096323845932 35.65036926278597 0.4252166003469669 -0.4597217539167247 0.7458577940866895 -0.22703062076564884 125.35756646387767 9.920996317034662 0.7085252370134747 0.0027399836667467868 -3.337136108530858 0.009015966779903168 10.14224395039925 0.049522158904961595 10.14236358668859
679.0 -5608.098599662503 -1364.8176142987106 3008.593982743981 -166.32208057691702 27.685929156812357 135.30012315838832 6088.785168156877 -4313.382290495287 -28.83831914202824 7461.863256357387 4.131737169581646e-09 559.5548978751855 35.553248164175855 0.448818607415553 -0.46664841505558013 0.7319551016446466 -0.21223299352375488 125.35071316041711 6.331796781351655 0.7064656895990526 0.002879503591893757 -3.930875206510469 0.012213893126893789 6.553184082703293 0.04421535739706992 6.553332593984217
680.0 -5608.567639167691 -1371.198106882605 3004.7535447924975 -166.26166006967426 27.647802470101084 135.25961318346788 6086.40849903171 -4316.792885981738 -28.88328676027413 7461.896775070133 4.1432359110276594e-09 559.1990459521057 35.45618869821339 0.47485310390856467 -0.4738709460072555 0.715414343979618 -0.19530277178474298 125.34137227829041 2.281391504576285 0.7066295087959159 0.0030273366666352343 -4.253817671862643 0.014890458332077812 2.502920995829639 0.03570824412443997 2.5031755389661416
681.0 -5609.0295312007975 -1377.576541491463 3000.9087594673806 -166.2012837130597 27.609645238833128 135.219059757164 6084.034420004094 -4320.195609871352 -28.928253810137676 7461.930164187732 4.1547919606308455e-09 558.8420590541424 35.35919245677738 0.5013541643822009 -0.48074083938507695 0.6971884344686332 -0.1773711759196887 125.33212018494396 -1.9455758208652654 0.7095810584200929 0.0031702296797288428 -4.281605785571037 0.016851825922354857 -1.7238889164942826 0.024613028405854803 1.7240645622380633
682.0 -5609.484274679278 -1383.9529098929197 2997.0596323215414 -166.1409514397079 27.571457531004683 135.17846295171907 6081.6631385842375 -4323.590613439579 -28.973217935069215 7461.963667238981 4.166405607274297e-09 558.4839196398895 35.262261069407046 0.5264315429547282 -0.4867561022713864 0.6785521151534467 -0.15970395895110298 125.32547683927929 -6.05038801263602 0.7151326465722608 0.0032972899561355545 -4.010630896412798 0.017956731941019242 -5.8285169789938465 0.011776499437732815 5.828528835103978
683.0 -5609.931868529041 -1390.327203981896 2993.206168832926 -166.08066318095052 27.53323941376622 135.13782282765092 6079.294649709026 -4326.977897361046 -29.018196695277084 7461.997267352171 4.178077144106026e-09 558.1246099659367 35.16539614299381 0.5484294164863284 -0.4916066375300871 0.6610046498845211 -0.14359993697724494 125.32396093502852 -9.74134537447963 0.7223764794540162 0.003401285161689651 -3.4584938917941397 0.018126423564918823 -9.519252809774637 -0.001815349281650824 9.519252981275233
684.0 -5610.372311676579 -1396.6994156207684 2989.3483745031626 -166.0204188683391 27.494990954381215 135.09713943912274 6076.928996210911 -4330.357496851512 -29.063177616560097 7462.031006624149 4.189806867052786e-09 557.7641121333595 35.068599274790294 0.566042774761212 -0.49517113217541764 0.6460903027043803 -0.13026299456140758 125.33002992097553 -12.757417705292537 0.7298747270293214 0.003478935178557119 -2.67269903513081 0.01735889012535773 -12.535056859108277 -0.015153911637021355 12.535065872445129
685.0 -5610.805603084448 -1403.0695367940573 2985.486254780743 -165.9602184322432 27.45671221933138 135.0564128621344 6074.5662784558035 -4333.729488315759 -29.108149023568558 7462.064997947254 4.2015950666798184e-09 557.4024083377127 34.97187211944001 0.5784205326322103 -0.4974781695503061 0.6351316827818538 -0.12063541676074135 125.34573101074373 -14.899851017332004 0.7360477798974029 0.0035303041549782322 -1.7204297121424423 0.015740854840206743 -14.6771684571041 -0.027326265910263728 14.677193336521789
686.0 -5611.231741713662 -1409.4375594659284 2981.6198151285294 -165.9000618031343 27.418403275134228 135.0156431631872 6072.206418816807 -4337.093820939092 -29.153127852652005 7462.099135579189 4.213442037189886e-09 557.0394805919879 34.87521631428956 0.5850540816484843 -0.4986122688268322 0.6291148032888038 -0.11537803605841652 125.37254086119198 -16.031263944494107 0.7396007245551415 0.0035568563109775694 -0.6611282960750873 0.01339414917116475 -15.808202367231873 -0.03757019647723721 15.808245873696386
687.0 -5611.650726519625 -1415.8034755148142 2977.7490610636346 -165.8399489122032 27.380064188737286 134.9748303997789 6069.849348974638 -4340.450450458524 -29.198116503827578 7462.133325138382 4.225348076287492e-09 556.675312635835 34.77863341817607 0.585694350736573 -0.49864061473052385 0.6285929207888126 -0.1148503582520277 125.41107838908796 -16.07739129735863 0.7399186943268978 0.0035598393741888175 0.4387900828564648 0.010472674369694124 -15.853893950188246 -0.04527076002935719 15.853956927273979
688.0 -5612.062556462133 -1422.167276745083 2973.8739981566473 -165.77987969127042 27.341695027462556 134.93397463062638 6067.4950055493 -4343.799335933237 -29.243112085131543 7462.1674782079335 4.237313481653878e-09 556.3099148984215 34.682124118976496 0.5803236976835618 -0.4975740213049439 0.6336116750871683 -0.11908293086138753 125.46087867285142 -15.03230629533808 0.737298897070073 0.0035393921135782776 1.5097715621520043 0.007158502113031567 -14.808322312994676 -0.049949221959121104 14.808404669273376
689.0 -5612.4672305059885 -1428.528954886797 2969.994632032215 -165.7198540727885 27.303295859010724 134.89307591588005 6065.143319531534 -4347.140432065652 -29.288116619786706 7462.201499311921 4.249338551035069e-09 555.9433176580437 34.58568845878086 0.5691561004678168 -0.49536393584387545 0.6437002328184952 -0.12777290258481436 125.5204467761652 -12.959375105916834 0.732882973322674 0.003494473881395615 2.4835137927578015 0.0036507907101612706 -12.734864321538073 -0.05126087901497654 12.734965785261624
690.0 -5612.864747611907 -1434.8885015828635 2966.11096837132 -165.65987198994142 27.264866751529343 134.85213430700125 6062.794208831149 -4350.473683734339 -29.333147346384294 7462.235276713995 4.261423585671187e-09 555.5755517816905 34.48932643955612 0.5526670638176691 -0.49193681137729345 0.6579303101389604 -0.14030323297611275 125.58756326426652 -9.98780922311449 0.7283119628166511 0.003423649351184439 3.2972659205504984 0.0001487891121745715 -9.762745237064417 -0.04901087982352094 9.76286706548266
691.0 -5613.255106736864 -1441.2459084394213 2962.223012878575 -165.59993337616086 27.22640777330529 134.81114984263155 6060.447755361447 -4353.799153603333 -29.378197947418585 7462.268900535368 4.273568891583714e-09 555.2066482295922 34.39303802865549 0.5316752300456874 -0.4872642817075883 0.6750065112373713 -0.1557600055052842 125.65962337545365 -6.311247302375617 0.7252647134395803 0.0033266500732545314 3.880410228344049 -0.0030742622997903288 -6.085618983619596 -0.043212398293125905 6.085771824336477
692.0 -5613.63830687381 -1447.6011671886904 2958.330771202947 -165.54003816366495 27.187918991822865 134.7701225825008 6058.104020078486 -4357.116889640769 -29.423252587779416 7462.302435299497 4.285774769542795e-09 554.8366383603521 34.29682323853263 0.5074745244606833 -0.4814611214023948 0.6933667246523172 -0.17293750531989724 125.73383507603687 -2.191738410475602 0.7250223670406677 0.0032064494598690713 4.1774654088952605 -0.005737732948633202 -1.9655497637623032 -0.034215110539188645 1.9658474224470552
693.0 -5614.014347018859 -1453.954269534143 2954.434249016606 -165.48018628486363 27.149400474666486 134.72905258140642 6055.7629843116365 -4360.426882322148 -29.468329819601877 7462.335847487634 4.298041522731154e-09 554.4655536975921 34.2006820654326 0.4817449508498932 -0.47483199694456496 0.7114529516518358 -0.19050216427684283 125.80747754204147 2.071150568385407 0.7281373448311507 0.003070069436829265 4.165084063340197 -0.007648669005632508 2.2978821456219105 -0.022668617893455412 2.2979938959590114
694.0 -5614.383226173249 -1460.3052072968844 2950.533451920347 -165.42037767096429 27.11085228862148 134.6879398803811 6053.424864600288 -4363.729292132079 -29.513429260788143 7462.3693937568705 4.310369459426449e-09 554.0934258496231 34.104614468871816 0.45643640362568205 -0.46788041990218127 0.7279087885262003 -0.20712922947698956 125.87790093247524 6.165654609028904 0.7343207845376166 0.0029284328457546637 3.8424116031578732 -0.008664714321108394 6.392899567097754 -0.009456358909780785 6.392906531955978
695.0 -5614.744943365222 -1466.6539724021773 2946.6283854672693 -165.36061225215914 27.072274499786104 134.6467845340844 6051.089627790565 -4367.024100131644 -29.55853272204422 7462.403023258784 4.322758884820452e-09 553.7202867570827 34.00862043575618 0.4336053863330207 -0.46126625279768096 0.74169222673685 -0.2216132978210262 125.94245411951485 9.790603485072891 0.7425009602729207 0.0027951242904940368 3.231407882095262 -0.00870461967803971 10.018320864145384 0.004400959399914955 10.018321820925133
696.0 -5615.099497632268 -1473.0005567566382 2942.7190552311085 -165.30088995875792 27.033667174302263 134.60558659946196 6048.757357705048 -4370.311371220085 -29.60366101244381 7462.43682925034 4.335210104372721e-09 553.3461685910378 33.91269995370859 0.4151776078950803 -0.455704283900908 0.7521210015915532 -0.2329702953206664 125.99857830244844 12.682385548364188 0.7510596441540166 0.0026841481875098383 2.389136778970955 -0.007770477845905642 12.910524419441854 0.017863546563940482 12.910536567941246
697.0 -5615.4468880086115 -1479.3449523851398 2938.805466708221 -165.2412107198507 26.99503037749274 134.56434611140682 6046.428114458355 -4373.591153834442 -29.648816327438453 7462.470876091974 4.34772343119623e-09 552.9711035317274 33.81685295450208 0.4026610340851805 -0.45181947000202916 0.7588607541720505 -0.24052778204183686 126.04417697266412 14.645867001779795 0.7582747119081659 0.002607190437726545 1.38465621336804 -0.005951396881614067 14.874369147449855 0.02999124914093719 14.874398700833433
698.0 -5615.787113546652 -1485.6871512691457 2934.8876254377265 -165.18157446490716 26.956364174887472 134.5230631196394 6044.101814348207 -4376.863392674801 -29.69398201273293 7462.505050779653 4.3602991749329145e-09 552.5951241033861 33.72107939999744 0.39709542960985206 -0.45006884042805323 0.7617639721990996 -0.24386248034120417 126.07777924846314 15.55040161660965 0.7627832711506604 0.002572508804650982 0.2826049597203173 -0.003374012431337182 15.779204657274521 0.03998910292347121 15.779254041625512
699.0 -5616.120173309444 -1492.0271453054627 2930.965537023448 -165.1219811241509 26.9176686324693 134.48173768239283 6041.77838560091 -4380.128040543223 -29.73915617404873 7462.539254816506 4.372937643600043e-09 552.2182631177376 33.62537926721843 0.39897722950507053 -0.450671593042052 0.7607706264315951 -0.24277631581411663 126.09887971484258 15.333818373873099 0.7640006841955982 0.0025840376133754233 -0.8454306626082936 -0.00020624939188182534 15.56286084351659 0.047206984906989206 15.562930670571513
700.0 -5616.446066363636 -1498.3649263123202 2927.039207125184 -165.06243062848182 26.87894381662833 134.44036985717156 6039.457759181414 -4383.385051897922 -29.784340610043955 7462.573392944575 4.3856391463816724e-09 551.840553590161 33.52975252682723 0.40820601827587916 -0.4535691719329816 0.7558667152571443 -0.23729382984341899 126.10814776655435 14.007089165169054 0.7623274497637563 0.0026408795469710805 -1.9255372359178746 0.0033477676616156544 14.236316535459183 0.051138517309579024 14.23640648496795
701.0 -5616.764791781445 -1504.7004860267114 2923.108641461812 -165.00292290950512 26.840189794183406 134.39895970268407 6037.139857496796 -4386.634374791451 -29.829529467487873 7462.607359221485 4.398403993035737e-09 551.4620287573958 33.434199147591556 0.4240893865177931 -0.45843250930677404 0.7470979895672148 -0.2276673464471407 126.10732449994681 11.654241744697769 0.7590195255456216 0.002737359959634261 -2.886315012637038 0.007061965881060005 11.88361173804152 0.05143360100411653 11.883721442080963
702.0 -5617.076348651555 -1511.0338160972015 2919.1738458234886 -164.94345789962574 26.80140663244552 134.3575072915156 6034.824610932012 -4389.875962892858 -29.8747036178911 7462.641057441491 4.411232489956619e-09 551.0827221936834 33.33871912552007 0.44540527327893625 -0.46471523956141814 0.7346367687955281 -0.21438914755265898 126.09887396861062 8.427755118917517 0.7557783660261488 0.0028636629029743493 -3.6612815605063407 0.010700297103741926 8.657241075444118 0.04792951980186148 8.657372740517463
703.0 -5617.3807360746805 -1517.364908201668 2915.234825991565 -164.88403553091638 26.762594398483248 134.31601269699377 6032.5121617293 -4393.109923497374 -29.919888145965388 7462.674653302908 4.424124944178319e-09 550.702667691047 33.243312453401835 0.4704414657590674 -0.47172277190789774 0.7189290167247182 -0.19825116057471018 126.08568333459789 4.551968011553236 0.7542506618174003 0.0030066637297080615 -4.173316182361319 0.013919417209515488 4.781560752156598 0.04075374494933661 4.7817340198676375
704.0 -5617.6779531474 -1523.6937541050734 2911.2915876896113 -164.82465573452902 26.723753158737555 134.27447597092834 6030.202494825551 -4396.336250054533 -29.965084085510398 7462.708118264314 4.437081670326133e-09 550.3218990551167 33.147979069744025 0.4971319127224293 -0.47872293971370455 0.7008232703347104 -0.18036338902939633 126.07080621189489 0.31596800169307027 0.7555579095860196 0.0031517522643951983 -4.376835025428127 0.01644574726366299 0.5456752930676867 0.03041752185804856 0.5465223903249239
705.0 -5617.967998986348 -1530.0203455483377 2907.3441366727125 -164.76531844181517 26.684882979747968 134.2328971790625 6027.895683908693 -4399.555000824388 -30.010273434842247 7462.741533637324 4.450102979624435e-09 549.9404504296929 33.052718940358616 0.5233700246397981 -0.48509321876376715 0.6815509225368381 -0.1620392742736469 126.05723122028711 -3.961132444407626 0.7599905926828685 0.0032857986614183757 -4.254634744034406 0.01808397879315985 -3.731287591103598 0.0177415196523592 3.7313297098949754
706.0 -5618.250872729427 -1536.3446744612227 2903.3924785890017 -164.70602358230985 26.645983926832592 134.19127639000885 6025.591896409363 -4402.766302435078 -30.055470343801744 7462.775096921359 4.4631891832953455e-09 549.5583561956557 32.95753203279396 0.5472238156955317 -0.4904034412082285 0.6626578246911848 -0.14468990207439286 126.04791444147001 -7.955250791754245 0.7669387692569252 0.0033991627433043563 -3.814091384901405 0.018707982276360748 -7.7252312427165375 0.0037649633657503827 7.72523215459523
707.0 -5618.526573509158 -1542.6667327847772 2899.436619077675 -164.64677108535278 26.607056065147177 134.14961365538045 6023.291079970937 -4405.970121546927 -30.10068428915747 7462.808733795633 4.4763405988242265e-09 549.1756507884631 32.862418270954635 0.5670893216473264 -0.4944385894176204 0.6458477563732604 -0.12969525109237603 126.04580672027318 -11.362161899746955 0.7750162067921098 0.003486579014093576 -3.088785174212334 0.01827165048893995 -11.131917476167986 -0.010382540981138213 11.131922256895594
708.0 -5618.795100479641 -1548.9865125068911 2895.4765637638725 -164.5875608798224 26.568099459503745 134.10790903928526 6020.9933825957305 -4409.166571941391 -30.145886047297836 7462.8426183882875 4.489557540699555e-09 548.7923689688832 32.76737760259842 0.5818237096487703 -0.4971730932864354 0.6327107180449116 -0.1182253503849042 126.05358231312684 -13.931362367377073 0.7824190093730559 0.0035469154592541463 -2.1515947256452077 0.01683792854277126 -13.700832475723995 -0.023622631755560015 13.700852450839655
709.0 -5619.056452816093 -1555.3040057019011 2891.512318232458 -164.52839289376237 26.529114174123112 134.06616261593928 6018.698772488443 -4412.355635406149 -30.191089771795077 7462.876701993401 4.502840321094863e-09 548.4085458013527 32.67240999365547 0.5907438061754704 -0.49869008746402577 0.6244850930478939 -0.11112299803102825 126.07328047280932 -15.486120386880936 0.7874590761827833 0.0035815694857873857 -1.07108338417404 0.014537355580030366 -15.255237539356107 -0.03503709114484652 15.255276819292906
710.0 -5619.310629684575 -1561.619204354694 2887.5438881227933 -164.46926705597076 26.490100273684085 134.02437444423674 6016.407165751506 -4415.537255429053 -30.236304323512968 7462.910871254402 4.516189257943287e-09 548.0242164201882 32.577515370327035 0.5934803952725364 -0.49907855009171337 0.6219654036116532 -0.10890664798670693 126.10607009409027 -15.918554902492374 0.7890701988812296 0.0035922364303336896 0.08054550885868801 0.011536288490785822 -15.687249513758754 -0.04388300962981242 15.687309350678392
711.0 -5619.55763025353 -1567.932100362112 2883.5712791356777 -164.41018329601465 26.451057823334594 133.98254458052037 6014.118487554833 -4418.7113819774195 -30.281528223168152 7462.945023951145 4.529604673826423e-09 547.6394152867313 32.48269365595863 0.5899300201906051 -0.4983742188687658 0.6253967853639117 -0.11173437296259896 126.15189620044328 -15.196134529389774 0.7871952587783302 0.003579564379639699 1.225625762846699 0.00803751716822905 -14.964341504099552 -0.04958169361403163 14.964421767726963
712.0 -5619.797453698184 -1574.2426855377582 2879.594497033216 -164.35114154419418 26.411986888670683 133.9406730828716 6011.8326606211485 -4421.877962894135 -30.326761788541262 7462.979054675185 4.543086993841485e-09 547.2541467601387 32.387945042726066 0.5802429225845214 -0.49654108004428 0.6344377473688011 -0.11938949423058383 126.20941489764995 -13.364554380860897 0.7828436892949792 0.00354272560603074 2.286246273603186 0.004268928421116875 -13.132219738197302 -0.0517121846165089 13.132319765014818
713.0 -5620.030099193758 -1580.55095160145 2875.6135476411546 -164.29214173162268 26.372887535793748 133.89876000314416 6009.549594368054 -4425.036935750893 -30.372019590660557 7463.012841306311 4.556636773650906e-09 546.868377457438 32.29327004087641 0.5648479037863333 -0.49349807179171534 0.6482039840488087 -0.13129392137222373 126.2762770291559 -10.545319584219449 0.7777702956815029 0.00348003059764186 3.1895632913866003 0.0004646208733100064 -10.312405258103286 -0.05002399677502168 10.312525274030785
714.0 -5620.255565908289 -1586.8568902031275 2871.6284368283386 -164.23318378997928 26.333759831151283 133.85680537682936 6007.269319031964 -4428.188326988923 -30.41730603891142 7463.046411698803 4.570254584521931e-09 546.4820712891377 32.198669143766296 0.5445253371874745 -0.48918815001617133 0.6653684296008545 -0.14653314961166888 126.34955636608439 -6.932188415805801 0.7739338103729977 0.0033904888162790817 3.859184515838845 -0.0030878531874649106 -6.698674761407757 -0.044486254894219805 6.698821803925633
715.0 -5620.473853041302 -1593.1604931189083 2867.639170404411 -164.1742676497606 26.294603840372034 133.81480925856414 6004.991943454084 -4431.332221492204 -30.46259613114171 7463.079891569334 4.583940993953034e-09 546.0951921278505 32.104142887222594 0.5205687084673676 -0.4836886895525376 0.6842565201978753 -0.1638489729301359 126.4260116387009 -2.7977547864944374 0.7729461821629958 0.003276201357579975 4.224917341357995 -0.006046068562448101 -2.563641214917017 -0.03543470985857607 2.5638859294919256
716.0 -5620.68495980227 -1599.4617521163143 2863.6457541936497 -164.11539324149922 26.25541962907505 133.7727717039264 6002.717421038482 -4434.468589147496 -30.50790827141418 7463.113213494872 4.597696571517875e-09 545.7077036407692 32.00969180829036 0.4947251270721395 -0.47727880174427845 0.7031357646064914 -0.18180233931455905 126.50242823294812 1.536686567152011 0.7756174932743944 0.003143655213403085 4.256210554318383 -0.008180136295710419 1.7713834471516958 -0.023559904402920606 1.77154006702565
717.0 -5620.888885398738 -1605.760659050618 2859.6481939634355 -164.05656049482442 26.216207262244005 133.7306927512528 6000.445979153815 -4437.597602777702 -30.55324760711369 7463.146650968406 4.6115218948450385e-09 545.3195691218685 31.915316404468953 0.4690654885350437 -0.47045869715468075 0.7204645671423827 -0.1989396622829155 126.57568062754044 5.732263914791376 0.781766683516948 0.0030038037245248054 3.948614060746328 -0.009320470841412562 5.967511916251521 -0.009828666350261143 5.967519981007587
718.0 -5621.085629062958 -1612.0572059227336 2855.6464954042485 -163.99776933799177 26.176966803904396 133.6885724507149 5998.177607322184 -4440.719260066457 -30.59859347198926 7463.180182042299 4.625417540122491e-09 544.9307517597224 31.821017199092854 0.44580653754440647 -0.46391083854387594 0.7350372894196331 -0.21392393070160268 126.6426537306564 9.45899729106219 0.7902627075448049 0.0028708626621304204 3.324299118933284 -0.009370385070098438 9.694749576667128 0.00462538349603623 9.694750669506382
719.0 -5621.275190040498 -1618.3513847048073 2851.64066423663 -163.93901969949965 26.137698318200634 133.64641085923276 5995.912362277106 -4443.833607858456 -30.643962423698213 7463.2138682254545 4.639384083707028e-09 544.5412145907964 31.7267947297356 0.42705168155597173 -0.4583933529200217 0.7460454235337853 -0.2256515484175817 126.70032482549291 12.425620084369744 0.7992886297757421 0.0027598928784828784 2.4426926411055088 -0.008329630064443698 12.661816754217428 0.01863990112644409 12.661830250352862
720.0 -5621.45756756835 -1624.6431874909656 2847.630706097292 -163.8803115066118 26.098401868411944 133.6042080088558 5993.650333066177 -4446.940717418649 -30.689363776929213 7463.247811532806 4.6534221126176006e-09 544.1509202071079 31.6326494776001 0.41445534591907623 -0.4545761388745156 0.7530790008003487 -0.23336520468695485 126.74621104844334 14.416287065170456 0.8068695275950367 0.0026836228147236177 1.3835867087571732 -0.006304519196773252 14.652858620510562 0.031164888398092568 14.652891036779094
721.0 -5621.6327609020045 -1630.9326063418048 2843.6166266595383 -163.82164468689675 26.059077517973034 133.56196394493756 5991.391424948854 -4450.040524177194 -30.73477830635352 7463.281885361656 4.667532211930048e-09 543.7598311085412 31.538581952945307 0.40914062160847137 -0.4529438233429207 0.7559548504478808 -0.23659693305208537 126.77859937789128 15.289210449696585 0.8114476931690117 0.002650961588277663 0.22003708968631966 -0.0034461171136328946 15.526081908651859 0.04132045673140917 15.52613554033429
722.0 -5621.8007693110585 -1637.219633222631 2839.598431670884 -163.7630191687962 26.019725330857394 133.51967872306076 5989.135554774036 -4453.132971557767 -30.780203221989495 7463.315977281398 4.681714965719983e-09 543.3679096748255 31.444592687988578 0.41161931097431753 -0.4537177798673259 0.754599426386986 -0.23513703400724623 126.79693612418926 14.97995739984357 0.8123896094610976 0.002665961918465578 -0.9670534813085154 4.620657002370303e-05 15.21705481376237 0.04839687836051201 15.21712995706946
723.0 -5621.961592071228 -1643.5042600094096 2835.5761269437953 -163.70443488154555 25.980345371529552 133.4773523989043 5986.8826416025395 -4456.218004261038 -30.82563922118652 7463.349977446818 4.695970960411661e-09 542.9751180719256 31.350682214235707 0.4217318801546991 -0.45681240342375445 0.7490051565258241 -0.2290325846623605 126.80206698304994 13.506667824187746 0.8102237651355222 0.0027272340819481065 -2.0943923584468838 0.0039318054346868985 13.743925954253918 0.051854763132480323 13.74402189242109
724.0 -5622.115228467586 -1649.7864784850888 2831.549718360354 -163.6458917552152 25.94093770497585 133.4349850315142 5984.63259389028 -4459.295558895566 -30.871076845577363 7463.383762665915 4.710300783668301e-09 542.5814182824334 31.256851069714674 0.43865867850631945 -0.46184775099740727 0.7392509436058238 -0.21859382664573543 126.79608855251105 10.969527789145756 0.806457701414701 0.0028280706255068744 -3.082141015700767 0.007947335695448872 11.206896727885866 0.05134197820490208 11.20701282973778
725.0 -5622.261677806934 -1656.066280341577 2827.5192118794157 -163.58738972072427 25.901502396715674 133.39257669694814 5982.38536819316 -4462.365607653535 -30.916499998604877 7463.4172695832085 4.724705019723419e-09 542.1867722328378 31.163099829041418 0.46099473602638885 -0.4682145148118729 0.7255861743394154 -0.20441067751693848 126.78192047427227 7.54578540886331 0.8030613005493283 0.0029572699298551297 -3.8530449526164046 0.011802450744005656 7.783234702655375 0.046735789683508396 7.783374153837531
726.0 -5622.400939399072 -1662.3436573480944 2823.484613413181 -163.5289287082098 25.862039511707152 133.35012746054983 5980.141117889293 -4465.428269091502 -30.961940980941336 7463.450680352958 4.739184258734212e-09 541.7911415361671 31.06942904195038 0.4867873557102358 -0.47515465569835413 0.7086152268788958 -0.1874315441012702 126.76298176812152 3.496210809018711 0.8018566909352984 0.003100181799485136 -4.323362485429857 0.01509870483949934 3.733731596211002 0.03828427576489149 3.733927589416185
727.0 -5622.53301255218 -1668.61860131829 2819.445928845531 -163.47050864732446 25.822549114544533 133.3076373730453 5977.899786590798 -4468.483506028747 -31.007389463937898 7463.4839157309525 4.753739098196916e-09 541.3944874548381 30.97583922491697 0.5137709838735783 -0.48190926557613045 0.6893942961284668 -0.16893294630410538 126.74282397570504 -0.8545500922886065 0.8039554488929351 0.0032413545124491084 -4.450962802388913 0.01755256309238117 -0.6169461358096362 0.026657349288353987 0.617521757752453
728.0 -5622.657896600145 -1674.8911040890318 2815.4031640646563 -163.41212946751293 25.783031269639434 133.26510650317326 5975.661555756048 -4471.531458922257 -31.05283219702983 7463.517193351916 4.7683701318034615e-09 540.9967712049242 30.882330933124926 0.5397020940712074 -0.4878699744376651 0.6693935176895115 -0.15038901613019265 126.72492745769253 -5.155202736415827 0.8094455990309423 0.0033677192288599027 -4.22340720276695 0.01896092727413255 -4.917485267359114 0.01285316350387135 4.917502023656673
729.0 -5622.775590885563 -1681.1611576955386 2811.3563248364194 -163.35379109632842 25.743486040082544 133.2225349132968 5973.4264972480905 -4474.572186432548 -31.098289876726767 7463.550594271777 4.783077957752054e-09 540.5979537289683 30.788904706628735 0.5625873488269383 -0.4926548098704511 0.6503895245860101 -0.13334233971312429 126.71275264975213 -9.056383728239954 0.8173627493367503 0.0034705531273287083 -3.657031232194892 0.019207374730924515 -8.818504940656918 -0.001921678528399984 8.818505148381584
730.0 -5622.88609474662 -1687.4287541400126 2807.3054169474262 -163.29549346156517 25.703913489082932 133.17992265155587 5971.194601933932 -4477.605687174664 -31.14375929800849 7463.584098657095 4.797863181521529e-09 540.197995621771 30.695561053304957 0.5808418458533811 -0.49611394077274057 0.6342509561633858 -0.11924526188662485 126.70970366879725 -12.240643419966432 0.8259142119294588 0.0035460182209052266 -2.80269799783874 0.018279005817850937 -12.002539660314207 -0.016409691518481644 12.002550713280403
731.0 -5622.9894075524735 -1693.6938855356232 2803.2504461341796 -163.23723649001212 25.66431367911497 133.1372697889188 5968.966012935395 -4480.632074351178 -31.189216662230592 7463.617877177155 4.812726403037738e-09 539.7968574778913 30.602300530075635 0.5934246149542961 -0.4982820265454945 0.6225973660593206 -0.10924636453473821 126.71866960998715 -14.463331292805634 0.8330124270088338 0.003594390651234994 -1.7466679047220124 0.016291262492282663 -14.224927052972848 -0.029467164600962516 14.22495694411094
732.0 -5623.085528678221 -1699.9565440110305 2799.1914181290344 -163.17902010827868 25.62468667248088 133.09457639324782 5966.740643958534 -4483.651288498266 -31.234681659023636 7463.651813586778 4.827668225597099e-09 539.3944996491806 30.509123685896604 0.5997440755192247 -0.4992656839053283 0.6166026835965639 -0.10412469128718344 126.7416846258983 -15.560991069616254 0.8369323854781824 0.00361769443558954 -0.5659754195014483 0.0134138285754474 -15.322203883879025 -0.040151956438909696 15.322255232915142
733.0 -5623.174457494255 -1706.2167215869235 2795.1283387343033 -163.1208442439174 25.58503253207735 133.05184251985372 5964.5184036358005 -4486.663266254343 -31.28015870600325 7463.68578521329 4.842689259215252e-09 538.9908821552747 30.41603104126065 0.5995300146370349 -0.4991433257255458 0.616884038030623 -0.1042774450971598 126.77955512377152 -15.45078993096606 0.8368970131530505 0.003617470360264008 0.654582610170026 0.009860939154669813 -15.211537578405686 -0.047721411302609616 15.211610666617382
734.0 -5623.2561933778015 -1712.4744101877775 2791.0612138223487 -163.0627088253442 25.545351321342793 133.00906822386105 5962.299205230725 -4489.667947478036 -31.325646521015187 7463.719675030442 4.857790116346731e-09 538.5859647995139 30.323023115310725 0.5927975523383268 -0.4979165074314689 0.623409265446068 -0.10968637711644413 126.83154801259369 -14.137052637558417 0.8334016023188722 0.0035936530251373653 1.826522203739278 0.00588510808401362 -13.897261840800637 -0.051620985133815744 13.897355825291198
735.0 -5623.3307357120075 -1718.7296016390308 2786.990049336872 -163.0046137818599 25.505643104276228 132.96625355854258 5960.082952814229 -4492.66526464054 -31.371152901395817 7463.753354296268 4.872971405728892e-09 538.1797120478606 30.230100421916944 0.5798534575414016 -0.49551302352537463 0.6354974288919503 -0.1199159254050291 126.8955115336279 -11.711757390958887 0.8280681101484992 0.0035446412890805315 2.864080010276654 0.0017585806087820246 -11.47137142230077 -0.051487421639479475 11.471485420227093
736.0 -5623.398083873864 -1724.9822876572987 2782.914851291187 -162.94655904370438 25.46590794548029 132.9233985608644 5957.869582035363 -4495.655173553982 -31.41669737394841 7463.786733617112 4.888233692366869e-09 537.7721256650022 30.137263436331192 0.5613471871641807 -0.4918421588864419 0.6519100892872027 -0.13414120056991355 126.96834757666593 -8.34950977642024 0.823094179568792 0.0034685679062030532 3.685545386690732 -0.0022297335927751226 -8.108493107550627 -0.04717934892742052 8.10862944561665
737.0 -5623.458237255229 -1731.2324600209145 2778.8356256701504 -162.8885445405267 25.42614590911286 132.88050327210362 5955.659250912583 -4498.637798412059 -31.462250463050395 7463.8200023504405 4.90357751779514e-09 537.363224946019 30.044512641330783 0.5384330647819079 -0.48690534286199083 0.6709467268176678 -0.15114070138340274 127.04641112190463 -4.313045859132613 0.8205694982428682 0.0033657629676370625 4.20034599701951 -0.005673476677384882 -4.071386442871446 -0.03891068412683948 4.0715720624037655
738.0 -5623.511195273647 -1737.480110580946 2774.752378430332 -162.83057020131636 25.38635705883637 132.8375677505883 5953.451909899114 -4501.61310646032 -31.507819235019724 7463.853089819607 4.919003419270765e-09 536.9530295674197 29.951848555703773 0.5128221181965544 -0.4809021823858348 0.6906884760975766 -0.16939892281519361 127.12590857062793 0.06319929076363144 0.8218365444093765 0.003240983348528746 4.3599478343536004 -0.008271305583969529 0.30549116150921934 -0.027328818745516195 0.30671111329282275
739.0 -5623.556957339692 -1743.7252311851546 2770.665115527817 -162.77263595501958 25.346541458242633 132.79459203549638 5951.247720181592 -4504.581224368846 -31.55342228923905 7463.886189670974 4.934511942861974e-09 536.5415591470206 29.859271655998104 0.486641542146583 -0.47427379951984444 0.7093348106829964 -0.18731924327074218 127.20315195699206 4.413684511125592 0.8271172338051712 0.0031040692069713447 4.148740626959786 -0.009804157147777994 4.656578428780724 -0.013427145336775604 4.656597744544178
740.0 -5623.59552287705 -1749.9678138948732 2766.5738427886263 -162.71474172858265 25.306699169500583 132.7515761670396 5949.046783840731 -4507.542235156224 -31.599039359513426 7463.91942194792 4.950103636268382e-09 536.1288334358946 29.766782420264153 0.46225942800766967 -0.467686010468299 0.725410757020464 -0.20338448915604534 127.27449476173183 8.37275529214313 0.8354646048661653 0.0029691734350136586 3.5821767330381595 -0.010136632406644702 8.61620202597449 0.001567438976731494 8.616202167470544
741.0 -5623.626891332697 -1756.2078507536883 2762.478566068336 -162.65688744913618 25.26683025485257 132.70852020246699 5946.849077286247 -4510.496126341689 -31.644670032628937 7463.952748973237 4.965779042974248e-09 535.7148724725866 29.67438136234415 0.44202254349383174 -0.4619347610862199 0.7378679835133175 -0.21629421270448093 127.33633590258356 11.606674039920103 0.8449906163876085 0.002852459653417413 2.7117543056249707 -0.009236526256641581 11.850606975832001 0.016350744034669604 11.85061809439611
742.0 -5623.651062143224 -1762.4453338965623 2758.3792911572814 -162.59907304288518 25.22693477585543 132.66542417593138 5944.654752909469 -4513.443018668053 -31.69034186309318 7463.986353941164 4.9815387168199854e-09 535.2996961978058 29.582068945639595 0.42787151964647563 -0.4577702387333847 0.7461215572422191 -0.22511106819488408 127.3855757941846 13.856919202535076 0.8534267076395631 0.0027685183816938217 1.6287830505550522 -0.00720880548148336 14.101258240624665 0.02971208935569621 14.101288908472718
743.0 -5623.668034755029 -1768.6802554869196 2754.276023835665 -162.54129843575424 25.187012793817548 132.6222881229359 5942.4637246185675 -4516.382852923841 -31.736032877390016 7464.020121112674 4.997383213190128e-09 534.8833246884875 29.489845635793724 0.4211511372243583 -0.4557569996765024 0.7499066556010335 -0.2292537562304602 127.4200038178064 14.952044102117403 0.8588433108895523 0.002727949445693781 0.4156814086897568 -0.004222943974422872 15.196700739549957 0.04063478565703512 15.196753786617682
744.0 -5623.677808635774 -1774.9126075821653 2750.168769970044 -162.48356355466836 25.14706437068215 132.5791120947625 5940.275894224488 -4519.315560085603 -31.78173644428989 7464.053919279241 5.013313083668345e-09 534.4657782976941 29.397711931421977 0.4225400412539145 -0.4561850351030622 0.7491132592311912 -0.2284391650509613 127.43869479691696 14.806397178731487 0.860293833581172 0.0027361366511691933 -0.837374591520098 -0.0005033780450300932 15.051282193802871 0.04830247993590333 15.051357908508752
745.0 -5623.6803832632795 -1781.1423821376081 2746.057535503278 -162.42586832748225 25.107089568984645 132.5358961449042 5938.091168149413 -4522.241074173596 -31.82745242825831 7464.087622805944 5.029328880947657e-09 534.0470775245393 29.305668334920593 0.4319682351242979 -0.4590094794554232 0.7437253517361619 -0.22267991107996898 127.44236512438607 13.427005332794826 0.858181315908936 0.0027924046022035237 -2.036342871161881 0.003675079214691492 13.672038424458918 0.05209896742267629 13.672135797590025
746.0 -5623.675758127542 -1787.3695710039376 2741.9423264576253 -162.3682126830071 25.067088451875467 132.49264033070463 5935.909442540246 -4525.159321152935 -31.873170826252135 7464.121092993754 5.045431158199962e-09 533.6272430303319 29.213715355901627 0.44861842620050396 -0.46385590064907456 0.7338338054042596 -0.21229026626843311 127.43326436668892 10.91392694075584 0.8541146405862144 0.002890052350460743 -3.0903668104904036 0.00800859152598043 11.159045436945469 0.05162527338957285 11.159163339986696
747.0 -5623.663932743647 -1793.5941659311275 2737.8231489410064 -162.3105965510106 25.027061083121946 132.44934472747426 5933.73066854743 -4528.070268638704 -31.91887504694182 7464.154260140554 5.061620463752939e-09 533.2062957762745 29.12185354103489 0.4710054638661769 -0.470089043733896 0.7197251926207028 -0.19790348929882723 127.41468960475281 7.455143504058312 0.8503201216515947 0.0030172576775912415 -3.9112281438902 0.012159973282266564 7.7003080170843825 0.04674688338906863 7.700449055494509
748.0 -5623.644906626541 -1799.8161587503673 2733.7000090097063 -162.25301986045912 24.987007525893155 132.4060093982301 5931.5550044195 -4530.974041745119 -31.96459973767446 7464.187314976662 5.077897352329066e-09 532.7842567299584 29.030083409661188 0.49702519168023357 -0.4769057269418667 0.702086937853309 -0.1805569664705321 127.39058404987378 3.333217718449967 0.8488996628822881 0.0031583429462502905 -4.405027634348803 0.01567656310801003 3.5784151470645917 0.03775244333838006 3.578614027540618
749.0 -5623.618679288549 -1806.0355413336702 2729.5729126932206 -162.195482539886 24.946927843012382 132.3626343913821 5929.38238738995 -4533.870597751947 -32.01033241255459 7464.220170549023 5.0942623860216875e-09 532.3611468417263 28.93840544915405 0.524228596426649 -0.4835041846757115 0.682111793685274 -0.16165266160839836 127.36507348941464 -1.0978851856611738 0.8511333243946075 0.003296858858094053 -4.52466669056243 0.018236144501761663 -0.852642672595296 0.02540707279357315 0.8530211010438629
750.0 -5623.585250268785 -1812.2523055916793 2725.4418660158135 -162.13798451750094 24.90682209702724 132.31921977487906 5927.213026448551 -4536.760101534918 -32.056060474678134 7464.253081909379 5.110716121447589e-09 531.9369873774014 28.846820187177872 0.5502001040040431 -0.48925330169901904 0.6614506470260645 -0.14280789151636347 127.34221399235875 -5.454853141575526 0.8570918495181026 0.0034191779320389306 -4.25735681846407 0.019611538753337748 -5.209530236108528 0.010844441435165544 5.209541492164653
751.0 -5623.54461910803 -1818.4664436394046 2721.3068748700666 -162.0805257195885 24.86669034909458 132.27576560781432 5925.046976370745 -4539.642600150789 -32.10180699085504 7464.286110226215 5.127259120413412e-09 531.5117996417073 28.75532813156248 0.5728171906127282 -0.4937750043430186 0.6420789932831432 -0.1257031328531584 127.32603921096243 -9.358379553746307 0.8656073137974929 0.003516642689687446 -3.6239134611897525 0.019680292010352218 -9.112919237348487 -0.004577819681031393 9.112920377456298
752.0 -5623.4967853441785 -1824.6779475541657 2717.1679451734535 -162.02310607273242 24.826532660526922 132.23227193582176 5922.884244999492 -4542.518105423113 -32.14756412103702 7464.319257885404 5.143891951754364e-09 531.0856049324387 28.6639297608155 0.5904271268592128 -0.49694384539907194 0.6260368416240288 -0.11189501918391674 127.32047833642989 -12.468616221941637 0.8745715453565062 0.0035859884629471615 -2.686464858854098 0.018447358890250357 -12.222941904190748 -0.019464947336705403 12.222957167241388
753.0 -5623.441748546106 -1830.8868095421403 2713.025082781149 -161.9657255023818 24.78634909178225 132.18873883031938 5920.724965167392 -4545.386725371412 -32.193310751212266 7464.352684968482 5.1606151763401195e-09 530.658424924884 28.572625606621823 0.6019837014222683 -0.49882283850240444 0.615036000923967 -0.10257736874088524 127.32877137574901 -14.531064187864423 0.8816182825833343 0.003628188027029115 -1.542494888899847 0.0160642599289079 -14.285084976083445 -0.032574667152041756 14.285121343711262
754.0 -5623.379508285042 -1837.093021798462 2708.8782935592276 -161.90838393405843 24.74613970331235 132.1451663557957 5918.5690308350895 -4548.248384108053 -32.23906742613349 7464.3862503068685 5.1774293595022325e-09 530.2302813518944 28.48141618490487 0.6069167632724177 -0.4995313313014237 0.6102569029834564 -0.09852412835544325 127.35306506595163 -15.382818909761674 0.8849244112790913 0.003645615118657925 -0.28048313760349525 0.012739436203406927 -15.136436281592356 -0.04290163787870685 15.136495659117106
755.0 -5623.310064131225 -1843.2965763978355 2704.7275834547186 -161.8510812943531 24.705904556263462 132.10155456515798 5916.416338674852 -4551.103007734277 -32.28483762566748 7464.41981605317 5.194335072899563e-09 529.8011959575684 28.390301986256212 0.605003789808636 -0.499139782693097 0.6122221409014769 -0.10006968492149818 127.39394712310647 -14.953954777635522 0.8838862605893779 0.003639671384912492 1.0022648205953715 0.008734358714397775 -14.70707223978578 -0.04967038483719741 14.707154265480897
756.0 -5623.233415664143 -1849.4974653057425 2700.5729584952 -161.79381751085012 24.66564371242628 132.05790351075865 5914.266786782905 -4553.950523103851 -32.330622254210994 7464.453245968962 5.211332890315094e-09 529.3711906051967 28.299283499138713 0.5963384156884541 -0.49762603774002856 0.6207118471756657 -0.10707765085729658 127.45016902676085 -13.273768107135288 0.8794028196254927 0.003609770895046526 2.2058772018789066 0.004351558864823552 -13.026302135667581 -0.052325905124179374 13.02640541331196
757.0 -5623.149562467782 -1855.6956803698504 2696.4144247912673 -161.73659251218942 24.62535723428447 132.01421323808515 5912.120259349974 -4556.790845761338 -32.37643752445342 7464.486385997197 5.228423390134028e-09 528.940287214964 28.208361196776682 0.5813508904713334 -0.49489474141403256 0.6347926017221522 -0.11894826550961807 127.51891526676313 -10.46945770810672 0.8735634012543622 0.003553790390185914 3.2356958080413505 -9.164813306551565e-05 -10.221346555319393 -0.050545843868192934 10.221470203712796
758.0 -5623.058504121502 -1861.8912133518836 2692.251988509299 -161.67940622774287 24.585045184792694 131.97048377485248 5909.976788489741 -4559.624005183364 -32.42228650678135 7464.519268767027 5.245607163759031e-09 528.5085064282813 28.117535476604992 0.5608994592030546 -0.49085965819521893 0.6529315144208819 -0.13464408675559128 127.59638819602448 -6.762326522595654 0.8689066479948363 0.0034699549074147496 3.992777956922078 -0.004206928843231283 -6.51353533099984 -0.04430329635353704 6.513685349129193
759.0 -5622.960240233548 -1868.0840561529412 2688.085655745167 -161.6222585856465 24.544707625984007 131.92671517148568 5907.8364817492375 -4562.450089597737 -32.468142119157164 7464.552022419716 5.2628848415822836e-09 528.075855356275 28.026806352256276 0.5364680672951329 -0.48558249323907987 0.6731256811687751 -0.1526874991065621 127.67823624846874 -2.4737637457618424 0.8675864963356713 0.003359908393816667 4.389368280544169 -0.007552245858688012 -2.224286328020181 -0.034047120774769325 2.224546761264694
760.0 -5622.854770421035 -1874.2742006564993 2683.915432614581 -161.56514951418447 24.50434461994727 131.8829074770408 5905.699298428397 -4565.269072259611 -32.51402765216244 7464.584587743779 5.28025708571962e-09 527.6423323731208 27.936173559284338 0.5101002668497154 -0.47936620387112705 0.6932809189068966 -0.17136898151545168 127.7600898947556 2.0138674156121428 0.870667599907796 0.0032306072514582274 4.387438808366415 -0.009828257908638578 2.264010814915135 -0.020681886285611194 2.264105228964994
761.0 -5622.742094292974 -1880.4616388758018 2679.7413251437324 -161.5080789403865 24.46395622783499 131.83906072166283 5903.565501746048 -4568.08116215574 -32.55994448824231 7464.617290084822 5.2977245686502316e-09 527.2079355243907 27.84563678507298 0.4842357036928405 -0.47278322820090435 0.7115372714860538 -0.1889616725349694 127.83767726774616 6.297814838666546 0.877831834798187 0.0030945654660372727 3.984551781311684 -0.010825824751050915 6.548579714166515 -0.005457456059170816 6.5485819783229475
762.0 -5622.62221148071 -1886.6463629618438 2675.563339284614 -161.4510467900518 24.42354250986924 131.79517495241248 5901.435049483922 -4570.886332673125 -32.605869083853804 7464.65006897135 5.3152879585657265e-09 526.7726630186083 27.75519574722286 0.4614654258890409 -0.4666191042773526 0.726458947456932 -0.20389622333975171 127.90675305950322 9.991068139423247 0.8874604302036015 0.002968220275857843 3.214562900377222 -0.010444912949369929 10.24238712735772 0.010191988664057645 10.242392144144148
763.0 -5622.495121625407 -1892.8283650505095 2671.381481007938 -161.39405298911512 24.38310352630983 131.75125021730037 5899.308053210244 -4573.684675381981 -32.65183062526148 7464.683058143755 5.33294792564936e-09 526.3365130695752 27.66485016040163 0.4441661347789741 -0.4617208643194746 0.7371151370620889 -0.21492222519209458 127.96332857352162 12.764488537296662 0.8970939188784675 0.0028685622717784156 2.163405338288892 -0.008735798505428098 13.016274439513175 0.024843804867285112 13.016297739551083
764.0 -5622.360824353083 -1899.0076374047942 2667.1957561919503 -161.3370974622687 24.34263933647941 131.70728653923655 5897.18454288175 -4576.4762195584635 -32.69782629833344 7464.716288569324 5.350705152613209e-09 525.8994836373189 27.57459968289655 0.4341000606561803 -0.4587925104165541 0.7430511983918976 -0.22122722773732353 128.0043335207457 14.388293773152853 0.9042686252723096 0.0028091807193983995 0.9303634518050315 -0.005875150916706745 14.640445648690564 0.03726549674478576 14.640492039301453
765.0 -5622.219319315843 -1905.1841722092963 2663.006170786424 -161.28018013497197 24.302150000180287 131.66328395990422 5895.064399031508 -4579.260878655437 -32.743838837750445 7464.7496021296465 5.3685603170890605e-09 525.4615728635613 27.484444006914003 0.43232241200596516 -0.45827703699054073 0.7440671854731469 -0.22235897316408218 128.02799655745278 14.728528996693928 0.907360119013992 0.0027984324886735717 -0.3867499166745562 -0.0020989608665126823 14.980940239578388 0.04646038008607595 14.98101063390041
766.0 -5622.070606183993 -1911.35796153035 2658.81273083383 -161.2233009337904 24.26163557794128 131.6192425293557 5892.947513153224 -4582.0385739552485 -32.78986596461755 7464.78285426325 5.386514095705091e-09 525.0227789690567 27.39438283694789 0.4390739444941346 -0.46026677835889496 0.7401046705834728 -0.2182055008152052 128.03437330938678 13.753596378623431 0.9062115217657358 0.0028381494721407005 -1.6823727537629616 0.002292348686653299 14.006166212418202 0.05166604008097754 14.006259599358211
767.0 -5621.91468464212 -1917.5289973176737 2654.6154424656165 -161.1664597863654 24.221096131001886 131.57516230071522 5890.8337710979595 -4584.809222016203 -32.83590089012682 7464.8158930666405 5.404567166181228e-09 524.5831002012021 27.30441587881081 0.45374303042617736 -0.4644793350536968 0.7312288502935406 -0.20899899077778292 128.0254468779915 11.537824058629003 0.9022124575441627 0.0029232681065753047 -2.851625907159112 0.0069541046477513205 11.790469327846406 0.052365658873167194 11.79058396842414
768.0 -5621.751554401493 -1923.6972713993564 2650.414311914055 -161.10965662149653 24.180531721373562 131.5310433434234 5888.723073167234 -4587.572750435587 -32.88192118904317 7464.848584782707 5.422720201836923e-09 524.1425349665465 27.214542866525626 0.47493222022475606 -0.47031371250847603 0.7176986216244718 -0.195328150908187 128.00466804352985 8.256982442834726 0.8977514904476508 0.0030425806158905144 -3.795391241439929 0.011517248820757334 8.509646187405668 0.04832865504140615 8.50978241170926
769.0 -5621.581215182451 -1929.862775632205 2646.209345400596 -161.05289136771273 24.13994241082534 131.48688572601347 5886.6155798747095 -4590.32928872128 -32.92795887461739 7464.881125282018 5.440973878569409e-09 523.7010816594401 27.12476352702137 0.5005260661246078 -0.4769502056014434 0.7001656762552662 -0.17821387235726524 127.97641484215264 4.1921249281435555 0.8953444378016651 0.003180117272022723 -4.403507302184797 0.015473220549057589 4.4447814277554905 0.03975667330186088 4.4449588706336645
770.0 -5621.403666691867 -1936.0255019612414 2642.000549080993 -160.99616395266145 24.099328260447315 131.44268949211482 5884.511252493821 -4593.078811946962 -32.97401172430591 7464.913458234577 5.4593288848485245e-09 523.2587384216829 27.035077531503067 0.5279193099763835 -0.4835196434967346 0.6798465117298361 -0.15911843700722905 127.94546037260238 -0.2841188183820475 0.8967395520453961 0.003318120589092835 -4.611297870029376 0.018419021999343407 -0.03146384719400355 0.027405967172351987 0.04172601876079414
771.0 -5621.218908663749 -1942.18544232522 2637.7879291355716 -160.9394743040985 24.058689331350546 131.39845470474754 5882.410237931773 -4595.821440167215 -33.02005907680336 7464.945762798724 5.477785903431262e-09 522.8155035851983 26.94548458556272 0.5544687170283699 -0.4893112161136604 0.6584842205417745 -0.1397766322379248 127.91653110643409 -4.757225571702223 0.9023277026193159 0.003441352180496713 -4.396742835887709 0.020074275313934034 -4.504537442601451 0.012477686007027698 4.504554688705439
772.0 -5621.026940834174 -1948.3425889011621 2633.571491590198 -160.8828223475852 24.018025683018486 131.3541814248648 5880.312677096044 -4598.557288621919 -33.066123663680855 7464.978210664004 5.4963456201877335e-09 522.3713754577732 26.855984385467256 0.5778137817544768 -0.4938847780513385 0.6382156529755616 -0.12202393175417449 127.89431549775436 -8.810199335511744 0.9110183200706689 0.0035398662428089704 -3.7770464301502025 0.020280514813901748 -8.557416194007638 -0.0035403719726786885 8.557416920914818
773.0 -5620.827762931759 -1954.4969338463834 2629.3512424806886 -160.82620800881136 23.977337374968855 131.30986969414843 5878.218534706811 -4601.286335600331 -33.11220673901198 7465.010750306266 5.515008731382291e-09 521.9263521500649 26.76657658351787 0.5960929004595334 -0.49708379929015584 0.6212936208511468 -0.10758804392067184 127.88340957708087 -12.063824816760732 0.9205311668379808 0.003609760453560886 -2.8138525120431273 0.01902483960488081 -11.810859923097528 -0.01908895698537718 11.810875129951558
774.0 -5620.621374712285 -1960.6484694250366 2625.12718779219 -160.76963121255454 23.936624465996374 131.26551957827365 5876.127971872619 -4604.008713703766 -33.158278150403476 7465.043579852292 5.533775925511914e-09 521.4804320097531 26.677260875465358 0.6081059413422557 -0.49896825377075454 0.6096469271543967 -0.09781855674878107 127.88768429415632 -14.228762356044843 0.9281651153152501 0.003651985083643885 -1.6167247391861126 0.016473531987027785 -13.975510186454715 -0.03276284946645691 13.975547824798076
775.0 -5620.407775939287 -1966.7971879271945 2620.899333499833 -160.7130918833574 23.895887014662446 131.22113114285028 5874.040885098378 -4606.724347520359 -33.20435947816736 7465.076561116608 5.552647893319146e-09 521.0336133806151 26.588036951737013 0.6132117336692267 -0.49967107368787056 0.6046010017115593 -0.0935832065029368 127.90970832869702 -15.121501768504684 0.9317848050402554 0.003669249246015544 -0.286803054925761 0.012868856515292453 -14.867846497464312 -0.04342963846432251 14.867908497133714
776.0 -5620.186966375936 -1972.9430815080366 2616.6676856700296 -160.65658994696292 23.855125080332265 131.1767044388277 5871.957154810676 -4609.433148932134 -33.25045641714132 7465.109535382495 5.571625334039027e-09 520.5858944553617 26.498904468184815 0.6111623297181308 -0.49927145597594574 0.6067413018738752 -0.09525551207967523 127.95022819801125 -14.6635627913336 0.9306515862868938 0.003663161476296879 1.0659983562123772 0.008514865085078361 -14.409390222806996 -0.05022564003123889 14.409475902998249
777.0 -5619.958945796504 -1979.086142197294 2612.432250461988 -160.60012533026136 23.814338723139457 131.1322395149318 5869.876662926086 -4612.135030615299 -33.29657165046251 7465.142345613829 5.590708950194418e-09 520.1372734003471 26.40986307124408 0.6020642063951795 -0.49774295017790704 0.6158146212397257 -0.10267910787160885 128.00782441504353 -12.888664509214113 0.9257815919050298 0.003633021432481109 2.3287304344830653 0.0037642319885788406 -12.633875766162655 -0.05254698599320351 12.6339832659332
778.0 -5619.723713980687 -1985.2263618890631 2608.1930341306916 -160.54369796136143 23.773528004043577 131.08773640997381 5867.799277043072 -4614.829893296531 -33.342726011424475 7465.174816245654 5.609899450942046e-09 519.6877482777119 26.32091238261544 0.5864029192278254 -0.49497696243386446 0.6307643875892149 -0.11517686542892232 128.07923429144773 -9.941051787616443 0.9195688312601309 0.0035763671156288463 3.394677291625647 -0.0010140762448025622 -9.685574312216643 -0.05006580274877383 9.685702474275537
779.0 -5619.481270707361 -1991.3637324120077 2603.950042976046 -160.4873077689306 23.732692984357996 131.04319514749852 5865.725085614762 -4617.517811604388 -33.38890972844865 7465.20705270704 5.629197554497703e-09 519.2373169906537 26.23205198878118 0.5651669632514206 -0.49088342441262495 0.6498531705129147 -0.13156984479893039 128.16002397757032 -6.073557689941081 0.9148861972870986 0.0034912840096299838 4.147872710281941 -0.005339968207219773 -5.817351766961317 -0.042820706143780446 5.817508821511608
780.0 -5619.231615785078 -1997.4982457441783 2599.703283220949 -160.43095468034687 23.69183372440519 130.9986157785433 5863.654143005285 -4620.1988336676295 -33.43510437225564 7465.239117242739 5.648603969637656e-09 518.7859777155986 26.143281526368817 0.5400492780210824 -0.48554796327913935 0.6708430228483379 -0.1501985065175137 128.24513439744587 -1.6490482766370234 0.9140672883958076 0.0033798934134736947 4.499278537021328 -0.008737947926763318 -1.3921088592152056 -0.0314082381661383 1.3924630548796302
781.0 -5618.974749024959 -2003.629893824991 2595.4527611178096 -160.374638623318 23.65095028469325 130.95399834408354 5861.586460525585 -4622.872973188518 -33.481337331475515 7465.271017210508 5.668119464854983e-09 518.3337249783797 26.054601228855642 0.5133404380002149 -0.4793300799163387 0.6914492424150324 -0.1691810106507876 128.32951543393983 2.9090383216072433 0.9180949804715378 0.0032503363347272814 4.412310752423091 -0.01088069723222935 3.166684304527159 -0.01692394746728319 3.1667294821057186
782.0 -5618.710670227826 -2009.7586687923472 2591.198482781895 -160.31835952369522 23.6100427243256 130.90934287008713 5859.522299528442 -4625.540442221876 -33.52759950377413 7465.303078993492 5.687745011267294e-09 517.8805401941208 25.966013567548742 0.4877350150578527 -0.4728840490947152 0.7096883843505739 -0.18664840828728058 128.4082083458104 7.161493887662702 0.9263154601784718 0.003116817704573036 3.892368420609838 -0.011554717510558844 7.419789854914526 -0.0008253867640446484 7.4197899005661725
783.0 -5618.439379220332 -2015.8845628649135 2586.94045429415 -160.26211730665977 23.569111101851334 130.86464940474323 5857.461589963814 -4628.201191601955 -33.573871973607766 7465.335206990137 5.707481618043723e-09 517.4264019644761 25.87752158538437 0.46602549134975957 -0.46707476819861915 0.7240742421979809 -0.20094251444092465 128.4763068281762 10.695864644557988 0.936620171193359 0.0029973670362572796 2.9885914409220895 -0.01068415659805976 10.954726203132205 0.015271009796016944 10.954736717088288
784.0 -5618.160875826776 -2022.007568287759 2582.6786817184034 -160.2059118971254 23.528155475563256 130.81991798462252 5855.404495366225 -4630.85535573104 -33.62019273599731 7465.36760296621 5.72733030335848e-09 516.9712886694731 25.789128314840852 0.4506431527196892 -0.4627811361191435 0.7336990442823681 -0.21080816250390608 128.52941176863277 13.178832718492062 0.9461270274031843 0.0029095985118545143 1.8097504126579556 -0.008383972652211753 13.438152542095779 0.02982462856012496 13.43818502933508
785.0 -5617.87515986189 -2028.1276774024086 2578.413171049764 -160.14974321908392 23.48717590301855 130.77514862989565 5853.350966953445 -4633.502902523967 -33.66654485911454 7465.400198668228 5.747292096652659e-09 516.515178417964 25.700836768747852 0.44327690250186996 -0.4606799427284948 0.7381399044588275 -0.2154740344485425 128.56438122353137 14.391395616938675 0.9522444635501836 0.0028666261428129166 0.46566892711130586 -0.004885740933927393 14.651051847761046 0.04154713634863729 14.651109467282668
786.0 -5617.582231172302 -2034.2448824327685 2574.143928385075 -160.09361119767328 23.446172442539677 130.73034138172446 5851.3008732234275 -4636.143734023332 -33.71291548265276 7465.432820150442 5.767368022020446e-09 516.058049428138 25.612650014138048 0.4447793817698214 -0.46112270013401224 0.7372228898608817 -0.21456832860127298 128.5798351257153 14.224810506729716 0.9536454352357784 0.0028751779044866536 -0.9288914206616922 -0.0004932985575838959 14.484678465650372 0.049425864246967176 14.484760988830374
787.0 -5617.282089625123 -2040.359175470369 2569.8709599250815 -160.0375157592713 23.405145153290437 130.68549628776591 5849.254088537916 -4638.777756289712 -33.75930100860114 7465.465300631323 5.787559104525537e-09 515.5998798807415 25.524571143390894 0.45505750156325364 -0.4640536338638116 0.7309352136307085 -0.2081120098490998 128.57667178111885 12.688714404932403 0.9508359000688941 0.0029343662036816543 -2.253603942188771 0.004420352051870353 12.94868160564576 0.052725681497378676 12.94878711813394
788.0 -5616.974735111173 -2046.4705484711026 2565.594271978883 -159.9814568315325 23.36409409530808 130.6406134047273 5847.210473576269 -4641.404864290502 -33.80568335091493 7465.49745568146 5.807866368970606e-09 515.1406479457112 25.436603279102727 0.4730759897116659 -0.4690178470925818 0.7194433087982067 -0.19652656943135105 128.5579163185173 9.911522189881664 0.9459515565027613 0.0030357636271080065 -3.392950366500846 0.009446615336625034 10.171501880848377 0.05101486883343435 10.171628465069404
789.0 -5616.6601675524 -2052.5789933004958 2561.3138709388872 -159.92543434300228 23.323019329223886 130.59569280812215 5845.170059153594 -4644.025087423345 -33.85206241071887 7465.529317816152 5.828290835348368e-09 514.6803318829441 25.348749592954015 0.49695343195165653 -0.4752535225958476 0.7032283711934872 -0.18066885088543427 128.52805270013948 6.136642831376968 0.9418860162300229 0.003164710341172793 -4.226598249120065 0.01408315824408686 6.396582903776997 0.04425114674683567 6.396735328799984
790.0 -5616.338386849836 -2058.684501955211 2557.0297630979653 -159.86944822095185 23.281920914683916 130.55073454442643 5843.13295219991 -4646.638515411086 -33.89846920538457 7465.561016842649 5.848833540541791e-09 514.2189095524469 25.26101321203497 0.5240684285317396 -0.4818325385849832 0.6833516295744139 -0.1619266418320858 128.4924462767564 1.7277398867295 0.9411865774948601 0.0033025303421182063 -4.649911380302739 0.017774013379761356 1.9876268911294384 0.032997117343647984 1.987900659310355
791.0 -5616.009392918173 -2064.787066409944 2552.741954774782 -159.8134983928717 23.240798911436244 130.5057386627649 5841.099120065934 -4649.2451280114565 -33.944877004390264 7465.592504647447 5.869495524062061e-09 513.7563587380428 25.17339728108756 0.5515299939422841 -0.4879037248587327 0.6614959843361047 -0.14208336904158148 128.45660287462613 -2.87869208888798 0.9450853245497163 0.0034313017746667074 -4.617770669226502 0.020142800606638554 -2.6188348718473575 0.01838832561056973 2.618899383523673
792.0 -5615.673185688437 -2070.886678815702 2548.45045218378 -159.7575847846998 23.19965337802621 130.4607052288542 5839.068852147216 -4651.845160756083 -33.99129146253131 7465.624144548189 5.890277821566824e-09 513.2926572912929 25.085904989504233 0.5766170669945587 -0.49287382639882377 0.6398662061649174 -0.12312346449678153 128.42596621198243 -7.223392165642998 0.9530824545508942 0.0035379393520572813 -4.130202042656572 0.02094661844987172 -6.963507238567108 0.0019749993578873277 6.963507517262699
793.0 -5615.329765075443 -2076.9833314390758 2544.155261453466 -159.70170732126434 23.15848437212301 130.4156342859408 5837.042087055386 -4654.438570323507 -34.037735707057664 7465.655851860779 5.9111814828286345e-09 512.8277827297363 24.998539495324533 0.5970796263096401 -0.49647031681510967 0.6209366197880096 -0.10700868457132798 128.40593199068198 -10.870169779701763 0.9630745320073224 0.003616057032833616 -3.2336604360209202 0.020101571483042115 -10.61016758452272 -0.014508984920602166 10.610177391093336
794.0 -5614.979131007493 -2083.077016551613 2539.856388719967 -159.6458659273779 23.11729195131519 130.3705258825717 5835.018971623343 -4657.025480512078 -34.08417368441269 7465.6878086509105 5.932207559015958e-09 512.3617125221315 24.911303979372992 0.6113421158303382 -0.49869474699505456 0.60701243954088 -0.09539530897404427 128.40139847408216 -13.460104294188678 0.9720498952978818 0.0036653345784479104 -2.0385034294002327 0.01773379789836501 -13.199868591694305 -0.029412337409214433 13.199900778574623
795.0 -5614.6212834344615 -2089.1677265561775 2535.5538400483515 -159.59006052673254 23.0760761722917 130.3253800892732 5832.999486268336 -4659.605881686995 -34.13061530281584 7465.719983923832 5.953357094797289e-09 511.89442426173224 24.824201677278865 0.6185383480695303 -0.49968831616588205 0.5997747306987934 -0.089398943337782 128.41586832129653 -14.755582559094387 0.9772634067512567 0.0036886727492611315 -0.6636122714685856 0.014108136280309418 -14.49498047344555 -0.041374727379242277 14.49503825852683
796.0 -5614.256222304619 -2095.255453729772 2531.247621588421 -159.5342910441309 23.03483709249572 130.28019695761287 5830.983489238147 -4662.179666350223 -34.17707408435058 7465.752190200953 5.974631147402418e-09 511.42589524350734 24.737235800263132 0.6182840003389848 -0.49956451113241185 0.600111993738378 -0.08958676862799399 128.4508917547742 -14.636629111286377 0.977333369368972 0.0036884488896333 0.76948875585806 0.009558546470689194 -14.37552457668129 -0.0493537950099859 14.375607511481201
797.0 -5613.883947577911 -2101.34019020344 2526.937739597097 -159.4785574057068 22.993574770290067 130.23497653305017 5828.970845635951 -4664.746732191193 -34.22355342194987 7465.784248581735 5.996030780747377e-09 510.9561025960333 24.650409560211695 0.6105976271000337 -0.49832404742648884 0.607980387377993 -0.09593503061966574 128.50550740414062 -13.108967810461253 0.972888046519097 0.0036645450850230454 2.1327617531187064 0.00448396881983634 -12.847238521853939 -0.05261316120705538 12.847344442880928
798.0 -5613.50445922467 -2107.4219279577637 2522.6242004406386 -159.42285953895754 22.952289264987332 130.18971885217354 5826.961406696007 -4667.306965074469 -34.270072420846645 7465.815962051374 6.01755706682384e-09 510.485023252127 24.56372616453057 0.59591094507087 -0.49585972531548594 0.6224041168337109 -0.10782575621455974 128.57641950026238 -10.30484741608445 0.9663434857743266 0.003614461060707657 3.303082096497265 -0.0006879977522678884 -10.042399823010125 -0.05073413570364647 10.042526661442613
799.0 -5613.117757214924 -2113.5006588715846 2518.3070105548854 -159.36719737226846 22.910980636503602 130.1444239327712 5824.955216826536 -4669.86040560368 -34.31662996430828 7465.847381037986 6.0392110905654615e-09 510.01263384427955 24.477188797412726 0.5751845387899549 -0.4920540319271894 0.6416012803195886 -0.1240700330194522 128.65875676160732 -6.479691613385876 0.9609247086060227 0.0035355706724566915 4.1511173783071476 -0.0054289942319563165 -6.2164704141142675 -0.043698598011390956 6.216623398447927
800.0 -5612.723841545069 -2119.576374977161 2513.986176293329 -159.31157083272032 22.869648943725196 130.0990918201199 5822.952369752508 -4672.407134461154 -34.36319886432716 7465.878619426251 6.0609939277805236e-09 509.53891118684487 24.390800708399635 0.5501481452614335 -0.4869548306783022 0.6631643253279201 -0.14291636980008754 128.7467470401446 -2.0162184053314864 0.9594307721049313 0.0034290701456769555 4.568180055002015 -0.009171903168061378 -1.7522102989086183 -0.03210917852822021 1.7525043821664748
801.0 -5612.322712218314 -2125.6490682759004 2509.6617040367187 -159.25597984767387 22.828294245688266 130.05372255347623 5820.952847847086 -4674.947142289854 -34.40980851490622 7465.909648193259 6.082906661041748e-09 509.0638319276315 24.304565148107415 0.5232202549452659 -0.4809019608269276 0.684561913928845 -0.16232330358239921 128.83453420582637 2.6276286518480085 0.9631763732757671 0.003302643771849301 4.508109985002588 -0.011529925552659748 2.8923975687900807 -0.017151153647943413 2.8924483760455884
802.0 -5611.914369219846 -2131.7187309580404 2505.333600029334 -159.20042434272534 22.786916600055772 130.00831615295937 5818.9569444963845 -4677.480670682563 -34.456453264972424 7465.940837810283 6.104950386145228e-09 508.58737240945635 24.21848534354211 0.4972954851038421 -0.4745639304281007 0.7035628317531695 -0.18023767144364863 128.9163654089487 6.971981137538539 0.9715671261390448 0.003170861111745346 3.973715963443771 -0.012251408803190509 7.237448215809672 -0.00043468010131228723 7.2374482287935775
803.0 -5611.498812557951 -2137.7853553268255 2501.0018704575014 -159.144904242527 22.745516063715815 129.96287266178686 5816.9645889568355 -4680.007669102684 -34.5031100961437 7465.972091874173 6.127126174550235e-09 508.1095138927678 24.13256377175846 0.475400500488279 -0.46885153189140566 0.718480645251511 -0.19482855945047847 128.98656442686186 10.564767503057805 0.9822795863508346 0.003052839440563494 3.0185609295806333 -0.01124901153414624 10.83083581837441 0.01624121466620817 10.830847850108976
804.0 -5611.076042240573 -2143.8489337012707 2496.6665214987715 -159.08941947157803 22.704092693375394 129.9173921137564 5814.975944831553 -4682.528274368973 -34.54981914521045 7466.00361433327 6.149434985998083e-09 507.63027096782787 24.04679724651095 0.460176209652463 -0.46470006741926123 0.7282760018915704 -0.204708984852292 129.0400535968797 13.041109682655755 0.992065521288538 0.0029674949336976285 1.7639191060414376 -0.00866034779349258 13.307653969968907 0.031163930150622448 13.307689801312328
805.0 -5610.64605826021 -2149.909458504915 2492.327559252337 -159.03396995338343 22.66264654493208 129.87187452282757 5812.990964035343 -4685.042454344159 -34.59656438889306 7466.035338064721 6.171877741929935e-09 507.14967243543776 23.961180106217235 0.453425307141959 -0.46281973877641047 0.7324651295908189 -0.20904117818186052 129.0732878073351 14.165938991459248 0.9980416291707095 0.002928746068747327 0.3359751153536468 -0.0047635295168830345 14.43281650566253 0.04291562429097119 14.43287895452048
806.0 -5610.208860646359 -2155.966922032287 2487.984989930426 -158.9785556127139 22.62117767515343 129.8263199253618 5811.0094964638665 -4687.550094308563 -34.64333120754873 7466.067064729771 6.194455355711868e-09 506.667747538711 23.875706691860586 0.45599528878538975 -0.46355287215485197 0.7308575148384496 -0.20744716032445934 129.0848675275597 13.830462195368574 0.9988568133888363 0.0029432441002574775 -1.1343300919647716 7.898600250457298e-05 14.097527708824913 0.05040109264128376 14.0976159793309
807.0 -5609.764449455367 -2162.0213164274924 2483.6388198658447 -158.92317637575914 22.57968614180033 129.7807283661631 5809.031396253033 -4690.051082292903 -34.69011303204229 7466.098601084268 6.217168739514572e-09 506.1845257636721 23.79037132941199 0.46766258145857387 -0.46678767301091845 0.7234639794019302 -0.20000212182994062 129.07609278392738 12.060531659001455 0.9953099012012463 0.003009037492072167 -2.510690523081952 0.005426675615098984 12.327656145630069 0.05285283277152368 12.32776769037535
808.0 -5609.312824777196 -2168.072633679687 2479.2890555196664 -158.86783217018808 22.538172003676898 129.73509990464453 5807.056508909972 -4692.545299134753 -34.73688490539871 7466.129742596111 6.240018801107979e-09 505.70003690565005 23.705168341134492 0.4871545306182198 -0.47198077205122474 0.710530984796608 -0.18724404865317978 129.05068877354879 9.01577138935011 0.9900010283633973 0.0031158649196968754 -3.6631293292304092 0.010801173496746405 9.28285820962854 0.04986694095885913 9.282990975732249
809.0 -5608.853986725477 -2174.1208657345883 2474.935703400057 -158.81252292412105 22.496635319865085 129.68943461126904 5805.084959694524 -4695.032850714493 -34.783670002706685 7466.160644016353 6.263006445465486e-09 505.21431103272585 23.620092038650416 0.512247775944319 -0.47826961712844007 0.6927337612599409 -0.170236087192373 129.01403179793064 4.989609504313865 0.9862182585620536 0.0032468039458819916 -4.4498512254960945 0.015569876799273406 5.25660494287565 0.041540984281872605 5.256768620970682
810.0 -5608.387935385786 -2180.166004665139 2470.5787699129914 -158.7572485644362 22.455076148459163 129.6437325227568 5803.116760131965 -4697.513751541488 -34.83048066330775 7466.191314186179 6.286132597340069e-09 504.72737800897534 23.535136639560285 0.5399794862688054 -0.4846640832521993 0.6714419142690393 -0.15062747616856098 128.97238761748702 0.4038812336205528 0.986586379869318 0.0033815765176227414 -4.771669713139008 0.019156910537361224 0.6707779584168797 0.028684034233023292 0.6713909484995499
811.0 -5607.914670871376 -2186.2080425153613 2466.218261504465 -158.70200901835014 22.41349454774221 129.59799369282368 5801.1519922515945 -4699.988073782008 -34.87728816790991 7466.221852860233 6.309398175830234e-09 504.23926803334706 23.45029636215598 0.5672298491024114 -0.4903241777741563 0.6487022630854481 -0.13045256933142904 128.93208935392414 -4.253266897343006 0.9920152790813559 0.0035022234697598825 -4.590719115924044 0.021169306944365956 -3.986432522364555 0.012713473928539963 3.9864527624051433
812.0 -5607.434193291374 -2192.2469715930606 2461.8541844434567 -158.6468042107134 22.37189057415218 129.5522181804611 5799.190892420946 -4702.456014086071 -34.9241146462964 7466.252558341174 6.3328041001620595e-09 503.7500115157341 23.36556540341367 0.5911805740554048 -0.49472959776205844 0.627077731681532 -0.11190027876130798 128.89941465206368 -8.48246965607192 1.0013686947937193 0.0035971205311698074 -3.9227658005868875 0.021384123303326227 -8.215620235872883 -0.004551117338674581 8.215621487787944
813.0 -5606.946502740638 -2198.2827842211123 2457.486544981094 -158.59163406618606 22.330264283918133 129.50640601952793 5797.23339503456 -4704.917525223893 -34.97096876719547 7466.2833407472135 6.3563513052863875e-09 503.25963875160147 23.28093788279176 0.6096186775604705 -0.49770892793457966 0.6092901026661294 -0.09703845535009337 128.8804970318497 -11.82772558162356 1.011813024152482 0.0036621474716904434 -2.8416556502955554 0.019781795876128716 -11.5607459437141 -0.021179827558067844 11.560765080908578
814.0 -5606.451599337374 -2204.315472813666 2453.1153493250113 -158.5364985086939 22.28861573263834 129.46055726734807 5795.2796791265555 -4707.372759388262 -35.01781276901829 7466.31442562788 6.3800407170393065e-09 502.76818044131096 23.196407932206597 0.6211374598841369 -0.49934905135940977 0.5976520367516859 -0.08746898765677626 128.8804724908307 -13.943326406686893 1.0199009898893743 0.0036989879824142514 -1.4863411670276483 0.016593370965074027 -13.67607270023654 -0.035441670699108495 13.676117748388446
815.0 -5605.949483209849 -2210.3450298280973 2448.740603662571 -158.4813974618109 22.24694497557064 129.41467198631378 5793.3296245731235 -4709.821624783571 -35.06466975405783 7466.3456528144 6.403873261404295e-09 502.2756674942607 23.111969661796355 0.6250326301197934 -0.4998111179186594 0.5936659800820232 -0.08416508648890222 128.90253734254927 -14.621869283211238 1.0230300074303116 0.0037110830974323703 0.009849754017057254 0.012161088039756627 -14.354183086142664 -0.04597289936064824 14.354255159162467
816.0 -5605.440154492253 -2216.37144755281 2444.3623143000846 -158.42633085062204 22.205252069046793 129.36875022096908 5791.383074309611 -4712.263999438601 -35.11154832628404 7466.376814401399 6.427849876436316e-09 501.7821307826917 23.02761711779779 0.6210874860807182 -0.49916963629900346 0.5978552507883299 -0.08745917868284275 128.94724201937436 -13.793100790705388 1.0206026064590745 0.003699965119854092 1.5042637266292367 0.006911342076155548 -13.524828190529677 -0.051773236966307624 13.524925437111863
817.0 -5604.923613335348 -2222.394718110221 2439.9804876680614 -158.37129860172953 22.1635370704811 129.32279200898506 5789.4398678205625 -4714.699758017607 -35.158459330210235 7466.407697723445 6.4519715067275e-09 501.28760125859594 22.94334430295787 0.6095335698406104 -0.49736023783111727 0.6096648421503283 -0.09700722296690817 129.01215829216926 -11.531275580071418 1.0143725320730534 0.003664035385449336 2.852826179888563 0.0013301589960719913 -11.262287913908695 -0.05220365743609614 11.262407339835326
818.0 -5604.399859895384 -2228.4148334540796 2435.59513031553 -158.31630064323346 22.121800038364135 129.27679736737068 5787.499904454274 -4717.128823279206 -35.20542546328602 7466.438166987774 6.476239110795637e-09 500.79210980466854 22.8591451514142 0.5911127650070467 -0.494237391443903 0.6275458185609405 -0.11180941620064737 129.09250849710034 -8.051305852840045 1.007686791165413 0.00359991279062667 3.915312603067412 -0.004047425015554782 -7.781515173414712 -0.0470302149614275 7.781656418730837
819.0 -5603.868894342581 -2234.431785613563 2431.206248752483 -158.26133690260335 22.080041030645695 129.2307663231443 5785.5633649871 -4719.551348313522 -35.252406930220786 7466.468449798955 6.500653645060964e-09 500.29568756412795 22.7750135849959 0.5673283685192062 -0.4897447830336855 0.6491044531744863 -0.13019976433801847 129.18201737233997 -3.7153089076991708 1.0040851712618646 0.003506330325066366 4.5459986762711955 -0.008528866517794335 -3.4446767103017786 -0.03663544728474623 3.4448712859868054
820.0 -5603.330716868602 -2240.445566676984 2426.813849465919 -158.20640730685102 22.038260104862967 129.1846989206481 5783.630170344055 -4721.967273523944 -35.299420965180616 7466.498438268478 6.525216059799382e-09 499.7983660204349 22.6909435263891 0.5405249306184137 -0.4840989749717123 0.67154331112406 -0.15003520618784996 129.27390983904465 1.00107797085501 1.0058368822270491 0.0033882019392127527 4.668349123664402 -0.011602965970013921 1.2725409404101589 -0.022118100976905874 1.2727331122304166
821.0 -5602.785327645739 -2246.4561687912487 2422.417938892334 -158.15151178239373 21.99645731804107 129.13859517628305 5781.7006107698135 -4724.376841295714 -35.346484879321 7466.52850159568 6.549927323225641e-09 499.30017650892455 22.60692881646276 0.5136829980624227 -0.47787834666776124 0.6922329221239429 -0.1690433223035894 129.3615024845121 5.576010361164083 1.0130875190463144 0.003258281609643113 4.264963522127423 -0.012922298644382355 5.848247767519224 -0.0051344194045224315 5.848250013545993
822.0 -5602.232726846458 -2252.4635843504907 2418.01852330439 -158.09665025346376 21.95463272546815 129.09245511867059 5779.774709383055 -4726.780077141096 -35.393566359462056 7466.558664701001 6.5747884001913795e-09 498.8011506500529 22.522963287646537 0.4900843330280251 -0.4719801557799607 0.7090741980788798 -0.18511040135333642 129.4382014955765 9.499510832339688 1.0238122312948643 0.0031357101168926057 3.3769058719911316 -0.012325784653395738 9.772423484677356 0.012347475024446296 9.77243120941403
823.0 -5601.672914665899 -2258.4678057166147 2413.6156090136237 -158.04182264465408 21.912786382633122 129.04627878841617 5777.852530287079 -4729.177038932467 -35.44068927395233 7466.589005012066 6.599800252142787e-09 498.3013203475503 22.439040763323852 0.47278909070391445 -0.4674224113160122 0.7206664544234263 -0.19653657822313444 129.49783233860742 12.336293308394879 1.0345290892545722 0.0030414520710525333 2.1176221814039478 -0.009895135228248638 12.609744356331905 0.028363393299119848 12.609775738822073
824.0 -5601.105891265388 -2264.468825391317 2409.2092022169063 -157.9870288792051 21.87091834392577 129.00006619185325 5775.934148834915 -4731.567794389674 -35.48786411412607 7466.619614864699 6.6249638622039215e-09 497.8007172877422 22.355154973766826 0.4640105369971823 -0.46504201266842077 0.726310797334101 -0.20224434153961734 129.53581014105592 13.792100447510915 1.04175432407052 0.0029922018613379965 0.6374151673500519 -0.0059354913449478275 14.065927908268709 0.04124601963935513 14.065987161930774
825.0 -5600.5316568397275 -2270.4666357877845 2404.7993091948756 -157.9322688812533 21.829028664341028 128.9538173541515 5774.019389516948 -4733.952206370377 -35.535066362177076 7466.650262578126 6.6502802848521334e-09 497.29936000019694 22.27130206521708 0.4649069255418957 -0.46529964109933125 0.725721819742335 -0.2017068043619001 129.5499260163655 13.717421385310944 1.043504379722908 0.0029970087262743777 -0.9182354736934223 -0.000847446105017809 13.991455428768981 0.049706179139025065 13.9915419597689
826.0 -5599.950211621306 -2276.4612291474245 2400.3859363706147 -157.87754257657545 21.787117400054246 128.90753231480346 5772.108085054681 -4736.3301435778385 -35.582287040830124 7466.680726646127 6.675750885215421e-09 496.7972129075909 22.187487893245606 0.4754460140146344 -0.4681641067265031 0.7188744958195253 -0.19491771646208794 129.54107365832883 12.113942424659765 1.0402277253489067 0.003055447772238626 -2.3947734208230913 0.004870629302573455 12.388028025146731 0.05283587588481691 12.388138937902713
827.0 -5599.361555882647 -2282.4525975371353 2395.9690903133405 -157.82284989261834 21.74518460845058 128.8612111289301 5770.200058312426 -4738.701466340111 -35.6295000496184 7466.710772576935 6.701377103773332e-09 496.294226775373 22.103720806588935 0.4943976467343585 -0.47311437160303094 0.7060194412487948 -0.18240149907535722 129.51311975609573 9.136134315712955 1.0346081110563088 0.0031576020581755414 -3.6431135099897705 0.010668845216842337 9.41015224496199 0.050144013966347135 9.410284642166348
828.0 -5598.765689925631 -2288.4407329583123 2391.548777658074 -157.76819075750032 21.703230347365572 128.8148538653159 5768.295422739276 -4741.0662725018465 -35.676727002369944 7466.74054143433 6.727160378400649e-09 495.7903522898487 22.020009215798787 0.5194397524143205 -0.47925690680332234 0.6878802927799391 -0.16527511518085972 129.47203689548218 5.09090484985971 1.030331044558257 0.003285831739244598 -4.502460385803179 0.01583142978089182 5.364785936406656 0.04170091270783153 5.364947532332095
829.0 -5598.162614018333 -2294.4256275452417 2387.125004929616 -157.71356509804528 21.661254673584057 128.76846055649756 5766.394198850773 -4743.424584049346 -35.723983709096274 7466.770054321722 6.753102172141913e-09 495.28553951575884 21.936361503104518 0.5473908062205352 -0.4855393842689337 0.6659556779344683 -0.14531980806421438 129.42497382118083 0.43260061236931274 1.0304532973813174 0.003418497265002932 -4.856828122958328 0.019690092739388237 0.7063312325027851 0.02838008324502408 0.70690112344836
830.0 -5597.55232845803 -2300.4072734024144 2382.6977786943944 -157.65897284143682 21.619257644098244 128.72203125240375 5764.49646949281 -4745.776474989036 -35.77123858891582 7466.7994133272805 6.779203943514892e-09 494.7797384788579 21.852786119389226 0.5748684450094569 -0.4910665778853348 0.6425070824212951 -0.12475790978880118 129.3792223954017 -4.306449356985478 1.036081284004569 0.003536428272609569 -4.661611019666128 0.021790909282235277 -4.032829945273261 0.011752812116719833 4.032847042463105
831.0 -5596.934833530895 -2306.3856629161305 2378.267105324385 -157.60441391234602 21.577239313900638 128.67556600898808 5762.60249003588 -4748.122160656112 -35.818515781772476 7466.828943852551 6.805467152689001e-09 494.2728990429997 21.769291563517953 0.5988248164876672 -0.4952972634712065 0.6203684833406673 -0.1059830403132804 129.34201496440235 -8.580568621592596 1.0459336549719274 0.003627563147970847 -3.935144775446282 0.021883185401710577 -8.306971417546093 -0.006153063268571391 8.306973680376327
832.0 -5596.3101295064525 -2312.360788489453 2373.83299117087 -157.54988823523723 21.53519973775661 128.62906485507403 5760.712192207645 -4750.461590808212 -35.86582359413251 7466.858552597336 6.831893280282078e-09 493.76497054828724 21.685886322809512 0.616896580029405 -0.49807449869638687 0.6025246875836805 -0.09123817265024074 129.32037502186148 -11.894850490248245 1.0567690904389921 0.0036881709489556174 -2.76386332076354 0.01996072260427721 -11.621140900462622 -0.023196798959401046 11.62116373349703
833.0 -5595.6782166772 -2318.332642625294 2369.395442535356 -157.49539573378553 21.493138969741953 128.58252784549003 5758.825758070355 -4752.79492257375 -35.91312270808544 7466.888471126381 6.85848379733388e-09 493.25590239066764 21.602578968517978 0.6276207192668173 -0.4995129949031398 0.5914544785213544 -0.0822228709480008 129.3200572984322 -13.8817637584484 1.0647265037908427 0.00372064027263787 -1.3063377320710237 0.01630993765934215 -13.607773301333904 -0.03748414647186717 13.607823954022678
834.0 -5595.039095345153 -2324.3012178544236 2364.954465708886 -157.44093633145994 21.45105706369615 128.53595503879967 5756.943043308981 -4755.122042566198 -35.9604381391905 7466.918507437574 6.885240177729955e-09 492.7456437799106 21.519378115624168 0.6303007980722185 -0.4997856452480517 0.5886835418875581 -0.07991808471324163 129.3444087929065 -14.331581636988401 1.0670840231913552 0.0037287298766682958 0.2842969923952832 0.011342744115646288 -14.057126261994057 -0.047549602266119276 14.057205062254804
835.0 -5594.392765823645 -2330.266506515554 2360.5100671209693 -157.38650995345094 21.408954074717734 128.48934647465265 5755.063868099876 -4757.442807889184 -36.00778002602351 7466.948423316425 6.912163911257086e-09 492.23414349133526 21.43629238240725 0.6247779036200302 -0.4989506553109158 0.5945995178575576 -0.0845708464929158 129.39355269149192 -13.19215591659867 1.0635700570497941 0.003713606637555819 1.8448801048479702 0.005568706699899188 -12.917060264856344 -0.052349908399655705 12.917164542243466
836.0 -5593.739228445527 -2336.2285007548785 2356.062253345496 -157.33211652669866 21.366830059191674 128.4427021814494 5753.1880438043245 -4759.757067622036 -36.05516760001342 7466.977968714092 6.939256499435214e-09 491.7213499484651 21.35333040441768 0.6114022586866732 -0.49691070447875235 0.608371135215775 -0.09566395184986629 129.4641725650346 -10.575292424609161 1.056573652490006 0.0036728878248103985 3.213464650431497 -0.00044224826831594527 -10.29941475260057 -0.051270149684620916 10.299540984919268
837.0 -5593.078483550016 -2342.187192566598 2351.6110310646272 -157.277755979487 21.324685074482954 128.3960221651136 5751.315565496717 -4762.064822655359 -36.10260696463001 7467.007131865222 6.966519462273253e-09 491.20721109805993 21.270500814821784 0.5911470101373245 -0.49350650194319223 0.6280660115140604 -0.11193583039543852 129.5503722631952 -6.7536134718685 1.0500420857121326 0.0036028235295207244 4.224147104131108 -0.0060104725216267585 -6.476863352439713 -0.04420873939618973 6.477013583960725
838.0 -5592.410531497519 -2348.1425740973777 2347.156406874451 -157.22342823884176 21.28251917691271 128.349306460039 5749.446559558906 -4764.366183386809 -36.15006199458594 7467.036071802904 6.993954308634111e-09 490.6916749703028 21.187812334987903 0.5659108086148972 -0.4887326069583396 0.6508637252826123 -0.13138419501514864 129.6446875031704 -2.165586945216691 1.0477203636555992 0.0035032248615732434 4.730074097178373 -0.010375237820130957 -1.887933952194583 -0.031847888743679595 1.888202459683061
839.0 -5591.73537265879 -2354.094637470086 2342.698387396096 -157.16913323203008 21.240332422925448 128.30255509727263 5747.580994471529 -4766.661128342182 -36.197567043536765 7467.0647422075135 7.021562554618197e-09 490.17468932951135 21.105273717789217 0.5384727398591733 -0.4829228649616496 0.6736864434623073 -0.15158888752443142 129.73934314169938 2.6464473156923662 1.0515001985146475 0.0033815340089024923 4.666873614308409 -0.013014526632632643 2.9249756621392025 -0.01563889047679562 2.9250174335376413
840.0 -5591.053007371741 -2360.043375015615 2338.236979090269 -157.1148708843854 21.198124867397585 128.25576808420055 5745.719210886993 -4768.949946098376 -36.24511643679284 7467.09358098672 7.049345735716182e-09 489.6562014482999 21.022893711975655 0.5122258223650763 -0.4768152573929792 0.693788196084982 -0.17008778966414634 129.82667370754118 7.109211268530389 1.0606889602722926 0.0032538498149590317 4.037659919382525 -0.013602613170277163 7.388533393500931 0.0024130424102890404 7.388533785355511
841.0 -5590.363435994019 -2365.9887792001114 2333.7721883418376 -157.06064112013837 21.155896564268055 128.20894545531436 5743.861128881902 -4771.232576807983 -36.29268400634737 7467.122479830273 7.077305376805423e-09 489.13615866897777 20.94068115179167 0.4907167969905973 -0.47144315937885634 0.7091015258109862 -0.18469812862804663 129.89918036880312 10.6870373348009 1.0722587305762938 0.0031420243637007876 2.915718877233101 -0.012053856677740445 10.967021301779194 0.020078534034459215 10.967039456737133
842.0 -5589.666658878309 -2371.930842512231 2329.304021519097 -157.00644386330947 21.11364756724005 128.16208723212546 5742.006929943592 -4773.509176279985 -36.34031607752877 7467.151669687852 7.1054430158412924e-09 488.6145079599839 20.858644886257007 0.4769540987662507 -0.46784726360052387 0.7183798933615636 -0.1938144845603757 129.95037807814936 12.961425014746881 1.0820824315032118 0.003067364670485327 1.4602605626213119 -0.008599297030139988 13.24189853792838 0.035283701104809696 13.241944705490868
843.0 -5588.962676358875 -2377.8695575303814 2324.832484919306 -156.95227903707638 21.071377929286086 128.11519341676356 5740.1565217627 -4775.779674528262 -36.387991574568105 7467.181026324658 7.1337602079541275e-09 488.09119584251414 20.77679376836836 0.47283934431371866 -0.4667575125359482 0.7210655075035406 -0.19653221834826018 129.97615749022984 13.68262730505697 1.0868373354491239 0.0030444403635628992 -0.16344640957811835 -0.00364984536521242 13.963396177235067 0.0463702094449626 13.963471640684679
844.0 -5588.251488821605 -2383.8049166607975 2320.3575849922377 -156.89814656630702 21.029087704615513 128.06826403706685 5738.309709761678 -4778.0439159303505 -36.43569352696704 7467.210292168487 7.162258498326055e-09 487.5661688926456 20.695136734000904 0.47900587124814636 -0.4684150133595844 0.7169830112821776 -0.19255158296385358 129.9756679326642 12.767620685364909 1.0855773064346685 0.003078113696401815 -1.7831123167014016 0.002267790813683157 13.048493765628063 0.052121260511061196 13.048596056594585
845.0 -5587.533096697979 -2389.7369121144657 2315.879328351735 -156.84404637773397 20.98677694882009 128.02129913574015 5736.466294616567 -4780.30174029532 -36.48340275334181 7467.239203093662 7.190939428397766e-09 487.03937362297097 20.613682782467222 0.4947131587200237 -0.4724982373744247 0.7062686783722546 -0.18217810026901457 129.95178018873472 10.30802013838071 1.0802366611606555 0.003162314907660933 -3.2248319635741676 0.008537586211937512 10.58883736619911 0.05178242961368113 10.588962536071941
846.0 -5586.807500471537 -2395.665535941477 2311.397721757125 -156.78997839967687 20.944445718662553 127.97429878041521 5734.626225687333 -4782.553110664908 -36.53110715659932 7467.267688148164 7.2198045320309504e-09 486.5107592361084 20.532440557836907 0.5179313740546664 -0.47820376043815827 0.6894889383160004 -0.1663528154631724 129.9103527514088 6.567254492937802 1.0746675935375027 0.003281271645447877 -4.313343318162758 0.014433273448272176 6.847908567625266 0.04515457547431056 6.848056729355081
847.0 -5586.074700597654 -2401.5907803079363 2306.912771872424 -156.73594255934367 20.902094069975824 127.92726300980733 5732.789659313097 -4784.798161842123 -36.57885186182057 7467.295945648495 7.248855414603457e-09 485.9803236283309 20.45141055921711 0.5454939020532169 -0.4844374610013081 0.667992447524567 -0.1467747909264406 129.8591889882575 1.9870640681571465 1.07280064599191 0.003412673651065776 -4.885002816636435 0.019103124959210453 2.2675127501637022 0.032883725442218126 2.267751054889891
848.0 -5585.334697540092 -2407.5126373718626 2302.424485374529 -156.68193878404287 20.859722058604767 127.88019185857661 5730.95653765582 -4787.036851531442 -36.62660441628509 7467.323895651716 7.278093732690246e-09 485.4481082837454 20.3705860730946 0.5737334655405986 -0.4901595912368987 0.6440198262754057 -0.12574557249242443 129.80665802671103 -2.8719501282143876 1.076778777024519 0.0035344873134946133 -4.864364476759223 0.02195494974682212 -2.591684216127224 0.016481247759732576 2.5917365842937543
849.0 -5584.587491770789 -2413.431099492177 2297.9328688126725 -156.62796699937604 20.81732973898317 127.8330853846029 5729.127221855108 -4789.269486564402 -36.674369783224165 7467.352003792044 7.307521135505895e-09 484.9141566598184 20.289960142904697 0.5991809745370468 -0.4946710771586382 0.6205449472420795 -0.10586148321213225 129.7610951284051 -7.410228749882173 1.0860261411108731 0.003631349978490448 -4.249265559890916 0.022624949515753008 -7.130061918405676 -0.00191908710064409 7.130062175336419
850.0 -5583.833083727298 -2419.3461591807772 2293.437928611747 -156.57402712949877 20.774917164341765 127.78594361719396 5727.301640041468 -4791.4960123622295 -36.72217725813334 7467.3801718412205 7.337139295633012e-09 484.37851209995387 20.209525728110215 0.6190384512708755 -0.49770758426275613 0.6008660410765672 -0.08965800073869926 129.7306816424078 -11.06339395523095 1.097428421585446 0.003697226544290002 -3.11293919906248 0.021023252419280235 -10.783185595942301 -0.019935299652483876 10.783203805429464
851.0 -5583.071473862878 -2425.257808962722 2288.9396712000444 -156.5201190985187 20.732484387793868 127.73876659432054 5725.47996552619 -4793.716581058295 -36.769981519859584 7467.408621918047 7.366949885937488e-09 483.8412182541621 20.129275768201836 0.6314616746116273 -0.4993470539836527 0.5879112548049814 -0.07917720409410003 129.7225301343865 -13.386663874536175 1.106641183457504 0.003733749641773927 -1.621264275132833 0.01740926301009425 -13.106227750373476 -0.035364958318512295 13.10627462837802
852.0 -5582.302662646505 -2431.1660414833655 2284.438102937186 -156.46624282957217 20.690031461604715 127.69155437722476 5723.662119317578 -4795.931132400847 -36.81779852921727 7467.437246681835 7.396954570101426e-09 483.30231924717793 20.04920320720616 0.6355462883619827 -0.4997865207458002 0.5835846763705673 -0.0756523267029876 129.74110507625136 -14.114956214165197 1.110197739621882 0.00374526892630143 0.04805333857756286 0.01224452419483892 -13.834081980456878 -0.04648038760361062 13.834158540414867
853.0 -5581.526650559039 -2437.070849193337 2279.9332303238284 -156.4123982475298 20.64755843933319 127.64430700389296 5721.84789283118 -4798.139497166594 -36.865644896415006 7467.465769505766 7.427155032019642e-09 482.76185914850527 19.969300914551223 0.6310267795585349 -0.4991175886773848 0.5885303873509061 -0.07949100148727202 129.787244734103 -13.161432404491125 1.1072540561507522 0.0037337208643974567 1.7114066218516844 0.006102728216175331 -12.879914144649408 -0.0520494110240602 12.88001753593447
854.0 -5580.743438105636 -2442.9722243231295 2275.4250600272435 -156.358585279257 20.60506537604223 127.59702449778631 5720.037072081579 -4800.34150090123 -36.91354132634888 7467.4939063112415 7.457552970594862e-09 482.2198820697021 19.88956170034165 0.6182093289085497 -0.4972526409457737 0.6020086184563886 -0.0902366889193339 129.85770614098493 -10.625347423487453 1.1001115417049963 0.0036969022890199947 3.183621424719533 -0.0003609720288010792 -10.343014811044775 -0.0513380271854754 10.343140832606828
855.0 -5579.9530258028 -2448.870158926302 2270.9135988434623 -156.30480385318714 20.562552327970916 127.54970685810177 5718.229633807628 -4802.537128987191 -36.96149565657015 7467.521621824568 7.488150106325064e-09 481.67643205083067 19.809978299321116 0.5980847228321465 -0.49401362492035106 0.622001073949437 -0.10658267548526022 129.94603038658195 -6.7900019914661085 1.093092060760825 0.003630547234593653 4.275546103548842 -0.00636784946998076 -6.506743631940416 -0.04419963751366433 6.5068931060906445
856.0 -5579.155414186468 -2454.7646452080335 2266.3988534814366 -156.25105389652072 20.520019350312793 127.50235411371733 5716.4257114000375 -4804.72649925174 -37.00946867328821 7467.549085699992 7.51894814657789e-09 481.13155367935065 19.73054346174642 0.5726637117354884 -0.4893707672187784 0.6454468444982137 -0.126376011886499 130.04375805681315 -2.127663020920342 1.090461579475977 0.003533809892339308 4.818927234133472 -0.0110446360939774 -1.843438575254152 -0.03137349545793257 1.8437054366927796
857.0 -5578.350603803692 -2460.6556753491186 2261.8808306761 -156.19733533671203 20.47746649839672 127.45496629003645 5714.625274823008 -4806.909590952584 -37.05749795597012 7467.576253738066 7.549948806789757e-09 480.5852917109775 19.651249897296616 0.5449460600713182 -0.48366190495175876 0.6689566678778855 -0.1469759497771646 130.14197131109802 2.7696425261110718 1.0944036318550918 0.003414144608748987 4.739506357908152 -0.013789393255151878 3.0548038592266846 -0.014477023032386752 3.0548381305584074
858.0 -5577.538595159887 -2466.5432417586585 2257.359536981818 -156.14364809909722 20.434893825806636 127.40754338724469 5712.828687821327 -4809.086716162833 -37.105575965627395 7467.603597121094 7.58115382488394e-09 480.0376908181708 19.572090238872878 0.5186193277839642 -0.4776725490805538 0.6895000216981467 -0.16568840871361618 130.23186035008123 7.2749661432158925 1.1041020263121786 0.0032886737046911754 4.042417266482669 -0.014237192547715665 7.560970099037595 0.004246541396374295 7.560971284620377
859.0 -5576.719388779756 -2472.4273369828375 2252.8349788752157 -156.08999210791447 20.39230138517334 127.36008543536836 5711.035863492024 -4811.2578082120435 -37.15367633030587 7467.630998304502 7.612564925213349e-09 479.48879622527323 19.49305713464339 0.49751967499877314 -0.47250864797342423 0.704811112126563 -0.18014174086635024 130.30485780447992 10.807110787950705 1.1160609477873158 0.0031808428907826756 2.815631895283039 -0.0123142319121737 11.093802817721668 0.022320057971365097 11.093824989705173
860.0 -5575.892985177935 -2478.3079535990732 2248.3071628069265 -156.03636728710518 20.34968922881869 127.31259244769369 5709.246993117894 -4813.423033174548 -37.20184849421162 7467.658702850069 7.644183849091806e-09 478.93865317149346 19.41414317012005 0.4848266137562684 -0.46926092885234866 0.7135513604971109 -0.18863136319017446 130.3537421821611 12.922999603434988 1.1256598234860773 0.0031130953863842312 1.2431496991701874 -0.008320580105890702 13.210178141757364 0.03747683679035466 13.21023035659773
861.0 -5575.059384853009 -2484.185084256422 2243.776095170127 -155.98277355994492 20.307057408459624 127.26506442038901 5707.461949335266 -4815.582290483184 -37.25006734707745 7467.68654049181 7.676012355378688e-09 478.3873069052488 19.335340867809837 0.48243815946579005 -0.4686488510398767 0.7151424043471013 -0.1902446272957836 130.37426161805334 13.372503872852329 1.1294523739034679 0.0030999152183579953 -0.4856864085267293 -0.0027557613877097226 13.659944309702304 0.0479430977808961 13.660026843653522
862.0 -5574.218588365524 -2490.058721403008 2239.2417825372627 -155.92921085167916 20.26440597729592 127.21750137755298 5705.680509532209 -4817.735398522545 -37.29831360015146 7467.714215958611 7.708052190390026e-09 477.83480320674164 19.256642761919966 0.4907890928374925 -0.47082769321549617 0.7094432447492783 -0.18476371974157044 130.36615296131936 12.097256980682566 1.1269291360334928 0.003144546001562971 -2.1733462081434247 0.0037464861748564894 12.384743529731693 0.05246214965468797 12.384852908919504
863.0 -5573.370596336366 -2495.9288572639107 2234.7042316740253 -155.8756790897027 20.221734990162695 127.16990336461063 5703.902444122527 -4819.882169262114 -37.346557218844964 7467.741424485312 7.740305091840578e-09 477.2811883135239 19.178041386950174 0.5087684621221592 -0.4753343126418237 0.6967042498938956 -0.17267058624723067 130.3334378096617 9.237184514619184 1.1208196494694496 0.0032380493352000446 -3.624084008448807 0.010461202276041689 9.524543662573096 0.05032958926679927 9.524675410313106
864.0 -5572.515409429018 -2501.7954839566523 2230.1634494495092 -155.8221782024985 20.17904450269294 127.12227044479945 5702.12784724904 -4822.022686830794 -37.39481912112774 7467.768284513181 7.772772790819968e-09 476.72650888112315 19.09952927156121 0.5338268328011422 -0.4812078616962935 0.6777735038197739 -0.15521270548202276 130.28342889959038 5.131209568884583 1.115659245270477 0.0033612123880260893 -4.629893895113384 0.016461655781880153 5.418334805634657 0.04155929936483693 5.41849371038627
865.0 -5571.6530282622 -2507.6585937350796 2225.619442612159 -155.76870811721454 20.13633456939494 127.07460264034499 5700.356743712955 -4824.156977128407 -37.44311952087969 7467.794823960411 7.805457051881287e-09 476.1708112979623 19.02109884162825 0.562276620489626 -0.4872603351010897 0.654473162051626 -0.13448883984214116 130.2253639877657 0.31073039466570473 1.1154652319020626 0.003489393795556663 -5.036391946519858 0.020861818329939552 0.5975934913512388 0.027190538852677346 0.5982117346718635
866.0 -5570.78345348822 -2513.5181788248615 2221.0722179539803 -155.71526876137372 20.093605245003324 127.02689999348718 5698.589241442743 -4826.285137433832 -37.49142102547489 7467.821180046572 7.838359631653665e-09 475.6141423952807 18.942742520990194 0.5901408969063653 -0.49248501232610026 0.6295916227710405 -0.11316635087003332 130.16883390846374 -4.588502718990981 1.1217223989595555 0.0036009580066268393 -4.784629898055578 0.023064047657672865 -4.301853953909793 0.009171126588957697 4.301863711488871
867.0 -5569.906685728871 -2519.3742317795322 2216.5217820269518 -155.66186005958622 20.050856581853196 126.97916255190643 5696.825618911002 -4828.4074084389595 -37.5397544735049 7467.847713184494 7.871482284856101e-09 475.05654851479244 18.864452899389423 0.6138743034513644 -0.49631453015921123 0.6066082371513741 -0.09410990030302757 130.1233612120535 -8.915012015714895 1.132690777945581 0.0036833334581412728 -3.902703286049692 0.02276269348943938 -8.62845803657777 -0.009976719196297565 8.62846376073537
868.0 -5569.02272558631 -2525.226745160094 2211.9681413664666 -155.60848193633407 20.00808863210634 126.93139033251931 5695.065810522785 -4830.523740625721 -37.58812377209347 7467.87433356929 7.904826675348126e-09 474.49805165700525 18.78622856995087 0.6308193724092103 -0.49864377436213975 0.5890934762423227 -0.07993861352228653 130.09803090299928 -12.090484169526524 1.1440989577326994 0.0037341186754730866 -2.5130112985782134 0.0200071977136891 -11.803840766908168 -0.027634845996606514 11.803872656899534
869.0 -5568.131573684708 -2531.0757116528343 2207.4113024397348 -155.55513431512748 19.965301447058565 126.88358338540769 5693.309991318659 -4832.634289501053 -37.63648900724729 7467.90126733174 7.938394309783564e-09 473.938645721315 18.708075368313054 0.6394421799446605 -0.4996534904075227 0.579828519254277 -0.0725187995666832 130.09982550202943 -13.709798775979225 1.1512200682460656 0.003757364276767102 -0.8236574899708228 0.01523800060334109 -13.42283690011587 -0.041567726695207384 13.422900081428216
870.0 -5567.2332306595235 -2536.9211239155397 2202.851271742609 -155.50181711977783 19.92249507816771 126.8357417584851 5691.557951047182 -4834.738882023402 -37.68488007775295 7467.928234635343 7.972186692636678e-09 473.37832290938934 18.62999956526131 0.6391102711303357 -0.49952614503887577 0.5802717981000611 -0.07277590320999759 130.13201873557986 -13.573944921315887 1.1513726092286598 0.003757127453568327 0.9628114414610023 0.009052243468876031 -13.286421265677015 -0.05012169853183467 13.286514104215824
871.0 -5566.327697171754 -2542.762974354927 2198.2880559597224 -155.44853027634832 19.879669578627322 126.78786547693517 5689.809450911457 -4836.837320548195 -37.73331484466553 7467.954917926216 8.006205348899774e-09 472.81707512595165 18.55200741999124 0.6298505473294759 -0.49826031926223835 0.5903530977628983 -0.0806731816603358 130.1932006577221 -11.691898112867756 1.1454323776232351 0.003733176866403844 2.6338958194323236 0.0021726637050957327 -11.403593123167122 -0.05221661848016011 11.403711088759922
872.0 -5565.414973906401 -2548.6012551289364 2193.7216619619417 -155.3952737131216 19.83682500334983 126.73995454011857 5688.064311170155 -4838.929456772195 -37.78182287478762 7467.981076687662 8.040451826780349e-09 472.2548939412318 18.47410517542505 0.6123747130959478 -0.4956809194982111 0.6084689299064487 -0.09520083058757838 130.27756500908595 -8.28318614194943 1.1374341258124254 0.003681233165675202 3.979540283291054 -0.004586523439750166 -7.993938216058888 -0.04738938973761739 7.994077768294641
873.0 -5564.495061562035 -2554.435958429394 2189.1520966082594 -155.34204735814876 19.79396140699314 126.69200895473244 5686.322726059874 -4841.015461821029 -37.830357656803244 7468.006961864438 8.074927674341175e-09 471.6917709791415 18.396299112402108 0.5883926649168535 -0.4916486442079193 0.6316624672614106 -0.11436000163424918 130.3762298647335 -3.7850338533778327 1.132476061723918 0.0035978293764850366 4.783202839900233 -0.01019294530287212 -3.4947613920754526 -0.0360603131906304 3.4949471985604856
874.0 -5563.567960859261 -2560.267076523365 2184.579366723729 -155.28885113893224 19.751078843702178 126.64402875105385 5684.58460179778 -4843.0952604792155 -37.87893926288325 7468.032445772605 8.109634427566345e-09 471.1276981086925 18.31859557588153 0.5607899908666855 -0.48634627500621597 0.65623769492846 -0.13540300840934996 130.47905011532538 1.1915286312144726 1.1340841366244852 0.00348684434800827 4.9243335261235055 -0.013850475760639986 1.4828227330759474 -0.019708615935631266 1.4829536744429104
875.0 -5562.633672484953 -2566.0946017581305 2180.003479058008 -155.23568498216804 19.70817736690837 126.59601392368903 5682.850308298719 -4845.169173174859 -37.92758866675058 7468.058010299388 8.144573653101224e-09 470.562666747716 18.241000878919458 0.533366329184166 -0.48044316862555003 0.678646201399966 -0.15535138859709582 130.5758735960135 5.963610324272331 1.1425236062626842 0.0033629288334656947 4.3778541845557 -0.015044079529686977 6.255843563503925 -0.0006408775915521519 6.255843596200583
876.0 -5561.692197108211 -2571.9185267749367 2175.424440151298 -155.18254881199516 19.665257027898875 126.54796448522923 5681.119848723593 -4847.237209464009 -37.976263743532854 7468.08365626561 8.179746909636341e-09 469.99666849311575 18.163521389745853 0.5103120595330144 -0.4750364942109457 0.6960781510722045 -0.17145593796322314 130.65676034006216 9.870828156750546 1.1546843775829299 0.003249617184448027 3.2136820420416194 -0.01358648232320041 10.163843634843374 0.01842007291857625 10.163860150853584
877.0 -5560.743535420343 -2577.7388441857165 2170.8422565805317 -155.12944255290265 19.622317878163923 126.49988045710884 5679.3933385770815 -4849.299472842966 -38.02500461317845 7468.109531371686 8.215155754275265e-09 469.4296950140236 18.086163516790318 0.49536841883722166 -0.47133517957849225 0.7067338728797709 -0.18160537171235114 130.71284679899378 12.376858912160612 1.1655050487043672 0.0031721339094919368 1.6143314468437986 -0.00971433185395241 12.670437524710568 0.03485316457931252 12.670484676766534
878.0 -5559.787688066539 -2583.5555467357567 2166.256934802914 -155.07636612808142 19.57935996807242 126.45176182309748 5677.670766050225 -4851.355959471843 -38.0738088338901 7468.135616610309 8.250801776900353e-09 468.8617375030673 18.008933633987123 0.49094053700150536 -0.47021965362168455 0.7097844713538854 -0.18459921641616484 130.7384266651623 13.159340537676783 1.1706392425609256 0.0031484287641132293 -0.19852279908178214 -0.00398128024304138 13.45322827728468 0.04656079107082179 13.453307362877917
879.0 -5558.824655755285 -2589.3686269928003 2161.6684814403616 -155.02331946249134 19.536383349338685 126.40360859522735 5675.95187293954 -4853.406455236976 -38.122647339922196 7468.161568947343 8.286686551734932e-09 468.29278745341105 17.931838186969244 0.4978100637334433 -0.47197734406654607 0.7049843697062276 -0.18005434069610027 130.732271968801 12.114522091322378 1.1688172383824516 0.0031844183151970656 -2.002735204189174 0.0029062911758842777 12.408467224891115 0.05204863354357832 12.408574674192423
880.0 -5557.85443926997 -2595.178077271859 2157.0769033383986 -154.97030248354025 19.49338807558061 126.3554208119493 5674.236396682139 -4855.450741530609 -38.17148753088759 7468.187039122866 8.322811638111714e-09 467.7228366385994 17.85488368961033 0.5150105764499517 -0.4762061996582107 0.6925577697352958 -0.16839090572547502 130.69822583815204 9.364009402929048 1.1625938620585483 0.0032723169599897716 -3.5740699771929516 0.010121172907522914 9.657803931780737 0.050456692693441094 9.657934484405116
881.0 -5556.87703944822 -2600.9838897471127 2152.4822074765557 -154.91731512005094 19.450374201491623 126.30719853340625 5672.524405980579 -4857.4888816920475 -38.220347009273155 7468.212113158857 8.35917858346007e-09 467.15187705818266 17.778076715974297 0.5399217825188075 -0.48192595526895665 0.673395638181877 -0.15089783589382436 130.64422873288603 5.256669015252687 1.1569193439270142 0.003392424948274784 -4.675919235626916 0.01661563240322385 5.550180993747858 0.041730546186694126 5.55033738176812
882.0 -5555.892457077595 -2606.7860567293974 2147.884400709597 -154.8643572994996 19.407341780612995 126.25894177641021 5670.815938072531 -4859.520912326878 -38.269250939975336 7468.236835854042 8.395788972291612e-09 466.5799001679829 17.701423796694343 0.5685956477371176 -0.4878755699585633 0.6494767820673069 -0.129831918908683 130.58070413937332 0.3628124278415542 1.156412028544186 0.003518506361771788 -5.127383391722117 0.021362283446557 0.6560020060523709 0.026970254001398807 0.6565561626859441
883.0 -5554.900692980681 -2612.5845704998246 2143.2834899378686 -154.81142894976134 19.364290866735846 126.21065057785344 5669.111099471237 -4861.5469306855575 -38.318158087541406 7468.261343756348 8.432644378638646e-09 466.006897630166 17.624931520220013 0.5967146293666101 -0.4929782074770934 0.623872768901525 -0.10810599555845897 130.51861274187962 -4.623980474042932 1.1628609463862098 0.003627405841888113 -4.8584110527146604 0.02366833992265468 -4.3310625058476235 0.008318923926578318 4.331070479938072
884.0 -5553.901747940095 -2618.379423689105 2138.6794817998552 -154.75852999561047 19.321221511057672 126.16232498130063 5667.410194926993 -4863.56720277202 -38.3671018351431 7468.2860341543765 8.469746375923786e-09 465.4328611551673 17.548606511229917 0.6204355764598657 -0.4966427558235445 0.6004252572392426 -0.08885481990358628 130.46884626909704 -8.99088361662914 1.1743221750633623 0.0037060871652535013 -3.9013306549210784 0.02318881342249239 -8.698100844671464 -0.011424980829894621 8.69810829031035
885.0 -5552.895622715686 -2624.1706089385593 2134.072382913157 -154.7056603616568 19.278133764571006 126.11396499703592 5665.713155012638 -4865.581675045941 -38.41608556677534 7468.310812162038 8.507096567754394e-09 464.8577820267663 17.472455367654025 0.6369177477181586 -0.49878630594199913 0.5830397701769782 -0.07491748820094811 130.4417096876327 -12.11035585349103 1.1859603413481703 0.003752751842015244 -2.398727444101404 0.02000313325235748 -11.81749528811395 -0.029369254698464464 11.817531263832377
886.0 -5551.882318088566 -2629.958119019551 2129.4621998231423 -154.65281997151422 19.23502767736767 126.06557067112462 5664.020150139086 -4867.590500885524 -38.46506825392157 7468.335899446968 8.544696534872041e-09 464.28165192251237 17.39648476972539 0.6445717876380263 -0.4996203541009593 0.5746713200628619 -0.06826116206422873 130.44488518274076 -13.554392691017991 1.192584847368694 0.0037722358232405977 -0.5885234577968541 0.014643912675640887 -13.261190015288886 -0.043080597903180626 13.261258737383518
887.0 -5550.86183485441 -2635.741946649499 2124.8489391233124 -154.6000087493279 19.19190329989293 126.01714204555937 5662.330935183334 -4869.59347484942 -38.51408273377547 7468.3609690747435 8.582547865568006e-09 463.7044624408436 17.32070141684675 0.6427973784103321 -0.499326929686493 0.5767282586133438 -0.06977580752298439 130.4815174454699 -13.1311022266774 1.1916075006524065 0.003768611083550133 1.2963404327841463 0.007823870198666014 -12.837280639346178 -0.050801159028709006 12.837379469404233
888.0 -5549.834173842453 -2641.522084258079 2120.232607626748 -154.54722662181723 19.148760684623152 125.96867913536076 5660.645233384489 -4871.590363770509 -38.56315461233089 7468.385652034439 8.620652342532749e-09 463.1262012031143 17.24511143698917 0.6317335285693008 -0.49786820180589053 0.5888623854391821 -0.0792533502561592 130.549209206186 -10.886777939419265 1.1846161948893685 0.0037407677011410297 3.0143568492273936 0.0003946993611071475 -10.5920946958059 -0.05144403514686825 10.592218196211286
889.0 -5548.799335908183 -2647.2985240250728 2115.6132123355246 -154.49447351792057 19.105599885784947 125.92018192564184 5658.962946364309 -4873.5810875796 -38.612300764504425 7468.409814365311 8.659013894324948e-09 462.54680995512774 17.169713972089315 0.6123375293837102 -0.49503531793082167 0.6090038948792692 -0.09537840495240044 130.64062105852037 -7.108464499051863 1.1765371634113233 0.0036835604383626637 4.32025020444359 -0.0066394234863361695 -6.812750683880259 -0.04467974140967452 6.812896501714198
890.0 -5547.757321923781 -2653.0712582588017 2110.9907601777068 -154.44174936556956 19.062420956708106 125.87165043007629 5657.284237491765 -4875.565792862188 -38.661472544482194 7468.433668029728 8.697637885417403e-09 461.96619953012 17.09450345394114 0.5867867056439285 -0.4907263666766529 0.6336223666014268 -0.11572247694499108 130.74511705248048 -2.3304117100865382 1.1728983069326262 0.0035942570210029685 4.987331921356441 -0.01211828062814088 -2.0335957572409513 -0.03129113878305089 2.0338363818276144
891.0 -5546.7081327767 -2658.8402792537086 2106.3652581031024 -154.38905409288367 19.019223950808854 125.82308466350706 5655.609057959325 -4877.544441676713 -38.7107126391536 7468.457144302027 8.736529727927341e-09 461.3842798060501 17.0194741989372 0.5585197946437371 -0.4852555515409504 0.6586119331724439 -0.13716052702093998 130.85105950088933 2.7470242798455513 1.1767755817691499 0.0034795837935239654 4.9103924933038146 -0.015223532245323634 3.0449149914046734 -0.013217478289052275 3.0449436517141377
892.0 -5545.651769293606 -2664.6055795508178 2101.736712854518 -154.33638762567722 18.976008919546558 125.77448460926256 5653.937834170586 -4879.517407769177 -38.760014367117265 7468.480802954625 8.775694880374955e-09 460.80095990684794 16.94462044874074 0.5318672486446224 -0.4794867724409358 0.680243564739206 -0.15645560873382383 130.9468860024362 7.372955556364287 1.1872597747726243 0.0033583443033844028 4.094305420209501 -0.015477448972101517 7.671800489714429 0.006778690103948391 7.671803466570357
893.0 -5544.588232314104 -2670.3671518603096 2097.105131070287 -154.2837498884116 18.932775913184514 125.72585028535454 5652.270469163673 -4881.484613952169 -38.8093471789075 7468.504512836552 8.815138794664842e-09 460.21614899516396 16.869936472475345 0.5113297014453814 -0.4746756447459093 0.6957441888930036 -0.17077761072941958 131.02147534397685 10.857646124238707 1.1998799439876697 0.003257316946570686 2.6584025516678915 -0.012822511347252867 11.157239329826737 0.025653807329115708 11.157268448914813
894.0 -5543.517522662928 -2676.124988924307 2092.470519358807 -154.2311408052381 18.889524981656827 125.67718168958882 5650.607162687238 -4883.446237300426 -38.858766577095366 7468.528534012299 8.854866960170176e-09 459.6297556136901 16.795416481971415 0.5005053070389265 -0.4720266271529632 0.7035215126329379 -0.1781650418772733 131.06585626004397 12.695726518166033 1.2089358506131316 0.003201555625396668 0.8441458460456873 -0.007716751071071565 12.995798453636654 0.040689155782552444 12.995861055160322
895.0 -5542.439641152083 -2681.879083526498 2087.832884293311 -154.17856029992626 18.84625617450631 125.6284788039322 5648.9477237824085 -4885.402119598763 -38.90824096294227 7468.552611277594 8.89488490069887e-09 459.04168773490767 16.721054638831216 0.5012924891073557 -0.4722373909708421 0.7029421356881965 -0.1776796015521225 131.07553859193175 12.634413280313268 1.210790458483103 0.0032053581285756477 -1.0987368564898987 -0.0008803462915834427 12.934669880242502 0.049843966355011336 12.934764280117498
896.0 -5541.354588684213 -2687.6294281860373 2083.1922326896884 -154.12600829884633 18.802969543329198 125.57974164596783 5647.291857109543 -4887.35201159542 -38.957739798610646 7468.576350959516 8.935198132266624e-09 458.4518533815883 16.646845132949647 0.5136662127177596 -0.47527450785226383 0.693971804758952 -0.16930534042842527 131.05177465398802 10.67349822766655 1.2060257924634656 0.003268285731717187 -2.9127763414933976 0.0067930416540536425 10.973670276331504 0.05178820270705683 10.973790980183368
897.0 -5540.262366253388 -2693.3760151614465 2078.5485716045905 -154.0734847309351 18.759665141757697 125.53097026846395 5645.639391380835 -4889.2957705091485 -39.00723615586594 7468.599522902679 8.97581216250897e-09 457.8601606259943 16.572782181076658 0.5356548264184349 -0.4803734334015765 0.6772060472480137 -0.15397155902093945 131.0013779443674 7.069764385359056 1.199119998164708 0.0033750897145860765 -4.338270275325716 0.014246997631977232 7.369654066586793 0.045994656985305096 7.369796801146653
898.0 -5539.162974832996 -2699.1188367724308 2073.9019080408484 -154.0209895245444 18.716343022879023 125.4821647008136 5643.990518828322 -4891.233566555085 -39.05678791542232 7468.622377112223 9.01673253895637e-09 457.2665168819906 16.498859937525708 0.5635273855976953 -0.48627004386755557 0.6542956562529655 -0.1336993804285311 130.9351640469513 2.3456692901158496 1.195795557042487 0.0034997189565119328 -5.121569293355089 0.020198698602579248 2.64518120275656 0.033105770098764996 2.645388215111874
899.0 -5538.056415392659 -2704.8578853490285 2069.2522489933503 -153.96852260793597 18.673003239639364 125.43332495746739 5642.345151269495 -4893.165329249773 -39.106358866662276 7468.644793584056 9.057964842555065e-09 456.67082900435724 16.42507250735757 0.5926374908297303 -0.49168487010997214 0.6281784675732068 -0.11143879865360606 130.86551910551464 -2.7821053315373594 1.1996342348715825 0.0036149487585691166 -5.1339978884128925 0.023705456253557293 -2.482957531070513 0.015061792119581526 2.4830031849862486
900.0 -5536.942688903408 -2710.593153440522 2064.5996013108984 -153.91608390755857 18.629645843410568 125.38445108532906 5640.703740497826 -4895.091455319158 -39.15595063290675 7468.667366570476 9.099514647683173e-09 456.073003866582 16.351414017987295 0.6185277022929979 -0.49577848122987694 0.6028434657240528 -0.09059213475437053 130.8049374123229 -7.528195526230182 1.2100920715554995 0.00370245779547151 -4.366709555463772 0.024210307029643205 -7.229294081387488 -0.005249049422354163 7.2292959768801515
901.0 -5535.821796274286 -2716.3246338060553 2059.9439716595857 -153.86367334787315 18.586270883853853 125.3355430957072 5639.066207722 -4897.011881415561 -39.20560144886599 7468.6899882765465 9.14138757965461e-09 455.47294753044457 16.27787851639241 0.6376872700477529 -0.49830102129957426 0.5826738616768418 -0.07444601204525526 130.76554118172157 -11.159297078352973 1.2226912421389824 0.003756818113274209 -2.93358157836717 0.021623076472048426 -10.860428147928946 -0.02458892084096712 10.86045564941093
902.0 -5534.693738432099 -2722.0523192167616 2055.2853667108643 -153.81129085333282 18.54287841054003 125.28660101082247 5637.432741336774 -4898.926778476107 -39.25525630935613 7468.7129057899965 9.183589275558379e-09 454.8705658124814 16.204460039414823 0.6479480949544376 -0.4994242816637801 0.5713554727840574 -0.06551012783714127 130.75731843565694 -13.125545646458843 1.2313977741034454 0.003782088453041572 -1.083809936206982 0.016421282377065735 -12.826422424242777 -0.040050656174272795 12.826483905365613
903.0 -5533.558516319109 -2727.776202535453 2050.623793085898 -153.75893634771063 18.4994684723892 125.23762487761513 5635.803178018312 -4900.836009953625 -39.30493854419274 7468.73589946876 9.226125371905058e-09 454.2657644566157 16.131152634196525 0.6483996685584434 -0.49938704479754936 0.5709246104206364 -0.06508101503292536 130.78539548904237 -13.14582073001639 1.2322657205715357 0.003783721000441599 0.9141325426659457 0.009388755728559425 -12.846127391662039 -0.04947991027203607 12.846221081018335
904.0 -5532.416130913356 -2733.496276326647 2045.959257634661 -153.70660975743218 18.456041120450095 125.18861471009836 5634.177201443911 -4902.739305509365 -39.354679064016864 7468.758546493589 9.269001554466299e-09 453.65844842371 16.05795027176343 0.6390068444997276 -0.49820893268441985 0.5814613980009448 -0.07321717497103364 130.84860477863108 -11.208678641270243 1.2259200743675829 0.003761941954579157 2.7858408961596983 0.0014788057531053623 -10.908125497878522 -0.05150171581435191 10.90824560505721
905.0 -5531.266583230616 -2739.2125328493958 2041.291767442122 -153.6543110116357 18.412596407958706 125.13957048779284 5632.554634421217 -4904.63651525832 -39.40450485699171 7468.780608074402 9.312223560715362e-09 453.04852186478604 15.984846845200629 0.6206192576458819 -0.4956811268193366 0.6010502286969149 -0.08871629014771475 130.93966296072327 -7.577414436270118 1.2172779297785283 0.0037115376142305145 4.252972241662969 -0.006189363302193656 -7.275789652992296 -0.04558888718355372 7.275931709251365
906.0 -5530.109874303716 -2744.924964444302 2036.6213295511604 -153.6020400388619 18.36913438758276 125.0904922118953 5630.93566584347 -4906.527809634063 -39.45436133069211 7468.802331445684 9.355797130933315e-09 452.4358888149265 15.911836253596144 0.5953873783908475 -0.4916434284288304 0.6260184780183664 -0.10909387753301061 131.04694640536158 -2.799071231388744 1.2126218185638462 0.003628309177628085 5.046388527824236 -0.012273743548486865 -2.4962743724874277 -0.03242992678832655 2.4964848842649157
907.0 -5528.946005185319 -2750.6335634644465 2031.947951011557 -153.54979676764182 18.325655111912663 125.04137989434018 5629.3202130394 -4908.413120556478 -39.504289032131965 7468.823602940217 9.399728017361367e-09 451.8204530602342 15.838912385445264 0.566899228371275 -0.48635279470024956 0.6518651151840611 -0.13098891390259207 131.15724164305897 2.374327345605094 1.2158526649673547 0.0035175634230454954 5.031189403065443 -0.015791382729781235 2.67827926845947 -0.014053204034684096 2.6783161106444515
908.0 -5527.774976861772 -2756.33832247838 2027.2716386830418 -153.4975811244562 18.282158631767704 124.99223350883531 5627.708744809335 -4910.292862486074 -39.554289827700586 7468.845041479232 9.444022019945459e-09 451.20211778319083 15.766069057728885 0.5397998271890334 -0.48067282772849607 0.6744007366129302 -0.15084238696771687 131.2573285816405 7.120700911172358 1.226357704834534 0.003398075165143 4.202337779653435 -0.016162340022417367 7.425679673050981 0.006531679460631629 7.42568252960388
909.0 -5526.596790318127 -2762.039234281651 2022.592399271437 -153.44539303391306 18.23864499632067 124.94305306400149 5626.101170014252 -4912.166962535411 -39.604324906324564 7468.866523483425 9.48868172088227e-09 450.5808878899435 15.69330470686301 0.5189888878842811 -0.47592472306721106 0.6904721709005321 -0.16551245704762543 131.33450245069383 10.679101016066882 1.2393199317961883 0.0032981385516334663 2.6884364820737368 -0.01330208276070122 10.98487645065846 0.02595581039708855 10.98490673904346
910.0 -5525.411446532595 -2767.736291681467 2017.9102394717893 -153.39323242051623 18.195114254581966 124.8938385532878 5624.497684974407 -4914.035596414152 -39.65445335491927 7468.888305951477 9.533701654356037e-09 449.95702387394783 15.62062929512707 0.508401015132681 -0.4733962113303382 0.6982542058129214 -0.17281637357237775 131.37853309032155 12.491652423652626 1.2484095134882398 0.0032447144932413554 0.7603537061065874 -0.007733001982456995 12.797918450150364 0.04120124632929417 12.797983664375309
911.0 -5524.218946463331 -2773.4294875332002 2013.2251659344129 -153.34109920830787 18.15156645510063 124.84458994883416 5622.898088539683 -4915.89859510601 -39.704643507823675 7468.910119300175 9.579075100534779e-09 449.3308266294171 15.548054582135205 0.5100440539026742 -0.47381106141603463 0.6970381519702887 -0.17174386701184324 131.38451834427607 12.288924193815626 1.2497104629039726 0.0032527655609078765 -1.2945082115907496 -0.00030140459891245936 12.595347104766644 0.050032183359874645 12.59544486929422
912.0 -5523.019291177054 -2779.1188143974405 2008.537185585508 -153.28899332424356 18.1080016487717 124.79530726420134 5621.302039653792 -4917.755666677979 -39.7548556524298 7468.931507699559 9.624795271351342e-09 448.70259884286946 15.475592436721719 0.5237379861245656 -0.4770748016804247 0.6868337248636359 -0.16235020751976625 131.35431329164632 10.090584318306822 1.2442083752741548 0.00332063167332185 -3.182970194799727 0.007949978004231535 10.396862886665785 0.05104397349738312 10.396986809213024
913.0 -5521.8124818410715 -2784.8042645721953 2003.8463056000596 -153.2369146978877 18.064419888592944 124.74599055059487 5619.70943496496 -4919.606725730027 -39.80507733677723 7468.9523303783435 9.670855312667941e-09 448.07264495356344 15.403254830800403 0.547104334520202 -0.48229438103861233 0.6684405720851126 -0.14579498879699573 131.29617748499294 6.211200293871471 1.237188860267168 0.0034302886688922654 -4.602937577009864 0.015746010639599597 6.5171212444809745 0.04379988805382679 6.517267791396888
914.0 -5520.598519576754 -2790.4858304599898 1999.1525330524134 -153.1848632577619 18.020821226630627 124.69663981975359 5618.120416594538 -4921.451900424826 -39.85536180412237 7468.972772303837 9.717248375829081e-09 447.44127017088744 15.331053726018114 0.575850158635978 -0.48808176974405176 0.6439516808096378 -0.12449503453903629 131.2228162550662 1.2651584300227063 1.2348830461006153 0.0035528340088923625 -5.285242201261469 0.021657098577387346 1.5706312686076052 0.029270452502742683 1.570903920264257
915.0 -5519.3774055288595 -2796.163504433091 1994.4558750549704 -153.13283893275005 17.97720571518309 124.64725508850394 5616.534977049954 -4923.291190296034 -39.90565909429938 7468.992820621788 9.763967576564612e-09 446.80878104210603 15.259001139443498 0.6048885678844675 -0.4931397968553835 0.6168910335153984 -0.10182540924745974 131.14840057570348 -3.938672551851252 1.2405278180529522 0.0036604632993323346 -5.109894367776353 0.02468623210568468 -3.6336105304356487 0.009849650928853159 3.6336238622646126
916.0 -5518.149140803397 -2801.8372792098608 1989.7563384600437 -153.0808416487305 17.933573403954636 124.59783639606601 5614.9535645355445 -4925.124992600746 -39.95599463443 7469.013067744502 9.811005978285956e-09 446.17548567573925 15.187109168648337 0.6295520512214638 -0.4967253508104517 0.5918436528868319 -0.08154281821627395 131.08713815727566 -8.541206975715568 1.2524482116521816 0.0037369707599285307 -4.09785849009167 0.024310792933483986 -8.236396830489575 -0.011113886866668112 8.236404277097034
917.0 -5516.913726457025 -2807.507147602913 1985.053930024036 -153.0288713306178 17.88992434177349 124.54838373929378 5613.376070911849 -4926.953217927806 -40.00638853770624 7469.033366926321 9.858356653619359e-09 445.5416929126192 15.115389897465802 0.6463727387235149 -0.49873048182496277 0.57355784477489 -0.06709387327384328 131.05246990055866 -11.776661924630615 1.2648729068957771 0.003780242192187475 -2.4179535479840983 0.02059222060718749 -11.471835573071692 -0.030064927467148627 11.471874441623175
918.0 -5515.671163568104 -2813.1731025135655 1980.3486564589737 -152.97692790270779 17.8462585768588 124.49889714711556 5611.802685969577 -4928.7760400824145 -40.056787349483784 7469.053968593253 9.906012613674603e-09 444.90771328067666 15.043855504430635 0.6534283641659695 -0.4994112153066564 0.5656117659162121 -0.06085344021875688 131.05434592162237 -13.125075239822747 1.2713776395917733 0.0037963318321859595 -0.375195140835093 0.0142334605488772 -12.819891591358195 -0.04400726870939409 12.819965859042108
919.0 -5514.421453236572 -2818.8351368039594 1975.64052451983 -152.92501128973396 17.802576157715876 124.44937665224984 5610.233116335577 -4930.593206152397 -40.10722982324205 7469.07447908164 9.953966834602805e-09 444.27385863320234 14.972518221380453 0.6500702934773186 -0.4989675784717308 0.5695360409596685 -0.0637861052295639 131.09629731924832 -12.377222154205732 1.2691065475908656 0.0037897754512363447 1.722964270620783 0.006212265789639316 -12.071326246874596 -0.05084703914502867 12.071431746581302
920.0 -5513.164596613338 -2824.4932429636065 1970.9295412519023 -152.87312141973527 17.75887713556515 124.39982224641903 5608.667004126293 -4932.404405648151 -40.15775991678947 7469.094418315639 1.0002212301206679e-08 443.64044157684316 14.901390269204038 0.6366033105935558 -0.4973101499960214 0.5845754923965768 -0.0754342981776804 131.17428698060687 -9.634477158404627 1.2607514438683651 0.003758165719858184 3.5634964750220695 -0.002313026220448363 -9.327568133602743 -0.04940666437481487 9.327697824366224
921.0 -5511.900594882061 -2830.1474132874037 1966.2157138571054 -152.8212582225059 17.71516156304115 124.3502338989554 5607.10443763904 -4934.209721529816 -40.208350725529954 7469.113900731387 1.0050741989704244e-08 443.0077757143952 14.830483885539477 0.6144955174972215 -0.49418140299468233 0.6077551946073596 -0.09388089974962811 131.27775029582537 -5.318395309832838 1.252892165196588 0.0036949948806215024 4.815534318136713 -0.009872543973285755 -5.01028255962938 -0.03963850563726736 5.01043895597026
922.0 -5510.629449247169 -2835.797640226901 1961.4990494464512 -152.76942162665202 17.671429491700877 124.3006116232113 5605.545384064678 -4936.009129827133 -40.25898929368759 7469.1328793083185 1.00995488027263e-08 442.37617649538976 14.759811419915016 0.586836713811576 -0.4895603510307952 0.6344497690557815 -0.11587417558067353 131.39229936212558 -0.15066134109995435 1.2517656141741755 0.0035990860809686337 5.241006942134157 -0.015095149348873883 0.15870841598459026 -0.023039733161114954 0.16037203387871768
923.0 -5509.35116089766 -2841.4439162064486 1956.7795551408406 -152.7176115609537 17.627680973187704 124.25095539709949 5603.990118998063 -4937.802877205672 -40.309726062152095 7469.151717697515 1.0148625646902726e-08 441.7459602046369 14.689385220119508 0.5581708064910461 -0.484022896424004 0.659735133111989 -0.1375381425502007 131.50279761169162 4.989275502263135 1.2593760324977343 0.003482787429778716 4.759126893339686 -0.017073006588754158 5.299820126544987 -0.0024712703816105225 5.2998207010691285
924.0 -5508.065730939894 -2847.0862340767735 1952.0572377154651 -152.66582795035512 17.583916055828812 124.20126519715087 5602.438858897399 -4939.591161341739 -40.36051184538201 7469.170702280504 1.0197965399739179e-08 441.1174444017228 14.619217681353588 0.533829008620868 -0.47878543210792945 0.6795036409462952 -0.1551318842044177 131.59438877464765 9.218425671307074 1.2723665156843194 0.003372407621231132 3.4442178755886714 -0.015435565923315391 9.529936301285886 0.018427055996905535 9.529953951927737
925.0 -5506.773160522905 -2852.724586674805 1947.3321039855261 -152.61407072011676 17.540134788133166 124.15154103099624 5600.891603147894 -4941.373986680404 -40.41136796131286 7469.1898292328115 1.0247560877092208e-08 440.4909483333587 14.54932129196334 0.5187227683309984 -0.4753138132336347 0.6910416870407377 -0.16572524049226256 131.65381039805033 11.809108426079607 1.2839325830220036 0.003299071491524537 1.5371425027331596 -0.0104823502487927 12.121269414127312 0.03605878245650804 12.121322245933166
926.0 -5505.473450732653 -2858.3589669590942 1942.6041606421968 -152.56233979425653 17.49633721749041 124.1017828578069 5599.348405942095 -4943.151406277791 -40.46231644741533 7469.209168015358 1.0297404912285501e-08 439.8667919323383 14.479708521491707 0.5159255178169 -0.4746664425244339 0.6931015851919189 -0.16769860169664896 131.67287339936885 12.3387104805829 1.2882148918793492 0.0032848688356905886 -0.6251653842018322 -0.0031003168378544587 12.651148897324656 0.047589021641671295 12.651236943953732
927.0 -5504.166602740404 -2863.9893676789543 1937.87341457883 -152.5106350988935 17.45252339298194 124.05199066704465 5597.808882104249 -4944.923086868546 -40.513305678725374 7469.228202669121 1.0347490277684443e-08 439.24529681538803 14.410391931796354 0.5260986367559434 -0.47706426578801986 0.6854235064411285 -0.16070011676916657 131.6508694155101 10.716218485636437 1.2842613926173878 0.0033345728230209275 -2.7117034707852974 0.005581311710991456 11.028573135838414 0.051140152423157816 11.028690237201035
928.0 -5502.852617852559 -2869.615781241671 1933.1398730156131 -152.45895656354418 17.40869336648456 124.00216449760482 5596.272775588937 -4946.688807859604 -40.56429900213084 7469.24658870993 1.0397809664614708e-08 438.62678651407595 14.341384202573874 0.5473816263528466 -0.48179832920354254 0.6686091701722707 -0.1456210928043569 131.59499241298107 7.185305552998331 1.276708386417768 0.003433913108735005 -4.382379511266038 0.014191975698048623 7.497298618759967 0.045880657524434855 7.4974382015092464
929.0 -5501.531497364279 -2875.238200072498 1928.403543154546 -152.4073041175461 17.36484718966067 123.95230436736276 5594.74028064985 -4948.448744189599 -40.61536093955965 7469.264581559676 1.0448361147864058e-08 438.0114329526892 14.272692551654899 0.5755857516265379 -0.4874789382557695 0.6445926346973729 -0.12476242453335235 131.51853495464331 2.3366945648687834 1.2726366460908525 0.0035540319556962045 -5.3037994191803195 0.021062901091093274 2.648183570007179 0.032458651132364714 2.648382342895213
930.0 -5500.203242564857 -2880.856616602843 1923.6644321909916 -152.3556776901775 17.32098491405731 123.90241027607816 5593.2112991692065 -4950.202814975985 -40.66644946439283 7469.282047604193 1.0499167417765314e-08 437.398712185798 14.204299194109343 0.6052581808565441 -0.49265050650143133 0.6169502612269835 -0.10163851692181877 131.43741072370233 -2.97926119321117 1.2767342072037815 0.0036638538380333384 -5.301553411949623 0.024937109313034153 -2.6682682255825725 0.01319985533537038 2.6683008514513826
931.0 -5498.867854732019 -2886.471023526092 1918.922547135358 -152.30407720854265 17.27710658929693 123.85248226120859 5591.686357482162 -4951.951490626163 -40.71756884189949 7469.299686475246 1.0550258230209296e-08 436.7879001103983 14.136179194851652 0.6311570627824925 -0.49639471590839956 0.5905750717500209 -0.08033761725028822 131.3678161733958 -7.8206812105006325 1.2882660410290385 0.0037434422479226312 -4.36723616684698 0.025101747820635144 -7.510031211488082 -0.008345532000295504 7.510035821892416
932.0 -5497.525335061463 -2892.0814137609445 1914.1778947903692 -152.25250259757564 17.233212263092298 123.80252031714073 5590.165358071722 -4953.694689483972 -40.76876062455244 7469.317364997266 1.0601663505301342e-08 436.17826910009813 14.068307454604527 0.6492667853044034 -0.4985126468795349 0.5707424638315058 -0.06473656139453357 131.32525443998685 -11.321942475646411 1.3013904060222137 0.0037887799609989435 -2.66307851116421 0.021513019270722068 -11.011350351077153 -0.028230927946899 11.011386093632655
933.0 -5496.175684770333 -2897.6877802478643 1909.4304819597658 -152.2009537821493 17.189301983018094 123.75252445543954 5588.648494910316 -4955.432590831802 -40.819963185410415 7469.3353406669185 1.065341326567487e-08 435.56908875583275 14.000658792899294 0.6572699391302517 -0.49926212942588305 0.561616729301845 -0.0576211992685517 131.32170856454846 -12.870569682618822 1.3088091907172712 0.00380610710858219 -0.5225898134713639 0.014901265490860963 -12.559656979859293 -0.04302993867889441 12.559729506429829
934.0 -5494.818905097666 -2903.290115956941 1904.6803154434078 -152.14943068701427 17.14537579645981 123.70249470736226 5587.135498313424 -4957.164960254399 -40.87121165796793 7469.353250156963 1.07055376334916e-08 434.95962593101217 13.933207950856286 0.65435645859527 -0.49888079199708557 0.56507885876183 -0.06017859961352732 131.36186466186322 -12.208038778098178 1.3068774381903256 0.0038008873785170014 1.7007038062406625 0.00638088094348731 -11.896403641081317 -0.05034064551541138 11.896508615983633
935.0 -5493.454997342356 -2908.888413452081 1899.9274023610722 -152.0979332405138 17.101433753801455 123.6524310563351 5585.625966740936 -4958.891445209809 -40.922557309573904 7469.370553226182 1.0758066900931592e-08 434.34914390594037 13.865929500056074 0.6408129270201348 -0.49728592284129375 0.5804174168594478 -0.07198003691285727 131.4416226697623 -9.429900996305554 1.2982673329397 0.0037708325802229704 3.6496601439713863 -0.002717922186897048 -9.117199856771077 -0.04882403965750078 9.117329480790945
936.0 -5492.08396284296 -2914.4826650951777 1895.171749999234 -152.04646137282478 17.057475906928012 123.60233346446674 5584.12000276084 -4960.612142161794 -40.97396557270213 7469.387384253912 1.0811031504048047e-08 433.73690270367376 13.798797878861452 0.6182471906947462 -0.49419673675287734 0.6043771211325184 -0.09093014919393222 131.54913889703934 -4.998342366380164 1.2902231060491307 0.00370876937424411 4.947493397823254 -0.010701580235527919 -4.684359000333809 -0.038456288919254525 4.684516499447568
937.0 -5490.705802960638 -2920.0728633886565 1890.413365565439 -151.9950150130928 17.013502306767787 123.55220193855628 5582.617533816898 -4962.326991208559 -41.02543210515205 7469.403643038463 1.0864461953368271e-08 433.12215988840506 13.731787480614434 0.5900764712075154 -0.4895934265501905 0.6318534777104979 -0.11344257362771275 131.66809914161715 0.28874613434637375 1.289560853747677 0.0036133760690790218 5.332785696239013 -0.01603162306414502 0.6040676486419843 -0.02096850459327615 0.6044314568502152
938.0 -5489.320519028355 -2925.659000834089 1885.652256250411 -151.94359409036568 16.96951300410718 123.50203644260951 5581.118933438221 -4964.03632833403 -41.0770063923826 7469.419826108099 1.0918388926669602e-08 432.50416948842076 13.664872536106545 0.5613182594735353 -0.48412574133583375 0.6574552828470932 -0.13526503322765704 131.78132672462635 5.464134836602229 1.298123978566815 0.0034985228037299654 4.725752389785109 -0.017710410001040656 5.780691937790346 0.00039093543638308215 5.7806919509645045
939.0 -5487.928112291001 -2931.2410703798027 1880.888428880725 -151.89219852969677 16.925508046236367 123.45183694802947 5579.624346174094 -4965.740289191313 -41.12863077086672 7469.436125196173 1.097284321659912e-08 431.88218259909485 13.598027180654217 0.5377743980264948 -0.4791336833571438 0.6767690958418393 -0.15235879106003958 131.87205874204335 9.571911941180621 1.3116651281413603 0.0033931726127241152 3.2290764818535216 -0.015391981848138213 9.889454542384762 0.02157050453459534 9.889477832664051
940.0 -5486.528584036087 -2936.8190649417706 1876.1218903356403 -151.84082825661153 16.881487480765436 123.4016034519237 5578.133822512418 -4967.438923150623 -41.18034240715201 7469.4526049563765 1.1027855710552346e-08 431.25544760518886 13.53122547800915 0.524578995160723 -0.47615621535555686 0.6869878087439706 -0.1616783444113542 131.92586016114177 11.854322299855516 1.3224959116519375 0.0033300532890797245 1.1394779525972774 -0.009538555476940854 12.172480935439266 0.03868375029674539 12.17254147556421
941.0 -5485.121935488126 -2942.3929775444094 1871.3526473791803 -151.78948319550605 16.837451354269525 123.35133590270509 5576.64731971527 -4969.13219769245 -41.23214643933011 7469.469205809159 1.1083457472318387e-08 430.6232092455423 13.464441321091366 0.5246324430102869 -0.476185546284451 0.6869237729537133 -0.16169061630741674 131.93486119536576 11.912364417495915 1.3248724714894449 0.0033299909262462938 -1.158885566882096 -0.0012371616137126721 12.230715391523958 0.04878554582000755 12.230811205995474
942.0 -5483.708167995266 -2947.962800920566 1866.580707060261 -151.73816327370355 16.793399715745487 123.30103429270187 5575.164387810695 -4970.819718621423 -41.28398027310482 7469.4853231782545 1.113967964113175e-08 429.9847097588391 13.397648554862206 0.5380550375932628 -0.4792366476914136 0.6764859402760909 -0.15230162388753982 131.90022646470638 9.725648668188063 1.3191691470847438 0.003393584437050927 -3.2877262359630364 0.008160550151205061 10.043799900874802 0.05004793215250066 10.04392331386725
943.0 -5482.287283039419 -2953.5285274898624 1861.8060767345924 -151.6868684216694 16.7493326168067 123.25069866074436 5573.684939366156 -4972.501412543302 -41.33584238657818 7469.500836932014 1.119655342650852e-08 429.3391889345037 13.330820979320944 0.5621289278493738 -0.4843257620502296 0.6566933863225821 -0.13488299021580905 131.83203607666601 5.659467692471985 1.311643421506097 0.003500717726515719 -4.848830855492154 0.016944268756897966 5.977141635056534 0.04194303775834732 5.977288261205892
944.0 -5480.859282044496 -2959.090149770017 1857.028763652994 -151.63559856883862 16.70525010812587 123.20032899674517 5572.209047759094 -4974.177348542148 -41.38777852009275 7469.515842066936 1.1254110215118264e-08 428.68588289702166 13.2639322226734 0.5917258145346932 -0.48987380675626424 0.6302737700528731 -0.11242414620853641 131.7465829003774 0.4631244834567773 1.3098739488853792 0.003618176537389256 -5.510406265315544 0.023302387628515456 0.7802103406607298 0.02578307121441328 0.7806362157532042
945.0 -5479.424166477336 -2964.6476602401553 1852.2487751233614 -151.58435364516401 16.66115224074733 123.14992531174398 5570.736826462541 -4975.84763399508 -41.439729073327726 7469.530488430049 1.131238149264568e-08 428.0240249911848 13.196955834201836 0.6208544529138207 -0.49447793631908554 0.6017459033252629 -0.08906843785518079 131.66212466881257 -4.880760540820852 1.3172666677659874 0.0037157649076333104 -5.137261653690732 0.025997745850158037 -4.564198735197851 0.00466422718756441 4.564201113377849
946.0 -5477.981937714295 -2970.201051833649 1847.4661180831117 -151.53313357654767 16.617039062159066 123.09948762792256 5569.268691854942 -4977.512644456791 -41.4917416219655 7469.545331037607 1.1371398854301535e-08 427.35284566101535 13.12986527091317 0.6442235396697442 -0.4974615948791002 0.5768056027602367 -0.0693057658505224 131.59688820630336 -9.351531388284304 1.3307019043276942 0.00377894193456562 -3.790419390218233 0.024485626442785274 -9.035263582037869 -0.017223438037147737 9.035279861778045
947.0 -5476.532597095833 -2975.7503174969756 1842.680799437967 -151.48193828865394 16.572910619577513 123.049015922772 5567.804554861157 -4979.17230612251 -41.54381453781298 7469.560248349052 1.1431194070696313e-08 426.67157169809695 13.06263382310114 0.6581766871267843 -0.49887654026142103 0.5609599445428709 -0.057005146417364004 131.5673510337011 -12.090179660074508 1.3424129090560102 0.0038095040236732444 -1.735930873616703 0.019072997982345928 -11.7738341555353 -0.03565136677658953 11.773887369979686
948.0 -5475.076145984982 -2981.295450306829 1837.8928260210057 -151.4307677062197 16.528766959327424 122.99851022055675 5566.344516028594 -4980.826715567727 -41.595907653430004 7469.5753735515855 1.1491798980738908e-08 425.9794274605587 12.995234736057864 0.6609717237262404 -0.499056978169808 0.557756362486611 -0.05446423670709619 131.58378269476498 -12.592257417555293 1.34549885869319 0.0038154218416440464 0.6170606411984717 0.010861716521197124 -12.275385860554561 -0.04730916163459305 12.275475625500269
949.0 -5473.612585791781 -2986.8364431147256 1833.1022048531138 -151.37962175603306 16.484608129430494 122.94797052436252 5564.888121540067 -4982.475470355909 -41.64808036613999 7469.590094546973 1.1553238064863375e-08 425.2758552069144 12.927649276517936 0.652313642835118 -0.49810648584579476 0.5679050333641714 -0.062134637756814964 131.64678896116328 -10.76033123732281 1.3391913920575111 0.003798894283619328 2.8650296313828987 0.0012572304631508218 -10.442502523678238 -0.05010440455408401 10.442621392631791
950.0 -5472.141917995793 -2992.3732883475336 1828.3089432950114 -151.32850036863485 16.440434181090687 122.89739678456681 5563.435165615405 -4984.118390215996 -41.70035610780428 7469.604132040394 1.1615508447547233e-08 424.5611052208831 12.85988846473524 0.6331976898149692 -0.4957761850110523 0.5891416240099887 -0.07860538688757969 131.74696791259694 -6.9065775439589645 1.3295779325010992 0.0037535195748667387 4.586656714948217 -0.008003603456294854 -6.587472381098941 -0.04326739264374595 6.587613845915289
951.0 -5470.664144100738 -2997.905978526055 1823.513048661144 -151.27740347393132 16.3962451648897 122.8467889876191 5561.9857836304955 -4985.7556021561195 -41.75267781174148 7469.61766543933 1.1678600891446665e-08 423.83561510783164 12.791970263215546 0.6064722035583668 -0.49184517096460695 0.6165731514835999 -0.10058500375024751 131.86755124213997 -1.7613828467665147 1.3251575113425176 0.0036732152603612405 5.402792106172507 -0.014961609848053467 -1.440857572067721 -0.02787542789314987 1.4411271347998662
952.0 -5469.179265627354 -3003.434506121812 1818.714528313123 -151.22633100231857 16.352041131770317 122.7961471107388 5560.539986548991 -4987.387118914113 -41.80511035376708 7469.63070594339 1.1742506129005819e-08 423.09982416890114 12.723912695467192 0.5769593147046702 -0.4866722969725225 0.6441985776699386 -0.12359699455502299 131.98919579305417 3.6670667885483414 1.3305896205009253 0.003565110994796454 5.1416391734492946 -0.01822531204020922 3.988967352796563 -0.006919898577100652 3.988973345270849
953.0 -5467.687283972372 -3008.9588640056827 1813.913389255869 -151.17528288044872 16.30782212936977 122.74547109712567 5559.098292592059 -4989.013411597075 -41.85762484869383 7469.643947910329 1.1807214894881397e-08 422.3541730300527 12.655733812746526 0.5508020309479731 -0.48143933636722414 0.6666173195370781 -0.14301970981328457 132.09257591604958 8.303728879828661 1.343536409532094 0.003454757382978969 3.843599775596238 -0.017110577635317627 8.626781005151365 0.015333362473518065 8.626794528878474
954.0 -5466.1882005583075 -3014.4790451746553 1809.109638426698 -151.12425903409712 16.26358820447645 122.69476093933918 5557.660576298827 -4990.63437332579 -41.910203858351224 7469.657220699927 1.1872717820008918e-08 421.59910486669315 12.5874518064117 0.5340287337159559 -0.4777986977300895 0.6800588803219382 -0.15505365299932505 132.16004455510452 11.222680480520044 1.356198230789149 0.003377610831319639 1.7696023158031604 -0.011822181945643362 11.546505367362759 0.03441784576681262 11.54655596733668
955.0 -5464.682016761035 -3019.9950426839073 1804.30328269311 -151.07325938839068 16.21933940325017 122.64401658701757 5556.226976605758 -4992.2501328414255 -41.962900508638086 7469.670708233121 1.1939005549049303e-08 420.83506405511935 12.519084884044593 0.5306308984973053 -0.4770498435949028 0.6826787122608315 -0.15749308591780872 132.18010348528378 11.860538119610682 1.360986782438258 0.0033611644043516145 -0.647056634517117 -0.0034702232862030085 12.184667172617148 0.04672272170183412 12.184755398092435
956.0 -5463.168734026906 -3025.506849420354 1799.4943290873496 -151.022283870146 16.17507577323519 122.59323800583184 5554.797031782349 -4993.860282306122 -42.015646557967784 7469.683788357326 1.2006068665084917e-08 420.0624970448714 12.45065134901103 0.5415155199465587 -0.47948771412878205 0.674091472275044 -0.14984378753430916 132.15138902292657 10.090990371406109 1.3564334294148994 0.0034118391998567044 -2.973373876996493 0.006453615636002515 10.414965052417063 0.04991532674814431 10.415083344851155
957.0 -5461.648353980481 -3031.014457875334 1794.6827850355378 -150.97133241016874 16.13079736535402 122.54242522424902 5553.370517102768 -4995.464624758627 -42.06841677862121 7469.696156413015 1.2073897625560586e-08 419.28185309976766 12.382169663777038 0.564345726969316 -0.4842617298341857 0.6551654321045302 -0.13327690739494447 132.0832830619363 6.22670836915785 1.3483706649988887 0.0035122480762623536 -4.757205710727368 0.016069965242460717 6.550184011656912 0.043096020116118294 6.550325164083184
958.0 -5460.12087820639 -3036.5178605900883 1789.8686579040861 -150.92040493870547 16.086504229987572 122.49157822937634 5551.947560654778 -4997.063278372486 -42.12127348284844 7469.707981306841 1.2142482898994083e-08 418.4935827249382 12.31365830969021 0.5938798931133773 -0.48974069405447396 0.6286338140985597 -0.1108163025668298 131.99333208113225 1.0285256193489005 1.3453917347864983 0.003628087881019955 -5.592801414802032 0.023252415336153288 1.3513447089566217 0.027383950712660084 1.3516220862839692
959.0 -5458.5863083242175 -3042.0170500604354 1785.0519551157631 -150.86950138654083 16.042196417915594 122.44069701777981 5550.528186607361 -4998.656271048766 -42.174151729649566 7469.719293620883 1.2211814898193314e-08 417.69813843897276 12.245135855596116 0.6236104318696787 -0.494367211785191 0.5992984927109389 -0.08690457875995786 131.9021464644965 -4.4455688209808395 1.3521197900810378 0.003725890648321348 -5.297190541476243 0.026492662764159756 -4.12335879949272 0.0059878767380594855 4.123363139732115
960.0 -5457.044645867421 -3047.512019233019 1780.2326837273695 -150.81862168048454 15.997873976385785 122.3897816096081 5549.112923525203 -5000.244082256056 -42.22709270745622 7469.730801543631 1.2281883959986405e-08 416.8959750071239 12.176620976949495 0.6476453575920752 -0.49735189222909587 0.5733906833901483 -0.06648090167070185 131.8305063807741 -9.069030949470989 1.3657509797935028 0.0037887572471774515 -3.9188567957894964 0.025085872167013995 -8.74718613901768 -0.01652794747582931 8.747201632411342
961.0 -5455.495892310132 -3053.0027611246037 1775.4108507089843 -150.76776574654562 15.953536951886493 122.33883197246446 5547.701644287299 -5001.826602727978 -42.280108653894786 7469.742331926389 1.2352680449863321e-08 416.08754824551795 12.108132353492557 0.6618766707369753 -0.4987312087210965 0.5570332539262246 -0.05385543799927583 131.79727964827617 -11.882297808267037 1.377839596157483 0.0038183256112401132 -1.746148199531363 0.019325394835510275 -11.560405808423358 -0.03546062281892073 11.560459454582276
962.0 -5453.9400491532615 -3058.489268850378 1770.5864629824746 -150.7169335100923 15.909185390256313 122.2878481181846 5546.294464051767 -5003.403943074599 -42.333150160568266 7469.754038463933 1.2424194628991122e-08 415.2733165468479 12.039688799646099 0.6643450804573402 -0.4988681439557358 0.5541791491515266 -0.05159127507612017 131.81423768508483 -12.320938721821133 1.3806956909303778 0.0038233478224709108 0.7536951402293672 0.010470317306223866 -11.998495416708733 -0.047114151422900964 11.998586561117936
963.0 -5452.377117952355 -3063.9715352989324 1765.7595276640045 -150.6661248985759 15.864819339080352 122.23683003989281 5544.890876041974 -5004.975649231409 -42.38628713710841 7469.765235531178 1.2496416740740669e-08 414.453739892377 11.971309179949442 0.654761152273818 -0.4978620577593303 0.5655138678581842 -0.06012711681748547 131.88176100143218 -10.290262604671048 1.373694189896052 0.003805904812951133 3.115680483601213 0.00015767579012736918 -9.966786241227755 -0.04920660149793052 9.966906480750376
964.0 -5450.8071003414925 -3069.4495529274573 1760.9300522210174 -150.6153398432677 15.820438849223926 122.18577767640865 5543.490752868381 -5006.54161049007 -42.43952350526342 7469.775748833501 1.2569337062880654e-08 413.6292792703095 11.903012361829404 0.6343558645967415 -0.4954253818547636 0.5883036011803091 -0.07775089005318357 131.98854713538643 -6.170120553597542 1.3639503397415178 0.003758546957158375 4.848251115960505 -0.009533505661972927 -5.845265358094014 -0.04103819603144609 5.845408915828206
965.0 -5449.229997981567 -3074.923314310497 1756.098044060214 -150.5645782746399 15.77604397077866 122.13469101316831 5542.094131403284 -5008.1018653057135 -42.49281831856456 7469.78562572059 1.2642945764819916e-08 412.8003983012611 11.834817351147587 0.6065184219057573 -0.49135412856657096 0.6169103270077305 -0.10063882283070855 132.11503523916215 -0.8117777520074141 1.3607110469552954 0.0036753539950595457 5.545639157695706 -0.016420665950074624 -0.4854065585501027 -0.02408966567651024 0.4860039353671597
966.0 -5447.64581253492 -3080.3928119576144 1751.2635106357548 -150.51384012370806 15.731634754255756 122.08357000462851 5540.701200019886 -5009.656586582563 -42.546244038576106 7469.7951167534475 1.2717233017791661e-08 411.9675619950068 11.76674318855696 0.576806674563754 -0.4861507545585026 0.6446954251344628 -0.12377121164308211 132.23912301637986 4.6489740173530985 1.3680787235465601 0.0035665149921392373 5.046871801980804 -0.01901159981504264 4.976778277814433 -0.001958974197050712 4.97677866239289
967.0 -5446.054545517738 -3085.858038885832 1746.426458954955 -150.46312531680422 15.687211245997569 122.03241458820017 5539.312366243012 -5011.206149688165 -42.59974613555323 7469.804770129943 1.2792188976104662e-08 411.131236975025 11.698808968750818 0.5520496894015955 -0.4812163227148069 0.6659320943896484 -0.14214934697794926 132.33896808279806 9.041508616628697 1.3820311967194643 0.0034623126826331028 3.4455274630855817 -0.016702286709469282 9.370455996556833 0.020489594499593124 9.370478197892758
968.0 -5444.4561984950915 -3091.3189881385288 1741.5868960416278 -150.41243378029665 15.64277349229011 121.98122474776208 5537.927554533799 -5012.750491011203 -42.65333693587763 7469.814481735776 1.2867803885603324e-08 410.29188870512394 11.631033757842417 0.5385026505910601 -0.4783142775788106 0.6768699949280529 -0.15191233372165927 132.39561037206127 11.418522370369393 1.3933334591731892 0.003400572682660281 1.0967741629359717 -0.009992587137298517 11.748153450789076 0.03843650248002002 11.748215443438646
969.0 -5442.850772970462 -3096.7756528312225 1736.7448288299188 -150.36176543972758 15.598321538633435 121.93000041441923 5536.546768759386 -5014.289618575065 -42.70704308247832 7469.8242545014755 1.2944077679066383e-08 409.44980101438983 11.563428631569879 0.5396753692966307 -0.4785911338973396 0.6759141091162502 -0.15113285356595932 132.39886733521317 11.287079106056973 1.3949486576289472 0.003405660778756701 -1.4900120119740203 -0.00033797551097919913 11.616858232472353 0.04824102596098491 11.616957020363984
970.0 -5441.238270597826 -3102.2280257559446 1731.900264579975 -150.31112022391815 15.553855433317299 121.87874156740494 5535.169454964496 -5015.823037761765 -42.760778781753515 7469.833339875504 1.3021023917883487e-08 408.60500033250935 11.49599341956646 0.5554423818579743 -0.4819672520815188 0.663052177047474 -0.13983253866513118 132.35108062544347 8.658524523994618 1.387968191461126 0.0034762637422946566 -3.813101533716239 0.010415152729788879 8.987966057747252 0.04778510163168014 8.988092039481996
971.0 -5439.618693156734 -3107.6760994308024 1727.0532108271152 -150.2604980644567 15.509375226985865 121.82744822056102 5533.795676935466 -5017.350809461714 -42.81458854514426 7469.8418208331595 1.3098657205169552e-08 407.7574940450283 11.42872713103922 0.5819894166159618 -0.48715104134478027 0.6399677783985129 -0.12005592228366158 132.26667831222386 4.062424924912579 1.3807533377511678 0.003585533168598382 -5.341805573616615 0.019864140071237695 4.391211945286403 0.03683346324015483 4.39136611944815
972.0 -5437.992042375617 -3113.1198664254125 1722.203675038047 -150.20989889230958 15.464880969684673 121.77612033638428 5532.425305009038 -5018.8728207319145 -42.868466911166934 7469.849520013184 1.317699227687766e-08 406.9072887317412 11.361628702409718 0.6127634246808733 -0.4923125696679114 0.6107010336028631 -0.09588308858573695 132.16757145912803 -1.5019650612678965 1.381857065558173 0.003694511552718984 -5.7111218889633575 0.02581745675218687 -1.1739166085844992 0.01762558331977937 1.17404890086644
973.0 -5436.358320019642 -3118.559319407517 1717.3516646384744 -150.15932263785055 15.420372710860105 121.72475792970974 5531.0588807333725 -5020.389568020646 -42.92237289038417 7469.857166433946 1.3256043844947746e-08 406.0543918800135 11.294697133262954 0.6407338914208589 -0.4961007539921826 0.581441423079851 -0.07259472294835656 132.0775235931695 -6.804521832095296 1.3929396669777871 0.003774096526363233 -4.825277950488629 0.02691188862179532 -6.477058211736377 -0.005484217876802826 6.477060523620107
974.0 -5434.717527695888 -3123.994451522056 1712.4971866204626 -150.10876922697327 15.37585049595683 121.67336098343647 5529.696465482206 -5021.901110043415 -42.97638056715368 7469.864840056233 1.3335826725391979e-08 405.19881049105703 11.227931375956038 0.6602840578494295 -0.4981446695462166 0.5592865330189367 -0.05545651572394345 132.0195686713411 -10.65943272630955 1.4073060229498353 0.0038169442222269153 -2.8686161260981398 0.02285949791566733 -10.332180855172549 -0.02719500304487446 10.332216255869263
975.0 -5433.0696670272055 -3129.4252558447656 1707.6402480357285 -150.05823858621918 15.331314370916152 121.62192946503404 5528.338161634213 -5023.407546899462 -43.03043011412342 7469.872678268582 1.3416355814559831e-08 404.34055134925484 11.161330357602473 0.6681206331027151 -0.49876157276586347 0.5500132170054641 -0.04834433031752132 132.0117958049985 -12.207400566751284 1.414990520905768 0.003831151936405231 -0.3042292711146856 0.014638506060046174 -11.879828245644996 -0.042747319776145744 11.879904049186006
976.0 -5431.4147396698645 -3134.8517255076745 1702.7808559212249 -150.00773064186342 15.28676438135773 121.57046338167089 5526.983681379508 -5024.908621297144 -43.0845510865031 7469.880289881764 1.3497646002887599e-08 403.4796219424523 11.09489305142316 0.663187423281612 -0.4982411106549909 0.5560154978350735 -0.05277313162578573 132.06060305604595 -11.11559939729756 1.4113197635783987 0.0038235132224874405 2.3226922606302596 0.00400361197345879 -10.78713872169843 -0.04890453488106499 10.787248264942635
977.0 -5429.752747377465 -3140.273853128361 1697.9190177357998 -149.95724532472232 15.242200576853685 121.5189626729323 5525.632598001093 -5026.403948161053 -43.138800212586375 7469.887095148435 1.3579712343985411e-08 402.616028668986 11.02861833808879 0.6461292347354645 -0.49640807809342924 0.5757590299053488 -0.06780539437391898 132.1582871200786 -7.5935960288498086 1.4011451057496376 0.003789310289977529 4.459328433946528 -0.00686182993307442 -7.263786388253624 -0.04415006667346835 7.263919841822952
978.0 -5428.083691949178 -3145.6916312806984 1693.054741000933 -149.906782566185 15.197623007413068 121.46742729735887 5524.285058722232 -5027.893667253153 -43.19310917509915 7469.893291333301 1.3662569919820599e-08 401.74977828051857 10.962505117904207 0.6197912054128305 -0.4929224626675056 0.6039781870690166 -0.08998142605858182 132.28532035021675 -2.4116473301715975 1.3948323676522678 0.0037193769046893616 5.573543995650247 -0.015340169955560179 -2.080248686890649 -0.029255433492918252 2.0804543022112836
979.0 -5426.407575215768 -3151.1050524979173 1688.1880332893877 -149.85634229812473 15.153031723410646 121.41585721881874 5522.940991467684 -5029.377715196065 -43.24754669845538 7469.898777603366 1.3746233861791113e-08 400.8808776561431 10.896552293006067 0.5895780450826932 -0.48801791632969915 0.6334269902075882 -0.1140460002553561 132.41699607940993 3.2476789639368864 1.3993754575165933 0.003617529267546714 5.392694326615628 -0.01944605265334184 3.5806487321188807 -0.007551582302208286 3.5806566848780115
980.0 -5424.724398855229 -3156.5141096990033 1683.318901805771 -149.80592444868765 15.108426771869613 121.36425234997087 5521.6010615247105 -5030.8567036189515 -43.30209509268025 7469.904452295087 1.3830719443516592e-08 400.0093328476418 10.8307586952669 0.5627354124890919 -0.48294409681262246 0.6573002860994461 -0.13435099098316391 132.52818133425615 8.077052099852695 1.4127598450005863 0.003510603780873878 3.9433409073342003 -0.018180367734722827 8.411326448420743 0.015828257363321475 8.411341233906978
981.0 -5423.034164547122 -3161.918796026356 1678.4473536030541 -149.75552894428827 15.063808198191172 121.31261266151886 5520.265107575766 -5032.3304914810005 -43.35671946170419 7469.910095746158 1.3916041903580387e-08 399.1351509211666 10.765123225928104 0.5464654219484757 -0.47958019901826787 0.6708160155522805 -0.1462335413058022 132.5961462541135 10.949132460827112 1.4255305369038775 0.0034391162348571223 1.5599861874301504 -0.011801357415635505 11.284231513966242 0.035406457099257535 11.284286341078033
982.0 -5421.336873941954 -3167.319104627968 1673.5733957123582 -149.70515571119066 15.01917604757959 121.26093808569014 5518.933238995858 -5033.799181805738 -43.41147984892905 7469.915853329548 1.4002216603072599e-08 398.2583383292622 10.69964473232289 0.5453349993540244 -0.47935716055886807 0.6717057065519679 -0.14709824909225588 132.60692937420976 11.20897837883006 1.4287828896426167 0.0034336428398769434 -1.1842363187346565 -0.0018390031600293774 11.544306984343192 0.0468271461017901 11.544400667706
983.0 -5419.632528794927 -3172.7150284190952 1668.697035397699 -149.65480467800054 14.97453036723459 121.20922857738077 5517.604875761738 -5035.262252847173 -43.466284572892846 7469.920939198209 1.4089258925392763e-08 397.37890194456793 10.634322085724715 0.5598170321157535 -0.48240052478320467 0.6597126484418151 -0.13665228036108387 132.56095228761862 8.786058001411357 1.4222199782209815 0.0034971931281264474 -3.7085824832002703 0.009621719677732352 9.12105554448171 0.04748247705139241 9.121178090218235
984.0 -5417.921131027834 -3178.1065599712088 1663.8182802746185 -149.6044757768209 14.929871207378211 121.15748414004129 5516.280021176982 -5036.719710748005 -43.52117105983484 7469.925354982084 1.4177184230514699e-08 396.49684950621656 10.569154213436995 0.5861337049137146 -0.48744051939594735 0.636534493200295 -0.11693100094233011 132.47318473258753 4.206246500152834 1.4144830825385282 0.00360331761350722 -5.400545773894843 0.019854133297255376 4.5405345689977965 0.03688913097683091 4.540684103785562
985.0 -5416.2026825150715 -3183.493691885964 1658.93713790717 -149.5541689393178 14.885198617795146 121.10570472403127 5514.958533155424 -5038.17143015363 -43.57613705818062 7469.928906071397 1.4266008026435587e-08 395.61218789081613 10.50413997041455 0.6172498499339664 -0.4925259649484138 0.6065448302919234 -0.09232640713399218 132.36807715544253 -1.4555208970932048 1.4152871487555843 0.003710436245797582 -5.826013584156564 0.026303256824229466 -1.1220527504618314 0.017369448472721184 1.1221871653116005
986.0 -5414.477185172297 -3188.876416857823 1654.0536158249429 -149.50388409663785 14.840512647730772 121.05389033592166 5513.64098541936 -5039.617940377278 -43.631135349098486 7469.932367634966 1.4355745783459777e-08 394.7249249760716 10.439278276876811 0.6454663568156371 -0.49619866203217944 0.5765830783765582 -0.06864418217471345 132.27262972654054 -6.846613238362849 1.4267257823456843 0.0037872064773248476 -4.867108917375845 0.027373718711523987 -6.513797123133796 -0.006307503482849517 6.513800163836493
987.0 -5412.744640733153 -3194.254728100116 1649.1677210782057 -149.45362117503203 14.795813342023669 121.00204094880377 5512.3274540162665 -5041.059313505272 -43.68624719631089 7469.935839803031 1.4446413087280965e-08 393.8350681107214 10.374568005459771 0.6646630148512347 -0.4980899813638128 0.5544906573891856 -0.05166776579234645 132.2129439627926 -10.663491200781467 1.441300166863574 0.0038265673440954244 -2.739841460170726 0.02275557368454281 -10.330903323484849 -0.02828314547077796 10.330941618639145
988.0 -5411.005050950293 -3199.628618742568 1644.2794607890712 -149.4033801015239 14.751100746127639 120.95015651761321 5511.018020912013 -5042.495631575493 -43.74141079881929 7469.939432973573 1.4538024540870953e-08 392.94264141222567 10.31000864375924 0.6713506658441504 -0.49856742415331584 0.5464836383070638 -0.04554602185062754 132.20893328037036 -11.984706708319846 1.4480961295915493 0.0038379330102081646 0.016984288279986277 0.013633826936646276 -11.651743589160466 -0.04335446528458036 11.65182313179151
989.0 -5409.2584176206465 -3204.9980819265097 1639.3888421029767 -149.3531608032784 14.706374905537926 120.89823703414132 5509.712317343152 -5043.926560802942 -43.796667589437675 7469.94264494368 1.4630589898065334e-08 392.0477465285575 10.245602619517584 0.6645432229640322 -0.4979042100555702 0.5547984441531107 -0.05169515244975107 132.2663504377115 -10.498719348694085 1.442897666244238 0.0038276877078953966 2.772668689216431 0.002090167102278097 -10.16475080627272 -0.048098266906628065 10.164863406604384
990.0 -5407.504742651594 -3210.363110262826 1634.495872607976 -149.30296321215732 14.66163586988375 120.84628242040426 5508.410025716782 -5045.351813750803 -43.85204933687896 7469.945042513145 1.4724117710445329e-08 391.15050594600604 10.181353098659132 0.6452545049812541 -0.4958481902312273 0.5771169776501675 -0.06868180365824444 132.3743982471877 -6.526002517804874 1.4323453144616014 0.0037891096238035194 4.877977720262825 -0.009217208284151304 -6.190543507636199 -0.04116001741285393 6.190679806730051
991.0 -5405.744027995785 -3215.723696393655 1629.6005599028992 -149.25278726000693 14.616883688708155 120.79429263932002 5507.111184293222 -5046.771430694675 -43.90750269257296 7469.946675755869 1.4818616488250348e-08 390.25104336534207 10.117263310588784 0.6171505269739986 -0.4920784279596339 0.6070238349062423 -0.09222858368320605 132.5093435766184 -1.0219176116945796 1.427932481415408 0.003713150576901074 5.76829542502753 -0.01735442520196481 -0.6847531147301105 -0.02396117433350322 0.6851721963658525
992.0 -5403.976275618267 -3221.0798328713317 1624.7029116587837 -149.2026328794532 14.57211841219828 120.74226762288832 5505.815961882896 -5048.185568083638 -43.96311558183152 7469.947770330396 1.4914094829434525e-08 389.3494824634644 10.053336459288928 0.5867129085194219 -0.48705956997492733 0.6364051400964177 -0.11631610349121216 132.6427554985281 4.651302232200367 1.435465496023407 0.0036086390295171794 5.205797569784012 -0.020262515149916026 4.990086268976055 -0.0007428688118901355 4.990086324131231
993.0 -5402.2014872887285 -3226.4315128220433 1619.8029350189418 -149.15249999774136 14.527340085674426 120.69020727777482 5504.524872820079 -5049.594704492522 -44.01882593364053 7469.94902339838 1.5010561412119596e-08 388.44594698831276 9.989575730815128 0.5620989183430004 -0.4823759204618718 0.6581573325008113 -0.13485993857186537 132.7463983325117 9.072204353954472 1.4500799142277068 0.0035097197677808178 3.3138138933297197 -0.017147989228874883 9.412237905807048 0.022550324387205483 9.412264675947448
994.0 -5400.41966482927 -3231.7787294193363 1614.9006371309085 -149.1023885420172 14.482548754279605 120.6381115670763 5503.237809239409 -5050.99874540217 -44.07464440622721 7469.9502866736675 1.5108024843303603e-08 387.54056218048873 9.925984393515634 0.5506036154214168 -0.48002522718016494 0.6677426138848358 -0.14328726934987202 132.79661802258292 11.12440219960325 1.4604124179114644 0.0034594463024494055 0.5769902294787165 -0.008787116037130347 11.465091641751487 0.04008695511498597 11.465160784387868
995.0 -5398.63081001203 -3237.1214758629444 1609.9960250919219 -149.05229843901535 14.437744462731537 120.58598040126311 5501.95467355859 -5052.397605646923 -44.13058685121132 7469.9514258217105 1.5206493860917054e-08 386.63345288335836 9.86256566448591 0.5557663281714229 -0.48112211279496825 0.6634428472796652 -0.13960261259737003 132.78284886871046 10.30361056785329 1.4592440210242874 0.0034817847761023616 -2.3226792351919703 0.0027513659108424 10.644284134384645 0.04767103324731962 10.644389651659623
996.0 -5396.834924821121 -3242.4597449399607 1605.0891064294647 -149.00222961970928 14.392927259452204 120.53381375656556 5500.6749472569745 -5053.790815580878 -44.18657638737227 7469.951735892474 1.530597711187077e-08 385.72474560345194 9.79932285399442 0.5762758178956283 -0.4851859761673656 0.645763583023983 -0.12445941137283684 132.71216700455255 6.784776116807432 1.450589185368513 0.003567006497679818 -4.698977924518624 0.014775566956242697 7.124870911695695 0.043251028994542515 7.1250015093042265
997.0 -5395.032011275755 -3247.793529320439 1600.1798887772 -148.95218201617138 14.348097193788528 120.48161159195449 5499.398731901209 -5055.178470573404 -44.24268657985158 7469.951351722533 1.540648330679116e-08 384.81456707042423 9.736259264030974 0.6061775651844274 -0.4903949018305032 0.6178964713306876 -0.10131905271376766 132.60713072647354 1.4360647371790816 1.4458397880815217 0.003676611216974795 -5.8978280170116895 0.024045215353562577 1.775283660558771 0.027626991251167528 1.7754985445855327
998.0 -5393.222071438182 -3253.122821596538 1595.2683798531546 -148.90215556130272 14.303254315766278 120.42937386898161 5498.125988127636 -5056.560540784433 -44.29883641456081 7469.950218766544 1.550802118294869e-08 383.903044583774 9.673378212555345 0.6370773816635477 -0.49477902225335013 0.5861391592443432 -0.07594086456626445 132.49747620684434 -4.370298361567441 1.4525962305570388 0.0037683067625585774 -5.59077666642732 0.028105096076636974 -4.031928318804558 0.004771891515555267 4.031931137969339
999.0 -5391.405107252162 -3258.4476148832337 1590.3545869355353 -148.85215018339596 14.25839867120866 120.37710058915894 5496.8574309624955 -5057.937686489104 -44.355070466179086 7469.949305651974 1.5610599430421335e-08 382.9903066677492 9.610683078234034 0.6612062871208765 -0.4973742673994351 0.5589350163943271 -0.05492477991738841 132.41375601731465 -9.125789133485014 1.4674518040993696 0.0038218790369654054 -3.8391750837288066 0.025840295227245003 -8.787925256767382 -0.019200888681199783 8.78794606817241
1000.0 -5389.58112056391 -3263.7679024164263 1585.4385171544643 -148.80216580937096 14.21353030465564 120.32479168511904 5495.592869178328 -5059.309736295659 -44.41141184468415 7469.948350895191 1.571422690508357e-08 382.0764811729323 9.548177169777917 0.6733744725619396 -0.4983322809296588 0.5443422572011016 -0.04385503973984103 132.38272553685817 -11.581844243465998 1.4787438420663435 0.0038422565372756663 -1.0998998356240723 0.01782835196101917 -11.243883307813293 -0.037998314549019425 11.243946688275155
