# Restart data (ECEF, cartesian system)
# Iteration, Elapsed time
# 2772 2772.0
-3772365.4475379265 3000674.967768374 4388053.261258401 -4637.7340429502665 -5830.430768550484 0.0
-3777000.9049738534 2994842.731440795 4388050.100104099 -4633.179811546648 -5834.040605878079 -6.322307170608889
-3781631.8051271783 2989006.8891187673 4388040.616648416 -4628.61947862046 -5837.642756755121 -12.644601272222747
-3786258.141899002 2983167.4484908204 4388024.8109088885 -4624.053049418012 -5841.237217026397 -18.96687337152971
-3790879.9091956737 2977324.4172496325 4388002.682911985 -4619.480529193178 -5844.823982546232 -25.289114535242188
-3795497.1009288006 2971477.803092024 4387974.232693108 -4614.901923207389 -5848.403049178493 -31.611315830107753
-3800109.7110152575 2965627.613718947 4387939.460296593 -4610.317236729627 -5851.9744127965905 -37.93346832292004
-3804717.7333771884 2959773.8568354747 4387898.365775707 -4605.726475036426 -5855.538069283484 -44.255563080529626
-3809321.16194202 2953916.540150793 4387850.949192654 -4601.129643411858 -5859.094014531684 -50.577591169854934
-3813919.9906424657 2948055.67137819 4387797.210618568 -4596.526747147538 -5862.642244443254 -56.89954365789312
-3818514.213416535 2942191.258235048 4387737.150133517 -4591.917791542613 -5866.182754929819 -63.221411611730986
-3823103.8242075397 2936323.308442832 4387670.7678265 -4587.302781903757 -5869.715541912563 -69.54318609855584
-3827688.8169641024 2930451.829727081 4387598.063795452 -4582.68172354517 -5873.240601322237 -75.86485818566636
-3832269.1856401633 2924576.8298173994 4387519.038147239 -4578.05462178857 -5876.7579290991625 -82.1864189404836
-3836844.9241949893 2918698.3164474447 4387433.690997659 -4573.421481963191 -5880.267521193231 -88.50785943056172
-3841416.0265931785 2912816.2973549212 4387342.022471444 -4568.782309405775 -5883.769373563909 -94.829170723599
-3845982.4868046707 2906930.7802815684 4387244.032702254 -4564.137109460569 -5887.263482180242 -101.15034388744864
-3850544.298804754 2901041.772973153 4387139.721832688 -4559.485887479321 -5890.749843020861 -107.47136999012974
-3855101.45657407 2895149.2831794564 4387029.0900142705 -4554.8286488212725 -5894.228452073981 -113.79224009983808
-3859653.954098626 2889253.3186542685 4386912.137407462 -4550.165398853156 -5897.699305337407 -120.11294528495708
-3864201.7853697976 2883353.8871553764 4386788.864181652 -4545.496142949189 -5901.162398818534 -126.43347661406865
-3868744.9443843393 2877450.996444554 4386659.2705151625 -4540.820886491069 -5904.617728534356 -132.7538251559641
-3873283.425144391 2871544.6542875543 4386523.356595247 -4536.139634867972 -5908.065290511466 -139.073981979655
-3877817.2216574857 2865634.868454099 4386381.122618087 -4531.452393476539 -5911.505080786058 -145.39393815438407
-3882346.3279365557 2859721.6467178687 4386232.5687887985 -4526.759167720884 -5914.937095403934 -151.71368474963606
-3886870.7379999426 2853804.9968564925 4386077.695321426 -4522.059963012576 -5918.3613304205055 -158.0332128351486
-3891390.4458714025 2847884.92665154 4385916.502438942 -4517.354784770645 -5921.777781900797 -164.35251348092316
-3895905.445580114 2841961.443888512 4385748.990373253 -4512.643638421568 -5925.186445919449 -170.6715777572359
-3900415.731160687 2836034.5563568277 4385575.159365194 -4507.926529399269 -5928.587318560722 -176.99039673464844
-3904921.296653168 2830104.271849819 4385395.009664526 -4503.203463145117 -5931.9803959184965 -183.30896148401894
-3909422.136103049 2824170.598164718 4385208.541529945 -4498.474445107914 -5935.3656740962815 -189.62726307651275
-3913918.2435612744 2818233.5431026495 4385015.75522907 -4493.739480743895 -5938.743149207216 -195.94529258361348
-3918409.6130842487 2812293.1144686188 4384816.65103845 -4488.998575516721 -5942.112817374072 -202.26304107713375
-3922896.238733844 2806349.3200715054 4384611.229243563 -4484.251734897475 -5945.474674729255 -208.58049962922615
-3927378.114577406 2800402.16772405 4384399.490138814 -4479.498964364656 -5948.82871741481 -214.89765931239404
-3931855.234687764 2794451.665242848 4384181.434027536 -4474.740269404177 -5952.174941582428 -221.21451119950245
-3936327.593143236 2788497.820448338 4383957.061221988 -4469.9756555093545 -5955.5133433934425 -227.53104636378902
-3940795.184027638 2782540.641164791 4383726.372043356 -4465.20512818091 -5958.843919018837 -233.8472558788747
-3945258.0014302884 2776580.1352203027 4383489.366821755 -4460.42869292696 -5962.16666463925 -240.16313081877485
-3949716.0394460214 2770616.3104467844 4383246.04589622 -4455.646355263014 -5965.4815764449695 -246.4786622579099
-3954169.292175186 2764649.1746799513 4382996.409614715 -4450.858120711968 -5968.788650635946 -252.79384127111626
-3958617.7537236596 2758678.735759314 4382740.458334127 -4446.063994804102 -5972.087883421794 -259.1086589336574
-3963061.418202854 2752705.0015281695 4382478.192420272 -4441.263983077069 -5975.379271021786 -265.42310632123434
-3967500.2797297225 2746727.97983359 4382209.612247885 -4436.458091075897 -5978.662809664871 -271.73717450999686
-3971934.3324267655 2740747.678526413 4381934.718200626 -4431.64632435298 -5981.938495589664 -278.05085457655423
-3976363.570422041 2734764.105461234 4381653.51067108 -4426.828688468074 -5985.206325044458 -284.3641375979861
-3980787.98784917 2728777.268496395 4381365.990060752 -4422.0051889882925 -5988.46629428722 -290.6770146518531
-3985207.5788473436 2722787.175493975 4381072.1567800725 -4417.175831488102 -5991.718399585602 -296.9894768162082
-3989622.3375613326 2716793.83431978 4380772.01124839 -4412.340621549312 -5994.962637216938 -303.30151516960717
-3994032.258141492 2710797.2528433353 4380465.553893977 -4407.499564761078 -5998.199003468247 -309.6131207911195
-3998437.3347437703 2704797.438937872 4380152.785154025 -4402.65266671989 -6001.427494636242 -315.9242847603396
-4002837.561529715 2698794.4004803225 4379833.705474647 -4397.79993302957 -6004.6481070273285 -322.2349981573971
-4007232.932666483 2692788.145351305 4379508.315310874 -4392.941369301268 -6007.860836957608 -328.545252062968
-4011623.442326844 2686778.6814351194 4379176.615126657 -4388.076981153456 -6011.065680752879 -334.85503755828574
-4016009.084689192 2680766.016619733 4378838.605394866 -4383.206774211918 -6014.262634748647 -341.16434572515163
-4020389.8539375477 2674750.1587967738 4378494.286597288 -4378.330754109755 -6017.451695290121 -347.4731676459459
-4024765.7442615707 2668731.1158615197 4378143.659224628 -4373.44892648737 -6020.632858732218 -353.78149440363865
-4029136.749856564 2662708.8957128883 4377786.723776507 -4368.5612969924705 -6023.8061214395675 -360.0893170818005
-4033502.8649234828 2656683.506253428 4377423.480761463 -4363.6678712800585 -6026.971479786516 -366.3966267646137
-4037864.083668939 2650654.955389308 4377053.930696948 -4358.768655012427 -6030.128930157123 -372.7034145368825
-4042220.400305212 2644623.251030308 4376678.074109332 -4353.863653859156 -6033.278468945174 -379.0096714840446
-4046571.8090502545 2638588.4010898108 4376295.911533894 -4348.9528734971045 -6036.420092554174 -385.31538869218144
-4050918.304127698 2632550.4134847885 4375907.443514831 -4344.036319610408 -6039.553797397358 -391.6205572480295
-4055259.879766864 2626509.2961357976 4375512.6706052525 -4339.113997890473 -6042.67957989769 -397.9251682389908
-4059596.5302027673 2620465.0569669637 4375111.593367179 -4334.18591403597 -6045.797436487864 -404.229212753144
-4063928.249676126 2614417.703905978 4374704.212371542 -4329.252073752831 -6048.907363610314 -410.53268187925505
-4068255.032433367 2608367.2448840817 4374290.528198185 -4324.312482754242 -6052.009357717209 -416.835566706788
-4072576.8727266355 2602313.6878360608 4373870.541435865 -4319.367146760639 -6055.103415270463 -423.13785832591606
-4076893.764813799 2596257.0407002345 4373444.252682242 -4314.416071499702 -6058.18953274173 -429.4395478275322
-4081205.7029584567 2590197.311418445 4373011.662543885 -4309.459262706353 -6061.267706612415 -435.7406263032601
-4085512.6814299477 2584134.5079360465 4372572.771636278 -4304.496726122744 -6064.337933373672 -442.041084845465
-4089814.6945033553 2578068.6382019 4372127.580583807 -4299.5284674982595 -6067.4002095264095 -448.34091454726433
-4094111.736459516 2571999.71016836 4371676.090019765 -4294.554492589507 -6070.454531581289 -454.64010650253897
-4098403.801585027 2565927.731791264 4371218.300586352 -4289.574807160311 -6073.500896058735 -460.93865180594355
-4102690.884172253 2559852.7110299254 4370754.212934673 -4284.58941698171 -6076.539299488929 -467.2365415529175
-4106972.978519333 2553774.6558471224 4370283.827724733 -4279.598327831951 -6079.56973841182 -473.533766839696
-4111250.0789301884 2547693.5742090875 4369807.145625447 -4274.601545496484 -6082.592209377125 -479.83031876332063
-4115522.1797145284 2541609.4740855 4369324.167314628 -4269.599075767955 -6085.606708944328 -486.1261884216503
-4119789.27518786 2535522.363449475 4368834.893478992 -4264.590924446204 -6088.613233682689 -492.4213669133718
-4124051.359671492 2529432.250277551 4368339.324814158 -4259.577097338258 -6091.6117801712435 -498.7158453380111
-4128308.427492546 2523339.142549685 4367837.462024639 -4254.557600258325 -6094.602344998804 -505.00961479594366
-4132560.4729839587 2517243.0482492405 4367329.305823855 -4249.532439027787 -6097.584924763965 -511.3026663884055
-4136807.490484494 2511143.9753629756 4366814.856934118 -4244.501619475203 -6100.559516075105 -517.5949912175041
-4141049.4743387466 2505041.9318810357 4366294.11608664 -4239.465147436293 -6103.52611555039 -523.8865803862287
-4145286.4188971515 2498936.925796944 4365767.08402153 -4234.423028753938 -6106.484719817775 -530.1774249984619
-4149518.31851599 2492828.9651075904 4365233.761487793 -4229.375269278176 -6109.435325515006 -536.4675161589896
-4153745.167557396 2486718.057813222 4364694.149243328 -4224.321874866194 -6112.377929289626 -542.7568449735126
-4157966.9603893645 2480604.211917433 4364148.248054926 -4219.262851382322 -6115.312527798975 -549.0454025486567
-4162183.6913857595 2474487.4354271567 4363596.058698274 -4214.19820469803 -6118.239117710192 -555.3331799919841
-4166395.35492632 2468367.736352654 4363037.58195795 -4209.127940691925 -6121.15769570022 -561.620168412004
-4170601.945396665 2462245.1227075025 4362472.818627423 -4204.052065249736 -6124.068258455807 -567.9063589181826
-4174803.4571883045 2456119.6025085896 4361901.76950905 -4198.970584264321 -6126.970802673512 -574.1917426209552
-4178999.8846986457 2449991.1837761 4361324.435414079 -4193.88350363565 -6129.865325059699 -580.4763106317364
-4183191.222330997 2443859.874533509 4360740.817162646 -4188.790829270812 -6132.751822330551 -586.7600540629303
-4187377.4644945795 2437725.682807569 4360150.915583775 -4183.692567083999 -6135.630291212065 -593.0429640279422
-4191558.605604531 2431588.616628303 4359554.731515375 -4178.588722996503 -6138.500728440055 -599.325031641189
-4195734.640081914 2425448.684028992 4358952.265804239 -4173.479302936714 -6141.36313076016 -605.6062480181099
-4199905.562353725 2419305.893046167 4358343.519306045 -4168.364312840113 -6144.217494927839 -611.8866042751771
-4204071.366852896 2413160.2517195996 4357728.492885355 -4163.243758649264 -6147.063817708378 -618.1660915299069
-4208232.048018309 2407011.7680922886 4357107.187415612 -4158.117646313813 -6149.902095876895 -624.4447009008703
-4212387.600294796 2400860.450210456 4356479.603779141 -4152.985981790479 -6152.732326218335 -630.7224235077035
-4216538.018133149 2394706.3061235305 4355845.742867146 -4147.84877104305 -6155.55450552748 -636.999250471119
-4220683.29599013 2388549.343884144 4355205.605579707 -4142.7060200423775 -6158.368630608944 -643.2751729129162
-4224823.428328474 2382389.571548118 4354559.192825786 -4137.557734766372 -6161.1746982771865 -649.5501819559925
-4228958.409616899 2376226.997174453 4353906.50552322 -4132.403921199993 -6163.972705356503 -655.8242687243531
-4233088.234330107 2370061.628825323 4353247.54459872 -4127.24458533525 -6166.762648681032 -662.0974243431232
-4237212.896948802 2363893.474566061 4352582.310987874 -4122.079733171192 -6169.544525094764 -668.3696399385575
-4241332.391959686 2357722.5424651527 4351910.805635141 -4116.9093707139045 -6172.318331451532 -674.6409066380514
-4245446.71385547 2351548.840594223 4351233.029493854 -4111.733503976505 -6175.084064615022 -680.9112155701515
-4249555.857134884 2345372.3770280294 4350548.983526215 -4106.552138979133 -6177.841721458774 -687.180557864567
-4253659.816302682 2339193.1598444507 4349858.668703294 -4101.3652817489465 -6180.591298866183 -693.4489246521798
-4257758.5858696485 2333011.1971244775 4349162.086005035 -4096.172938320124 -6183.332793730501 -699.7163070650553
-4261852.1603526035 2326826.496952203 4348459.236420245 -4090.9751147338425 -6186.066202954844 -705.9826962364535
-4265940.534274412 2320639.067414811 4347750.120946597 -4085.771817038288 -6188.791523452187 -712.2480833008392
-4270023.702163994 2314448.916602568 4347034.740590632 -4080.563051288642 -6191.50875214537 -718.5124593938933
-4274101.658556325 2308256.0526088118 4346313.096367753 -4075.3488235470772 -6194.217885967103 -724.7758156525227
-4278174.397992448 2302060.483529944 4345585.189302225 -4070.129139882752 -6196.918921859963 -731.0381432148721
-4282241.915019476 2295862.217465418 4344851.020427175 -4064.904006371805 -6199.611856776402 -737.2994332203335
-4286304.204190603 2289661.2625177293 4344110.59078459 -4059.673429097349 -6202.296687678743 -743.5596768095579
-4290361.260065112 2283457.6267924076 4343363.901425314 -4054.437414149467 -6204.973411539186 -749.8188651244657
-4294413.0772083765 2277251.318398004 4342610.9534090515 -4049.195967625204 -6207.642025339809 -756.076989308257
-4298459.650191871 2271042.3454460837 4341851.74780436 -4043.949095628564 -6210.302526072575 -762.3340405054228
-4302500.973593179 2264830.716051215 4341086.2856886545 -4038.6968042705025 -6212.954910739325 -768.5900098617556
-4306537.041995998 2258616.438330957 4340314.568148201 -4033.4390996689212 -6215.599176351787 -774.8448885243597
-4310567.849990143 2252399.5204058555 4339536.596278121 -4028.175987948663 -6218.235319931576 -781.0986676416624
-4314593.3921715645 2246179.9703994277 4338752.371182383 -4022.907475241506 -6220.8633385101975 -787.3513383634244
-4318613.663142343 2239957.796438155 4337961.893973809 -4017.6335676861563 -6223.483229129049 -793.6028918407503
-4322628.6575107025 2233733.006651473 4337165.165774066 -4012.3542714282457 -6226.09498883942 -799.8533192260999
-4326638.369891016 2227505.60917176 4336362.187713671 -4007.0695926203225 -6228.698614702496 -806.102611673298
-4330642.794903813 2221275.612134327 4335552.960931981 -4001.779537421848 -6231.294103789362 -812.3507603375459
-4334641.927175785 2215043.023677413 4334737.4865772035 -3996.484111999191 -6233.881453181001 -818.5977563754313
-4338635.761339795 2208807.851942167 4333915.765806386 -3991.18332252562 -6236.4606599683 -824.8435909449397
-4342624.29203488 2202570.1050726445 4333087.7997854175 -3985.8771751812988 -6239.031721252049 -831.0882552054642
-4346607.513906264 2196329.791215794 4332253.589689026 -3980.5656761532805 -6241.594634142943 -837.3317403178171
-4350585.421605357 2190086.9185214494 4331413.136700778 -3975.248831635503 -6244.149395761587 -843.5740374442398
-4354558.009789771 2183841.495142319 4330566.442013078 -3969.92664782878 -6246.696003238497 -849.8151377484136
-4358525.27312332 2177593.5292339735 4329713.506827167 -3964.5991309408 -6249.234453714098 -856.0550323954704
-4362487.20627603 2171343.0289548407 4328854.332353118 -3959.2662871861153 -6251.764744338733 -862.2937125520037
-4366443.803924143 2165090.0024661925 4327988.919809838 -3953.928122786141 -6254.286872272657 -868.5311693860785
-4370395.06075013 2158834.4579321356 4327117.270425064 -3948.5846439691463 -6256.800834686044 -874.7673940672425
-4374340.971442687 2152576.403519601 4326239.385435364 -3943.235856970248 -6259.30662875899 -881.0023777665364
-4378281.530696756 2146315.847398335 4325355.266086134 -3937.8817680314073 -6261.80425168151 -887.2361116565044
-4382216.73321352 2140052.797740889 4324464.913631597 -3932.522383401424 -6264.293700653545 -893.4685869112051
-4386146.573700413 2133787.2627226086 4323568.329334799 -3927.157709335927 -6266.774972884959 -899.6997947062223
-4390071.046871132 2127519.2505216263 4322665.514467612 -3921.7877520973725 -6269.248065595546 -905.9297262186748
-4393990.147445639 2121248.769318848 4321756.47031073 -3916.412517955036 -6271.712976015027 -912.1583726272278
-4397903.870150167 2114975.827297946 4320841.198153665 -3911.032013185008 -6274.169701383056 -918.3857251121032
-4401812.209717227 2108700.432645349 4319919.699294752 -3905.6462440701853 -6276.618238949218 -924.6117748550896
-4405715.160885621 2102422.593550229 4318991.975041142 -3900.2552169002684 -6279.058585973033 -930.836513039554
-4409612.71840044 2096142.318204494 4318058.0267087985 -3894.8589379717537 -6281.490739723956 -937.0599308504515
-4413504.877013078 2089859.614802779 4317117.855622504 -3889.4574135879284 -6283.914697481383 -943.282019474336
-4417391.631481234 2083574.491542433 4316171.46311585 -3884.050650058864 -6286.330456534649 -949.5027700993712
-4421272.97656892 2077286.9566235116 4315218.850531241 -3878.6386537014105 -6288.738014183028 -955.7221739153405
-4425148.907046468 2070997.018248766 4314260.019219892 -3873.2214308391913 -6291.1373677357415 -961.9402221136579
-4429019.417690539 2064704.6846236328 4313294.970541823 -3867.7989878025974 -6293.5285145119515 -968.1569058873788
-4432884.503284127 2058409.963956225 4312323.70586586 -3862.3713309287787 -6295.911451840768 -974.3722164312098
-4436744.158616566 2052112.8644573211 4311346.226569637 -3856.938466561642 -6298.286177061251 -980.58614494152
-4440598.378483537 2045813.394340356 4310362.534039588 -3851.500401051843 -6300.652687522407 -986.7986826163511
-4444447.1576870745 2039511.5618214107 4309372.629670949 -3846.0571407567786 -6303.010980583198 -993.009820655428
-4448290.491035577 2033207.375119201 4308376.514867755 -3840.608692040585 -6305.361053612537 -999.2195502601693
-4452128.373343807 2026900.8424550705 4307374.19104284 -3835.1550612741294 -6307.70290398929 -1005.4278626336977
-4455960.799432902 2020591.9720529777 4306365.65961783 -3829.696254835003 -6310.036529102281 -1011.6347489808506
-4459787.764130381 2014280.7721394878 4305350.922023151 -3824.232279107517 -6312.3619263502915 -1017.840200508191
-4463609.262270152 2007967.2509437627 4304329.979698018 -3818.7631404826957 -6314.679093142061 -1024.044208424017
-4467425.288692513 2001651.41669755 4303302.834090437 -3813.2888453582714 -6316.9880268962925 -1030.246763938373
-4471235.838244168 1995333.2776351736 4302269.486657204 -3807.8094001386767 -6319.288725041647 -1036.4478582630607
-4475040.905778227 1989012.8419935238 4301229.938863903 -3802.3248112350393 -6321.581185016755 -1042.6474826116478
-4478840.486154215 1982690.1180120474 4300184.192184903 -3796.8350850651764 -6323.8654042702055 -1048.8456281994804
-4482634.574238078 1976365.1139327378 4299132.248103353 -3791.340228053589 -6326.141380260558 -1055.0422862436922
-4486423.164902186 1970037.8380001246 4298074.10811119 -3785.8402466314533 -6328.40911045634 -1061.2374479632156
-4490206.253025349 1963708.2984612642 4297009.773709127 -3780.3351472366185 -6330.668592336047 -1067.4311045787915
-4493983.8334928155 1957376.5035657291 4295939.246406659 -3774.824936313598 -6332.919823388146 -1073.6232473129808
-4497755.901196283 1951042.4615655981 4294862.527722054 -3769.3096203135633 -6335.162801111077 -1079.8138673901733
-4501522.451033902 1944706.1807154473 4293779.619182357 -3763.78920569434 -6337.397523013251 -1086.0029560366
-4505283.477910287 1938367.6692723392 4292690.522323383 -3758.263698920401 -6339.623986613057 -1092.1905044803416
-4509038.976736516 1932026.9354958127 4291595.23868972 -3752.7331064628725 -6341.84218943888 -1098.3765039513444
-4512788.942430144 1925683.9876478736 4290493.769834726 -3747.1974347995397 -6344.052129029125 -1104.5609456814336
-4516533.369915208 1919338.833992984 4289386.117320525 -3741.6566904148444 -6346.253802932225 -1110.7438209043246
-4520272.254122229 1912991.4827980525 4288272.282718007 -3736.1108797998813 -6348.44720870664 -1116.9251208556348
-4524005.589988229 1906641.9423324245 4287152.267606825 -3730.5600094523897 -6350.632343920864 -1123.1048367728938
-4527733.372456724 1900290.2208678718 4286026.073575393 -3725.0040858767507 -6352.8092061534235 -1129.282959895555
-4531455.596477741 1893936.3266785822 4284893.702220886 -3719.4431155839798 -6354.977792992884 -1135.4594814650052
-4535172.257007824 1887580.268041151 4283755.1551492335 -3713.877105091722 -6357.138102037854 -1141.6343927245762
-4538883.3490100335 1881222.053234569 4282610.433975125 -3708.306060924249 -6359.290130896982 -1147.8076849195554
-4542588.867453958 1874861.6905402134 4281459.540322 -3702.729989612449 -6361.433877188965 -1153.9793492971976
-4546288.807315723 1868499.1882418378 4280302.475822052 -3697.148897693826 -6363.569338542549 -1160.1493771067348
-4549983.163577992 1862134.5546255622 4279139.242116225 -3691.5627917124916 -6365.696512596533 -1166.317759599388
-4553671.931229978 1855767.7979798622 4277969.840854207 -3685.9716782191617 -6367.815396999772 -1172.4844880283765
-4557355.105267446 1849398.92659556 4276794.273694437 -3680.3755637711492 -6369.925989411177 -1178.6495536489313
-4561032.680692723 1843027.9487658143 4275612.542304092 -3674.7744549323593 -6372.028287499723 -1184.8129477183038
-4564704.652514704 1836654.872786109 4274424.648359097 -3669.1683582732844 -6374.122288944447 -1190.9746614957774
-4568371.015748855 1830279.7069542443 4273230.593544111 -3663.557280370999 -6376.207991434455 -1197.1346862426794
-4572031.765417225 1823902.4595703257 4272030.379552534 -3657.941227809154 -6378.285392668921 -1203.2930132223903
-4575686.896548448 1817523.1389367552 4270824.008086501 -3652.32020717797 -6380.354490357096 -1209.449633700356
-4579336.404177755 1811141.7533582204 4269611.480856879 -3646.6942250742354 -6382.415282218303 -1215.6045389440976
-4582980.283346973 1804758.3111416847 4268392.799583267 -3641.0632881012966 -6384.467765981946 -1221.757720223224
-4586618.529104537 1798372.8205963762 4267167.965993996 -3635.4274028690566 -6386.511939387512 -1227.9091688094409
-4590251.136505497 1791985.2900337793 4265936.981826121 -3629.786575993967 -6388.547800184572 -1234.058875976563
-4593878.100611518 1785595.7277676235 4264699.848825424 -3624.1408140990234 -6390.575346132785 -1240.2068330005254
-4597499.416490898 1779204.1421138737 4263456.568746408 -3618.49012381376 -6392.594575001901 -1246.3530311593925
-4601115.079218561 1772810.5413907198 4262207.143352299 -3612.8345117742447 -6394.605484571765 -1252.4974617333712
-4604725.083876074 1766414.933918567 4260951.574415042 -3607.1739846230735 -6396.60807263232 -1258.6401160048208
-4608329.425551652 1760017.3280200253 4259689.863715296 -3601.508549009364 -6398.602336983606 -1264.7809852582639
-4611928.099340158 1753617.7320198999 4258422.013042435 -3595.8382115887507 -6400.588275435768 -1270.9200607803978
-4615521.100343114 1747216.1542451803 4257148.024194548 -3590.162979023381 -6402.565885809059 -1277.0573338601052
-4619108.423668711 1740812.6030250315 4255867.898978432 -3584.482857981908 -6404.53516593384 -1283.1927957884657
-4622690.064431811 1734407.0866907823 4254581.63920959 -3578.797855139485 -6406.4961136505835 -1289.326437858766
-4626266.017753951 1727999.6135759163 4253289.246712234 -3573.1079771777613 -6408.448726809879 -1295.4582513665114
-4629836.278763356 1721590.1920160616 4251990.723319278 -3567.4132307848754 -6410.393003272433 -1301.5882276094374
-4633400.84259494 1715178.8303489804 4250686.070872337 -3561.713622655451 -6412.328940909074 -1307.716357887519
-4636959.704390321 1708765.5369145588 4249375.291221724 -3556.009159490592 -6414.256537600756 -1313.8426335029833
-4640512.859297812 1702350.3200547972 4248058.38622645 -3550.2998479978737 -6416.17579123856 -1319.96704576032
-4644060.302472444 1695933.1881137998 4246735.357754221 -3544.5856948913406 -6418.086699723699 -1326.0895859662928
-4647602.029075963 1689514.1494377642 4245406.207681432 -3538.8667068915 -6419.989260967517 -1332.2102454299502
-4651138.034276838 1683093.212374972 4244070.937893173 -3533.1428907253166 -6421.883472891498 -1338.3290154626359
-4654668.31325027 1676670.3852757777 4242729.550283214 -3527.414253126207 -6423.769333427267 -1344.445887378001
-4658192.861178193 1670245.6764925998 4241382.0467540175 -3521.680800834034 -6425.646840516588 -1350.5608524920144
-4661711.673249288 1663819.0943799093 4240028.429216725 -3515.942540595101 -6427.515992111375 -1356.6739021229737
-4665224.744658985 1657390.6472942212 4238668.69959116 -3510.1994791621473 -6429.37678617369 -1362.7850275915168
-4668732.070609468 1650960.3435940824 4237302.859805821 -3504.4516232943424 -6431.229220675747 -1368.8942202206329
-4672233.646309685 1644528.1916400627 4235930.911797889 -3498.6989797572796 -6433.0732935999185 -1375.0014713356736
-4675729.466975351 1638094.1997947448 4234552.857513213 -3492.9415553229724 -6434.909002938735 -1381.1067722643638
-4679219.527828958 1631658.3764227133 4233168.698906313 -3487.1793567698473 -6436.736346694886 -1387.210114336813
-4682703.824099779 1625220.7298905454 4231778.437940381 -3481.4123908827382 -6438.5553228812305 -1393.311488885526
-4686182.351023876 1618781.2685668003 4230382.076587272 -3475.6406644528824 -6440.3659295207935 -1399.4108872454144
-4689655.103844103 1612340.0008220088 4228979.6168275075 -3469.864184277914 -6442.168164646772 -1405.508300753808
-4693122.077810118 1605896.9350286636 4227571.060650269 -3464.082957161858 -6443.962026302538 -1411.6037207504655
-4696583.268178383 1599452.0795612093 4226156.4100533975 -3458.296989915126 -6445.747512541643 -1417.697138577586
-4700038.670212177 1593005.4427960317 4224735.66704339 -3452.50628935451 -6447.524621427817 -1423.7885455798196
-4703488.279181595 1586557.0331114472 4223308.833635397 -3446.710862303178 -6449.293351034976 -1429.8779331042788
-4706932.090363563 1580106.8588876938 4221875.911853224 -3440.910715590666 -6451.053699447224 -1435.9652925005505
-4710370.099041836 1573654.92850692 4220436.903729322 -3435.1058560528745 -6452.805664758854 -1442.0506151207057
-4713802.300507009 1567201.250353175 4218991.811304791 -3429.2962905320624 -6454.549245074353 -1448.1338923193118
-4717228.690056522 1560745.8328123987 4217540.636629372 -3423.482025876842 -6456.284438508409 -1454.215115453444
-4720649.262994669 1554288.6842724106 4216083.381761453 -3417.663068942172 -6458.011243185908 -1460.294275882695
-4724064.0146326 1547829.8131229011 4214620.048768056 -3411.8394265893535 -6459.729657241938 -1466.3713649691879
-4727472.940288331 1541369.2277554192 4213150.639724841 -3406.0111056860233 -6461.439678821797 -1472.4463740775857
-4730876.035286748 1534906.9365633647 4211675.156716105 -3400.178113106149 -6463.141306080993 -1478.5192945751053
-4734273.294959613 1528442.9479419761 4210193.601834772 -3394.340455730023 -6464.834537185245 -1484.5901178315255
-4737664.714645572 1521977.270288321 4208705.977182399 -3388.498140444259 -6466.51937031049 -1490.6588352192005
-4741050.289690163 1515509.9120012864 4207212.284869165 -3382.651174141782 -6468.195803642887 -1496.72543811307
-4744430.015445815 1509040.8814815679 4205712.527013878 -3376.7995637218264 -6469.863835378818 -1502.7899178906705
-4747803.887271867 1502570.1871316594 4204206.705743963 -3370.94331608993 -6471.523463724889 -1508.8522659321477
-4751171.900534562 1496097.837355843 4202694.823195464 -3365.0824381579255 -6473.174686897938 -1514.9124736202668
-4754534.050607056 1489623.840560179 4201176.881513045 -3359.2169368439395 -6474.817503125036 -1520.970532340424
-4757890.332869431 1483148.2051524962 4199652.882849977 -3353.3468190723834 -6476.451910643492 -1527.0264334806575
-4761240.742708693 1476670.93954238 4198122.829368146 -3347.472091773948 -6478.077907700848 -1533.080168431659
-4764585.275518783 1470192.0521411628 4196586.723238044 -3341.592761885574 -6479.695492554851 -1539.1317285867738
-4767923.926700582 1463711.5513619157 4195044.566638771 -3335.708836350421 -6481.30466347339 -1545.1811053419983
-4771256.691661917 1457229.4456194355 4193496.3617580277 -3329.820322117855 -6482.905418734497 -1551.2282900959908
-4774583.565817568 1450745.7433302368 4191942.110792113 -3323.927226143443 -6484.497756626348 -1557.2732742500798
-4777904.544589276 1444260.4529125402 4190381.815945926 -3318.029555388947 -6486.081675447259 -1563.3160492082748
-4781219.623405743 1437773.5827862634 4188815.4794329596 -3312.1273168223147 -6487.657173505694 -1569.3566063772773
-4784528.797702642 1431285.1413730104 4187243.1034752987 -3306.220517417677 -6489.22424912026 -1575.39493716649
-4787832.062922626 1424795.1370960614 4185664.690303616 -3300.3091641553387 -6490.782900619707 -1581.4310329880284
-4791129.4145153295 1418303.578380363 4184080.2421571733 -3294.3932640217718 -6492.333126342934 -1587.4648852567295
-4794420.847937377 1411810.4736525181 4182489.7612838144 -3288.4728240096097 -6493.8749246389825 -1593.496485390164
-4797706.358652389 1405315.831340775 4180893.2499399646 -3282.54785111764 -6495.408293867047 -1599.5258248086448
-4800985.942130986 1398819.6598750174 4179290.710390628 -3276.6183523508003 -6496.933232396466 -1605.5528949352379
-4804259.593850802 1392321.9676867556 4177682.1449093833 -3270.6843347201675 -6498.449738606728 -1611.5776871957733
-4807527.309296477 1385822.7632091143 4176067.5557783823 -3264.745805242954 -6499.9578108874675 -1617.6001930188543
-4810789.083959678 1379322.0548768241 4174446.945288348 -3258.8027709425 -6501.457447638473 -1623.6204038358683
-4814044.913339097 1372819.851126211 4172820.3157385685 -3252.855238848268 -6502.948647269681 -1629.6383110809968
-4817294.7929404555 1366316.1603951852 4171187.6694368976 -3246.9032159958347 -6504.431408201178 -1635.6539061912254
-4820538.718276516 1359810.9911232323 4169549.008699751 -3240.9467094268844 -6505.9057288632 -1641.6671806063553
-4823776.684867085 1353304.3517514025 4167904.335852103 -3234.9857261892034 -6507.37160769614 -1647.6781257690109
-4827008.688239022 1346796.2507223003 4166253.6532274825 -3229.020273336673 -6508.82904315054 -1653.6867331246533
-4830234.723926241 1340286.6964800744 4164596.9631679733 -3223.0503579292626 -6510.278033687093 -1659.6929941215876
-4833454.787469719 1333775.6974704086 4162934.2680242085 -3217.075987033023 -6511.718577776648 -1665.6969002109745
-4836668.8744175015 1327263.2621405104 4161265.570155369 -3211.097167720079 -6513.150673900205 -1671.6984428468404
-4839876.980324712 1320749.3989391006 4159590.8719291803 -3205.1139070686245 -6514.574320548921 -1677.6976134860872
-4843079.100753554 1314234.116316404 4157910.1757219094 -3199.1262121629143 -6515.989516224104 -1683.6944035885033
-4846275.231273317 1307717.42272414 4156223.483918362 -3193.1340900932573 -6517.396259437219 -1689.6888046167724
-4849465.367460384 1301199.32661551 4154530.798911879 -3187.1375479560115 -6518.794548709885 -1695.6808080364847
-4852649.50489824 1294679.8364451902 4152832.1231043353 -3181.136592853576 -6520.184382573878 -1701.6704053161466
-4855827.639177472 1288158.9606693187 4151127.458906136 -3175.1312318943833 -6521.565759571127 -1707.657587927191
-4858999.765895782 1281636.7077454869 4149416.808736212 -3169.121472192894 -6522.938678253719 -1713.6423473439866
-4862165.880657984 1275113.0861327292 4147700.17502202 -3163.1073208695902 -6524.303137183899 -1719.6246750438502
-4865325.979076021 1268588.1042915126 4145977.5601995364 -3157.0887850509675 -6525.659134934063 -1725.604562507054
-4868480.056768963 1262061.7706837272 4144248.9667132567 -3151.0658718695304 -6527.00667008677 -1731.5820012168374
-4871628.109363017 1255534.0937726747 4142514.397016192 -3145.038588463783 -6528.345741234733 -1737.5569826594167
-4874770.13249153 1249005.082023059 4140773.853569864 -3139.0069419782244 -6529.676346980824 -1743.529498323995
-4877906.121794998 1242474.7439009764 4139027.338844306 -3132.9709395633404 -6530.998485938069 -1749.4995397027733
-4881036.072921067 1235943.087873905 4137274.8553180555 -3126.9305883755965 -6532.3121567296575 -1755.4670982909583
-4884159.981524547 1229410.1224106946 4135516.405478155 -3120.885895577433 -6533.617357988935 -1761.4321655867745
-4887277.843267409 1222875.855981557 4133751.9918201463 -3114.836868337258 -6534.914088359402 -1767.3947330914734
-4890389.653818798 1216340.2970580545 4131981.6168480683 -3108.783513829437 -6536.20234649472 -1773.354792309344
-4893495.408855039 1209803.4541130918 4130205.2830744544 -3102.7258392342924 -6537.482131058709 -1779.312334747722
-4896595.104059634 1203265.3356209036 4128422.993020329 -3096.6638517380907 -6538.753440725347 -1785.2673519170003
-4899688.735123279 1196725.950057046 4126634.7492152057 -3090.5975585330393 -6540.016274178771 -1791.2198353306396
-4902776.2977438625 1190185.305898386 4124840.554197081 -3084.5269668172778 -6541.270630113278 -1797.169776505177
-4905857.787626476 1183643.4116230912 4123040.4105124352 -3078.452083794873 -6542.516507233321 -1803.1171669602372
-4908933.200483418 1177100.2757106195 4121234.320716226 -3072.3729166758108 -6543.753904253515 -1809.0619982185415
-4912002.5320342 1170555.9066417094 4119422.287371888 -3066.289472675989 -6544.982819898632 -1815.0042618059192
-4915065.778005551 1164010.3128983693 4117604.313051328 -3060.201759017212 -6546.203252903603 -1820.9439492513159
-4918122.934131425 1157463.5029638675 4115780.400334922 -3054.1097829271835 -6547.41520201352 -1826.881052086804
-4921173.996153006 1150915.4853227225 4113950.5518115126 -3048.013551639498 -6548.618665983629 -1832.815561847593
-4924218.959818717 1144366.268460692 4112114.7700784053 -3041.913072393636 -6549.813643579342 -1838.74747007204
-4927257.820884222 1137815.8608647634 4110273.057741367 -3035.8083524349563 -6551.0001335762245 -1844.6767683016576
-4930290.575112433 1131264.271023144 4108425.417414619 -3029.69939901469 -6552.178134760004 -1850.6034480811252
-4933317.218273517 1124711.5074252496 4106571.851720839 -3023.5862193899325 -6553.347645926564 -1856.5275009582995
-4936337.7461449 1118157.578561695 4104712.3632911528 -3017.468820823636 -6554.508665881947 -1862.448918484223
-4939352.154511274 1111602.4929242842 4102846.954765136 -3011.347210584609 -6555.661193442364 -1868.3676922131363
-4942360.439164603 1105046.259006 4100975.6287908065 -3005.221395947517 -6556.80522743421 -1874.2838137024953
-4945362.59590413 1098488.8853009935 4099098.388024624 -2999.091384192886 -6557.940766694093 -1880.197274512987
-4948358.620536378 1091930.380304574 4097215.235131486 -2992.957182607097 -6559.067810068828 -1886.1080662085387
-4951348.508875163 1085370.7525131989 4095326.1727847233 -2986.818798482378 -6560.186356415442 -1892.0161803563303
-4954332.256741596 1078810.0104244638 4093431.2036660993 -2980.676239116798 -6561.296404601172 -1897.9216085268033
-4957309.859964085 1072248.1625370916 4091530.3304658043 -2974.5295118142594 -6562.397953503468 -1903.8243422936705
-4960281.314378348 1065685.2173509228 4089623.555882454 -2968.3786238844928 -6563.491002009989 -1909.7243732339275
-4963246.615827416 1059121.1833669047 4087710.882623085 -2962.223582643049 -6564.575549018612 -1915.6216929278623
-4966205.760161636 1052556.0690870825 4085792.3134031524 -2956.0643954112943 -6565.651593437427 -1921.5162929590658
-4969158.743238683 1045989.8830145875 4083867.8509465256 -2949.9010695164015 -6566.719134184738 -1927.408164914442
-4972105.560923559 1039422.6336536278 4081937.4979854855 -2943.7336122913443 -6567.778170189064 -1933.297300384219
-4975046.209088601 1032854.3295094778 4080001.2572607207 -2937.562031074891 -6568.828700389141 -1939.1836909619572
-4977980.683613492 1026284.9790884684 4078059.131521326 -2931.386333211597 -6569.870723733921 -1945.0673282445623
-4980908.980385258 1019714.5908979757 4076111.123524796 -2925.2065260517998 -6570.904239182577 -1950.9482038322938
-4983831.095298282 1013143.1734464124 4074157.236037025 -2919.0226169516095 -6571.929245704497 -1956.8263093287753
-4986747.024254302 1006570.735243216 4072197.4718323 -2912.8346132729052 -6572.945742279289 -1962.7016363410053
-4989656.763162423 999997.28479884 4070231.8336933013 -2906.6425223833267 -6573.953727896784 -1968.574176479367
-4992560.307939122 993422.830624742 4068260.324411095 -2900.446351656267 -6574.9532015570285 -1974.443921357639
-4995457.654508251 986847.3812333752 4066282.946785134 -2894.246108470867 -6575.944162270292 -1980.3108625930054
-4998348.798801041 980270.9451381773 4064299.7036232497 -2888.04180021201 -6576.926609057067 -1986.1749918060657
-5001233.736756115 973693.53085356 4062310.597741654 -2881.83343427031 -6577.900540948068 -1992.0363006208452
-5004112.464319487 967115.1468948997 4060315.6319649317 -2875.6210180421117 -6578.865956984233 -1997.8947806648055
-5006984.977444571 960535.8017785264 4058314.809126038 -2869.404558929478 -6579.8228562167205 -2003.7504235688543
-5009851.272092187 953955.504021714 4056308.132066296 -2863.1840643401865 -6580.771237706917 -2009.6032209673563
-5012711.344230563 947374.2621426698 4054295.603635392 -2856.959541687723 -6581.711100526432 -2015.4531644981423
-5015565.189835347 940792.0846605244 4052277.226691375 -2850.7309983912724 -6582.642443757101 -2021.3002458025205
-5018412.804889606 934208.9800953215 4050253.004100648 -2844.4984418757144 -6583.565266490986 -2027.144456525286
-5021254.185383835 927624.9569680076 4048222.9387379694 -2838.2618795716144 -6584.479567830375 -2032.985788314731
-5024089.327315965 921040.0238004217 4046187.0334864464 -2832.021318915219 -6585.385346887784 -2038.8242328226556
-5026918.2266913615 914454.1891152854 4044145.2912375336 -2825.7767673484486 -6586.2826027859555 -2044.659781704377
-5029740.8795228405 907867.4614361923 4042097.714891027 -2819.5282323188885 -6587.171334657861 -2050.492426618741
-5032557.281830663 901279.8492875979 4040044.307355065 -2813.2757212797856 -6588.0515416467 -2056.3221592281307
-5035367.42964255 894691.3611948093 4037985.0715461182 -2807.0192416900386 -6588.923222905902 -2062.148971198478
-5038171.318993681 888102.0056839752 4035920.0103889913 -2800.758801014194 -6589.786377599126 -2067.9728541992736
-5040968.945926706 881511.7912820753 4033849.1268168185 -2794.494406722437 -6590.641004900264 -2073.7937999035757
-5043760.306491747 874920.726516911 4031772.4237710573 -2788.2260662905855 -6591.487103993435 -2079.6117999880216
-5046545.396746401 868328.8199170934 4029689.9042014885 -2781.953787200084 -6592.324674072989 -2085.4268461328375
-5049324.2127557555 861736.080012035 4027601.57106621 -2775.6775769379956 -6593.153714343513 -2091.238930021849
-5052096.750592384 855142.5153319382 4025507.427331634 -2769.3974429969962 -6593.974224019819 -2097.048043342491
-5054863.006336356 848548.1344077856 4023407.475972484 -2763.113392875367 -6594.786202326959 -2102.854177785816
-5057622.976075241 841952.9457713295 4021301.7199717895 -2756.8254340769886 -6595.589648500213 -2108.657325046508
-5060376.65590412 835356.9579550817 4019190.1623208853 -2750.5335741113327 -6596.384561785097 -2114.4574768228895
-5063124.04192558 828760.1794923039 4017072.806019405 -2744.2378204934566 -6597.170941437359 -2120.2546248169333
-5065865.130249729 822162.6189169964 4014949.6540752775 -2737.938180743996 -6597.948786722983 -2126.048760734272
-5068599.916994199 815564.2847638886 4012820.709504726 -2731.6346623891573 -6598.718096918188 -2131.839876284207
-5071328.398284149 808965.1855684285 4010685.9753322615 -2725.3272729607124 -6599.478871309429 -2137.6279631797215
-5074050.570252274 802365.3298667725 4008545.4545906796 -2719.0160199959937 -6600.2311091934025 -2143.4130131374895
-5076766.42903881 795764.7261957754 4006399.150321059 -2712.700911037919 -6600.974809877122 -2149.1950178779143
-5079475.9707915345 789163.3830929796 4004247.065572755 -2706.381953635017 -6601.709972678003 -2154.973969125163
-5082179.191665782 782561.3090966047 4002089.2034033975 -2700.0591553414247 -6602.436596923868 -2160.7498586071815
-5084876.08782444 775958.5127455377 3999925.566878885 -2693.7325237168816 -6603.154681952953 -2166.522678055706
-5087566.65543796 769355.0025793219 3997756.1590733854 -2687.4020663267215 -6603.864227113908 -2172.292419206274
-5090250.890684362 762750.7871381466 3995580.983069326 -2681.067790741868 -6604.565231765802 -2178.059073798239
-5092928.789749238 756145.8749628371 3993400.041957394 -2674.729704538826 -6605.257695278127 -2183.822633574777
-5095600.34882576 749540.274594844 3991213.338836532 -2668.387815299677 -6605.9416170307995 -2189.5830902829016
-5098265.564114687 742933.9945762324 3989020.8768139337 -2662.0421306120734 -6606.616996414162 -2195.3404356734754
-5100924.431824366 736327.043449672 3986822.6590050394 -2655.6926580692284 -6607.283832828988 -2201.094661501221
-5103576.94817074 729719.4297584272 3984618.6885335324 -2649.339405269913 -6607.942125686489 -2206.845759524732
-5106223.109377355 723111.1620463447 3982408.9685313366 -2642.982379818449 -6608.591874408309 -2212.593721506486
-5108862.911675364 716502.2488578453 3980193.5021386114 -2636.6215893247 -6609.233078426538 -2218.338539212856
-5111496.35130353 709892.6987379123 3977972.2925037467 -2630.257041404068 -6609.865737183703 -2224.080204414122
-5114123.424508236 703282.5202320812 3975745.3427833607 -2623.8887436774853 -6610.489850132781 -2229.818708884482
-5116744.127543491 696671.7218864289 3973512.6561422953 -2617.5167037714086 -6611.105416737201 -2235.554044402065
-5119358.45667093 690060.3122475641 3971274.235753613 -2611.1409293178112 -6611.712436470842 -2241.286202748941
-5121966.408159823 683448.2998626162 3969030.084798592 -2604.7614279541776 -6612.310908818037 -2247.015175711135
-5124567.978287081 676835.6932792255 3966780.2064667223 -2598.378207323497 -6612.900833273585 -2252.7409550786356
-5127163.163337262 670222.5010455316 3964524.603955702 -2591.991275074256 -6613.482209342741 -2258.4635326454113
-5129751.959602575 663608.731710164 3962263.2804714325 -2585.600638860433 -6614.055036541231 -2264.182900209419
-5132334.3633828815 656994.3938222312 3959996.239228017 -2579.206306341488 -6614.619314395246 -2269.8990495726157
-5134910.370985711 650379.49593131 3957723.483447753 -2572.808285182363 -6615.17504244145 -2275.611972540972
-5137479.978726257 643764.0465874356 3955445.016361131 -2566.4065830534673 -6615.722220226983 -2281.3216609244823
-5140043.182927387 637148.0543410907 3953160.841206828 -2560.0012076306775 -6616.2608473094615 -2287.0281065371773
-5142599.979919648 630531.5277431953 3950870.9612317076 -2553.592166595326 -6616.7909232569855 -2292.7313011971373
-5145150.366041269 623914.475345096 3948575.379690811 -2547.1794676341974 -6617.312447648138 -2298.431236726502
-5147694.337638171 617296.9056985554 3946274.0998473563 -2540.76311843952 -6617.825420071992 -2304.1279049514824
-5150231.89106397 610678.8273557418 3943967.124972733 -2534.34312670896 -6618.329840128109 -2309.8212977023745
-5152763.022679978 604060.2488692189 3941654.458346499 -2527.919500145614 -6618.825707426546 -2315.5114068135686
-5155287.728855218 597441.1787919349 3939336.103256374 -2521.4922464580036 -6619.313021587857 -2321.198224123564
-5157806.005966423 590821.6256772123 3937012.0629982385 -2515.061373360066 -6619.791782243097 -2326.881741474979
-5160317.85039804 584201.5980787372 3934682.340876128 -2508.6268885711506 -6620.261989033826 -2332.561950714564
-5162823.258542242 577581.1045505491 3932346.94020223 -2502.1887998160096 -6620.723641612106 -2338.238843693211
-5165322.2267989265 570960.1536470298 3930005.864296877 -2495.747114824792 -6621.176739640514 -2343.912412265969
-5167814.751575724 564338.7539228938 3927659.1164885466 -2489.301841333037 -6621.62128279214 -2349.5826482920547
-5170300.829288006 557716.9139331769 3925306.700113854 -2482.852987081667 -6622.05727075059 -2355.2495436348627
-5172780.4563588835 551094.642233226 3922948.618517549 -2476.4005598169797 -6622.484703209987 -2360.9130901619797
-5175253.629219219 544471.9473786887 3920584.8750525117 -2469.944567290644 -6622.90357987498 -2366.573279745195
-5177720.344307629 537848.8379255028 3918215.473079748 -2463.4850172596894 -6623.313900460743 -2372.230104260514
-5180180.59807049 531225.3224298854 3915840.415968387 -2457.0219174865024 -6623.715664692979 -2377.8835555881687
-5182634.3869619435 524601.4094483228 3913459.7070956733 -2450.5552757388073 -6624.1088723079 -2383.5336256126225
-5185081.7074438995 517977.10753756016 3911073.349846966 -2444.0850997895695 -6624.493523051981 -2389.1803062224894
-5187522.555986047 511352.42525459075 3908681.347615735 -2437.611397416899 -6624.869616681724 -2394.823589310458
-5189956.929065852 504727.3711566464 3906283.7038035537 -2431.1341764040326 -6625.237152963636 -2400.4634667732903
-5192384.82316857 498101.9538011876 3903880.4218200967 -2424.6534445393295 -6625.596131674218 -2406.099930511832
-5194806.234787243 491476.1817458933 3901471.5050831363 -2418.1692096162624 -6625.9465525999685 -2411.7329724310166
-5197221.160422714 484850.0635486509 3899056.9570185384 -2411.681479433409 -6626.288415537375 -2417.3625844398753
-5199629.596583623 478223.60776754626 3896636.781060256 -2405.190261794446 -6626.621720292911 -2422.988758451544
-5202031.53978642 471596.82296085387 3894210.9806503286 -2398.6955645081407 -6626.946466683033 -2428.61148638327
-5204426.986555362 464969.71768702683 3891779.5592388758 -2392.197395388342 -6627.262654534172 -2434.23076015642
-5206815.9334225245 458342.3005046868 3889342.520284094 -2385.6957622539753 -6627.570283682732 -2439.8465716964865
-5209198.376927805 451714.57997261384 3886899.867252251 -2379.190672929033 -6627.869353975089 -2445.458912933097
-5211574.313618927 445086.564649737 3884451.603617684 -2372.6821352425677 -6628.1598652675775 -2451.0677758000193
-5213943.7400514465 438458.26309512364 3881997.732862795 -2366.170157028684 -6628.441817426494 -2456.6731522351706
-5216306.6527887555 431829.6838679702 3879538.258478044 -2359.654746126532 -6628.715210328091 -2462.2750341806236
-5218663.048402085 425200.8355275916 3877073.183961949 -2353.135910380298 -6628.980043858572 -2467.8734135826135
-5221012.923470518 418571.7266334118 3874602.5128210774 -2346.6136576391987 -6629.236317914083 -2473.4682823915464
-5223356.274580984 411942.3657449534 3872126.2485700455 -2340.0879957574734 -6629.484032400716 -2479.059632562005
-5225693.098328272 405312.7614218283 3869644.3947315128 -2333.5589325943747 -6629.723187234497 -2484.6474560527568
-5228023.391315033 398682.9222237271 3867156.954836178 -2327.026476014163 -6629.953782341386 -2490.2317448267613
-5230347.150151784 392052.8567104096 3864663.9324227753 -2320.490633886099 -6630.175817657269 -2495.812490851176
-5232664.371456914 385422.57344169467 3862165.3310380685 -2313.9514140844344 -6630.389293127959 -2501.389686097363
-5234975.051856686 378792.08097745053 3859661.1542368485 -2307.4088244884056 -6630.594208709182 -2506.963322540901
-5237279.187985252 372161.3878775846 3857151.405581928 -2300.8628729822262 -6630.790564366584 -2512.5333921615857
-5239576.776484643 365530.5027020338 3854636.0886441385 -2294.3135674550795 -6630.978360075717 -2518.0998869434397
-5241867.814004785 358899.43401075446 3852115.207002325 -2287.760915801111 -6631.157595822039 -2523.6627988747196
-5244152.297203502 352268.1903637126 3849588.7642433415 -2281.204925919422 -6631.328271600907 -2529.2221199479227
-5246430.222746516 345636.7803208738 3847056.7639620495 -2274.6456057140585 -6631.4903874175725 -2534.7778421597936
-5248701.587307458 339005.2124421935 3844519.209761309 -2268.0829630940098 -6631.643943287178 -2540.329957511332
-5250966.387567869 332373.4952876071 3841976.105251978 -2261.5170059731945 -6631.788939234755 -2545.878458007798
-5253224.62021721 325741.63741702 3839427.4540529083 -2254.947742270459 -6631.925375295211 -2551.423335658721
-5255476.281952858 319109.6473902978 3836873.259790938 -2248.375179909566 -6632.053251513332 -2556.964582477903
-5257721.369480119 312477.5337672563 3834313.5261008902 -2241.79932681919 -6632.172567943776 -2562.50219048343
-5259959.87951223 305845.3051076517 3831748.2566255685 -2235.220190932906 -6632.2833246510645 -2568.0361516976736
-5262191.808770365 299212.96997117077 3829177.45501575 -2228.6377801891886 -6632.385521709584 -2573.566458147303
-5264417.153983637 292580.53691742104 3826601.124930185 -2222.0521025313974 -6632.479159203577 -2579.0931018632878
-5266635.911889106 285948.0145059208 3824019.270035589 -2215.463165907775 -6632.564237227136 -2584.616074880906
-5268848.079231782 279315.4112960893 3821431.8940066425 -2208.8709782714373 -6632.640755884201 -2590.1353692397506
-5271053.6527646305 272682.735847237 3818839.000525982 -2202.275547580372 -6632.708715288568 -2595.650976983741
-5273252.629248578 266049.99671855546 3816240.593284198 -2195.6768817975226 -6632.768115564155 -2601.16289016124
-5275445.0054525165 259417.20246910714 3813636.675979831 -2189.0749888909354 -6632.818956845465 -2606.671100825244
-5277630.778153308 252784.36165781462 3811027.252319366 -2182.4698768337785 -6632.861239277661 -2612.1756010334293
-5279809.944135792 246151.48284344998 3808412.326017229 -2175.861553604334 -6632.894963016574 -2617.6763828481626
-5281982.500192786 239518.57458462418 3805791.9007957797 -2169.250027185993 -6632.920128228709 -2623.1734383365165
-5284148.443125095 232885.64543977618 3803165.9803853086 -2162.6353055672457 -6632.936735091245 -2628.6667595702816
-5286307.7697415175 226252.7039671626 3800534.568524032 -2156.017396741677 -6632.944783792049 -2634.1563386259804
-5288460.476858843 219619.75872484685 3797897.6689580884 -2149.396308707957 -6632.944274529675 -2639.6421675848796
-5290606.561301866 212986.8182706883 3795255.2854415323 -2142.772049469834 -6632.935207513366 -2645.124238533005
-5292746.019903385 206353.89116233186 3792607.421736329 -2136.144627036131 -6632.917582963065 -2650.6025435611555
-5294878.849504211 199720.98595719703 3789954.0816123514 -2129.514049420733 -6632.891401109421 -2656.077074764914
-5297005.0469531715 193088.1112124674 3787295.268847374 -2122.8803246425828 -6632.85666219379 -2661.547824244662
-5299124.609107115 186455.27548507985 3784630.987227068 -2116.2434607256732 -6632.813366468238 -2667.0147841055937
-5301237.532830918 179822.48733171372 3781961.240544998 -2109.6034656990405 -6632.761514195556 -2672.47794645773
-5303343.814997488 173189.75530878035 3779286.032602617 -2102.9603475967556 -6632.701105649253 -2677.937303415931
-5305443.452487766 166557.08797241212 3776605.3672092585 -2096.3141144579176 -6632.63214111357 -2683.3928470999094
-5307536.442190737 159924.49387845176 3773919.2481821342 -2089.664774326646 -6632.554620883479 -2688.844569634244
-5309622.781003436 153291.9815824418 3771227.67934633 -2083.012335252073 -6632.468545264694 -2694.292463148395
-5311702.4658309445 146659.55963961352 3768530.6645347998 -2076.356805288338 -6632.37391457367 -2699.7365197767162
-5313775.493586403 140027.23660487653 3765828.2075883592 -2069.698192494576 -6632.2707291376155 -2705.1767316584683
-5315841.861191012 133395.0210328077 3763120.3123556837 -2063.0365049349134 -6632.1589892944885 -2710.613090937832
-5317901.56557404 126762.92147764073 3760406.9826933015 -2056.3717506784615 -6632.03869539301 -2716.045589763926
-5319954.603672828 120130.94649325506 3757688.222465589 -2049.703937799306 -6631.909847792664 -2721.474220290815
-5322000.97243279 113499.10463316533 3754964.035544767 -2043.0330743764998 -6631.772446863703 -2726.8989746775273
-5324040.668807427 106867.40445051058 3752234.4258108935 -2036.3591684940557 -6631.626492987159 -2732.319845088066
-5326073.689758322 100235.85449804334 3749499.39715186 -2029.6822282409403 -6631.471986554837 -2737.7368236914253
-5328100.032255151 93604.46332811902 3746758.9534633877 -2023.0022617110649 -6631.308927969332 -2743.149902661603
-5330119.693275685 86973.23949268501 3744013.098649021 -2016.3192770032774 -6631.137317644029 -2748.559074177613
-5332132.6698058 80342.19154326992 3741261.836620122 -2009.633282221355 -6630.9571560031045 -2753.964330423503
-5334138.958839472 73711.32803097277 3738505.1712958673 -2002.944285473997 -6630.768443481539 -2759.365663588364
-5336138.557378797 67080.65750645222 3735743.106603241 -1996.2522948748158 -6630.571180525119 -2764.763065866346
-5338131.462433978 60450.1885199157 3732975.646477031 -1989.5573185423295 -6630.36536759044 -2770.156529456674
-5340117.671023346 53819.929621108684 3730202.7948598233 -1982.8593645999558 -6630.15100514491 -2775.546046563658
-5342097.180173351 47189.88935930381 3727424.5557019953 -1976.158441176001 -6629.928093666764 -2780.9316093967095
-5344069.986918581 40560.07628329007 3724640.932961716 -1969.4545564036537 -6629.696633645058 -2786.3132101703554
-5346036.088301755 33930.498941362006 3721851.930604935 -1962.7477184209467 -6629.45662557958 -2791.6908411042064
-5347995.481373734 27301.165881309218 3719057.55260538 -1956.0379353705991 -6629.2080699803555 -2797.0644944227624
-5349948.163193522 20672.08565040627 3716257.8029445517 -1949.3252153999326 -6628.950967367393 -2802.434162355307
-5351894.130828276 14043.266795402742 3713452.6856117197 -1942.6095666608612 -6628.685318270665 -2807.799837135913
-5353833.381353306 7414.717862513266 3710642.2046039174 -1935.8909973098837 -6628.411123230111 -2813.161511003451
-5355765.9118520785 786.4473974075479 3707826.363925936 -1929.1695155080754 -6628.12838279563 -2818.519176201593
-5357691.719419041 -5841.536051928886 3705005.1675862567 -1922.4451364594704 -6627.8370903525 -2823.872835145283
-5359610.80115964 -12469.223935217853 3702178.619597014 -1915.717862741254 -6627.537252234126 -2829.222472009514
-5361523.15418189 -19096.60770851085 3699346.7239861866 -1908.9877011248009 -6627.228870458044 -2834.568077025516
-5363428.775601983 -25723.67882844428 3696509.484789491 -1902.2546597894805 -6626.911945614125 -2839.9096424565687
-5365327.662544291 -32350.42875224938 3693666.9060503794 -1895.5187469192037 -6626.586478302178 -2845.247160570798
-5367219.812141373 -38976.84893776216 3690818.991820032 -1888.779970702414 -6626.252469131946 -2850.580623641174
-5369105.221533978 -45602.93084343335 3687965.7461573533 -1882.0383393320808 -6625.909918723102 -2855.9100239455242
-5370983.887871052 -52228.66592833831 3685107.173128969 -1875.293861005692 -6625.558827705244 -2861.235353766536
-5372855.8083097385 -58854.04565218696 3682243.2768092193 -1868.5465439252464 -6625.19919671789 -2866.5566053917664
-5374720.980015387 -65479.06147533368 3679374.0612801537 -1861.7963962972462 -6624.8310264104775 -2871.87377111365
-5376579.400161554 -72103.70485878727 3676499.530631528 -1855.043426332691 -6624.454317442355 -2877.1868432295023
-5378431.065930012 -78727.96726422085 3673619.688960796 -1848.2876422470688 -6624.069070482778 -2882.495814041529
-5380275.974510748 -85351.84015398168 3670734.5403731107 -1841.5290522603495 -6623.675286210906 -2887.800675856831
-5382114.123101973 -91975.3149911012 3667844.0889813113 -1834.7676645969775 -6623.272965315798 -2893.101420987415
-5383945.508910125 -98598.3832393048 3664948.338905925 -1828.003487485865 -6622.862108496407 -2898.398041750197
-5385770.129149873 -105221.0363630218 3662047.294275159 -1821.236529160384 -6622.442716461579 -2903.6905304670095
-5387587.98104412 -111843.26582739534 3659140.9592248965 -1814.4667978583589 -6622.014789930044 -2908.9788794646092
-5389399.061824012 -118465.06309829216 3656229.337898692 -1807.6943018220604 -6621.578329630413 -2914.263081074683
-5391203.368728935 -125086.41964231258 3653312.4344477644 -1800.9190492981977 -6621.1333363011745 -2919.543127633856
-5393000.899006528 -131707.32692680036 3650390.2530309944 -1794.141048537911 -6620.679810690693 -2924.819011483696
-5394791.649912682 -138327.77641985257 3647462.797814918 -1787.3603077967643 -6620.2177535571955 -2930.090724970723
-5396575.618711547 -144947.7595903294 3644530.072973723 -1780.5768353347391 -6619.747165668778 -2935.358260446413
-5398352.802675533 -151567.2679078641 3641592.0826892434 -1773.7906394162262 -6619.268047803392 -2940.621610267207
-5400123.199085317 -158186.29284287276 3638648.831150953 -1767.0017283100199 -6618.780400748848 -2945.880766794516
-5401886.805229847 -164804.82586656424 3635700.3225559634 -1760.2101102893087 -6618.284225302804 -2951.135722394729
-5403643.618406349 -171422.85845094998 3632746.5611090157 -1753.4157936316706 -6617.779522272763 -2956.386469439218
-5405393.635920324 -178040.3820688538 3629787.5510224774 -1746.6187866190644 -6617.2662924760725 -2961.6330003043477
-5407136.855085563 -184657.38819392188 3626823.296516339 -1739.8190975378302 -6616.744536739937 -2966.875307371487
-5408873.27322414 -191273.86830063257 3623853.801818205 -1733.0167346787507 -6616.214255901683 -2972.1133830271415
-5410602.887666426 -197889.81386430675 3620879.071163291 -1726.2117063371147 -6615.675450809016 -2977.347219663077
-5412325.695751086 -204505.21636111813 3617899.10879442 -1719.404020812714 -6615.128122320047 -2982.576809676343
-5414041.694825091 -211120.06726810386 3614913.918962012 -1712.5936864098371 -6614.572271303287 -2987.802145469283
-5415750.882243716 -217734.35806317467 3611923.5059240856 -1705.7807114372606 -6614.00789863766 -2993.0232194495443
-5417453.255370546 -224348.0802251256 3608927.873946246 -1698.9651042082412 -6613.435005212493 -2998.2400240300917
-5419148.811577485 -230961.225233646 3605927.027301686 -1692.1468730405074 -6612.85359192752 -3003.452551629216
-5420837.548244755 -237573.78456933034 3602920.9702711743 -1685.3260262562537 -6612.263659692887 -3008.6607946705453
-5422519.462760901 -244185.74971368836 3599909.707143055 -1678.50257218213 -6611.6652094291485 -3013.8647455830564
-5424194.552522799 -250797.11214915555 3596893.24221324 -1671.6765191492361 -6611.05824206727 -3019.0643968010854
-5425862.814935659 -257407.8633591036 3593871.5797852045 -1664.8478754931118 -6610.442758548628 -3024.25974076434
-5427524.247413025 -264017.9948278508 3590844.724169981 -1658.01664955373 -6609.818759825012 -3029.4507699179085
-5429178.847376787 -270627.4980406724 3587812.6796861547 -1651.1828496754883 -6609.186246858625 -3034.6374767122707
-5430826.61225718 -277236.364483811 3584775.4506598576 -1644.3464842072017 -6608.545220622082 -3039.8198536033105
-5432467.539492789 -283844.5856444872 3581733.0414247625 -1637.5075615020937 -6607.895682098415 -3044.9978930523253
-5434101.626530557 -290452.15301090956 3578685.4563220786 -1630.6660899177896 -6607.237632281072 -3050.1715875260384
-5435728.870825786 -297059.05807228567 3575632.6997005455 -1623.8220778163063 -6606.57107217392 -3055.3409294966077
-5437349.26984214 -303665.29231883184 3572574.775916428 -1616.9755335640468 -6605.896002791239 -3060.5059114416395
-5438962.821051654 -310270.84724178415 3569511.68933351 -1610.1264655317912 -6605.212425157732 -3065.666525844197
-5440569.521934736 -316875.7143334084 3566443.444323091 -1603.2748820946877 -6604.520340308517 -3070.8227651928123
-5442169.3699801685 -323479.88508701074 3563370.045263978 -1596.4207916322455 -6603.819749289136 -3075.9746219814974
-5443762.36268512 -330083.3509969482 3560291.4965424817 -1589.564202528327 -6603.110653155549 -3081.122088709756
-5445348.497555147 -336686.1035586613 3557207.8025524 -1582.7051231897779 -6602.39305305081 -3086.2651579187677
-5446927.7721042335 -343288.1342688078 3554118.9676949545 -1575.8435620478301 -6601.666950211918 -3091.4038221948636
-5448500.1838547755 -349889.4346252059 3551024.9963788143 -1568.9795275013703 -6600.932345736276 -3096.5380740592896
-5450065.730337569 -356489.9961267673 3547925.8930201326 -1562.1130279513563 -6600.1892407225 -3101.6679060344914
-5451624.409091812 -363089.81027350755 3544821.662042533 -1555.2440718030564 -6599.437636279633 -3106.793310648462
-5453176.217665112 -369688.86856655637 3541712.3078771112 -1548.3726674660397 -6598.677533527149 -3111.9142804347566
-5454721.153613485 -376287.1625081682 3538597.834962426 -1541.4988233541696 -6597.9089335949475 -3117.0308079325005
-5456259.214501368 -382884.6836017327 3535478.2477444937 -1534.6225478855938 -6597.1318376233585 -3122.1428856864
-5457790.397901611 -389481.42335178494 3532353.5506767845 -1527.7438494827368 -6596.346246763142 -3127.250506246756
-5459314.701395497 -396077.37326401606 3529223.7482202137 -1520.862736572276 -6595.552162175419 -3132.353662169438
-5460832.12257273 -402672.52484528325 3526088.8448431385 -1513.9792175850791 -6594.749585031442 -3137.4523460157875
-5462342.659031453 -409266.8696036202 3522948.8450213526 -1507.093300956177 -6593.938516512508 -3142.5465503525843
-5463846.308378241 -415860.3990482467 3519803.7532380796 -1500.2049951247552 -6593.118957809952 -3147.636267752052
-5465343.068228115 -422453.10468957893 3516653.5739839687 -1493.3143085341471 -6592.290910125146 -3152.7214907918683
-5466832.936204538 -429044.9780392396 3513498.311757088 -1486.4212496318264 -6591.454374669496 -3157.8022120551727
-5468315.909939425 -435636.0106100677 3510337.971062921 -1479.5258268693995 -6590.60935266444 -3162.8784241305743
-5469791.987073143 -442226.1939161287 3507172.556414359 -1472.6280487025983 -6589.755845341443 -3167.9501196121605
-5471261.165254517 -448815.5194727247 3504002.072331695 -1465.7279235912715 -6588.893853941999 -3173.0172910995034
-5472723.4421408335 -455403.9787964041 3500826.523342623 -1458.825459999379 -6588.023379717626 -3178.07993119767
-5474178.815397846 -461991.5634049718 3497645.9139822265 -1451.920666394983 -6587.144423929862 -3183.1380325172286
-5475627.282699777 -468578.26481749944 3494460.2487929766 -1445.0135512502416 -6586.256987850264 -3188.191587674258
-5477068.841729325 -475164.0745543352 3491269.5323247253 -1438.1041230414007 -6585.361072760404 -3193.2405892903535
-5478503.490177667 -481748.98413711373 3488073.7691347008 -1431.1923902487868 -6584.45667995187 -3198.285029992639
-5479931.225744457 -488332.9850887662 3484872.9637875007 -1424.2783613567985 -6583.543810726259 -3203.324902413771
-5481352.046137841 -494916.0689335307 3481667.120855088 -1417.3620448539016 -6582.622466395178 -3208.360199191947
-5482765.949074457 -501498.22719696164 3478456.2449167836 -1410.4434492326193 -6581.69264828024 -3213.3909129709164
-5484172.932279432 -508079.4514059401 3475240.3405592632 -1403.5225829895253 -6580.754357713058 -3218.4170363999865
-5485572.993486396 -514659.73308868386 3472019.4123765496 -1396.5994546252375 -6579.807596035247 -3223.4385621340284
-5486966.130437477 -521239.06377475726 3468793.4649700075 -1389.674072644409 -6578.852364598421 -3228.4554828334894
-5488352.340883314 -527817.4349950812 3465562.5029483396 -1382.7464455557222 -6577.88866476419 -3233.467791164399
-5489731.622583057 -534394.8382819432 3462326.5309275785 -1375.8165818718799 -6576.916497904155 -3238.4754797983746
-5491103.973304366 -540971.2651690076 3459085.5535310833 -1368.884490109599 -6575.935865399906 -3243.4785414126336
-5492469.390823424 -547546.7071913249 3455839.5753895324 -1361.950178789603 -6574.9467686430235 -3248.476968689997
-5493827.872924934 -554121.1558853427 3452588.6011409196 -1355.0136564366137 -6573.9492090350695 -3253.4707543189006
-5495179.417402128 -560694.6027889149 3449332.635430547 -1348.074931579345 -6572.943187987589 -3258.459890993402
-5496524.022056768 -567267.0394413116 3446071.6829110184 -1341.1340127504948 -6571.928706922107 -3263.4443714131876
-5497861.68469915 -573838.45738323 3442805.748242237 -1334.190908486738 -6570.905767270127 -3268.4241882835813
-5499192.40314811 -580408.8481568032 3439534.836091398 -1327.2456273287185 -6569.874370473123 -3273.399334315552
-5500516.175231025 -586978.2033056114 3436258.9511329806 -1320.2981778256312 -6568.83451798443 -3278.3698022334065
-5501832.998783849 -593546.5143747036 3432978.098048693 -1313.3485685842304 -6567.786211289489 -3283.3355848570063
-5503142.871651136 -600113.7729106143 3429692.2815274457 -1306.3968081741623 -6566.729451867344 -3288.296674943518
-5504445.791685993 -606679.9704613563 3426401.506265407 -1299.4429051522961 -6565.664241200532 -3293.253065227905
-5505741.75675009 -613245.098576431 3423105.77696601 -1292.4868680795125 -6564.590580781955 -3298.20474845103
-5507030.764713657 -619809.1488068372 3419805.098339943 -1285.5287055206957 -6563.50847211489 -3303.1517173596626
-5508312.813455492 -626372.112705082 3416499.475105145 -1278.5684260447242 -6562.417916712976 -3308.0939647064924
-5509587.900862966 -632933.9818251923 3413188.911986798 -1271.6060382244636 -6561.318916100224 -3313.0314832501394
-5510856.02483202 -639494.7477227233 3409873.4137173244 -1264.6415506367575 -6560.211471811014 -3317.964265755164
-5512117.183267176 -646054.4019547701 3406552.9850363773 -1257.6749718624187 -6559.095585390098 -3322.892304992078
-5513371.374081544 -652612.9360799775 3403227.6306908377 -1250.7063104862216 -6557.971258392593 -3327.8155937373554
-5514618.5951968115 -659170.3416585511 3399897.3554348066 -1243.7355750968934 -6556.83849238399 -3332.7341247734416
-5515858.844543264 -665726.6102522667 3396562.1640295982 -1236.7627742871052 -6555.697288940149 -3337.6478908887684
-5517092.120059779 -672281.7334244814 3393222.061243738 -1229.7879166534642 -6554.547649647299 -3342.5568848777593
-5518318.41969383 -678835.7027401434 3389877.051852952 -1222.8110107965047 -6553.389576102042 -3347.4610995408443
-5519537.741401498 -685388.5097658032 3386527.140640164 -1215.8320653206797 -6552.22306991135 -3352.3605276844687
-5520750.083147468 -691940.1460696231 3383172.332395486 -1208.851088834353 -6551.048132692564 -3357.2551621211037
-5521955.442905034 -698490.6032213877 3379812.631916218 -1201.8680899497888 -6549.8647660734005 -3362.1449956692586
-5523153.8186561065 -705039.8727925152 3376448.044006836 -1194.883077283146 -6548.672971691946 -3367.0300211534895
-5524345.208391212 -711587.9463560666 3373078.573478989 -1187.8960594544665 -6547.472751196657 -3371.9102314044126
-5525529.6101095015 -718134.8154867566 3369704.2251514927 -1180.9070450876695 -6546.26410624636 -3376.7856192587124
-5526707.021818751 -724680.4717609638 3366325.0038503227 -1173.9160428105408 -6545.047038510259 -3381.656177559154
-5527877.441535363 -731224.9067567413 3362940.9144086097 -1166.9230612547246 -6543.821549667928 -3386.5218991545926
-5529040.867284378 -737768.1120538271 3359551.961666631 -1159.9281090557167 -6542.587641409311 -3391.382776899986
-5530197.297099473 -744310.0792336541 3356158.1504718065 -1152.931194852853 -6541.345315434726 -3396.238803656403
-5531346.729022965 -750850.799879361 3352759.4856786923 -1145.9323272893025 -6540.094573454864 -3401.089972291037
-5532489.161105814 -757390.265575802 3349355.972148974 -1138.9315150120588 -6538.835417190788 -3405.9362756772143
-5533624.591407633 -763928.4679095579 3345947.6147514605 -1131.9287666719306 -6537.567848373933 -3410.777706694405
-5534753.017996688 -770465.3984689456 3342534.418362079 -1124.9240909235339 -6536.291868746107 -3415.614258228236
-5535874.438949898 -777001.04884403 3339116.387863868 -1117.9174964252818 -6535.00748005949 -3420.445923170498
-5536988.852352844 -783535.4106266323 3335693.5281469696 -1110.9089918393584 -6533.7146840765245 -3425.2726944191004
-5538096.2562997695 -790068.4754103414 3332265.8441086267 -1103.898585831645 -6532.413482569542 -3430.094564877885
-5539196.64889359 -796600.2347905237 3328833.3406531746 -1096.886287071691 -6531.103877320623 -3434.9115274565606
-5540290.028245888 -803130.6803643322 3325396.022692036 -1089.8721042327052 -6529.785870121596 -3439.723575070708
-5541376.392476922 -809659.8037307169 3321953.8951437147 -1082.8560459915495 -6528.45946277403 -3444.5307006417875
-5542455.739715631 -816187.5964904341 3318506.962933792 -1075.8381210287323 -6527.124657089227 -3449.3328970971443
-5543528.068099635 -822714.0502460563 3315055.2309949156 -1068.8183380284006 -6525.781454888224 -3454.1301573700152
-5544593.3757752385 -829239.1566019817 3311598.7042668 -1061.796705678335 -6524.429858001784 -3458.922474399537
-5545651.660897438 -835762.9071644444 3308137.3876962163 -1054.7732326699406 -6523.069868270395 -3463.70984113075
-5546702.921629923 -842285.2935415239 3304671.286236988 -1047.7479276982417 -6521.701487544267 -3468.4922505146064
-5547747.15614508 -848806.3073431543 3301200.404849984 -1040.7207994618743 -6520.324717683324 -3473.2696955079755
-5548784.362623992 -855325.9401811351 3297724.7485031146 -1033.6918566630798 -6518.939560557201 -3478.042169073651
-5549814.539256453 -861844.1836691396 3294244.3221713235 -1026.6611080076975 -6517.546018045242 -3482.8096641803572
-5550837.684240959 -868361.029422726 3290759.1308365823 -1019.6285622051583 -6516.144092036496 -3487.5721738027546
-5551853.795784718 -874876.4690593461 3287269.179487886 -1012.594227968478 -6514.733784429711 -3492.329690921448
-5552862.872103656 -881390.4941983552 3283774.473121245 -1005.5581140142498 -6513.315097133332 -3497.0822085229925
-5553864.911422414 -887903.096461022 3280275.016739681 -998.5202290626385 -6511.8880320654935 -3501.829719599896
-5554859.911974356 -894414.267470538 3276770.8153532203 -991.480581837373 -6510.452591154021 -3506.572217150632
-5555847.8720015725 -900923.9988520276 3273261.873978887 -984.4391810657403 -6509.008776336422 -3511.30969417964
-5556828.789754882 -907432.2822325574 3269748.197640698 -977.3960354785776 -6507.556589559883 -3516.042143697336
-5557802.663493836 -913939.1092411461 3266229.791369657 -970.3511538102672 -6506.096032781268 -3520.769558720118
-5558769.491486722 -920444.4715087743 3262706.660203749 -963.3045447987284 -6504.627107967112 -3525.4919322703704
-5559729.272010566 -926948.3606683936 3259178.8091879315 -956.2562171854116 -6503.149817093619 -3530.2092573764726
-5560682.00335114 -933450.7683549366 3255646.2433741326 -949.2061797152912 -6501.664162146655 -3534.9215270728027
-5561627.683802961 -939951.686205327 3252108.967821242 -942.1544411368593 -6500.170145121747 -3539.628734399746
-5562566.311669296 -946451.1058584887 3248566.9875951074 -935.1010102021187 -6498.667768024077 -3544.3308724037
-5563497.885262165 -952949.0189553555 3245020.307768525 -928.0458956665765 -6497.157032868481 -3549.0279341370824
-5564422.402902349 -959445.4171388808 3241468.933421237 -920.9891062892381 -6495.637941679444 -3553.7199126583373
-5565339.862919386 -965940.2920540476 3237912.8696399243 -913.9306508326267 -6494.110496491286 -3558.406801032045
-5566250.263651577 -972433.635347878 3234352.121518199 -906.8705380628402 -6492.574699348603 -3563.088592329176
-5567153.603445997 -978925.4386694444 3230786.6941565997 -899.8087767495592 -6491.030552306389 -3567.765279627166
-5568049.880658487 -985415.693669879 3227216.592662583 -892.7453756660376 -6489.478057430032 -3572.4368560099288
-5568939.093653665 -991904.3920023846 3223641.822150521 -885.6803435890937 -6487.917216795318 -3577.103314567866
-5569821.240804927 -998391.5253222451 3220062.38774169 -878.6136892991013 -6486.348032488432 -3581.7646483978806
-5570696.3204944525 -1004877.0852868358 3216478.2945642676 -871.5454215799808 -6484.770506605955 -3586.420850603384
-5571564.331113206 -1011361.0635556336 3212889.5477533224 -864.4755492191891 -6483.1846412548675 -3591.071914294313
-5572425.271060941 -1017843.4517902279 3209296.1524508116 -857.404081007711 -6481.590438552548 -3595.7178325871355
-5573279.138746202 -1024324.2416543304 3205698.1138055734 -850.3310257400501 -6479.987900626776 -3600.3585986048656
-5574125.932586334 -1030803.4248137859 3202095.4369733175 -843.2563922142195 -6478.377029615728 -3604.9942054770727
-5574965.651007477 -1037280.9929365825 3198488.127116623 -836.1801892317326 -6476.757827667985 -3609.6246463398943
-5575798.292444578 -1043756.9376928622 3194876.189404927 -829.1024255975932 -6475.130296942525 -3614.2499143360446
-5576623.85534139 -1050231.250754931 3191259.6290145232 -822.0231101202874 -6473.494439608728 -3618.870002614829
-5577442.338150474 -1056703.9237972698 3187638.451128551 -814.9422516117731 -6471.850257846372 -3623.4849043321533
-5578253.739333209 -1063174.948496544 3184012.6609369917 -807.8598588874721 -6470.197753845643 -3628.0946126505355
-5579058.057359785 -1069644.3165316146 3180382.2636366594 -800.775940766259 -6468.536929807123 -3632.699120739117
-5579855.290709216 -1076112.0195835487 3176747.2644311977 -793.6905060704538 -6466.867787941799 -3637.2984217736735
-5580645.437869342 -1082578.0493356294 3173107.668531069 -786.6035636258106 -6465.1903304710595 -3641.892508936627
-5581428.497336828 -1089042.3974733658 3169463.4811535515 -779.5151222615098 -6463.504559626696 -3646.481375417057
-5582204.46761717 -1095505.0556845053 3165814.7075227303 -772.4251908101476 -6461.810477650902 -3651.0650144107094
-5582973.347224698 -1101966.0156590412 3162161.352869492 -765.3337781077275 -6460.108086796276 -3655.643419120012
-5583735.134682582 -1108425.2690892254 3158503.422431516 -758.2408929936505 -6458.397389325819 -3660.216582754082
-5584489.828522829 -1114882.8076695781 3154840.9214532706 -751.1465443107049 -6456.678387512934 -3664.78449852874
-5585237.427286295 -1121338.6230968977 3151173.8551860047 -744.050740905058 -6454.95108364143 -3669.347159666518
-5585977.929522681 -1127792.7070702724 3147502.22888774 -736.9534916262459 -6453.21548000552 -3673.904559396675
-5586711.333790542 -1134245.0512910886 3143826.0478232685 -729.8548053271635 -6451.471578909814 -3678.456690955199
-5587437.638657282 -1140695.6474630435 3140145.3172641397 -722.7546908640277 -6449.719382669079 -3683.003547584686
-5588156.842699168 -1147144.4872921528 3136460.0424886593 -715.6531570963062 -6447.958893607692 -3687.545122534032
-5588868.944501326 -1153591.5624867629 3132770.2287818803 -708.5502128866972 -6446.190114059507 -3692.081409058367
-5589573.942657748 -1160036.8647575572 3129075.881435597 -701.4458671011222 -6444.413046367854 -3696.612400419059
-5590271.835771292 -1166480.385817568 3125377.0057483404 -694.3401286087205 -6442.627692885528 -3701.13808988372
-5590962.622453687 -1172922.117382185 3121673.6070253705 -687.2330062818427 -6440.834055974785 -3705.6584707262105
-5591646.301325535 -1179362.051169165 3117965.690578669 -680.1245089960444 -6439.03213800734 -3710.173536226646
-5592322.871016318 -1185800.1788986407 3114253.2617269354 -673.01464563008 -6437.2219413643625 -3714.6832796714
-5592992.330164395 -1192236.4922931315 3110536.3257955806 -665.9034250658972 -6435.403468436469 -3719.1876943531133
-5593654.677417011 -1198670.983077552 3106814.888116718 -658.79085618863 -6433.57672162372 -3723.686773570694
-5594309.9114302965 -1205103.6429792203 3103088.954029159 -651.6769478865932 -6431.741703335616 -3728.1805106293277
-5594958.030869272 -1211534.4637278707 3099358.528878409 -644.561709051276 -6429.898415991094 -3732.6688988404803
-5595599.034407852 -1217963.43705566 3095623.6180166556 -637.4451485773361 -6428.04686201852 -3737.151931521903
-5596232.920728846 -1224390.5546971778 3091884.2268027677 -630.3272753625936 -6426.187043855683 -3741.6296019976385
-5596859.688523964 -1230815.8083894567 3088140.360602286 -623.2080983080245 -6424.318963949797 -3746.101903598026
-5597479.336493816 -1237239.1898719815 3084392.0247874185 -616.0876263177556 -6422.442624757489 -3750.5688296597064
-5598091.8633479215 -1243660.690886698 3080639.224737033 -608.9658682990577 -6420.558028744801 -3755.030373525628
-5598697.2678047065 -1250080.3031780224 3076881.96583665 -601.8428331623396 -6418.665178387181 -3759.48652854505
-5599295.548591509 -1256498.0184928519 3073120.25347844 -594.7185298211429 -6416.76407616948 -3763.937288073551
-5599886.704444585 -1262913.8285805723 3069354.0930612125 -587.5929671921348 -6414.854724585949 -3768.38264547303
-5600470.734109105 -1269327.7251930693 3065583.489990414 -580.4661541951036 -6412.937126140229 -3772.822594111716
-5601047.636339161 -1275739.700084736 3061808.4496781183 -573.3380997529517 -6411.011283345356 -3777.2571273641693
-5601617.409897771 -1282149.745012484 3058028.977543021 -566.2088127916898 -6409.077198723744 -3781.6862386112884
-5602180.053556881 -1288557.8517357516 3054245.0790104354 -559.0783022404308 -6407.134874807192 -3786.109921240317
-5602735.566097366 -1294964.0120165136 3050456.759512283 -551.9465770313851 -6405.184314136876 -3790.5281686448448
-5603283.946309036 -1301368.2176192906 3046664.024487088 -544.8136460998534 -6403.225519263343 -3794.9409742248176
-5603825.192990637 -1307770.4603111586 3042866.879379973 -537.6795183842282 -6401.258492746586 -3799.3483313865886
-5604359.304949857 -1314170.7318617587 3039065.3296426497 -530.5442028260117 -6399.283237156322 -3803.7502335430877
-5604886.281003324 -1320569.0240433065 3035259.380733415 -523.4077083698163 -6397.299755072086 -3808.146674113892
-5605406.119976614 -1326965.328630601 3031449.038117142 -516.2700439633578 -6395.308049083235 -3812.537646525235
-5605918.8207042515 -1333359.6374010372 3027634.3072652733 -509.13121855744714 -6393.308121788946 -3816.923144210012
-5606424.382029714 -1339751.942134613 3023815.1936558173 -501.9912411059835 -6391.299975798207 -3821.3031606077916
-5606922.802805435 -1346142.2346139406 3019991.7027733377 -494.85012056594604 -6389.283613729824 -3825.677689164822
-5607414.081892805 -1352530.506624256 3016163.8401089497 -487.70786589738674 -6387.259038212408 -3830.0467233340373
-5607898.218162175 -1358916.7499534283 3012331.6111603123 -480.5644860634225 -6385.226251884385 -3834.4102565750695
-5608375.210492864 -1365300.9563919704 3008495.0214316207 -473.41999003022755 -6383.185257393984 -3838.7682823542523
-5608845.057773159 -1371683.1177330478 3004654.0764336004 -466.2743867670258 -6381.13605739924 -3843.1207941446314
-5609307.758900314 -1378063.2257724893 3000808.781683501 -459.1276852460833 -6379.078654567985 -3847.4677854259726
-5609763.312780557 -1384441.2723087969 2996959.1427050894 -451.97989444270047 -6377.013051577857 -3851.8092496847676
-5610211.718329097 -1390817.2491431544 2993105.165028642 -444.8310233352046 -6374.939251116288 -3856.145180414245
-5610652.974470121 -1397191.148079438 2989246.8541909377 -437.68108090494206 -6372.857255880504 -3860.4755711143757
-5611087.0801367955 -1403562.960924226 2985384.215735254 -430.5300761362708 -6370.767068577525 -3864.8004152918825
-5611514.034271276 -1409932.679486809 2981517.255211357 -423.3780180165526 -6368.66869192416 -3869.119706460247
-5611933.835824707 -1416300.2955791994 2977645.978175496 -416.22491553614555 -6366.562128647007 -3873.433438139717
-5612346.483757225 -1422665.8010161405 2973770.3901903983 -409.07077768839616 -6364.447381482448 -3877.7416038573174
-5612751.977037959 -1429029.187615117 2969890.496825258 -401.9156134696321 -6362.3244531766495 -3882.044197146855
-5613150.314645039 -1435390.447196365 2966006.3036557334 -394.7594318791541 -6360.193346485558 -3886.3412115489264
-5613541.495565593 -1441749.5715828815 2962117.8162639397 -387.6022419192286 -6358.0540641749 -3890.632640610929
-5613925.518795755 -1448106.5526004334 2958225.0402384405 -380.4440525950801 -6355.906609020177 -3894.918477887066
-5614302.383340664 -1454461.3820775687 2954327.981174241 -373.2848729148833 -6353.7509838066635 -3899.1987169383547
-5614672.088214471 -1460814.051845625 2950426.644672783 -366.1247118897557 -6351.587191329409 -3903.4733513326364
-5615034.632440335 -1467164.5537387407 2946521.036341937 -358.96357853374974 -6349.415234393229 -3907.7423746445825
-5615390.015050434 -1473512.8795938632 2942611.1617959943 -351.80148186384554 -6347.235115812711 -3912.0057804557046
-5615738.235085963 -1479859.0212507593 2938697.026655663 -344.63843089994333 -6345.046838412215 -3916.2635623543665
-5616079.291597143 -1486202.9705520251 2934778.636548058 -337.4744346648557 -6342.850405025873 -3920.515713935792
-5616413.183643212 -1492544.7193430965 2930855.9971066965 -330.30950218430024 -6340.645818497585 -3924.762228802072
-5616739.910292439 -1498884.259472257 2926929.1139714895 -323.14364248689145 -6338.433081681018 -3929.0031005621727
-5617059.470622123 -1505221.5827906495 2922997.9927887362 -315.9768646041333 -6336.212197439603 -3933.238322831945
-5617371.863718595 -1511556.6811522853 2919062.639211116 -308.80917757041146 -6333.983168646533 -3937.4678892341312
-5617677.088677224 -1517889.546414053 2915123.0588976815 -301.64059042298555 -6331.745998184761 -3941.691793398373
-5617975.144602416 -1524220.1704357294 2911179.2575138533 -294.47111220198144 -6329.500688947 -3945.9100289612206
-5618266.030607618 -1530548.545079989 2907231.240731412 -287.3007519503836 -6327.247243835712 -3950.1225895661387
-5618549.745815322 -1536874.6622124133 2903279.0142284906 -280.1295187140273 -6324.985665763119 -3954.329468863517
-5618826.289357067 -1543198.5137015015 2899322.5836895686 -272.95742154159103 -6322.71595765119 -3958.5306605106753
-5619095.660373444 -1549520.0914186793 2895361.954805465 -265.78446948458867 -6320.438122431645 -3962.7261581718744
-5619357.858014093 -1555839.3872383093 2891397.1332733305 -258.6106715973617 -6318.152163045949 -3966.915955518323
-5619612.881437714 -1562156.3930376994 2887428.124796641 -251.43603693707183 -6315.858082445312 -3971.100046228183
-5619860.729812063 -1568471.1006971148 2883454.935085191 -244.26057456369276 -6313.555883590685 -3975.2784239865828
-5620101.402313958 -1574783.502099786 2879477.569855088 -237.0842935400028 -6311.245569452761 -3979.451082485621
-5620334.898129282 -1581093.589131919 2875496.0348287406 -229.90720293157705 -6308.927143011967 -3983.618015424376
-5620561.216452982 -1587401.3536827054 2871510.3357348577 -222.72931180677972 -6306.600607258469 -3987.7792165089136
-5620780.35648908 -1593706.7876443313 2867520.478308437 -215.55062923675627 -6304.265965192164 -3991.934679452294
-5620992.317450666 -1600009.8829119883 2863526.4682907606 -208.37116429542576 -6301.923219822682 -3996.084397974583
-5621197.098559907 -1606310.631383882 2859528.311429386 -201.1909260594731 -6299.57237416938 -4000.2283658028578
-5621394.699048046 -1612609.0249612418 2855526.0134781417 -194.00992360834132 -6297.21343126134 -4004.3665766712134
-5621585.118155411 -1618905.0555483322 2851519.580197117 -186.82816602422378 -6294.84639413737 -4008.499024320772
-5621768.355131411 -1625198.7150524603 2847509.0173526574 -179.64566239205556 -6292.471265845974 -4012.625702499676
-5621944.409234541 -1631489.995383987 2843494.330717356 -172.4624217994984 -6290.088049445082 -4016.7466049629243
-5622113.279732386 -1637778.8884563355 2839475.526070049 -165.27845333692753 -6287.696748001818 -4020.8617254722276
-5622274.9659016235 -1644065.3861860014 2835452.609195807 -158.09376609742569 -6285.297364592475 -4024.971057796005
-5622429.467028022 -1650349.4804925602 2831425.585885928 -150.90836917677782 -6282.889902302507 -4029.074595709386
-5622576.78240645 -1656631.1632986774 2827394.4619379314 -143.72227167346563 -6280.474364226531 -4033.172332994215
-5622716.911340876 -1662910.4265301186 2823359.2431555525 -136.53548268866217 -6278.05075346832 -4037.2642634390577
-5622849.853144368 -1669187.262115757 2819319.9353487343 -129.3480113262266 -6275.619073140796 -4041.3503808392056
-5622975.607139104 -1675461.6619875839 2815276.5443336214 -122.15986669269886 -6273.179326366031 -4045.4306789966795
-5623094.172656366 -1681733.6180807166 2811229.075932553 -114.97105789729424 -6270.731516275241 -4049.505151720235
-5623205.549036549 -1688003.1223334086 2807177.5359740546 -107.78159405189817 -6268.275646008779 -4053.5737928253684
-5623309.73562916 -1694270.166687058 2803121.9302928345 -100.59148427106086 -6265.811718716137 -4057.6365961343204
-5623406.731792819 -1700534.743086218 2799062.264729775 -93.40073767199213 -6263.339737555936 -4061.6935554760794
-5623496.53689527 -1706796.843478603 2794998.545131926 -86.20936337455599 -6260.8597056959225 -4065.744664686389
-5623579.150313377 -1713056.4598151015 2790930.777352499 -79.01737050126548 -6258.371626312969 -4069.789917607752
-5623654.571433124 -1719313.584049783 2786858.967250858 -71.82476817727739 -6255.875502593068 -4073.8293080894337
-5623722.799649624 -1725568.2081399066 2782783.120692515 -64.63156553038706 -6253.371337731325 -4077.8628299874676
-5623783.834367121 -1731820.3240459326 2778703.243549123 -57.437771691023144 -6250.8591349319595 -4081.890477164661
-5623837.6749989875 -1738069.9237315287 2774619.341698469 -50.24339579224233 -6248.338897408295 -4085.912243490599
-5623884.320967731 -1744316.9991635815 2770531.421024467 -43.048446969724296 -6245.810628382762 -4089.9281228416485
-5623923.771704999 -1750561.5423122037 2766439.48741715 -35.85293436176639 -6243.274331086886 -4093.938109100965
-5623956.026651574 -1756803.5451507447 2762343.546772666 -28.656867109278505 -6240.730008761294 -4097.942196158495
-5623981.085257384 -1763042.9996557992 2758243.6049932684 -21.460254355777963 -6238.177664655699 -4101.9403779109825
-5623998.946981501 -1769279.8978072153 2754139.6679873117 -14.263105247384292 -6235.617302028905 -4105.932648261973
-5624009.611292143 -1775514.2315881054 2750031.741669242 -7.065428932814145 -6233.048924148802 -4109.919001121818
-5624013.077666681 -1781745.9929848537 2745919.8319595926 0.13276543662380802 -6230.472534292415 -4113.8994304077205
-5624009.345591637 -1787975.1739871262 2741803.944784977 7.331468707034221 -6227.888135746007 -4117.873930043804
-5623998.414562687 -1794201.7665878802 2737684.0860780785 14.530671721940909 -6225.295731805098 -4121.842493961135
-5623980.284084666 -1800425.7627833728 2733560.2617776482 21.730365322292812 -6222.695325774462 -4125.805116097731
-5623954.953671567 -1806647.1545731705 2729432.477828495 28.9305403464699 -6220.086920968125 -4129.761790398565
-5623922.422846553 -1812865.933960158 2725300.7401814796 36.131187630289084 -6217.470520709358 -4133.71251081557
-5623882.6911419425 -1819082.0929505487 2721165.0547935064 43.33229800701011 -6214.846128330678 -4137.657271307646
-5623835.75809923 -1825295.6235538928 2717025.427627518 50.533862307341515 -6212.2137471738415 -4141.596065840664
-5623781.623269076 -1831506.517783087 2712881.864652487 57.73587135944648 -6209.573380589844 -4145.5288883874755
-5623720.286211318 -1837714.767654383 2708734.3718434116 64.93831598894876 -6206.925031938917 -4149.455732927917
-5623651.746494965 -1843920.3651873984 2704582.955181305 72.14118701893852 -6204.26870459052 -4153.376593448812
-5623576.0036982065 -1850123.3024051238 2700427.6206531897 79.34447526997826 -6201.604401923345 -4157.29146394398
-5623493.057408412 -1856323.571333934 2696268.374252092 86.54817156010871 -6198.932127325305 -4161.200338414244
-5623402.907222135 -1862521.1640035962 2692105.221977034 93.75226670485463 -6196.25188419354 -4165.103210867432
-5623305.552745113 -1868716.0724472785 2687938.169833025 100.95675151723071 -6193.563675934403 -4169.000075318389
-5623200.993592273 -1874908.2887015608 2683767.223831057 108.16161680774749 -6190.86750596347 -4172.890925788974
-5623089.229387736 -1881097.804806443 2679592.389988098 115.36685338441713 -6188.163377705525 -4176.775756308073
-5622970.259764808 -1887284.6128053537 2675413.6743270797 122.57245205275929 -6185.4512945945635 -4180.654560911603
-5622844.084365998 -1893468.7047451616 2671231.0828768983 129.77840361580698 -6182.731260073787 -4184.527333642516
-5622710.702843011 -1899650.0726761818 2667044.621672402 136.98469887411238 -6180.0032775956015 -4188.39406855081
-5622570.114856753 -1905828.7086521871 2662854.2967543853 144.19132862575273 -6177.267350621614 -4192.254759693526
-5622422.32007733 -1912004.6047304163 2658660.1141695827 151.3982836663361 -6174.523482622631 -4196.1094011347595
-5622267.318184059 -1918177.7529715835 2654462.0799706597 158.6055547890073 -6171.771677078648 -4199.957986945667
-5622105.10886546 -1924348.145439888 2650260.200216209 165.81313278445342 -6169.0119374788555 -4203.8005112044675
-5621935.691819268 -1930515.7742030218 2646054.4809707403 173.02100844090822 -6166.244267321563 -4207.636967996409
-5621759.066752429 -1936680.6313321805 2641844.928304675 180.22917254415486 -6163.468670114113 -4211.467351413707
-5621575.233381104 -1942842.7089020715 2637631.5482943384 187.43761587753073 -6160.685149372857 -4215.291655555542
-5621384.191430671 -1949001.998990923 2633414.347021954 194.64632922193226 -6157.893708623161 -4219.109874528069
-5621185.94063573 -1955158.4936804927 2629193.3305756347 201.85530335582015 -6155.0943513993925 -4222.922002444415
-5620980.480740103 -1961312.1850560778 2624968.5050493777 209.06452905522423 -6152.287081244924 -4226.728033424688
-5620767.811496838 -1967463.0652065228 2620739.8765430553 216.27399709374836 -6149.471901712125 -4230.5279615959835
-5620547.93266821 -1973611.1262242296 2616507.4511624104 223.48369824257557 -6146.648816362364 -4234.321781092385
-5620320.8440257255 -1979756.360205165 2612271.2350190487 230.69362327047284 -6143.817828766 -4238.109486054973
-5620086.5453501195 -1985898.7592488718 2608031.23423043 237.90376294379618 -6140.978942502382 -4241.891070631826
-5619845.036431367 -1992038.315458476 2603787.454919862 245.11410802649553 -6138.132161159844 -4245.666528978029
-5619596.317068676 -1998175.020940697 2599539.903216496 252.3246492801197 -6135.277488335705 -4249.435855255678
-5619340.387070497 -2004308.8678058553 2595288.585255317 259.5353774638213 -6132.414927636265 -4253.199043633882
-5619077.24625452 -2010439.8481678825 2591033.5071771364 266.7462833343617 -6129.544482676798 -4256.956088288773
-5618806.8944476815 -2016567.9541443298 2586774.6751285866 273.95735764611584 -6126.66615708155 -4260.706983403505
-5618529.331486163 -2022693.1778563773 2582512.0952621135 281.16859115107724 -6123.7799544837435 -4264.451723168262
-5618244.557215398 -2028815.5114288433 2578245.7737359684 288.3799745988628 -6120.885878525563 -4268.190301780264
-5617952.571490069 -2034934.9469901917 2573975.7167142024 295.59149873671794 -6117.983932858159 -4271.9227134437715
-5617653.374174112 -2041051.476672543 2569701.93036666 302.80315430952095 -6115.074121141642 -4275.64895237009
-5617346.965140724 -2047165.0926116814 2565424.420868969 310.01493205978863 -6112.156447045082 -4279.369012777572
-5617033.344272354 -2053275.7869470655 2561143.1944025364 317.2268227276804 -6109.230914246504 -4283.082888891627
-5616712.511460716 -2059383.551821836 2556858.2571545397 324.4388170510038 -6106.297526432883 -4286.7905749447245
-5616384.466606788 -2065488.3793828248 2552569.6153179207 331.65090576521874 -6103.356287300144 -4290.492065176397
-5616049.209620811 -2071590.2617805644 2548277.275091378 338.8630796034377 -6100.407200553062 -4294.187353833182
-5615706.740422296 -2077689.1911692966 2543981.2426793613 346.0753292964087 -6097.450269904886 -4297.8764351683585
-5615357.058940024 -2083785.1597069805 2539681.5242920616 353.28764557250884 -6094.485499077171 -4301.559303441836
-5615000.165112048 -2089878.1595553006 2535378.126145409 360.5000191577455 -6091.512891799765 -4305.235952920154
-5614636.058885697 -2095968.1828796756 2531071.054461062 367.7124407757584 -6088.532451810812 -4308.906377876483
-5614264.740217578 -2102055.221849267 2526760.3154664035 374.9249011478208 -6085.544182856741 -4312.570572590624
-5613886.209073577 -2108139.2686369857 2522445.915394533 382.1373909928414 -6082.548088692266 -4316.228531349011
-5613500.465428863 -2114220.3154195026 2518127.8604842597 389.3499010273662 -6079.544173080379 -4319.880248444716
-5613107.509267888 -2120298.3543772544 2513806.1569800973 396.5624219655795 -6076.532439792346 -4323.525718177448
-5612707.340584393 -2126373.3776944545 2509480.811132257 403.7749445193062 -6073.512892607703 -4327.164934853549
-5612299.959381407 -2132445.3775591003 2505151.8291966384 410.9874593980125 -6070.485535314253 -4330.797892786009
-5611885.365671252 -2138514.346162979 2500819.2174348263 418.1999573088083 -6067.450371708058 -4334.424586294451
-5611463.559475544 -2144580.2757016798 2496482.9821140817 425.41242895644785 -6064.407405593439 -4338.045009705145
-5611034.540825194 -2150643.1583746 2492143.129507337 432.6248650433322 -6061.35664078297 -4341.659157351005
-5610598.309760411 -2156702.986384954 2487799.6658931887 439.8372562695098 -6058.298081097474 -4345.267023571591
-5610154.866330709 -2162759.7519397796 2483452.597555888 447.0495933326784 -6055.231730366017 -4348.8686027131125
-5609704.210594902 -2168813.44724995 2479101.930785338 454.2618669281863 -6052.157592425904 -4352.463889128422
-5609246.34262111 -2174864.0645301775 2474747.6718770866 461.4740677490339 -6049.07567112268 -4356.052877177029
-5608781.262486764 -2180911.5959990253 2470389.8271323172 468.6861864858749 -6045.985970310123 -4359.635561225091
-5608308.970278603 -2186956.0338789145 2466028.402857845 475.89821382701786 -6042.888493850235 -4363.211935645422
-5607829.466092681 -2192997.370396133 2461663.4053661097 483.11014045842734 -6039.783245613244 -4366.78199481749
-5607342.750034362 -2199035.597780841 2457294.840975165 490.3219570637253 -6036.670229477598 -4370.34573312742
-5606848.822218335 -2205070.7082670834 2452922.716008678 497.5336543241924 -6033.549449329961 -4373.903144967998
-5606347.682768604 -2211102.6940927943 2448547.036795919 504.74522291877423 -6030.4209090652685 -4377.454224738708
-5605839.331818495 -2217131.5474998085 2444167.809671755 511.9566535241042 -6027.284612586977 -4380.998966845928
-5605323.769510661 -2223157.2607338675 2439785.0409766436 519.1679368145171 -6024.140563807189 -4384.537365703016
-5604800.99599708 -2229179.826044629 2435398.7370566255 526.3790634620528 -6020.988766646649 -4388.069415730321
-5604271.011439061 -2235199.2356856763 2431008.9042633176 533.59002413646 -6017.829225034743 -4391.595111355188
-5603733.816007243 -2241215.481914527 2426615.5489539052 540.800809505199 -6014.661942909496 -4395.114447011958
-5603189.409881598 -2247228.5569926393 2422218.677491137 548.0114102334461 -6011.486924217573 -4398.627417141976
-5602637.793251436 -2253238.453185424 2417818.296243315 555.2218169840963 -6008.304172914271 -4402.134016193595
-5602078.966315403 -2259245.162762251 2413414.4115842916 562.4320204177673 -6005.113692963519 -4405.6342386221795
-5601512.929281487 -2265248.6779964585 2409007.0298934584 569.6420111928024 -6001.915488337881 -4409.1280788901095
-5600939.6823670175 -2271248.991165362 2404596.157555742 576.8517799652748 -5998.709563018543 -4412.615531466786
-5600359.225798672 -2277246.094550261 2400181.8009615964 584.0613173889902 -5995.495920995323 -4416.096590828635
-5599771.559812471 -2283239.9804364503 2395763.9665069953 591.2706141154906 -5992.274566266661 -4419.571251459114
-5599176.684653791 -2289230.6411132277 2391342.660593426 598.4796607940578 -5989.045502839616 -4423.039507848712
-5598574.600577352 -2295218.068873902 2386917.88962788 605.688448071717 -5985.808734729872 -4426.501354494956
-5597965.307847233 -2301202.2560158013 2382489.660022849 612.8969665932393 -5982.564265961727 -4429.956785902418
-5597348.80673687 -2307183.1948402836 2378057.9781963173 620.1052070011467 -5979.312100568096 -4433.405796582717
-5596725.097529055 -2313160.8776527424 2373622.850571753 627.3131599357139 -5976.052242590507 -4436.848381054524
-5596094.180515943 -2319135.296762619 2369184.283578102 634.5208160349732 -5972.784696079104 -4440.284533843566
-5595456.055999051 -2325106.4444834082 2364742.283649782 641.7281659347168 -5969.509465092634 -4443.714249482632
-5594810.724289262 -2331074.313132668 2360296.857226674 648.9352002685007 -5966.226553698458 -4447.137522511574
-5594158.185706825 -2337038.8950320277 2355848.0107541145 656.1419096676481 -5962.935965972541 -4450.55434747732
-5593498.440581361 -2343000.1825071974 2351395.75068289 663.3482847612518 -5959.637705999446 -4453.964718933861
-5592831.489251861 -2348958.167887975 2346940.08346923 670.5543161761457 -5956.331777872043 -4457.368631442053
-5592157.332066694 -2354912.8435082566 2342481.0155748 677.7599945368371 -5953.018185690899 -4460.7660795691545
-5591475.9693836 -2360864.2017060416 2338018.5534666944 684.9653104654894 -5949.696933564131 -4464.157057888725
-5590787.401569701 -2366812.2348234416 2333552.703617432 692.1702545819193 -5946.368025607394 -4467.541560980618
-5590091.6290015 -2372756.9352066875 2329083.472504948 699.3748175035946 -5943.031465943886 -4470.919583430984
-5589388.652064886 -2378698.2952061375 2324610.866612587 706.5789898456326 -5939.687258704341 -4474.291119832266
-5588678.471155131 -2384636.307176283 2320134.8924291003 713.7827622385273 -5936.335408174034 -4477.656164893954
-5587961.086676783 -2390570.9634767002 2315655.556447927 720.9861254925905 -5932.975920145202 -4481.014714462542
-5587236.499043641 -2396502.2564722346 2311172.8651670516 728.1890702605617 -5929.608799101598 -4484.366763402127
-5586504.708678886 -2402430.1785319555 2306686.825089789 735.3915871546264 -5926.234049214661 -4487.712306342431
-5585765.7160150865 -2408354.7220291086 2302197.442724821 742.5936667846412 -5922.851674663213 -4491.051337919403
-5585019.521494202 -2414275.8793411218 2297704.724586191 749.7952997581299 -5919.461679633458 -4494.383852775216
-5584266.125567587 -2420193.642849613 2293208.677193295 756.996476680281 -5916.064068318972 -4497.7098455582645
-5583505.528695991 -2426108.0049403976 2288709.3070708807 764.1971881539441 -5912.658844920701 -4501.029310923159
-5582737.731349562 -2432018.9580034954 2284206.6207490354 771.3974247796259 -5909.24601364695 -4504.342243530719
-5581962.734007849 -2437926.494433138 2279700.6247631833 778.5971771554877 -5905.825578713379 -4507.648638047978
-5581180.537159803 -2443830.6066277768 2275191.3256540787 785.7964358773412 -5902.397544342996 -4510.948489148172
-5580391.141303781 -2449731.286990089 2270678.7299677995 792.9951915386453 -5898.961914766152 -4514.241791510735
-5579594.546947549 -2455628.527926986 2266162.844255741 800.1934347305022 -5895.51869422053 -4517.528539821304
-5578790.754608281 -2461522.321849622 2261643.6750746104 807.3911560416542 -5892.067886951143 -4520.808728771706
-5577979.764812565 -2467412.6611733977 2257121.228986419 814.5883460584796 -5888.609497210326 -4524.082353059959
-5577161.578096401 -2473299.5383179714 2252595.5125584765 821.7849953649888 -5885.143529257729 -4527.349407390265
-5576336.195005211 -2479182.9457072644 2248066.5323633873 828.9810945428255 -5881.6699873603475 -4530.609886473032
-5575503.616093832 -2485062.875769468 2243534.294979041 836.1766341712863 -5878.188875792673 -4533.863785025
-5574663.841926525 -2490939.320937053 2238998.8069886067 843.371604827331 -5874.700198836788 -4537.111097769309
-5573816.873076976 -2496812.2736467747 2234460.074980528 850.5659970855822 -5871.203960782369 -4540.3518194355
-5572962.710128295 -2502681.726339683 2229918.1055485164 857.7598015183237 -5867.700165926685 -4543.585944759524
-5572101.353673025 -2508547.6714611286 2225372.9052915424 864.9530086954987 -5864.1888185746 -4546.813468483744
-5571232.804313134 -2514410.1014607707 2220824.480813832 872.1456091847093 -5860.66992303858 -4550.034385356935
-5570357.06266003 -2520269.0087925843 2216272.8387248605 879.3375935512147 -5857.143483638686 -4553.24869013429
-5569474.129334552 -2526124.385914869 2211717.985639342 886.5289523579299 -5853.609504702582 -4556.456377577424
-5568584.004966982 -2531976.2252902556 2207159.928177228 893.7196761654249 -5850.067990565536 -4559.657442454375
-5567686.690197037 -2537824.5193857136 2202598.6729636975 900.9097555319225 -5846.518945570421 -4562.851879539613
-5566782.185673881 -2543669.26067256 2198034.2266291524 908.0991810132987 -5842.962374067718 -4566.039683614034
-5565870.492056122 -2549510.4416264654 2193466.595809211 915.2879431630796 -5839.3982804155185 -4569.220849464977
-5564951.610011815 -2555348.0547274626 2188895.7871447 922.4760325324415 -5835.826668979524 -4572.395371886213
-5564025.540218467 -2561182.0924599543 2184321.807281649 929.6634396702094 -5832.247544133053 -4575.563245677963
-5563092.283363037 -2567012.5473127193 2179744.6628712853 936.8501551228557 -5828.660910257043 -4578.724465646893
-5562151.840141936 -2572839.4117789217 2175164.360570025 944.0361694344989 -5825.0667717400465 -4581.879026606121
-5561204.211261034 -2578662.6783561176 2170580.9070394696 951.2214731469031 -5821.465132978245 -4585.026923375222
-5560249.397435662 -2584482.339546264 2165994.308946396 958.4060567994767 -5817.85599837544 -4588.168150780231
-5559287.399390611 -2590298.387855725 2161404.572962753 965.5899109292707 -5814.239372343069 -4591.302703653646
-5558318.217860134 -2596110.8157952796 2156811.705765653 972.7730260709786 -5810.615259300195 -4594.430576834437
-5557341.853587954 -2601919.615880131 2152215.7140373667 979.955392756935 -5806.98366367352 -4597.551765168045
-5556358.307327262 -2607724.780629911 2147616.604465316 987.1370015171157 -5803.3445898973905 -4600.6662635063985
-5555367.57984072 -2613526.30256869 2143014.383742067 994.3178428791446 -5799.698042413849 -4603.77406670795
-5554369.671900462 -2619324.174224986 2138409.058565324 1001.4979073682966 -5796.044025672653 -4606.875169637696
-5553364.5842881 -2625118.388131769 2133800.635637925 1008.6771855074965 -5792.382544131281 -4609.969567167182
-5552352.317794723 -2630908.93682647 2129189.1216678303 1015.8556678173162 -5788.7136022549175 -4613.057254174497
-5551332.873220903 -2636695.812850991 2124574.5233681216 1023.0333448159736 -5785.03720451646 -4616.138225544276
-5550306.25137669 -2642479.0087517085 2119956.8474569907 1030.2102070193305 -5781.353355396509 -4619.212476167699
-5549272.4530816255 -2648258.5170794856 2115336.100657736 1037.3862449408903 -5777.662059383362 -4622.280000942486
-5548231.479164733 -2654034.3303896757 2110712.289698754 1044.561449091796 -5773.963320973017 -4625.340794772904
-5547183.330464529 -2659806.4412421337 2106085.4213135345 1051.7358099808284 -5770.257144669161 -4628.394852569756
-5546128.007829023 -2665574.84220122 2101455.502240653 1058.9093181144044 -5766.54353498317 -4631.442169250389
-5545065.512115718 -2671339.5258358116 2096822.5392237643 1066.0819639965737 -5762.8224964341025 -4634.482739738686
-5543995.844191614 -2677100.4847193086 2092186.5390115965 1073.2537381290174 -5759.094033548698 -4637.516558965069
-5542919.00493321 -2682857.711429641 2087547.5083579428 1080.4246310110457 -5755.358150861369 -4640.543621866496
-5541834.99522651 -2688611.198549278 2082905.4540216574 1087.5946331395953 -5751.614852914204 -4643.5639233864595
-5540743.815967018 -2694360.938665233 2078260.382766647 1094.7637350092273 -5747.864144256954 -4646.577458474988
-5539645.468059747 -2700106.9243690744 2073612.3013618658 1101.9319271121246 -5744.106029447034 -4649.5842220886425
-5538539.952419219 -2705849.148256931 2068961.2165813074 1109.0991999380901 -5740.340513049522 -4652.584209190513
-5537427.269969467 -2711587.602929502 2064307.1352039992 1116.265543974543 -5736.567599637142 -4655.577414750221
-5536307.4216440385 -2717322.2809920604 2059650.0640139962 1123.430949706518 -5732.787293790273 -4658.563833743915
-5535180.408385995 -2723053.175054467 2054990.009800373 1130.5954076166609 -5728.99960009694 -4661.543461154272
-5534046.231147918 -2728780.277731171 2050326.9793572193 1137.7589081852236 -5725.204523152793 -4664.516291970479
-5532904.890891911 -2734503.581641223 2045660.9794836321 1144.9214418898302 -5721.402067559947 -4667.482321187295
-5531756.388589602 -2740223.079408276 2040992.0169837123 1152.0829992046506 -5717.592237922926 -4670.441543801746
-5530600.725222142 -2745938.763660589 2036320.0986665634 1159.2435706000701 -5713.775038847186 -4673.3939548119
-5529437.901780219 -2751650.627031026 2031645.2313462906 1166.4031465426465 -5709.9504749390835 -4676.339549216815
-5528267.919264053 -2757358.6621570587 2026967.4218419984 1173.5617174950698 -5706.118550805882 -4679.278322016522
-5527090.778683406 -2763062.861680765 2022286.676977792 1180.7192739161267 -5702.279271055754 -4682.210268211998
-5525906.481057581 -2768763.218248834 2017603.0035827754 1187.8758062606616 -5698.432640297789 -4685.135382805143
-5524715.027415426 -2774459.7245125608 2012916.4084910487 1195.0313049795386 -5694.57866314199 -4688.0536607987615
-5523516.418795347 -2780152.373127855 2008226.89854171 1202.185760519603 -5690.717344199289 -4690.965097196534
-5522310.6562453 -2785841.1567552336 2003534.480578853 1209.3391633236442 -5686.848688081546 -4693.869687003003
-5521097.7408227995 -2791526.06805983 1998839.1614515663 1216.4915038303564 -5682.972699401556 -4696.767425223544
-5519877.673594927 -2797207.0997113874 1994140.9480139327 1223.642772474301 -5679.089382773054 -4699.658306864348
-5518650.4556383295 -2802884.244384265 1989439.8471250285 1230.7929596858678 -5675.198742810724 -4702.542326932398
-5517416.088039224 -2808557.494757436 1984735.865648923 1237.9420558912373 -5671.300784130201 -4705.419480435447
-5516174.571893409 -2814226.8435144913 1980029.0104546766 1245.0900515123415 -5667.39551134808 -4708.289762382001
-5514925.908306256 -2819892.2833436374 1975319.2884163414 1252.2369369668259 -5663.4829290819225 -4711.153167781291
-5513670.098392727 -2825553.8069377 1970606.70641296 1259.3827026680103 -5659.563041950269 -4714.009691643257
-5512407.1432773685 -2831211.4069941225 1965891.271328564 1266.5273390248515 -5655.635854572633 -4716.859328978526
-5511137.044094325 -2836865.0762149696 1961172.990052175 1273.6708364419037 -5651.701371569525 -4719.702074798392
-5509859.801987332 -2842514.807306926 1956451.8694778022 1280.8131853192804 -5647.759597562445 -4722.537924114794
-5508575.418109735 -2848160.5929813003 1951727.9165044427 1287.9543760526149 -5643.810537173906 -4725.366871940298
-5507283.893624479 -2853802.425954022 1947001.138036081 1295.0943990331791 -5639.854195028105 -4728.18891328864
-5505985.229704123 -2859440.298945649 1942271.5409816843 1302.2332446500272 -5635.890575760367 -4731.004043182589
-5504679.427530836 -2865074.2046813876 1937539.1322551875 1309.3709032926238 -5631.919684028359 -4733.812256663354
-5503366.488296399 -2870704.135891111 1932803.9187754756 1316.5073653512172 -5627.941524513362 -4736.613548791707
-5502046.413202198 -2876330.0853093877 1928065.907466362 1323.6426212169245 -5623.956101920262 -4739.407914648051
-5500719.203459232 -2881952.045675501 1923325.1052565707 1330.7766612818132 -5619.963420977536 -4742.19534933247
-5499384.860288105 -2887570.009733476 1918581.5190797152 1337.909475938986 -5615.963486437244 -4744.975847964794
-5498043.384919027 -2893183.970232101 1913835.1558742793 1345.0410555826636 -5611.9563030750105 -4747.749405684653
-5496694.7785918135 -2898793.919924951 1909086.0225835973 1352.1713906082682 -5607.941875690013 -4750.516017651533
-5495339.042555885 -2904399.8515704134 1904334.1261558344 1359.300471412507 -5603.92020910497 -4753.275679044836
-5493976.178070264 -2910001.7579317093 1899579.473543966 1366.428288393456 -5599.891308166122 -4756.028385063937
-5492606.1864035735 -2915599.6317769173 1894822.0717057583 1373.5548319506438 -5595.855177743219 -4758.77413092824
-5491229.0688340375 -2921193.4658789984 1890061.9276037484 1380.6800924851354 -5591.811822729505 -4761.51291187723
-5489844.826649477 -2926783.253015818 1885299.0482052232 1387.8040603996162 -5587.761248041703 -4764.2447231705355
-5488453.46114731 -2932368.98597017 1880533.4404822 1394.926726098476 -5583.7034586199925 -4766.969560087979
-5487054.97363455 -2937950.6575298007 1875765.1114114064 1402.0480799878928 -5579.638459428 -4769.687417929635
-5485649.365427802 -2943528.260487431 1870994.0679742598 1409.1681124759175 -5575.566255452776 -4772.398292015883
-5484236.637853262 -2949101.7876407816 1866220.3171568469 1416.2868139725579 -5571.486851704781 -4775.102177687467
-5482816.792246716 -2954671.2317925943 1861443.8659499034 1423.4041748898624 -5567.400253217863 -4777.79907030554
-5481389.829953537 -2960236.585750656 1856664.7213487935 1430.520185642006 -5563.3064650492415 -4780.488965251731
-5479955.752328683 -2965797.842327825 1851882.89035349 1437.6348366453735 -5559.205492279487 -4783.171857928186
-5478514.560736691 -2971354.994342049 1847098.3799685529 1444.7481183185193 -5555.097340012025 -4785.847743757221
-5477066.256551683 -2976908.0346163865 1842311.1972031146 1451.8600210777945 -5550.982013356116 -4788.516618166776
-5475610.841157371 -2982456.955978991 1837521.349070892 1458.9705353271613 -5546.859517388228 -4791.1784765571965
-5474148.315947069 -2988001.751263071 1832728.8425902182 1466.0796514555573 -5542.729857142942 -4793.8333142932415
-5472678.682323708 -2993542.413306849 1827933.6847840804 1473.1873598365953 -5538.593037612919 -4796.481126703839
-5471201.941699858 -2999078.934953519 1823135.8826801544 1480.2936508282892 -5534.449063748942 -4799.121909081913
-5469718.095497734 -3004611.3090512054 1818335.4433108415 1487.3985147727756 -5530.297940459966 -4801.755656684209
-5468227.145149219 -3010139.5284529203 1813532.373713304 1494.5019419960377 -5526.139672613175 -4804.382364731122
-5466729.092095879 -3015663.5860165213 1808726.6809295025 1501.6039228076295 -5521.974265034026 -4807.002028406535
-5465223.937788976 -3021183.4746046723 1803918.3720062317 1508.704447500396 -5517.801722506308 -4809.614642857643
-5463711.683689492 -3026699.1870847987 1799107.4539951582 1515.803506350198 -5513.622049772196 -4812.220203194788
-5462192.331268137 -3032210.7163290484 1794293.9339528554 1522.9010896156308 -5509.435251532313 -4814.818704491293
-5460665.882005375 -3037718.055214248 1789477.8189408432 1529.9971875377494 -5505.2413324457775 -4817.4101417832935
-5459132.337391435 -3043221.196621864 1784659.1160256236 1537.0917903397876 -5501.040297130278 -4819.994510069576
-5457591.698926333 -3048720.133437958 1779837.8322787185 1544.1848882268798 -5496.832150162125 -4822.571804311414
-5456043.96811989 -3054214.858553149 1775013.9747767074 1551.2764713857819 -5492.6168960763225 -4825.142019432403
-5454489.146491748 -3059705.3648625696 1770187.550601265 1558.366529984592 -5488.39453936663 -4827.705150318303
-5452927.235571392 -3065191.6452658256 1765358.5668391995 1565.4550541724714 -5484.165084485628 -4830.261191816877
-5451358.236898163 -3070673.692666955 1760527.0305824904 1572.5420340793642 -5479.928535844796 -4832.810138737735
-5449782.15202129 -3076151.499974386 1755692.948928326 1579.627459815718 -5475.684897814576 -4835.351985852173
-5448198.982499892 -3081625.0601008977 1750856.3289791434 1586.7113214722056 -5471.434174724454 -4837.886727893021
-5446608.729903014 -3087094.365963578 1746017.177842666 1593.793609119549 -5467.176370863394 -4840.414359554809
-5445011.395809636 -3092559.4104837882 1741175.5026319372 1600.8743128129681 -5462.911490495998 -4842.934875507798
-5443406.981808688 -3098020.186587162 1736331.310465326 1607.9534226044861 -5458.639537904922 -4845.4482704352795
-5441795.489499044 -3103476.687203628 1731484.6084665067 1615.0309285464114 -5454.360517402463 -4847.9545390438625
-5440176.920489527 -3108928.9052674435 1726635.4037644349 1622.1068206914947 -5450.074433330704 -4850.453676063687
-5438551.276398908 -3114376.833717223 1721783.7034933248 1629.181089093042 -5445.781290061491 -4852.945676248504
-5436918.558855904 -3119820.4654959673 1716929.5147926244 1636.2537238050263 -5441.481091996416 -4855.430534375746
-5435278.769499177 -3125259.793551093 1712072.8448069927 1643.3247148821986 -5437.17384356679 -4857.908245246603
-5433631.909977333 -3130694.8108344646 1707213.7006862755 1650.3940523802016 -5432.859549233626 -4860.378803686096
-5431977.981948923 -3136125.510302422 1702352.0895854817 1657.4617263556804 -5428.538213487612 -4862.842204543149
-5430316.987082442 -3141551.8849158087 1697488.0186647594 1664.5277268663945 -5424.209840849086 -4865.298442690663
-5428648.927056326 -3146973.927640005 1692621.4950893717 1671.5920439713298 -5419.87443586801 -4867.747513025584
-5426973.8035589475 -3152391.631444956 1687752.5260296725 1678.6546677308108 -5415.532003123947 -4870.189410468975
-5425291.618288624 -3157804.989305201 1682881.1186610826 1685.7155882066118 -5411.182547226028 -4872.624129966085
-5423602.372953607 -3163213.9941999023 1678007.280164066 1692.7747954620684 -5406.826072812926 -4875.051666486418
-5421906.069272084 -3168618.6391128767 1673131.0177241042 1699.8322795621898 -5402.462584552827 -4877.472015023803
-5420202.708972178 -3174018.9170326237 1668252.3385316737 1706.8880305737691 -5398.092087143395 -4879.885170596455
-5418492.293791943 -3179414.8209523554 1663371.249782219 1713.9420385654957 -5393.714585311745 -4882.29112824705
-5416774.825479363 -3184806.3438700247 1658487.7586761317 1720.9942936080677 -5389.330083814408 -4884.689883042785
-5415050.305792351 -3190193.4787883563 1653601.872418722 1728.0447857743006 -5384.938587437296 -4887.081430075445
-5413318.736498749 -3195576.218714877 1648713.598220197 1735.0935051392405 -5380.540100995673 -4889.4657644614645
-5411580.119376316 -3200954.5566619406 1643822.9432956346 1742.1404417801214 -5376.134629333641 -4891.84288134157
-5409834.4562127385 -3206328.4856467573 1638929.9148649643 1749.1855857723763 -5371.722177311557 -4894.212775869469
-5408081.748805632 -3211697.9986913945 1634034.5201529644 1756.2289271820127 -5367.302749782634 -4896.575443190659
-5406321.99896255 -3217063.0888227676 1629136.766389274 1763.2704560640414 -5362.876351588473 -4898.930878438313
-5404555.208500998 -3222423.7490726267 1624236.6608084054 1770.310162462347 -5358.442987559067 -4901.279076733183
-5402781.379248442 -3227779.972477547 1619334.210649756 1777.3480364095685 -5354.00266251283 -4903.620033183536
-5401000.513042322 -3233131.7520789155 1614429.4231576214 1784.384067926976 -5349.555381256628 -4905.953742885087
-5399212.611730062 -3238479.080922922 1609522.3055812076 1791.4182470243509 -5345.101148585801 -4908.280200920932
-5397417.677169082 -3243821.952060544 1604612.8651746446 1798.4505636998624 -5340.639969284201 -4910.599402361484
-5395615.711226808 -3249160.358547538 1599701.1091969972 1805.481007939948 -5336.171848124219 -4912.911342264407
-5393806.715780689 -3254494.2934444267 1594787.04491228 1812.5095697191891 -5331.696789866814 -4915.216015674547
-5391990.692718204 -3259823.7498164894 1589870.6795894685 1819.5362390001899 -5327.214799261545 -4917.513417623872
-5390167.6439368725 -3265148.7207337474 1584952.0205025128 1826.5610057334536 -5322.725881046603 -4919.803543131402
-5388337.571344273 -3270469.199270955 1580031.0749303508 1833.5838598572607 -5318.230039948842 -4922.086387203148
-5386500.476858052 -3275785.178507589 1575107.8501569207 1840.6047912975462 -5313.727280683815 -4924.361944832043
-5384656.362405934 -3281096.6515278346 1570182.3534711744 1847.6237899677747 -5309.217607955796 -4926.630210997879
-5382805.22992574 -3286403.611420577 1565254.5921670906 1854.6408457688187 -5304.701026457825 -4928.891180667243
-5380947.081365392 -3291706.0512793874 1560324.5735436878 1861.6559485888338 -5300.177540871734 -4931.144848793453
-5379081.918682931 -3297003.9642025144 1555392.3049050383 1868.6690883031347 -5295.647155868183 -4933.391210316491
-5377209.743846533 -3302297.3432928706 1550457.7935602807 1875.680254774072 -5291.109876106693 -4935.630260162941
-5375330.558834514 -3307586.181658024 1545521.0468236336 1882.6894378509069 -5286.565706235683 -4937.861993245924
-5373444.36563535 -3312870.4724101843 1540582.07201441 1889.696627369919 -5282.0146508931475 -4940.086404465639
-5371551.166247685 -3318150.2086661975 1535640.8764570262 1896.7018131563757 -5277.456714712495 -4942.303488714694
-5369650.962680344 -3323425.383547541 1530697.4674810078 1903.7049850262385 -5272.891902327544 -4944.513240882697
-5367743.756952338 -3328695.990180329 1525751.8524209925 1910.7061327862386 -5268.320218372894 -4946.715655856562
-5365829.551092876 -3333962.021695309 1520804.0386167315 1917.7052462338181 -5263.7416674839515 -4948.910728520494
-5363908.347141378 -3339223.4712278643 1515854.0334130942 1924.7023151570736 -5259.156254296942 -4951.09845375595
-5361980.147147477 -3344480.331918015 1510901.8441600695 1931.6973293346978 -5254.563983448928 -4953.278826441619
-5360044.9531710325 -3349732.59691042 1505947.4782127691 1938.690278535922 -5249.964859577815 -4955.451841453392
-5358102.767282142 -3354980.2593543753 1500990.94293143 1945.681152520458 -5245.358887322382 -4957.617493664339
-5356153.591561146 -3360223.3124038163 1496032.2456814174 1952.6699410384401 -5240.74607132228 -4959.7757779446765
-5354197.42809864 -3365461.7492173184 1491071.3938332284 1959.6566338303664 -5236.12641621806 -4961.926689161743
-5352234.278995485 -3370695.562958098 1486108.3947624937 1966.64122062704 -5231.499926651182 -4964.070222179969
-5350264.146362812 -3375924.746794014 1481143.2558499812 1973.6236911495098 -5226.866607264035 -4966.206371860856
-5348287.032322041 -3381149.293897567 1476175.9844815985 1980.6040351090126 -5222.226462699946 -4968.335133062941
-5346302.939004882 -3386369.1974459025 1471206.5880483964 1987.5822422069125 -5217.579497603199 -4970.4565006417715
-5344311.868553352 -3391584.450620811 1466235.073946572 1994.5583021346417 -5212.92571661905 -4972.570469449876
-5342313.823119776 -3396795.046608727 1461261.4495774708 2001.5322045736411 -5208.265124393742 -4974.677034336741
-5340308.80486681 -3402000.978600734 1456285.7223475904 2008.5039391953005 -5203.5977255745165 -4976.776190148775
-5338296.815967438 -3407202.239792561 1451307.8996685839 2015.4734956608968 -5198.923524809635 -4978.867931729283
-5336277.858604989 -3412398.8233845877 1446327.9889572624 2022.4408636215353 -5194.2425267483895 -4980.952253918439
-5334251.934973154 -3417590.7225817977 1441345.9976356858 2029.406032693248 -5189.554735834465 -4983.02915115041
-5332219.04727606 -3422777.9305932117 1436361.933132276 2036.3689924005514 -5184.860155857867 -4985.098616578748
-5330179.197728273 -3427960.4406320127 1431375.8028815778 2043.3297323462318 -5180.15879138039 -4987.1606448582015
-5328132.388554755 -3433138.2459160145 1426387.6143233473 2050.288242128755 -5175.4506470307615 -4989.215230773976
-5326078.621990874 -3438311.339667658 1421397.3749025592 2057.2445113336776 -5170.7357274330025 -4991.262369102105
-5324017.900282422 -3443479.715114004 1416405.0920694168 2064.1985295335508 -5166.014037206454 -4993.302054609398
-5321950.225685622 -3448643.3654867327 1411410.7732793614 2071.1502862878224 -5161.285580965801 -4995.334282053386
-5319875.600467146 -3453802.2840221343 1406414.4259930819 2078.0997711427403 -5156.550363321097 -4997.359046182279
-5317794.026904125 -3458956.4639611086 1401416.0576765225 2085.0469736312534 -5151.808388877794 -4999.376341734902
-5315705.507284165 -3464105.898549157 1396415.6758008944 2091.9918832729136 -5147.059662236764 -5001.386163440654
-5313610.04390536 -3469250.5810363814 1391413.2878426837 2098.934489573778 -5142.304187994325 -5003.388506019445
-5311507.639076301 -3474390.504677476 1386408.901283661 2105.8747820263106 -5137.541970742269 -5005.383364181655
-5309398.295116098 -3479525.662731725 1381402.523610892 2112.812750109281 -5132.77301506789 -5007.370732628075
-5307282.014354385 -3484656.048462998 1376394.162316746 2119.7483832876655 -5127.997325554003 -5009.350606049852
-5305158.79913134 -3489781.6551397457 1371383.8248989063 2126.6816710125513 -5123.214906778975 -5011.322979128445
-5303028.651797698 -3494902.476034994 1366371.5188603797 2133.6126027210303 -5118.425763316754 -5013.287846535562
-5300891.574714763 -3500018.50442634 1361357.2517095052 2140.541167836103 -5113.629899736887 -5015.245202933114
-5298747.570254421 -3505129.7335959505 1356341.0309599657 2147.467355766576 -5108.827320604557 -5017.195042973163
-5296596.640799159 -3510236.1568305525 1351322.864130797 2154.391155906962 -5104.018030480598 -5019.1373612978605
-5294438.788742078 -3515337.7674214332 1346302.7587463977 2161.312557637376 -5099.2020339215305 -5021.072152539402
-5292274.0164869 -3520434.5586644346 1341280.7223365386 2168.231550323435 -5094.379335479581 -5022.999411319965
-5290102.326447995 -3525526.5238599475 1336256.762436374 2175.148123315994 -5089.549939702333 -5024.919132251294
-5287923.721050387 -3530613.656312908 1331230.8865864526 2182.062265950349 -5084.713851131148 -5026.831309933057
-5285738.202729773 -3535695.94933279 1326203.102332729 2188.9739675458045 -5079.871074300456 -5028.735938952067
-5283545.77393254 -3540773.3962335982 1321173.4172265779 2195.883217405547 -5075.021613737769 -5030.633013882194
-5281346.437115778 -3545845.9903338617 1316141.8388248072 2202.79000481652 -5070.165473963709 -5032.522529284297
-5279140.194747299 -3550913.7249566265 1311108.3746896693 2209.6943190493034 -5065.302659492031 -5034.4044797061615
-5276927.049305654 -3555976.593429449 1306073.0323888764 2216.596149357989 -5060.433174829656 -5036.278859682422
-5274707.003280145 -3561034.5890843887 1301035.8194956125 2223.495484980057 -5055.5570244767 -5038.145663734504
-5272480.059170849 -3566087.705258003 1295996.7435885463 2230.3923151362533 -5050.674212926497 -5040.004886370545
-5270246.219488626 -3571135.9352913382 1290955.8122518454 2237.286629030465 -5045.7847446656315 -5041.856522085335
-5268005.486755146 -3576179.2725299243 1285913.0330751892 2244.1784158495943 -5040.888624173965 -5043.700565360239
-5265757.863502895 -3581217.710323767 1280868.4136537823 2251.067664763434 -5035.985855924662 -5045.537010663132
-5263503.352275202 -3586251.242027343 1275821.9615883688 2257.954364924543 -5031.076444384223 -5047.365852448328
-5261241.955626252 -3591279.8609995916 1270773.6844852446 2264.838505468115 -5026.160394012508 -5049.187085156511
-5258973.676121101 -3596303.560603909 1265723.5899562724 2271.720075511856 -5021.237709262767 -5051.0007032146605
-5256698.516335695 -3601322.334208141 1260671.6856188944 2278.599064155857 -5016.308394581663 -5052.806701035985
-5254416.478856894 -3606336.1751845754 1255617.9790961463 2285.475460482461 -5011.372454409311 -5054.605073019843
-5252127.566282481 -3611345.0769099398 1250562.478016672 2292.34925355614 -5006.429893179292 -5056.395813551681
-5249831.781221185 -3616349.0327653904 1245505.1900147365 2299.220432423363 -5001.480715318688 -5058.178917002955
-5247529.126292694 -3621348.036136507 1240446.1227302405 2306.0889861124615 -4996.524925248103 -5059.954377731051
-5245219.604127683 -3626342.0804132875 1235385.2838087347 2312.954903632911 -4991.562527380411 -5061.722190077927
-5242903.217367821 -3631331.158990135 1230322.6809014385 2319.818173972123 -4986.593526114211 -5063.482348363401
-5240579.968665809 -3636315.2652658434 1225258.3216652637 2326.678786093635 -4981.617925830368 -5065.234846881511
-5238249.860685392 -3641294.392643578 1220192.213762842 2333.5367289368405 -4976.635730891929 -5066.979679900272
-5235912.89610139 -3646268.5345308576 1215124.3648625491 2340.391991416787 -4971.646945644174 -5068.71684166156
-5233569.077599718 -3651237.6843395387 1210054.7826385328 2347.244562423967 -4966.651574414663 -5070.446326380995
-5231218.407877414 -3656201.835485796 1204983.474770738 2354.0944308241155 -4961.6496215132875 -5072.1681282478285
-5228860.889642659 -3661160.981390105 1199910.4489449337 2360.9415854579966 -4956.64109123232 -5073.8822414248225
-5226496.525614812 -3666115.1154772257 1194835.7128527395 2367.7860151412 -4951.625987846457 -5075.588660048137
-5224125.318524429 -3671064.2311761826 1189759.274191652 2374.627708663928 -4946.6043156128735 -5077.28737822721
-5221747.271113283 -3676008.3219202487 1184681.140665072 2381.466654790788 -4941.576078771273 -5078.978390044637
-5219362.386134399 -3680947.3811469297 1179601.3199823312 2388.302842260581 -4936.541281543934 -5080.661689556059
-5216970.666352076 -3685881.402297943 1174519.8198587187 2395.1362597860875 -4931.499928135758 -5082.33727079004
-5214572.114541913 -3690810.378819203 1169436.6480155091 2401.9668960538584 -4926.452022734321 -5084.005127747947
-5212166.733490835 -3695734.3041608036 1164351.8121799899 2408.794739723999 -4921.397569509921 -5085.665254403833
-5209754.52599712 -3700653.1717769997 1159265.3200854866 2415.6197794299555 -4916.336572615633 -5087.317644704315
-5207335.494870428 -3705566.97512619 1154177.1794713933 2422.442003778301 -4911.269036187347 -5088.962292568452
-5204909.642931823 -3710475.707670902 1149087.3980831981 2429.2614013485163 -4906.19496434383 -5090.5991918876225
-5202476.973013805 -3715379.3628777727 1143995.9836725118 2436.0779606927763 -4901.114361186765 -5092.228336525411
-5200037.487960338 -3720277.934217532 1138902.9439970956 2442.8916703357354 -4896.027230800817 -5093.849720317487
-5197591.190626869 -3725171.4151649876 1133808.286820889 2449.7025187748404 -4890.933577254737 -5095.463337072577
-5195138.083880365 -3730059.799199008 1128712.019914034 2456.5104944821883 -4885.8334046055315 -5097.069180576622
-5192678.170599333 -3734943.0798025136 1123614.1510528976 2463.3155859051867 -4880.7267169001725 -5098.667244594407
-5190211.453673841 -3739821.2504624687 1118514.6880200927 2470.1177814664 -4875.6135181756845 -5100.257522869508
-5187737.936005553 -3744694.3046698677 1113413.6386044987 2476.9170695633716 -4870.493812459179 -5101.84000912419
-5185257.620507744 -3749562.235919729 1108311.010601284 2483.7134385684485 -4865.367603767896 -5103.414697059317
-5182770.5101053305 -3754425.037711081 1103206.8118119265 2490.5068768286023 -4860.234896109238 -5104.981580354248
-5180276.607734894 -3759282.703546957 1098101.0500442362 2497.2973726652513 -4855.095693480815 -5106.540652666736
-5177775.916343985 -3764135.2269357815 1092993.7331109103 2504.0849167433025 -4849.950004453925 -5108.091912430556
-5175268.438887773 -3768982.6013978734 1087884.8688227327 2510.8695015300254 -4844.797841073301 -5109.635361724639
-5172754.178331176 -3773824.820461294 1082774.4649929064 2517.6511155664784 -4839.639207789484 -5111.170994682363
-5170233.137650784 -3778661.8776581725 1077662.529440908 2524.4297471730392 -4834.474108664892 -5112.69880501983
-5167705.319834876 -3783493.766524695 1072549.069992508 2531.2053846448975 -4829.302547753334 -5114.218786432628
-5165170.72788345 -3788320.480601099 1067434.0944797923 2537.9780162518805 -4824.124529100046 -5115.730932595732
-5162629.3648082465 -3793142.0134316604 1062317.6107411818 2544.7476302382806 -4818.940056741731 -5117.23523716341
-5160081.233632774 -3797958.35856469 1057199.6266214529 2551.514214822681 -4813.749134706594 -5118.73169376912
-5157526.337392338 -3802769.5095525216 1052080.1499717596 2558.2777581977757 -4808.551767014379 -5120.220296025421
-5154964.67913406 -3807575.459951503 1046959.1886496543 2565.038248530198 -4803.347957676401 -5121.7010375238615
-5152396.261916911 -3812376.203321993 1041836.7505191074 2571.795673960338 -4798.137710695585 -5123.173911834891
-5149821.088811735 -3817171.733228345 1036712.8434505303 2578.550022602067 -4792.921030066321 -5124.638912507562
-5147239.162901274 -3821962.043238903 1031587.4753207972 2585.301282539914 -4787.697919769601 -5126.096033064214
-5144650.487280206 -3826747.1269259807 1026460.6540132782 2592.04944182381 -4782.468383763774 -5127.54526699046
-5142055.065055173 -3831526.977865839 1021332.387417877 2598.794488467825 -4777.232425982793 -5128.986607733091
-5139452.899344824 -3836301.5896386583 1016202.6834310701 2605.5364104498694 -4771.990050336267 -5130.420048699901
-5136843.993279847 -3841070.9558285186 1011071.5499559458 2612.275195711397 -4766.74126070953 -5131.845583259512
-5134228.350003007 -3845835.0700233714 1005938.9949022434 2619.0108321571106 -4761.4860609637 -5133.263204741216
-5131605.972669182 -3850593.9258150184 1000805.0261863925 2625.743307654663 -4756.224454935742 -5134.672906434796
-5128976.864445403 -3855347.5167990862 995669.6517315529 2632.472610034357 -4750.956446438531 -5136.074681590355
-5126341.028510888 -3860095.836575002 990532.8794676542 2639.198727088841 -4745.682039260915 -5137.468523418144
-5123698.468057082 -3864838.87874597 985394.7173314355 2645.9216465728095 -4740.401237167768 -5138.854425088385
-5121049.186287694 -3869576.636918946 980255.1732664864 2652.6413562026933 -4735.114043900057 -5140.23237973109
-5118393.186418735 -3874309.104704617 975114.2552232858 2659.357843656353 -4729.820463174899 -5141.602380435885
-5115730.471678561 -3879036.275717374 969971.9711592438 2666.07109657277 -4724.520498685608 -5142.964420251822
-5113061.045307902 -3883758.1435752898 964828.3290387419 2672.7811025517326 -4719.214154101765 -5144.318492187203
-5110384.910559915 -3888474.7019000947 959683.3368331734 2679.487849153525 -4713.901433069268 -5145.664589209392
-5107702.070700213 -3893185.9443171537 954537.002520985 2686.1913238986076 -4708.582339210382 -5147.002704244619
-5105012.5290069105 -3897891.86445544 949389.3340877177 2692.8915142673022 -4703.256876123796 -5148.3328301778
-5102316.288770658 -3902592.4559475174 944240.3395260486 2699.5884076994694 -4697.92504738468 -5149.65495985234
-5099613.35329469 -3907287.71242951 939090.0268358317 2706.2819915941845 -4692.586856544721 -5150.969086069935
-5096903.725894863 -3911977.6275410824 933938.4040241409 2712.972253308672 -4687.242307130901 -5152.2752015889755
-5094187.409899696 -3916662.1949254125 928785.4791053172 2719.659180153456 -4681.891402637784 -5153.573299115849
-5091464.408650425 -3921341.4082291517 923631.2601010231 2726.342759389188 -4676.534146522804 -5154.863371299474
-5088734.72550105 -3926015.2611023914 918475.7550403017 2733.0229782261026 -4671.170542206141 -5156.145410730827
-5085998.363818386 -3930683.747198625 913318.9719596341 2739.6998238235997 -4665.800593070826 -5157.419409942709
-5083255.3269821135 -3935346.8601747095 908160.9189029974 2746.373283289822 -4660.424302462832 -5158.685361409512
-5080505.618384831 -3940004.59369083 903001.6039219241 2753.0433436812345 -4655.041673691177 -5159.943257546979
-5077749.241432107 -3944656.9414104614 897841.0350755602 2759.7099920021965 -4649.652710028012 -5161.193090711966
-5074986.199542533 -3949303.897000334 892679.2204307244 2766.3732152045363 -4644.257414708724 -5162.434853202203
-5072216.496147771 -3953945.4541303935 887516.1680619674 2773.0330001871175 -4638.855790932026 -5163.668537256043
-5069440.134692616 -3958581.6064737663 882351.8860516311 2779.6893337954066 -4633.447841860049 -5164.894135052222
-5066657.118635042 -3963212.347706724 877186.3824899086 2786.342202821039 -4628.033570618439 -5166.111638709604
-5063867.451446256 -3967837.671508644 872019.6654749046 2792.9915940013757 -4622.612980296439 -5167.321040286936
-5061071.136610759 -3972457.571561975 866851.7431126947 2799.6374940190685 -4617.186073946989 -5168.522331782591
-5058268.1776263965 -3977072.0415522014 861682.6235173867 2806.2798895016103 -4611.752854586812 -5169.7155051343125
-5055458.5780044105 -3981681.0751678054 856512.314811181 2812.91876702089 -4606.3133251964955 -5170.900552218954
-5052642.341269503 -3986284.6661002324 851340.8251244319 2819.554113092743 -4600.86748872059 -5172.077464852218
-5049819.470959887 -3990882.8080438543 846168.1625957084 2826.1859141765 -4595.415348067685 -5173.246234788397
-5046989.970627344 -3995475.4946959335 840994.335371856 2832.8141566745276 -4589.956906110501 -5174.4068537201
-5044153.8438372845 -4000062.719756587 835819.3516080587 2839.438826931823 -4584.492165686048 -5175.559313278079
-5041311.094168798 -4004644.476928751 830643.2194679005 2846.0599112361883 -4579.021129596739 -5176.703605032105
-5038461.725214719 -4009220.759918149 825465.9471234252 2852.6773958185163 -4573.54380061165 -5177.839720492038
-5035605.740581677 -4013791.5624332554 820287.5427551972 2859.291266852402 -4568.06018146671 -5178.967651107678
-5032743.143890157 -4018356.8781852643 815108.0145523607 2865.9015104536843 -4562.570274864757 -5180.0873882684755
-5029873.93877456 -4022916.7008880563 809927.3707127016 2872.508112679978 -4557.074083475596 -5181.198923303244
-5026998.128883255 -4027471.0242581656 804745.6194427065 2879.1110595302007 -4551.571609936053 -5182.302247479858
-5024115.717878645 -4032019.8420147467 799562.7689576253 2885.710336944102 -4546.062856850032 -5183.39735200496
-5021226.7094372185 -4036563.147879541 794378.8274815317 2892.3059308017814 -4540.547826788563 -5184.4842280236535
-5018331.1072496185 -4041100.9355768445 789193.8032473852 2898.8978269232093 -4535.026522289852 -5185.562866619196
-5015428.915020698 -4045633.1988334768 784007.7044970935 2905.48601106774 -4529.498945859336 -5186.633258812692
-5012520.1364695765 -4050159.931378744 778820.5394815737 2912.070468933624 -4523.965099969722 -5187.695395562776
-5009604.775329711 -4054681.1269444106 773632.3164608164 2918.6511861575104 -4518.424987061042 -5188.7492677653
-5006682.835348951 -4059196.779264663 768443.0437039474 2925.228148313955 -4512.878609540688 -5189.794866253005
-5003754.320289602 -4063706.88207608 763252.7294892917 2931.801340914915 -4507.325969783462 -5190.8321817952055
-5000819.233928489 -4068211.4291175986 758061.3821044364 2938.3707494092437 -4501.767070131613 -5191.861205097451
-4997877.580057022 -4072710.414130482 752869.0098462957 2944.9363591821825 -4496.201912894876 -5192.881926801198
-4994929.362481257 -4077203.8308582865 747675.621021174 2951.498155554846 -4490.6305003505095 -5193.894337483471
-4991974.585021961 -4081691.6730468296 742481.2239448314 2958.056123783702 -4485.052834743333 -5194.898427656525
-4989013.251514674 -4086173.934444157 737285.8269425479 2964.61024905964 -4479.468918285138 -5195.89418776678
-4986045.365809785 -4090650.608800507 732089.4383491948 2971.1605165008177 -4473.878753144751 -5196.881608182955
-4983070.931772605 -4095121.689868258 726892.0665093204 2977.7069111433148 -4468.282341434967 -5197.860679180501
-4980089.953283448 -4099587.1714018728 721693.7197772455 2984.2494179392907 -4462.679685210946 -5198.831390939197
-4977102.4342377195 -4104047.0471578413 716494.4065171593 2990.788021756259 -4457.070786470296 -5199.793733542683
-4974108.3785459995 -4108501.3108946215 711294.135103215 2997.3227073763524 -4451.455647153163 -5200.747696978006
-4971107.790134132 -4112949.9563725833 706092.913919628 3003.8534594955854 -4445.834269142317 -5201.693271135147
-4968100.672943305 -4117392.977353951 700890.7513607722 3010.3802627231116 -4440.206654263236 -5202.630445806554
-4965087.030930142 -4121830.3676027446 695687.6558312775 3016.90310158047 -4434.572804284187 -5203.559210686661
-4962066.86806679 -4126262.1208847244 690483.6357461294 3023.4219605008325 -4428.932720916311 -5204.479555371402
-4959040.188341005 -4130688.230967333 685278.6995307665 3029.936823828241 -4423.286405813688 -5205.391469357727
-4956006.995756246 -4135108.6916196398 680072.8556211798 3036.4476758168385 -4417.633860573425 -5206.294942043107
-4952967.294331763 -4139523.496612281 674866.1124640135 3042.954500630096 -4411.975086735721 -5207.189962725027
-4949921.088102686 -4143932.6397174066 669658.4785166641 3049.457282340031 -4406.310085783938 -5208.076520600488
-4946868.381120123 -4148336.1147086206 664449.9622473816 3055.9560049264196 -4400.638859144674 -5208.954604765493
-4943809.1774512455 -4152733.915360925 659240.5721353706 3062.4506522760057 -4394.9614081878235 -5209.824204214523
-4940743.481179385 -4157126.0354506625 654030.3166708925 3068.941208181697 -4389.277734226641 -5210.685307840021
-4937671.296404131 -4161512.468755463 648819.2043553672 3075.427656341762 -4383.587838517805 -5211.537904431856
-4934592.627241416 -4165893.2090541837 643607.2437014765 3081.9099803590125 -4377.891722261472 -5212.381982676788
-4931507.477823624 -4170268.250126852 638394.4432332672 3088.3881637394056 -4372.189386600519 -5213.217531156955
-4928415.852299681 -4174637.5857546097 633180.8114862602 3094.8621898856836 -4366.480832612794 -5214.044538340056
-4925317.754835165 -4179001.2097196383 627966.35700757 3101.332042091485 -4360.766061304164 -5214.862992570412
-4922213.1896124175 -4183359.11580509 622751.088356029 3107.7977035399736 -4355.045073608035 -5215.672882067663
-4919102.160830649 -4187711.297795013 617535.0141023129 3114.2591573028476 -4349.317870385407 -5216.474194926104
-4915984.672706054 -4192057.749474282 612318.1428290654 3120.7163863393384 -4343.584452424937 -5217.266919114014
-4912860.729471928 -4196398.464628523 607100.4831310263 3127.169373495203 -4337.844820442993 -5218.051042472973
-4909730.335378779 -4200733.437044043 601882.0436151562 3133.618101501703 -4332.098975083706 -5218.826552717183
-4906593.494694437 -4205062.660507756 596662.8329007666 3140.0625529745807 -4326.346916919014 -5219.593437432764
-4903450.211704175 -4209386.1288071135 591442.8596196463 3146.5027104130168 -4320.588646448713 -5220.351684077053
-4900300.4907108275 -4213703.835730028 586222.1324161921 3152.938556198589 -4314.824164100494 -5221.101279977886
-4897144.336034907 -4218015.775064807 581000.6599475376 3159.370072594214 -4309.053470229983 -5221.842212332884
-4893981.752014721 -4222321.940600076 575778.4508836846 3165.79724174308 -4303.276565120769 -5222.574468208709
-4890812.743006495 -4226622.326124707 570555.5139076334 3172.220045667572 -4297.493448984444 -5223.29803454033
-4887637.313384492 -4230916.92542775 565331.8577155162 3178.638466268186 -4291.70412196062 -5224.012898130271
-4884455.467541139 -4235205.7322983565 560107.4910167288 3185.052485322431 -4285.908584116957 -5224.719045647851
-4881267.209887143 -4239488.74052571 554882.4225340646 3191.4620844837223 -4280.10683544918 -5225.416463628411
-4878072.544851624 -4243765.943898956 549656.6610038492 3197.8672452802653 -4274.298875881093 -5226.105138472537
-4874871.476882236 -4248037.336207125 544430.2151760751 3204.2679491138942 -4268.484705264552 -5226.785056445216
-4871664.010445293 -4252302.911239063 539203.0938145389 3210.6641772570833 -4262.664323377011 -5227.456203672044
-4868450.150025906 -4256562.6627833545 533975.3056969859 3217.05591084575 -4256.8377299135545 -5228.118566128654
-4865229.90012812 -4260816.5846282365 528746.8596152628 3223.4431308759604 -4251.004924484209 -5228.772129636543
-4862003.265275054 -4265064.670561511 523517.7643754719 3229.8258182025925 -4245.165906613907 -5229.416879862092
-4858770.250009043 -4269306.914370465 518288.0287981275 3236.2039535380295 -4239.320675742478 -5230.052802315644
-4855530.858891784 -4273543.309841781 513057.66171831166 3242.577517450836 -4233.469231224652 -5230.679882350565
-4852285.096504474 -4277773.8507614555 507826.67198583216 3248.946490364422 -4227.61157233005 -5231.2981051622955
-4849032.967447961 -4281998.530914712 502595.0684653807 3255.310852555696 -4221.747698243172 -5231.907455787385
-4845774.476342891 -4286217.344085912 497362.8600366922 3261.670584153699 -4215.877608063374 -5232.5079191025125
-4842509.627829856 -4290430.28405848 492130.05559470516 3268.0256651382306 -4210.001300804854 -5233.099479823506
-4839238.426569541 -4294637.344614807 486896.66404972336 3274.3760753384536 -4204.118775396609 -5233.682122504336
-4835960.87724288 -4298838.519536173 481662.6943275777 3280.7217944314934 -4198.230030682417 -5234.2558315360975
-4832676.984551204 -4303033.802602657 476428.15536979 3287.0628019410133 -4192.335065420791 -5234.820591145981
-4829386.753216402 -4307223.187593058 471193.05613373703 3293.3990772357793 -4186.433878284928 -5235.376385396232
-4826090.187981065 -4311406.6682848 465957.4055928167 3299.7305995282118 -4180.526467862672 -5235.923198183089
-4822787.293608659 -4315584.238453856 460721.2127366137 3306.057347872917 -4174.612832656447 -5236.461013235715
-4819478.074883669 -4319755.891874658 455484.4865710677 3312.379301165205 -4168.692971083203 -5236.989814115105
-4816162.536611767 -4323921.622320011 450247.236118642 3318.6964381395896 -4162.76688147434 -5237.509584212987
-4812840.68361997 -4328081.4235610105 445009.4704184936 3325.0087373668644 -4156.83456207388 -5238.020306748489
-4809512.520756816 -4332235.289366944 439771.1985266531 3331.316177243347 -4150.896011026899 -5238.52196475259
-4806178.0528925285 -4336383.2135051945 434532.4295162192 3337.6187359831283 -4144.9512263719025 -5239.01454105738
-4802837.284919216 -4340525.189741131 429293.17247755866 3343.9163916159946 -4139.000206040367 -5239.49801829428
-4799490.221751049 -4344661.211837995 424053.4365185078 3350.2091219856325 -4133.042947856653 -5239.972378892722
-4796136.8683244465 -4348791.2735568015 418813.230764575 3356.4969047478157 -4127.0794495379205 -5240.437605078801
-4792777.229598265 -4352915.36865623 413572.5643591449 3362.779717368571 -4121.10970869403 -5240.8936788739165
-4789411.310553995 -4357033.490892517 408331.4464636833 3369.057537122322 -4115.133722827437 -5241.3405820933895
-4786039.116195946 -4361145.634019345 403089.8862579449 3375.330341090018 -4109.151489333084 -5241.778296345062
-4782660.651551445 -4365251.791787739 397847.8929401804 3381.5981061572325 -4103.163005498276 -5242.206803027879
-4779275.921671033 -4369351.957945957 392605.4757273467 3387.860809012249 -4097.168268502557 -5242.626083330448
-4775884.93162866 -4373446.126239384 387362.6438553181 3394.1184261441167 -4091.167275417575 -5243.036118229579
-4772487.686521889 -4377534.290410419 382119.4065790983 3400.3709338406925 -4085.16002320694 -5243.436888488802
-4769084.191472094 -4381616.4441983765 376875.773173035 3406.6183081866525 -4079.146508726072 -5243.828374656866
-4765674.45162467 -4385692.581339366 371631.752931035 3412.860525061485 -4073.1267287220458 -5244.210557066216
-4762258.472149235 -4389762.695566193 366387.35516678146 3419.0975601374594 -4067.100679833419 -5244.583415831445
-4758836.258239839 -4393826.780608249 361142.5892139526 3425.3293888775675 -4061.068358590063 -5244.946930847726
-4755407.815115173 -4397884.830191398 355897.46442644176 3431.555986533434 -4055.0297614129586 -5245.301081789206
-4751973.148018788 -4401936.838037869 350651.9901785812 3437.777328137953 -4048.9848846078185 -5245.645848099409
-4748532.262219319 -4405982.797866126 345406.17586539587 3443.993388469997 -4042.9337243259833 -5245.981208939346
-4745085.163010768 -4410022.70339069 340160.0309029072 3450.204142030657 -4036.8762765394767 -5246.307143153531
-4741631.855712772 -4414056.54832197 334913.5647284521 3456.4095630392694 -4030.8125370395915 -5246.62362926619
-4738172.345670893 -4418084.326366072 329666.78680100426 3462.609625430421 -4024.7425014366618 -5246.93064547898
-4734706.638256899 -4422106.0312246205 324419.70660149795 3468.8043028509082 -4018.666165159821 -5247.22816966868
-4731234.73886906 -4426121.656594584 319172.33363315416 3474.993568656664 -4012.5835234567435 -5247.516179384825
-4727756.652932433 -4430131.196168083 313924.67742180894 3481.17739590965 -4006.494571393377 -5247.794651847331
-4724272.385899166 -4434134.6436322145 308676.7475162442 3487.355757374705 -4000.39930385366 -5248.06356394407
-4720781.943248788 -4438131.992668869 303428.55348852096 3493.5286255163596 -3994.297715539224 -5248.322892228412
-4717285.330488518 -4442123.236954545 298180.1049343154 3499.695972495609 -3988.1898009690854 -5248.572612916725
-4713782.553153564 -4446108.37016017 292931.4114732566 3505.8577701666454 -3982.0755544793183 -5248.812701885852
-4710273.616807437 -4450087.385950916 287682.48274926783 3512.0139900735503 -3975.9549702227187 -5249.043134670534
-4706758.5270422585 -4454060.277986018 282433.3284309096 3518.1646034469445 -3969.8280421684485 -5249.263886460801
-4703237.28947908 -4458027.039918585 277183.95821172604 3524.3095812005986 -3963.6947641016695 -5249.474932099328
-4699709.909768197 -4461987.66539542 271934.3818105932 3530.448893927994 -3957.5551296231583 -5249.67624607874
-4696176.393589473 -4465942.148056835 266684.60897207074 3536.582511898848 -3951.409132148911 -5249.867802538891
-4692636.746652667 -4469890.481536465 261434.64946675618 3542.71040505563 -3945.2567649097714 -5250.049575264143
-4689090.974697758 -4473832.659461084 256184.51309164043 3548.8325430119685 -3939.098020953202 -5250.221537683476
-4685539.083495277 -4477768.675450425 250934.20967046093 3554.94889505448 -3932.932893148839 -5250.3836628756135
-4681981.078846632 -4481698.523116999 245683.74905405156 3561.0594301407705 -3926.761374189761 -5250.5359235685
-4678416.966584437 -4485622.196065927 240433.1411206948 3567.1641168958936 -3920.5834565920773 -5250.678292136514
-4674846.752572849 -4489539.687894752 235182.39577647674 3573.262923608746 -3914.399132694463 -5250.810740597617
-4671270.442707912 -4493450.992193272 229931.52295564488 3579.3558182284123 -3908.208394657694 -5250.933240610461
-4667688.042917886 -4497356.102543352 224680.5326209689 3585.442768360466 -3902.0112344641575 -5251.045763471444
-4664099.559163598 -4501255.012518751 219429.43476410466 3591.523741263217 -3895.8076439173483 -5251.148280111721
-4660504.997438797 -4505147.715684946 214178.2394059605 3597.598703843915 -3889.5976146413504 -5251.240761094179
-4656904.363770497 -4509034.205598942 208926.95659706744 3603.667622654898 -3883.3811380803 -5251.32317661036
-4653297.664219342 -4512914.475809102 203675.5964179519 3609.7304638896935 -3877.158205497836 -5251.395496477335
-4649684.904867574 -4516788.519868243 198424.16896158564 3615.78723128038 -3870.9288485911857 -5251.457744961305
-4646066.091777709 -4520656.331377976 193172.68427356545 3621.837935198833 -3864.693106025781 -5251.509955840434
-4642441.231029289 -4524517.903949186 187921.15240535888 3627.8825427694646 -3858.450970132611 -5251.552100345254
-4638810.328735583 -4528373.231184278 182669.58343836697 3633.9210200863026 -3852.202432344602 -5251.584148361873
-4635173.39104395 -4532222.306677001 177417.98748428604 3639.9533328890593 -3845.9474839261898 -5251.606069413479
-4631530.42413618 -4536065.124012288 172166.3746854718 3645.979446559406 -3839.686115972929 -5251.6178326574545
-4627881.434228868 -4539901.676766077 166914.75521530965 3651.999326108371 -3833.418319401814 -5251.6194068698
-4624226.427573804 -4543731.958505116 161663.13927862927 3658.012936124436 -3827.1440849005958 -5251.6107603734745
-4620565.410458415 -4547555.962786715 156411.53711218372 3664.02024074212 -3820.8634028993265 -5251.5918609965465
-4616898.389206223 -4551373.683158476 151159.95898514803 3670.021203635614 -3814.576263568485 -5251.562676066412
-4613225.370177311 -4555185.113158048 145908.41519962196 3676.0157880133524 -3808.2826568181567 -5251.5231724054
-4609546.359768785 -4558990.2463128595 140656.9160911373 3682.003956612511 -3801.982572297176 -5251.473316326302
-4605861.3644152535 -4562789.076139852 135405.4720291698 3687.9856716934064 -3795.6759993922356 -5251.413073627814
-4602170.390589306 -4566581.596145227 130154.09341765544 3693.960895033809 -3789.3629272269573 -5251.342409589887
-4598473.444801998 -4570367.799824175 124902.79069551159 3699.9295879231677 -3783.043344660929 -5251.261288968993
-4594770.53360334 -4574147.680660617 119651.57433716289 3705.891711156738 -3776.7172402887013 -5251.1696759932975
-4591061.6635828 -4577921.232126931 114400.45485307205 3711.8472250296177 -3770.384602438748 -5251.067534357747
-4587346.841369799 -4581688.447683693 109149.44279027551 3717.796089330685 -3764.045419172392 -5250.954827219053
-4583626.0736342305 -4585449.3207794055 103898.54873292423 3723.7382633364373 -3757.6996782826873 -5250.83151719059
-4579899.367086967 -4589203.844850229 98647.78330282963 3729.673705804733 -3751.3473672932664 -5250.6975663371895
-4576166.728480385 -4592952.013319714 93397.15716001477 3735.6023749684277 -3744.9884734571465 -5250.552936169848
-4572428.164608892 -4596693.819598525 88146.6810032709 3741.5242285289073 -3738.622983755496 -5250.397587640317
-4568683.682309468 -4600429.257084175 82896.3655707194 3747.43922364954 -3732.2508848963853 -5250.231481135639
-4564933.288462195 -4604158.319160746 77646.22164037844 3753.347316951256 -3725.87216331572 -5250.054576475693
-4561176.989990806 -4607880.999198626 72396.26003072677 3759.2484645152163 -3719.486805185232 -5249.866832920629
-4557414.793863225 -4611597.29055424 67146.49160126233 3765.142621880383 -3713.094796415352 -5249.668209171167
-4553646.707092108 -4615307.186569797 61896.92725306415 3771.0297440372087 -3706.6961226542676 -5249.45866336351
-4549872.736735401 -4619010.680573017 56647.57792935951 3776.9097854211295 -3700.2907692868416 -5249.238153064036
-4546092.889896892 -4622707.765876878 51398.45461609652 3782.7826999059625 -3693.878721433506 -5249.006635263893
-4542307.17372678 -4626398.435779344 46149.568342521976 3788.6484407972075 -3687.4599639491285 -5248.764066373521
-4538515.595422246 -4630082.6835631 40900.93018176496 3794.5069608252493 -3681.034481421848 -5248.510402217073
-4534718.162228029 -4633760.502495284 35652.55125142587 3800.3582121384648 -3674.6022581718835 -5248.245598026753
-4530914.881437016 -4637431.885827223 30404.442714171277 3806.2021462962243 -3668.1632782503157 -5247.9696084370735
-4527105.760390828 -4641096.826794157 25156.61577833451 3812.038714261796 -3661.7175254378362 -5247.682387479004
-4523290.80648043 -4644755.318614974 19909.08169852218 3817.8678663951428 -3655.264983243474 -5247.383888574046
-4519470.027146727 -4648407.354491931 14661.851776226618 3823.6895524456163 -3648.8056349032877 -5247.074064528204
-4515643.429881184 -4652052.92761039 9414.93736044446 3829.503721544544 -3642.339463379032 -5246.752867525867
-4511811.022226448 -4655692.031138529 4168.349848301342 3835.310322197709 -3635.8664513567987 -5246.420249123596
-4507972.811776974 -4659324.658227078 -1077.8993143171233 3841.1093022777163 -3629.38658124562 -5246.076160243803
-4504128.806179668 -4662950.802009037 -6323.798632127181 3846.9006090119506 -3622.8998351719974 -5245.720551162516
-4500279.013134552 -4666570.455599369 -11569.336559765456 3852.684188915165 -3616.4061949225165 -5245.353371422074
-4496423.440395531 -4670183.612094622 -16814.501500996557 3858.459987709922 -3609.9056418760197 -5244.974569728032
-4492562.095771189 -4673790.264572515 -22059.28180786324 3864.2279503082195 -3603.3981569941075 -5244.58409392964
-4488694.987125607 -4677390.406091519 -27303.665779825627 3869.9880208007994 -3596.8837208190257 -5244.18189101086
-4484822.122379192 -4680984.029690434 -32547.64166289135 3875.7401424462832 -3590.3623134714967 -5243.76790708123
-4480943.509509515 -4684571.1283879755 -37791.197648736495 3881.4842576601236 -3583.833914648494 -5243.3420873665555
-4477059.156552154 -4688151.6951823365 -43034.32187381715 3887.220308003375 -3577.2985036209557 -5242.904376199434
-4473169.0716015585 -4691725.723050769 -48277.00241847139 3892.9482341712755 -3570.7560592314376 -5242.454717009611
-4469273.2628119225 -4695293.2049491545 -53519.227306011504 3898.667975981638 -3564.2065598917093 -5241.993052314153
-4465371.738398063 -4698854.133811567 -58760.98450180637 3904.3794723630485 -3557.649983580284 -5241.519323707448
-4461464.506636321 -4702408.502549844 -64002.26191235367 3910.0826613428635 -3551.0863078398907 -5241.033471851032
-4457551.575865463 -4705956.3040531445 -69243.0473843419 3915.7774800350094 -3544.5155097748825 -5240.535436463215
-4453632.954487607 -4709497.531187511 -74483.32870370185 3921.463864627575 -3537.9375660485816 -5240.025156308535
-4449708.650969148 -4713032.176795432 -79723.0935946475 3927.141750370194 -3531.3524528805597 -5239.502569187015
-4445778.6738417065 -4716560.233695389 -84962.32971870602 3932.8110715612183 -3524.760146043857 -5238.967611923234
-4441843.0317030875 -4720081.694681411 -90201.02467373655 3938.471761533178 -3518.1606208607973 -5238.420220353212
-4437901.733218257 -4723596.552522619 -95439.16599292548 3944.1237526194695 -3511.5538521822173 -5237.860329286558
-4433954.787120367 -4727104.799962737 -100676.74114373639 3949.7669761172965 -3504.9398143637713 -5237.287872463939
-4430002.202211794 -4730606.429719592 -105913.7375268322 3955.4013622706743 -3498.3184812604954 -5236.702782541367
-4426043.987365204 -4734101.43448462 -111150.14247498433 3961.026840255712 -3491.689826223567 -5236.104991077631
-4422080.1515246285 -4737589.80692235 -116385.94325196903 3966.6433381656425 -3485.0538220969897 -5235.494428521478
-4418110.703706554 -4741071.539669902 -121621.12705145087 3972.2507829955944 -3478.410441214205 -5234.871024198585
-4414135.653001025 -4744546.625336473 -126855.68099585299 3977.8491006271065 -3471.7596553946223 -5234.234706298282
-4410155.00857277 -4748015.05650282 -132089.59213521416 3983.4382158123713 -3465.101435940079 -5233.585401860042
-4406168.779662335 -4751476.825720743 -137322.84744603184 3989.0180521582106 -3458.4357536312195 -5232.9230367597265
-4402176.9755872395 -4754931.925512558 -142555.43383009188 3994.588532109775 -3451.7625787237944 -5232.247535695588
-4398179.605743146 -4758380.3483705735 -147787.33811328356 4000.1495769339595 -3445.0818809448824 -5231.558822174012
-4394176.679605044 -4761822.086756562 -153018.5470444006 4005.7011067025373 -3438.3936294890354 -5230.856818495013
-4390168.20672846 -4765257.133101219 -158249.04729392735 4011.2430402749956 -3431.697793014333 -5230.141445737466
-4386154.196750671 -4768685.47980363 -163478.82545281027 4016.775295281082 -3424.9943396383665 -5229.412623744079
-4382134.659391947 -4772107.119230727 -168707.8680312141 4022.2977881028046 -3418.283236933931 -5228.670271105781
-4378109.604456813 -4775522.043716732 -173936.16145725598 4027.8104338395115 -3411.564451910548 -5227.914305124344
-4374079.041835369 -4778930.245562579 -179163.69207567011 4033.3131462288147 -3404.8379509590395 -5227.144641718212
-4370042.981504678 -4782331.717035266 -184390.44614639613 4038.805837603954 -3398.1036998278355 -5226.3611953760665
-4366001.433530181 -4785726.450367216 -189616.4098431395 4044.2884188723206 -3391.3616636175857 -5225.563879138004
-4361954.408067133 -4789114.437755631 -194841.56925191384 4049.760799494086 -3384.6118067760735 -5224.752604577023
-4357901.915362062 -4792495.671361828 -200065.91036956443 4055.222887460448 -3377.8540930930285 -5223.927281780158
-4353843.965754248 -4795870.143310585 -205289.41910227254 4060.674589271479 -3371.0884856948255 -5223.087819329265
-4349780.569677226 -4799237.845689472 -210512.08126404055 4066.115809913577 -3364.3149470390726 -5222.234124281443
-4345711.737660312 -4802598.77054818 -215733.88257515727 4071.546452836507 -3357.533438909088 -5221.366102149104
-4341637.480330148 -4805952.9098978415 -220954.80866064323 4076.9664199300237 -3350.7439224082627 -5220.483656879672
-4337557.808412277 -4809300.255710353 -226174.8450486752 4082.3756115000706 -3343.9463579543085 -5219.586690834888
-4333472.732732739 -4812640.799917682 -231393.9771689901 4087.7739262445466 -3337.14070527339 -5218.6751047697535
-4329382.26421969 -4815974.534411174 -236612.19035126758 4093.1612612286312 -3330.326923394139 -5217.748797811073
-4325286.413905048 -4819301.451040854 -241829.46982349083 4098.5375118596585 -3323.5049706415493 -5216.807667435602
-4321185.192926163 -4822621.541614713 -247045.80071028564 4103.902571861403 -3316.6748046306475 -5215.8516094476245
-4317078.612527516 -4825934.797898001 -252261.16803123348 4109.256333240099 -3309.8363822537463 -5214.8805179462515
-4312966.684062462 -4829241.211612486 -257475.55669913837 4114.598686231513 -3302.98965965283 -5213.894285269026
-4308849.418995022 -4832540.774435699 -262688.95151824545 4119.929519264263 -3296.1345922055616 -5212.892801956454
-4304726.8289017035 -4835833.478000159 -267901.3371824316 4125.248718931257 -3289.2711345181856 -5211.875956727054
-4300598.925473353 -4839119.313892608 -273112.6982733705 4130.556169960793 -3282.3992404184473 -5210.843636452181
-4296465.72051703 -4842398.273653217 -278323.01925867324 4135.851755187118 -3275.518862948367 -5209.795726130371
-4292327.225957923 -4845670.3487748075 -283532.28449000197 4141.1353555204405 -3268.6299543568794 -5208.732108861213
-4288183.453841281 -4848935.530702049 -288740.47820115794 4146.406849916392 -3261.732466092337 -5207.652665818745
-4284034.416334392 -4852193.8108306555 -293947.5845061424 4151.66611534492 -3254.8263487948648 -5206.557276224332
-4279880.125728575 -4855445.180506576 -299153.58739719016 4156.913026758607 -3247.91155228858 -5205.445817319077
-4275720.594441223 -4858689.631025172 -304358.4707427752 4162.14745706039 -3240.9880255736675 -5204.318164335684
-4271555.835017863 -4861927.153630387 -309562.21828558826 4167.369277070698 -3234.0557168183045 -5203.174190469834
-4267385.860134255 -4865157.739513914 -314764.81364048494 4172.57835549397 -3227.1145733504445 -5202.013766851007
-4263210.68259853 -4868381.379814354 -319966.240292405 4177.774558884535 -3220.16454164945 -5200.836762512782
-4259030.315353353 -4871598.065616353 -325166.4815942614 4182.957751612242 -3213.205567337843 -5199.643044363011
-4254844.771478121 -4874807.787949755 -330365.5207648006 4188.127795830247 -3206.237595175082 -5198.43247715696
-4250654.064191205 -4878010.5377887245 -335563.34088643664 4193.284551441671 -3199.2605690507667 -5197.20492346924
-4246458.206852212 -4881206.306050883 -340759.9249030546 4198.427876062932 -3192.2744319756384 -5195.960243661867
-4242257.21296429 -4884395.08359641 -345955.2556177817 4203.557624986156 -3185.279126072247 -5194.6982958514545
-4238051.096176473 -4887576.861227169 -351149.31569072505 4208.673651140879 -3178.274592565449 -5193.418935875785
-4233839.870286064 -4890751.629685789 -356342.087636676 4213.775805055024 -3171.260771772739 -5192.122017259759
-4229623.549241057 -4893919.379654762 -361533.55382277985 4218.863934815123 -3164.237603094408 -5190.807391180697
-4225402.147142593 -4897080.101755517 -366723.696466171 4223.937886025796 -3157.2050250035304 -5189.474906433007
-4221175.67824747 -4900233.786547487 -371912.4976315716 4228.99750176845 -3150.1629750357783 -5188.124409392179
-4216944.1569706835 -4903380.424527168 -377099.9392288547 4234.0426225591955 -3143.111389779056 -5186.75574397811
-4212707.597888009 -4906520.006127168 -382286.0030105698 4239.073086305958 -3136.050204862959 -5185.3687516177515
-4208466.015738641 -4909652.521715239 -387470.67056943104 4244.088728264774 -3128.979354948055 -5183.963271207049
-4204219.425427862 -4912777.961593302 -392653.92333576694 4249.08938207385 -3121.8987745035197 -5182.539140584609
-4199967.8420204995 -4915896.316003231 -397835.7425879123 4254.074896736348 -3114.808410211833 -5181.096220350036
-4195711.2807351 -4919007.5751320515 -403016.10946158797 4259.045109174005 -3107.708200854527 -5179.634355386163
-4191449.7569613406 -4922111.729100194 -408195.0049267687 4263.999843949187 -3100.598077215379 -5178.1533745816005
-4187183.286265944 -4925208.767958238 -413372.40978075075 4268.9389223991175 -3093.4779688017743 -5176.653103681956
-4182911.8843959323 -4928298.681685625 -418548.3046449837 4273.862162579316 -3086.3478038307185 -5175.133365240617
-4178635.5672819363 -4931381.460189363 -423722.6699618538 4278.769379205941 -3079.207509214598 -5173.59397856858
-4174354.351041565 -4934457.093302716 -428895.4859914156 4283.66038359699 -3072.0570105466886 -5172.034759683307
-4170068.2519828333 -4937525.570783872 -434066.7328080728 4288.534983612333 -3064.8962320864143 -5170.455521256611
-4165777.2866076506 -4940586.882314608 -439236.39029720594 4293.3929835925765 -3057.7250967443447 -5168.856072561526
-4161481.4716153718 -4943641.01749893 -444404.4381517467 4298.234184296712 -3050.5435260669437 -5167.23621941818
-4157180.823906409 -4946687.9658617 -449570.8558686975 4303.058382838541 -3043.3514402210494 -5165.595764138612
-4152875.360585911 -4949727.716847254 -454735.62274559546 4307.865372617755 -3036.148757973412 -5163.9345054837495
-4148565.0989675857 -4952760.259817899 -459898.7178771808 4312.654943054823 -3028.9353964454785 -5162.252239261227
-4144250.0565776746 -4955785.584052308 -465060.1201523108 4317.426879752487 -3021.7112713608885 -5160.5487575022025
-4139930.251158731 -4958803.67874423 -470219.8082495501 4322.180964366008 -3014.4762970493257 -5158.823847709622
-4135605.7006738414 -4961814.533000875 -475377.7606328307 4326.916974147918 -3007.230386087678 -5157.077293088712
-4131276.4233110845 -4964818.135841137 -480533.9555470991 4331.634681845389 -2999.973449265253 -5155.308872451001
-4126942.4374880795 -4967814.476193796 -485688.3710138864 4336.333855616319 -2992.7053955629963 -5153.518360141287
-4122603.761856619 -4970803.5428957045 -490840.9848268039 4341.0142589437 -2985.4261321323543 -5151.705525963176
-4118260.415307385 -4973785.324689937 -495991.7745469644 4345.675650548247 -2978.1355642737735 -5149.870135103139
-4113912.416974758 -4976759.810223936 -501140.7174983263 4350.3177842992545 -2970.8335954148333 -5148.011948053098
-4109559.786241712 -4979726.988047629 -506287.7907629601 4354.940409123634 -2963.5201270880143 -5146.130720531493
-4105202.542744805 -4982686.846611514 -511432.97117623425 4359.543268913108 -2956.1950589080952 -5144.226203402799
-4100840.706379259 -4985639.374264738 -516576.23532192066 4364.126102429528 -2948.8582885491837 -5142.298142595487
-4096474.29730414 -4988584.559253141 -521717.559527217 4368.688643208274 -2941.509711721367 -5140.346279018391
-4092103.3359476323 -4991522.389717283 -526856.9198576845 4373.230619459763 -2934.1492221470394 -5138.370348475538
-4087727.843012412 -4994452.853690443 -531994.2921121027 4377.751753978984 -2926.776711543559 -5136.370081591044
-4083347.8394810897 -4997375.939096618 -537129.6518172725 4382.25176409228 -2919.3920696316327 -5134.345203778203
-4078963.346621716 -5000291.633748528 -542262.9742227796 4386.730361578286 -2911.99518412695 -5132.295435178703
-4074574.3859933782 -5003199.925345589 -547394.2342956777 4391.1872525630915 -2904.5859407154308 -5130.220490572312
-4070180.9794519115 -5006100.801471884 -552523.4067150808 4395.622137412394 -2897.1642230275047 -5128.120079283768
-4065783.14915571 -5008994.249594087 -557650.4658666607 4400.034710621433 -2889.729912611978 -5125.993905087866
-4061380.917571654 -5011880.257059365 -562775.3858370486 4404.424661858056 -2882.2828894787344 -5123.841669175263
-4056974.3075011284 -5014758.811078993 -567898.1403961114 4408.791603300463 -2874.822982896708 -5121.663002158003
-4052563.342173523 -5017629.89866901 -573018.70289264 4413.135120096385 -2867.350008430895 -5119.457489898457
-4048148.045180439 -5020493.506696914 -578137.0463199446 4417.454878201274 -2859.863837089053 -5117.22480958605
-4043728.440449827 -5023349.62190071 -583253.1433465796 4421.750538001588 -2852.3643382562204 -5114.964633412207
-4039304.5522525576 -5026198.230886654 -588366.9663102018 4426.021753248135 -2844.851379049398 -5112.67662737088
-4034876.405209133 -5029039.320126969 -593478.487211305 4430.268170882499 -2837.3248242588816 -5110.360451096731
-4030444.024296677 -5031872.875957424 -598587.6777066714 4434.489430650229 -2829.784536154909 -5108.015757459374
-4026007.4348562965 -5034698.884574738 -603694.5091024386 4438.685164811242 -2822.2303743603807 -5105.642192272195
-4021566.662600645 -5037517.332033915 -608798.9523469721 4442.854997984132 -2814.6621958117025 -5103.2393941568425
-4017121.733621642 -5040328.2042455375 -613900.9780236089 4446.998546993259 -2807.0798547229374 -5100.8069944120525
-4012672.6743983454 -5043131.486973024 -619000.5563432677 4451.115420712653 -2799.4832025494 -5098.344616879841
-4008219.5118049807 -5045927.165829851 -624097.6571369239 4455.2052199065965 -2791.8720879507055 -5095.851877809041
-4003762.2731191316 -5048715.226276748 -629192.2498479474 4459.26753706688 -2784.246356753251 -5093.32838571612
-3999300.9860300943 -5051495.653618833 -634284.3035242992 4463.301956246626 -2776.6058519121543 -5090.773741243239
-3994835.6786474027 -5054268.43300273 -639373.7868105854 4467.3080528906285 -2768.950413472625 -5088.187537013512
-3990366.379509522 -5057033.549413634 -644460.6679399642 4471.285393662147 -2761.279878530781 -5085.569357483407
-3985893.1175927203 -5059790.9876723485 -649544.9147259014 4475.233536235226 -2753.5940811749024 -5082.9187787572955
-3981415.922320393 -5062540.732432097 -654626.4945534659 4479.152028448883 -2745.892852036662 -5080.235367681286
-3976934.823573587 -5065282.768174691 -659705.3743693192 4483.0404070289405 -2738.176017586308 -5077.518680454583
-3972449.8517023656 -5068017.079206253 -664781.5206708139 4486.8981971711055 -2730.443399967239 -5074.7682622228895
-3967961.037537468 -5070743.649652862 -669854.8994948303 4490.724912288669 -2722.694816935038 -5071.983646860474
-3963468.412402218 -5073462.46345613 -674925.4764063953 4494.520053755175 -2714.9300817958983 -5069.164356748355
-3958972.008124695 -5076173.504368724 -679993.2164870762 4498.283110641469 -2707.149003344139 -5066.3099025479205
-3954471.8570501707 -5078876.755949828 -685058.0843231457 4502.013559446982 -2699.3513857987964 -5063.419782969927
-3949967.992053816 -5081572.201560525 -690120.0439935138 4505.7108638251675 -2691.537028739304 -5060.493484538798
-3945460.44655369 -5084259.824359135 -695179.059057422 4509.374474302965 -2683.705727040259 -5057.530481352141
-3940949.254524006 -5086939.60729647 -700235.0925418937 4513.003827994187 -2675.8572708052857 -5054.5302348354235
-3936434.4505086876 -5089611.533111034 -705288.1069289431 4516.598348342556 -2667.9914453211936 -5051.492193531701
-3931916.0696349815 -5092275.584324298 -710338.0641427953 4520.157445352611 -2660.1080313024036 -5048.415793436776
-3927394.1476266636 -5094931.743236314 -715384.9255376348 4523.680515959208 -2652.206805214262 -5045.300458486765
-3922868.720817185 -5097579.9919214705 -720428.6518854996 4527.166943833269 -2644.2875392617475 -5042.145600415983
-3918339.8261630735 -5100220.31222421 -725469.2033639655 4530.61609910553 -2636.3500013320545 -5038.950618525063
-3913807.501257613 -5102852.685754677 -730506.5395435933 4534.027338094542 -2628.3939549442493 -5035.71489944373
-3909271.784344731 -5105477.093884377 -735540.6193751313 4537.4000031508995 -2620.4191592930083 -5032.437816874187
-3904732.7143332046 -5108093.51774175 -740571.4011764709 4540.733422134672 -2612.425369012509 -5029.1187313649425
-3900190.3308113213 -5110701.938207567 -745598.8426193742 4544.026908141867 -2604.412334136122 -5025.756990064349
-3895644.6740617496 -5113302.335910327 -750622.9007159433 4547.279759260759 -2596.379800083785 -5022.351926461415
-3891095.7850767034 -5115894.691221621 -755643.5318048323 4550.491258261897 -2588.3275076020445 -5018.90286012875
-3886543.7055734014 -5118478.98425143 -760660.6915372174 4553.660672331136 -2580.2551927315462 -5015.409096514951
-3881988.478009746 -5121055.194843431 -765674.3348626122 4556.787252874822 -2572.162586817945 -5011.869926818018
-3877430.1456002425 -5123623.3025702825 -770684.4160145102 4559.870235229225 -2564.0494164706 -5008.284627755106
-3872868.752332231 -5126183.286728859 -775690.8884957691 4562.908838332073 -2555.915403502762 -5004.652461292795
-3868304.342982452 -5128735.126335426 -780693.7050637237 4565.9022643875005 -2547.760264871268 -5000.972674372447
-3863736.963133951 -5131278.800120753 -785692.8177150217 4568.849698524738 -2539.583712616019 -4997.2444986310675
-3859166.659193327 -5133814.286525163 -790688.1776701773 4571.750308450507 -2531.3854537992775 -4993.467150117691
-3854593.47840833 -5136341.56369353 -795679.7353578402 4574.603244095039 -2523.1651904448477 -4989.639829005252
-3850017.4688858176 -5138860.609470205 -800667.4403987732 4577.407637251711 -2514.9226194771823 -4985.76171929798
-3845438.679610093 -5141371.401393882 -805651.2415895156 4580.162601029598 -2506.6574325614865 -4981.831988338406
-3840857.16046305 -5143873.916691602 -810631.0868841911 4582.867226083292 -2498.369314187765 -4977.849782826151
-3836272.962249641 -5146368.132270032 -815606.9233706613 4585.52057512339 -2490.057938855839 -4973.814223002821
-3831686.136726728 -5148854.024705077 -820578.6972431653 4588.121681500082 -2481.7229705275245 -4969.724401279754
-3827096.7366328044 -5151331.570231271 -825546.3537741828 4590.6695484788215 -2473.364062467587 -4965.579381623192
-3822504.815718447 -5153800.744730999 -830509.8372856772 4593.163148502013 -2464.980857084181 -4961.378198929415
-3817910.428777516 -5156261.523723558 -835469.0911197083 4595.601422435279 -2456.5729857681986 -4957.119858388413
-3813313.6316791126 -5158713.882354058 -840424.0576084038 4597.983279131264 -2448.140069001059 -4952.803334681338
-3808714.4813978137 -5161157.7953841975 -845374.6780420892 4600.307598828027 -2439.681719587861 -4948.427569295239
-3804113.0360456947 -5163593.237182077 -850320.8926370548 4602.57322483549 -2431.197536430365 -4943.991473234157
-3799509.3549097716 -5166020.181708007 -855262.6405055085 4604.7789651477115 -2422.6871059436107 -4939.493927352877
-3794903.4984847014 -5168438.602503902 -860199.8596262644 4606.923596743698 -2414.150005103726 -4934.933784314362
-3790295.528503542 -5170848.472684106 -865132.4868169139 4609.005865744542 -2405.5858017731184 -4930.3098689317385
-3785685.5079689315 -5173249.764926221 -870060.4577057179 4611.024486755428 -2396.9940545982377 -4925.6209776398655
-3781073.501184943 -5175642.451461849 -874983.7067029554 4612.9781421868165 -2388.374312903014 -4920.865877949374
-3776459.573789624 -5178026.504067205 -879902.1669717245 4614.865481564943 -2379.726116583494 -4916.043307894161
-3771843.792788229 -5180401.894053646 -884815.7703981857 4616.685120831787 -2371.04899600389 -4911.151975472567
-3767226.2265871577 -5182768.592258085 -889724.4475612454 4618.435641634651 -2362.342471894278 -4906.190558082519
-3762606.94502864 -5185126.569033287 -894628.1277016373 4620.115590329196 -2353.6060551091487 -4901.1577016586025
-3757986.019428201 -5187475.794237033 -899526.7386882626 4621.723472500713 -2344.839244115609 -4896.052015080026
-3753363.522619548 -5189816.237217788 -904420.2069768944 4623.257745496122 -2336.0415215265402 -4890.87206251718
-3748739.5290040956 -5192147.866798387 -909308.4575642509 4624.716816354146 -2327.2123534353673 -4885.616361522216
-3744114.114601884 -5194470.651259409 -914191.4139408732 4626.099040575343 -2318.3511891943967 -4880.283382018759
-3739487.357103742 -5196784.558322323 -919068.9980429865 4627.402720873046 -2309.4574611957687 -4874.871545280247
-3734859.3359247074 -5199089.555132418 -923941.130203334 4628.626105904636 -2300.530584654996 -4869.379222896454
-3730230.132258722 -5201385.6082415255 -928807.7291009723 4629.767388983653 -2291.5699573976062 -4863.80473572894
-3725599.8291346314 -5203672.6835905155 -933668.7117100169 4630.824706866477 -2282.5749596954106 -4858.1463529536195
-3720968.511472168 -5205950.746492253 -938523.9932487127 4631.796142204736 -2273.5449559190934 -4852.402294942631
-3716336.266131824 -5208219.761617988 -943373.4871352046 4632.6797317576165 -2264.47929899301 -4846.570742141769
-3711703.1819594414 -5210479.692986738 -948217.1049491015 4633.47346796516 -2255.37733152547 -4840.649836969414
-3707069.34983089 -5212730.50395496 -953054.7563932003 4634.175298204825 -2246.2383857955483 -4834.6376832920905
-3702434.862697515 -5214972.157206222 -957886.34925466 4634.783124019237 -2237.061783733842 -4828.532345875671
-3697799.815632358 -5217204.61474084 -962711.7893656286 4635.294800344293 -2227.8468369116417 -4822.33184984276
-3693164.3058771496 -5219427.837865522 -967530.9805633316 4635.708134738708 -2218.5928465391394 -4816.034180137441
-3688528.432890114 -5221641.787182986 -972343.8246495827 4636.020886049217 -2209.2991032026334 -4809.637280412143
-3683892.2983995606 -5223846.4225792065 -977150.2213445877 4636.230751385172 -2199.964881051841 -4803.139039842625
-3679256.0064770645 -5226041.7032017745 -981950.0682208159 4636.335345058035 -2190.589428302513 -4796.5372717387145
-3674619.663623727 -5228227.587432649 -986743.260623792 4636.332193338747 -2181.1719654184 -4789.829708610387
-3669983.378859292 -5230404.032860248 -991529.6915904406 4636.2187323158105 -2171.7116848055575 -4783.014000464411
-3665347.2638134 -5232570.996251248 -996309.2517657349 4635.992305746318 -2162.207750525328 -4776.08771310934
-3660711.4328190135 -5234728.433522113 -1001081.8293175463 4635.650162856497 -2152.6592980709615 -4769.048326094035
-3656076.003008065 -5236876.299710427 -1005847.3098492764 4635.189456173527 -2143.065434133467 -4761.8932309410775
-3651441.094408171 -5239014.548946343 -1010605.5763127652 4634.607243111317 -2133.4252378950086 -4754.61973439179
-3646806.8300317763 -5241143.134428262 -1015356.508929582 4633.900498534734 -2123.737767690166 -4747.225071177028
-3642173.3359553944 -5243262.008403851 -1020099.9851225882 4633.066119380299 -2114.0020637967646 -4739.706409166225
-3637540.7413980053 -5245371.122152092 -1024835.8794488236 4632.100923574267 -2104.2171485721806 -4732.060848713547
-3632909.1788006728 -5247470.425965398 -1029564.0635316003 4631.001648823676 -2094.3820265446398 -4724.285421883583
-3628278.783907356 -5249559.8691318445 -1034284.4059918419 4629.764951436732 -2084.4956845320075 -4716.377091716797
-3623649.695846886 -5251639.399917532 -1038996.7723787111 4628.387405113728 -2074.557091761567 -4708.332751474998
-3619022.0572176673 -5253708.965548387 -1043701.0250979444 4626.865494265662 -2064.565197556148 -4700.1492183523
-3614396.014188299 -5255768.512185565 -1048397.0233245685 4625.195590433859 -2054.518921552762 -4691.823210129771
-3609771.7166176233 -5257817.9848930165 -1053084.6228965446 4623.373940965448 -2044.4171495930334 -4683.351334382868
-3605149.31818034 -5259857.327603566 -1057763.676203488 4621.396666405883 -2034.2587335835442 -4674.730086570982
-3600528.9764949786 -5261886.48308498 -1062434.0320737413 4619.259758166843 -2024.0424915069052 -4665.955848425337
-3595910.853254175 -5263905.39290607 -1067095.5356598704 4616.959076249934 -2013.7672074842342 -4657.0248864119285
-3591295.1143571828 -5265913.997402885 -1071748.0283226746 4614.490347164868 -2003.4316319490963 -4647.933350408615
-3586681.9300433616 -5267912.235645585 -1076391.347514994 4611.849164771341 -1993.0344831143111 -4638.677275333508
-3582071.475023067 -5269900.0454075225 -1081025.326668907 4609.030993385846 -1982.5744494150363 -4629.252585041452
-3577463.92860737 -5271877.363135937 -1085649.7950848753 4606.031167007421 -1972.0501902587694 -4619.655092318169
-3572859.474839125 -5273844.12392315 -1090264.5778203097 4602.844887824843 -1961.4603364812372 -4609.880498165285
-3568258.302625482 -5275800.261478251 -1094869.4955774837 4599.467224850281 -1950.803490877456 -4599.924391226209
-3563660.6058716797 -5277745.708099352 -1099464.364590955 4595.893112611158 -1940.0782287781738 -4589.782247284202
-3559066.58361766 -5279680.394645807 -1104048.9965129965 4592.117344756864 -1929.2830965043474 -4579.449423715953
-3554476.440188228 -5281604.250505893 -1108623.1982863816 4588.13455526254 -1918.4166046844016 -4568.921141669814
-3549890.3853576677 -5283517.203559715 -1113186.7720037275 4583.939210807046 -1907.4772264313124 -4558.192479467551
-3545308.6345186024 -5285419.180141976 -1117739.5147626062 4579.525606071884 -1896.4633977712083 -4547.258364352271
-3540731.4088601284 -5287310.10500467 -1122281.2185011203 4574.887855370593 -1885.3735176008704 -4536.1135557837115
-3536158.9355378053 -5289189.901281548 -1126811.6698578221 4570.019911836177 -1874.2059508104062 -4524.752696308327
-3531591.4478395213 -5291058.49045424 -1131330.6500441334 4564.915556026787 -1862.9590281605729 -4513.170286132212
-3527029.185361484 -5292915.792317808 -1135837.9346976408 4559.568390104442 -1851.6310457445816 -4501.360676930672
-3522472.3941877577 -5294761.724946394 -1140333.2937329975 4553.971836142651 -1840.220265882078 -4489.3180713014535
-3517921.3270703875 -5296596.20466024 -1144816.491193381 4548.119136151081 -1828.7249187386833 -4477.036523926739
-3513376.2436092654 -5298419.145994422 -1149287.2851033409 4542.003352536291 -1817.1432041366588 -4464.509943173262
-3508837.410431641 -5300230.461669369 -1153745.4273231563 4535.617365697789 -1805.4732922362102 -4451.732089896575
-3504305.1013971646 -5302030.062552855 -1158190.6633793747 4528.953812082009 -1793.7133005950116 -4438.696518049675
-3499779.5978940655 -5303817.857587744 -1162622.7322076082 4522.00498991431 -1781.861259044534 -4425.396484156352
-3495261.189189482 -5305593.753700918 -1167041.3658443165 4514.762842704514 -1769.91510614208 -4411.8249333112435
-3490750.172785337 -5307357.65571311 -1171446.289115341 4507.218957084854 -1757.8726914343847 -4397.974499275912
-3486246.8547759247 -5309109.466251191 -1175837.219325 4499.36456246506 -1745.731778478837 -4383.837506375515
-3481751.5501848324 -5310849.085671634 -1180213.8659674881 4491.190603673444 -1733.4900761539268 -4369.406042258898
-3477264.583113716 -5312576.412059695 -1184575.9306229104 4482.688022115385 -1721.1453497002956 -4354.672232337691
-3472786.2866661293 -5314291.341316724 -1188923.1070723927 4473.847877679932 -1708.6954679644402 -4339.628358121545
-3468317.0028187376 -5315993.767267484 -1193255.081463967 4464.661366897263 -1696.1384098329136 -4324.266874391984
-3463857.0822766656 -5317683.581772929 -1197571.5324933492 4455.119838512173 -1683.472269525682 -4308.580423766847
-3459406.8843404404 -5319360.674837965 -1201872.131573048 4445.214696304335 -1670.695219264341 -4292.561742545527
-3454966.777131243 -5321024.934583985 -1206156.5426561325 4434.936783282372 -1657.8052782452667 -4276.203068174483
-3450537.1383795645 -5322676.247012721 -1210424.4215197884 4424.2760239957315 -1644.8001840311647 -4259.495799039578
-3446118.3563607614 -5324314.4957221635 -1214675.4149126192 4413.221403207289 -1631.677392589074 -4242.430479639011
-3441710.830837181 -5325939.561628208 -1218909.159701421 4401.76082894199 -1618.434030896332 -4224.996680483223
-3437314.9748992366 -5327551.322327427 -1223125.2812003903 4389.879815765445 -1605.0663637991108 -4207.181803530997
-3432931.2157815904 -5329149.651865621 -1227323.3924718986 4377.565110551152 -1591.5712428179215 -4188.974453637083
-3428559.993314283 -5330734.421439652 -1231503.0958283755 4364.804534978138 -1577.9460189382733 -4170.364304763603
-3424201.759206434 -5332305.499747466 -1235663.9835713145 4351.586515416252 -1564.1883449475167 -4151.3416665242585
-3419856.976423149 -5333862.753294563 -1239805.638643015 4337.900106325966 -1550.2961799114457 -4131.897503587097
-3415526.1187078366 -5335406.046644508 -1243927.6351373491 4323.734519860607 -1536.2676173687096 -4112.022986302934
-3411209.671023791 -5336935.242339731 -1248029.537936709 4309.077975077833 -1522.10047668855 -4091.708399763242
-3406908.1307466934 -5338450.200560939 -1252110.901640847 4293.917427247817 -1507.7922166393544 -4070.9428941024994
-3402622.0089241634 -5339950.778773758 -1256171.2694400258 4278.238580462752 -1493.3399513561774 -4049.714504645803
-3398351.8314926187 -5341436.831401959 -1260210.17203627 4262.0260294501095 -1478.7405115901108 -4028.010292451821
-3394098.1399506633 -5342908.209700897 -1264227.127083335 4245.264273347707 -1463.9908062812256 -4005.81730725016
-3389861.49095648 -5344364.762009176 -1268221.6396476289 4227.938540131003 -1449.0881084967052 -3983.123367395582
-3385642.4555284865 -5345806.334135207 -1272193.203040475 4210.034890826837 -1434.0300872135526 -3959.9171525737374
-3381441.618186401 -5347232.769759412 -1276141.2997017843 4191.540240189021 -1418.8148092547908 -3936.188219374201
-3377259.5763656776 -5348643.910738681 -1280065.4018239926 4172.441602630183 -1403.4404793801993 -3911.9262919114767
-3373096.941019067 -5350039.597008075 -1283964.9708638554 4152.724819673488 -1387.9050138243933 -3887.1200734371528
-3368954.337929232 -5351419.666251022 -1287839.4563950489 4132.374400348174 -1372.2059988202427 -3861.7571058250455
-3364832.4090063474 -5352783.953587689 -1291688.2949841102 4111.373608285443 -1356.340732980348 -3835.823860268101
-3360731.8133034687 -5354132.291369778 -1295510.909338351 4089.705118557847 -1340.306456493839 -3809.306357092021
-3356653.226844139 -5355464.509376146 -1299306.70856489 4067.3524883104983 -1324.1008401429303 -3782.1915363169664
-3352597.341445145 -5356780.435337948 -1303075.0893628215 4044.300592944863 -1307.7221226047056 -3754.467658551805
-3348564.8633492007 -5358079.895518299 -1306815.4373862257 4020.5357029740294 -1291.1691269435737 -3726.1243700362365
-3344556.5120185656 -5359362.715231646 -1310527.1284522184 3996.0448557168 -1274.4410504685977 -3697.152116019751
-3340573.0202506515 -5360628.718933924 -1314209.528524084 3970.8141519730866 -1257.5369188350085 -3667.5405676462583
-3336615.135385618 -5361877.729969893 -1317861.99269097 3944.828425568291 -1240.4554928834432 -3637.278325770478
-3332683.6204961324 -5363109.570340058 -1321483.8641738337 3918.071443919303 -1223.1953463886182 -3606.3531156752742
-3328779.2549669193 -5364324.060672407 -1325074.4739014131 3890.527217336584 -1205.75528719022 -3574.752997214593
-3324902.8330105194 -5365521.0208438365 -1328633.1419836932 3862.1823156767227 -1188.1350762910786 -3542.4684875276375
-3321055.1607330497 -5366700.271040484 -1332159.1805059414 3833.026400088593 -1170.3355729315963 -3509.49303388284
-3317237.0530246533 -5367861.63284992 -1335651.8964671255 3803.0521188494386 -1152.3586795332014 -3475.8229018398215
-3313449.3315163017 -5369004.930006769 -1339110.5937298336 3772.2527307957394 -1134.2066006936545 -3441.4549947963505
-3309692.8254854805 -5370129.988235716 -1342534.5722767035 3740.6195456405267 -1115.8810732394563 -3406.384525619396
-3305968.3738931273 -5371236.634768107 -1345923.1264476269 3708.1419466078114 -1097.3833954925178 -3370.605053075976
-3302276.8269627728 -5372324.698017967 -1349275.543608661 3674.808434456739 -1078.7147584746074 -3334.1094435452615
-3298619.0452842684 -5373394.008005232 -1352591.1050743319 3640.6104031096324 -1059.8773659066542 -3296.8932940636137
-3294995.895687319 -5374444.39771989 -1355869.089946129 3605.5440459791143 -1040.8749674744547 -3258.9566375825502
-3291408.246364671 -5375475.7046707 -1359108.7796040543 3569.6103881961417 -1021.7128282750974 -3220.3039434301577
-3287856.9626122206 -5376487.772216441 -1362309.461614069 3532.8137016344076 -1002.3972355204231 -3180.9426635132395
-3284342.905037981 -5377480.450159607 -1365470.4313930583 3495.158873138896 -982.9347265022437 -3140.8808519768286
-3280866.929179489 -5378453.59492943 -1368590.9926016068 3456.6512089354455 -963.3320323674883 -3100.1269889592245
-3277429.8848568113 -5379407.069839873 -1371670.4577739006 3417.2970340939073 -943.5962457096515 -3058.6905167165028
-3274032.6143375696 -5380340.74567476 -1374708.1500067199 3377.1054123557487 -923.7352894382931 -3016.58336961818
-3270675.9490265055 -5381254.501664729 -1377703.4059536257 3336.089046178561 -903.7581402216944 -2973.820759202472
-3267360.7057672073 -5382148.226541193 -1380655.5791436573 3294.2643275583023 -883.6748098399805 -2930.4211961712736
-3264087.6834159675 -5383021.819483875 -1383564.0430348697 3251.650652537559 -863.4961279543145 -2886.4058587765535
-3260857.660306275 -5383875.19079949 -1386428.1932567884 3208.2696312673907 -843.2335045840298 -2841.7978747121965
-3257671.3920617276 -5384708.262480981 -1389247.4495360232 3164.1450758475003 -822.8988970117754 -2796.622315153268
-3254529.609416283 -5385520.968740081 -1392021.2576105362 3119.302881919548 -802.5047686808668 -2750.9060559707395
-3251433.0164665254 -5386313.256423824 -1394749.090717241 3073.7703407866293 -782.0638989234156 -2704.677144940593
-3248382.2893522736 -5387085.0852988595 -1397430.4507013457 3027.576125697919 -761.5893585074131 -2657.9647941079397
-3245378.0745549304 -5387836.428416539 -1400064.8694555294 2980.751262881207 -741.094738784953 -2610.8002186821705
-3242420.984936415 -5388567.273022097 -1402651.9123189233 2933.332474375078 -720.5949543934535 -2563.219535004531
-3239511.5931845326 -5389277.622058994 -1405191.1837050037 2885.3633346289803 -700.1064608480461 -2515.264720768445
-3236650.4253450385 -5389967.495574929 -1407682.3325995964 2836.893082945651 -679.6468842962936 -2466.9825254150874
-3233837.957530793 -5390636.931285554 -1410125.0552483986 2787.9712796276926 -659.233672817967 -2418.4197908817473
-3231074.6178504233 -5391285.98385259 -1412519.0932965153 2738.644300189074 -638.8832576483945 -2369.620414344488
-3228360.789413483 -5391914.723924388 -1414864.2310095748 2688.9560318929475 -618.6112471893114 -2320.6259711486514
-3225696.8114367407 -5392523.2376444815 -1417160.2941498996 2638.951126343955 -598.4331969846081 -2271.4785273774933
-3223082.9766374906 -5393111.627013 -1419407.1520449712 2588.6780910242974 -578.3652927955587 -2222.2232788663378
-3220519.527303114 -5393680.010505538 -1421604.7207613487 2538.189193192253 -558.4242705276067 -2172.908427986856
-3218006.651815071 -5394228.52353002 -1423752.965847603 2487.5398635460565 -538.6272242249495 -2123.5846325206962
-3215544.481824322 -5394757.318682617 -1425851.9044814077 2436.7880345697085 -518.9914064553336 -2074.3044036394435
-3213133.0900227814 -5395266.565822152 -1427901.6070731897 2385.993577180271 -499.53405767132256 -2025.1215929588236
-3210772.4888103316 -5395756.451907718 -1429902.198078338 2335.2167652759344 -480.2720401034053 -1976.090063313412
-3208462.6312476653 -5396227.18032529 -1431853.8548542694 2284.515764058472 -461.2212956977703 -1927.261554022294
-3206203.41345984 -5396678.969910243 -1433756.805290992 2233.946331240135 -442.39679407589415 -1878.6854360788686
-3203994.6767598502 -5397112.054038095 -1435611.3256856573 2183.5625707412046 -423.81269406341005 -1830.4093525977696
-3201836.2084962074 -5397526.679972789 -1437417.7396898866 2133.4184715027977 -405.48264306682194 -1782.480504647036
-3199727.7419879106 -5397923.108379448 -1439176.418010763 2083.5680419904443 -387.41977967706487 -1734.945747636275
-3197668.956735962 -5398301.612758617 -1440887.7778640708 2034.0647881570096 -369.63660970167325 -1687.8511401416552
-3195659.4793406175 -5398662.4787268955 -1442552.2818271779 1984.9608862591067 -352.144835641454 -1641.2412468003288
-3193698.885084959 -5399006.003163426 -1444170.4361327537 1936.3065135058741 -334.9550020957932 -1595.1592392590455
-3191786.7017598827 -5399332.491181247 -1445742.7922355884 1888.1460754553664 -318.0727792061565 -1549.6525881771581
-3189922.414161466 -5399642.253531059 -1447269.9462693164 1840.5219822253885 -301.5049774889354 -1504.7608310890569
-3188105.4659457486 -5399935.608353942 -1448752.5296247662 1793.4734927305703 -285.2588283892443 -1460.5162919991726
-3186335.26356795 -5400212.880431498 -1450191.2041442336 1747.0360244254825 -269.340433013109 -1416.9477784366534
-3184611.1788807437 -5400474.400270848 -1451586.6596254213 1701.243856649715 -253.75521970821686 -1374.0827920149006
-3182932.549333714 -5400720.503573826 -1452939.6132701149 1656.131479637497 -238.5081386392897 -1331.948605885562
-3181298.6780626746 -5400951.53069755 -1454250.809202819 1611.7328005979066 -223.60351238333908 -1290.5716053260676
-3179708.8355585607 -5401167.825862128 -1455521.016710704 1568.0786849058823 -209.04467288979234 -1249.9753203175355
-3178162.263863055 -5401369.736012871 -1456751.0264830675 1525.1951272789274 -194.83374366031734 -1210.179002848949
-3176658.1813045354 -5401557.609663149 -1457941.646466025 1483.103681508768 -180.9717643458746 -1171.1980193257632
-3175195.7864511916 -5401731.795904632 -1459093.6983850559 1441.8225533218927 -167.45889055067767 -1133.044756294003
-3173774.260826753 -5401892.643623548 -1460208.0152772893 1401.3677115170908 -154.29457079310967 -1095.72952102286
-3172392.77103461 -5402040.50081924 -1461285.439509924 1361.753021854809 -141.47758572803812 -1059.2606645998003
-3171050.4709080025 -5402175.713942526 -1462326.8207968841 1322.990115542444 -129.00605728954773 -1023.6444994746023
-3169746.503878105 -5402298.627236924 -1463333.0140687965 1285.088149772096 -116.87745294770791 -988.8851390003712
-3168480.00543697 -5402409.582103077 -1464304.8772964082 1248.0538676506305 -105.08862787262905 -954.9845717925249
-3167250.1055171965 -5402508.9165086765 -1465243.2694069277 1211.8916067782347 -93.63586416876313 -921.9426984465637
-3166055.9310751203 -5402596.96442087 -1466149.0480783642 1176.6029433621893 -82.5148835992913 -889.7570972403526
-3164896.6088448153 -5402674.055272725 -1467023.06744311 1142.1868028059525 -71.72090992640562 -858.4231484817286
-3163771.267813924 -5402740.513505499 -1467866.1760413602 1108.6398004169603 -61.2487476561697 -827.9343295463038
-3162679.0414191764 -5402796.658182143 -1468679.2150222408 1075.9564512753702 -51.092845498757924 -798.282408129893
-3161619.069542287 -5402842.80266164 -1469463.0165290753 1044.1293978176868 -41.24735716798135 -769.4576455575025
-3160590.5002379254 -5402879.254334154 -1470218.4023156827 1013.1497020881769 -31.70620065828133 -741.4490433326868
-3159592.4911392177 -5402906.314412995 -1470946.1826281066 983.0072180193706 -22.46311301076253 -714.2446412476584
-3158624.2104709577 -5402924.277776905 -1471647.1553948058 953.6909423686722 -13.511693400754373 -687.831791861513
-3157684.837839676 -5402933.432846098 -1472322.1055962623 925.1891237950935 -4.845429511440697 -662.1972557725495
-3156773.56500127 -5402934.061481706 -1472971.8046679439 897.4891513172597 3.5422813191800886 -637.3271410156124
-3155889.596956501 -5402926.438906751 -1473597.00969401 870.5771060321817 11.658106414333927 -613.2066140336256
-3155032.1532521304 -5402910.833663245 -1474198.4624869016 844.4378656881138 19.50873271912032 -589.820005815951
-3154200.4690382667 -5402887.507614356 -1474776.8888688781 819.055372149171 27.100824479630038 -567.1510280269034
-3153393.795985596 -5402856.715986656 -1475332.9980802743 794.4126312864202 34.44098386763399 -545.1828026053641
-3152611.4031998552 -5402818.707452066 -1475867.4822195393 770.4918119056484 41.535712226007114 -523.8979590064644
-3151852.577911019 -5402773.724244177 -1476381.0158641627 747.2745568059634 48.391381441991335 -503.2788697786177
-3151116.6257283445 -5402722.002291371 -1476874.2560029873 724.7426302389894 55.01423495495853 -483.3080953760934
-3150402.870049119 -5402663.771325179 -1477347.842532337 702.8787506095316 61.41042907526379 -463.9689261345524
-3149710.6510805953 -5402599.2549545765 -1477802.398992581 681.666539951404 67.58605446865218 -445.24533109075134
-3149039.3251304533 -5402528.670733767 -1478238.5331147136 661.0899552190973 73.5471146305396 -427.12158240332803
-3148388.265244086 -5402452.230330858 -1478656.8365152492 641.1312419574284 79.29934138545363 -409.58098486044634
-3147756.863397252 -5402370.139882925 -1479057.8834600195 621.7703977395822 84.84805579192485 -392.60561065774476
-3147144.5323526817 -5402282.600422784 -1479442.229912861 602.9860258720142 90.19814908922002 -376.1769010470421
-3146550.706254192 -5402189.80825585 -1479810.413415577 584.757229045009 95.35423588943401 -360.27685466537326
-3145974.8388594734 -5402091.955078103 -1480162.9543989596 567.0658107642546 100.32095104740772 -344.88932005965484
-3145416.4008233105 -5401989.227905671 -1480500.3580058755 549.8960671407106 105.10302191707781 -329.99979778572146
-3144874.87758304 -5401881.80898954 -1480823.1154882528 533.233865222707 109.70522117603949 -315.59484094645416
-3144349.7689257017 -5401769.875927246 -1481131.7045935502 517.0642492724648 114.13201577765007 -301.66066980534
-3143840.5904784063 -5401653.602107208 -1481426.5888759082 501.37055768614016 118.38735152706265 -288.18272472768206
-3143346.8751271307 -5401533.157226436 -1481708.2171110718 486.1350524742235 122.4746743170358 -275.14608314929404
-3142868.173628676 -5401408.707734204 -1481977.0232108424 471.3399923798283 126.3970809722521 -262.53608498373416
-3142404.0538361333 -5401280.417026813 -1482233.4269054055 456.96905165457605 130.15761349725474 -250.33908887175102
-3141954.0991522297 -5401148.445448749 -1482477.8348120148 443.0074186982282 133.75933538587333 -238.54248265288857
-3141517.9071411802 -5401012.950270361 -1482710.641376675 429.4415049398912 137.2053212054168 -227.13449041190918
-3141095.0886742985 -5400874.085746918 -1482932.2295088074 416.258112385863 140.49848553642497 -216.10372679663917
-3140685.2679096796 -5400732.003373218 -1483142.970787362 403.44386305275725 143.64143037225688 -205.4389177419435
-3140288.0824012896 -5400586.852188632 -1483343.2256150574 390.9853816422173 146.63647221667682 -195.1290055496401
-3139903.182981509 -5400438.7790370565 -1483533.3434944793 378.86953342999055 149.4856985260302 -185.16327008973292
-3139530.233366015 -5400287.928749272 -1483713.6634369988 367.08372946010064 152.19106334957158 -175.53146715902162
-3139168.9095238494 -5400134.444241602 -1483884.5144705505 355.61605768065436 154.7544473527146 -166.22387363561472
-3138818.8989919503 -5399978.466574008 -1484046.2161550375 344.45529449328035 157.17768710109922 -157.23127327495132
-3138479.9001893015 -5399820.13498148 -1484199.0790778077 333.5908962165394 159.46259949752508 -148.5449323374481
-3138151.621748463 -5399659.586883745 -1484343.405320729 323.01297564716197 161.61100152664648 -140.1565684980862
-3137833.781869179 -5399496.957874724 -1484479.4888967685 312.7122823104331 163.62473131680719 -132.05832136329232
-3137526.1076931464 -5399332.3816915145 -1484607.6161565762 302.6801699226656 165.50566381516677 -124.24271823816969
-3137228.3347948845 -5399165.99020417 -1484728.0661304279 292.9083481232862 167.2556309417306 -116.70256239334773
-3136940.2070150953 -5398997.913534774 -1484841.1107302846 283.38856210941555 168.8762905020554 -109.43080968441869
-3136661.4763995972 -5398828.280222939 -1484947.0149133785 274.1126816758301 170.3691605183284 -102.42060402725073
-3136391.9030039622 -5398657.217333073 -1485046.0368946914 265.0728430106505 171.73568659050324 -95.66532469978954
-3136131.2545252717 -5398484.850472319 -1485138.4284118812 256.2616746136757 172.97736460761337 -89.15865058790504
-3135879.3056931375 -5398311.303668879 -1485224.4350521942 247.67249170863465 174.09586727300524 -82.8946000902527
-3135635.8375865207 -5398136.6991773285 -1485304.296576311 239.29927090216736 175.0930708970135 -76.86749387104447
-3135400.631016674 -5397961.158494175 -1485378.2478447356 231.15589408292172 175.96708751600065 -71.07396938398863
-3135173.4404138457 -5397784.80771409 -1485446.521572495 223.2673005718526 176.71327467346285 -65.5115040308172
-3134954.0139588295 -5397607.7740463335 -1485509.3458101894 215.62617648310277 177.33317329206082 -60.17396159985776
-3134742.108355879 -5397430.182831518 -1485566.9424441576 208.2242636760311 177.8286963721674 -55.05531315818178
-3134537.488298526 -5397252.157439092 -1485619.5274612925 201.05384024601588 178.2018781556552 -50.14978495705005
-3134339.925957729 -5397073.8191443235 -1485667.311188447 194.10765030734254 178.4548631649301 -45.45182244401066
-3134149.200580606 -5396895.287045925 -1485710.4984889154 187.3787914614216 178.58986001319784 -40.95604943870314
-3133965.098132774 -5396716.677987366 -1485749.288934722 180.86073603469708 178.6091794953469 -36.65725850305035
-3133787.410906095 -5396538.106429271 -1485783.8769709475 174.547362859265 178.51528397153632 -32.550400972314776
-3133615.937104318 -5396359.684277117 -1485814.4520669575 168.43296997895152 178.31082716563682 -28.630571035159285
-3133450.4804244605 -5396181.520674178 -1485841.1988495516 162.51227119702136 177.9986840113164 -24.89298584139731
-3133290.849647514 -5396003.721768841 -1485864.297215111 156.7803815583359 177.58197230558602 -21.332963679865248
-3133136.858248315 -5395826.390464347 -1485883.9224194994 151.23279370889313 177.06406605434367 -17.945901471609425
-3132988.3240334922 -5395649.626159894 -1485900.2451455034 145.86534311297672 176.44859721623183 -14.727252306738375
-3132845.068834391 -5395473.524509389 -1485913.431547033 140.67412836470885 175.73941397221265 -11.672501448831321
-3132706.9182840986 -5395298.177230045 -1485923.643271443 135.65544254946434 174.94053986551853 -8.777148497665259
-3132573.7016317006 -5395123.671927474 -1485931.0374686017 130.805758540693 174.0561749608696 -6.036697326232305
-3132445.2515698005 -5394950.091919364 -1485935.7667906056 126.12171325408953 173.09069404722916 -3.4466470887093537
-3132321.4040830135 -5394777.516067128 -1485937.9793829594 121.60007686586424 172.0486277485193 -1.002484203644182
-3132201.998349389 -5394606.018650537 -1485937.8188686033 117.23768111825478 170.9345979842065 1.3003234068830467
-3132086.87669996 -5394435.669297433 -1485935.4243287898 113.03138777090852 169.75328568408955 3.466326845434758
-3131975.884588931 -5394266.532926596 -1485930.9302847793 108.97808840401744 168.5094270548515 5.500094699414518
-3131868.8705656594 -5394098.669696492 -1485924.4666813642 105.07470002824103 167.2078045046302 7.406210887878068
-3131765.686253189 -5393932.134966109 -1485916.1588730214 101.3181564448174 165.8532315011256 9.189271488225582
-3131666.1863374924 -5393766.979274178 -1485906.1276139156 97.70539586539343 164.4505312735511 10.853880166702599
-3131570.2285690303 -5393603.248340794 -1485894.489053172 94.23334933341863 163.0045140720859 12.404642246085725
-3131477.673775098 -5393440.983091997 -1485881.3547367062 90.8989304658133 161.51995371858786 13.846157522923074
-3131388.385882117 -5393280.219708478 -1485866.8316168454 87.69902587858904 160.00156291143884 15.183011891573186
-3131302.231947708 -5393120.989700217 -1485851.0220709592 84.63048135918245 158.45396128725451 16.419767186467624
-3131219.082232352 -5392963.320046475 -1485834.0239345694 81.69002861993538 156.88156607617728 17.560940861197086
-3131138.8103483026 -5392807.233454126 -1485815.9305578016 78.87423497231129 155.2885032904675 18.610983798476386
-3131061.293406222 -5392652.74864047 -1485796.8308776815 76.17954399151476 153.67863158431024 19.574269945850006
-3130986.4121175124 -5392499.8805853585 -1485776.8094989397 73.6023167127401 152.0555714584264 20.455088798751554
-3130914.050859961 -5392348.640757698 -1485755.9467817408 71.13886414995856 150.4227275348308 21.25763900394129
-3130844.09771092 -5392199.03731775 -1485734.3189346308 68.78548902907978 148.7833274448693 21.9860262924596
-3130776.4444002695 -5392051.075224893 -1485711.9980996144 66.53860273450007 147.14057059951162 22.64428151917156
-3130710.986171035 -5391904.756225523 -1485689.052421459 64.39476221452743 145.49767577575648 23.236366968425703
-3130647.621654896 -5391760.0788644655 -1485665.546121751 62.35062619911587 143.8578166083402 23.766164588122713
-3130586.252789409 -5391617.038560097 -1485641.5395855573 60.402919105697016 142.22406374668762 24.23746341727858
-3130526.7847659066 -5391475.62773116 -1485617.0894603364 58.54840546827558 140.5993391051623 24.653947740581177
-3130469.1259991513 -5391335.835964796 -1485592.2487663478 56.783867765852605 138.9863730703148 25.019184828405905
-3130413.1881436463 -5391197.650265057 -1485567.0670271479 55.1060250419762 137.38757048234797 25.33659372401018
-3130358.886198115 -5391061.055448371 -1485541.5904350786 53.51147202808131 135.80490201823167 25.609416521944325
-3130306.1386105893 -5390926.034557309 -1485515.8620279678 51.99672432882521 134.23995595763026 25.840721362560267
-3130254.867332489 -5390792.569211015 -1485489.9218594108 50.55826679990265 132.69400043474886 26.03340982048722
-3130204.997829201 -5390660.639898215 -1485463.8071615763 49.19259244364697 131.16803624441556 26.190224428133785
-3130156.4590558554 -5390530.226221633 -1485437.552500508 47.89623334095907 129.66284141452778 26.313756133613747
-3130109.184295817 -5390401.30672561 -1485411.1895888953 46.66311446107691 128.18014329765862 26.40745954609551
-3130063.1137070814 -5390273.8578977315 -1485384.746418413 45.48741285556614 126.7215750638232 26.47463557435791
-3130018.191248271 -5390147.855424238 -1485358.2484642174 44.36641436645202 125.28748713387169 26.51736384123051
-3129974.3635192853 -5390023.274677822 -1485331.7191817376 43.29753007906988 123.87816330566152 26.537611517071266
-3129931.57965849 -5389900.090778611 -1485305.1801115489 42.27827111230747 122.4938243546366 26.53724130807029
-3129889.791245069 -5389778.278658493 -1485278.6509832297 41.306244038854025 121.13462575938793 26.518012763313987
-3129848.952205446 -5389657.813126786 -1485252.1498176458 40.379147263949484 119.80065724651777 26.481584105291287
-3129809.0187229537 -5389538.668935578 -1485225.6930271655 39.49476803092659 118.49194363800798 26.42951447801682
-3129769.9491522433 -5389420.820847062 -1485199.2955142728 38.650973073540435 117.2084352387621 26.363263712268683
-3129731.70395188 -5389304.243725355 -1485172.970774098 37.84568536435976 115.94997471490271 26.284186231270105
-3129694.2456300305 -5389188.912644436 -1485146.7309989054 37.07688426634103 114.71630330417148 26.19353458931826
-3129657.538683447 -5389074.80297857 -1485120.5871761441 36.34261458404117 113.50708257925483 26.092467095858687
-3129621.549528428 -5388961.890472432 -1485094.5491791049 35.64099337163471 112.32191296453699 25.98205488691161
-3129586.2464260473 -5388850.151294328 -1485068.6258508111 34.970214664361976 111.16034910490973 25.86328839165828
-3129551.599403537 -5388739.56207543 -1485042.8250817263 34.32855248958401 110.02191254035097 25.73708324422532
-3129517.5801733895 -5388630.099937512 -1485017.1538818053 33.71436246279023 108.9061020856093 25.604285690266902
-3129484.162051393 -5388521.742511189 -1484991.6184473406 33.12608259965219 107.81240290595652 25.46567770302007
-3129451.319873137 -5388414.4679438425 -1484966.2242223583 32.56223569969302 106.74029830252148 25.321982826170455
-3129419.0299088075 -5388308.254896944 -1484940.9759544728 32.021429348174905 105.68927731998305 25.17387093877617
-3129387.2697799737 -5388203.082539295 -1484915.8777469078 31.502352596806396 104.65883645001134 25.021961446008657
-3129356.0183799197 -5388098.930539049 -1484890.9331074872 31.003772358912315 103.64848063438794 24.86682622278587
-3129325.255797599 -5387995.779054877 -1484866.1449947502 30.524529781300444 102.65772400698744 24.708992417595013
-3129294.9632452074 -5387893.608726492 -1484841.5158613336 30.0635366274647 101.68609042438732 24.54894512463323
-3129265.122989364 -5387792.400664731 -1484817.04769474 29.61977170033344 100.73311382645646 24.38712993131257
-3129235.7182858307 -5387692.136441351 -1484792.7420556208 29.192277327327346 99.79833846112346 24.22395534724399
-3129206.733317715 -5387592.798078653 -1484768.6001136873 28.780155931237065 98.88131901088572 24.059795122546316
-3129178.153137022 -5387494.368038976 -1484744.622681344 28.38256676543886 97.98162075710101 23.894990490491264
-3129149.9636094067 -5387396.829214026 -1484720.810245123 27.998722745732444 97.09881966290095 23.72985230192352
-3129122.1513620964 -5387300.164914271 -1484697.1629950665 27.627887290066813 96.23250221906848 23.564663009058965
-3129094.7037349236 -5387204.358858502 -1484673.6808521745 27.269371275335715 95.38226524630458 23.39967855030507
-3129067.608734332 -5387109.395163611 -1484650.3634940144 26.92253012821967 94.54771568679183 23.235130145486288
-3129040.854990226 -5387015.25833458 -1484627.2103785775 26.586761050557726 93.72847038982059 23.071226003670233
-3129014.431715525 -5386921.933254675 -1484604.2207664715 26.261500378637997 92.92415589501287 22.908152945747542
-3128988.328668297 -5386829.405175868 -1484581.3937415334 25.946221074909555 92.13440821573168 22.74607794391967
-3128962.536116328 -5386737.659709472 -1484558.7282299406 25.64043034988696 91.35887262450996 22.585149580271977
-3128937.0448040296 -5386646.682817009 -1484536.2230179128 25.343667220475755 90.59720310451438 22.425499334961696
-3128911.845923136 -5386556.460804141 -1484513.8767688447 25.055496548960924 89.84905537030134 22.267241046857148
-3128886.931090741 -5386466.980324102 -1484491.6880417066 24.775502351682704 89.11407839063612 22.110469882986497
-3128862.2923303545 -5386378.228383228 -1484469.6553087824 24.503287964852788 88.39191782830817 21.955264473546816
-3128837.9220521175 -5386290.192341946 -1484447.7769710014 24.238476889050396 87.68222049399343 21.80168925858134
-3128813.8130324287 -5386202.85991185 -1484426.0513711039 23.980713133055893 86.98463773415743 21.649796481599825
-3128789.959007285 -5386116.218784078 -1484404.4768065829 23.72749553845098 86.3001180000986 21.499622091157043
-3128766.358326127 -5386030.254437559 -1484383.0515505574 23.473768889672538 85.63113880258797 21.351182689173033
-3128743.011597519 -5385944.951534794 -1484361.7738577477 23.219664489228244 84.97710198296636 21.204498731910327
-3128719.918985161 -5385860.29550853 -1484340.641964272 22.96560261048341 84.3372667830532 21.059586269335863
-3128697.0802552807 -5385776.272504583 -1484319.6540925954 22.71195859094687 83.71094710117096 20.91645663529457
-3128674.494819624 -5385692.869329302 -1484298.808456016 22.45906673981793 83.09750740841355 20.775116936263508
-3128652.161773969 -5385610.0733997375 -1484278.1032623365 22.207225917302555 82.49636236395459 20.635571441852246
-3128630.0799300373 -5385527.872692036 -1484257.5367156086 21.956706045525394 81.90697877031953 20.497823513364807
-3128608.2478431864 -5385446.255691551 -1484237.1070170063 21.707750112416498 81.32887032036714 20.36187545438388
-3128586.6638387716 -5385365.211349052 -1484216.8123661277 21.46057534302334 80.76159155574094 20.227728046771404
-3128565.3260372537 -5385284.729042518 -1484196.6509626845 21.21537453258461 80.20473273388784 20.095380244120168
-3128544.2323779156 -5385204.798543654 -1484176.6210084273 20.97231748815167 79.65791546637908 19.964828991428835
-3128523.380641103 -5385125.40998845 -1484156.720709204 20.7315525302506 79.1207890031351 19.836069142501977
-3128502.768468948 -5385046.553851165 -1484136.94827706 20.493208016226244 78.59302705797006 19.709093451845998
-3128482.3933845772 -5384968.220921267 -1484117.3019323177 20.257393855367877 78.07432508827927 19.583892622231613
-3128462.2528098095 -5384890.40228288 -1484097.7799055877 20.02420299294018 77.56439795626181 19.460455392762047
-3128442.3440814004 -5384813.089296415 -1484078.3804396747 19.793712846012284 77.06297791118983 19.338768655319452
-3128422.6644658768 -5384736.27358208 -1484059.1017913602 19.56598664873989 76.569812790308 19.218817575426378
-3128403.2111734883 -5384659.94700581 -1484039.9422332598 19.34107339943861 76.08466214098941 19.10058508818904
-3128383.9813735737 -5384584.101671268 -1484020.9000568164 19.119005867870214 75.60729030409706 18.984050507612753
-3128364.972210192 -5384508.729915628 -1484001.973575839 18.899802300347744 75.13746622304981 18.8691899445911
-3128346.180815316 -5384433.824304111 -1483983.161129252 18.683469025364 74.67496508865882 18.755977190400852
-3128327.604319628 -5384359.377623132 -1483964.4610830476 18.470002622408895 74.21956947653722 18.64438442290408
-3128309.2398613463 -5384285.382872528 -1483945.8718316106 18.259391714107913 73.77107006341961 18.534382761952656
-3128291.0845934167 -5384211.833257232 -1483927.3917985493 18.05161844856831 73.32926602113051 18.425942703806992
-3128273.1356893526 -5384138.722178684 -1483909.0194371436 17.84665972684708 72.89396516693081 18.31903445874726
-3128255.390347959 -5384066.0432261955 -1483890.7532304951 17.644488220588553 72.46498393270052 18.213628211441033
-3128237.8457971257 -5383993.790168402 -1483872.5916914488 17.445073216759795 72.04214720221815 18.109694319858306
-3128220.499296851 -5383921.956944929 -1483854.5333623402 17.248381319730427 71.62528805511037 18.007203465442256
-3128203.348141621 -5383850.537658363 -1483836.5768146147 17.054377035482126 71.2142474474735 17.906126764745377
-3128186.38966226 -5383779.526566535 -1483818.7206483474 16.863023259281544 70.80887385406257 17.806435851201073
-3128169.6212272765 -5383708.918075118 -1483800.9634916724 16.674281909901303 70.40902328185311 17.70810304184116
-3128153.040243126 -5383638.7067293385 -1483783.3039998184 16.489186553797246 70.01403113066722 17.610748773110398
-3128136.634678339 -5383568.891895143 -1483765.7439790242 16.32746987413185 69.61397591403669 17.507824167984026
-3128120.37498641 -5383499.481786277 -1483748.2910613604 16.19676481297089 69.20488476294456 17.396757112771823
-3128104.2320946376 -5383430.484560051 -1483730.952771636 16.09327615109006 68.78848249324817 17.27875839828326
-3128088.1804890865 -5383361.906744798 -1483713.7354950628 16.01367109679363 68.36630386569298 17.154898625594328
-3128072.1977819074 -5383293.753424457 -1483696.6446108853 15.955021314233067 67.93970500280045 17.026121271393652
-3128056.2643323755 -5383226.028410558 -1483679.6846131617 15.914753182443947 67.50987697436634 16.89325527852897
-3128040.3629141822 -5383158.734400037 -1483662.8592192824 15.890604802515796 67.07786033757753 16.75702695696414
-3128024.478422837 -5383091.873118411 -1483646.1714669908 15.880588609440876 66.64455979967613 16.618071067571424
-3128008.5976180322 -5383025.4454484545 -1483629.623800756 15.882958695714718 66.21075845317422 16.47694102556937
-3127992.708896632 -5382959.451545008 -1483613.218148391 15.896182139955478 65.77713123891088 16.334118206670034
-3127976.8020925694 -5382893.8909368 -1483596.955988808 15.918913773225732 65.34425743940312 16.190020371228822
-3127960.8683004547 -5382828.762616301 -1483580.8384117759 15.949973921011548 64.91263210822683 16.04500924316248
-3127944.8997201147 -5382764.06511869 -1483564.8661705013 15.98832871727333 64.48267637213831 15.899397282680937
-3127928.889519838 -5382699.796591383 -1483549.039727901 16.033072228461233 64.0547458223095 15.753453484026132
-3127912.831716681 -5382635.954856065 -1483533.3592975282 16.083410425910643 63.62913761024947 15.607408416909541
-3127896.7210714086 -5382572.537463205 -1483517.8248795199 16.13864784859973 63.20609828377002 15.461459125146249
-3127880.5529958922 -5382509.541739025 -1483502.4362918835 16.1981759059623 62.785830897576474 15.315773509227636
-3127864.323471543 -5382446.964825842 -1483487.1931976792 16.261462475130543 62.368501167716374 15.170494161751563
-3127848.0289775534 -5382384.8037166735 -1483472.0951286138 16.328042661491 61.95424279113124 15.025741720104056
-3127831.666427851 -5382323.055284915 -1483457.1415054987 16.397510604163053 61.5431620394676 14.881617794407072
-3127815.2331157667 -5382261.716309723 -1483442.3316559703 16.469512218722528 61.13534172340977 14.738207522385906
-3127798.7266655318 -5382200.783497737 -1483427.6648298234 16.543738779275227 60.73084461189267 14.5955817969565
-3127782.1449898155 -5382140.253501592 -1483413.1402122632 16.61992125097424 60.32971637983151 14.453799207033843
-3127765.4862525836 -5382080.122935733 -1483398.756935344 16.697825292350966 59.93198814836162 14.312907727269966
-3127748.7488366524 -5382020.38838983 -1483384.514087833 16.777246854471624 59.537678673149045 14.172946188175384
-3127731.931315373 -5381961.046440184 -1483370.4107236986 16.858008310964237 59.14679622879233 14.03394555424674
-3127715.0324279456 -5381902.093659378 -1483356.4458694085 16.93995505945264 58.759340230889876 13.89593003437231
-3127698.0510579185 -5381843.52662442 -1483342.6185301936 17.022952540888962 58.37530263164509 13.758918045792711
-3127680.9862144766 -5381785.341923583 -1483328.9276954082 17.106883641937927 57.994669144129816 13.622923057056058
-3127663.8370160977 -5381727.536162003 -1483315.3723430755 17.191646574754248 57.61742057304447 13.487954396886414
-3127646.602676162 -5381670.10596597 -1483301.9514436605 17.27715300477207 57.24353392516419 13.354017944885728
-3127629.282490431 -5381613.047986415 -1483288.6639632646 17.36332621590809 56.872982997029276 13.2211166259516
-3127611.8758262508 -5381556.358901873 -1483275.5088663625 17.450099504789122 56.505738864153344 13.089250833815093
-3127594.3821132504 -5381500.035420978 -1483262.485118144 17.53741479685858 56.14177032353179 12.95841880367148
-3127576.8008353217 -5381444.074284537 -1483249.5916865047 17.625221453366688 55.781044289852154 12.828616938786757
-3127559.131523713 -5381388.472267237 -1483236.827543733 17.7134752427837 55.42352614723935 12.699840095791476
-3127541.373751074 -5381333.226179017 -1483224.1916679286 17.802137453983786 55.069180059260155 12.572081833116206
-3127523.52712633 -5381278.332866143 -1483211.683044191 17.89117413175641 54.717969240392556 12.445334626707984
-3127505.59129026 -5381223.789212048 -1483199.3006656053 17.980555417921085 54.36985619237299 12.319590056827135
-3127487.565911695 -5381169.592137926 -1483187.0435340577 18.07025498363544 54.02480290888926 12.1948389693892
-3127469.450684233 -5381115.738603163 -1483174.9106608955 18.16024954045928 53.68277105193591 12.071071614961458
-3127451.245323422 -5381062.22560558 -1483162.901067463 18.25051841943337 53.34372210302025 11.94827776821588
-3127432.949564321 -5381009.050181556 -1483151.0137855245 18.341043208884074 53.00761749215543 11.826446830327495
-3127414.563159402 -5380956.209406015 -1483139.2478575932 18.43180744291946 52.67441870733388 11.705567916526457
-3127396.085876745 -5380903.700392332 -1483127.6023371776 18.522796333664413 52.3440873869236 11.585629930755436
-3127377.5174984764 -5380851.520292128 -1483116.076288962 18.61399654319914 52.016585400808005 11.466621630170046
-3127358.8578194003 -5380799.6662949845 -1483104.6687889148 18.705396036699803 51.691875007196266 11.348531704853617
-3127340.1066457396 -5380748.13562794 -1483093.3789243102 18.79698398742628 51.369919041302445 11.231348861263907
-3127321.2637940147 -5380696.9255549135 -1483082.205793698 18.888750600395426 51.05068090203423 11.115061844442648
-3127302.3290900933 -5380646.033376158 -1483071.1485068586 18.980686947515842 50.73412451338322 10.999659449253652
-3127283.3022862994 -5380595.456548344 -1483060.2059245235 19.073146198247755 50.41968317422969 10.886276206656957
-3127264.182173198 -5380545.193987965 -1483049.3738449318 19.167371255688582 50.10548636691569 10.778863556276264
-3127244.9670167775 -5380495.245423657 -1483038.6463946495 19.26318799412537 49.791750309362584 10.676876572765504
-3127225.655352253 -5380445.610228097 -1483028.0185468963 19.360349558715587 49.47879789897096 10.579539457240193
-3127206.2459420552 -5380396.287480086 -1483017.4859884696 19.45864730380288 49.166895569161994 10.486197477516795
-3127186.7377406494 -5380347.276016522 -1483007.0450082482 19.557904900431904 48.856262040019494 10.396298335587305
-3127167.1298647784 -5380298.574476272 -1482996.6924028867 19.657973356608927 48.54707581009182 10.309376342329625
-3127147.4215682936 -5380250.181337114 -1482986.425397109 19.758726801274577 48.23948154264742 10.22503898294215
-3127127.6122208685 -5380202.094946789 -1482976.2415763894 19.860058910960745 47.93359549093315 10.142955518758075
-3127107.7012900086 -5380154.313549038 -1482966.1388301412 19.961879879589826 47.629510094514146 10.062847323432553
-3127087.6883258545 -5380106.835305429 -1482956.1153038125 20.064113848672505 47.32729786481481 9.984479695802474
-3127067.5729483524 -5380059.658313594 -1482946.1693585238 20.166696728539115 47.027014663901966 9.907654929383733
-3127047.3548364355 -5380012.780622456 -1482936.2995370848 20.269574352071935 46.72870246713713 9.832206450586524
-3127027.0337189054 -5379966.200244927 -1482926.5045354096 20.37270091131204 46.43239168796677 9.75799386516421
-3127006.609542751 -5379919.915125323 -1482916.7829447982 20.47550976844925 46.13823216048783 9.685599357417967
-3126986.082973657 -5379873.923027524 -1482907.1325619298 20.577505759718555 45.846341734899255 9.615529291764572
-3126965.4547587787 -5379828.221704095 -1482897.5512171842 20.678822655895452 45.5566758893703 9.547474480184297
-3126944.725517273 -5379782.808952404 -1482888.0370323686 20.77957660682019 45.269191140162015 9.48116873900582
-3126923.895762665 -5379737.6826121565 -1482878.5883731006 20.879863329607783 44.98384623004721 9.416389327711569
-3126902.9659215696 -5379692.840563344 -1482869.2038090401 20.979761444048943 44.70060179375988 9.352949811386255
-3126881.9363493337 -5379648.280724479 -1482859.882080661 21.07933529749055 44.419420120303485 9.290694082666695
-3126860.807343084 -5379604.001051034 -1482850.6220715004 21.17863734967604 44.14026497986752 9.22949135657363
-3126839.5791525794 -5379559.999534023 -1482841.4227849946 21.27771018053636 43.863101493893424 9.169231981735464
-3126818.2519892263 -5379516.274198708 -1482832.2833251483 21.376588176457624 43.58789603405615 9.109823936625382
-3126796.8260335424 -5379472.823103389 -1482823.2028804133 21.475298943458508 43.31461614076114 9.051189900434817
-3126775.3014413286 -5379429.644338268 -1482814.1807102489 21.57386448918388 43.04323045497194 8.993264805811718
-3126753.678348759 -5379386.736024381 -1482805.2161339212 21.672302209740067 42.77370865930489 8.935993795476094
-3126731.956876569 -5379344.096312583 -1482796.3085211704 21.770625712183893 42.50602142572851 8.87933051715862
-3126710.1371334917 -5379301.723382586 -1482787.4572844394 21.868845498905607 42.24014036814748 8.823235701777849
-3126688.2192190685 -5379259.615442028 -1482778.6618724002 21.966969536176254 41.976037998707426 8.767675978573404
-3126666.2032259423 -5379217.770725609 -1482769.921764565 22.065003725705303 41.71368768709012 8.712622888344349
-3126644.0892417226 -5379176.187494242 -1482761.236466797 22.1629522951149 41.453063622295616 8.658052062186753
-3126621.87735049 -5379134.864034261 -1482752.6055075738 22.260818120729454 41.19414077656244 8.603942538385764
-3126599.5676340126 -5379093.798656645 -1482744.02843487 22.358602993942625 40.936894871216694 8.55027619455573
-3126577.160172715 -5379052.989696295 -1482735.5048135645 22.456307859761832 40.68130237886027 8.497037285371324
-3126554.655046238 -5379012.435510941 -1482727.0342231656 22.553933563890983 40.42734151682455 8.444212332988606
-3126532.0523329168 -5378972.134478423 -1482718.6162554412 22.651481929149394 40.174993892307484 8.391790263340365
-3126509.3521088604 -5378932.084993547 -1482710.2505122155 22.748955498498407 39.92424378122513 8.339761945679626
-3126486.55444745 -5378892.285465918 -1482701.9366036754 22.84635713186471 39.67507718267356 8.288119716016666
-3126463.659419158 -5378852.734318548 -1482693.6741470888 22.9436897565169 39.42748118601003 8.23685702452927
-3126440.6670915587 -5378813.429987001 -1482685.4627658296 23.0413327299948 39.18084461923336 8.187305002414325
-3126417.5751986075 -5378774.374618691 -1482677.2938196703 23.143270551974393 38.928841049167076 8.153579590180746
-3126394.3790952577 -5378735.574130877 -1482669.1502542554 23.24959671570443 38.67133601183887 8.13598101078822
-3126371.0748310313 -5378697.033320464 -1482661.0175138353 23.359464731886074 38.409691824747064 8.131471248586676
-3126347.659220536 -5378658.755753606 -1482652.883789563 23.47218530107496 38.145015668029515 8.13757541439675
-3126324.129701762 -5378620.743998026 -1482644.7395097432 23.58719652758838 37.87820410121827 8.152278498750775
-3126300.4842209606 -5378582.9998141425 -1482636.5769235538 23.704040244033248 37.60998100080019 8.173941017237144
-3126276.721138776 -5378545.524311362 -1482628.3897611764 23.822342970942678 37.34092935764641 8.20123001969037
-3126252.839153544 -5378508.318075372 -1482620.172956433 23.941800474068224 37.071517622410056 8.23306264002344
-3126228.8372385623 -5378471.38127149 -1482611.9224205734 24.062165167462435 36.8021213577085 8.268559906413898
-3126204.714590764 -5378434.713728404 -1482603.6348579095 24.183235800890706 36.53304093192835 8.307008957791597
-3126180.470588756 -5378398.315005917 -1482595.3076156706 24.304849000619413 36.26451592053445 8.347832152251772
-3126156.1047585267 -5378362.1844496885 -1482586.938561833 24.426872324991074 35.996736794931245 8.390561826758397
-3126131.61674546 -5378326.321235437 -1482578.5259857937 24.54919856380823 35.729854391592646 8.434819689905197
-3126107.006291518 -5378290.724404607 -1482570.0685176929 24.67174106167327 35.46398757304005 8.480300011219905
-3126082.2732166685 -5378255.392893137 -1482561.5650629373 24.794429885217905 35.19922942060526 8.52675591953941
-3126057.4174037823 -5378220.32555465 -1482553.0147491135 24.917208663610513 34.93565219697598 8.573988234856417
-3126032.438786638 -5378185.521179615 -1482544.416883106 25.04003131391392 34.67331009451955 8.621836050576844
-3126007.3373414315 -5378150.978513028 -1482535.770916986 25.162858718232997 34.41224026525049 8.670168766508793
-3125982.1130805407 -5378116.696269806 -1482527.0764207295 25.285657514980784 34.152466373614814 8.718880336345771
-3125956.766047125 -5378082.673146509 -1482518.3330600085 25.408399376857766 33.89400195257342 8.767884726230566
-3125931.2963104537 -5378048.907830159 -1482509.5405781078 25.531060306619004 33.63685290788633 8.817112177754618
-3125905.7039618995 -5378015.399004883 -1482500.6987812347 25.65361998616502 33.38101939866334 8.866506143832673
-3125879.9891115595 -5377982.145356917 -1482491.8075265992 25.776061197009458 33.126497261166165 8.916020784754467
-3125854.151885412 -5377949.145578353 -1482482.8667127655 25.898369316971518 32.873279094506316 8.965618927743169
-3125828.1924229423 -5377916.398369952 -1482473.8762718409 26.020531890595603 32.62135509344438 9.015270408151247
-3125802.110875159 -5377883.902443209 -1482464.8361631643 26.14253826705525 32.37071369020527 9.064950723625378
-3125775.9074029494 -5377851.656521854 -1482455.7463682096 26.26437929773003 32.12134205076753 9.11463994407803
-3125749.5821757037 -5377819.659342921 -1482446.606886469 26.386047085330688 31.873226459392008 9.164321830163331
-3125723.1353701716 -5377787.909657475 -1482437.417732131 26.507534776819693 31.626352616753053 9.213983121299647
-3125696.5671695066 -5377756.406231072 -1482428.1789313997 26.628836393090477 31.380705870906816 9.263612961279971
-3125669.877762463 -5377725.147844019 -1482418.8905203298 26.749946689222455 31.136271395791116 9.313202435338702
-3125643.0673427214 -5377694.133291482 -1482409.5525430783 26.870861039990665 30.893034328609676 9.36274419736521
-3125616.136108318 -5377663.361383459 -1482400.1650504915 26.991575346119745 30.650979874928886 9.41223216992601
-3125589.0842611575 -5377632.830944673 -1482390.728098962 27.112085957514125 30.410093388343142 9.461661303021165
-3125561.912006597 -5377602.540814399 -1482381.2417494997 27.23238961032844 30.17036043013668 9.511027380164725
-3125534.619553087 -5377572.489846224 -1482371.706066982 27.352483375299066 29.931766813184463 9.560326862557815
-3125507.207111856 -5377542.676907784 -1482362.121119538 27.472364615218662 29.694298633464342 9.60955676389372
-3125479.6748966407 -5377513.100880468 -1482352.4869780513 27.592030949827585 29.457942291830275 9.658714549774768
-3125452.02312344 -5377483.760659107 -1482342.8037157466 27.711480226713537 29.222684508176126 9.707798056887228
-3125424.252010302 -5377454.655151646 -1482333.0714078548 27.83071050555158 28.988512345016126 9.75680543208258
-3125396.3617770635 -5377425.783278693 -1482323.2901312998 27.94972019463114 28.755413495135407 9.805735155174023
-3125368.352644899 -5377397.1439726995 -1482313.4599643375 28.068508198105256 28.523376578160974 9.854586075479471
-3125340.224835884 -5377368.736177113 -1482303.5809862255 28.187073789171222 28.29239093153184 9.903357324048214
-3125311.978572686 -5377340.558845776 -1482293.6532769827 28.305416492701717 28.06244641233864 9.95204823593749
-3125283.614078355 -5377312.610942463 -1482283.6769172137 28.423536010535468 27.833533272062223 10.000658297324668
-3125255.131576171 -5377284.891440538 -1482273.6519879776 28.541432173678558 27.605642076859684 10.049187109021005
-3125226.531289531 -5377257.399322661 -1482263.5785706853 28.659104911408217 27.378763656197954 10.097634360881647
-3125197.8134418633 -5377230.133580545 -1482253.4567470225 28.77347580642779 27.154595830783038 10.146587782277381
-3125168.995801754 -5377203.083564164 -1482243.2832697735 28.856431326562063 26.948496154530933 10.20135386920681
-3125140.1100052344 -5377176.231256887 -1482233.052332407 28.91095069251093 26.758502624584423 10.261277735567251
-3125111.1812742683 -5377149.562385766 -1482222.7594043484 28.943221318288195 26.581111877564084 10.325159376367047
-3125082.2293145345 -5377123.065744589 -1482212.4010084851 28.958135148984947 26.413650316629848 10.392077935143398
-3125053.2694786317 -5377096.732478062 -1482201.9744788518 28.959545422258646 26.254059501302947 10.461322077703713
-3125024.313695359 -5377070.55554669 -1482191.4777775258 28.950478450956446 26.10074468396213 10.53233984971013
-3124995.371207541 -5377044.529320842 -1482180.9093546406 28.933305696541208 25.952465099825567 10.60470174177811
-3124966.4491551504 -5377018.649269381 -1482170.2680404505 28.90988208424678 25.80825272481836 10.678072978305268
-3124937.5530345673 -5376992.911718968 -1482159.552961616 28.88165632241475 25.66735103680484 10.752192428128833
-3124908.687059335 -5376967.313666996 -1482148.7634760232 28.849758394845725 25.529168226080618 10.82685638452029
-3124879.8544429583 -5376941.8526357 -1482137.899121909 28.815068659851327 25.393241093122707 10.90190599692622
-3124851.0576202325 -5376916.526558163 -1482126.959578103 28.778272252747342 25.259207003133895 10.977217483428024
-3124822.2984202304 -5376891.333689139 -1482115.9446329398 28.739901816427576 25.12678200307037 11.052694484611749
-3124793.5782013587 -5376866.2725352915 -1482104.8541599507 28.700371002869705 24.995743701742562 11.128262079603514
-3124764.8979566973 -5376841.341800605 -1482093.6880988663 28.66000070075461 24.86591785774583 11.203862099074401
-3124736.25839608 -5376816.5403437065 -1482082.4464407736 28.619039544037072 24.737167866997698 11.279449453557204
-3124707.66001001 -5376791.867144521 -1482071.1292165339 28.577679932248476 24.609386523911294 11.354989258018922
-3124679.1031193812 -5376767.321278229 -1482059.736487751 28.536070525821813 24.482489554386056 11.430454577834825
-3124650.5879141716 -5376742.90189502 -1482048.2683397508 28.494325924384775 24.356410440389308 11.505824636020098
-3124622.1144835707 -5376718.608204438 -1482036.7248761512 28.452534232350732 24.23109641512239 11.581083423549508
-3124593.68283937 -5376694.439463202 -1482025.1062146446 28.41076302162259 24.106505459040164 11.656218647433672
-3124565.29293408 -5376670.394965673 -1482013.4124837075 28.369063967705817 23.9826039498299 11.731220908891487
-3124536.944674949 -5376646.4740364235 -1482001.6438200423 28.327476447731865 23.859364819046093 11.806083060152872
-3124508.63793481 -5376622.67602443 -1481989.8003665875 28.286030331814636 23.73676610957806 11.880799702089057
-3124480.372560454 -5376599.000298556 -1481977.8822709739 28.244748147581866 23.61478984902327 11.955366792528297
-3124452.1483791023 -5376575.446244012 -1481965.8896843258 28.203646757725398 23.49342117127819 12.029781341335504
-3124423.9652033905 -5376552.013259618 -1481953.8227603321 28.162738659313924 23.37264763261103 12.104041173364916
-3124395.8228352126 -5376528.700755649 -1481941.6816545287 28.122032989471045 23.252458679824052 12.178144744394489
-3124367.721068672 -5376505.508152169 -1481929.4665237404 28.08153630319691 23.132845237094894 12.252090998356028
-3124339.6596923536 -5376482.434877714 -1481917.1775256514 28.04125317448193 23.013799385284464 12.325879256702757
-3124311.6384910606 -5376459.480368264 -1481904.8148184724 28.00118666046457 22.895314113182963 12.399509132753302
-3124283.6572471447 -5376436.644066443 -1481892.3785606823 27.96133865950905 22.7773831246393 12.472980465427318
-3124255.7157415203 -5376413.925420872 -1481879.8689108312 27.921710187189802 22.66000068908316 12.546293268010874
-3124227.813754437 -5376391.3238856755 -1481867.286027385 27.882301588774375 22.543161525662576 12.619447688570657
-3124199.951066065 -5376368.838920067 -1481854.6300686072 27.843112702642237 22.426860713440114 12.692443979377325
-3124172.1274569365 -5376346.469988033 -1481841.9011924667 27.804142985810515 22.31109362173906 12.765282473298814
-3124144.3427082757 -5376324.216558069 -1481829.0995565678 27.765391610230623 22.195855856087032 12.837963565574002
-3124116.5966022452 -5376302.078102963 -1481816.2253180942 27.726857536548856 22.08114321620303 12.910487699742626
-3124088.8889221298 -5376280.054099621 -1481803.2786337663 27.688539570512372 21.96695166329145 12.982855356779723
-3124061.2194524673 -5376258.14402892 -1481790.259659808 27.65043640602121 21.853277294520844 13.055067046700866
-3124033.587979142 -5376236.347375575 -1481777.1685519218 27.61254665791689 21.74011632305248 13.127123302069258
-3124005.994289454 -5376214.663628044 -1481764.0054652686 27.574868886885916 21.627465062343262 13.199024672969905
-3123978.438172162 -5376193.092278418 -1481750.7705544524 27.537401618319272 21.515319913758695 13.270771723109679
-3123950.91941751 -5376171.632822355 -1481737.4639735073 27.500143356535652 21.403677356727858 13.342365026787434
-3123923.4378172434 -5376150.284758994 -1481724.0858758893 27.46309259547164 21.29253394089274 13.413805166532141
-3123895.9931646124 -5376129.047590886 -1481710.6364144667 27.42624784212966 21.181886306516397 13.485092738354636
-3123868.5852543097 -5376107.920823826 -1481697.115741487 27.38960772757452 21.071731360955358 13.556228398533886
-3123841.2138823154 -5376086.903966541 -1481683.5240085027 27.35317103389996 20.96206631337937 13.627212873034566
-3123813.8788457797 -5376065.996530451 -1481669.8613663202 27.31693663018183 20.85288855488382 13.69804692610363
-3123786.579942958 -5376045.198029524 -1481656.1279649707 27.28090343176805 20.744195581100303 13.768731340185175
-3123759.316973176 -5376024.5079802 -1481642.3239536986 27.24507037763298 20.63598494769364 13.839266904541239
-3123732.0897368155 -5376003.92590135 -1481628.4494809587 27.20943641796489 20.528254244828624 13.909654408842188
-3123704.898035305 -5375983.451314235 -1481614.5046944178 27.174000507503244 20.421001082553992 13.979894639591555
-3123677.741671118 -5375963.083742508 -1481600.4897409577 27.138761602077228 20.314223082463954 14.049988378164569
-3123650.62044777 -5375942.82271219 -1481586.404766683 27.103718656921764 20.20791787300793 14.119936399751532
-3123623.5341698253 -5375922.667751677 -1481572.2499169258 27.06887062594577 20.102083086876185 14.18973947281815
-3123596.482642892 -5375902.618391727 -1481558.0253362528 27.034216461515005 19.996716359608207 14.25939835884939
-3123569.4656736283 -5375882.674165461 -1481543.7311684734 26.99975511449125 19.891815328892257 14.328913812255218
-3123542.483069743 -5375862.834608366 -1481529.367556646 26.96548553440092 19.787377634280563 14.398286580361217
-3123515.5346399937 -5375843.099258281 -1481514.934643085 26.931406669658163 19.68340091714312 14.467517403445981
-3123488.6201941916 -5375823.46765541 -1481500.432569369 26.8975174678004 19.57988282074851 14.536607014806656
-3123461.7395432005 -5375803.939342309 -1481485.8614763448 26.863816875729146 19.47682099043991 14.605556140832956
-3123434.892498937 -5375784.513863889 -1481471.221504138 26.830303839939088 19.374213073850992 14.674365501088822
-3123408.078874371 -5375765.190767409 -1481456.5127921575 26.796977306735236 19.27205672114769 14.743035808396488
-3123381.2984835277 -5375745.969602482 -1481441.735479102 26.76383622243849 19.170349585284924 14.811567768921405
-3123354.5511414846 -5375726.849921062 -1481426.8897029688 26.730879533581415 19.06908932227404 14.879962082254895
-3123327.8367269114 -5375707.831215994 -1481411.9756891355 26.69686847824575 18.969490894501313 14.946475893987728
-3123301.161068988 -5375688.907151524 -1481397.0020362837 26.65285357576402 18.88029410071255 14.99852429910931
-3123274.533716781 -5375670.067815754 -1481381.982554353 26.600677296590835 18.79961482412254 15.038727954106774
-3123247.9616939635 -5375651.305815125 -1481366.9274835228 26.542509655333856 18.725316184461256 15.07014500028394
-3123221.4501410313 -5375632.61559671 -1481351.844414725 26.47997245635945 18.65582323970225 15.095053575142424
-3123195.002793461 -5375613.992966806 -1481336.7389669374 26.414273714676312 18.589970940082267 15.115148030160611
-3123168.622341485 -5375595.434738312 -1481321.6152934618 26.34631101428825 18.526895643440525 15.131686870185348
-3123142.310699432 -5375576.938470746 -1481306.4764595458 26.27675002025808 18.465956467294887 15.145603820559293
-3123116.069206643 -5375558.502277799 -1481291.3247235636 26.206083638622353 18.406677646311024 15.157590953832676
-3123089.8987769787 -5375540.124684571 -1481276.1617461045 26.13467634789024 18.348705976662565 15.168160758859342
-3123063.800009907 -5375521.804521622 -1481260.9887452882 26.062797232817523 18.291779156062447 15.177692375095152
-3123037.77327299 -5375503.540846428 -1481245.8066120532 25.990644594855592 18.23570227487471 15.186466010918473
-3123011.818763017 -5375485.332885091 -1481230.6159956336 25.918364337271587 18.18033048492424 15.194688575359775
-3122985.9365512365 -5375467.179989048 -1481215.4173668607 25.8460636128003 18.125556105432032 15.202512715517546
-3122960.126616791 -5375449.081602936 -1481200.2110650083 25.77382093690273 18.071299021996666 15.210050940284919
-3122934.3888714234 -5375431.037240775 -1481184.9973324316 25.70169367675639 18.017499545164036 15.217386090560673
-3122908.723177714 -5375413.046468338 -1481169.7763401608 25.629723593385858 17.964113104555825 15.2245790951791
-3122883.1293625287 -5375395.108890087 -1481154.5482067973 25.55794094046556 17.911106311334652 15.231674711898425
-3122857.6072269394 -5375377.224139536 -1481139.3130124537 25.486367493749547 17.858454039461893 15.238705773722492
-3122832.156553523 -5375359.3918721145 -1481124.0708090283 25.415018788670444 17.806137264550145 15.245696327313269
-3122806.7771117347 -5375341.611759911 -1481108.8216277747 25.343905771949345 17.754141465360092 15.252663950782493
-3122781.468661855 -5375323.883487792 -1481093.5654848707 25.27303601982092 17.70245544266116 15.259621464110394
-3122756.230957891 -5375306.206750527 -1481078.3023855134 25.202414635936986 17.65107044732614 15.266578190364163
-3122731.063749697 -5375288.581250693 -1481063.0323269274 25.132044912666306 17.59997953728351 15.273540884950958
-3122705.9667845345 -5375271.006697103 -1481047.7553005735 25.061928817756424 17.549177103671838 15.280514419734445
-3122680.9398082043 -5375253.482803668 -1481032.4712937663 24.992067352181614 17.49865852195882 15.28750228627425
-3122655.982565879 -5375236.009288533 -1481017.1802908606 24.922460813046094 17.448419895262248 15.294506965708045
-3122631.0948027023 -5375218.585873462 -1481001.8822741199 24.853108986558528 17.398457865635883 15.301530200390339
-3122606.2762642265 -5375201.212283367 -1480986.577224349 24.784011289550236 17.34876947541694 15.30857319321495
-3122581.526696728 -5375183.88824596 -1480971.265121356 24.715166873146792 17.299352065401813 15.31563675374752
-3122556.8458474325 -5375166.613491494 -1480955.9459442915 24.646574698640364 17.250203200107677 15.322721405269133
-3122532.2334646746 -5375149.387752569 -1480940.619671892 24.578233592942528 17.20132061292068 15.329827463115954
-3122507.6892980128 -5375132.210763987 -1480925.2862826576 24.510142289069655 17.152702165852894 15.336955091959549
-3122483.2130983067 -5375115.082262635 -1480909.9457549823 24.442299455649174 17.104345820004138 15.344104347647747
-3122458.8046177696 -5375098.001987398 -1480894.5980672445 24.374703718393924 17.056249613878364 15.351275207737375
-3122434.463610004 -5375080.969679089 -1480879.2431978756 24.307353675693037 17.008411647444767 15.3584675937499
-3122410.1898300243 -5375063.9850804 -1480863.8811254057 24.240247909907165 16.960830070409095 15.365681387375206
-3122385.9830342657 -5375047.047935846 -1480848.5118284982 24.173384995527183 16.913503073565046 15.372916442253759
-3122361.8429805897 -5375030.157991741 -1480833.1352859738 24.10676350504303 16.86642888239535 15.380172592530625
-3122337.7694282862 -5375013.31499615 -1480817.7514768254 24.040382013145038 16.819605752318775 15.387449659055566
-3122313.7621380673 -5374996.518698877 -1480802.3603802302 23.974239099708548 16.773031965136354 15.394747453867595
-3122289.820872061 -5374979.7688514255 -1480786.9619755568 23.9083333519444 16.72670582643323 15.40206578345048
-3122265.945393799 -5374963.065206975 -1480771.5562423652 23.842663397412874 16.68062571737526 15.409404465866158
-3122242.135468087 -5374946.407520156 -1480756.1431603555 23.777228088584817 16.63479040633339 15.41676341858175
-3122218.3908607494 -5374929.795546608 -1480740.7227092523 23.712026517188658 16.589199071244863 15.424142666248237
-3122194.7113384493 -5374913.229042675 -1480725.294868725 23.647057894415934 16.543851094051334 15.431542285435462
-3122171.0966686103 -5374896.707765272 -1480709.8596183541 23.582321482884183 16.498745943959086 15.438962373487355
-3122147.5466193813 -5374880.231471822 -1480694.4169376204 23.517816561808917 16.453883117624656 15.446403032784444
-3122124.060959633 -5374863.799920253 -1480678.9668059016 23.453542409398743 16.409262108870344 15.453864362936978
-3122100.639458961 -5374847.412869008 -1480663.5092024799 23.389498294186268 16.36488239370934 15.461346457040056
-3122077.2818876994 -5374831.070077066 -1480648.0441065484 23.325683470955653 16.32074342325974 15.46884939999216
-3122053.9880169346 -5374814.7713039685 -1480632.5714972194 23.262097179053395 16.27684462073761 15.476373267852958
-3122030.757618523 -5374798.516309847 -1480617.0913535333 23.198738641904608 16.233185380523935 15.483918127714604
-3122007.590465104 -5374782.304855452 -1480601.6036544684 23.13560706714408 16.18976506828808 15.491484037821294
-3121984.4863301176 -5374766.136702187 -1480586.108378949 23.072701647053382 16.146583021638705 15.499071047803332
-3121961.444987819 -5374750.011612128 -1480570.605505854 23.010021559149973 16.10363855103393 15.506679198959368
-3121938.466213294 -5374733.929348053 -1480555.095014024 22.947565966829703 16.06093094079417 15.514308524553796
-3121915.5497824703 -5374717.889673471 -1480539.5768822723 22.885334020040567 16.01845945016603 15.521959050115523
-3121892.6954721324 -5374701.892352643 -1480524.0510893883 22.823324855952897 15.976223314386534 15.529630793730226
-3121869.903059934 -5374685.937150606 -1480508.5176141483 22.761537599619324 15.934221745734002 15.53732376632399
-3121847.1723244097 -5374670.023833194 -1480492.9764353205 22.6997831001659 15.89300880787303 15.543415464036084
-3121824.5040909355 -5374654.149085519 -1480477.4365442886 22.63641509805675 15.857425563021998 15.533737550122256
-3121801.8999252873 -5374638.3074293975 -1480461.9132807378 22.57173772407152 15.826560586145291 15.510936789622926
-3121779.360897132 -5374622.494847669 -1480446.4177111487 22.50620462742992 15.799089663877528 15.478900367964512
-3121756.887691606 -5374606.70844205 -1480430.9576130656 22.44013814117548 15.774075762531442 15.44038400292125
-3121734.4807216083 -5374590.946107143 -1480415.5384337406 22.373765730004152 15.750854103775737 15.39733904685626
-3121712.140208334 -5374575.20630036 -1480400.1639711189 22.307247263204285 15.728952656160251 15.35114589563953
-3121689.8662384218 -5374559.487878758 -1480384.8368569321 22.240694811479635 15.708036285553955 15.302780150526745
-3121667.6588042737 -5374543.789983055 -1480369.5588990336 22.174186780344982 15.68786718948377 15.252930706650506
-3121645.5178324278 -5374528.1119551845 -1480354.3313237643 22.107777909799843 15.668276751619711 15.202083568536615
-3121623.443203491 -5374512.453279709 -1480339.1549474006 22.041506316495244 15.649145491065111 15.150581278128548
-3121601.434766141 -5374496.813542233 -1480324.0302973387 21.975398442402245 15.630388779614268 15.098665013812424
-3121579.4923469597 -5374481.192399922 -1480308.957697687 21.90947252964142 15.611946677041454 15.046504389459418
-3121557.6157573373 -5374465.58956064 -1480293.9373296753 21.843741060251467 15.593776706612768 14.994218531001875
-3121535.804798328 -5374450.004768197 -1480278.9692742568 21.77821246962274 15.575848727871492 14.941890972547203
-3121514.059264055 -5374434.437791938 -1480264.05354213 21.712892350204697 15.558141303261115 14.889580176549323
-3121492.378944109 -5374418.888419391 -1480249.1900948787 21.647784297350842 15.540639127053872 14.837326957989815
-3121470.763625229 -5374403.356451108 -1480234.3788598485 21.582890503116783 15.523331207341645 14.785159719425009
-3121449.2130924873 -5374387.841697035 -1480219.619740607 21.51821215679538 15.506209554376886 14.733098131737973
-3121427.727130156 -5374372.343974018 -1480204.912624307 21.453749715680107 15.489268237786606 14.68115572062923
-3121406.3055223203 -5374356.863104058 -1480190.2573868602 21.389503128210386 15.472502778677143 14.629341702245853
-3121384.948053302 -5374341.398913099 -1480175.6538965623 21.325471993426106 15.455909726616998 14.57766227496675
-3121363.6545079523 -5374325.951230147 -1480161.1020166301 21.261655669883 15.439486357193365 14.526121525376649
-3121342.4246718525 -5374310.519886661 -1480146.601606977 21.198053350552886 15.423230457101653 14.474722063441735
-3121321.2583314506 -5374295.104716124 -1480132.1525254534 21.134664114615273 15.407140172168313 14.423465467639032
-3121300.1552741565 -5374279.705553739 -1480117.7546287132 21.071486963407295 15.391213900268038 14.372352596734713
-3121279.1152884085 -5374264.32223622 -1480103.4077728179 21.008520845440206 15.37545021608694 14.32138380802508
-3121258.1381637137 -5374248.954601638 -1480089.111813656 20.945764673846142 15.359847818390303 14.27055911000663
-3121237.2236906793 -5374233.602489319 -1480074.8666072371 20.883217338552285 15.344405493134541 14.21987826909559
-3121216.37166103 -5374218.265739771 -1480060.6720098925 20.820877714799675 15.329122087723668 14.169340884184944
-3121195.5818676213 -5374202.944194631 -1480046.5278784167 20.758744669100132 15.313996493071528 14.118946438687574
-3121174.854104443 -5374187.63769663 -1480032.4340701625 20.69681706341349 15.299027631135365 14.068694336843178
-3121154.188166625 -5374172.346089567 -1480018.3904431076 20.6350937580817 15.284214446272951 14.018583929029818
-3121133.5838504364 -5374157.0692182835 -1480004.396855898 20.573573613888602 15.269555899265393 13.9686145293943
-3121113.040953286 -5374141.806928656 -1479990.453167879 20.512255493521284 15.255050963206712 13.918785428132427
-3121092.5592737165 -5374126.559067583 -1479976.5592391137 20.451138262598768 15.240698620682817 13.869095900029116
-3121072.1386114047 -5374111.325482976 -1479962.7149303958 20.3902207904104 15.226497861855506 13.819545210401625
-3121051.778767155 -5374096.106023755 -1479948.9201032566 20.329501950448748 15.212447683172515 13.770132619233326
-3121031.479542897 -5374080.900539838 -1479935.1746199685 20.268980620790014 15.198547086505199 13.720857384042679
-3121011.2407416785 -5374065.70888214 -1479921.4783435469 20.208655684378922 15.184795078590696 13.671718761880792
-3120991.062167663 -5374050.530902568 -1479907.8311377498 20.148526029237857 15.171190670676411 13.622716010717795
-3120970.943626124 -5374035.366454014 -1479894.2328670772 20.088590548629565 15.157732878309208 13.573848390409681
-3120950.884923436 -5374020.2153903525 -1479880.6833967667 20.028848141178216 15.144420721217537 13.525115163367648
-3120930.885867076 -5374005.077566436 -1479867.1825927927 19.969297710969194 15.13125322326154 13.476515595027314
-3120910.9462656113 -5373989.952838092 -1479853.7303218623 19.909938167624052 15.118229412423576 13.428048954171997
-3120891.0659286985 -5373974.84106212 -1479840.3264514122 19.850768426371758 15.105348320833517 13.379714513165368
-3120871.2446670756 -5373959.742096282 -1479826.9708496043 19.79178740809791 15.092608984805612 13.331511548107324
-3120851.4822925567 -5373944.6557993 -1479813.663385324 19.732994039392118 15.080010444890556 13.283439338946817
-3120831.778618026 -5373929.582030857 -1479800.403928173 19.674387252586907 15.067551745933496 13.235497169559883
-3120812.133457434 -5373914.520651588 -1479787.1923484681 19.615965985792723 15.055231937135744 13.187684327805263
-3120792.546625788 -5373899.471523077 -1479774.0285172362 19.557729182928604 15.043050072117264 13.14000010556378
-3120773.0179391503 -5373884.4345078515 -1479760.91230621 19.499675793749688 15.03100520897949 13.092443798766299
-3120753.5472146296 -5373869.409469377 -1479747.8435878246 19.441804773870018 15.019096410365636 13.045014707412241
-3120734.1342703775 -5373854.396272057 -1479734.822235213 19.38411508477812 15.007322743516342 12.9977121355789
-3120714.7789255786 -5373839.394781224 -1479721.8481222012 19.326605693860614 14.99568328032988 12.950535391433906
-3120695.481000449 -5373824.404863137 -1479708.9211233063 19.269275574547176 14.984177097635653 12.903483787302736
-3120676.240316221 -5373809.426384963 -1479696.041113727 19.212425812202135 14.972909133915088 12.85551363326466
-3120657.0550065623 -5373794.458619608 -1479683.2137880293 19.15872706006691 14.962823293654608 12.797428514472521
-3120637.92199801 -5373779.500407889 -1479670.448978977 19.107661754503777 14.953746143720704 12.731042558617668
-3120618.8390794164 -5373764.550888069 -1479657.7535251933 19.058436811659195 14.945400896953291 12.659099296719688
-3120599.804698222 -5373749.609429986 -1479645.1319925855 19.010511773636917 14.937595932484028 12.583458609990092
-3120580.8177505336 -5373734.675563712 -1479632.5874069608 18.96351861874466 14.930198813042027 12.505380297606811
-3120561.8774378286 -5373719.748929899 -1479620.121751327 18.917207001931086 14.923118294118764 12.425717004008247
-3120542.983169212 -5373704.82924527 -1479607.7363031886 18.871406799749707 14.916291725561253 12.345045327138564
-3120524.134494821 -5373689.9162786985 -1479595.4318631545 18.826002499044353 14.90967622123144 12.263754837999207
-3120505.331060532 -5373675.00983471 -1479583.2089097742 18.780915705609797 14.90324249265944 12.182108478337993
-3120486.572577188 -5373660.109742162 -1479571.0677043397 18.736093217441745 14.896970565772559 12.100283511382862
-3120467.8587997323 -5373645.215846506 -1479559.0083617724 18.691498905901284 14.89084682179795 12.01839926894791
-3120449.1895130775 -5373630.328004508 -1479547.0308985377 18.64710819795402 14.884861963114554 11.936535939719244
-3120430.5645225425 -5373615.446080669 -1479535.1352650109 18.602904331792296 14.879009620943478 11.854747282732212
-3120411.9836473945 -5373600.569944805 -1479523.3213673194 18.55887581938854 14.873285405827888 11.77306922429978
-3120393.446716493 -5373585.69947041 -1479511.5890820809 18.515014729122647 14.867686262065561 11.691525667235727
-3120374.953565349 -5373570.834533554 -1479499.9382663309 18.47131552479003 14.862210029925686 11.610132413519707
-3120356.5040341504 -5373555.975012143 -1479488.3687642147 18.427774281607824 14.856855149442957 11.528899811172185
-3120338.0979664326 -5373541.120785437 -1479476.8804114873 18.3843881573413 14.851620460396722 11.447834538956617
-3120319.735208184 -5373526.271733707 -1479465.473038542 18.341155035908347 14.846505067503307 11.366940808889298
-3120301.41560725 -5373511.427738031 -1479454.1464724443 18.298073287438886 14.841508249717062 11.286221175860305
-3120283.1390129337 -5373496.588680146 -1479442.9005382988 18.255141606924838 14.836629399341398 11.205677082367213
-3120264.9052757253 -5373481.754442356 -1479431.7350601663 18.21235890582389 14.831867981233747 11.125309224744948
-3120246.7142471285 -5373466.924907475 -1479420.6498616785 18.169724239334883 14.827223505553938 11.045117799228196
-3120228.565779539 -5373452.099958796 -1479409.644766449 18.12723675767145 14.82269550962135 10.965102667164832
-3120210.45972617 -5373437.279480062 -1479398.7195983503 18.084895673469195 14.818283545893163 10.885263465878499
-3120192.3959410004 -5373422.463355463 -1479387.8741816974 18.04270024002547 14.813987174049256 10.805599683014137
-3120174.3742787414 -5373407.6514696255 -1479377.108341371 18.000649736814783 14.809805955832141 10.72611070638149
-3120156.3945948156 -5373392.843707615 -1479366.4219028999 17.958743459875844 14.805739451727218 10.646795857354254
-3120138.456745344 -5373378.039954937 -1479355.8146925143 17.91698071546519 14.801787218874596 10.567654413252255
-3120120.560587139 -5373363.240097546 -1479345.2865371837 17.875360815889813 14.797948809797767 10.488685622335582
-3120102.705977698 -5373348.4440218415 -1479334.8372646386 17.833883076806323 14.794223771681363 10.4098887138688
-3120084.8927752003 -5373333.651614683 -1479324.466703387 17.792546815484176 14.790611646003692 10.331262904866767
-3120067.120838511 -5373318.862763389 -1479314.1746827248 17.751351349726463 14.78711196841201 10.252807404644587
-3120049.3900271743 -5373304.077355745 -1479303.9610327398 17.710295997210086 14.78372426874555 10.174521417874956
-3120031.7002014187 -5373289.295280013 -1479293.825584318 17.66938007511802 14.780448071163539 10.09640414666875
-3120014.0512221563 -5373274.51642493 -1479283.768169143 17.628602899958267 14.777282894334034 10.018454791996216
-3119996.442950982 -5373259.740679717 -1479273.788619698 17.58796378750199 14.774228251660004 9.9406725546616
-3119978.875250175 -5373244.967934086 -1479263.8867692647 17.547462052801844 14.77128365152852 9.863056635983783
-3119961.3479826995 -5373230.198078241 -1479254.0624519235 17.50709701026608 14.768448597573654 9.785606238287533
-3119943.8610122073 -5373215.431002888 -1479244.3155025518 17.466867973756933 14.765722588940493 9.708320565250526
-3119926.414203035 -5373200.666599231 -1479234.6457568223 17.426774253624814 14.763105115277375 9.631198820660131
-3119909.0074202344 -5373185.904759032 -1479225.053051215 17.386815090990485 14.760595544577011 9.55424017642614
-3119891.6405296843 -5373171.145374804 -1479215.5372230704 17.34698958996117 14.758193007369213 9.477443739672543
-3119874.313398203 -5373156.388340003 -1479206.0981106423 17.30729678378878 14.755896509342763 9.400808585484445
-3119857.0258935895 -5373141.633549107 -1479196.735553115 17.267735681270615 14.753705010172386 9.324333779982949
-3119839.7778846384 -5373126.880897645 -1479187.4493906058 17.228305287003778 14.751617457780362 9.248018390523088
-3119822.5692411372 -5373112.130282193 -1479178.2394641633 17.189004610139634 14.749632803056716 9.171861490178161
-3119805.3998338613 -5373097.381600375 -1479169.1056157583 17.149832668114385 14.747750006085951 9.09586215969183
-3119788.2695345622 -5373082.6347508505 -1479160.047688277 17.11078848818204 14.745968038692277 9.020019488294036
-3119771.178215961 -5373067.889633296 -1479151.0655255122 17.071871108002163 14.744285885402771 8.94433257402764
-3119754.125751734 -5373053.1461484 -1479142.1589721544 17.033079575797448 14.742702543722862 8.868800523824504
-3119737.112016504 -5373038.404197849 -1479133.3278737818 16.994412950340706 14.741217024129615 8.793422453490919
-3119720.136885831 -5373023.663684308 -1479124.5720768534 16.955707824442843 14.739801474693058 8.718652669068533
-3119703.2025690237 -5373008.924908937 -1479115.8849184162 16.911346610655517 14.737491336208986 8.660150761845921
-3119686.3166585234 -5372994.18912624 -1479107.2447928984 16.859447674112467 14.733899570361721 8.623021317412647
-3119669.485266659 -5372979.457384675 -1479098.6343288396 16.80267559339138 14.729473441195438 8.599809294041536
-3119652.7123264624 -5372964.730348724 -1479090.0422133512 16.742784757416853 14.724533098952156 8.585660894699748
-3119636.0003412752 -5372950.008417279 -1479081.4610790946 16.680922523353097 14.719294149104122 8.577414848794549
-3119619.350881345 -5372935.291813203 -1479072.8861283555 16.617836373870876 14.713897659337825 8.573012605341113
-3119602.764909766 -5372920.5806450825 -1479064.3142363802 16.554012146045682 14.708434626748796 8.571114297683641
-3119586.242995325 -5372905.874948085 -1479055.7433670165 16.489765105276796 14.702963320935854 8.570848355221058
-3119569.7854511095 -5372891.174710473 -1479047.1721920238 16.425299544091086 14.697520881724206 8.57164819883449
-3119553.392424626 -5372876.479890672 -1479038.5998432094 16.360747642058175 14.692130872920355 8.573145756629108
-3119537.0639563403 -5372861.7904282315 -1479030.025751155 16.296194754001935 14.686808146129295 8.57510206561669
-3119520.8000176824 -5372847.106250861 -1479021.4495403639 16.231695848488222 14.681561959891088 8.577362073098593
-3119504.6005356945 -5372832.4272789415 -1479012.8709611346 16.167286186378043 14.67639797907121 8.579825220618705
-3119488.4654090195 -5372817.753428435 -1479004.2898453372 16.102988254199413 14.671319557920063 8.582426313973068
-3119472.3945182576 -5372803.084612745 -1478995.70607772 16.0388162637915 14.666328564760578 8.585123091984489
-3119456.387732673 -5372788.420743923 -1478987.119577312 15.97477907112398 14.661425912865525 8.587888154456436
-3119440.444914537 -5372773.761733436 -1478978.5302853724 15.910882068715193 14.656611902620218 8.590703724635233
-3119424.5659219287 -5372759.107492663 -1478969.938157593 15.847128411906985 14.651886442234753 8.59355825335957
-3119408.750610548 -5372744.457933206 -1478961.3431590502 15.783519813000012 14.647249190174898 8.596444218915096
-3119392.9988348833 -5372729.812967096 -1478952.745260944 15.7200570552112 14.642699647082813 8.599356702610987
-3119377.310448959 -5372715.172506917 -1478944.1444384893 15.65674032508454 14.638237215086207 8.60229246723893
-3119361.6853068196 -5372700.536465882 -1478935.5406695553 15.593569427314684 14.633861236036307 8.605249361298572
-3119346.123262835 -5372685.904757885 -1478926.933933785 15.530543923482353 14.629571016140654 8.608225934102055
-3119330.6241718973 -5372671.277297521 -1478918.3242120298 15.467663221571117 14.625365841806012 8.611221187287745
-3119315.1878895424 -5372656.654000104 -1478909.7114859826 15.404926633671753 14.621244989805671 8.614234414508367
-3119299.814272026 -5372642.034781678 -1478901.095737941 15.34233341314324 14.617207733786973 8.617265098074729
-3119284.503176369 -5372627.4195590075 -1478892.4769506548 15.279882778514708 14.613253348416713 8.620312842362347
-3119269.254460384 -5372612.8082495835 -1478883.8551072269 15.217573928829884 14.609381112004623 8.623377330931344
-3119254.0679826913 -5372598.200771617 -1478875.2301910492 15.155406053478805 14.605590308145727 8.62645829893056
-3119238.9436027235 -5372583.59704403 -1478866.6021857597 15.093378338490583 14.601880226737247 8.629555515347423
-3119223.8811807274 -5372568.996986453 -1478857.971075216 15.031489970525577 14.59825016458422 8.632668771593808
-3119208.880577761 -5372554.4005192155 -1478849.3368434762 14.969740139410275 14.594699425750065 8.635797874168565
-3119193.941655691 -5372539.807563337 -1478840.699474786 14.908128044911722 14.591227330559299 8.638942642380293
-3119179.0642771595 -5372525.21804048 -1478832.0589535586 14.846652940210378 14.58783328793304 8.642102925307437
-3119164.2483055242 -5372510.631872845 -1478823.4152643413 14.78531414033277 14.584516808879204 8.645278603582312
-3119149.4936048095 -5372496.0489830915 -1478814.7683917917 14.724110989573832 14.581277450792973 8.648469572740485
-3119134.8000396886 -5372481.469294313 -1478806.1183206679 14.663042845632441 14.578114790385845 8.651675734940673
-3119120.1674754727 -5372466.892730019 -1478797.465035825 14.602109073123987 14.575028412644158 8.65489699540623
-3119105.595778107 -5372452.319214132 -1478788.8085222114 14.541309040942382 14.572017906359267 8.658133260867423
-3119091.084814165 -5372437.748670985 -1478780.148764868 14.480642121198468 14.569082862343105 8.661384438863088
-3119076.634450846 -5372423.181025321 -1478771.4857489287 14.420107688805633 14.56622287273904 8.664650437419366
-3119062.244555975 -5372408.616202288 -1478762.8194596183 14.359705121324334 14.56343753077386 8.667931164898024
-3119047.9149979968 -5372394.054127442 -1478754.149882254 14.299433798909861 14.560726430687122 8.671226529924215
-3119033.6456459756 -5372379.494726743 -1478745.477002244 14.239293104300753 14.558089167729815 8.67453644135278
-3119019.436369591 -5372364.937926556 -1478736.800805087 14.179282422831365 14.555525338192691 8.677860808254591
-3119005.287039136 -5372350.383653649 -1478728.1212763728 14.11940114244392 14.553034539441136 8.681199539912875
-3118991.1975255148 -5372335.831835193 -1478719.4384017822 14.059648653700643 14.55061636995211 8.684552545825175
-3118977.167700239 -5372321.282398756 -1478710.752167086 14.000024349802244 14.548270429353702 8.687919735708903
-3118963.1974354256 -5372306.735272313 -1478702.062558145 13.940527626593976 14.545996318458835 8.691301019507886
-3118949.2866037954 -5372292.19038423 -1478693.3695609109 13.881157882590566 14.543793639305255 8.694696307400912
-3118935.435078669 -5372277.647663275 -1478684.6731614235 13.821914518978966 14.541661995185516 8.698105509809444
-3118921.6427339637 -5372263.10703861 -1478675.9733458138 13.762796939635757 14.539600990681715 8.701528537406332
-3118907.9094441924 -5372248.568439793 -1478667.2701003007 13.703804551133492 14.537610231695478 8.704965301124137
-3118894.23508446 -5372234.031796776 -1478658.5634111927 13.644936762751682 14.53568932547806 8.708415712163358
-3118880.6195304603 -5372219.497039901 -1478649.8532648867 13.586192986488978 14.53383788066002 8.711879682000582
-3118867.062658474 -5372204.964099902 -1478641.1396478675 13.527572637066012 14.532055507276855 8.715357122396078
-3118853.5643453663 -5372190.432907901 -1478632.4225467094 13.469075131933797 14.530341816795692 8.718847945401413
-3118840.124468583 -5372175.903395409 -1478623.7019480732 13.41069989128239 14.528696422140897 8.722352063366715
-3118826.742906148 -5372161.375494325 -1478614.9778387076 13.352446338046349 14.527118937717725 8.725869388947574
-3118813.419536662 -5372146.849136928 -1478606.2502054488 13.294313897910195 14.52560897943511 8.72939983511168
-3118800.154239296 -5372132.324255886 -1478597.5190352192 13.236301999306837 14.52416616472589 8.732943315145151
-3118786.946893795 -5372117.800784244 -1478588.7843150282 13.1784100734307 14.52279011257037 8.736499742658895
-3118773.7973804683 -5372103.278655431 -1478580.0460319717 13.120637554234605 14.521480443513916 8.740069031594224
-3118760.705580192 -5372088.757803252 -1478571.3041732311 13.062983878432984 14.520236779686156 8.743651096228524
-3118747.671374403 -5372074.23816189 -1478562.5587260732 13.00544848550485 14.519058744819162 8.747245851180631
-3118734.6946450975 -5372059.719665903 -1478553.8096778505 12.948030817695523 14.517945964264394 8.750853211415917
-3118721.775274828 -5372045.202250223 -1478545.0570159997 12.89073032001682 14.5168980650086 8.754473092251125
-3118708.9131467002 -5372030.685850155 -1478536.300728043 12.833546440243369 14.515914675688062 8.758105409358967
-3118696.108144372 -5372016.170401375 -1478527.540801586 12.776478628921124 14.514995426605413 8.76175007877269
-3118683.360152048 -5372001.655839926 -1478518.7772243174 12.71952633935901 14.514139949740809 8.765407016890022
-3118670.6690544784 -5371987.14210222 -1478510.0099840106 12.66268902762914 14.513347878765538 8.769076140477283
-3118658.0347369565 -5371972.629125033 -1478501.239068522 12.605966152568097 14.512618849054624 8.772757366673146
-3118645.457085315 -5371958.116845504 -1478492.4644657895 12.54935717576956 14.511952497696855 8.776450612992138
-3118632.935985924 -5371943.605201138 -1478483.6861638348 12.492861561587313 14.511348463507037 8.780155797328142
-3118620.4713256876 -5371929.094129796 -1478474.9041507603 12.436478777128094 14.510806387034489 8.783872837957418
-3118608.062992041 -5371914.583569699 -1478466.118414751 12.3802082922479 14.510325910572416 8.787601653541683
-3118595.7108729486 -5371900.073459427 -1478457.3289440721 12.324049579550163 14.509906678167404 8.79134216313105
-3118583.4148569005 -5371885.563737909 -1478448.5357270695 12.26800211438216 14.509548335627043 8.795094286166533
-3118571.1748329103 -5371871.054344436 -1478439.7387521702 12.212065374824421 14.509250530525806 8.798857942482499
-3118558.990690513 -5371856.545218644 -1478430.938007881 12.156238841693014 14.509012912211046 8.802633052308222
-3118546.862319761 -5371842.036300522 -1478422.1334827885 12.10052199275166 14.508835121978766 8.80641953355072
-3118534.789611246 -5371827.5275304485 -1478413.325165569 12.044914266734581 14.50871673183652 8.810217284851072
-3118522.772456142 -5371813.018849267 -1478404.513045012 11.989415063730261 14.508657245029928 8.814026185723174
-3118510.8107462325 -5371798.510198333 -1478395.6971100315 11.934023771216053 14.50865614010363 8.817846108733772
-3118498.9043739135 -5371784.001519529 -1478386.8773496693 11.878739775412727 14.508712890019478 8.821676924784212
-3118487.0532321944 -5371769.492755263 -1478378.053753097 11.823562465669168 14.508826969476894 8.825518505130674
-3118475.2572146915 -5371754.983848466 -1478369.2263096143 11.768491236131057 14.508997857671893 8.829370722144708
-3118463.516215626 -5371740.474742586 -1478360.3950086478 11.713525486351335 14.509225039298617 8.833233449589109
-3118451.830129816 -5371725.965381586 -1478351.5598397497 11.658664621487674 14.50950800487534 8.837106562707818
-3118440.198852672 -5371711.455709934 -1478342.7207925955 11.603908052338252 14.509846250812684 8.840989938245114
-3118428.6222801902 -5371696.9456726 -1478333.8778569843 11.549255195309337 14.510239279383912 8.84488345443837
-3118417.1003089487 -5371682.435215047 -1478325.0310228355 11.494705472362922 14.51068659866052 8.848786991001134
-3118405.6328360983 -5371667.924283229 -1478316.1802801886 11.440258310951664 14.511187722434489 8.852700429102837
-3118394.219759363 -5371653.412823579 -1478307.3256192005 11.385913143948253 14.511742170137179 8.856623651347787
-3118382.86097703 -5371638.9007830145 -1478298.4670301455 11.331669409577419 14.512349466758595 8.860556541754097
-3118371.556387944 -5371624.388108921 -1478289.6045034127 11.277526551348211 14.513009142766721 8.86449898573261
-3118360.3058915064 -5371609.874749153 -1478280.7380295054 11.22348401798769 14.513720734029155 8.868450870066466
-3118349.109387665 -5371595.360652021 -1478271.8675990389 11.169541263367464 14.514483781733684 8.872412082890795
-3118337.966776912 -5371580.845766301 -1478262.9932027408 11.115697746440055 14.515297832312848 8.87638251367303
-3118326.8779602787 -5371566.330041212 -1478254.1148314471 11.061952931177565 14.516162437370104 8.880362053193558
-3118315.842688676 -5371551.813457509 -1478245.2326790458 11.010061960255586 14.516714811839032 8.881985450870653
-3118304.8535241284 -5371537.297488279 -1478236.3566322445 10.970016038231897 14.514869182756005 8.86777074641691
-3118293.900059833 -5371522.784245662 -1478227.5006018488 10.937981135816717 14.511403064256777 8.84287017278819
-3118282.975973608 -5371508.274995534 -1478218.6729928579 10.910846024613075 14.50697220165912 8.811487908274
-3118272.0773940384 -5371493.770484333 -1478209.8788959396 10.886715632063531 14.50197890985174 8.776187289252423
-3118261.201943151 -5371479.271141779 -1478201.1213820998 10.8644349387268 14.496667417349956 8.738529522903157
-3118250.3481532014 -5371464.777205815 -1478192.4022927599 10.843300084993201 14.491185344505316 8.699464689344035
-3118239.5151110226 -5371450.288798586 -1478183.7227213276 10.822882345213394 14.48562176510187 8.659570549082252
-3118228.7022411623 -5371435.805972404 -1478175.0833064814 10.802920719037324 14.480030370363657 8.619198196864899
-3118217.909173715 -5371421.328737503 -1478166.4844106664 10.783256385443414 14.474443475193047 8.578560819513356
-3118207.135663836 -5371406.85707883 -1478157.926228667 10.763792723782379 14.468880473011676 8.537787746184364
-3118196.381542762 -5371392.390966181 -1478149.4088536066 10.7444709475316 14.463352941237266 8.496957343777694
-3118185.646688031 -5371377.930360348 -1478140.93231705 10.7252552659046 14.457867727226011 8.45611702619598
-3118174.9310053894 -5371363.475216833 -1478132.4966133516 10.70612385511621 14.452428815375638 8.415295418626544
-3118164.234417803 -5371349.025488093 -1478124.1017144301 10.687063368986816 14.447038457623155 8.37450974841316
-3118153.55685879 -5371334.581124901 -1478115.7475787308 10.668065603951161 14.441697858255736 8.333770333079364
-3118142.8982683797 -5371320.142077171 -1478107.434156655 10.649125474386159 14.436407588807855 8.293083304019296
-3118132.2585906605 -5371305.708294454 -1478099.1613938499 10.630239784281134 14.431167839416851 8.252452258467837
-3118121.6377722938 -5371291.279726233 -1478090.9292331976 10.611406482524123 14.425978571057781 8.21187926084079
-3118111.0357616167 -5371276.856322108 -1478082.7376160198 10.59262421168538 14.420839607707554 8.171365449323282
-3118100.452508094 -5371262.438031895 -1478074.5864828038 10.573892034797732 14.415750692109064 8.130911403097356
-3118089.8879619907 -5371248.024805696 -1478066.475773641 10.555209270020992 14.41071151949037 8.090517364528093
-3118079.3420741674 -5371233.616593932 -1478058.4054284897 10.536575390640632 14.405721757928898 8.050183373495704
-3118068.814795962 -5371219.213347365 -1478050.375387336 10.517989964624636 14.40078106064299 8.009909348571414
-3118058.306079111 -5371204.815017108 -1478042.3855902855 10.49945261810004 14.395889073392176 7.969695136026858
-3118047.815875707 -5371190.421554629 -1478034.4359776212 10.480963013295892 14.391045438926826 7.929540539405874
-3118037.344138167 -5371176.032911754 -1478026.5264898362 10.462520835225444 14.386249799652552 7.8894453373548785
-3118026.8908192148 -5371161.649040667 -1478018.657067653 10.444125783643525 14.381501799217768 7.84940929435895
-3118016.4558718707 -5371147.269893905 -1478010.8276520337 10.425777568188893 14.37680108345134 7.809432167202211
-3118006.0392494407 -5371132.8954243595 -1478003.0381841855 10.407475905445358 14.372147300908113 7.769513708845258
-3117995.6409055116 -5371118.525585273 -1477995.2886055638 10.389220517163732 14.367540103180888 7.729653670753901
-3117985.2607939453 -5371104.160330233 -1477987.578857873 10.371011130201147 14.362979146822068 7.689851804783375
-3117974.8988688732 -5371089.799613162 -1477979.908883063 10.352847485401782 14.358464109806409 7.650107868612281
-3117964.555084675 -5371075.44338829 -1477972.2786233216 10.334729339330796 14.353994695249316 7.610421627251567
-3117954.2293959716 -5371061.091610137 -1477964.6880210699 10.316656456147472 14.349570617926835 7.570792849498684
-3117943.921757615 -5371046.7442335095 -1477957.137018959 10.298628603909625 14.345191598226723 7.531221306369196
-3117933.6321246903 -5371032.401213487 -1477949.6255598683 10.280645553181186 14.34085735993583 7.491706770554409
-3117923.3604525095 -5371018.062505422 -1477942.1535869036 10.262707076489532 14.336567629422241 7.452249016229389
-3117913.1066966113 -5371003.728064947 -1477934.7210433956 10.244812948107954 14.332322135330056 7.412847818990241
-3117902.8708127597 -5370989.397847958 -1477927.3278728987 10.226962943960965 14.328120608457775 7.373502955833638
-3117892.652756942 -5370975.071810622 -1477919.9740191898 10.209156841573304 14.32396278170129 7.334214205140759
-3117882.4524853667 -5370960.749909371 -1477912.6594262668 10.191394420041798 14.31984839002266 7.294981346670133
-3117872.2699544625 -5370946.432100903 -1477905.3840383468 10.173675460015842 14.315777170428136 7.255804161550955
-3117862.1051208777 -5370932.118342174 -1477898.1477998653 10.155999743677395 14.311748861945727 7.216682432269265
-3117851.9579414763 -5370917.808590406 -1477890.9506554748 10.138367054726421 14.307763205606912 7.177615942659217
-3117841.828373339 -5370903.502803072 -1477883.792550043 10.12077717836879 14.303819944429327 7.138604477897027
-3117831.7163737593 -5370889.200937907 -1477876.6734286519 10.103229901299134 14.29991882339612 7.09964782448491
-3117821.6219002446 -5370874.902952896 -1477869.5932365966 10.08572501168951 14.296059589439473 7.060745770243841
-3117811.544910512 -5370860.608806279 -1477862.5519193835 10.068262299173705 14.2922419914203 7.021898104299469
-3117801.4853624897 -5370846.318456543 -1477855.549422729 10.050841554837154 14.28846578011309 6.983104617075647
-3117791.443214313 -5370832.031862427 -1477848.5856925591 10.033462571202024 14.28473070818615 6.944365100281146
-3117781.4184243246 -5370817.748982914 -1477841.6606750065 10.016125142215913 14.281036530185425 6.905679346901157
-3117771.410951072 -5370803.469777231 -1477834.7743164108 9.99882906323877 14.277383002516553 6.86704715118625
-3117761.420753307 -5370789.194204851 -1477827.9265633167 9.98157413102916 14.273769883426889 6.8284683086397475
-3117751.4477899843 -5370774.922225484 -1477821.117362473 9.964360143734574 14.270196932990318 6.789942616011928
-3117741.4920202587 -5370760.65379908 -1477814.3466608303 9.947186900877599 14.266663913089216 6.751469871287197
-3117731.553403486 -5370746.388885829 -1477807.6144055417 9.930054203343186 14.263170587397585 6.713049873672562
-3117721.6318992195 -5370732.127446151 -1477800.92054396 9.912961853369566 14.259716721366207 6.674682423592935
-3117711.7274672105 -5370717.8694407055 -1477794.2650236369 9.895909654533794 14.25630208220478 6.636367322676411
-3117701.8400674043 -5370703.614830379 -1477787.6477923219 9.878897411741331 14.252926438866512 6.598104373746972
-3117691.9696599436 -5370689.363576294 -1477781.068797961 9.861924931213736 14.249589562031957 6.559893380813109
-3117682.116205162 -5370675.115639795 -1477774.5279886962 9.844992020480454 14.246291224095065 6.521734149064181
-3117672.2796635847 -5370660.870982457 -1477768.0253128626 9.828098488361988 14.243031199143848 6.483626484851618
-3117662.459995928 -5370646.629566078 -1477761.560718989 9.811244144963224 14.23980926294838 6.445570195686769
-3117652.6571630985 -5370632.391352683 -1477755.1341557964 9.794428801660201 14.236625192944024 6.407565090228069
-3117642.8711261884 -5370618.156304516 -1477748.745572196 9.777652271091506 14.233478768217557 6.369610978276233
-3117633.10184648 -5370603.924384041 -1477742.3949172895 9.76091436714437 14.230369769490393 6.331707670759753
-3117623.349285438 -5370589.695553941 -1477736.0821403663 9.744214904946684 14.227297979105694 6.293854979730516
-3117613.613404713 -5370575.469777115 -1477729.8071909032 9.72755370085485 14.224263181012507 6.256052718352582
-3117603.894166138 -5370561.247016679 -1477723.570018564 9.71093057244284 14.221265160751487 6.218300700892033
-3117594.191531728 -5370547.0272359615 -1477717.3705731966 9.694345338493738 14.218303705441535 6.180598742711993
-3117584.5054636793 -5370532.810398503 -1477711.2088048337 9.677797818989145 14.215378603765425 6.142946660263493
-3117574.8359243665 -5370518.596468056 -1477705.084663691 9.661287835096108 14.212489645953845 6.105344271071996
-3117565.1828763434 -5370504.385408579 -1477698.998100166 9.644815209161324 14.20963662377475 6.067791393735872
-3117555.5462823394 -5370490.177184243 -1477692.9490648373 9.628379764699215 14.206819330517813 6.030287847915253
-3117545.926105262 -5370475.971759418 -1477686.937508463 9.611981326380196 14.204037560979945 5.992833454320265
-3117536.32230819 -5370461.769098684 -1477680.9633819798 9.595619720024263 14.20129111145444 5.955428034708087
-3117526.7348543806 -5370447.569166823 -1477675.026636503 9.579294772589007 14.198579779715372 5.918071411871772
-3117517.16370726 -5370433.371928818 -1477669.1272233236 9.563006312162623 14.195903365006819 5.880763409635893
-3117507.6088304264 -5370419.17734985 -1477663.2650939084 9.546754167951129 14.19326166802717 5.843503852843449
-3117498.0701876483 -5370404.9853953 -1477657.4401998997 9.530538170270415 14.190654490917495 5.806292567350045
-3117488.547742864 -5370390.79603075 -1477651.6524931127 9.514358150537618 14.188081637249615 5.769129380016787
-3117479.04146018 -5370376.60922197 -1477645.9019255352 9.49821394126258 14.185542912013158 5.732014118704577
-3117469.5513038686 -5370362.424934931 -1477640.188449327 9.482105376036294 14.183038121601983 5.694946612261553
-3117460.0772383683 -5370348.243135793 -1477634.5120168184 9.466032289523845 14.180567073802713 5.657926690519324
-3117450.6192282825 -5370334.063790909 -1477628.8725805092 9.449994517246802 14.178129577426066 5.620954184182616
-3117441.1772383815 -5370319.8868668275 -1477623.2700930694 9.43399188900637 14.175725431019787 5.584028921652174
-3117431.7512336113 -5370305.71233031 -1477617.7045073437 9.41802421963556 14.173354406993537 5.547150724567606
-3117422.34117911 -5370291.54014835 -1477612.175776357 9.402091317210282 14.171016265698668 5.5103194117942165
-3117412.9470402068 -5370277.37028819 -1477606.6838533157 9.386192988581913 14.168710764899048 5.473534802122622
-3117403.5687824236 -5370263.202717309 -1477601.2286916068 9.37032904129902 14.166437663052939 5.436796715213122
-3117394.206371475 -5370249.037403427 -1477595.8102447975 9.35449928425897 14.1641967204249 5.4001049719156216
-3117384.859773266 -5370234.874314504 -1477590.428466633 9.338629733696457 14.162037197141162 5.363434036636272
-3117375.531177929 -5370220.711924577 -1477585.084075162 9.316755984373637 14.16396335847885 5.324734441170102
-3117366.22882066 -5370206.544644661 -1477579.7798653843 9.286922788115733 14.171304554387168 5.283335130342595
-3117356.958798973 -5370192.368306025 -1477574.5178970783 9.252528432233326 14.181783808081846 5.240403969278174
-3117347.724600533 -5370178.1804925185 -1477569.299333299 9.215531914706238 14.194082209598168 5.196613886011514
-3117338.528208972 -5370163.9798029475 -1477564.1248205816 9.17706190456618 14.207436324918184 5.1523523925384325
-3117329.370741542 -5370149.7654233165 -1477558.9947080743 9.137768420931735 14.221404738644756 5.107842550982218
-3117320.2528166245 -5370135.536878965 -1477553.909173777 9.098025663041112 14.23573250635438 5.063212699570893
-3117311.174765481 -5370121.293891127 -1477548.8682972493 9.058048932080123 14.250272516730577 5.018536623283371
-3117302.136754224 -5370107.03629404 -1477543.8721014818 9.017962014712289 14.264939935671043 4.9738566942732225
-3117293.1388540557 -5370092.76398709 -1477538.9205770039 8.97783600916174 14.279685855011921 4.929197201143758
-3117284.1810817 -5370078.47690723 -1477534.0136957604 8.937711690985088 14.294482070777583 4.884572025834394
-3117275.263422667 -5370064.17501308 -1477529.1514190957 8.8976123927359 14.30931230074126 4.839989064061474
-3117266.3858446316 -5370049.858275786 -1477524.333702345 8.85755141803834 14.324167122360926 4.795452769848096
-3117257.548305124 -5370035.526673752 -1477519.5604974735 8.817536307557049 14.339041057627629 4.750965619648941
-3117248.7507559494 -5370021.180189617 -1477514.831754593 8.777571292416836 14.353930895574912 4.706528954440283
-3117239.993145723 -5370006.818808517 -1477510.1474228313 8.737658704471086 14.36883472766039 4.6621434637990635
-3117231.275421325 -5369992.442517089 -1477505.5074508316 8.697799786534887 14.38375139343366 4.617809464048132
-3117222.597528735 -5369978.051302889 -1477500.9117870373 8.65799515761717 14.39868016217386 4.57352705797533
-3117213.9594135103 -5369963.645154076 -1477496.3603798565 8.618245079914201 14.413620550156368 4.529296226504607
-3117205.3610210572 -5369949.224059208 -1477491.8531777542 8.578549611945627 14.428572215824083 4.485116881278167
-3117196.802296787 -5369934.788007143 -1477487.3901293057 8.538908696333246 14.443534899681792 4.4409888947965985
-3117188.283186205 -5369920.336986973 -1477482.9711832253 8.499322210084827 14.458508389850179 4.396912117682709
-3117179.803634959 -5369905.870987984 -1477478.5962883837 8.45978999339071 14.473492502331945 4.352886388573511
-3117171.3635888677 -5369891.38999964 -1477474.2653938162 8.420311866082978 14.488487069709782 4.308911539762911
-3117162.9629939375 -5369876.894011565 -1477469.9784487279 8.380887637053705 14.503491934674697 4.264987400435351
-3117154.6017963677 -5369862.383013536 -1477465.7354024954 8.341517109625013 14.51850694631811 4.22111379850287
-3117146.279942556 -5369847.856995483 -1477461.5362046673 8.302200084615162 14.53353195800588 4.177290561654844
-3117137.9973791 -5369833.315947475 -1477457.3808049646 8.262936362080092 14.548566826156595 4.133517517950433
-3117129.754052798 -5369818.759859728 -1477453.2691532797 8.223725742297576 14.563611409538122 4.089794496148712
-3117121.5499106455 -5369804.188722596 -1477449.2011996761 8.184568026328988 14.578665568857598 4.046121325900012
-3117113.384899839 -5369789.60252657 -1477445.1768943872 8.145463016324511 14.59372916652171 4.0024978378416565
-3117105.2589677693 -5369775.001262284 -1477441.1961878147 8.10641051569517 14.608802066493055 3.9589238636527173
-3117097.1720620263 -5369760.384920501 -1477437.2590305286 8.067410329205837 14.623884134200463 3.9153992360825525
-3117089.124130393 -5369745.753492119 -1477433.3653732652 8.028462263015884 14.63897523648204 3.871923788956492
-3117081.1151208444 -5369731.10696817 -1477429.5151669274 7.989566124696442 14.654075241546504 3.8284973571749963
-3117073.1449815487 -5369716.445339818 -1477425.7083625812 7.950721723242388 14.669184018943294 3.7851197767176887
-3117065.213660864 -5369701.7685983535 -1477421.9449114576 7.911928869061368 14.684301439539372 3.7417908846296863
-3117057.3211073373 -5369687.0767351985 -1477418.2247649487 7.873187373968918 14.699427375500317 3.6985105190168106
-3117049.4672697023 -5369672.369741901 -1477414.5478746085 7.834497051175749 14.714561700272583 3.6552785190350208
-3117041.6520968806 -5369657.6476101335 -1477410.9141921515 7.795857715276271 14.729704288567508 3.612094724881817
-3117033.875537977 -5369642.910331697 -1477407.3236694515 7.757269182234017 14.744855016345452 3.5689589777853277
-3117026.13754228 -5369628.157898512 -1477403.7762585403 7.718731269374249 14.760013760800945 3.5258711200006854
-3117018.4380592597 -5369613.390302622 -1477400.2719116071 7.680243795358674 14.775180400348866 3.482830994788425
-3117010.7770385686 -5369598.607536195 -1477396.8105809968 7.641806580183453 14.790354814609817 3.4398384464165863
-3117003.1544300364 -5369583.809591513 -1477393.3922192107 7.6034194451628325 14.805536884395433 3.3968933201485023
-3116995.5701836725 -5369568.996460981 -1477390.0167789033 7.565082212909167 14.820726491696165 3.3539954622263246
-3116988.0242496617 -5369554.168137119 -1477386.6842128828 7.526794707330979 14.83592351966682 3.3111447198732447
-3116980.516578365 -5369539.324612565 -1477383.3944741096 7.4885567536098065 14.851127852613477 3.2683409412741278
-3116973.0471203174 -5369524.465880073 -1477380.1475156958 7.450368178192519 14.866339375980585 3.225583975571553
-3116965.615826227 -5369509.591932506 -1477376.943290903 7.412228808779762 14.881557976337334 3.182873672858237
-3116958.222646973 -5369494.702762848 -1477373.7817531433 7.374138473446473 14.89678353989477 3.140209883747893
-3116950.8675336107 -5369479.798364193 -1477370.6628559784 7.336096992864842 14.912015939238591 3.097592455629631
-3116943.5504373778 -5369464.878729778 -1477367.5865531256 7.298104179153303 14.92725503135445 3.055021232118786
-3116936.2713097027 -5369449.943852983 -1477364.5527984586 7.260159842310431 14.942500668534061 3.01249605617721
-3116929.0301022036 -5369434.9937273385 -1477361.561546008 7.222263792765708 14.957752702683827 2.97001677135386
-3116921.826766688 -5369420.028346519 -1477358.612749961 7.184415842215348 14.973010986721738 2.9275832221951905
-3116914.661255149 -5369405.047704348 -1477355.706364659 7.146615803885982 14.9882753750182 2.885195254374163
-3116907.533519768 -5369390.051794794 -1477352.8423445967 7.108863492609595 15.003545723527147 2.842852714724817
-3116900.44351291 -5369375.040611968 -1477350.0206444229 7.071158724840925 15.018821889811756 2.8005554512514887
-3116893.391187122 -5369360.014150125 -1477347.2412189366 7.033501318647037 15.034103733040228 2.758303313119384
-3116886.376495134 -5369344.972403655 -1477344.5040230874 6.995891093695842 15.049391113970344 2.716096150647561
-3116879.399389853 -5369329.915367089 -1477341.8090119741 6.958327871236381 15.06468389493155 2.6739338152944905
-3116872.4598243656 -5369314.843035096 -1477339.1561408434 6.920811474080465 15.079981939806482 2.6318161596450933
-3116865.557751934 -5369299.75540248 -1477336.5453650889 6.883341726589164 15.095285114011325 2.589743037403089
-3116858.6931259963 -5369284.652464179 -1477333.9766402496 6.845918454655478 15.110593284477009 2.5477143033791765
-3116851.8659001635 -5369269.534215262 -1477331.4499220096 6.808541485685044 15.125906319630591 2.5057298134772767
-3116845.076028218 -5369254.400650929 -1477328.9651661965 6.771210648575419 15.141224089378383 2.4637894246787893
-3116838.3234641133 -5369239.251766508 -1477326.5223287798 6.733925773707931 15.156546465087057 2.4218929950400208
-3116831.608161971 -5369224.087557461 -1477324.1213658713 6.6966866929228726 15.171873319566064 2.3800403836726196
-3116824.930076081 -5369208.9080193695 -1477321.7622337225 6.659493239507295 15.187204527050266 2.3382314507364614
-3116818.2891608975 -5369193.713147945 -1477319.4448887247 6.622345248180612 15.202539963182828 2.296466057430317
-3116811.6853710413 -5369178.502939018 -1477317.169287407 6.585242555074992 15.217879504997896 2.2547440659773903
-3116805.1186612956 -5369163.277388546 -1477314.9353864365 6.548184997718441 15.233223030905254 2.2130653396129185
-3116798.588986605 -5369148.036492602 -1477312.7431426158 6.511172415024117 15.248570420672404 2.171429742578771
-3116792.096302075 -5369132.780247385 -1477310.592512883 6.47420464727046 15.263921555409423 2.1298371401080716
-3116785.64056297 -5369117.508649206 -1477308.4834543106 6.43728153608873 15.279276317552187 2.0882873984176906
-3116779.2217247128 -5369102.221694497 -1477306.415924104 6.400402924447519 15.29463459084705 2.0467803846972665
-3116772.8397428803 -5369086.919379806 -1477304.3898796015 6.363568656637781 15.309996260335042 2.005315967098922
-3116766.4945732076 -5369071.601701792 -1477302.4052782722 6.326778578259352 15.325361212336837 1.9638940147281962
-3116760.1861715806 -5369056.268657229 -1477300.4620777168 6.290032536204611 15.340729334437123 1.922514397632355
-3116753.91449404 -5369040.920243003 -1477298.5602356635 6.25333037864394 15.356100515470343 1.8811769867900234
-3116747.6794967763 -5369025.556456111 -1477296.6997099712 6.216671955015133 15.37147464550557 1.8398816541050818
-3116741.48113613 -5369010.177293658 -1477294.8804586246 6.180057116007216 15.386851615831926 1.7986282723947782
-3116735.319368591 -5368994.782752858 -1477293.102439736 6.143485713545928 15.402231318944587 1.75741671537933
-3116729.1941507966 -5368979.37283103 -1477291.365611544 6.106957600781509 15.417613648530672 1.7162468576738956
-3116723.1054395298 -5368963.947525601 -1477289.6699324118 6.072624809338279 15.431324544532306 1.6767372251885402
-3116717.0407496197 -5368948.516561821 -1477288.00599742 6.060929021162598 15.427325857092129 1.6542776836293194
-3116710.977881981 -5368933.097378499 -1477286.357077802 6.067097774871437 15.40922895126555 1.6452906177287694
-3116704.903418565 -5368917.700576031 -1477284.7130495086 6.08308944283917 15.383382595447385 1.6437177146909636
-3116698.8099792255 -5368902.331964399 -1477283.068339993 6.104482258943452 15.353299151180009 1.6462251514190407
-3116692.6935079554 -5368886.994712601 -1477281.419883122 6.128840721181511 15.3209112903334 1.6509767157263184
-3116686.551780115 -5368871.690538359 -1477279.765993338 6.154823201444902 15.287280336633957 1.6569611725671425
-3116680.3835797226 -5368856.420362779 -1477278.10574524 6.181691020655421 15.25298872712101 1.6636219019251877
-3116674.1882459726 -5368841.184669862 -1477276.4386317234 6.209037761233586 15.218356007948511 1.6706527154078128
-3116667.9654234084 -5368825.983703826 -1477274.764375712 6.236639978404556 15.183557441622698 1.677885293087898
-3116661.714924394 -5368810.8175774 -1477273.0828265445 6.264374910340321 15.148689102439533 1.6852271628870839
-3116655.436653468 -5368795.686331262 -1477271.3939029907 6.292175155088632 15.1138036042604 1.692627552019884
-3116649.1305657597 -5368780.589966658 -1477269.6975619323 6.320003728380842 15.078929711959045 1.7000585982409189
-3116642.796644154 -5368765.528463302 -1477267.9937811599 6.347840348089604 15.044083106549971 1.70750501922889
-3116636.4348867494 -5368750.5017891945 -1477266.2825499307 6.375673897516132 15.009272293686251 1.7149584361656691
-3116630.045299985 -5368735.509906005 -1477264.5638637883 6.403498286677436 14.974501845790293 1.7224142565820668
-3116623.627894864 -5368720.552772021 -1477262.8377217203 6.431310180962559 14.939774180500061 1.7298699635955024
-3116617.1826848905 -5368705.630343766 -1477261.1041246026 6.459107755340334 14.905090535827108 1.7373241775352017
-3116610.709684937 -5368690.742576882 -1477259.363074347 6.486890011446203 14.870451504615176 1.744776141513138
-3116604.2089106226 -5368675.889426612 -1477257.6145734333 6.5146564034297505 14.83585732732531 1.7522254395593782
-3116597.680377978 -5368661.070848066 -1477255.858624654 6.542406633075511 14.8013080523438 1.7596718422655415
-3116591.1241032546 -5368646.286796364 -1477254.0952309745 6.570140537673719 14.766803623707547 1.7671152222993718
-3116584.540102827 -5368631.5372267105 -1477252.3243954568 6.59785802868419 14.732343929083715 1.774555508186478
-3116577.9283931353 -5368616.822094441 -1477250.5461212178 6.6255590582016906 14.697928825994799 1.7819926590392527
-3116571.288990655 -5368602.141355043 -1477248.7604114055 6.653243600631181 14.663558156139388 1.789426650746104
-3116564.6219118806 -5368587.494964167 -1477246.9672691869 6.680911642675635 14.629231753213045 1.7968574684267595
-3116557.9271733165 -5368572.882877627 -1477245.1666977415 6.708563178410674 14.594949448099777 1.8042851025706075
-3116551.204791468 -5368558.305051412 -1477243.3587002552 6.736198209843589 14.560711077347001 1.8117095484817605
-3116544.4547828366 -5368543.761441666 -1477241.5432799174 6.763816745018719 14.52651648394051 1.8191308049230315
-3116537.677163913 -5368529.252004686 -1477239.7204399179 6.791418794513376 14.49236551340507 1.8265488721934369
-3116530.8719511773 -5368514.776696928 -1477237.8901834446 6.819004370040175 14.458258012560933 1.8339637513249851
-3116524.0391610973 -5368500.335474999 -1477236.0525136855 6.8465734838979735 14.424193829213829 1.8413754437465972
-3116517.178810129 -5368485.928295655 -1477234.2074338265 6.874126148738399 14.390172812097287 1.8487839511323563
-3116510.290914714 -5368471.555115808 -1477232.3549470515 6.901662377462133 14.35619481087185 1.856189275329414
-3116503.3754912824 -5368457.215892513 -1477230.4950565428 6.929182183164445 14.322259676134815 1.8635914183202726
-3116496.4325562506 -5368442.910582982 -1477228.6277654807 6.956685579109169 14.288367259422438 1.8709903822033607
-3116489.4621260213 -5368428.639144569 -1477226.753077043 6.984172578711364 14.254517413213689 1.8783861691815913
-3116482.464216984 -5368414.401534776 -1477224.8709944056 7.011643195531276 14.220709990919861 1.8857787815564795
-3116475.4388455153 -5368400.197711254 -1477222.981520742 7.039097443267913 14.186944846880461 1.8931682217240389
-3116468.3860279773 -5368386.027631796 -1477221.0846592227 7.066535335752882 14.15322183636074 1.9005544921715827
-3116461.305780717 -5368371.89125434 -1477219.1804130168 7.09395688695005 14.119540815537926 1.907937595476232
-3116454.1981200706 -5368357.788536969 -1477217.2687852897 7.121362110952921 14.085901641494342 1.915317534303339
-3116447.063062357 -5368343.7194379065 -1477215.3497792047 7.148751021979503 14.052304172214189 1.9226943114043809
-3116439.900623882 -5368329.683915519 -1477213.423397922 7.176123634372677 14.018748266571235 1.930067929616231
-3116432.710820938 -5368315.681928313 -1477211.4896445991 7.203479962597754 13.985233784321133 1.9374383918597962
-3116425.4936698005 -5368301.713434934 -1477209.5485223904 7.230820021239764 13.951760586095013 1.944805701138687
-3116418.249186733 -5368287.778394168 -1477207.6000344474 7.258143825005091 13.91832853338704 1.9521698605389664
-3116410.9773879824 -5368273.876764939 -1477205.6441839184 7.285451388711871 13.88493748855775 1.9595308732260823
-3116403.678289782 -5368260.008506306 -1477203.6809739484 7.312742727296627 13.85158731481239 1.9668887424457666
-3116396.3519083485 -5368246.173577468 -1477201.7104076794 7.340017855807245 13.818277876202899 1.9742434715217834
-3116388.9982598843 -5368232.3719377555 -1477199.7324882497 7.367276789404392 13.785009037614836 1.9815950638555604
-3116381.6173605765 -5368218.603546637 -1477197.7472187942 7.394519543357208 13.751780664764096 1.988943522924552
-3116374.209226598 -5368204.868363713 -1477195.7546024446 7.421746133043265 13.718592624186654 1.996288852281578
-3116366.7738741054 -5368191.166348717 -1477193.7546423287 7.448956573945616 13.685444783233221 2.003631055553451
-3116359.3113192394 -5368177.497461517 -1477191.7473415711 7.4761508816521145 13.65233701006067 2.010970136440256
-3116351.821578125 -5368163.86166211 -1477189.732703292 7.50332907185335 13.619269173624959 2.0183060987141865
-3116344.304666872 -5368150.258910624 -1477187.710730608 7.530491160340781 13.586241143675322 2.025638946218547
-3116336.7606015746 -5368136.689167318 -1477185.681426632 7.557637163006215 13.553252790744615 2.0329686828669784
-3116329.18939831 -5368123.152392579 -1477183.6447944727 7.5847670958390445 13.520303986145187 2.0402953126422636
-3116321.5910731405 -5368109.648546923 -1477181.6008372353 7.611880974924646 13.487394601961494 2.0476188395953234
-3116313.9656421114 -5368096.177590993 -1477179.5495580207 7.638978816443978 13.454524511040935 2.054939267844512
-3116306.3131212527 -5368082.739485559 -1477177.490959925 7.666060636671187 13.421693586990148 2.0622566015745725
-3116298.6335265767 -5368069.334191516 -1477175.4250460411 7.693126451972605 13.38890170416631 2.0695708450357584
-3116290.92687408 -5368055.9616698865 -1477173.3518194566 7.72017627880511 13.356148737670862 2.07688200254289
-3116283.193179744 -5368042.621881817 -1477171.2712832557 7.747210133713328 13.323434563346098 2.0841900784741973
-3116275.4324595314 -5368029.314788576 -1477169.1834405176 7.7742280333300355 13.290759057764076 2.0914950772707535
-3116267.6447293893 -5368016.040351557 -1477167.088294317 7.8012299943738315 13.258122098222985 2.098797003435478
-3116259.830005248 -5368002.798532274 -1477164.9858477246 7.828216033647882 13.225523562740621 2.1060958615323075
-3116251.988303021 -5367989.589292364 -1477162.8761038058 7.855186168039577 13.192963330045568 2.113391656185521
-3116244.1196386046 -5367976.4125935845 -1477160.7590656222 7.882140414516998 13.160441279575972 2.1206843920784917
-3116236.224027878 -5367963.268397815 -1477158.63473623 7.909078790130032 13.12795729146777 2.1279740739533084
-3116228.301486704 -5367950.15666705 -1477156.5031186803 7.936001312006135 13.095511246554587 2.1352607066093574
-3116220.352030927 -5367937.077363407 -1477154.3642160206 7.96290799735144 13.063103026357405 2.1425442949030518
-3116212.375676375 -5367924.03044912 -1477152.2180312925 7.989798863449018 13.030732513078828 2.1498248437468908
-3116204.372438859 -5367911.015886541 -1477150.0645675333 8.016673927657596 12.998399589597938 2.157102358108715
-3116196.3423341727 -5367898.033638138 -1477147.9038277746 8.043533207408425 12.966104139467719 2.1643768430104897
-3116188.285378091 -5367885.083666497 -1477145.735815043 8.070376720206147 12.933846046904977 2.1716483035279657
-3116180.201586372 -5367872.165934316 -1477143.5605323613 8.097204483626845 12.90162519678623 2.178916744789773
-3116172.0909747565 -5367859.28040441 -1477141.3779827452 8.124016515317464 12.869441474641464 2.186182171976861
-3116163.953558968 -5367846.427039711 -1477139.1881692067 8.150812832993411 12.837294766650366 2.193444590321432
-3116155.7893547104 -5367833.605803258 -1477136.991094752 8.174688404222199 12.806784736080346 2.2010592557800557
-3116147.6167634944 -5367820.806567421 -1477134.7845231793 8.16331750873482 12.795604473601369 2.2129502849100424
-3116139.472189385 -5367808.009421782 -1477132.564051781 8.122038859712307 12.800749000660115 2.2284472032145293
-3116131.377672204 -5367795.202329202 -1477130.3270248964 8.065000039991547 12.814528543894138 2.2458467422830912
-3116123.3448084514 -5367782.378914104 -1477128.0720400573 7.999680954882566 12.832880655850746 2.264249557847343
-3116115.379680745 -5367769.535801714 -1477125.7983592374 7.930028378663426 12.85365052068891 2.283178354811312
-3116107.4854637426 -5367756.671209736 -1477123.5055972715 7.858123299238441 12.875695150325376 2.3023797939071486
-3116099.663799119 -5367743.784200166 -1477121.1935561812 7.785062599672078 12.898409037424098 2.321719607772228
-3116091.9155206047 -5367730.874281947 -1477118.86213711 7.711424298828419 12.92147188922116 2.341126762424093
-3116084.2410362246 -5367717.941200278 -1477116.5112935985 7.637512891021863 12.944714510205522 2.3605637383631644
-3116076.6405297904 -5367704.984825089 -1477114.1410068425 7.563488700997745 12.96804761855103 2.3800107446859764
-3116069.114067105 -5367692.005092118 -1477111.7512726225 7.4894360553830035 12.991424094136883 2.3994573411342337
-3116061.6616519545 -5367679.00197186 -1477109.3420944193 7.415399221085837 13.014819018141042 2.418898008050053
-3116054.2832556013 -5367665.975453213 -1477106.9134797885 7.341401378071446 13.038219186725485 2.4383298221138108
-3116046.9788323105 -5367652.925534834 -1477104.4654384465 7.267454611582614 13.061617573055019 2.4577512287894567
-3116039.7483275104 -5367639.852220599 -1477101.9979812633 7.193565171948762 13.085010404181865 2.4771613943546056
-3116032.591682089 -5367626.7555172015 -1477099.5111197315 7.119736242645586 13.10839562023163 2.4965598644024354
-3116025.5088346475 -5367613.635432892 -1477097.0048656862 7.0459693965181085 13.131772063034935 2.515946384065837
-3116018.499722685 -5367600.491976816 -1477094.47923116 6.9722653615395265 13.155139049212647 2.5353208034609613
-3116011.56428322 -5367587.325158664 -1477091.9342283034 6.898624423312269 13.178496145691977 2.554683027985045
-3116004.702453114 -5367574.134988483 -1477089.3698693463 6.825046636504707 13.20184305173746 2.574032992211433
-3115997.9141692407 -5367560.921476582 -1477086.7861665746 6.75153193587857 13.225179536984815 2.5933706461819237
-3115991.1993685737 -5367547.684633483 -1477084.1831323202 6.678080194531392 13.248505408907445 2.6126959482166474
-3115984.55798823 -5367534.424469885 -1477081.560778954 6.604691254462069 13.271820495734216 2.6320088611365926
-3115977.9899654947 -5367521.140996655 -1477078.9191188824 6.531364942558 13.295124637488 2.651309350287958
-3115971.495237829 -5367507.834224815 -1477076.258164546 6.458101078969293 13.31841768127762 2.67059738250357
-3115965.073742876 -5367494.504165537 -1477073.577928418 6.384899481483817 13.341699478821782 2.689872925557183
-3115958.72541846 -5367481.150830139 -1477070.8784230035 6.311759967803177 13.364969885143948 2.7091359478768022
-3115952.4502025885 -5367467.774230086 -1477068.1596608385 6.238682356709414 13.388228757882592 2.7283864183958646
-3115946.248033449 -5367454.374376981 -1477065.42165449 6.165666468683224 13.41147595691642 2.747624306469082
-3115940.1188494074 -5367440.9512825655 -1477062.664416556 6.092712126192261 13.434711344165297 2.7668495818324836
-3115934.062589006 -5367427.504958721 -1477059.8879596642 6.019819153839711 13.457934783473583 2.786062214578234
-3115928.0791909616 -5367414.035417463 -1477057.092296472 5.946987378433153 13.481146140541309 2.8052621751398723
-3115922.168594162 -5367400.542670939 -1477054.2774396664 5.874216629000325 13.504345282880074 2.824449434284606
-3115916.3307376667 -5367387.02673143 -1477051.443401963 5.801506736778621 13.527532079783338 2.843623963109618
-3115910.5655607022 -5367373.487611345 -1477048.5901961064 5.728857535211933 13.550706402300172 2.862785733035846
-3115904.8730026595 -5367359.925323225 -1477045.7178348699 5.656268859932822 13.573868123213423 2.881934715804193
-3115899.253003094 -5367346.339879731 -1477042.8263310546 5.583740548730612 13.597017117021984 2.90107088347452
-3115893.7055017217 -5367332.731293655 -1477039.9156974894 5.511272441537104 13.62015325992247 2.9201942084214862
-3115888.230438418 -5367319.099577908 -1477036.9859470308 5.438864380401603 13.643276429790605 2.939304663331659
-3115882.827753215 -5367305.444745524 -1477034.0370925623 5.366516209455664 13.666386506167228 2.9584022212037095
-3115877.497386299 -5367291.766809654 -1477031.0691469943 5.294227774904234 13.689483370239786 2.9774868553430136
-3115872.2392780106 -5367278.065783573 -1477028.082123264 5.221998924983366 13.7125669048283 2.996558539362817
-3115867.05336884 -5367264.3416806655 -1477025.076034334 5.149829509962116 13.735636994365407 3.0156172471766594
-3115861.939599426 -5367250.594514433 -1477022.0508931943 5.077719382093796 13.758693524885311 3.0346629530015634
-3115856.8979105544 -5367236.824298493 -1477019.0067128593 5.0056683956053885 13.781736384005628 3.053695631352972
-3115851.9282431565 -5367223.03104657 -1477015.9435063687 4.933676406672859 13.804765460912588 3.0727152570429523
-3115847.0305383056 -5367209.214772505 -1477012.861286788 4.861743273392628 13.82778064634763 3.091721805179566
-3115842.2047372162 -5367195.37549024 -1477009.7600672068 4.789868855772472 13.850781832588758 3.1107152511613676
-3115837.450781242 -5367181.513213829 -1477006.63986074 4.718053015696449 13.873768913439399 3.1296955706785328
-3115832.7686118735 -5367167.627957431 -1477003.5006805258 4.646295616903364 13.896741784212917 3.1486627397103697
-3115828.158170737 -5367153.719735305 -1477000.3425397265 4.574596524971072 13.919700341717807 3.1676167345222437
-3115823.619399592 -5367139.788561816 -1476997.1654515283 4.502955607291032 13.942644484244019 3.186557531664325
-3115819.15224033 -5367125.8344514305 -1476993.9694291404 4.431372733049805 13.965574111548383 3.205485107969011
-3115814.756634972 -5367111.857418713 -1476990.754485795 4.359847773202006 13.988489124841719 3.224399440550221
-3115810.432525668 -5367097.857478326 -1476987.5206347473 4.288380600460149 14.011389426773746 3.2433005067993514
-3115806.1798546924 -5367083.834645029 -1476984.267889275 4.216971089262621 14.03427492142061 3.26218828438549
-3115801.9985644473 -5367069.788933678 -1476980.9962626777 4.145619115758961 14.057145514271674 3.2810627512527315
-3115797.8885974553 -5367055.720359218 -1476977.7057682767 4.074324557789099 14.080001112215786 3.299923885618269
-3115793.849896362 -5367041.628936693 -1476974.3964194153 4.0030872948590615 14.102841623529137 3.318771665971516
-3115789.882403932 -5367027.514681234 -1476971.0682294585 3.9319072081281954 14.125666957861418 3.337606071070943
-3115785.986063047 -5367013.377608064 -1476967.7212117922 3.8607841803872973 14.148477026222956 3.35642707994263
-3115782.1608167063 -5366999.217732491 -1476964.3553798227 3.7897180960405894 14.171271740971692 3.3752346718781547
-3115778.4066080246 -5366985.035069913 -1476960.970746977 3.718708841077826 14.19405101580278 3.3940288264349237
-3115774.7233802276 -5366970.829635811 -1476957.567326703 3.647756303064178 14.21681476573534 3.412809523432829
-3115771.111076655 -5366956.601445754 -1476954.1451324683 3.5768603711180242 14.23956290709978 3.4315767429529003
-3115767.5696407543 -5366942.350515392 -1476950.70417776 3.5060209358978125 14.26229535752474 3.4503304653344684
-3115764.0990160834 -5366928.076860453 -1476947.2444760848 3.43523788957397 14.285012035927537 3.4690706711758486
-3115760.6991463075 -5366913.780496753 -1476943.7660409694 3.36451112581502 14.307712862501935 3.4877973413319094
-3115757.3699751957 -5366899.46144018 -1476940.2688859582 3.2938405397781705 14.330397758703453 3.506510456910111
-3115754.1114466223 -5366885.119706708 -1476936.753024616 3.223226028072015 14.353066647243011 3.5252099992736765
-3115750.923504564 -5366870.7553123785 -1476933.2184705245 3.152667488764323 14.375719452069411 3.5438959500340745
-3115747.8060930986 -5366856.368273314 -1476929.665237285 3.082164821342935 14.398356098363223 3.5625682910545295
-3115744.7591564045 -5366841.95860571 -1476926.0933385158 3.011717926705125 14.420976512523577 3.581227004446811
-3115741.782638758 -5366827.526325836 -1476922.5027878536 2.9413267071463713 14.443580622156684 3.5998720725686657
-3115738.8764845314 -5366813.07145003 -1476918.893598952 2.87099106633817 14.466168356064806 3.6185034780231087
-3115736.040638194 -5366798.593994705 -1476915.2657854827 2.800710909308592 14.488739644237258 3.6371212036579696
-3115733.2750443094 -5366784.09397634 -1476911.6193611342 2.7304861424321416 14.511294417841762 3.655725232564251
-3115730.579647533 -5366769.571411484 -1476907.9543396106 2.6603166774429403 14.533832616024194 3.674315549950615
-3115727.9543925975 -5366755.026316725 -1476904.2707346273 2.590202452743322 14.556354222069459 3.692892153117567
-3115725.3992242836 -5366740.458708649 -1476900.568559895 2.5201434278729824 14.578859254286355 3.7114550489683418
-3115722.9140874096 -5366725.868603817 -1476896.847829117 2.4501395687312586 14.601347741343337 3.7300042472419492
-3115720.4989268254 -5366711.256018759 -1476893.1085559851 2.380190843032529 14.623819714839438 3.7485397584881097
-3115718.1536874142 -5366696.620969971 -1476889.3507541814 2.310297218974809 14.646275207174595 3.7670615934905722
-3115715.8783140904 -5366681.963473918 -1476885.574437376 2.2404586648263565 14.66871425094683 3.7855697631091894
-3115713.672751799 -5366667.283547033 -1476881.7796192297 2.170675148812819 14.691136878779119 3.804064278233551
-3115711.536945518 -5366652.581205715 -1476877.966313391 2.100946639074811 14.713543123272013 3.8225451497719503
-3115709.470840258 -5366637.856466332 -1476874.1345334982 2.0312731036497667 14.735933016991247 3.841012388649538
-3115707.47438106 -5366623.109345217 -1476870.2842931785 1.9616545104718546 14.758306592462866 3.8594660058064933
-3115705.547512998 -5366608.3398586735 -1476866.4156060482 1.8920908273648687 14.780663882173888 3.8779060121993187
-3115703.690181178 -5366593.548022971 -1476862.5284857124 1.8225820220499924 14.803004918568423 3.896332418798226
-3115701.902330738 -5366578.733854346 -1476858.6229457653 1.753128062138994 14.825329734049205 3.9147452365887205
-3115700.18390685 -5366563.897369002 -1476854.6989997905 1.6837289151338222 14.847638360976738 3.9331444765713
-3115698.534854716 -5366549.038583114 -1476850.7566613604 1.6143845484278785 14.869930831668416 3.9515301497609467
-3115696.9551195726 -5366534.157512819 -1476846.7959440362 1.545094929307384 14.892207178397774 3.969902267186629
-3115695.444646689 -5366519.254174229 -1476842.816861368 1.4758600249505713 14.914467433393723 3.9882608398911334
-3115694.003381367 -5366504.328583416 -1476838.819426895 1.4066798024286031 14.936711628840008 4.006605878930708
-3115692.6312689404 -5366489.380756423 -1476834.803654145 1.3375542287054334 14.958939796873684 4.024937395374533
-3115691.328254778 -5366474.410709265 -1476830.7695566355 1.2684832706308682 14.981151969587454 4.043255400306549
-3115690.0942842797 -5366459.418457918 -1476826.7171478728 1.1994668949570442 15.003348179024785 4.0615599048212525
-3115688.92930288 -5366444.404018332 -1476822.6464413512 1.1305050683216817 15.025528457182556 4.079850920027105
-3115687.833256047 -5366429.367406421 -1476818.5574505546 1.0615977572609998 15.047692836007805 4.098128457043438
-3115686.8060892825 -5366414.30863807 -1476814.4501889558 0.9927449281985022 15.069841347400533 4.1163925270031045
-3115685.84774812 -5366399.227729127 -1476810.3246700158 0.9239465474548297 15.091974023209616 4.134643141049535
-3115684.958178129 -5366384.124695414 -1476806.1809071857 0.855202581237996 15.11409089523593 4.1528803103392775
-3115684.1373249115 -5366368.999552717 -1476802.0189139037 0.7865129956558351 15.13619199522767 4.171104046038455
-3115683.385134104 -5366353.852316794 -1476797.8387035984 0.717877756703654 15.15827735488323 4.189314359325602
-3115682.701551377 -5366338.683003371 -1476793.6402896864 0.6492968302774166 15.180347005848088 4.207511261388607
-3115682.0865224344 -5366323.4916281365 -1476789.4236855737 0.5807701821671082 15.202400979714453 4.225694763425497
-3115681.5399930156 -5366308.278206756 -1476785.1889046547 0.5122977780488858 15.224439308024085 4.243864876646651
-3115681.061908894 -5366293.042754858 -1476780.9359603121 0.44387958350364615 15.246462022263161 4.262021612270141
-3115680.6496568 -5366277.786422932 -1476776.6660916752 0.3838718627450631 15.264772219750238 4.276166330227558
-3115680.288824264 -5366262.515608925 -1476772.38619614 0.3398877897296853 15.275917394148705 4.282618689850861
-3115679.967260627 -5366247.23577169 -1476768.102116089 0.30428545833747295 15.283285805752335 4.285038514630161
-3115679.6789419395 -5366231.949627901 -1476763.8167484733 0.27287553768213124 15.28876631986589 4.28544581481079
-3115679.420851792 -5366216.658533608 -1476759.531538107 0.24356778027422654 15.29330488917797 4.284849906053894
-3115679.191474861 -5366201.363165066 -1476755.2472048115 0.21531906766952397 15.29737373812886 4.283754486705949
-3115678.9900448853 -5366186.063859504 -1476750.9641067572 0.1876090000842877 15.301208294124063 4.282410742069948
-3115678.8161692303 -5366170.760785195 -1476746.682421817 0.1601780821775515 15.304925860359392 4.280943864368421
-3115678.6696415236 -5366155.454026245 -1476742.402238025 0.1328969864278879 15.308584864783594 4.279416219103323
-3115678.5503481985 -5366140.143624836 -1476738.123598671 0.10570129173672876 15.312214403862235 4.27785885891707
-3115678.4582219073 -5366124.82960228 -1476733.8465247704 0.07855892312695835 15.315828966250931 4.276287237599279
-3115678.3932183096 -5366109.511969493 -1476729.5710262575 0.051453916097923214 15.319435768144304 4.274709041947966
-3115678.355304516 -5366094.190732211 -1476725.2971075547 0.024378325700797253 15.323038406583834 4.273128093321179
-3115678.3444533353 -5366078.865893587 -1476721.0247703465 -0.0026718032161429962 15.32663867830605 4.271546290310205
-3115678.3606404164 -5366063.5374554815 -1476716.7540149556 -0.029698441934829747 15.330237484905297 4.269964575560509
-3115678.403842822 -5366048.205419104 -1476712.484841031 -0.05670257583327906 15.333835283096528 4.268383416691277
-3115678.474038327 -5366032.869785329 -1476708.217247886 -0.08368470060741895 15.337432308584996 4.266803045393128
-3115678.571205063 -5366017.530554862 -1476703.9512346683 -0.11064506888501478 15.341028687317557 4.265223576237026
-3115678.695321346 -5366002.187728308 -1476699.6868004443 -0.13758381271224945 15.344624490742621 4.26364506568159
-3115678.8463655934 -5365986.841306221 -1476695.4239442397 -0.16450100436686216 15.348219763242575 4.262067541362859
-3115679.024316275 -5365971.491289115 -1476691.1626650607 -0.19139668652606148 15.351814535745458 4.260491016626241
-3115679.229151896 -5365956.137677475 -1476686.9029619042 -0.21827088723501048 15.355408832474517 4.258915497731532
-3115679.460850987 -5365940.780471769 -1476682.6448337624 -0.2451236273212221 15.359002674294121 4.257340987424213
-3115679.7193920957 -5365925.419672442 -1476678.3882796266 -0.27195492406670335 15.362596080367974 4.255767486704662
-3115680.0047537857 -5365910.05527992 -1476674.1332984867 -0.29876479302709136 15.36618906897884 4.254194995703681
-3115680.3169146376 -5365894.687294613 -1476669.8798893334 -0.3255532489355195 15.369781657934176 4.252623514115349
-3115680.655853245 -5365879.315716908 -1476665.628051157 -0.35232030614321647 15.373373864768016 4.251053041411931
-3115681.0215482167 -5365863.940547181 -1476661.3777829497 -0.3790659788421856 15.376965706839352 4.249483576949359
-3115681.4139781753 -5365848.561785788 -1476657.1290837033 -0.4057902811750697 15.380557201380459 4.247915120019266
-3115681.8331217575 -5365833.179433069 -1476652.8819524103 -0.43249322728367395 15.384148365522751 4.24634766987562
-3115682.2789576137 -5365817.793489344 -1476648.6363880646 -0.459174831337247 15.38773921630691 4.244781225746894
-3115682.7514644098 -5365802.4039549185 -1476644.3923896605 -0.48583510755191706 15.391329770689062 4.243215786841803
-3115683.250620824 -5365787.010830082 -1476640.1499561935 -0.5124740701883455 15.39492004554421 4.241651352353304
-3115683.7764055505 -5365771.614115103 -1476635.909086659 -0.5390917335569846 15.398510057666861 4.240087921459715
-3115684.3287972976 -5365756.213810236 -1476631.6697800544 -0.5656881120247909 15.402099823771785 4.238525493325002
-3115684.9077747874 -5365740.809915722 -1476627.4320353768 -0.5922632200093239 15.40568936049436 4.236964067099713
-3115685.513316756 -5365725.402431779 -1476623.1958516252 -0.6188170719797967 15.409278684390694 4.235403641921061
-3115686.145401955 -5365709.991358612 -1476618.9612277988 -0.645349682463242 15.412867811937575 4.233844216912437
-3115686.8040091502 -5365694.57669641 -1476614.728162898 -0.6718610660362574 15.416456759531798 4.232285791183995
-3115687.489117122 -5365679.158445344 -1476610.4966559238 -0.6983512373316757 15.42004554349118 4.230728363832295
-3115688.2007046654 -5365663.736605571 -1476606.266705878 -0.7248202110331539 15.423634180054119 4.229171933940662
-3115688.93875059 -5365648.311177228 -1476602.0383117641 -0.7512680018781861 15.427222685378782 4.227616500578716
-3115689.7032337217 -5365632.882160439 -1476597.8114725861 -0.7776946246595597 15.430811075543975 4.226062062802417
-3115690.4941328983 -5365617.449555313 -1476593.5861873487 -0.8041000942172668 15.434399366549084 4.224508619654747
-3115691.3114269744 -5365602.013361939 -1476589.3624550574 -0.8304844254488932 15.437987574312706 4.2229561701644585
-3115692.155094819 -5365586.5735803945 -1476585.1402747198 -0.8568476333027805 15.441575714674645 4.221404713347084
-3115693.025115317 -5365571.130210736 -1476580.9196453432 -0.8831897327792922 15.445163803393902 4.219854248204373
-3115693.9214673666 -5365555.683253008 -1476576.7005659365 -0.9095107389327308 15.448751856150398 4.218304773724468
-3115694.8441298828 -5365540.232707241 -1476572.4830355092 -0.9358106668677707 15.452339888543456 4.216756288881868
-3115695.7930817944 -5365524.778573445 -1476568.2670530728 -0.9620895317408614 15.455927916092723 4.215208792637468
-3115696.768302046 -5365509.320851618 -1476564.052617639 -0.9883473487580711 15.459515954237808 4.213662283938659
-3115697.7697695983 -5365493.859541743 -1476559.8397282206 -1.014584133181977 15.46310401833787 4.212116761718584
-3115698.7969082673 -5365478.395034301 -1476555.6281313044 -1.0373719280790183 15.464282776913599 4.212131520650697
-3115699.8389388607 -5365462.93490508 -1476551.4129322527 -1.0445570820975008 15.454469500073255 4.219235042624809
-3115700.883426041 -5365447.487928312 -1476547.1884828308 -1.043382862007533 15.438753239785648 4.230132991205939
-3115701.924444752 -5365432.058284021 -1476542.952095793 -1.0381527599357243 15.420182646463479 4.242868026776248
-3115702.9591212375 -5365416.647989005 -1476538.702471756 -1.0309571112231881 15.400238232742678 4.25648931466119
-3115703.9860640694 -5365401.258010834 -1476534.4389856397 -1.0228110917901485 15.379637914859003 4.2705350291744875
-3115705.0046015834 -5365385.888808519 -1476530.1613398166 -1.014207456802448 15.358729622148516 4.28478098349583
-3115706.0144113763 -5365370.540594636 -1476525.8693955676 -1.0053852273820636 15.33768192213535 4.29911842377915
-3115707.015340406 -5365355.213462389 -1476521.563091233 -0.9964602668298934 15.316576458852687 4.313494631880411
-3115708.0073177 -5365339.907447169 -1476517.2424024947 -0.9874886997748875 15.295452760536001 4.327884073266824
-3115708.9903120277 -5365324.622556384 -1476512.907323112 -0.9784976929093546 15.274329955212938 4.342274391896764
-3115709.964311386 -5365309.358783906 -1476508.5578555893 -0.9695003844454896 15.253217292773266 4.356659616618178
-3115710.9293130664 -5365294.116117063 -1476504.194006651 -0.9605031206329215 15.232119241868983 4.3710368678666365
-3115711.8853188464 -5365278.894540021 -1476499.815785055 -0.9515089612568013 15.211037957954666 4.385404762169058
-3115712.8323326646 -5365263.694035425 -1476495.4232005328 -0.9425193767674702 15.189974477866706 4.399762639632728
-3115713.7703594943 -5365248.51458519 -1476491.0162632782 -0.9335350694502812 15.16892929775534 4.414110190121785
-3115714.699404801 -5365233.356170883 -1476486.5949836988 -0.9245563705338019 15.147902652541338 4.428447272463806
-3115715.6194742806 -5365218.218773906 -1476482.1593722978 -0.9155834321198695 15.126894650981551 4.442773827059904
-3115716.5305737313 -5365203.10237559 -1476477.7094396155 -0.906616319897219 15.105905340912 4.457089833666077
-3115717.4327089945 -5365188.00695723 -1476473.2451962018 -0.8976550579028304 15.084934740747059 4.47139529100848
-3115718.325885923 -5365172.932500114 -1476468.7666526027 -0.888699650119833 15.063982854677224 4.485690206947467
-3115719.210110369 -5365157.878985529 -1476464.2738193534 -0.8797500908952219 15.04304968000336 4.499974593730691
-3115720.0853881766 -5365142.846394766 -1476459.7667069763 -0.8708063699598475 15.022135210667084 4.514248465707485
-3115720.951725178 -5365127.834709125 -1476455.2453259781 -0.8618684748471781 15.001239438953442 4.5285118382268035
-3115721.809127192 -5365112.843909909 -1476450.709686851 -0.8529363920585518 14.980362356315302 4.54276472710464
-3115722.657600024 -5365097.873978436 -1476446.1598000703 -0.8440101076224784 14.959503953758913 4.557007148372199
-3115723.4971494647 -5365082.924896031 -1476441.5956760957 -0.8350896073648114 14.938664222043222 4.571239118149807
-3115724.327781292 -5365067.996644026 -1476437.0173253706 -0.8261748770388833 14.917843151767107 4.585460652588395
-3115725.1495012683 -5365053.089203766 -1476432.424758322 -0.8172659023864609 14.897040733412174 4.5996717678426755
-3115725.962315142 -5365038.202556603 -1476427.8179853617 -0.8083626691691762 14.87625695736865 4.613872480054679
-3115726.7662286484 -5365023.336683899 -1476423.1970168839 -0.7994651631811678 14.855491813939881 4.628062805350409
-3115727.561247507 -5365008.491567028 -1476418.5618632678 -0.7905733702569773 14.834745293351999 4.642242759834396
-3115728.3473774237 -5364993.66718737 -1476413.912534876 -0.7816872762750082 14.814017385754058 4.656412359588632
-3115729.1246240903 -5364978.863526318 -1476409.2490420556 -0.772806867157636 14.793308081220458 4.670571620672921
-3115729.892993185 -5364964.080565275 -1476404.5713951369 -0.7639321288739155 14.77261736975191 4.684720559122509
-3115730.6524903714 -5364949.3182856515 -1476399.8796044344 -0.7550630474387456 14.751945241275923 4.698859190949056
-3115731.403121299 -5364934.57666887 -1476395.173680247 -0.7461996089130202 14.73129168564667 4.712987532140592
-3115732.144891605 -5364919.855696362 -1476390.4536328572 -0.7373417994038051 14.710656692644768 4.7271055986615
-3115732.87780691 -5364905.155349572 -1476385.7194725317 -0.7284896050642751 14.690040251978449 4.7412134064522675
-3115733.6018728227 -5364890.475609951 -1476380.9712095214 -0.719643012094525 14.669442353286236 4.755310971427996
-3115734.3170949384 -5364875.816458963 -1476376.2088540613 -0.7108020067398996 14.64886298613113 4.769398309481606
-3115735.023478837 -5364861.177878081 -1476371.4324163704 -0.7019665752925923 14.628302140007746 4.783475436480328
-3115735.7210300863 -5364846.55984879 -1476366.6419066517 -0.6931367040902683 14.607759804337965 4.797542368268231
-3115736.409754239 -5364831.962352585 -1476361.8373350922 -0.6843123795172766 14.587235968473768 4.811599120664299
-3115737.0896568354 -5364817.385370971 -1476357.0187118638 -0.6754935880033147 14.566730621693875 4.825645709464598
-3115737.7607434015 -5364802.828885463 -1476352.1860471219 -0.6666803160242208 14.546243753209737 4.839682150439906
-3115738.42301945 -5364788.29287759 -1476347.3393510066 -0.657872550101674 14.525775352160347 4.853708459337394
-3115739.0764904805 -5364773.777328891 -1476342.478633642 -0.6490702768033529 14.5053254076181 4.867724651878879
-3115739.721161979 -5364759.282220913 -1476337.6039051367 -0.6402734827426857 14.484893908583876 4.881730743762418
-3115740.3570394176 -5364744.807535217 -1476332.7151755837 -0.6314821545789501 14.46448084398979 4.895726750661464
-3115740.9841282563 -5364730.353253375 -1476327.81245506 -0.622696279016953 14.44408620270015 4.909712688224862
-3115741.6024339404 -5364715.919356966 -1476322.895753627 0.27208653961644513 13.6647595944613 4.572926547859443
-3115739.529531092 -5364703.363920902 -1476318.8812107674 3.4813315169916708 12.055002197876746 3.7014758028799357
-3115735.196991214 -5364691.673279389 -1476315.38976572 4.989344315393831 11.44605743140026 3.3417042722129304
-3115729.8034490678 -5364680.389921967 -1476312.1443041435 5.698607959623954 11.157152641394816 3.171681646775261
-3115723.9165010336 -5364669.3142909035 -1476309.0193822514 6.027645349605234 11.01008207135176 3.0884281704404652
-3115717.8022785047 -5364658.346671718 -1476305.954124749 6.178542625278935 10.933214902831338 3.0470827683798047
-3115711.584610765 -5364647.436362161 -1476302.9187624005 6.246473200046903 10.891533940844484 3.0260903114815445
-3115705.321102974 -5364636.558003572 -1476299.8988524398 6.2757535210133435 10.867261119385521 3.014919949073011
-3115699.0386162805 -5364625.69914906 -1476296.8874518871 6.286990860776142 10.851472261235578 3.008454368600006
-3115692.7497063284 -5364614.853776314 -1476293.881247146 6.289788719740926 10.839770577803158 3.004229083418954
-3115686.46025157 -5364604.018998922 -1476290.878664566 6.2888508483502905 10.83039602431645 3.001169639829992
